mention_id,year,person_id,person_label,person_printed,rank,honorific,company_id,company_label,company_printed,role,order,city,capital_currency,capital_amount,source_edition,source_page
0,1932,P00001,Abdel Hadi Mohamed,Abdel Hadi Mohamed Bey,bey,,C00010,Administration des Contributions Directes,Administration des Contributions Directes,manager,0,,,,3,527
1,1932,P00001,Abdel Hadi Mohamed,Abdel Hadi Mohamed Bey,bey,,C00035,Banque de Crédit Agricole,Banque de Crédit Agricole,director,0,,,,3,527
2,1932,P00002,Badaoui,S.E. Abdel Hamid Badaoui Pacha,pasha,s.e.,C00036,Banque du Crédit Agricole d'Egypte,Banque de Crédit Agricole d'Egypte,director,0,,,,3,527
3,1932,P00003,Abaza,Abdel Hamid Bey Abaza,,,C00224,The United Egyptian Nile Transport Co,The United Egyptian Nile Transport Co,director,0,,,,3,527
4,1932,P00004,Abdy Richard,Abdy Richard,,,C00096,Land Bank of Egypt,Land Bank of Egypt,president,0,,,,3,527
5,1932,P00004,Abdy Richard,Abdy Richard,,,C00105,National Insurance Company of Egypt,National Insurance Company of Egypt,president,0,,,,3,527
6,1932,P00004,Abdy Richard,Abdy Richard,,,C00013,Alexandria & Ramleh RaihYay Cy Ltd,Alexandria & Ramleh RaihYay Cy Ltd,vice_president,0,,,,3,527
7,1932,P00004,Abdy Richard,Abdy Richard,,,C00019,Alexandria Water Company,Alexandria Water Company,director,0,,,,3,527
8,1932,P00005,Adda Abram,Adda Abram Bey,bey,,C00071,Eastern Export Cy,"Eastern Export Cy., S. A",president,0,,,,3,527
9,1932,P00005,Adda Abram,Adda Abram Bey,bey,,C00175,Société Générale de Pressage cl de Dépôts,Société Générale des Pressages et Dépôts,director,0,,,,3,527
10,1932,P00006,Adda César V,Adda César V,,,C00145,Société Anonyme des Immeubles de l'Est,Société Anonyme des Immeubles de l'Est,managing_director,0,,,,3,527
11,1932,P00006,Adda César V,Adda César V,,,C00071,Eastern Export Cy,Eastern Export Cy,managing_director,0,,,,3,527
12,1932,P00007,Adda Fernand C.A,Adda Fernand C,,,C00145,Société Anonyme des Immeubles de l'Est,Société Anonyme des Immeubles de l'Est,managing_director,0,,,,3,527
13,1932,P00007,Adda Fernand C.A,Adda Fernand C,,,C00071,Eastern Export Cy,"Eastern Export Cy., S. A",managing_director,0,,,,3,527
14,1932,P00008,Adda Joseph A,Adda A. Joseph,,,C00126,S. A. des Immeubles de l'Est,S. A. des Immeubles de l'Est,director,0,,,,3,527
15,1932,P00008,Adda Joseph A,Adda A. Joseph,,,C00128,S.A. du Béhéra,S. A. du Béhéra,director,0,,,,3,527
16,1932,P00008,Adda Joseph A,Adda A. Joseph,,,C00038,The Building Lands,The Building Lands,director,0,,,,3,527
17,1932,P00008,Adda Joseph A,Adda A. Joseph,,,C00086,The Gharbieh Land Co,Gharbieh Land Cy,director,0,,,,3,527
18,1932,P00008,Adda Joseph A,Adda A. Joseph,,,C00094,Koubbeh Gardens,Koubbeh Gardens,director,0,,,,3,527
19,1932,P00008,Adda Joseph A,Adda A. Joseph,,,C00070,Easlern Export Cy. S. A,Easlern Export Cy. S. A,managing_director,0,,,,3,527
20,1932,P00008,Adda Joseph A,Adda A. Joseph,,,C00145,Société Anonyme des Immeubles de l'Est,Société Anonyme des Immeubles de l'Est,managing_director,0,,,,3,527
21,1932,P00008,Adda Joseph A,Adda A. Joseph,,,C00135,Société Anonyme Agricole et Industrielle d'Egyptc,Société Anonyme Agricole et Industrielle d'Egyptc,director,0,,,,3,527
22,1932,P00009,Adly Yeghen,S.E. Adly Yeghen Pacha,pasha,s.e.,C00056,Société Anonyme des Eaux du Caire,Société Anonyme des Eaux du Caire,president,0,,,,3,527
23,1932,P00009,Adly Yeghen,S.E. Adly Yeghen Pacha,pasha,s.e.,C00236,cl' Administration de The Cairo Electric Rail ways & Helio polis Oases Cy,cl' Administration de The Cairo Electric Rail ways & Helio polis Oases Cy,council_member,0,,,,3,527
24,1932,P00010,Aghion Max César,Aghion César,,,C00008,'Administration des Tramways d'Alexandrie et Présiclen t de la Société Franco-Egyptienne d'Importation 1(S. A. E.),'Administration des Tramways d'Alexandrie et Présiclen t de la Société Franco-Egyptienne d'Importation 1(S. A. E.),council_member,0,,,,3,527
25,1932,P00011,Aghion Gustave,Aghion Gustave,,,C00016,Alexandria Insurance Co,The Alexandria Insurance Cy,director,0,,,,3,528
26,1932,P00012,Aghion Is. Jacques,Aghion Is. Jacques,,,C00046,Chemins de Fer Keneh-Assouan,Chemins de Fer Keneh-Assouan,director,0,,,,3,528
27,1932,P00012,Aghion Is. Jacques,Aghion Is. Jacques,,,C00156,Société Egyptienne d'Entreprises Urbaines et Rurales,Société Egyptienne d'Entreprises Urbaines et Rurales,director,0,,,,3,528
28,1932,P00013,Aghion Maurice,Aghion Maurice,,,C00230,Tramwaysd'Alexandrie. Aghion Max,Tramwaysd'Alexandrie. Aghion Max,director,0,,,,3,528
29,1932,P00013,Aghion Maurice,Aghion Maurice,,,C00170,Société Franco-Egyptienne d'Importation,Société Franco-Egyptienned'Importation,managing_director,0,,,,3,528
30,1932,P00014,Ahmed Midhat Yeghen,S.E. Ahmed Midhat Yeghen Pacha,pasha,s.e.,C00248,tian de la Banque )1isr,tian de la Banque )1isr,president,0,,,,3,528
31,1932,P00014,Ahmed Midhat Yeghen,S.E. Ahmed Midhat Yeghen Pacha,pasha,s.e.,C00168,Société Foncière d'Egypte,Société Foncière d'Egypte,vice_president,0,,,,3,528
32,1932,P00015,Abboud,S.E. Ahmed Pacha Abboud,,s.e.,C00184,Société des Automobiles,Société des Automobiles,president,0,,,,3,528
33,1932,P00015,Abboud,S.E. Ahmed Pacha Abboud,,s.e.,C00109,Omnibus du Caire,Omnibus du Caire,president,0,,,,3,528
34,1932,P00015,Abboud,S.E. Ahmed Pacha Abboud,,s.e.,C00228,Tilbury Contracting &,Tilbury Contracting &,president,0,,,,3,528
35,1932,P00016,Egypt,Dredging Co Egypt,,,C00049,Clothing & Equipment Company S. A,Clothing & Equipment Company S. A,president,0,,,,3,528
36,1932,P00016,Egypt,Dredging Co Egypt,,,C00106,National Petroleum Cy,National Petroleum Cy,president,0,,,,3,528
37,1932,P00016,Egypt,Dredging Co Egypt,,,C00161,Société Egyptienne de Pétrole (S.E. P.),Société Egyptienne de Pétrole (S.E. P.),vice_president,0,,,,3,528
38,1932,P00017,Ahmed Pacha Abdel Wahab,S.E. Ahmed Pacha Abdel Wahab,,s.e.,C00036,Banque du Crédit Agricole d'Egypte,Banque de Crédit Agricole d'Egypte,director,0,,,,3,528
39,1932,P00018,Alby Albert,Alby Albert,,,C00129,"S.A. de Nettoyage et Pressage de Coton, S.A.E",S. A. du Nettoyage et Pressage du Coton,director,0,,,,3,528
40,1932,P00019,Allam Mohamed,S.E. Allam Mohamed Pacha,pasha,s.e.,C00036,Banque du Crédit Agricole d'Egypte,Banque de Crédit Agricole d'Egypte,director,0,,,,3,528
41,1932,P00020,Aly Bey Emine Yehia,Aly Bey Emine Yehia,,,C00214,The Egyptian Produce Trading Cy. S. A. E,The Egyptian Produce Trading Cy. S. A. E,delegate,0,,,,3,528
42,1932,P00021,Alexandria Pressing Cy,Alexandria Pressing Cy,,,C00156,Société Egyptienne d'Entreprises Urbaines et Rurales,Société Egyptienne d'Entreprises Urbaines et Rurales,vice_president,0,,,,3,528
43,1932,P00021,Alexandria Pressing Cy,Alexandria Pressing Cy,,,C00156,Société Egyptienne d'Entreprises Urbaines et Rurales,Société Egyptienne d'Entreprises Urbaines et Rurales,president,0,,,,3,528
44,1932,P00022,Arcache Antoine,Arcache Antoine Bey,bey,,C00017,Alexandria Pressing Co,Alexandria Pressing,director,0,,,,3,528
45,1932,P00023,Arcoudaris P,Arcoudaris P,,,C00085,Gabbary Land,Gabbary Land,managing_director,0,,,,3,528
46,1932,P00023,Arcoudaris P,Arcoudaris P,,,C00198,The Building Lands (en liquidation),The Building Lands (en liquidation),delegate,0,,,,3,528
47,1932,P00024,Bacos Lebnan,Bacos Lebnan,,,C00231,Union Foncière d'Egypte,Union Foncière d'Egypte,director,0,,,,3,529
48,1932,P00025,Baehler Charles Commandeur Medjidié,Baehler Charles Commandeur Medjidié,,,C00213,Egyptian Hotels,The Egyptian Hotels Ltd,president,0,,,,3,529
49,1932,P00025,Baehler Charles Commandeur Medjidié,Baehler Charles Commandeur Medjidié,,,C00213,Egyptian Hotels,The Egyptian Hotels Ltd,managing_director,0,,,,3,529
50,1932,P00025,Baehler Charles Commandeur Medjidié,Baehler Charles Commandeur Medjidié,,,C00120,S. A. Les Grands Hôtelscl'Egyptc,S. A. Les Grands Hôtelscl'Egyptc,managing_director,0,,,,3,529
51,1932,P00025,Baehler Charles Commandeur Medjidié,Baehler Charles Commandeur Medjidié,,,C00110,Palestine Hotels Co. Ltd,Palestine Hotels Co. Ltd,managing_director,0,,,,3,529
52,1932,P00025,Baehler Charles Commandeur Medjidié,Baehler Charles Commandeur Medjidié,,,C00002,'Administration de The Electric Light & Power Supply Cy,'Administration de The Electric Light & Power Supply Cy,president,0,,,,3,529
53,1932,P00025,Baehler Charles Commandeur Medjidié,Baehler Charles Commandeur Medjidié,,,C00225,The Upper Egypt Hotcls Cy,The Upper Egypt Hotcls Cy,president,0,,,,3,529
54,1932,P00025,Baehler Charles Commandeur Medjidié,Baehler Charles Commandeur Medjidié,,,C00225,The Upper Egypt Hotcls Cy,The Upper Egypt Hotcls Cy,managing_director,0,,,,3,529
55,1932,P00025,Baehler Charles Commandeur Medjidié,Baehler Charles Commandeur Medjidié,,,C00118,S.E. de Ciment Portland Tourah,"S. A. Ciment Portland, Tourab",manager,0,,,,3,529
56,1932,P00025,Baehler Charles Commandeur Medjidié,Baehler Charles Commandeur Medjidié,,,C00118,S.E. de Ciment Portland Tourah,"S. A. Ciment Portland, Tourab",director,0,,,,3,529
57,1932,P00026,Banoun Alfred,Banoun Alfred,,,C00177,"Société Immobilière elu Domaine de Siouf. Baron Louis de Benoist d'Erquennes, Agent Supérieur de la Compagnf<> Universelle du Canal Maritime de Suez","Société Immobilière elu Domaine de Siouf. Baron Louis de Benoist d'Erquennes, Agent Supérieur de la Compagnf<> Universelle du Canal Maritime de Suez",director,0,,,,3,529
58,1932,P00027,Barker Henry Kniglll Bachelor,Sir Barker Henry Kniglll Bachelor,,sir,C00108,New Egyptian Co,The New Egyptian Cy,president,0,,,,3,529
59,1932,P00027,Barker Henry Kniglll Bachelor,Sir Barker Henry Kniglll Bachelor,,sir,C00152,Société Belgo-Egyptienne de l'Ezbékieh,Société Belgo-Egyplienne de l'Ezbékieh,president,0,,,,3,529
60,1932,P00027,Barker Henry Kniglll Bachelor,Sir Barker Henry Kniglll Bachelor,,sir,C00020,The Alexandria vVater Co. Ltd,The Alexandria 'Vater Cy,director,0,,,,3,529
61,1932,P00027,Barker Henry Kniglll Bachelor,Sir Barker Henry Kniglll Bachelor,,sir,C00081,Filature Nationale d'Egypte,Filature Nationale d'Egypte,director,0,,,,3,529
62,1932,P00027,Barker Henry Kniglll Bachelor,Sir Barker Henry Kniglll Bachelor,,sir,C00102,National Bank of Egypt,The National Bank of Egypt,director,0,,,,3,529
63,1932,P00027,Barker Henry Kniglll Bachelor,Sir Barker Henry Kniglll Bachelor,,sir,C00103,National Insurance Co,National Insurance Cy,director,0,,,,3,529
64,1932,P00027,Barker Henry Kniglll Bachelor,Sir Barker Henry Kniglll Bachelor,,sir,C00162,Société Egyptienne de la Bourse Commerciale de Minet El Bassal,Société Egyptienne de la Bourse Commerciale de Minet El Bassal,director,0,,,,3,529
65,1932,P00028,Biagi Dr. Enrico,Biagi Dr. Enrico,,,C00028,Banco Italo-Egiziano,Banco Ilalo-Egiziano,general_manager,0,,,,3,529
66,1932,P00028,Biagi Dr. Enrico,Biagi Dr. Enrico,,,C00100,"National Bank of Egypl, The Agr.icultural Bank of Egypt el elu Crédil Foncier Egyptien","National Bank of Egypl, The Agr.icultural Bank of Egypt el elu Crédil Foncier Egyptien",director,0,,,,3,529
67,1932,P00029,Blattner C. D. Henry,Blattner C. D. Henry,,,C00242,inistraleur-Directcnr en Egypte de The Sinaï Mining Cy,inistraleur-Directcnr en Egypte de The Sinaï Mining Cy,director,0,,,,3,529
68,1932,P00030,Boulad Khalil,Boulad Khalil,,,C00205,The Delta Land & Investment Cy,The Delta Land & Investment Cy,member,0,,,,3,529
69,1932,P00031,Bourre Edouard,Bourre Edouard,,,C00096,Land Bank of Egypt,Land Bank of Egypt,managing_director,0,,,,3,529
70,1932,P00031,Bourre Edouard,Bourre Edouard,,,C00104,National Insurance Co. of Egypt,National Insurance Cy of Egypt,vice_president,0,,,,3,529
71,1932,P00031,Bourre Edouard,Bourre Edouard,,,C00128,S.A. du Béhéra,S. A. du Béhéra,director,0,,,,3,529
72,1932,P00032,Boyé Jean André,Boyé Jean André,,,C00072,Ecole Française de Droit du Caire,Ecole Française de Droit du Caire,manager,0,,,,3,530
73,1932,P00032,Boyé Jean André,Boyé Jean André,,,C00183,Société d'Economie Politique,Société d'Economie Politique,council_member,0,,,,3,530
74,1932,P00032,Boyé Jean André,Boyé Jean André,,,C00181,Société Royale de Papyrologie d'Egypte,Société Royale de Papyrologied'Egypte,council_member,0,,,,3,530
75,1932,P00032,Boyé Jean André,Boyé Jean André,,,C00012,"« Al-Chark » (L'Orient), Société Anonyme Egyptienne cl' Assurances sur la Vie","« Al Chark » (L'Orient), Société Anonyme Egyptienne d'Assurance sur la Vie",director,0,,,,3,530
76,1932,P00033,Brereton H. K,Brereton H. K,,,C00064,Crédit Agricole d'Egypte,Crédit Agricole d'Egypte,manager,0,,,,3,530
77,1932,P00033,Brereton H. K,Brereton H. K,,,C00064,Crédit Agricole d'Egypte,Crédit Agricole d'Egypte,director,0,,,,3,530
78,1932,P00034,Campos A,Campos A,,,C00117,S. A. Agricole et Industrielle d'Egypte,S. A. Agricole et Industrielle d'Egypte,president,0,,,,3,530
79,1932,P00035,Campos Benvenuto,Campos Benvenuto,,,C00173,Société Générale d'Electricité,Société Générale d'Electricité,managing_director,0,,,,3,530
80,1932,P00035,Campos Benvenuto,Campos Benvenuto,,,C00099,Mécanique,Mécanique,managing_director,0,,,,3,530
81,1932,P00036,Campos Giuseppe,Campos Giuseppe,,,C00173,Société Générale d'Electricité,Société Générale d'Electricité,director,0,,,,3,530
82,1932,P00036,Campos Giuseppe,Campos Giuseppe,,,C00099,Mécanique,Mécanique,director,0,,,,3,530
83,1932,P00037,Cantoni Charles,Cantoni Charles,,,C00061,Crown Brewery,Crown Brewery,president,0,,,,3,530
84,1932,P00038,Carver H. B,Carver H. B,,,C00043,Car ver Br os & Co Ltd,Car ver Br os & Co Ltd,director,0,,,,3,530
85,1932,P00038,Carver H. B,Carver H. B,,,C00027,"The Associated Cotton Gin· ners of Egypt, Ltd","The Associated Cotton Ginners of Egypt, Ltd",director,0,,,,3,530
86,1932,P00038,Carver H. B,Carver H. B,,,C00175,Société Générale de Pressage cl de Dépôts,Société Générale de Pressage et Dépôts,director,0,,,,3,530
87,1932,P00039,Cattaui Aslan,Cattaui Bey Aslan J,,,C00078,The Egyptian Salt & Soda Cy. Ltd,The Egyptian Salt & Soda,director,0,,,,3,530
88,1932,P00040,Cattaui Edgard de,Cattaui Edgard de,,,C00150,Société Anonyme du Chemin de Fer Ken eh-Assouan,Société Anonyme du Chemin de Fer Ken eh-Assouan,managing_director,0,,,,3,530
89,1932,P00040,Cattaui Edgard de,Cattaui Edgard de,,,C00246,suivantes Sociétés,suivantes Sociétés,director,0,,,,3,530
90,1932,P00041,Cattaui Elie J,Cattaui Elie J,,,C00173,Société Générale d'Electricité,Société Générale d'Electricité,president,0,,,,3,530
91,1932,P00041,Cattaui Elie J,Cattaui Elie J,,,C00099,Mécanique,Mécanique,president,0,,,,3,530
92,1932,P00042,Cattaui E:mile,Cattaui Emile,,,C00093,Kafr El Zay at Cotton Cy,Kafr El Zay at Cotton Cy,director,0,,,,3,530
93,1932,P00043,Cattaui Joseph A.,S.E. Cattaui Pacha Joseph A,,s.e.,C00121,S. A. du Wadi Kom Ombo,S. A. Wadi Kom Ombo,president,0,,,,3,530
94,1932,P00043,Cattaui Joseph A.,S.E. Cattaui Pacha Joseph A,,s.e.,C00054,Compagnie Frigorifique d'Egypte,Compagnie Frigorifique d'Egypte,president,0,,,,3,530
95,1932,P00043,Cattaui Joseph A.,S.E. Cattaui Pacha Joseph A,,s.e.,C00187,Société des Halles Centrales,Société des Halles Centrales,president,0,,,,3,530
96,1932,P00043,Cattaui Joseph A.,S.E. Cattaui Pacha Joseph A,,s.e.,C00168,Société Foncière d'Egypte,Société Foncière d'Egypte,president,0,,,,3,530
97,1932,P00043,Cattaui Joseph A.,S.E. Cattaui Pacha Joseph A,,s.e.,C00062,Crown Egypt Co,Crown Egypt Co,president,0,,,,3,530
98,1932,P00043,Cattaui Joseph A.,S.E. Cattaui Pacha Joseph A,,s.e.,C00174,Société Générale d'Irrigation,Société Générale d'Irrigation,vice_president,0,,,,3,530
99,1932,P00043,Cattaui Joseph A.,S.E. Cattaui Pacha Joseph A,,s.e.,C00167,Société Foncière du,Société Foncière,managing_director,0,,,,3,530
100,1932,P00044,Cattaui René,Cattaui René Bey,bey,,C00121,S. A. du Wadi Kom Ombo,S. A. du Wadi Kom Ombo,general_manager,0,,,,3,531
101,1932,P00044,Cattaui René,Cattaui René Bey,bey,,C00051,Commercial Bank of Egypt,Commercial Bank of Egypt,director,0,,,,3,531
102,1932,P00045,Chafik Pacha Mohamed,S.E. Chafik Pacha Mohamed,,s.e.,C00190,Technique de la Société Générale d'Irrigation,Technique de la Société Générale d'Irrigation,adviser,0,,,,3,531
103,1932,P00045,Chafik Pacha Mohamed,S.E. Chafik Pacha Mohamed,,s.e.,C00029,Banco Ilalo-Egiziano ct de The Electric Light & Power Supply,Banco Ilalo-Egiziano ct de The Electric Light & Power Supply,director,0,,,,3,531
104,1932,P00046,Constantin Jean Choremi Assocjé de la Y.Iaison Choremi,Constantin Jean Choremi Assocjé de la Y.Iaison Choremi,,,C00022,Alexandrin Exchange Co,Alexandrin Exchange Co,president,0,,,,3,531
105,1932,P00046,Constantin Jean Choremi Assocjé de la Y.Iaison Choremi,Constantin Jean Choremi Assocjé de la Y.Iaison Choremi,,,C00027,"The Associated Cotton Gin· ners of Egypt, Ltd","Associated Cotton Gin ners of Egypt, Ltd",president,0,,,,3,531
106,1932,P00046,Constantin Jean Choremi Assocjé de la Y.Iaison Choremi,Constantin Jean Choremi Assocjé de la Y.Iaison Choremi,,,C00021,Alexandrie & Ramleh Rail ways Cy. Ltd,Alexandrie & Ramleh Rail ways Cy. Ltd,director,0,,,,3,531
107,1932,P00047,Choucry Mahmoud Pacha Ancien :\Iinistrc,S.E. Choucry Mahmoud Pacha Ancien :\Iinistrc,,s.e.,C00036,Banque du Crédit Agricole d'Egypte,Banque de Crédit Agricole d'Egyple,president,0,,,,3,531
108,1932,P00047,Choucry Mahmoud Pacha Ancien :\Iinistrc,S.E. Choucry Mahmoud Pacha Ancien :\Iinistrc,,s.e.,C00036,Banque du Crédit Agricole d'Egypte,Banque de Crédit Agricole d'Egyple,managing_director,0,,,,3,531
109,1932,P00047,Choucry Mahmoud Pacha Ancien :\Iinistrc,S.E. Choucry Mahmoud Pacha Ancien :\Iinistrc,,s.e.,C00031,Banque Hypothécaire,Banque Hypothécaire,president,0,,,,3,531
110,1932,P00047,Choucry Mahmoud Pacha Ancien :\Iinistrc,S.E. Choucry Mahmoud Pacha Ancien :\Iinistrc,,s.e.,C00031,Banque Hypothécaire,Banque Hypothécaire,managing_director,0,,,,3,531
111,1932,P00047,Choucry Mahmoud Pacha Ancien :\Iinistrc,S.E. Choucry Mahmoud Pacha Ancien :\Iinistrc,,s.e.,C00030,Banque Belge et Internationale en Egypte,Banque Belge et In ternationale en Egypte,committee_member,0,,,,3,531
112,1932,P00047,Choucry Mahmoud Pacha Ancien :\Iinistrc,S.E. Choucry Mahmoud Pacha Ancien :\Iinistrc,,s.e.,C00048,Cie d'Assurances << Al Chark )),Cie d'Assurances << Al Chark )),committee_member,0,,,,3,531
113,1932,P00048,Christomanos A. Max,Christomanos A. Max,,,C00252,üsociation dll Commerced'lm.portation,üsociation dll Commerced'lm.portation,vice_president,0,,,,3,531
114,1932,P00048,Christomanos A. Max,Christomanos A. Max,,,C00034,Banque d'Athènes à Alexandrie,Banque d'Athènes à Alexandrie,manager,0,,,,3,531
115,1932,P00048,Christomanos A. Max,Christomanos A. Max,,,C00204,The Crownegypt Co,The Crownegypt Co,member,0,,,,3,531
116,1932,P00048,Christomanos A. Max,Christomanos A. Max,,,C00216,Gabbari Land Co,The Gabbari Land Cy,member,0,,,,3,531
117,1932,P00048,Christomanos A. Max,Christomanos A. Max,,,C00136,Société Anonyme Immobilière d'Alexandrie,Société Anonyme Immobilière d'Alexandrie,member,0,,,,3,531
118,1932,P00049,Cicurel David,Cicurel David,,,C00017,Alexandria Pressing Co,Alexandria Pressing,director,0,,,,3,531
119,1932,P00050,Cicurel Joseph,Cicurel Joseph,,,C00032,Banque Misr,Banque Misr,director,0,,,,3,531
120,1932,P00051,Cohen Alfred N,Cohen N. Alfred,,,C00182,Société d'Avances Commerciales,Société d'Avances Commerciales,president,0,,,,3,531
121,1932,P00051,Cohen Alfred N,Cohen N. Alfred,,,C00182,Société d'Avances Commerciales,Société d'Avances Commerciales,managing_director,0,,,,3,531
122,1932,P00051,Cohen Alfred N,Cohen N. Alfred,,,C00208,The Egypt and Sudan Export Co,The Egypt and Sudan Export Co,president,0,,,,3,531
123,1932,P00051,Cohen Alfred N,Cohen N. Alfred,,,C00208,The Egypt and Sudan Export Co,The Egypt and Sudan Export Co,managing_director,0,,,,3,531
124,1932,P00052,Edward Cook C.S.I,Sir Edward Cook C.S.I,,sir,C00011,The Agricultural Bank of Egypt,Agricultural Bank of Egypt,president,0,,,,3,531
125,1932,P00053,Cook John Lt.-Col. A. Gt. D.S.O,Cook John Lt.-Col. A. Gt. D.S.O,,,C00076,Egyptian Markets,Egyptian Markets,president,0,,,,3,531
126,1932,P00054,G. Corsi,G. Corsi,,,C00227,The nited Egyptian Nile Transport Co,The nited Egyptian Nile Transport Co,president,0,,,,3,532
127,1932,P00055,Diacono Robert M.B.E,Diacono Robert M.B.E,,,C00195,The Anglo-Ame- rican Nile & Tourist Co,The Anglo-Ame- rican Nile & Tourist Co,managing_director,0,,,,3,532
128,1932,P00056,Emine Yehia,S.E. Emine Yehia Pacha,pasha,s.e.,C00214,The Egyptian Produce Trading Cy. S. A. E,The Egyptian Produce Trading Cy,president,0,,,,3,532
129,1932,P00056,Emine Yehia,S.E. Emine Yehia Pacha,pasha,s.e.,C00030,Banque Belge et Internationale en Egypte,Banque Belge et Internationale en Egypte,vice_president,0,,,,3,532
130,1932,P00056,Emine Yehia,S.E. Emine Yehia Pacha,pasha,s.e.,C00078,The Egyptian Salt & Soda Cy. Ltd,The Egyptian Salt & Soda,president,0,,,,3,532
131,1932,P00056,Emine Yehia,S.E. Emine Yehia Pacha,pasha,s.e.,C00006,'Administration de la Société Anonyme du Béhéra,'Administration de la Société Anonyme du Béhéra,council_member,0,,,,3,532
132,1932,P00056,Emine Yehia,S.E. Emine Yehia Pacha,pasha,s.e.,C00075,Egyptian Joint Cotton Committee,Egyptian Joint Cotton Committee,vice_president,0,,,,3,532
133,1932,P00056,Emine Yehia,S.E. Emine Yehia Pacha,pasha,s.e.,C00082,Fédération Egyptienne des Industries en E~gypte,Fédération Egyptienne des Industries en E~gypte,vice_president,0,,,,3,532
134,1932,P00057,Empain François,Baron Empain François,,baron,C00042,Cairo-Heliopolis,Cairo-Heliopolis,director,0,,,,3,532
135,1932,P00057,Empain François,Baron Empain François,,baron,C00042,Cairo-Heliopolis,Cairo-Heliopolis,president,0,,,,3,532
136,1932,P00057,Empain François,Baron Empain François,,baron,C00030,Banque Belge et Internationale en Egypte,Banque Belge et Internationale en Egypte,director,0,,,,3,532
137,1932,P00057,Empain François,Baron Empain François,,baron,C00229,"Tramways du Caire, ainsi que de nombreuses autres Sociétés Belges et Etrangères","Tramways du Caire, ainsi que de nombreuses autres Sociétés Belges et Etrangères",director,0,,,,3,532
138,1932,P00058,Fakhry Mahmoud,S.E. Fakhry Pacha Mahmoud,,s.e.,C00200,The Cairo Electric Railways and Heliopolis Oases Co,The Cairo Electric Rallways & Heliopolis Oases Cy,director,0,,,,3,533
139,1932,P00059,Fenderl Hugo,Fenderl Hugo,,,C00113,Presses Libres Egyptiennes,Presses Libres Egypliennes,director,0,,,,3,533
140,1932,P00059,Fenderl Hugo,Fenderl Hugo,,,C00162,Société Egyptienne de la Bourse Commerciale de Minet El Bassal,Société Egyptienne de la Bourse Commerciale de Minet El Bassa!,director,0,,,,3,533
141,1932,P00060,Finney Harold E,Finney Harold,,,C00127,S.A. des Presses Libres Egyptiennes,S. A. des Presses Libres Egyptiennes,director,0,,,,3,533
142,1932,P00061,Finney Oswald J,Finney Oswald J,,,C00238,del'Alexandria Commercial Co,del'Alexandria Commercial Co,president,0,,,,3,533
143,1932,P00061,Finney Oswald J,Finney Oswald J,,,C00127,S.A. des Presses Libres Egyptiennes,S. A. des Presses Libres Egyptiennes,president,0,,,,3,533
144,1932,P00061,Finney Oswald J,Finney Oswald J,,,C00130,S.A.I. des Terrains Ghizeh et Rodah,S.A.I. des Terrains Ghizeh et Rodah,president,0,,,,3,533
145,1932,P00061,Finney Oswald J,Finney Oswald J,,,C00155,Société Egyptienne d'Egrenage,Société Egyptienne d'Egrenage,president,0,,,,3,533
146,1932,P00061,Finney Oswald J,Finney Oswald J,,,C00080,Entrepôts,Entrepôts,president,0,,,,3,533
147,1932,P00061,Finney Oswald J,Finney Oswald J,,,C00180,Société Orientale de Publicité (S.A.E.),Société Orientale de Publicité (S.A.E.),president,0,,,,3,533
148,1932,P00061,Finney Oswald J,Finney Oswald J,,,C00016,Alexandria Insurance Co,Alexandria Insurance Co. (S.A.E.),vice_president,0,,,,3,533
149,1932,P00061,Finney Oswald J,Finney Oswald J,,,C00149,Société Anonyme du Béhéra,Société Anonyme du Béhéra,director,0,,,,3,533
150,1932,P00061,Finney Oswald J,Finney Oswald J,,,C00081,Filature Nationale d'Egypte,Filature Nationale d'Egypte,director,0,,,,3,533
151,1932,P00061,Finney Oswald J,Finney Oswald J,,,C00159,Société Egyptienne de Ja Bourse Commerciale de ~li net El Bass al,Société Egyptienne de Ja Bourse Commerciale de ~li net El Bass al,director,0,,,,3,533
152,1932,P00062,Fitzgerard Francis C. R. E,Fitzgerard Francis C. R. E,,,C00024,The Anglo-Belgian Co. of Egypt Ltd,Anglo Belgian Co of Egypt et,president,0,,,,3,533
153,1932,P00062,Fitzgerard Francis C. R. E,Fitzgerard Francis C. R. E,,,C00056,Société Anonyme des Eaux du Caire,Eaux du Caire,director,0,,,,3,533
154,1932,P00063,Foster G. C,Foster G. C,,,C00149,Société Anonyme du Béhéra,Société Anonyme du Béhéra,managing_director,0,,,,3,533
155,1932,P00064,Friend Astley P,Friend Astley P,,,C00025,Anglo-American Nile et Tou rist Co,Anglo-American Nile et Tou rist Co,president,0,,,,3,533
156,1932,P00064,Friend Astley P,Friend Astley P,,,C00097,The Menzaleh Canal Navigation Co,Menzaleh Canal Navigation,president,0,,,,3,533
157,1932,P00065,Fumaroli J,Fumaroli J,,,C00089,Gérance Immobilière ct de la Yiodern Buildings,Gérance Immobilière ct de la Yiodern Buildings,president,0,,,,3,533
158,1932,P00065,Fumaroli J,Fumaroli J,,,C00139,Société Anonyme de Nettoyage et Pressage du Coton,Société Anonyme de Nettoyage et Pressage du Coton,director,0,,,,3,533
159,1932,P00065,Fumaroli J,Fumaroli J,,,C00084,The Gabbari Lands,Gabbari Land,director,0,,,,3,533
160,1932,P00066,Galal Fahim,Galal Fahim Bey,bey,,C00036,Banque du Crédit Agricole d'Egypte,Banque de Crédit Agricole d'Egypte,director,0,,,,3,533
161,1932,P00067,Gallini Fahmi,S.E. Gallini Fahmi Pacha,pasha,s.e.,C00036,Banque du Crédit Agricole d'Egypte,Banque de Crédit Agricole d'Egypte,director,0,,,,3,533
162,1932,P00068,GarofaiiO Douca,GarofaiiO Douca,,,C00146,Tramways d'Alexandrie,Société Anonyme des Tramways d'Alexandrie,director,0,,,,3,533
163,1932,P00069,Gasche Linus,Gasche Linus,,,C00081,Filature Nationale d'Egypte,Filature Nationale d'Egypte,managing_director,0,,,,3,534
164,1932,P00070,Gianotti Vittorio,Gianotti Vittorio,,,C00160,Société Egyptienne de Pétrole (S.A.E.),Société Egyptienne de Pétrole (S.A.E.),managing_director,0,,,,3,534
165,1932,P00070,Gianotti Vittorio,Gianotti Vittorio,,,C00106,National Petroleum Cy,National Petroleum Cy,managing_director,0,,,,3,534
166,1932,P00070,Gianotti Vittorio,Gianotti Vittorio,,,C00154,Société Delta (Società Edile Egiziana),Société Delta (Società Edile Egiziana),president,0,,,,3,534
167,1932,P00070,Gianotti Vittorio,Gianotti Vittorio,,,C00178,Société Misr pour l'Exportation du Coton (ex-Lindemann),Société Misr pour l'Exportation du Coton (ex-Lindemann),vice_president,0,,,,3,534
168,1932,P00071,Goar Edwin N. J,Goar Edwin N.J,,,C00001,'Administration de The Alexandria Insurance Company,'Administration de The Alexandria Insurance Company,council_member,0,,,,3,534
169,1932,P00072,Comm. Grassi Carlo,Comm. Grassi Carlo,,,C00004,'Administration de l'Anglo-American Nile & Tourist Cy,'Administration de l'Anglo-American Nile & Tourist Cy,council_member,0,,,,3,534
170,1932,P00073,Grimprel Maurice,Grimprel Maurice,,,C00251,"«La Nationale l>, Compagnie Aunonyme d'Assurances sur la Vie à Paris","«La Nationale l>, Compagnie Aunonyme d'Assurances sur la Vie à Paris",manager,0,,,,3,534
171,1932,P00073,Grimprel Maurice,Grimprel Maurice,,,C00059,Consultatif des Réassurances et Assurances directes au Ministère du Travail,Consultatif des Réassurances et Assurances directes au Ministère du Travail,committee_member,0,,,,3,534
172,1932,P00073,Grimprel Maurice,Grimprel Maurice,,,C00116,Réunion des Compagnies d'Assurances sur la Vie,Réunion des Compagnies d'Assurances sur la Vie,president,0,,,,3,534
173,1932,P00073,Grimprel Maurice,Grimprel Maurice,,,C00247,suppléant de l'Union Syndicale des Compagnies. d'Assurances à primes fixes detoute nature,suppléant de l'Union Syndicale des Compagnies. d'Assurances à primes fixes detoute nature,president,0,,,,3,534
174,1932,P00073,Grimprel Maurice,Grimprel Maurice,,,C00012,"« Al-Chark » (L'Orient), Société Anonyme Egyptienne cl' Assurances sur la Vie",Al Chark (L'Orient) Société Anonyme Egyptienne d'Assurances sur la Vie,director,0,,,,3,534
175,1932,P00074,Hassan Said,S.E. Hassan Said Pacha,pasha,s.e.,C00036,Banque du Crédit Agricole d'Egypte,Banque de Crédit Agricole d'Egypte,manager,0,,,,3,534
176,1932,P00074,Hassan Said,S.E. Hassan Said Pacha,pasha,s.e.,C00036,Banque du Crédit Agricole d'Egypte,Banque de Crédit Agricole d'Egypte,director,0,,,,3,534
177,1932,P00075,Hault,Hault,,,C00142,Société Anonyme des Chemins de Fer de la Basse-Egypte,Société Anonyme des Chemins de Fer de la Basse-Egypte,director,0,,,,3,534
178,1932,P00075,Hault,Hault,,,C00147,!.a Société Anonyme des Tramways du Caire,Société Anonyme des Tramways du Caire,director,0,,,,3,534
179,1932,P00076,Hecht Van Der L,Hecht Van Der L,,,C00147,!.a Société Anonyme des Tramways du Caire,Tramways du Caire,manager,0,,,,3,534
180,1932,P00076,Hecht Van Der L,Hecht Van Der L,,,C00142,Société Anonyme des Chemins de Fer de la Basse-Egypte,Société Anonyme des Chemins de Fer de la Basse-Egypte,director,0,,,,3,534
181,1932,P00077,Henein Sadik,S.E. Henein Sadik Pacha,pasha,s.e.,C00234,Upper Egypt Ratels,Upper Egypt Ratels,director,0,,,,3,534
182,1932,P00078,Nationale>>,Nationale>>,,,C00012,"« Al-Chark » (L'Orient), Société Anonyme Egyptienne cl' Assurances sur la Vie","Al Chark 1(L'Orient), Société Anonyme Egyptienne d'Assurances sur la Vie",director,0,,,,3,535
183,1932,P00079,Home John,Home John,,,C00087,Grands Hôtels d'Egypte,Grands-Hôtelsd'Egyple,president,0,,,,3,535
184,1932,P00079,Home John,Home John,,,C00124,S. A. des Chemins de Fer Keneh-Assouan,S. A. des Chemins de Fer Keneh-Assouan,president,0,,,,3,535
185,1932,P00079,Home John,Home John,,,C00226,The Upper Egypt Hotels,The Upper Egypt Hotels,director,0,,,,3,535
186,1932,P00080,Home F. J,Home F. J,,,C00076,Egyptian Markets,The Egyptian Markets,managing_director,0,,,,3,535
187,1932,P00081,Homsby Bertram,Sir Homsby Bertram,,sir,C00101,"National Bank of Egypt, The Agricultural Bank of Egypt","National Bank of Egypt, The Agricultural Bank of Egypt",director,0,,,,3,535
188,1932,P00081,Homsby Bertram,Sir Homsby Bertram,,sir,C00066,Crédit Foncier Egyptien. Ismalum René. Chevalier de la Légion d'Honneur,Crédit Foncier Egyptien. Ismalum René. Chevalier de la Légion d'Honneur,director,0,,,,3,535
189,1932,P00081,Homsby Bertram,Sir Homsby Bertram,,sir,C00057,Conseils d'Administration de la Land Bank of Egypt,Conseils d'Administration de la Land Bank of Egypt,member,0,,,,3,535
190,1932,P00082,Ithier Gaston,Ithier Gaston,,,C00148,Société Anonyme des Trann\ ays du Caire,Société Anonyme des Trann\ ays du Caire,delegate,0,,,,3,535
191,1932,P00082,Ithier Gaston,Ithier Gaston,,,C00142,Société Anonyme des Chemins de Fer de la Basse-Egypte,Société Anonyme des Chemins de Fer de la Basse Egypte,vice_president,0,,,,3,535
192,1932,P00082,Ithier Gaston,Ithier Gaston,,,C00030,Banque Belge et Internationale en Egypte,Banque Belge et Internationale en Egypte,director,0,,,,3,535
193,1932,P00083,Jacobs Emile,Jacobs Emile,,,C00030,Banque Belge et Internationale en Egypte,Banque Belge et Internationale en Egypte,director,0,,,,3,535
194,1932,P00084,Jacot J. G. Descombes Ing,Jacot J. G. Descombes Ing,,,C00020,The Alexandria vVater Co. Ltd,The Alexandria Water Cy,director,0,,,,3,535
195,1932,P00084,Jacot J. G. Descombes Ing,Jacot J. G. Descombes Ing,,,C00040,The Cairo Sand Bricks Co. S. A,Cairo Sand Bricks Co,director,0,,,,3,535
196,1932,P00084,Jacot J. G. Descombes Ing,Jacot J. G. Descombes Ing,,,C00132,Sidi Salem Co,Sidi Salem Co,director,0,,,,3,535
197,1932,P00085,Jullien Léopold Ingénieur Agricole,Jullien Léopold Ingénieur Agricole,,,C00023,Alliance Française,Alliance Française,president,0,,,,3,535
198,1932,P00085,Jullien Léopold Ingénieur Agricole,Jullien Léopold Ingénieur Agricole,,,C00231,Union Foncière d'Egypte,Union Foncièred'Egypte,manager,0,,,,3,535
199,1932,P00085,Jullien Léopold Ingénieur Agricole,Jullien Léopold Ingénieur Agricole,,,C00068,Dakahlieh Land Co,Dakahlieh Land Cy,director,0,,,,3,535
200,1932,P00086,Karam Edouard,Karam Edouard,,,C00202,The Commercial & Esta tes Co,The Commercial & Estates Co,president,0,,,,3,536
201,1932,P00086,Karam Edouard,Karam Edouard,,,C00144,Société Anonyme des Immeubles d'Egyptc,Société Anonyme des Immeubles d'Egypte,vice_president,0,,,,3,536
202,1932,P00086,Karam Edouard,Karam Edouard,,,C00193,The Alexandrie Pressing Cy,The Alexandrie Pressing Cy,vice_president,0,,,,3,536
203,1932,P00086,Karam Edouard,Karam Edouard,,,C00016,Alexandria Insurance Co,The Alexandria Insurance Cy,director,0,,,,3,536
204,1932,P00086,Karam Edouard,Karam Edouard,,,C00188,Société des Tramwaysd'Alexandrie,Société des Tramwaysd'Alexandrie,vice_president,0,,,,3,536
205,1932,P00086,Karam Edouard,Karam Edouard,,,C00188,Société des Tramwaysd'Alexandrie,Société des Tramwaysd'Alexandrie,director,0,,,,3,536
206,1932,P00087,Kerihuel V. J,Kerihuel V. J,,,C00056,Société Anonyme des Eaux du Caire,Société Anonyme des Eaux du Caire,managing_director,0,,,,3,536
207,1932,P00087,Kerihuel V. J,Kerihuel V. J,,,C00054,Compagnie Frigorifique d'Egypte,Compagnie Frigorifique d'Egypte,managing_director,0,,,,3,536
208,1932,P00088,Kitroeff Alex. Th,Kitroeff Alex. Th,,,C00197,The Associated Cotton Ginners,The Associated Cotton Ginners,director,0,,,,3,536
209,1932,P00089,Klat Bey Dimitri,Klat Bey Dimitri,,,C00015,The Alexandria & Ramleh Railways Co. Ltd,Alexandria& Ramleh Railways Co. Ltd,director,0,,,,3,536
210,1932,P00090,Klat Jules,Klat Jules,,,C00207,The Egypban Bonded 'iVarehouses Cy. Ltd,The Egypban Bonded 'iVarehouses Cy. Ltd,director,0,,,,3,536
211,1932,P00091,Labruyère René Julien,Labruyère René Julien,,,C00015,The Alexandria & Ramleh Railways Co. Ltd,The Alexandria & Ramleh Hailways Co,director,0,,,,3,536
212,1932,P00091,Labruyère René Julien,Labruyère René Julien,,,C00095,Land Bank,Land Bank,director,0,,,,3,536
213,1932,P00092,Lagonico S,Lagonico S,,,C00003,'Administration de l' Alexandria Commercial Cy,'Administration de l' Alexandria Commercial Cy,council_member,0,,,,3,536
214,1932,P00092,Lagonico S,Lagonico S,,,C00128,S.A. du Béhéra,S. A. du Béhéra,council_member,0,,,,3,536
215,1932,P00092,Lagonico S,Lagonico S,,,C00171,Société Ghizeh et Rodah,Société Ghizeh et Rodah,council_member,0,,,,3,536
216,1932,P00093,Lascaris Mario,Lascaris Mario,,,C00245,pour l'Egypte de la Banque d'Athènes,pour l'Egypte de la Banque d'Athènes,vice_president,0,,,,3,536
217,1932,P00093,Lascaris Mario,Lascaris Mario,,,C00245,pour l'Egypte de la Banque d'Athènes,pour l'Egypte de la Banque d'Athènes,managing_director,0,,,,3,536
218,1932,P00093,Lascaris Mario,Lascaris Mario,,,C00084,The Gabbari Lands,The Gabbari Lands,president,0,,,,3,536
219,1932,P00093,Lascaris Mario,Lascaris Mario,,,C00064,Crédit Agricole d'Egypte,Crédit Agricole d'Egypte,director,0,,,,3,536
220,1932,P00093,Lascaris Mario,Lascaris Mario,,,C00065,Crédit Foncier Egyptien,Crédit Foncier Egyptien,director,0,,,,3,536
221,1932,P00093,Lascaris Mario,Lascaris Mario,,,C00020,The Alexandria vVater Co. Ltd,Alexandria Water Cy,director,0,,,,3,536
222,1932,P00093,Lascaris Mario,Lascaris Mario,,,C00015,The Alexandria & Ramleh Railways Co. Ltd,The Alexandria & Ramleh Railways Gy,director,0,,,,3,536
223,1932,P00094,Levi Guido,Levi Guido,,,C00235,\dmin.istration de l'Anglo-Egyptian Land Allotment Co,\dmin.istration de l'Anglo-Egyptian Land Allotment Co,council_member,0,,,,3,537
224,1932,P00095,Lian Alfred,Lian Alfred,,,C00192,The Alexandria Central Buildings,The Alexandria Central Buildings,director,0,,,,3,537
225,1932,P00096,Lindemann Hugo,Lindemann Hugo,,,C00178,Société Misr pour l'Exportation du Coton (ex-Lindemann),Société Misr pour l'Exportation du Coton (ex-Lindemann),managing_director,0,,,,3,537
226,1932,P00096,Lindemann Hugo,Lindemann Hugo,,,C00175,Société Générale de Pressage cl de Dépôts,Société Générale de Pressage et Dépôts,committee_member,0,,,,3,537
227,1932,P00096,Lindemann Hugo,Lindemann Hugo,,,C00016,Alexandria Insurance Co,Alexandria Insurance Cy,committee_member,0,,,,3,537
228,1932,P00096,Lindemann Hugo,Lindemann Hugo,,,C00119,S. A. E. Fiat Oriente,S. A. E. Fiat Oriente,director,0,,,,3,537
229,1932,P00096,Lindemann Hugo,Lindemann Hugo,,,C00119,S. A. E. Fiat Oriente,S. A. E. Fiat Oriente,vice_president,0,,,,3,537
230,1932,P00096,Lindemann Hugo,Lindemann Hugo,,,C00166,Société Financière et Industrielle d'Egypte,Société Financière et Industrielle d'Egypte,director,0,,,,3,537
231,1932,P00096,Lindemann Hugo,Lindemann Hugo,,,C00166,Société Financière et Industrielle d'Egypte,Société Financière et Industrielle d'Egypte,vice_president,0,,,,3,537
232,1932,P00096,Lindemann Hugo,Lindemann Hugo,,,C00133,Société <( Maarad l>,Société <( Maarad l>,director,0,,,,3,537
233,1932,P00096,Lindemann Hugo,Lindemann Hugo,,,C00133,Société <( Maarad l>,Société <( Maarad l>,vice_president,0,,,,3,537
234,1932,P00097,Lowe A. J,Lowe A.J,,,C00233,United Egyptian Salt Ltd,United Egyptian Salt Ltd,director,0,,,,3,537
235,1932,P00097,Lowe A. J,Lowe A.J,,,C00081,Filature Nationale d'Egypte,Filature Nationale d'Egypte,director,0,,,,3,537
236,1932,P00098,Lozi Bey Abd el Fattah el,Lozi Bey Abd el Fattah el,,,C00032,Banque Misr,Banque Misr,director,0,,,,3,537
237,1932,P00099,Lumbroso Jean,Lumbroso Jean,,,C00194,The Alexandrin Ex change Co. Ltd,The Alexandrin Ex change Co. Ltd,director,0,,,,3,537
238,1932,P00099,Lumbroso Jean,Lumbroso Jean,,,C00014,Alexandria & Ramleh Rail ways Co,Alexandria & Ramleh Rail ways Co,director,0,,,,3,537
239,1932,P00100,Marcovitch Jacques,Marcovitch Jacques,,,C00179,Société Orienta le de Publicité,Société Orienta le de Publicité,managing_director,0,,,,3,537
240,1932,P00101,Mazloum Hassan,S.E. Mazloum Hassan Pacha,pasha,s.e.,C00111,Postes Egyptiennes,Postes Egyptiennes,general_manager,0,,,,3,537
241,1932,P00101,Mazloum Hassan,S.E. Mazloum Hassan Pacha,pasha,s.e.,C00103,National Insurance Co,The National Insurance Cy,director,0,,,,3,537
242,1932,P00101,Mazloum Hassan,S.E. Mazloum Hassan Pacha,pasha,s.e.,C00074,The Egyptian Delta Land & Investment Cy,The Egyptian Delta Land & Investment Cy,director,0,,,,3,537
243,1932,P00101,Mazloum Hassan,S.E. Mazloum Hassan Pacha,pasha,s.e.,C00036,Banque du Crédit Agricole d'Egypte,Banque de Crédit Agricoled'Egypte,director,0,,,,3,537
244,1932,P00102,Menasce Baron Félix de,Menasce Baron Félix de,,,C00053,Communauté Israélite d'Alexandrie,Communauté Israélite d'Alexandrie,president,0,,,,3,537
245,1932,P00102,Menasce Baron Félix de,Menasce Baron Félix de,,,C00144,Société Anonyme des Immeubles d'Egyptc,Société Anonyme des Immeubles d'Egypte,president,0,,,,3,537
246,1932,P00102,Menasce Baron Félix de,Menasce Baron Félix de,,,C00144,Société Anonyme des Immeubles d'Egyptc,Société Anonyme des Immeubles d'Egypte,managing_director,0,,,,3,537
247,1932,P00102,Menasce Baron Félix de,Menasce Baron Félix de,,,C00044,Cassa di Sconto et di Risparmio,Cassa di Sconto et di Risparmio,president,0,,,,3,537
248,1932,P00102,Menasce Baron Félix de,Menasce Baron Félix de,,,C00125,S. A. des Entreprises Urbaines et Rurales,S. A. des Entreprises Urbaines et Rurales,director,0,,,,3,537
249,1932,P00103,Minost Emile,Minost Emile,,,C00065,Crédit Foncier Egyptien,Crédit Foncier Egyptien,managing_director,0,,,,3,538
250,1932,P00103,Minost Emile,Minost Emile,,,C00036,Banque du Crédit Agricole d'Egypte,Banque de Crédit Agricole d'Egypte,director,0,,,,3,538
251,1932,P00104,Mohamed Mahmoud Bey Khalil Avocat,S.E. Mohamed Mahmoud Bey Khalil Avocat,,s.e.,C00012,"« Al-Chark » (L'Orient), Société Anonyme Egyptienne cl' Assurances sur la Vie",«Al Chark» (L'Orient) Société Anonyme Egyptienne d'Assurance sur la Vie,director,0,,,,3,538
252,1932,P00104,Mohamed Mahmoud Bey Khalil Avocat,S.E. Mohamed Mahmoud Bey Khalil Avocat,,s.e.,C00026,The Anglo-Egyptian Land Allotment Co,Anglo-Egyptian Land Allotment,director,0,,,,3,538
253,1932,P00104,Mohamed Mahmoud Bey Khalil Avocat,S.E. Mohamed Mahmoud Bey Khalil Avocat,,s.e.,C00163,Société Egyptienne des Madina,Société Egyptienne des Madina,president,0,,,,3,538
254,1932,P00105,Monnerat E. Ing,Monnerat E. Ing,,,C00054,Compagnie Frigorifique d'Egypte,Compagnie Frigorifique d'Egypte,director,0,,,,3,538
255,1932,P00105,Monnerat E. Ing,Monnerat E. Ing,,,C00215,The Electric Light & Power Supply Cy,The Electric Light & Power Supply,director,0,,,,3,538
256,1932,P00105,Monnerat E. Ing,Monnerat E. Ing,,,C00056,Société Anonyme des Eaux du Caire,Société Anonyme des Eaux du Caire,director,0,,,,3,538
257,1932,P00105,Monnerat E. Ing,Monnerat E. Ing,,,C00149,Société Anonyme du Béhéra,Société Anonyme du Béhéra,director,0,,,,3,538
258,1932,P00106,Morin Jean,Morin Jean,,,C00241,en Egypte des Agences du CrédH Lyonnais,en Egypte des Agences du CrédH Lyonnais,general_manager,0,,,,3,538
259,1932,P00106,Morin Jean,Morin Jean,,,C00136,Société Anonyme Immobilière d'Alexandrie,Société Immobilière d'A~exandrie,president,0,,,,3,538
260,1932,P00107,Mosséri Elie N,Mosseri Elie N,,,C00196,The Anglo-Egyptian Land Allotment Company etde la Fayoum Light Railways,The Anglo-Egyptian Land Allotment Company etde la Fayoum Light Railways,president,0,,,,3,538
261,1932,P00107,Mosséri Elie N,Mosseri Elie N,,,C00047,Chemins de Fer de la S. A. de W a di Kom Ombo,Chemins de Fer de la S. A. de W a di Kom Ombo,vice_president,0,,,,3,538
262,1932,P00107,Mosséri Elie N,Mosseri Elie N,,,C00024,The Anglo-Belgian Co. of Egypt Ltd,Anglo-Belgian Co. of Egypt,director,0,,,,3,538
263,1932,P00107,Mosséri Elie N,Mosseri Elie N,,,C00216,Gabbari Land Co,The Gabbari Land Co,council_member,0,,,,3,538
264,1932,P00107,Mosséri Elie N,Mosseri Elie N,,,C00213,Egyptian Hotels,The Egyptian Hotels Ltd,council_member,0,,,,3,538
265,1932,P00107,Mosséri Elie N,Mosseri Elie N,,,C00078,The Egyptian Salt & Soda Cy. Ltd,The Egyptian Salt & Soda Cy. Ltd,council_member,0,,,,3,538
266,1932,P00107,Mosséri Elie N,Mosseri Elie N,,,C00081,Filature Nationale d'Egypte,Filature Nationale d'Egypte,council_member,0,,,,3,538
267,1932,P00107,Mosséri Elie N,Mosseri Elie N,,,C00104,National Insurance Co. of Egypt,National Insurance Co. or Egypt,council_member,0,,,,3,538
268,1932,P00107,Mosséri Elie N,Mosseri Elie N,,,C00168,Société Foncière d'Egypte,Société Foncière d'Egypte,council_member,0,,,,3,538
269,1932,P00107,Mosséri Elie N,Mosseri Elie N,,,C00185,Société des Automobiles et Omnibus du Caire,Société des Automobiles et Omnibus du Caire,council_member,0,,,,3,538
270,1932,P00107,Mosséri Elie N,Mosseri Elie N,,,C00157,Société Egyptienne d'Irrigation,Société Egyptienne d'Irrigation,council_member,0,,,,3,538
271,1932,P00107,Mosséri Elie N,Mosseri Elie N,,,C00169,Société Foncière du Domaine de Cheikh Fadl,Société Foncière du Domaine de Cheikh Fadl,council_member,0,,,,3,538
272,1932,P00108,Mosseri Joseph,Mosseri Joseph,,,C00091,"J os y Film, S. A. E","J os y Film, S. A. E",managing_director,0,,,,3,538
273,1932,P00109,Mosseri Maurice N,Mosseri Maurice,,,C00037,BanqueMosseri et Co,BanqueMosseri et Co,member,0,,,,3,538
274,1932,P00109,Mosseri Maurice N,Mosseri Maurice,,,C00189,Syndicat des Obligataires de la Société Générale des Sucreries,Syndicat des Obligataires de la Société Générale des Sucreries,committee_member,0,,,,3,538
275,1932,P00110,Mosseri J. Nessim,Mosseri J. Nessim,,,C00026,The Anglo-Egyptian Land Allotment Co,The Anglo-Egyptian Land Allotment Cy,director,0,,,,3,538
276,1932,P00111,Nakhla Pacha El Motei Ancien Magistrat,S.E. Nakhla Pacha El Motei Ancien Magistrat,,s.e.,C00012,"« Al-Chark » (L'Orient), Société Anonyme Egyptienne cl' Assurances sur la Vie",Al Chark(L'Orient) Société Anonyme Egyptienne d'Assurances sur la Vie,director,0,,,,3,539
277,1932,P00112,Naeff Emile,Naeff Emile,,,C00039,Cairo Sand Bricks,Cairo Sand Bricks,director,0,,,,3,539
278,1932,P00112,Naeff Emile,Naeff Emile,,,C00215,The Electric Light & Power Supply Cy,The Electric Light & Power Supply,director,0,,,,3,539
279,1932,P00113,Naggiar F. Victor,Naggiar F. Victor,,,C00108,New Egyptian Co,New-Egyptian Cy,director,0,,,,3,539
280,1932,P00114,Nahman Enrico,Nahman Enrico,,,C00172,Société Gé .. nérale d'Electricité,Société Gé .. nérale d'Electricité,director,0,,,,3,539
281,1932,P00114,Nahman Enrico,Nahman Enrico,,,C00099,Mécanique,Mécanique,director,0,,,,3,539
282,1932,P00115,Nathan J. Edward,Nathan J. Edward,,,C00108,New Egyptian Co,New Egyptian Cy,director,0,,,,3,539
283,1932,P00115,Nathan J. Edward,Nathan J. Edward,,,C00152,Société Belgo-Egyptienne de l'Ezbékieh,Société Belgo-Egyptienne de l'Ezbékieh,director,0,,,,3,539
284,1932,P00116,Naus Henry,Naus Bey Henri C.B.E,,,C00083,Fédération Egyptienne des Industries,Fédération des Industries en Egypte,president,0,,,,3,539
285,1932,P00116,Naus Henry,Naus Bey Henri C.B.E,,,C00090,Industrie,Industrie,member,0,,,,3,539
286,1932,P00116,Naus Henry,Naus Bey Henri C.B.E,,,C00183,Société d'Economie Politique,Société d'Economie Politique,member,0,,,,3,539
287,1932,P00116,Naus Henry,Naus Bey Henri C.B.E,,,C00176,Société Générale des Sucreries,Société Générale des Sucreries,managing_director,0,,,,3,539
288,1932,P00116,Naus Henry,Naus Bey Henri C.B.E,,,C00114,Raffinerie d'Egypte,Raffinerie d'Egypte,managing_director,0,,,,3,539
289,1932,P00116,Naus Henry,Naus Bey Henri C.B.E,,,C00157,Société Egyptienne d'Irrigation,Société Egyptienne d'Irrigation,president,0,,,,3,539
290,1932,P00116,Naus Henry,Naus Bey Henri C.B.E,,,C00030,Banque Belge et Internationale en Egypte,Banque Belge et Internationale en Egypte,vice_president,0,,,,3,539
291,1932,P00116,Naus Henry,Naus Bey Henri C.B.E,,,C00232,Union des Agriculteurs,Union des Agriculteurs,president,0,,,,3,539
292,1932,P00116,Naus Henry,Naus Bey Henri C.B.E,,,C00140,Société Anonyme de Wadi Kom Ombo,Société Anonyme de Wadi Kom Ombo,director,0,,,,3,539
293,1932,P00116,Naus Henry,Naus Bey Henri C.B.E,,,C00065,Crédit Foncier Egyptien,Crédit Foncier Egyptien,director,0,,,,3,539
294,1932,P00116,Naus Henry,Naus Bey Henri C.B.E,,,C00199,The Cairo Electric Railways & Helio polis Oases Cy.~ de l'African Enterprise et Development Cy,The Cairo Electric Railways & Helio polis Oases Cy.~ de l'African Enterprise et Development Cy,director,0,,,,3,539
295,1932,P00116,Naus Henry,Naus Bey Henri C.B.E,,,C00054,Compagnie Frigorifique d'Egypte,Compagnie Frigorifique d'Egypte,director,0,,,,3,539
296,1932,P00116,Naus Henry,Naus Bey Henri C.B.E,,,C00138,Société Anonyme d.es Eaux du Caire,Société Anonyme d.es Eaux du Caire,director,0,,,,3,539
297,1932,P00116,Naus Henry,Naus Bey Henri C.B.E,,,C00024,The Anglo-Belgian Co. of Egypt Ltd,Anglo-Belgian Co of Egypt Ltd,director,0,,,,3,539
298,1932,P00116,Naus Henry,Naus Bey Henri C.B.E,,,C00143,Société Anonyme des Ciments d'Egypte,Société Anonyme des Ciments d'Egypte,director,0,,,,3,539
299,1932,P00117,Nubar Arakel,Nubar Arakel Bey,bey,,C00050,Comité de Londres de The Mortgage Co. Ltd,Comité de Londres de The Mortgage Co. Ltd,director,0,,,,3,539
300,1932,P00117,Nubar Arakel,Nubar Arakel Bey,bey,,C00050,Comité de Londres de The Mortgage Co. Ltd,Comité de Londres de The Mortgage Co. Ltd,president,0,,,,3,539
301,1932,P00118,Pegna E,Pegna E,,,C00210,Egyptian Bonded Warehouses Co. Ltd,The Egyptian Bonded Warehouses Cy,director,0,,,,3,539
302,1932,P00118,Pegna E,Pegna E,,,C00016,Alexandria Insurance Co,Alexandria Insurance Cy,director,0,,,,3,539
303,1932,P00119,Perrott C.H,Perrott C.H,,,C00219,The Man ure Cy,The Man ure Cy,president,0,,,,3,540
304,1932,P00119,Perrott C.H,Perrott C.H,,,C00074,The Egyptian Delta Land & Investment Cy,Egyptian Delta Land & Investment Cy,director,0,,,,3,540
305,1932,P00120,Pilavachi C,Pilavachi C,,,C00038,The Building Lands,Building Lands,president,0,,,,3,540
306,1932,P00120,Pilavachi C,Pilavachi C,,,C00136,Société Anonyme Immobilière d'Alexandrie,Société Anonyme Immobilière d'Alexandrie,president,0,,,,3,540
307,1932,P00120,Pilavachi C,Pilavachi C,,,C00211,The Egyptian Cotton Cy,The Egyptian Cotton Cy,president,0,,,,3,540
308,1932,P00120,Pilavachi C,Pilavachi C,,,C00058,"Constructions Modernes, S. A. E",Constructions Modernes,director,0,,,,3,540
309,1932,P00121,Pinto Silvio,Pinto Cav. Silvio,,,C00162,Société Egyptienne de la Bourse Commerciale de Minet El Bassal,Société Egyptienne de la Bourse Commerciale de Minet El Bassal,president,0,,,,3,540
310,1932,P00121,Pinto Silvio,Pinto Cav. Silvio,,,C00078,The Egyptian Salt & Soda Cy. Ltd,Egyptian Salt & Soda,director,0,,,,3,540
311,1932,P00121,Pinto Silvio,Pinto Cav. Silvio,,,C00123,S. A. de Pressage et Dépôts,S. A. de Pressage et Dépôts,director,0,,,,3,540
312,1932,P00121,Pinto Silvio,Pinto Cav. Silvio,,,C00166,Société Financière et Industrielle d'Egypte,Société Financière et Industrielle d'Egypte,director,0,,,,3,540
313,1932,P00121,Pinto Silvio,Pinto Cav. Silvio,,,C00131,Salonica Cigarette Co,Salonica Cigarette Co,director,0,,,,3,540
314,1932,P00122,Piot Bey J.B,Piot Bey J.B,,,C00056,Société Anonyme des Eaux du Caire,Compagnie des Eaux du Caire,president,0,,,,3,540
315,1932,P00122,Piot Bey J.B,Piot Bey J.B,,,C00212,The Egyptian Enterprise & Development Co,The Egyptian Enterprise & Development Co,director,0,,,,3,540
316,1932,P00122,Piot Bey J.B,Piot Bey J.B,,,C00086,The Gharbieh Land Co,Gharbieh Land Co,director,0,,,,3,540
317,1932,P00123,Polnauer L,Polnauer L,,,C00001,'Administration de The Alexandria Insurance Company,'Administration de l'Alex andr-ia Insurance,council_member,0,,,,3,540
318,1932,P00123,Polnauer L,Polnauer L,,,C00239,"del'Alexandria Navigation Cy., S. A. E","del'Alexandria Navigation Cy., S. A. E",director,0,,,,3,540
319,1932,P00123,Polnauer L,Polnauer L,,,C00243,la« Ganz S. A. E,la« Ganz S. A. E,director,0,,,,3,540
320,1932,P00124,Ràbbath Sélim,Rabbat Sélim,,,C00069,Delta Trading Co,Delta Trading Co,president,0,,,,3,540
321,1932,P00124,Ràbbath Sélim,Rabbat Sélim,,,C00144,Société Anonyme des Immeubles d'Egyptc,Société Anonyme des Immeubles d'Egypte,director,0,,,,3,540
322,1932,P00125,Raybaud Max,Raybaud Max,,,C00060,Cro\Yn Brewery,Cro\Yn Brewery,managing_director,0,,,,3,540
323,1932,P00126,Reinhart Alfred,Reinhart Alfred,,,C00175,Société Générale de Pressage cl de Dépôts,Société Générale de Pressage et Dépôts,president,0,,,,3,540
324,1932,P00126,Reinhart Alfred,Reinhart Alfred,,,C00077,The Egyptian Motor Transport Co,Egyptian Motor Transport Co,president,0,,,,3,540
325,1932,P00126,Reinhart Alfred,Reinhart Alfred,,,C00153,Société Cotonnière Maarad,Société Cotonnière « Maarad )),member,0,,,,3,540
326,1932,P00126,Reinhart Alfred,Reinhart Alfred,,,C00191,The Alex andria Insurance Cy,The Alex andria Insurance Cy,director,0,,,,3,540
327,1932,P00126,Reinhart Alfred,Reinhart Alfred,,,C00079,The Electricity & lee Supply Co,Electricity & lee Supply Co,council_member,0,,,,3,540
328,1932,P00127,Richmond T.S,Richmond T.S,,,C00206,The Eastern Automobiles Supplies & Transport Co,The Eastern Automobiles Supplies & Transport Co,president,0,,,,3,540
329,1932,P00127,Richmond T.S,Richmond T.S,,,C00217,The General Accident Fire and Life Assurance Corporation Ltd,The General Accident Fire and Life Assurance Corporation Ltd,president,0,,,,3,540
330,1932,P00127,Richmond T.S,Richmond T.S,,,C00073,Egyptian Consolidated Land Ltd,Egyptian Consolidated Land Ltd,managing_director,0,,,,3,540
331,1932,P00127,Richmond T.S,Richmond T.S,,,C00011,The Agricultural Bank of Egypt,The Agricultural Bank of Egypt,director,0,,,,3,540
332,1932,P00127,Richmond T.S,Richmond T.S,,,C00192,The Alexandria Central Buildings,The Alexandria Central Buildings Co,director,0,,,,3,540
333,1932,P00127,Richmond T.S,Richmond T.S,,,C00221,The Si di Salem of Egypt,The Si di Salem of Egypt,director,0,,,,3,540
334,1932,P00127,Richmond T.S,Richmond T.S,,,C00220,The Mortgage Co. of Egypt Ltd,The Mortgage Co. of Egypt Ltd,director,0,,,,3,540
335,1932,P00128,Riquez Cav. Uff. Giuseppe,Riquez Cav. Uff. Giuseppe,,,C00044,Cassa di Sconto et di Risparmio,Cassa di Scontoe di Risparmio,president,0,,,,3,541
336,1932,P00128,Riquez Cav. Uff. Giuseppe,Riquez Cav. Uff. Giuseppe,,,C00078,The Egyptian Salt & Soda Cy. Ltd,The Egyptian Salt & Soda,director,0,,,,3,541
337,1932,P00128,Riquez Cav. Uff. Giuseppe,Riquez Cav. Uff. Giuseppe,,,C00137,Société Anonyme Immobilière du Domaine de Siouf,Société Anonyme Immobilière du Domaine de Siouf,director,0,,,,3,541
338,1932,P00128,Riquez Cav. Uff. Giuseppe,Riquez Cav. Uff. Giuseppe,,,C00233,United Egyptian Salt Ltd,United Egyptian Salt,director,0,,,,3,541
339,1932,P00129,Rolin Léon,Rolin Léon,,,C00141,Société Anonyme des Anciennes Entreprises L. Rolin et Co,Société Anonyme des Anciennes Entreprises L. Rolin et Co,president,0,,,,3,541
340,1932,P00129,Rolin Léon,Rolin Léon,,,C00151,Société Belge-Egyptienne de l'Ezbékieh,Société Belge-Egyptienne de l'Ezbékieh,managing_director,0,,,,3,541
341,1932,P00129,Rolin Léon,Rolin Léon,,,C00201,The Cairo Suburban,The Cairo Suburban,director,0,,,,3,541
342,1932,P00130,Rolo Max,Rolo Max,,,C00017,Alexandria Pressing Co,Alexandria Pressing,director,0,,,,3,541
343,1932,P00131,Rolo Robert J,Rolo Robert J,,,C00016,Alexandria Insurance Co,Alexandria Insurance Co,director,0,,,,3,541
344,1932,P00131,Rolo Robert J,Rolo Robert J,,,C00030,Banque Belge et Internationale en Egypte,Banque Belge et Internationale en Egypte,director,0,,,,3,541
345,1932,P00131,Rolo Robert J,Rolo Robert J,,,C00108,New Egyptian Co,New Egyptian Co,director,0,,,,3,541
346,1932,P00131,Rolo Robert J,Rolo Robert J,,,C00063,Crownegypt Cu,Crownegypt Cu,director,0,,,,3,541
347,1932,P00131,Rolo Robert J,Rolo Robert J,,,C00153,Société Cotonnière Maarad,Société Cotonnière Maarad,president,0,,,,3,541
348,1932,P00131,Rolo Robert J,Rolo Robert S. C.B.E,,,C00184,Société des Automobiles,Société des Automobiles,president,0,,,,3,541
349,1932,P00131,Rolo Robert J,Rolo Robert S. C.B.E,,,C00109,Omnibus du Caire,Omnibus du Caire,president,0,,,,3,541
350,1932,P00131,Rolo Robert J,Rolo Robert S. C.B.E,,,C00102,National Bank of Egypt,The National Bank of Egypt,director,0,,,,3,541
351,1932,P00132,Rom François,Rom François,,,C00041,The Cairo Suburban Building Land Co,Cairo Suburban Buildings Lands Co,president,0,,,,3,541
352,1932,P00132,Rom François,Rom François,,,C00026,The Anglo-Egyptian Land Allotment Co,Anglo-Egyptian Land Allotment,director,0,,,,3,541
353,1932,P00133,Rowlatt Sir F.T. K.B.E,Rowlatt Sir F.T. K.B.E,,,C00098,Mortgage Cy,Mortgage Cy,director,0,,,,3,541
354,1932,P00133,Rowlatt Sir F.T. K.B.E,Rowlatt Sir F.T. K.B.E,,,C00102,National Bank of Egypt,National Bank of Egypt. s,council_member,0,,,,3,541
355,1932,P00134,Safouat Pacha Mohamed,S.E. Safouat Pacha Mohamed,,s.e.,C00005,'Administration de la S. A. Immobilière du Domaine de Siouf,'Administration de la S. A. Immobilière du Domaine de Siouf,president,0,,,,3,541
356,1932,P00135,Salvago Micliel,Salvago Micliel,,,C00052,Communauté Hellénique d'Alexandrie,Communauté Hellénique d'Alexandrie,president,0,,,,3,541
357,1932,P00135,Salvago Micliel,Salvago Micliel,,,C00015,The Alexandria & Ramleh Railways Co. Ltd,Alexandria & Ramleh Railways Cy. Ltd,president,0,,,,3,541
358,1932,P00135,Salvago Micliel,Salvago Micliel,,,C00240,del'Alexandria Water Cy,del'Alexandria Water Cy,president,0,,,,3,541
359,1932,P00135,Salvago Micliel,Salvago Micliel,,,C00081,Filature Nationale d'Egypte,Filature Nationale d'Egypte,president,0,,,,3,541
360,1932,P00135,Salvago Micliel,Salvago Micliel,,,C00149,Société Anonyme du Béhéra,Société Anonyme du Béhéra,president,0,,,,3,541
361,1932,P00136,Salvago Constantin M,Salvag-o Constantin,,,C00165,"Société Egyptienne des Pétroles (S.E.P.) Salama Salvator,_ },1anaging-Dircctor de la Maison Bchrend & Co Ltd","Société Egyptienne des Pétroles (S.E.P.) Salama Salvator,_ },1anaging-Dircctor de la Maison Bchrend & Co Ltd",director,0,,,,3,542
362,1932,P00136,Salvago Constantin M,Salvag-o Constantin,,,C00115,Rosetta & Alex andria Riec MiJJs,Rosetta & Alex andria Riec MiJJs,managing_director,0,,,,3,542
363,1932,P00137,Lionello Scelsi,Lionello Scelsi,,,C00028,Banco Italo-Egiziano,Banco Italo-Egiziano,director,0,,,,3,542
364,1932,P00137,Lionello Scelsi,Lionello Scelsi,,,C00045,Cass·t di Sconto e di. Risparmio,Cass·t di Sconto e di. Risparmio,director,0,,,,3,542
365,1932,P00137,Lionello Scelsi,Lionello Scelsi,,,C00166,Société Financière et Industrielle d'Egypte,Société Financière et Industrielled'Egypte,director,0,,,,3,542
366,1932,P00138,Shamà Elie F,Shamà Elie F,,,C00137,Société Anonyme Immobilière du Domaine de Siouf,Société Anonyme Immobilière du Domaine de Siouf,managing_director,0,,,,3,542
367,1932,P00139,Sidi Vitali,Sidi Vitali,,,C00122,S. A. de Nettoyage,S. A. de Nettoyage,director,0,,,,3,542
368,1932,P00139,Sidi Vitali,Sidi Vitali,,,C00112,"Pressage du Coton. S.E. Sir Ismail Sirry Pacha K.C.M.G., Anci('n","Pressage du Coton. S.E. Sir Ismail Sirry Pacha K.C.M.G., Anci('n",director,0,,,,3,542
369,1932,P00140,Spetseropoulo G. D,Spetseropoulo D,,,C00224,The United Egyptian Nile Transport Co,United Egyptian Nilc Transport Co,managing_director,0,,,,3,542
370,1932,P00140,Spetseropoulo G. D,Spetseropoulo G.D,,,C00224,The United Egyptian Nile Transport Co,United Egyptian Nile Transport Co,managing_director,0,,,,3,542
371,1932,P00141,Strologo G. D,Strologo G. D,,,C00127,S.A. des Presses Libres Egyptiennes,S. A. des Presses Libres Egyptiennes,president,0,,,,3,542
372,1932,P00141,Strologo G. D,Strologo G. D,,,C00127,S.A. des Presses Libres Egyptiennes,S. A. des Presses Libres Egyptiennes,managing_director,0,,,,3,542
373,1932,P00141,Strologo G. D,Strologo G. D,,,C00009,A lexandria Insurance,A lexandria Insurance,director,0,,,,3,542
374,1932,P00141,Strologo G. D,Strologo R.C,,,C00127,S.A. des Presses Libres Egyptiennes,S. A. des Presses Libres Egyptiennes,director,0,,,,3,542
375,1932,P00141,Strologo G. D,Strologo R.C,,,C00127,S.A. des Presses Libres Egyptiennes,S. A. des Presses Libres Egyptiennes,manager,0,,,,3,542
376,1932,P00142,Suarès Alfred,Suarès Alfred,,,C00051,Commercial Bank of Egypt,The Commercial Bank of Egypt,president,0,,,,3,542
377,1932,P00143,Suarès Fernand,Suarès Fernand,,,C00051,Commercial Bank of Egypt,Commercial Bank of Egypt,director,0,,,,3,543
378,1932,P00144,Suarès Jacques,Suarès Jacques,,,C00203,The Commercial Bank of Egypt et Société Egyptienne d'Entreprises Urbaines et Rurales,The Commercial Bank of Egypt et Société Egyptienne d'Entreprises Urbaines et Rurales,director,0,,,,3,543
379,1932,P00145,Léon Suarès,Léon Suarès,,,C00007,'Administration de la SociétéFoncière du Domaine de Cheikh Fadl,'Administration de la SociétéFoncière du Domaine de Cheikh Fadl,council_member,0,,,,3,543
380,1932,P00145,Léon Suarès,Léon Suarès,,,C00168,Société Foncière d'Egypte,Société Foncière d'Egypte,council_member,0,,,,3,543
381,1932,P00146,Sultan Dr. Fouad,Dr. Sultan Fouad,,dr.,C00033,"Banque Misr ct de toutes les institutions financières, commerciales et Industrielles, fondées par la Banque Misr, en Egypte et à l'Etranger","Banque Misr ct de toutes les institutions financières, commerciales et Industrielles, fondées par la Banque Misr, en Egypte et à l'Etranger",managing_director,0,,,,3,543
382,1932,P00146,Sultan Dr. Fouad,Dr. Sultan Fouad,,dr.,C00036,Banque du Crédit Agricole d'Egypte,Banque de Crédit Agricole d'Egypte,director,0,,,,3,543
383,1932,P00147,Sursock Nicolas A,Sursock Nicolas A,,,C00103,National Insurance Co,National Insurance Co,director,0,,,,3,543
384,1932,P00147,Sursock Nicolas A,Sursock Nicolas A,,,C00144,Société Anonyme des Immeubles d'Egyptc,Société Anonyme des Immeubles d'Egyptc,director,0,,,,3,543
385,1932,P00148,Sursock Vladimir,Sursock Vladimir,,,C00092,Ka fr El Zayat Cotton Company,Ka fr El Zayat Cotton Company,director,0,,,,3,543
386,1932,P00149,Talaat Harb,S.E. Talaat Harb Pacha,pasha,s.e.,C00032,Banque Misr,Banque Misr,vice_president,0,,,,3,543
387,1932,P00149,Talaat Harb,S.E. Talaat Harb Pacha,pasha,s.e.,C00032,Banque Misr,Banque Misr,managing_director,0,,,,3,543
388,1932,P00149,Talaat Harb,S.E. Talaat Harb Pacha,pasha,s.e.,C00249,"toutes les institutions financières, commerciales et industrielles fondées par la Banque Misr en Egypte et à l'Etranger","toutes les institutions financières, commerciales et industrielles fondées par la Banque Misr en Egypte et à l'Etranger",vice_president,0,,,,3,543
389,1932,P00149,Talaat Harb,S.E. Talaat Harb Pacha,pasha,s.e.,C00249,"toutes les institutions financières, commerciales et industrielles fondées par la Banque Misr en Egypte et à l'Etranger","toutes les institutions financières, commerciales et industrielles fondées par la Banque Misr en Egypte et à l'Etranger",managing_director,0,,,,3,543
390,1932,P00149,Talaat Harb,S.E. Talaat Harb Pacha,pasha,s.e.,C00168,Société Foncière d'Egypte,Société Foncière d'Egypte,managing_director,0,,,,3,543
391,1932,P00149,Talaat Harb,S.E. Talaat Harb Pacha,pasha,s.e.,C00065,Crédit Foncier Egyptien,Crédit Foncier Egyptien,director,0,,,,3,543
392,1932,P00150,Takla G.,Takla G. Bey,bey,,C00164,Société Egyptienne des Pétroles,Société Egyptienne des Pétroles,director,0,,,,3,543
393,1932,P00150,Takla G.,Takla G. Bey,bey,,C00088,Gérance Immobilière,Gérance Immobilière,director,0,,,,3,543
394,1932,P00151,Toriel Elie,Toriel Elie,,,C00186,Société des Biens de Rapport d'Egypte,Société des Biens de Rapport d'Egypte,president,0,,,,3,543
395,1932,P00151,Toriel Elie,Toriel Elie,,,C00223,The Union Cotton Cy,The Union Cotton Cy,president,0,,,,3,543
396,1932,P00152,Toriel Raphael,Toriel Raphael,,,C00244,p. i. de la Société des Biens de Rapport d'Egypte,p. i. de la Société des Biens de Rapport d'Egypte,director,0,,,,3,543
397,1932,P00152,Toriel Raphael,Toriel Raphael,,,C00244,p. i. de la Société des Biens de Rapport d'Egypte,p. i. de la Société des Biens de Rapport d'Egypte,president,0,,,,3,543
398,1932,P00152,Toriel Raphael,Toriel Raphael,,,C00222,The Union Cotton Co of Alexandria,The Union Cotton Co of Alexandria,managing_director,0,,,,3,543
399,1932,P00152,Toriel Raphael,Toriel Raphael,,,C00081,Filature Nationale d'Egypte,Filature Nationale d'Egypte,director,0,,,,3,543
400,1932,P00153,Trembley Ernest,Trembley Ernest,,,C00250,~u Comptoir des Ciments,~u Comptoir des Ciments,managing_director,0,,,,3,544
401,1932,P00153,Trembley Ernest,Trembley Ernest,,,C00158,Société Egyptienne de Ciment Portland Tourah-Le Caire,Société Egyptienne de Ciment Portland Tourah-Le Caire,managing_director,0,,,,3,544
402,1932,P00153,Trembley Ernest,Trembley Ernest,,,C00040,The Cairo Sand Bricks Co. S. A,The Cairo Sand Bricks Co. S. A,managing_director,0,,,,3,544
403,1932,P00153,Trembley Ernest,Trembley Ernest,,,C00067,Crédit Immobilier Suisse-Egyptien,Crédit Immobilier Suisse-Egyptien. v,vice_president,0,,,,3,544
404,1932,P00154,Vais Ezio,Vals Ezio,,,C00134,Société Anonyme Agrico1e et Industrielle d'Egypte,Société Anonyme Agrico1e et Industrielle d'Egypte,managing_director,0,,,,3,544
405,1932,P00154,Vais Ezio,Vals Ezio,,,C00094,Koubbeh Gardens,Koubbeh Gardens,liquidator,0,,,,3,544
406,1932,P00155,Vannucci Comm. Gr·isante,Vannucci Comm. Grisante,,,C00213,Egyptian Hotels,The Egyptian Hotels,director,0,,,,3,544
407,1932,P00156,Vincenot,Vincenot M,,,C00065,Crédit Foncier Egyptien,Crédit Foncier Egyptien,president,0,,,,3,544
408,1932,P00156,Vincenot,Vincenot M,,,C00055,Compagnie d'Assurances «Al Charkl). w,Compagnie d'Assurances «Al Charkl). w,president,0,,,,3,544
409,1932,P00157,Watson C. J,Watson C. J,,,C00237,cl' Administration de la Kafr El Zay at Cotton Company,cl' Administration de la Kafr El Zay at Cotton Company,member,0,,,,3,544
410,1932,P00158,Wellhoff Salomon,Wellhoff Salomon,,,C00209,The Egyptian Boncled Warehouses Cy Ltcl,The Egyptian Boncled Warehouses Cy Ltcl,president,0,,,,3,544
411,1932,P00158,Wellhoff Salomon,Wellhoff Salomon,,,C00176,Société Générale des Sucreries,Société Générale des Sucreries,director,0,,,,3,544
412,1932,P00158,Wellhoff Salomon,Wellhoff Salomon,,,C00114,Raffinerie d'Egypte,Raffinerie d'Egypte,director,0,,,,3,544
413,1932,P00159,Williamson John,Williamson John,,,C00074,The Egyptian Delta Land & Investment Cy,Egyptian Delta Land & Investment,president,0,,,,3,544
414,1932,P00160,Wood Smith K.B,Wood Smith K.B,,,C00018,Alexandria Water,Alexandria Water,managing_director,0,,,,3,544
415,1932,P00161,Zarifi Th,Zarifi Th,,,C00096,Land Bank of Egypt,Land Bank of Egypt,director,0,,,,3,545
416,1932,P00162,Zerbini Dimitri J,Zerbini Dimitri J,,,C00218,The Kafr El Z,The Kafr El Z,managing_director,0,,,,3,545
417,1932,P00163,Sir Ziwer Ahmed,S.E. Sir Ziwer Ahmed Pacha,pasha,s.e.,C00107,Nationnl Bank of Egypt,Nationnl Bank of Egypt,director,0,,,,3,545
418,1938,P00164,Abaza Abele! Ilamid,Abaza Abele! Ilamid Bey,bey,,C00562,"Société Egyptienne pour le DéYelop-· pement elu Commerce des légumes, fruits et fleurs","Société Egyptienne pour le DéYelop-· pement elu Commerce des légumes, fruits et fleurs",delegate,0,,,,9,249
419,1938,P00165,Abaza Fouad,S.E. Abaza Fouad Pacha,pasha,s.e.,C00574,Société Hoyole d 'Agriculture,Société Hoyole d 'Agriculture,general_manager,0,,,,9,249
420,1938,P00165,Abaza Fouad,S.E. Abaza Fouad Pacha,pasha,s.e.,C00556,"Société Egyptienne pour Je JJé\·eJoppement du commerce des légumes, fruits cl fleurs","Société Egyptienne pour Je JJé\·eJoppement du commerce des légumes, fruits cl fleurs",vice_president,0,,,,9,249
421,1938,P00166,Abboud Ahmed,S.E. Abboud Ahmed Pacha,pasha,s.e.,C00726,"TlJC Egyplinn General Omnibus Co., S.A.E","TlJC Egyplinn General Omnibus Co., S.A.E",president,0,,,,9,249
422,1938,P00166,Abboud Ahmed,S.E. Abboud Ahmed Pacha,pasha,s.e.,C00812,ln Coml1lercial Bank of Egypt,ln Coml1lercial Bank of Egypt,vice_president,0,,,,9,249
423,1938,P00166,Abboud Ahmed,S.E. Abboud Ahmed Pacha,pasha,s.e.,C00635,The 1\hediYiul Mail Line,The 1\hediYiul Mail Line,managing_director,0,,,,9,249
424,1938,P00166,Abboud Ahmed,S.E. Abboud Ahmed Pacha,pasha,s.e.,C00719,Tilbury Contracting & Dredging Co. (Foreign) Ltd,Tilbury Contracting & Dredging Co. (Foreign) Ucl,managing_director,0,,,,9,249
425,1938,P00166,Abboud Ahmed,S.E. Abboud Ahmed Pacha,pasha,s.e.,C00438,Pllaraonic Mail Line,Pllaraonic Mail Line,managing_director,0,,,,9,249
426,1938,P00166,Abboud Ahmed,S.E. Abboud Ahmed Pacha,pasha,s.e.,C00362,"Fiat Oriente, S.A.E","Fiat Oriente, S.A.E",director,0,,,,9,249
427,1938,P00167,Abele! Rahim Hussein Me,Abele! Rahim Hussein Me,,,C00535,"Société Egyptienne cl es Industries Chimiques, S. A. E","Société Egyptienne cl es Industries Chimiques, S. A. E",member,0,,,,9,249
428,1938,P00168,Abdel Rahman Fayed,Abdel Rahman Fayed,,,C00308,Carricr,Carricr,director,0,,,,9,250
429,1938,P00169,Abdel Rahman Hamada,Abclel Rahman Hamada. Bey,bey,,C00713,"The i\!isr Concretc Development Cy., S.A.E","The i\!isr Concretc Development Cy., S.A.E",director,0,,,,9,250
430,1938,P00169,Abdel Rahman Hamada,Abclel Rahman Hamada. Bey,bey,,C00557,"Société Egyptienne pour Je Tannage eL l'Tndustl·ie elu Cuir, S.A.E","Société Egyptienne pour Je Tannage eL l'Tndustl·ie elu Cuir, S.A.E",director,0,,,,9,250
431,1938,P00170,Abdel Rahman Rida,S.E. Abdel Rahman Rida Pacha,pasha,s.e.,C00431,Patronage de la Société BC'Ige d'Etudes el d'Expansion,Patronage de la Société BC'Ige d'Etudes el d'Expansion,committee_member,0,,,,9,250
432,1938,P00170,Abdel Rahman Rida,S.E. Abdel Rahman Rida Pacha,pasha,s.e.,C00794,elu Crédit Agricole d'Egyptc,elu Crédit Agricole d'Egyptc,director,0,,,,9,250
433,1938,P00171,Aboul Ela Mahmoud,Aboul Ela Mahmoud,,,C00761,"cl 'Administration de la Société Egyptienne pour le Tannage ct l'Industrie du Cuir, S.A.E","cl 'Administration de la Société Egyptienne pour le Tannage ct l'Industrie du Cuir, S.A.E",council_member,0,,,,9,250
434,1938,P00172,Aboul Ela Meheissen El llag,Aboul Ela Meheissen El llag,,,C00606,Société des Omnibus de Fayoum,Société des Omnibus de Fayoum,director,0,,,,9,250
435,1938,P00173,Acher Abl'amino S,Acher Abl'amino S,,,C00169,Société Foncière du Domaine de Cheikh Fadl,Société Foncière du Domaine de Cheikh Fadl,manager,0,,,,9,250
436,1938,P00173,Acher Abl'amino S,Acher Abl'amino S,,,C00770,cl'Aclministmlion de la S.A. de,cl'Aclministmlion de la S.A. de,delegate,0,,,,9,250
437,1938,P00174,Adela Césal' V,Adela Césal' V,,,C00448,S. A. des Immeubles cl.el'Est,S. A. des Immeubles cl.el'Est,delegate,0,,,,9,250
438,1938,P00175,Adda Femand C.A,Adda Femand C.A,,,C00480,"S.A. nes Immeubles de l'Est et Aclnlinislt<.l.Lcm-llélégué de l' Eastem Export Co., S. A","S.A. nes Immeubles de l'Est et Aclnlinislt<.l.Lcm-llélégué de l' Eastem Export Co., S. A",director,0,,,,9,250
439,1938,P00008,Adda Joseph A,Adda Joseph 1\,,,C00745,\.omité de Surveillance de la S.A. Agricole cL Industrielle d'EgypLe,\.omité de Surveillance de la S.A. Agricole cL Industrielle d'EgypLe,president,0,,,,9,250
440,1938,P00008,Adda Joseph A,Adda Joseph 1\,,,C00581,"Société Jnduslricl\c des Asplla.Hcs cL Pétroles de Lattaquié ct de la Egyptian \Vorks & Constructions Co., S.A.E","Société Jnduslricl\c des Asplla.Hcs cL Pétroles de Lattaquié ct de la Egyptian \Vorks & Constructions Co., S.A.E",director,0,,,,9,250
441,1938,P00176,Adda Hené i\le,Adda Hené i\le,,,C00774,cl'J\clministralion de la. S.A. des Chemins de Fer l\.éneh-Assouan ct de la. S.A. des Halles Centralesd'Egypte,cl'J\clministralion de la. S.A. des Chemins de Fer l\.éneh-Assouan ct de la. S.A. des Halles Centralesd'Egypte,member,0,,,,9,250
442,1938,P00177,Adda Victot· A,Adda Victot· A,,,C00471,S.A. des Immcul.Jlcs de l'E,S.A. des Immcul.Jlcs de l'E,president,0,,,,9,251
443,1938,P00177,Adda Victot· A,Adda Victot· A,,,C00051,Commercial Bank of Egypt,Commercial Bank of Egypt,president,0,,,,9,251
444,1938,P00178,Adès Elie N,Adès Elie N,,,C00712,The ational Pctrolrum Co. ct de la Société Egyptienne des P6L!·olcs,The ational Pctrolrum Co. ct de la Société Egyptienne des P6L!·olcs,director,0,,,,9,251
445,1938,P00179,Adès Gaston N,Adès Gaston N,,,C00543,Société Egyptienne de Ti,Société Egyptienne de Ti,director,0,,,,9,251
446,1938,P00180,Adès Uaphaël,Adès Uaphaël,,,C00835,p.i. de la Société Gé11én1lcd'Elcclricilé cL de Mécanique,p.i. de la Société Gé11én1lcd'Elcclricilé cL de Mécanique,manager,0,,,,9,251
447,1938,P00181,Aghiou,Aghiou,,,C00310,"Ccmocil d',\dlttiuislr<tltull de la S.,\. Financière cL Immobilière","Ccmocil d',\dlttiuislr<tltull de la S.,\. Financière cL Immobilière",president,0,,,,9,251
448,1938,P00182,Agnew Anch·ew,Agnew Anch·ew,,,C00648,The Anglo-Egy11tiun Oillïclcl,The Anglo-Egy11tiun Oillïclcl,director,0,,,,9,251
449,1938,P00182,Agnew Anch·ew,Agnew Anch·ew,,,C00780,"d ',\clminislmtion de l'.\lcxuudria Central Buildings","d ',\clminislmtion de l'.\lcxuudria Central Buildings",president,0,,,,9,251
450,1938,P00183,Allain Maurice,Allain Maurice,,,C00473,S.A. des Monts de Piété Egyptiens,S.A. des Monts de Piété Egyptiens,director,0,,,,9,252
451,1938,P00019,Allam Mohamed,Allam Mohamed Bey,bey,,C00564,"Société Egyptienne pour le Développement du Commerce clos légumes, Ft'uiLs & Fleurs","Société Egyptienne pour le Développement du Commerce clos légumes, Ft'uiLs & Fleurs",director,0,,,,9,252
452,1938,P00184,Allard Josse-Louis Baron,Allard Josse-Louis Baron,,,C00151,Société Belge-Egyptienne de l'Ezbékieh,Société Belge-Egyptienne de l 'Kzbékieh,director,0,,,,9,252
453,1938,P00185,Allemann Georges,Allemann Georges,,,C00162,Société Egyptienne de la Bourse Commerciale de Minet El Bassal,Société Egyptienne de la Bourse Commerciale de Minet El Bassal,president,0,,,,9,252
454,1938,P00185,Allemann Georges,Allemann Georges,,,C00016,Alexandria Insurance Co,Alexandria Insumnce Co,vice_president,0,,,,9,252
455,1938,P00185,Allemann Georges,Allemann Georges,,,C00765,"cl' Admini straLion de la Banque Belge ct Internationale en Egyptc, S.A.E","cl' Admini straLion de la Banque Belge ct Internationale en Egyptc, S.A.E",council_member,0,,,,9,252
456,1938,P00185,Allemann Georges,Allemann Georges,,,C00481,S.A.E. Carba,"S.A.E. "" Carba",council_member,0,,,,9,252
457,1938,P00185,Allemann Georges,Allemann Georges,,,C00531,"Société Cotonnière "" Maaracl ""·","Société Cotonnière "" Maaracl ""·",council_member,0,,,,9,252
458,1938,P00186,Alphandary Robert,Alphandary Robert,,,C00753,"cL Adn<inislratcur de la Pcllours, S.A.E","cL Adn<inislratcur de la Pcllours, S.A.E",manager,0,,,,9,252
459,1938,P00187,Ambron Aldo,Ambron Aldo,,,C00736,"Union ,lle.Tandrirze, Gm·nd O!ficie7· cle la Co'Uronnc d'Italie, Chevalier Sls. Mato-rice cC","Union ,lle.Tandrirze, Gm·nd O!ficie7· cle la Co'Uronnc d'Italie, Chevalier Sls. Mato-rice cC",vice_president,0,,,,9,252
460,1938,P00187,Ambron Aldo,Ambron Aldo,,,C00268,Aclnünislration de la Société Egyptiennecl 'Entreprises U t·baincs cL Rurales,Aclnünislration de la Société Egyptiennecl 'Entreprises U t·baincs cL Rurales,president,0,,,,9,252
461,1938,P00188,Amiel Raphaël,Amiel Raphaël,,,C00532,"Société Egyplicm1c des Industries Chimiques, S.A.E","Société Egyplicm1c des Industries Chimiques, S.A.E",director,0,,,,9,252
462,1938,P00189,Amin Samy,S.E. Amin Samy Pacha,pasha,s.e.,C00344,"Danque Mosscri, S.A.E","Danque Mosscri, S.A.E",director,0,,,,9,252
463,1938,P00190,Ancll'il t Col. Maurice,Ancll'il t Col. Maurice,,,C00510,Sociélé Française cles ConillllsliiJirs Uq11idrs,Sociélé Française cles ConillllsliiJirs Uq11idrs,president,0,,,,9,252
464,1938,P00190,Ancll'il t Col. Maurice,Ancll'il t Col. Maurice,,,C00505,Sociél6 .Egyplionnc des Pétroles,Sociél6 .Egyplionnc des Pétroles,president,0,,,,9,252
465,1938,P00190,Ancll'il t Col. Maurice,Ancll'il t Col. Maurice,,,C00737,Union Internationale des Puli'Olcs ct clc J'Union des PNrulcs des Martigues,Union Internationale des Puli'Olcs ct clc J'Union des PNrulcs des Martigues,president,0,,,,9,252
466,1938,P00191,Angeloglou Jean L,Angeloglou Jean L,,,C00624,Surveillance de la Banque de ContmcJ·cc,Surveillance de la Banque de ContmcJ·cc,president,0,,,,9,252
467,1938,P00192,Armstrong AHred,Armstrong AHred,,,C00727,"Tllc Invicla Manufaclnring Co. of Egypt, S.A..E","Tllc Invicla Manufaclnring Co. of Egypt, S.A..E",manager,0,,,,9,252
468,1938,P00193,At·msh·ong Lord,At·msh·ong Lord,,,C00200,The Cairo Electric Railways and Heliopolis Oases Co,Cairo Electric Railways & IIeliopolis Oases Co,vice_president,0,,,,9,253
469,1938,P00194,At·slan Abclalla,At·slan Abclalla Bey,bey,,C00391,Industrie Meunière d'Alexandrie,"Industrie Meunièred'Alexandrie, S.A.E",director,0,,,,9,253
470,1938,P00194,At·slan Abclalla,At·slan Abclalla Bey,bey,,C00537,"Société Egyptienne des Industries Chimiques, S.A.E","Société Egyptienne d'Industries Chimiques, S.A.E",director,0,,,,9,253
471,1938,P00195,Alla,Alla,,,C00432,"Pbaraonic Mail Line, S.A.E","Pbaraonic Mail Line, S.A.E",director,0,,,,9,253
472,1938,P00195,Alla,Alla,,,C00512,Sociét6 Egyptiennecle Filature et Tissage cle Laine,Sociét6 Egyptiennecle Filature et Tissage cle Laine,director,0,,,,9,253
473,1938,P00195,Alla,Alla,,,C00427,National Peh·oleum Cy,National Peh·oleum Cy,director,0,,,,9,253
474,1938,P00196,Audebeau Charles,Audebeau Charles Bey,bey,,C00545,"Société Egyptienne de Tuyaux, Poteaux et Produits en Ciment Armé","Société Egyptienne de Tuyaux, Poteaux et Produits en Ciment Armé",director,0,,,,9,253
475,1938,P00197,Auet· Conrad,Auet· Conrad,,,C00779,cle la Société Egyptienne de Ciment Portland Tourah,cle la Société Egyptienne de Ciment Portland Tourah,director,0,,,,9,253
476,1938,P00198,Awad Elias,S.E. Awad Elias Pacha,pasha,s.e.,C00348,"Eastern Co., S.A.E","Eastern Co., S.A.E",director,0,,,,9,253
477,1938,P00199,Awre Gilbm·t Chl'istophet·,Awre Gilbm·t Chl'istophet·,,,C00348,"Eastern Co., S.A.E","Eastern Co., S.A.E",member,0,,,,9,253
478,1938,P00200,Axeh·ood Matt M,Axeh·ood Matt M,,,C00333,"Crownegypt Co., S.A.E","Crownegypt Co., S.A.E",president,0,,,,9,253
479,1938,P00002,Badaoui,S.E. Badaoui,,s.e.,C00332,Contentieux clel'Etat,Contentieux clel'Etat,president,0,,,,9,253
480,1938,P00201,Bahad Tewfik,Bahad Tewfik,,,C00810,lion de~ la Danque Misr,lion de~ la Danque Misr,manager,0,,,,9,253
481,1938,P00201,Bahad Tewfik,Bahad Tewfik,,,C00415,Marché des Céréales au Sahel de Rod El Farag,Marché des Céréales au Sahel de Rod El Farag,president,0,,,,9,253
482,1938,P00202,Barl{aï Ben Zion,Barl{aï Ben Zion,,,C00434,"Peltours, S. A. E","Peltours, S. A. E",director,0,,,,9,254
483,1938,P00203,"Bal""lœr A. H","Bal""lœr A. H",,,C00548,Société Egyptienne de l'Industrie de Bonneterie,Société Egyptienne de l'Industrie de Bonneterie,director,0,,,,9,254
484,1938,P00204,Bat·ker,Bat·ker,,,C00694,"The Marconi Hadio Telegraph Co. of Egypt, S. A","The Marconi Hadio Telegraph Co. of Egypt, S. A",president,0,,,,9,254
485,1938,P00204,Bat·ker,Bat·ker,,,C00715,The rcw Egyptian Co,The rcw Egyptian Co,president,0,,,,9,254
486,1938,P00204,Bat·ker,Bat·ker,,,C00151,Société Belge-Egyptienne de l'Ezbékieh,Société Belge-Egyptienne de l'Ezb6kieh,president,0,,,,9,254
487,1938,P00204,Bat·ker,Bat·ker,,,C00751,ational Contrading Co. of Egypt,ational Contrading Co. of Egypt,president,0,,,,9,254
488,1938,P00204,Bat·ker,Bat·ker,,,C00103,National Insurance Co,National Jnsurance Co,vice_president,0,,,,9,254
489,1938,P00204,Bat·ker,Bat·ker,,,C00724,Tl1c rational Bank of Egypt,Tl1c rational Bank of Egypt,director,0,,,,9,254
490,1938,P00204,Bat·ker,Bat·ker,,,C00643,"The Alexandria Watcr Co., Ud","The Alexandria Watcr Co., Ud",director,0,,,,9,254
491,1938,P00204,Bat·ker,Bat·ker,,,C00366,Filature ationule d'Egyptc,Filature ationule d'Egyptc,director,0,,,,9,254
492,1938,P00204,Bat·ker,Bat·ker,,,C00547,Société Egyptienne de l'Industrie Textile el de la Société Egyptienne de la Bourse Commerciale de Minet El Bassal,Société Egyptienne de l'Industrie Textile el de la Société Egyptienne de la Bourse Commerciale de Minet El Bassal,director,0,,,,9,254
493,1938,P00205,Barld Edouard,Barld Edouard,,,C00793,elu Crédit,elu Crédit,managing_director,0,,,,9,254
494,1938,P00206,Ballino Elliott,Ballino Elliott,,,C00766,"cl' Administration de "" Asatra », S. A. E","cl' Administration de "" Asatra », S. A. E",president,0,,,,9,254
495,1938,P00207,Beattie Thomas,Beattic Thomas,,,C00692,"The Hinshelwood Paint & Oil Co. of Egypt, S.A.E","The Hinshelwood Paint & Oil Co. of Egypt, s.,\..E",vice_president,0,,,,9,254
496,1938,P00208,Bégué Emile,Bégué Emile,,,C00275,Alcxandria & 1\.amleh Railway Co,Alcxandria & 1\.amleh Railway Co,managing_director,0,,,,9,254
497,1938,P00209,Bchl'Cnd J. L,Bchl'Cnd J. L,,,C00388,Hosctta & Alcxandria lUce Mills ct de Bchrcnd & Co. Ltcl,Hosctta & Alcxandria lUce Mills ct de Bchrcnd & Co. Ltcl,president,0,,,,9,254
498,1938,P00209,Bchl'Cnd J. L,Bchl'Cnd J. L,,,C00258,'Administration de la British Oil & Cake Mills Ltd,'Administration de la British Oil & Cake Mills Ltd,council_member,0,,,,9,254
499,1938,P00210,Bella Alfl'cd,Bella Alfl'cd,,,C00837,rlu Conseil d'Administration de la S.A.E. de l'Industrie Fibres Textiles,rlu Conseil d'Administration de la S.A.E. de l'Industrie Fibres Textiles,member,0,,,,9,254
500,1938,P00211,Ben Asher Moïse,Ben Asher Moïse,,,C00434,"Peltours, S. A. E",Peltours. S.A.E,director,0,,,,9,255
501,1938,P00212,Benachi Alexandre L,Benachi Alexandre L,,,C00657,The Choremi l3enn.clli Cotton Co,The Choremi l3enn.clli Cotton Co,managing_director,0,,,,9,255
502,1938,P00213,Benachi Lucas Ant,Benachi Lucas Ant,,,C00750,"a ti on de The Simon At tz Stores, S.A.E","a ti on de The Simon At tz Stores, S.A.E",director,0,,,,9,255
503,1938,P00214,Bendedi,Bendedi,,,C00703,The Simon Artz,The Simon Artz,director,0,,,,9,255
504,1938,P00215,Benderli Simon,Bendel'li Simon,,,C00703,The Simon Artz,The Simon Artz,director,0,,,,9,255
505,1938,P00216,Benoist B:uon Louis de,Benoist B:uon Louis de,,,C00573,Société Générn.le des Sucrel'ies ct de la Raffineried'Egypte,Société Générn.le des Sucrel'ies ct de la Raffineried'Egypte,director,0,,,,9,255
506,1938,P00216,Benoist B:uon Louis de,Benoist B:uon Louis de,,,C00817,ln. Société Générale Immobilière d'Egypte,ln. Société Générale Immobilière d'Egypte,director,0,,,,9,255
507,1938,P00216,Benoist B:uon Louis de,Benoist B:uon Louis de,,,C00821,lu S. A. des Eaux du Caire,lu S. A. des Eaux du Caire,director,0,,,,9,255
508,1938,P00217,Besso Joseph M,Besso Joseph M,,,C00322,"Commission Permanente pour la Filature, le Tissage el les lndttst7·ies annexes CLLL 1\linistère elu Commerce el Lle l'industrie","Commission Permanente pour la Filature, le Tissage el les lndttst7·ies annexes CLLL 1\linistère elu Commerce el Lle l'industrie",member,0,,,,9,255
509,1938,P00217,Besso Joseph M,Besso Joseph M,,,C00741,Usines Textiles Al-1\,Usines Textiles Al-1\,director,0,,,,9,255
510,1938,P00218,Usines Textiles Al-Kallira,Usines Textiles Al-Kallira,,,C00789,elu Banco Italo-Egiziano. p,elu Banco ltalo-Egiziano,general_manager,0,,,,9,255
511,1938,P00218,Usines Textiles Al-Kallira,Usines Textiles Al-Kallira,,,C00723,Tite Egyplian Sull & Soda Co. Ucl,Tite Egyplian Sull & Soda Co. Ucl,member,0,,,,9,255
512,1938,P00218,Usines Textiles Al-Kallira,Usines Textiles Al-Kallira,,,C00509,Sociélé Financière el Industrielle d'Egypte cl de la United Egyplian Salt Llcl,Sociélé Financière el Industrielle d'Egypte cl de la United Egyplian Salt Llcl,member,0,,,,9,255
513,1938,P00219,BoHon Halph Peter,BoHon Halph Peter,,,C00769,"cl'Aclminislration de The Standard Oil Co. of Egypt, S.A","cl'Aclminislration de The Standard Oil Co. of Egypt, S.A",president,0,,,,9,255
514,1938,P00220,Bomonti Cm't,Bomonti Cm't,,,C00462,S.A. des Bières Bomonti -& Pyramides,S.A. des Bières Bomonti & Pyramides,director,0,,,,9,256
515,1938,P00221,Bordier Pierre,Bordiet· Pierre,,,C00067,Crédit Immobilier Suisse-Egyptien,Crédit Immobilier Suisse-Egyptien,president,0,,,,9,256
516,1938,P00222,Bosiano Constantin,Bosiano Constantin,,,C00429,"Nilc Oil Co., S.A.E","Nilc Oil Co., S.A.E",member,0,,,,9,256
517,1938,P00223,Bouchra Hanna Chal'les,Bouchra Hanna Chal'les,,,C00757,cl 'Administration de The Egyptian Delta Land & Investment Co,cl 'Administration de The Egyptian Delta Land & Investment Co,director,0,,,,9,256
518,1938,P00223,Bouchra Hanna Chal'les,Bouchra Hanna Chal'les,,,C00757,cl 'Administration de The Egyptian Delta Land & Investment Co,cl 'Administration de The Egyptian Delta Land & Investment Co,council_member,0,,,,9,256
519,1938,P00224,Boulle Léon,Boulle Léon,,,C00015,The Alexandria & Ramleh Railways Co. Ltd,Alexandria & Ramlel1 Railways Co,director,0,,,,9,256
520,1938,P00224,Boulle Léon,Boulle Léon,,,C00146,Tramways d'Alexandrie,Tramways d'Alexandrie,director,0,,,,9,256
521,1938,P00225,Bolll're Edouard,Bolll're Edouard,,,C00096,Land Bank of Egypt,Land Dank of Egypt,director,0,,,,9,256
522,1938,P00225,Bolll're Edouard,Bolll're Edouard,,,C00479,S.A. elu Béhéra,S.A. elu Béhéra,vice_president,0,,,,9,256
523,1938,P00225,Bolll're Edouard,Bolll're Edouard,,,C00479,S.A. elu Béhéra,S.A. elu Béhéra,director,0,,,,9,256
524,1938,P00032,Boyé Jean André,Boyé Jean André,,,C00349,Ecole Française cle Droit elu Ca.ire,Ecole Française cle Droit elu Ca.ire,manager,0,,,,9,256
525,1938,P00226,Boyer P,Boyer P,,,C00065,Crédit Foncier Egyptien,Crédit Foncier Egyptien,president,0,,,,9,256
526,1938,P00226,Boyer P,Boyer P,,,C00065,Crédit Foncier Egyptien,Crédit Foncier Egyptien,director,0,,,,9,256
527,1938,P00227,Bmndt El'llsl,Bmndt El'llsl,,,C00513,"Sociét6 de Ciment Portland de II6louan, S.A.E","Sociét6 de Ciment Portland de II6louan, S.A.E",member,0,,,,9,256
528,1938,P00228,Brereton II. R,Brereton II. R,,,C00064,Crédit Agricole d'Egypte,Crédit Agricole cl 'Egypte,liquidator,0,,,,9,256
529,1938,P00228,Brereton II. R,Brereton II. R,,,C00064,Crédit Agricole d'Egypte,Crédit Agricole cl 'Egypte,director,0,,,,9,256
530,1938,P00229,Bridson IL,Bridson IL,,,C00775,clc Tilc Manmc Co. of Egypt,clc Tilc Manmc Co. of Egypt,director,0,,,,9,256
531,1938,P00230,Bt·mmer :Frédéric,Bt·mmer :Frédéric,,,C00343,"Danquc Belgect Internationale en Egypte, S.A.E","Danquc Belgect Internationale en Egypte, S.A.E",director,0,,,,9,256
532,1938,P00231,Buchlea Constantin Dr,Buchlea Constantin Dr,,,C00503,SociéL6 du Cr6dit Minier cL,SociéL6 du Cr6dit Minier cL,manager,0,,,,9,256
533,1938,P00232,Hungenet· Alexand1·e,Hungenet· Alexand1·e,,,C00300,Banque de l'Union Parisienne,Banque de l'Union Parisienne,vice_president,0,,,,9,256
534,1938,P00232,Hungenet· Alexand1·e,Hungenet· Alexand1·e,,,C00809,lion de la Banque d'Athènes (Mcmbre du Comité de Paris),lion de la Banque d'Athènes (Mcmbre du Comité de Paris),director,0,,,,9,256
535,1938,P00233,Burlet Charles de,Burlet Charles de,,,C00847,à Bruxelles de la Société Belge Egyptienne de l'Ezbékieh,à Bruxelles de la Société Belge Egyptienne de l'Ezbékieh,managing_director,0,,,,9,257
536,1938,P00234,Buxton Robert V,Buxton Robert V,,,C00288,Anglo-Egyptian Oilfields,Anglo Egyptian Oilfields,director,0,,,,9,257
537,1938,P00235,Cadéménos Stavros Me,Cadéménos Stavros Me,,,C00428,Ncur,Ncur,director,0,,,,9,257
538,1938,P00236,Caias Pantazi,Caias Pantazi,,,C00403,Kal'r El Zayat Land Co,Kal'r El Zayat Land Co,director,0,,,,9,257
539,1938,P00237,Calambokidis A,Calambokidis A,,,C00197,The Associated Cotton Ginners,The Associated Cotton Ginners,managing_director,0,,,,9,257
540,1938,P00238,Callens Auguste,Callens Auguste,,,C00030,Banque Belge et Internationale en Egypte,"Banque Belge et Intemationale en Egypte, S.A.E",president,0,,,,9,257
541,1938,P00239,Campbell The Hon,Campbell The Hon,,,C00254,"""é de la Marconi Radio Telegraph Co. of Egypt, S.A.E","""é de la Marconi Radio Telegraph Co. of Egypt, S.A.E",managing_director,0,,,,9,257
542,1938,P00240,Campos Amedgo,Campos Amedgo,,,C00776,clc la S.A. Agricole et Industrielle d 'Egypte,clc la S.A. Agricole et Industrielle d 'Egypte,president,0,,,,9,257
543,1938,P00035,Campos Benvenuto,Campos Benvenuto,,,C00371,"General Society for Banking, Trading & Land Enterprises, S.A.E","General Society for Banking, Trading & Land Enterprises, S.A.E",member,0,,,,9,257
544,1938,P00036,Campos Giuseppe,Campos Giuseppe,,,C00371,"General Society for Banking, Trading & Land Enterprises, S.A.E","General Society for Banking, Trading & Land Enterprises, S.A.E",director,0,,,,9,257
545,1938,P00241,Campos Hans,Campos Hans,,,C00689,The Gharbieh Land Co. (Résiùant à Londres),The Gharbieh Land Co. (Résiùant à Londres),director,0,,,,9,257
546,1938,P00242,Ca1·ter Robm1,Ca1·ter Robm1,,,C00637,The Aboul<ir Co,The Aboul<ir Co,president,0,,,,9,258
547,1938,P00243,Carton de Wiart Edmond Baron,Ca1·ton de Wiart Edmond Baron,,,C00317,"Comcil d'Administration de la Banque Belge et Internationale en Egypte, S.A.E","Comcil d'Administration de la Banque Belge et Internationale en Egypte, S.A.E",member,0,,,,9,258
548,1938,P00038,Carver H. B,Carver H. B,,,C00175,Société Générale de Pressage cl de Dépôts,Société Générale de Pressage cl de Dépôts,president,0,,,,9,258
549,1938,P00038,Carver H. B,Carver H. B,,,C00162,Société Egyptienne de la Bourse Commerciale de Minet El Bassal,Société Egyptienne de la Bourse Commerciale de Minet El Bassal,director,0,,,,9,258
550,1938,P00244,Cassavetti Demetl'ious John,Cassavetti Demetl'ious John,,,C00320,Commercial Bank of the Near East,Commercial Bank of the Ncar East,director,0,,,,9,258
551,1938,P00245,Castelletti,Castelletti,,,C00028,Banco Italo-Egiziano,Banco Italo-Egiziano,director,0,,,,9,258
552,1938,P00246,Castro Charles V,Castro Charles V,,,C00684,The Engineering Co of Egypl,The Engineering Co of Egypl,managing_director,0,,,,9,258
553,1938,P00247,Casulli Jean N,Casulli Jean N,,,C00483,S.A.E. Immobilière cl' Alexandrie,S.A.E. Immobilière cl' Alexandrie,director,0,,,,9,258
554,1938,P00248,Casulli Michel S,Casulli Michel S,,,C00373,The Gharbieh Ginning Co,The Gharbieh Ginning Co,president,0,,,,9,258
555,1938,P00248,Casulli Michel S,Casulli Michel S,,,C00571,Société Générale de Pressage,Société Générale de Pressage,director,0,,,,9,258
556,1938,P00248,Casulli Michel S,Casulli Michel S,,,C00346,Dépôts,Dépôts,director,0,,,,9,258
557,1938,P00039,Cattaui Aslan,Cattaui Aslan Bey,bey,,C00380,Gouvemement à la National Bank of Egypt,Gouvemement à la National Bank of Egypt,auditor,0,,,,9,258
558,1938,P00039,Cattaui Aslan,Cattaui Aslan Bey,bey,,C00231,Union Foncière d'Egypte,Union Foncièred'Egypte,delegate,0,,,,9,258
559,1938,P00039,Cattaui Aslan,Cattaui Aslan Bey,bey,,C00354,Egyptian Finance Cy,The Egyptian Finance Co,delegate,0,,,,9,258
560,1938,P00039,Cattaui Aslan,Cattaui Aslan Bey,bey,,C00104,National Insurance Co. of Egypt,The National Insurance Co. of Egypt,delegate,0,,,,9,258
561,1938,P00039,Cattaui Aslan,Cattaui Aslan Bey,bey,,C00594,Société de Tissage et T1·icotage. S.A.E,Société de Tissage et T1·icotage. S.A.E,delegate,0,,,,9,258
562,1938,P00039,Cattaui Aslan,Cattaui Aslan Bey,bey,,C00700,"The Pharaonic Mail Lino, S.A.E","The Pharaonic Mail Lino, S.A.E",delegate,0,,,,9,258
563,1938,P00039,Cattaui Aslan,Cattaui Aslan Bey,bey,,C00728,Tlle Imperial,Tlle Imperial,delegate,0,,,,9,258
564,1938,P00042,Cattaui E:mile,Catlaui Emile,,,C00402,Kafr el Zayat Collan Co,Kafr el Zayat Collan Co,director,0,,,,9,258
565,1938,P00249,Cattaui Hector de,Cattaui Hector de,,,C00604,Société des Chemins du Fer Ecneh-Assouan,Société des Chemins du Fer Ecneh-Assouan,managing_director,0,,,,9,258
566,1938,P00043,Cattaui Joseph A.,S.E. Cattaui Joseph A. Pacha,pasha,s.e.,C00822,lu S.A. de\Vacli 1\.om Omho,lu S.A. de\Vacli 1\.om Omho,president,0,,,,9,259
567,1938,P00043,Cattaui Joseph A.,S.E. Cattaui Joseph A. Pacha,pasha,s.e.,C00316,Cie. Frigorifi.que cl'Egypt!,Cie. Frigorifique cl'Egyple,president,0,,,,9,259
568,1938,P00043,Cattaui Joseph A.,S.E. Cattaui Joseph A. Pacha,pasha,s.e.,C00824,lu S.A. desllulles Centrales d'EgypLe,lu S.A. desllulles Centrales d'EgypLe,president,0,,,,9,259
569,1938,P00043,Cattaui Joseph A.,S.E. Cattaui Joseph A. Pacha,pasha,s.e.,C00832,nion Foncière d'Egypte,nion Foncière d'Egypte,president,0,,,,9,259
570,1938,P00043,Cattaui Joseph A.,S.E. Cattaui Joseph A. Pacha,pasha,s.e.,C00567,Société Foncière elu Domaine de Cheikh Fuell,Société Foncière elu Domaine de Cheikh Fuell,president,0,,,,9,259
571,1938,P00043,Cattaui Joseph A.,S.E. Cattaui Joseph A. Pacha,pasha,s.e.,C00465,S.A. des Cigm·eL Les Ciauaclis,S.A. des Cigm·eL Les Ciauaclis,president,0,,,,9,259
572,1938,P00043,Cattaui Joseph A.,S.E. Cattaui Joseph A. Pacha,pasha,s.e.,C00469,S.A. des Eaux elu Caire,S.A. des Eaux elu Caire,president,0,,,,9,259
573,1938,P00043,Cattaui Joseph A.,S.E. Cattaui Joseph A. Pacha,pasha,s.e.,C00572,Société Générale des Suneries,Société Générale des Suneries,president,0,,,,9,259
574,1938,P00043,Cattaui Joseph A.,S.E. Cattaui Joseph A. Pacha,pasha,s.e.,C00386,Haffinel'ie cl'Egypte,Haffinel'ie cl'Egypte,president,0,,,,9,259
575,1938,P00044,Cattaui René,Cattaui René Bey,bey,,C00585,Société Royale d'Agriculture,Société Royale d'Agriculture,director,0,,,,9,259
576,1938,P00044,Cattaui René,Cattaui René Bey,bey,,C00732,Traclor Co of Egypt,Traclor Co of Egypt,director,0,,,,9,259
577,1938,P00044,Cattaui René,Cattaui René Bey,bey,,C00570,Société Générale Immobilière d'Egypte,Société Générale Immobilière d'EgypLe,director,0,,,,9,259
578,1938,P00044,Cattaui René,Cattaui René Bey,bey,,C00561,Société Egyptienne pour le Developpement et le Commerce des,Société Egyptienne pour le Developpement et le Commerce des,director,0,,,,9,259
579,1938,P00250,Chaaraoui Hassan,S.E. Chaaraoui Hassan Pacha,pasha,s.e.,C00619,"Sté. Egyptienne des Industries Chimiques, S.A.E","Sté. Egyptienne des Industries Chimiques, S.A.E",director,0,,,,9,259
580,1938,P00251,Chalom C,Chalom C,,,C00495,Sidi Salem Co. of Egypt,Sidi Salem Co. of Egypt,director,0,,,,9,259
581,1938,P00251,Chalom C,Chalom C,,,C00231,Union Foncière d'Egypte,Union Foncière d'Egypte,director,0,,,,9,259
582,1938,P00252,Chale Charles Geoîh·ey,Chale Charles Geoîh·ey,,,C00348,"Eastern Co., S.A.E","Eastern Co, S.A.E",president,0,,,,9,259
583,1938,P00253,Choremi Georges J,Choremi Georges J,,,C00656,The Choremi Benachi Cotton Co,The Choremi Benachi Cotton Co,director,0,,,,9,259
584,1938,P00254,Choucri Mahmoud,S.E. Choucri Mahmoud Pacha,pasha,s.e.,C00064,Crédit Agricole d'Egypte,Crédit Agricole d'Egypte,president,0,,,,9,260
585,1938,P00254,Choucri Mahmoud,S.E. Choucri Mahmoud Pacha,pasha,s.e.,C00064,Crédit Agricole d'Egypte,Crédit Agricole d'Egypte,managing_director,0,,,,9,260
586,1938,P00254,Choucri Mahmoud,S.E. Choucri Mahmoud Pacha,pasha,s.e.,C00336,Crédit Hypothécaire Agricole d'Egypte,Crédit Hypothécaire Agricole d'Egypte,president,0,,,,9,260
587,1938,P00254,Choucri Mahmoud,S.E. Choucri Mahmoud Pacha,pasha,s.e.,C00336,Crédit Hypothécaire Agricole d'Egypte,Crédit Hypothécaire Agricole d'Egypte,managing_director,0,,,,9,260
588,1938,P00254,Choucri Mahmoud,S.E. Choucri Mahmoud Pacha,pasha,s.e.,C00367,Société Egyptienne de Filature,Société Egyptienne de Filature,president,0,,,,9,260
589,1938,P00254,Choucri Mahmoud,S.E. Choucri Mahmoud Pacha,pasha,s.e.,C00720,Tissage de Laine,Tissage de Laine,president,0,,,,9,260
590,1938,P00254,Choucri Mahmoud,S.E. Choucri Mahmoud Pacha,pasha,s.e.,C00030,Banque Belge et Internationale en Egypte,Banque Belge & Internationale en Egypte,vice_president,0,,,,9,260
591,1938,P00254,Choucri Mahmoud,S.E. Choucri Mahmoud Pacha,pasha,s.e.,C00629,Technique de la Nitrate Corporation of Chile Ltd. (Egypt and Near East Branch),Technique de la Nitrate Corporation of Chile Ltd. (Egypt & Near East Branch),adviser,0,,,,9,260
592,1938,P00048,Christomanos A. Max,Christomanos Max,,,C00034,Banque d'Athènes à Alexandrie,Banque d'Athènes à Alexandrie,manager,0,,,,9,260
593,1938,P00048,Christomanos A. Max,Christomanos Max,,,C00216,Gabbari Land Co,The Gabbari Land Co,director,0,,,,9,260
594,1938,P00048,Christomanos A. Max,Christomanos Max,,,C00304,"Building Lands of Egypt, Ltd, (En liquidation)","Building Lands of Egypt, Ltd, (En liquidation)",director,0,,,,9,260
595,1938,P00049,Cicurel David,CicUl'el David,,,C00282,Alexandrin,Alexandrin,director,0,,,,9,260
596,1938,P00255,Cicurel Elvira Mme,Cicurel Elvira Mme,,,C00381,Grands,Grands,director,0,,,,9,260
597,1938,P00256,CicUl'cl J'oseph,CicUl'cl J'oseph,,,C00381,Grands,Grands,president,0,,,,9,260
598,1938,P00256,CicUl'cl J'oseph,CicUl'cl J'oseph,,,C00381,Grands,Grands,director,0,,,,9,260
599,1938,P00257,Clark G. H,Clark G. H,,,C00306,Caisse Hypothécaire d'Egypte,Caisse Hypothécaire d'Egypte,director,0,,,,9,260
600,1938,P00258,Clark Henry,Clarl< Henry,,,C00476,S.A. des Terrains de Guizeh-Rodah,S.A. des Terrains Guizeh-Rodah,director,0,,,,9,260
601,1938,P00259,Coconi Jean D,Coconi Jean D,,,C00373,The Gharbieh Ginning Co,Gharbieh Ginning Co,director,0,,,,9,260
602,1938,P00260,Coen Edouard,Coen Edouard,,,C00391,Industrie Meunière d'Alexandrie,Industrie Meunière d'Alexandrie,managing_director,0,,,,9,260
603,1938,P00261,Coen James,Coen James,,,C00391,Industrie Meunière d'Alexandrie,"Industrie,Meunière d'Alexandrie",managing_director,0,,,,9,260
604,1938,P00262,Coen Maul'izio,Coen Maul'izio,,,C00391,Industrie Meunière d'Alexandrie,Industrie Meunière d'Alexandrie,president,0,,,,9,260
605,1938,P00263,Cogels Baron Jean,Cogels Baron Jean,,,C00306,Caisse Hypothécaire d'Egypte,Caisse Hypothécaire d'Egypte,director,0,,,,9,260
606,1938,P00264,Cohen Aron,Cohen Aaron,,,C00410,"Maison d'Ameublement B. Pontremoli, S.A.E","Maison d'Ameublement. B. Pontremoli, S.A.E",director,0,,,,9,260
607,1938,P00265,Cohen Alîred N,Cohen Alîred N,,,C00613,Sociétéd'Avances Commerciales,Sociétéd'Avances Commerciales,president,0,,,,9,261
608,1938,P00265,Cohen Alîred N,Cohen Alîred N,,,C00613,Sociétéd'Avances Commerciales,Sociétéd'Avances Commerciales,managing_director,0,,,,9,261
609,1938,P00266,Cohen,Cohen,,,C00288,Anglo-Egyptian Oilfields,Anglo-Egyptian Oilfields,president,0,,,,9,261
610,1938,P00267,Cohen Victot·,Cohen Victot·,,,C00410,"Maison d'Ameublement B. Pontremoli, S.A.E","Maison d'Ameublements B. Pontremoli, S.A.E",director,0,,,,9,261
611,1938,P00268,Cohenca Monis,Cohenca Monis,,,C00399,"Josy Film, S.A.E","Josy Film, S.A.E",director,0,,,,9,261
612,1938,P00268,Cohenca Monis,Cohenca Monis,,,C00436,"Philips Orient, S.A","Philips Orient, S.A",managing_director,0,,,,9,261
613,1938,P00269,Collier Henry Dewat·d,Collier Henry Dewat·d,,,C00526,Société California Texas des Pétroles,Société California Texas des Pétroles,director,0,,,,9,261
614,1938,P00270,Constant Benjamin,Constant Benjamin,,,C00788,ear Ea t,ear Ea t,president,0,,,,9,261
615,1938,P00271,Constant,Constant,,,C00264,Near East,Near East,director,0,,,,9,261
616,1938,P00272,Constantinescu Michel Ingénicut·,Constantinescu Michel Ingénicut·,,,C00430,"Nile Oil Co., S.A.E","Nile Oil Co., S.A.E",vice_president,0,,,,9,261
617,1938,P00273,Constantinidis Emile,Constantinidis Emile,,,C00449,S.A. des Immeubles d'Egypte,S.A. des Immeubles d'Egypte,director,0,,,,9,261
618,1938,P00274,Conti Ettore,S.E. Conti Ettore,,s.e.,C00293,Banca Commerciale Italiana per l'Egitto,Banca Commerciale Italiana perl'Egitto,director,0,,,,9,261
619,1938,P00275,Cossery Edouard,Cossery Edouard Bey,bey,,C00255,"' Administmtion de la Société Egyptienne pour l'Exploitation de Mines et Carrières, S.A.E","' Administmtion de la Société Egyptienne pour l'Exploitation de Mines et Carrières, S.A.E",council_member,0,,,,9,261
620,1938,P00276,CI·ame1·-Robm·ts F. W,CI·ame1·-Robm·ts F. W,,,C00664,The Egyptian,The Egyptian,director,0,,,,9,261
621,1938,P00277,Crespi Silvio,S.E. Crespi Silvio,,s.e.,C00257,'Administration de la Banca Commerciale Italiana per l'Egitto,'Administration de la Banca Commerciale Italiana per l'Egitto,president,0,,,,9,261
622,1938,P00278,Critchley T.A.F,Critchley T.A.F,,,C00200,The Cairo Electric Railways and Heliopolis Oases Co,The Cairo Electric Railways & Heliopolis Oases Co,vice_president,0,,,,9,261
623,1938,P00278,Critchley T.A.F,Critchley T.A.F,,,C00200,The Cairo Electric Railways and Heliopolis Oases Co,The Cairo Electric Railways & Heliopolis Oases Co,director,0,,,,9,261
624,1938,P00278,Critchley T.A.F,Critchley T.A.F,,,C00463,S.A. des Chemins de Fer de la Basse-Egypte,S.A. des Chemins de Fer de la Basse Egypte,vice_president,0,,,,9,261
625,1938,P00278,Critchley T.A.F,Critchley T.A.F,,,C00463,S.A. des Chemins de Fer de la Basse-Egypte,S.A. des Chemins de Fer de la Basse Egypte,director,0,,,,9,261
626,1938,P00279,Curie! Elie M,Curie! Elie M,,,C00296,"Banque Mosséri, S.A.E","Banque Mosséri, S.A.E",managing_director,0,,,,9,261
627,1938,P00280,Curie! Maurice E,Curie! Maurice E,,,C00805,"la. Maison Mosseri, Curie! & Co","la. Maison Mosseri, Curie! & Co",partner,0,,,,9,261
628,1938,P00280,Curie! Maurice E,Curie! Maurice E,,,C00706,"The Tractor Cy. of Egypt, S.A.E","The Tractor Cy. of Egypt, S.A.E",director,0,,,,9,261
629,1938,P00281,Dabbah Maut·icc,Dabbah Maut·icc,,,C00645,The Anglo-Amc rican Tilc & Toul'isl Co,The Anglo-Amc rican Tilc & Toul'isl Co,member,0,,,,9,262
630,1938,P00281,Dabbah Maut·icc,Dabbah Maut·icc,,,C00451,S.A. Agricole ct Indus1ricllc d'Egyple ct clc la S.A. de Ntwigaliun Flm iule ct des Bateaux Onmibus,S.A. Agricole ct Indus1ricllc d'Egyple ct clc la S.A. de Ntwigaliun Flm iule ct des Bateaux Onmibus,member,0,,,,9,262
631,1938,P00282,Davis T. A,Davis T.A,,,C00407,"Maison Anderson, Clüylon & Co","Maison Anderson, Clüylon & Co",manager,0,,,,9,262
632,1938,P00282,Davis T. A,Davis T.A,,,C00697,"The Nile Ginning Co., S.A.E","The Nile Ginning Co., S.A.E",president,0,,,,9,262
633,1938,P00283,Delany,Delany,,,C00673,The Egyptian IIoLels Ud,The Egyptian IIoLels Ud,director,0,,,,9,262
634,1938,P00283,Delany,Delany,,,C00708,The Uppe1· Egypt Hotels Co,The Uppe1· Egypt Hotels Co,director,0,,,,9,262
635,1938,P00284,Dclaquis René,Dclaquis René,,,C00683,"The Eleclricity ,& lee Supply Co",The Eleclricity & lee Supply Co,director,0,,,,9,262
636,1938,P00285,Deleuze C,Deleuze C,,,C00457,S.A. d'Irrigation de Baliana eL de la Société Egyptienne d'Irrigation,S.A. d'Irrigation de Baliana eL de la Société Egyptienne d'Irrigation,director,0,,,,9,262
637,1938,P00286,Dcliyanni Basile,Dcliyanni Basile,,,C00330,Conseil d'Administration de la Banque d'Athènes,Conseil d'Administration de la Banqued'Athènes,member,0,,,,9,262
638,1938,P00287,Dellaporta Byron G,Dcllaporta Byron G,,,C00276,Alexandria Commercial Co,"Alexandria Commercial Co., S.A.E",vice_president,0,,,,9,262
639,1938,P00287,Dellaporta Byron G,Dcllaporta Byron G,,,C00485,S.A.E. d'Egrenage,S.A.E. d'Egrenage,managing_director,0,,,,9,262
640,1938,P00287,Dellaporta Byron G,Dcllaporta Byron G,,,C00359,Enil'ep()Ls,Enil'ep()Ls,managing_director,0,,,,9,262
641,1938,P00287,Dellaporta Byron G,Dcllaporta Byron G,,,C00455,S.A. Immobilière des Terrains Guizelln.odall,S.A. Immobilière des Terrains Guizelln.odall,director,0,,,,9,262
642,1938,P00287,Dellaporta Byron G,Dcllaporta Byron G,,,C00127,S.A. des Presses Libres Egyptiennes,S.A. des Presses Libres Egyptiennes,director,0,,,,9,262
643,1938,P00288,Det·vieu P,Det·vieu P,,,C00474,S.A. des Monts de Piété Egyptiens. (l~ésidant à Paris),S.A. des Monts de Piété Egyptiens. (l~ésidant à Paris),president,0,,,,9,262
644,1938,P00289,Destrée René,Deslt'ée René,,,C00764,"cl' ,\dminislralion de la Banque Belge et Intemalionale en Egypte, S.A.E","cl' ,\dminislralion de la Banque Belge et Intemalionale en Egypte, S.A.E",council_member,0,,,,9,262
645,1938,P00290,Diacono Ileclot· V,Diacono Ileclot· V,,,C00803,"i\nglo-Amel'ican ?'-l""ile & Tourist Co","i\nglo-Amel'ican ?'-l""ile & Tourist Co",delegate,0,,,,9,262
646,1938,P00290,Diacono Ileclot· V,Diacono Ileclot· V,,,C00803,"i\nglo-Amel'ican ?'-l""ile & Tourist Co","i\nglo-Amel'ican ?'-l""ile & Tourist Co",general_manager,0,,,,9,262
647,1938,P00291,Diucono R. O,Diucono R. O,,,C00289,The Anglo-American Nile & Tourist Co,Anglo-American Nilo & TourisL Co,president,0,,,,9,263
648,1938,P00291,Diucono R. O,Diucono R. O,,,C00830,lu Société de Navigation Fluviale cL des Bateaux Omnibus,lu Société de Navigation Fluviale cL des Bateaux Omnibus,president,0,,,,9,263
649,1938,P00292,Dierman Piel'l'c,Dierman Piel'l'c,,,C00744,"Usinrs Textiles Al-Knllira, S.,\.E","Usinrs Textiles Al-Knllira, S.,\.E",vice_president,0,,,,9,263
650,1938,P00293,Dol'l'a Jacques,Dol'l'a Jacques,,,C00548,Société Egyptienne de l'Industrie de Bonneterie,Société Egyptienne de l'Industrie de Bonneterie,director,0,,,,9,263
651,1938,P00294,Dubanc Joseph Me,Dubanc Joseph Me,,,C00514,Société,Société,director,0,,,,9,263
652,1938,P00295,Dubied Pierre,Dubied Pierre,,,C00538,Société Egyptienne de Ciment Porlland,Société Egyptienne de Ciment Porlland,director,0,,,,9,263
653,1938,P00296,Dulœs Et·ic,Dulœs Et·ic,,,C00454,S.A. Immobilière des Terrains Guizch-Hoclnll el Aclministmleur de The Alexandria Commercial Co,S.A. Immobilière des Terrains Guizch-Hoclnll el Aclministmleur de The Alexandria Commercial Co,delegate,0,,,,9,263
654,1938,P00297,EHiatoun Mohamcd,S.E. EHiatoun Mohamcd Pacha,pasha,s.e.,C00792,"elu Con cil d'Administrationcle The l\lcnzuleil Canal & ~avigalion Co., S.A.E","elu Con cil d'Administrationcle The l\lcnzuleil Canal & ~avigalion Co., S.A.E",member,0,,,,9,263
655,1938,P00298,Eicl Raymond,Eicl Raymond,,,C00472,S.A. des Monts cie,S.A. des Monts cie,director,0,,,,9,263
656,1938,P00299,Eliasco J. C,Eliasco C. J,,,C00297,Banque d'Athènes,Banque d'Athènes,general_manager,0,,,,9,264
657,1938,P00299,Eliasco J. C,Eliasco J. C,,,C00297,Banque d'Athènes,Banque d'Athènes,president,0,,,,9,264
658,1938,P00299,Eliasco J. C,Eliasco J. C,,,C00297,Banque d'Athènes,Banque d'Athènes,general_manager,0,,,,9,264
659,1938,P00300,Le Caire,Le Caire,,,C00262,"'Administration de la Société de Ciment Portland de Hélouan, S.A.E","'Administration de la Société de Ciment Portland de Hélouan, S.A.E",member,0,,,,9,264
660,1938,P00300,Le Caire,Le Caire,,,C00309,"Carrier-Egypt, S.A.E","Carrier-Egypt, S.A.E",managing_director,0,,,,9,264
661,1938,P00300,Le Caire,Le Caire,,,C00309,"Carrier-Egypt, S.A.E","Carrier-Egypt, S.A.E",president,0,,,,9,264
662,1938,P00300,Le Caire,Le Caire,,,C00617,Stanclsrd Oil Co. of Egypt,Stanclsrd Oil Co. of Egypt,director,0,,,,9,264
663,1938,P00300,Le Caire,Le Caire,,,C00420,"Misr Concrete Developmt'nt Cy., S.A.E","Misr Concrete Development Cy., S.A.E",director,0,,,,9,264
664,1938,P00301,Eloui Mme Elisabeth,Eloui Mme Elisabeth,,,C00308,Carricr,Carricr,director,0,,,,9,264
665,1938,P00302,Général de la Misr Airwork,Général de la Misr Airwork,,,C00418,Misr Aü·,Misr,director,0,,,,9,264
666,1938,P00303,El Sayed Abdel Rahman,El Sayed Abdel Rahman Bey,bey,,C00361,"Fabrique des Produits Chimiques, S.A.E","Fabrique des Produits Chimiques, S.A.E",president,0,,,,9,264
667,1938,P00304,El-Toukhy Abdel Baki Taha,El-Toukhy Abdel Baki Taha,,,C00729,"Toukhy's Co. for Sundries & Toys, S.A.E","Toukhy's Co. for Sundries and Toys, S.A.E",director,0,,,,9,264
668,1938,P00305,El-Toul hy Abdel Fattah Taha,El-Toul hy Abdel Fattah Taha,,,C00730,"Toul<hy's Co. for Sundl'ies and Toys, S.A.F","Toul<hy's Co. for Sundl'ies and Toys, S.A.F",director,0,,,,9,264
669,1938,P00306,EI-Toukhy El Sayed Ahmed,EI-Toukhy El Sayed Ahmed,,,C00729,"Toukhy's Co. for Sundries & Toys, S.A.E","Toukhy's Co. for Sundries & Toys, S.A.E",director,0,,,,9,264
670,1938,P00307,EI-Tould1y Hassan Ahmed,EI-Tould1y Hassan Ahmed,,,C00729,"Toukhy's Co. for Sundries & Toys, S.A.E","Toukhy's Co. for Sundries & Toys, S.A.E",president,0,,,,9,264
671,1938,P00307,EI-Tould1y Hassan Ahmed,EI-Tould1y Hassan Ahmed,,,C00729,"Toukhy's Co. for Sundries & Toys, S.A.E","Toukhy's Co. for Sundries & Toys, S.A.E",managing_director,0,,,,9,264
672,1938,P00308,EI-Toukhy Mohamed Ahmed,EI-Toukhy Mohamed Ahmed,,,C00729,"Toukhy's Co. for Sundries & Toys, S.A.E","Toukhy's Co. for Sundries and Toys, S.A.E",director,0,,,,9,264
673,1938,P00309,El-Toul hy Taha Ahmed,El-Toul hy Taha Ahmed,,,C00729,"Toukhy's Co. for Sundries & Toys, S.A.E","Toukhy's Co. for Sundries & Toys, S.A.E",director,0,,,,9,264
674,1938,P00310,El Zayat,El Zayat,,,C00729,"Toukhy's Co. for Sundries & Toys, S.A.E","Toukhy's Co. for Sundries & Toys, S.A.E",vice_president,0,,,,9,264
675,1938,P00311,Empain M. le Bar-on Jean,Empain M. le Bar-on Jean,,,C00653,The Cairo Electl'ic Railways & Heliopolis Oases Co,The Cairo Electl'ic Railways & Heliopolis Oases Co,president,0,,,,9,264
676,1938,P00311,Empain M. le Bar-on Jean,Empain M. le Bar-on Jean,,,C00638,The African Enterprise &,The African Enterprise &,president,0,,,,9,264
677,1938,P00312,Empain Baron Louis,Empain M. le Baron Louis,,,C00833,nombreuses sociétés belges et étrangères,nombreuses sociétés belges et étrangères,director,0,,,,9,265
678,1938,P00313,Empedocles Gregory,Empedocles Gregory,,,C00320,Commercial Bank of the Near East,Commercial Bank of the Near East,director,0,,,,9,265
679,1938,P00314,Epaulat·d P,Epaulat·d P,,,C00273,Agence du Crédit Lyonnais à Alexandrie,Agence du Crédit Lyonnais à Alexandrie,manager,0,,,,9,265
680,1938,P00314,Epaulat·d P,Epaulat·d P,,,C00578,"Société Immobilièred'Alexandrie, S.A.E",Société Immobilièred'Alexandrie,director,0,,,,9,265
681,1938,P00315,Erfan Mohamed,El'fan Mohamed Bey,bey,,C00212,The Egyptian Enterprise & Development Co,The Egyptian Enterprise & Development Co,director,0,,,,9,265
682,1938,P00316,El'l'era Isaac,El'l'era Isaac,,,C00131,Salonica Cigarette Co,Salonica Cigarette Co,director,0,,,,9,265
683,1938,P00316,El'l'era Isaac,El'l'era Isaac,,,C00369,Fédération des Industries du Tabac,Fédération des Industries du Tabac,vice_president,0,,,,9,265
684,1938,P00317,Bassal,Bassal,,,C00437,Plage de Sahel,Plage de Sahel,manager,0,,,,9,265
685,1938,P00318,El Borollos,El Borollos,,,C00599,Société des Autobus de Béhéra,Société des Autobus de Béhéra,director,0,,,,9,265
686,1938,P00318,El Borollos,El Borollos,,,C00372,Gharbieh,Gharbieh,director,0,,,,9,265
687,1938,P00319,Eslabt•ool{ Edward Lewis,Eslabt•ool{ Edward Lewis,,,C00618,"The Standard Oil Co. of Egypt, S.A","The Standard Oil Co. of Egypt, S,A",director,0,,,,9,265
688,1938,P00320,Eugenicli E,Eugenicli E,,,C00302,Banquecl' Athènes,Banquecl' Athènes,director,0,,,,9,265
689,1938,P00321,Eves II. B. Heath,Eves II. B. Heath,,,C00288,Anglo-Egyptian Oilfields,Anglo-Egyptian Oilfields,director,0,,,,9,265
690,1938,P00322,Exbrayal,Exbrayal,,,C00300,Banque de l'Union Parisienne,Banque de l'Union Parisienne,director,0,,,,9,265
691,1938,P00322,Exbrayal,Exbrayal,,,C00297,Banque d'Athènes,Banque d'Athènes,vice_president,0,,,,9,265
692,1938,P00322,Exbrayal,Exbrayal,,,C00319,Comité de Parisùe la Banque d'Athènes),Comité de Parisùe la Banque d'Athènes),president,0,,,,9,265
693,1938,P00323,Ezri Emmanuel,Ezri Emmanuel,,,C00816,ln Société des Biens de Rapport cl' Egypte,ln Société des Biens de Rapport cl' Egypte,director,0,,,,9,265
694,1938,P00323,Ezri Emmanuel,Ezri Emmanuel,,,C00816,ln Société des Biens de Rapport cl' Egypte,ln Société des Biens de Rapport cl' Egypte,manager,0,,,,9,265
695,1938,P00324,Fahmi Gallini l~acha,S.E. Fahmi Gallini l~acha,,s.e.,C00335,Crédit Agricole cL du CrédiL llypoLhécaim Egyptien,Crédit Agricole cL du CrédiL llypoLhécaim Egyptien,director,0,,,,9,266
696,1938,P00324,Fahmi Gallini l~acha,S.E. Fahmi Gallini l~acha,,s.e.,C00530,Société CopLe de Bienfaisance cL de l'IlOpilal Copte,Société CopLe de Bienfaisance cL de l'IlOpilal Copte,member,0,,,,9,266
697,1938,P00325,Faklll'i Mahmoud,S.E. Faklll'i Mahmoud Pacha,pasha,s.e.,C00270,Adn1inisLraiion de The Cairo Elcclric Hailways & Heliopolis Oascs Co. cL de la S.A. des Eaux du Caire,Adn1inisLraiion de The Cairo Elcclric Hailways & Heliopolis Oascs Co. cL de la S.A. des Eaux du Caire,council_member,0,,,,9,266
698,1938,P00326,Fannc•· William Rogm·s,Fannc•· William Rogm·s,,,C00687,The General AcciclcnL Fire & Lifc Assurance Corp. Lld,The General AcciclcnL Fire & Lifc Assurance Corp. Lld,member,0,,,,9,266
699,1938,P00327,Fa•·ahat Vila,Fa•·ahat Vila,,,C00747,"\dminisLraLion de la S.E. des Tuyaux, PoLcaux ct ProduiLs en Ciment Armé ct dr la Banque i\Iosscri, S. A. E","\dminisLraLion de la S.E. des Tuyaux, PoLcaux ct ProduiLs en Ciment Armé ct dr la Banque i\Iosscri, S. A. E",member,0,,,,9,266
700,1938,P00328,Fat·ghaly,Fat·ghaly,,,C00271,AdwinisLrution de lu S. A. des Presses Libres Egyplie11ncs,AdwinisLrution de lu S. A. des Presses Libres Egyplie11ncs,council_member,0,,,,9,266
701,1938,P00328,Fat·ghaly,Fat·ghaly,,,C00475,S.A. des Tcnes Hn1·cs d'Egypte,S.A. des Tcnes Hn1·cs d'Egypte,council_member,0,,,,9,266
702,1938,P00328,Fat·ghaly,Fat·ghaly,,,C00350,EgypLian Public \\'orks Co,EgypLian Public \\'orks Co,council_member,0,,,,9,266
703,1938,P00328,Fat·ghaly,Fat·ghaly,,,C00323,Compagnie C<'nérnlc Egypiiennc des PéLmlrs (Cogcp),Compagnie C<'nérnlc Egypiiennc des PéLmlrs (Cogcp),council_member,0,,,,9,266
704,1938,P00329,Fcndcl'l Hugo,Fcndcl'l Hugo,,,C00790,"elu Co11seil d',\clminislntlion de lo S.A. des Prcs.-cs Libres Eg~·pticunes","elu Co11seil d',\clminislntlion de lo S.A. des Prcs.-cs Libres Eg~·pticunes",vice_president,0,,,,9,266
705,1938,P00330,Fcn·o J. H,Fcn·o J. H,,,C00504,SociéLé des PublicaLions Egyptiennes,SociéLé des PublicaLions Egyptiennes,delegate,0,,,,9,266
706,1938,P00331,"Feyel""ick Jacques","Feyel""ick Jacques",,,C00306,Caisse Hypothécaire d'Egypte,Caisse Hypothécaire d'Egypte,director,0,,,,9,267
707,1938,P00060,Finney Harold E,Finney Harold E,,,C00127,S.A. des Presses Libres Egyptiennes,S.A. des Presses Libres Egyptiennes,director,0,,,,9,267
708,1938,P00060,Finney Harold E,Finney Harold E,,,C00493,S.E. des Terrains Glüzeh-Rodah,S.E. des Terrains Glüzeh-Rodah,director,0,,,,9,267
709,1938,P00060,Finney Harold E,Finney Harold E,,,C00276,Alexandria Commercial Co,Alexandria Commercial Co,director,0,,,,9,267
710,1938,P00061,Finney Oswald J,Finney Oswald,,,C00276,Alexandria Commercial Co,Alexandria Commercial Co,president,0,,,,9,267
711,1938,P00061,Finney Oswald J,Finney Oswald,,,C00127,S.A. des Presses Libres Egyptiennes,S. A. des Presses Libres Egyptiennes,president,0,,,,9,267
712,1938,P00061,Finney Oswald J,Finney Oswald,,,C00453,S.A. Immobilière des Terrains Ghizeh et Rodah,S.A. Immobilière des Terrains Guizch Rodah,president,0,,,,9,267
713,1938,P00061,Finney Oswald J,Finney Oswald,,,C00485,S.A.E. d'Egrenage,S.E. d'Egrenage,president,0,,,,9,267
714,1938,P00061,Finney Oswald J,Finney Oswald,,,C00360,Entrep6ls,Entrep6ls,president,0,,,,9,267
715,1938,P00061,Finney Oswald J,Finney Oswald,,,C00786,do l'Union Alexandrine,do l'Union Alexandrine,vice_president,0,,,,9,267
716,1938,P00061,Finney Oswald J,Finney Oswald,,,C00365,Filature Nationale cl'Egyplc,Filature Nationale cl'Egyplc,vice_president,0,,,,9,267
717,1938,P00061,Finney Oswald J,Finney Oswald,,,C00550,"Société Egyptienne de la Bourse Commerciale de Minet El B<,tssal",Société Egyptienne de la Bourse Commerciale de Minet El nassal,vice_president,0,,,,9,267
718,1938,P00061,Finney Oswald J,Finney Oswald,,,C00058,"Constructions Modernes, S. A. E","Constructions Modernes, S. A. E",vice_president,0,,,,9,267
719,1938,P00061,Finney Oswald J,Finney Oswald,,,C00607,Société des Produits Centrifugés en Ciment (Stac),Société des Produits Centrifugés en Ciment (Stac),vice_president,0,,,,9,267
720,1938,P00062,Fitzgerard Francis C. R. E,Fitzgei·ald Francis,,,C00783,del'Anglo-Belgian Co,del'Anglo-Belgian Co,president,0,,,,9,267
721,1938,P00062,Fitzgerard Francis C. R. E,Fitzgei·ald Francis,,,C00686,The Fayoum Light Railways Co,The Fayoum Light Railways Co,vice_president,0,,,,9,267
722,1938,P00063,Foster G. C,Foster G. C,,,C00128,S.A. du Béhéra,S. . du Béhéra,managing_director,0,,,,9,267
723,1938,P00332,F1·asm· William,F1·asm· William,,,C00288,Anglo-Egyptian Oilfields,Anglo-Egyptio.n Oilfields,director,0,,,,9,267
724,1938,P00065,Fumaroli J,Fumaroli,,,C00384,"Gérance Immobilière, S.A.E","Gérance Immobilière, S.A.E",president,0,,,,9,267
725,1938,P00065,Fumaroli J,Fumaroli,,,C00422,Modern Buildings,Modern Buildings,president,0,,,,9,267
726,1938,P00065,Fumaroli J,Fumaroli,,,C00370,GaJJIJo.ri Land Co. ct de la S.A. de Nettoyage ct Pressage de Coton,GaJJIJo.ri Land Co. ct de la S.A. de Nettoyage ct Pressage de Coton,director,0,,,,9,267
727,1938,P00333,Garboua Emile,Ga1·boua Emile,,,C00568,Société· Franco,Société Franco,director,0,,,,9,267
728,1938,P00334,Ga•·nou•· Gab!'icl,Ga•·nou•· Gab!'icl,,,C00586,Société Texas,Société Texas,director,0,,,,9,267
729,1938,P00335,Gclal'Ciin Jacques,Gclal'Ciin Jacques,,,C00826,lu Société Cotonnière d'Egypte,lu Société Cotonnière d'Egypte,director,0,,,,9,267
730,1938,P00336,Gr·ego Oscal',Gr·ego Oscal',,,C00393,"Industrie des Fibres Textiles, S.A.E","Industrie des Fibres Textiles, S.A.E",managing_director,0,,,,9,268
731,1938,P00069,Gasche Linus,Gasche Linus,,,C00364,Filature 1ationale d'Egypte,Filature 1ationale d'Egypte,managing_director,0,,,,9,268
732,1938,P00069,Gasche Linus,Gasche Linus,,,C00552,Société Egyptienne des Industries Textiles,Société Egyptienne des Industries Textiles,managing_director,0,,,,9,268
733,1938,P00069,Gasche Linus,Gasche Linus,,,C00553,Société Egyptienne des Industries de Bonneterie,Société Egyptienne des Industries de Bonneterie,managing_director,0,,,,9,268
734,1938,P00069,Gasche Linus,Gasche Linus,,,C00544,Société Egyptienne de Tissage et Tricotage,Société Egyptienne de Tissage et Tricotage,director,0,,,,9,268
735,1938,P00069,Gasche Linus,Gasche Linus,,,C00327,ComptoiJ' pour la Vente des Filés Egyptiens,ComptoiJ' pour la Vente des Filés Egyptiens,director,0,,,,9,268
736,1938,P00069,Gasche Linus,Gasche Linus,,,C00518,Société Anonyme Egyptienne (( Carba »,Société Anonyme Egyptienne (( Carba »,director,0,,,,9,268
737,1938,P00069,Gasche Linus,Gasche Linus,,,C00668,The Egyptian Copper Works,The Egyptian Copper Works,director,0,,,,9,268
738,1938,P00337,Gautier Charles,Gautier Charles,,,C00067,Crédit Immobilier Suisse-Egyptien,Crédit Immobilier Suisse-Egyptien,director,0,,,,9,268
739,1938,P00338,Geisenberget· Piene,Geisenberget· Piene,,,C00462,S.A. des Bières Bomonti -& Pyramides,S.A. des Bières Bomonti & Pyramides,managing_director,0,,,,9,268
740,1938,P00339,Ghali Youssef Boutros,Ghali Youssef Boutros Bey,bey,,C00758,cl 'Administration de The Gharbieh Land Co,cl 'Administration de The Gharbieh Land Co,council_member,0,,,,9,268
741,1938,P00340,Ghazi Mahrous Mohamed,Ghazi Maht·ous Mohamed,,,C00731,"Toul<hy's Co. for Sundries & Toys, S.A.E","Toul<hy's Co. for Sundries & Toys, S.A.E",director,0,,,,9,268
742,1938,P00341,Ghazi Moustapha Ramet,Ghazi Moustapha Ramet,,,C00762,"cl 'Administration de la Toukhy's Co. for Sundries & Toys, S.A.E. Giannotl.i, VitlO!'io, Commandeur de la Couronne d'Italie","cl 'Administration de la Toukhy's Co. for Sundries & Toys, S.A.E. Giannotl.i, VitlO!'io, Commandeur de la Couronne d'Italie",council_member,0,,,,9,268
743,1938,P00341,Ghazi Moustapha Ramet,Ghazi Moustapha Ramet,,,C00554,Société Egyptienne des Pétroles (S.E. P.),Société Egyptienne des Pétroles (S.A.E.),managing_director,0,,,,9,268
744,1938,P00341,Ghazi Moustapha Ramet,Ghazi Moustapha Ramet,,,C00106,National Petroleum Cy,National Petroleum Co,managing_director,0,,,,9,268
745,1938,P00341,Ghazi Moustapha Ramet,Ghazi Moustapha Ramet,,,C00154,Société Delta (Società Edile Egiziana),Société Delta (Società Edile Egiziana),president,0,,,,9,268
746,1938,P00341,Ghazi Moustapha Ramet,Ghazi Moustapha Ramet,,,C00506,Sociél6 des Terres Raresd'Egypte,Sociél6 des Terres Raresd'Egypte,director,0,,,,9,268
747,1938,P00071,Goar Edwin N. J,Goal' Edwin N. J,,,C00778,"cle la Communauté Israélite d'il/exandJ""ie","cle la Communauté Israélite d'il/exandJ""ie",vice_president,0,,,,9,268
748,1938,P00071,Goar Edwin N. J,Goal' Edwin N. J,,,C00725,Tl1e Alexandria Insurance Co,Tl1e Alexandria Insurance Co,director,0,,,,9,268
749,1938,P00342,Godbcr· Fr·cdcricl<,Godbcr· Fr·cdcricl<,,,C00288,Anglo-Egyptian Oilfields,Anglo-Egyptian Oilfields,director,0,,,,9,268
750,1938,P00343,Golding Chal'lcs Mc,Golding Chal'lcs Mc,,,C00734,"Trading & Industrial Corp., S.A.E","Trading& Industrial Corp., S.A.E",director,0,,,,9,268
751,1938,P00344,Goulène G,Goulène G,,,C00609,Société des Publications Egyptiennes,Société des Publications Egyptiennes,president,0,,,,9,268
752,1938,P00345,Grassi Gr. Uff. Carlo,Grassi Gr. Uff. Carlo,,,C00289,The Anglo-American Nile & Tourist Co,The Anglo-American Nile & Tourist Co,director,0,,,,9,268
753,1938,P00345,Grassi Gr. Uff. Carlo,Grassi Gr. Uff. Carlo,,,C00224,The United Egyptian Nile Transport Co,The United Egyptian Nile Transport Co,director,0,,,,9,268
754,1938,P00346,Grassi. Stanislas,Grassi. Stanislas,,,C00630,Technique de la Salonica Cigarette Co .. S. A. E,Technique de la Salonica Cigarette Co .. S. A. E,director,0,,,,9,269
755,1938,P00347,Gt·assi Ugo Oott,Gt·assi Ugo Oott,,,C00494,"Salonica Cigarette Co., S. A. E","Salonica Cigarette Co., S. A. E",managing_director,0,,,,9,269
756,1938,P00348,Gt·asso Oscar· Rag,Gt·asso Oscar· Rag,,,C00558,"Société Egyptienne pour l'ExploiLation de Mines cL Carrières, S.A.E","Société Egyptienne pour l'ExploiLation de Mines cL Carrières, S.A.E",managing_director,0,,,,9,269
757,1938,P00349,Gt·eenhalgh Thomas,Gt·eenhalgh Thomas,,,C00685,"The Engineering Co. of Egypt, S. A. E","The Engineering Co. of Egypt, S. A. E",director,0,,,,9,269
758,1938,P00350,Gt·egusci G,Gt·egusci G,,,C00175,Société Générale de Pressage cl de Dépôts,Société Générale de Pressage el de Dépôts,director,0,,,,9,269
759,1938,P00351,Gdmpt·el Maui'Ïce,Gdmpt·el Maui'Ïce,,,C00253,""" Nationale n, Société Anonymecl'Assun",""" Nationale n, Société Anonymecl'Assun",manager,0,,,,9,269
760,1938,P00351,Gdmpt·el Maui'Ïce,Gdmpt·el Maui'Ïce,,,C00116,Réunion des Compagnies d'Assurances sur la Vie,Réunion des Compagnies d'Assumnces sur la Vic,president,0,,,,9,269
761,1938,P00351,Gdmpt·el Maui'Ïce,Gdmpt·el Maui'Ïce,,,C00738,Union Syndicale des Compagnies d'Assurances à p1 imes fixes de toutenature,Union Syndicale des Compagnies d'Assurances à p1 imes fixes de toutenature,president,0,,,,9,269
762,1938,P00351,Gdmpt·el Maui'Ïce,Gdmpt·el Maui'Ïce,,,C00012,"« Al-Chark » (L'Orient), Société Anonyme Egyptienne cl' Assurances sur la Vie","« Al-Chark » (L'Orient), Société Anonyme Egyptienne cl' Assurances sur la Vie",director,0,,,,9,269
763,1938,P00352,Groppi J,Groppi A,,,C00397,J'Industrie du Froid,J'Industrie du Froid,director,0,,,,9,269
764,1938,P00352,Groppi J,Groppi J,,,C00394,Industrie du Froid,Industrie du Froid,president,0,,,,9,269
765,1938,P00353,Gueziri Ot·,Gueziri Ot·,,,C00392,Industrie Meunlcn· cl' Alexandrie,Industrie Meunlcn· cl' Alexandrie,director,0,,,,9,269
766,1938,P00354,Guirguis Elias,Guit·guis Elias,,,C00611,"Société des,'\.utobus de l3éhém el de Ghmbiell","Société des,'\.utobus de l3éhém el de Ghmbiell",director,0,,,,9,269
767,1938,P00355,Guirguis NassH EH,Guirguis NassH EH,,,C00606,Société des Omnibus de Fayoum,Société des Omnibus de Fayoum,member,0,,,,9,269
768,1938,P00356,Ginsberg Richard,Guisberg Richar·d,,,C00433,"Pcltoms, S. A. E","Pcltoms, S. A. E",director,0,,,,9,269
769,1938,P00357,Hahnlose•· 0•·. Emile,Hahnlose•· 0•·. Emile,,,C00681,The Elcctric,The Elcctric,president,0,,,,9,269
770,1938,P00357,Hahnlose•· 0•·. Emile,Hahnlose•· 0•·. Emile,,,C00444,RoseL ta & Alexan d ria Hice Mills,RoseL ta & Alexan d ria Hice Mills,delegate,0,,,,9,269
771,1938,P00357,Hahnlose•· 0•·. Emile,Hahnlose•· 0•·. Emile,,,C00444,RoseL ta & Alexan d ria Hice Mills,RoseL ta & Alexan d ria Hice Mills,director,0,,,,9,269
772,1938,P00358,Halim Mot·aan EH,Halim Mot·aan EH,,,C00820,lu Khedivial Mail Slcamship & Graving Docks Co. Ltcl. i7,lu Khedivial Mail Slcamship & Graving Docks Co. Ltcl. i7,council_member,0,,,,9,269
773,1938,P00358,Halim Mot·aan EH,Halim Mot·aan EH,,,C00820,lu Khedivial Mail Slcamship & Graving Docks Co. Ltcl. i7,lu Khedivial Mail Slcamship & Graving Docks Co. Ltcl. i7,president,0,,,,9,269
774,1938,P00359,Hanan Victot,Hanan Victot•,,,C00491,"S.E. de Tuyaux, Poteaux et Produits en Ciment Armé (Système Siegwart)","S.E. de Tuyaux, Poteaux et Produits en Ciment Armé (Système Siegwart)",managing_director,0,,,,9,270
775,1938,P00359,Hanan Victot,Hanan Victot•,,,C00170,Société Franco-Egyptienne d'Importation,Société Franco-Egyptienne d'Importation,director,0,,,,9,270
776,1938,P00359,Hanan Victot,Hanan Victot•,,,C00620,Succession Léon de I-Ielller,Succession Léon de I-Ielller,director,0,,,,9,270
777,1938,P00360,Hanna Mina,Hanna Mina,,,C00734,"Trading & Industrial Corp., S.A.E","Trading & Industrial Corp., S.A.E",member,0,,,,9,270
778,1938,P00361,Sir Harat•i Victot·,S.E. Sir Harat•i Victot· Pacha,pasha,s.e.,C00785,dlf Conseil d'Administration de la Société Générale des Sucreries,dlf Conseil d'Administration de la Société Générale des Sucreries,president,0,,,,9,270
779,1938,P00361,Sir Harat•i Victot·,S.E. Sir Harat•i Victot· Pacha,pasha,s.e.,C00443,Raffineried'Egypte,Raffineried'Egypte,president,0,,,,9,270
780,1938,P00361,Sir Harat•i Victot·,S.E. Sir Harat•i Victot· Pacha,pasha,s.e.,C00102,National Bank of Egypt,National Bank of Egypt,director,0,,,,9,270
781,1938,P00361,Sir Harat•i Victot·,S.E. Sir Harat•i Victot· Pacha,pasha,s.e.,C00570,Société Générale Immobilière d'Egypte,Société Générale Immobilière d'Egypte,director,0,,,,9,270
782,1938,P00362,Harb Mohamed Talaat,S.E. Harb Mohamed Talaat Pacha,pasha,s.e.,C00032,Banque Misr,Banque Misr,vice_president,0,,,,9,270
783,1938,P00362,Harb Mohamed Talaat,S.E. Harb Mohamed Talaat Pacha,pasha,s.e.,C00032,Banque Misr,Banque Misr,managing_director,0,,,,9,270
784,1938,P00362,Harb Mohamed Talaat,S.E. Harb Mohamed Talaat Pacha,pasha,s.e.,C00839,"toutes les Entreprises Misr, financières, commerciales et industrielles, fondées par la Banque Misr en Egypte et à l'étranger","toutes les Entreprises Misr, financières, commerciales et industrielles, fondées par la Banque Misr en Egypte et à l'étranger",vice_president,0,,,,9,270
785,1938,P00362,Harb Mohamed Talaat,S.E. Harb Mohamed Talaat Pacha,pasha,s.e.,C00839,"toutes les Entreprises Misr, financières, commerciales et industrielles, fondées par la Banque Misr en Egypte et à l'étranger","toutes les Entreprises Misr, financières, commerciales et industrielles, fondées par la Banque Misr en Egypte et à l'étranger",managing_director,0,,,,9,270
786,1938,P00362,Harb Mohamed Talaat,S.E. Harb Mohamed Talaat Pacha,pasha,s.e.,C00168,Société Foncière d'Egypte,Société Foncière d'Egypte,managing_director,0,,,,9,270
787,1938,P00362,Harb Mohamed Talaat,S.E. Harb Mohamed Talaat Pacha,pasha,s.e.,C00065,Crédit Foncier Egyptien,Crédit Foncier Egyptien,director,0,,,,9,270
788,1938,P00362,Harb Mohamed Talaat,S.E. Harb Mohamed Talaat Pacha,pasha,s.e.,C00549,Société Egyptienne de la 13ourse Commerciale de Minet El Bassal,Société Egyptienne de la 13ourse Commerciale de Minet El Bassal,director,0,,,,9,270
789,1938,P00362,Harb Mohamed Talaat,S.E. Harb Mohamed Talaat Pacha,pasha,s.e.,C00445,Rosetta & Alexandria Rice Mills,Rosetta & Alexandria Riec Mills,director,0,,,,9,270
790,1938,P00362,Harb Mohamed Talaat,S.E. Harb Mohamed Talaat Pacha,pasha,s.e.,C00291,Assicurazioni Generali (Trieste),Assicurazioni Generali (Trieste),director,0,,,,9,270
791,1938,P00363,Jlare Commander F. T,Jlare Commander F. T,,,C00355,The Egyptian General Omnibus Co,The Egyptian General Omnibus Co,director,0,,,,9,270
792,1938,P00364,Ilarmant Eugène,Ilarmant Eugène,,,C00200,The Cairo Electric Railways and Heliopolis Oases Co,The Cairo Electric Railways & Heliopolis Oascs Co,director,0,,,,9,270
793,1938,P00365,Hasda A,Hasda A,,,C00680,The Egyptian'1\Œotor Transport Co,The Egyptian'1\Œotor Transport Co,president,0,,,,9,270
794,1938,P00365,Hasda A,Hasda A,,,C00680,The Egyptian'1\Œotor Transport Co,The Egyptian'1\Œotor Transport Co,member,0,,,,9,270
795,1938,P00366,Misr Concrete Developmcnt Cy,Misr Concrete Developmcnt Cy,,,C00682,The Elcdrit,The Elcdrit,director,0,,,,9,270
796,1938,P00367,Société Egyptienne des Industries Chimiques,Société Egyptienne des Industries Chimiques,,,C00464,S.A. des Chemins de I• er de la 13assc-Egypte ct de la S.A. des Tramways du Caire,S.A. des Chemins de I• er de la 13assc-Egypte ct de la S.A. des Tramways du Caire,director,0,,,,9,270
797,1938,P00368,Ilegener Th. M,Ilegener Th. M,,,C00151,Société Belge-Egyptienne de l'Ezbékieh,Société Belge-Egyptienne de l' Ezbékieh,vice_president,0,,,,9,271
798,1938,P00369,Helier Edouard de~,Helier Edouard de~,,,C00514,Société,Société,director,0,,,,9,271
799,1938,P00370,Henkart Raoul,Henkart Raoul,,,C00742,Usines Textiles Al-Kahira,Usines Textiles Al-Kahira,director,0,,,,9,271
800,1938,P00371,Ililal Léonidas Gamil,Ililal Léonidas Gamil,,,C00702,"The Sheffield Smelting Co. (Egypt), S.A.E","The Sheffield Smelting Co. (Egypt), S.A.E",director,0,,,,9,271
801,1938,P00372,Ililali Ahmecl Naguib,Ililali Ahmecl Naguib Bey,bey,,C00426,"The National Ginning Co. of Egypt, S.A.E","National Ginning Co. of Egypt, S.A.E",director,0,,,,9,271
802,1938,P00373,Ilit·sh Siegmund,Ilit·sh Siegmund,,,C00667,"The Egyptian Copper Works, S.A.E","The Egyptian Coppcr\Vorks, S.A.E",managing_director,0,,,,9,271
803,1938,P00374,Jlochart Mam·ice,Jlochart Mam·ice,,,C00841,"tt Al-Chark n(L'Orient), S.A.E. d'Assumnces sur la Vic","tt Al-Chark n(L'Orient), S.A.E. d'Assumnces sur la Vic",director,0,,,,9,271
804,1938,P00375,Hoet·ni Robm·t,Hoet·ni Robm·t,,,C00067,Crédit Immobilier Suisse-Egyptien,Crédit Immobilier Suisse-Egyptien,director,0,,,,9,271
805,1938,P00376,Home Sit· John Ba1·t,Home Sit· John Ba1·t,,,C00383,Grands II6tels d'Egypte,Grands II6tels d'Egypte,president,0,,,,9,271
806,1938,P00376,Home Sit· John Ba1·t,Home Sit· John Ba1·t,,,C00466,S.A. des Cllemms de fer 1\.éneh-Assouan,S.A. des Cllemms de fer 1\.éneh-Assouan,president,0,,,,9,271
807,1938,P00376,Home Sit· John Ba1·t,Home Sit· John Ba1·t,,,C00674,The Egyptian Ilotcls,The Egyptian Ilotcls,president,0,,,,9,271
808,1938,P00376,Home Sit· John Ba1·t,Home Sit· John Ba1·t,,,C00695,The National J3ank of Egypt ct de The National Insurance Co,The National J3ank of Egypt ct de The National Insurance Co,president,0,,,,9,271
809,1938,P00377,Horne F. J,Horne F. J,,,C00609,Société des Publications Egyptiennes,Société des Publications Egyptiennes,president,0,,,,9,271
810,1938,P00377,Horne F. J,Horne F. J,,,C00609,Société des Publications Egyptiennes,Société des Publications Egyptiennes,managing_director,0,,,,9,271
811,1938,P00377,Horne F. J,Horne F. J,,,C00609,Société des Publications Egyptiennes,Société des Publications Egyptiennes,director,0,,,,9,271
812,1938,P00378,Société Egyptienne de Constructions,Société Egyptienne de Constructions,,,C00813,"ln Commercial Bank of Egypt. lsmalun, René, Ingénieur ,tgronome, l.N .. \","ln Commercial Bank of Egypt. lsmalun, René, Ingénieur ,tgronome, l.N .. \",director,0,,,,9,272
813,1938,P00378,Société Egyptienne de Constructions,Société Egyptienne de Constructions,,,C00331,"Consu/lalil du. Ministr'rc cie l',lgrictilturc","Consu/lalil du. Ministr'rc cie l',lgrictilturc",council_member,0,,,,9,272
814,1938,P00378,Société Egyptienne de Constructions,Société Egyptienne de Constructions,,,C00263,'aLion de la Société r\nonyme des Bières Bomonti & Pymmiclcs,'aLion de la Société r\nonyme des Bières Bomonti & Pymmiclcs,president,0,,,,9,272
815,1938,P00378,Société Egyptienne de Constructions,Société Egyptienne de Constructions,,,C00515,"Société "" Phal'os »","Société "" Phal'os »",president,0,,,,9,272
816,1938,P00378,Société Egyptienne de Constructions,Société Egyptienne de Constructions,,,C00696,The New Egyplian Coy,The New Egyplian Coy,president,0,,,,9,272
817,1938,P00378,Société Egyptienne de Constructions,Société Egyptienne de Constructions,,,C00463,S.A. des Chemins de Fer de la Basse-Egypte,S.A. des Chemins de Fer de la Basse-Egyptc,president,0,,,,9,272
818,1938,P00378,Société Egyptienne de Constructions,Société Egyptienne de Constructions,,,C00808,lion de la Banque Belge ct lntcmnlionalc en Egyple,lion de la Banque Belge ct lntcmnlionalc en Egyple,director,0,,,,9,272
819,1938,P00379,Izzet Abdullah,Izzet Abdullah,,,C00748,"\dminisLralion du Banco llalo Egiziano. ,Ja","\dminisLralion du Banco llalo Egiziano. ,Ja",council_member,0,,,,9,272
820,1938,P00379,Izzet Abdullah,Izzet Abdullah,,,C00339,Cuisse IIypoll1écuirc d'Egyplc,Cuisse IIypoll1écuirc d'Egyplc,president,0,,,,9,272
821,1938,P00379,Izzet Abdullah,Izzet Abdullah,,,C00339,Cuisse IIypoll1écuirc d'Egyplc,Cuisse IIypoll1écuirc d'Egyplc,delegate,0,,,,9,272
822,1938,P00379,Izzet Abdullah,Izzet Abdullah,,,C00329,Con cil d'Adminislnllion de ln Banque Dclgc eL Inlernalionale en Egyplc,Con cil d'Adminislnllion de ln Banque Dclgc eL Inlernalionale en Egyplc,member,0,,,,9,272
823,1938,P00380,Jacot-Descombcs J.G,Jacot-Descombcs J.G,,,C00704,The Sl1cfficld,The Sl1cfficld,director,0,,,,9,272
824,1938,P00381,K:-u·am Edouanl,K:-u·am Edouanl,,,C00756,cl 'Administration de The Commercial & E,cl 'Administration de The Commercial & E,president,0,,,,9,273
825,1938,P00381,K:-u·am Edouanl,K:-u·am Edouanl,,,C00827,lu Société Egyptienne cl 'Eu trcp1-iscs Urbailws ct Rumlcs,lu Société Egyptienne cl 'Eu trcp1-iscs Urbailws ct Rumlcs,president,0,,,,9,273
826,1938,P00381,K:-u·am Edouanl,K:-u·am Edouanl,,,C00281,Alexandria lnsumncc Co,Alexandria lnsumncc Co,president,0,,,,9,273
827,1938,P00382,Kennedy Geor·ge Er·nest,Kennedy Geor·ge Er·nest,,,C00771,cl'Aclministralion de la Société Colifomia Texas des Pétroles,cl'Aclministralion de la Société Colifomia Texas des Pétroles,member,0,,,,9,273
828,1938,P00383,J Jmil'i Hassan,J Jmil'i Hassan Bey,bey,,C00777,clc la S.A. des Halles Centrales cl'Egyple,clc la S.A. des Halles Centrales cl'Egyple,member,0,,,,9,273
829,1938,P00384,IHoul'i Joseph,IHoul'i Joseph,,,C00606,Société des Omnibus de Fayoum,Société des Omnibus de Fayoum,director,0,,,,9,273
830,1938,P00385,Kfomi Philippe,Kfomi Philippe,,,C00606,Société des Omnibus de Fayoum,Société des Omnibus de Fayoum,director,0,,,,9,273
831,1938,P00386,Kfomi Michel,Kfomi Michel,,,C00606,Société des Omnibus de Fayoum,Société des Omnibus de Fayoum,director,0,,,,9,273
832,1938,P00387,Khalil Mohamed Mahmoud,S.E. Khalil Mohamecl Mahmoud Bey,bey,s.e.,C00626,Sénat,Sénat,president,0,,,,9,273
833,1938,P00387,Khalil Mohamed Mahmoud,S.E. Khalil Mohamecl Mahmoud Bey,bey,s.e.,C00267,Aclministraiion de la S.A.E. des Tracteul'S cl'Egypte,Aclministraiion de la S.A.E. des Tracteul'S cl'Egypte,president,0,,,,9,273
834,1938,P00387,Khalil Mohamed Mahmoud,S.E. Khalil Mohamecl Mahmoud Bey,bey,s.e.,C00439,Pllataonic Mail Line,Pllataonic Mail Line,president,0,,,,9,273
835,1938,P00387,Khalil Mohamed Mahmoud,S.E. Khalil Mohamecl Mahmoud Bey,bey,s.e.,C00026,The Anglo-Egyptian Land Allotment Co,The Anglo-Egyptian Land Allotment Co,president,0,,,,9,273
836,1938,P00387,Khalil Mohamed Mahmoud,S.E. Khalil Mohamecl Mahmoud Bey,bey,s.e.,C00441,Port-Said Salt Association Ltd,Port Said Salt Associa lion,president,0,,,,9,273
837,1938,P00387,Khalil Mohamed Mahmoud,S.E. Khalil Mohamecl Mahmoud Bey,bey,s.e.,C00278,Alexandria Navigation Co. ct Commissairrfln Gouvernement Egyptien à l'Exposition Internationale 1937 de Paris,Alexandria Navigation Co. ct Commissairrfln Gouvernement Egyptien à l'Exposition Internationale 1937 de Paris,president,0,,,,9,273
838,1938,P00388,Kii'J{man Robert,Kii'J{man Robert,,,C00634,"The 1-Iinshelwood Paint & Oil Co. of Egypt, S.A.E","The 1-Iinshelwood Paint & Oil Co. of Egypt, S.A.E",director,0,,,,9,273
839,1938,P00090,Klat Jules,Klat Jules Bey,bey,,C00649,The Associatecl Cotton Ginners,The Associatecl Cotton Ginners,president,0,,,,9,274
840,1938,P00090,Klat Jules,Klat Jules Bey,bey,,C00665,The Egyptian Bonclecl \Varehouses,The Egyptian Bonclecl \Varehouses,president,0,,,,9,274
841,1938,P00090,Klat Jules,Klat Jules Bey,bey,,C00212,The Egyptian Enterprise & Development Co,The Egyptian Enterprise & Development Co,president,0,,,,9,274
842,1938,P00090,Klat Jules,Klat Jules Bey,bey,,C00690,The Gharuieh Land Co,The Gharuieh Land Co,president,0,,,,9,274
843,1938,P00090,Klat Jules,Klat Jules Bey,bey,,C00137,Société Anonyme Immobilière du Domaine de Siouf,Société Immobilière du Domaine de Siouf,president,0,,,,9,274
844,1938,P00090,Klat Jules,Klat Jules Bey,bey,,C00806,S.A. Pharos,"la· S.A. "" Pharos »",president,0,,,,9,274
845,1938,P00090,Klat Jules,Klat Jules Bey,bey,,C00479,S.A. elu Béhéra,S.A. elu Béhéra,president,0,,,,9,274
846,1938,P00090,Klat Jules,Klat Jules Bey,bey,,C00406,Levant Bonded\Varehouses Co,Levant Bonded\Varehouses Co,president,0,,,,9,274
847,1938,P00389,Koch Gaspat·,Koch Gaspat·,,,C00489,S.E. de Ciment,S.E. de Ciment,director,0,,,,9,274
848,1938,P00390,Portland Tourah,Portland Tourah,,,C00571,Société Générale de Pressage,Société Générale de Pressage,director,0,,,,9,274
849,1938,P00390,Portland Tourah,Portland Tourah,,,C00347,Dépôts ct de la Société Cotonnière « Maarad »,Dépôts ct de la Société Cotonnière « Maarad »,director,0,,,,9,274
850,1938,P00091,Labruyère René Julien,Labruyèœ René Julien,,,C00096,Land Bank of Egypt,Land Bank of Egypt,vice_president,0,,,,9,274
851,1938,P00091,Labruyère René Julien,Labruyèœ René Julien,,,C00015,The Alexandria & Ramleh Railways Co. Ltd,Alexandria & Ramleh Railways Co,director,0,,,,9,274
852,1938,P00092,Lagonico S,Lagonico S,,,C00259,'Administration de la S.A. Immobilière des Terrains Guizeh Rodah,'Administration de la S.A. Immobilière des Terrains Guizeh Rodah,vice_president,0,,,,9,274
853,1938,P00092,Lagonico S,Lagonico S,,,C00276,Alexandria Commercial Co,Alexandria Commercial Co,director,0,,,,9,274
854,1938,P00391,Lagoudalds Constantin J,Lagoudalds Constantin J,,,C00534,Société Egyptienne Financière pour le Commerce,Société Egyptienne Financière pour le Commerce,vice_president,0,,,,9,274
855,1938,P00391,Lagoudalds Constantin J,Lagoudalds Constantin J,,,C00390,Industrie (( Sefina »,Industrie(( Sefina »,vice_president,0,,,,9,274
856,1938,P00392,LaheiTèt·c L,LaheiTèt·c L,,,C00478,S.A. des Tramways du Caire,S.A. des Tramways du Caire,general_manager,0,,,,9,274
857,1938,P00392,LaheiTèt·c L,LaheiTèt·c L,,,C00829,lu Société The Egyptian General Omnibus Co,lu Société The Egyptian General Omnibus Co,managing_director,0,,,,9,274
858,1938,P00393,Lambert Florent Casimir,Lambert Florent Casimir,,,C00646,The Anglo-Belgian Co. ct de la Société Egyptienne de Ciment Portland Tomall,The Anglo-Belgian Co. ct de la Société Egyptienne de Ciment Portland Tomall,director,0,,,,9,274
859,1938,P00394,Lancker Fr. De,Lancker Fr. De,,,C00478,S.A. des Tramways du Caire,S.A. des Tramways du Caire,director,0,,,,9,274
860,1938,P00395,Lappas Georges,Lappas Georges,,,C00299,Banque de Commerce N. Tepeghiosi & Co,Banque de Commerce N. Tepeghiosi & Co,director,0,,,,9,274
861,1938,P00396,Larsen Gunnat·,Larsen Gunnat·,,,C00484,S.A.E. Portland de Hélouan,S.A.E. Portland de Hélouan,president,0,,,,9,274
862,1938,P00093,Lascaris Mario,Lascaris Mario A,,,C00799,et Admi-,et Admi-,vice_president,0,,,,9,274
863,1938,P00397,Lebon Mat•cel,Lebon Mat•cel,,,C00325,"Compagnie d'Eclairage par le Gaz, Lebon& Cie","Compagnie d'Eclairage par le Gaz, Lebon& Cie",president,0,,,,9,275
864,1938,P00397,Lebon Mat•cel,Lebon Mat•cel,,,C00536,Société Egyptienne d'Electricité,Société Egyptienne d 'Electricité,director,0,,,,9,275
865,1938,P00398,Lecluse Valère,Lecluse Valère,,,C00631,Textile de Choubrah,Textile de Choubrah,director,0,,,,9,275
866,1938,P00399,Lee Lee Roger Malcolm,Lee Lee Roger Malcolm,,,C00552,Société Egyptienne des Industries Textiles,Société Egyptienne des Industries Textiles,director,0,,,,9,275
867,1938,P00400,Lees Sir William Clare,Lees Sir William Clare,,,C00552,Société Egyptienne des Industries Textiles,Société Egyptienne des Industries Textiles,director,0,,,,9,275
868,1938,P00401,Lemarquis J,Lemarquis J,,,C00176,Société Générale des Sucreries,Société Générale des Sucreries,director,0,,,,9,275
869,1938,P00401,Lemarquis J,Lemarquis J,,,C00387,Haffinerie d'Egypte,Haffinerie d'Egypte,director,0,,,,9,275
870,1938,P00402,Leten Roland,Leten Roland,,,C00742,Usines Textiles Al-Kahira,Usines Textiles Al-Kahira,director,0,,,,9,275
871,1938,P00094,Levi Guido,Levi Guido,,,C00026,The Anglo-Egyptian Land Allotment Co,The Anglo-Egyptian Land Allotment Co,director,0,,,,9,275
872,1938,P00094,Levi Guido,Levi Guido,,,C00041,The Cairo Suburban Building Land Co,The Cairo Suburban Building Land Co,director,0,,,,9,275
873,1938,P00094,Levi Guido,Levi Guido,,,C00097,The Menzaleh Canal Navigation Co,The Menzaleh Canal Navigation Co,director,0,,,,9,275
874,1938,P00094,Levi Guido,Levi Guido,,,C00212,The Egyptian Enterprise & Development Co,Egyptian Enterprise & Development Co,director,0,,,,9,275
875,1938,P00094,Levi Guido,Levi Guido,,,C00086,The Gharbieh Land Co,The Gharbieh Land Co,director,0,,,,9,275
876,1938,P00403,Levi 1. G,Levi 1. G,,,C00844,·Général de la Statistique Egyptienne,·Général de la Statistique Egyptienne,manager,0,,,,9,275
877,1938,P00403,Levi 1. G,Levi 1. G,,,C00781,d3 la Société de Statistique de Paris,d3 la Société de Statistique de Paris,member,0,,,,9,275
878,1938,P00403,Levi 1. G,Levi 1. G,,,C00781,d3 la Société de Statistique de Paris,d3 la Société de Statistique de Paris,partner,0,,,,9,275
879,1938,P00404,Levi Nellos A,Levi Nellos A,,,C00742,Usines Textiles Al-Kahira,Usines Textiles Al-Kahira,director,0,,,,9,275
880,1938,P00405,Levi RoU,Levi RoU,,,C00733,Trading & Industrial,Trading & Industrial,director,0,,,,9,275
881,1938,P00406,Lhomme L,Lhomme L,,,C00176,Société Générale des Sucreries,Société Générale des Sucreries,director,0,,,,9,275
882,1938,P00406,Lhomme L,Lhomme L,,,C00114,Raffinerie d'Egypte,Raffinerie d'Egypte,director,0,,,,9,275
883,1938,P00407,Lloyd John Evans,Lloyd John Evans,,,C00836,plusieurs Sociétés Anglaises,plusieurs Sociétés Anglaises,president,0,,,,9,276
884,1938,P00408,Lloyd John E,Lloyd John E,,,C00658,"The Choremi, J3enachi Cotton Co","The Choremi, J3enachi Cotton Co",director,0,,,,9,276
885,1938,P00408,Lloyd John E,Lloyd John E,,,C00417,"Messrs. DaYies, l38llé.tClJi & Co. (UYerpool)","Messrs. DaYies, l38llé.tClJi & Co. (UYerpool)",director,0,,,,9,276
886,1938,P00409,Lomba•·cl Albert,Lomba•·cl Albert,,,C00067,Crédit Immobilier Suisse-Egyptien,Crédit Immobilier Suis e-Egyptien,director,0,,,,9,276
887,1938,P00410,Lombat·do Cesat·e,Lombat·do Cesat·e,,,C00601,Société des Autobus du Nord,Société des Autobus du Nord,managing_director,0,,,,9,276
888,1938,P00411,Lombardo Hugo,Lombardo Hugo,,,C00596,Société des Aulobus du!\orel,Société des Aulobus du!\orel,managing_director,0,,,,9,276
889,1938,P00411,Lombardo Hugo,Lombardo Hugo,,,C00598,Société des Autobus d'Alexandrie,Société des Autobus d'Alexandrie,managing_director,0,,,,9,276
890,1938,P00411,Lombardo Hugo,Lombardo Hugo,,,C00600,Société des Autobus du Caire,Société des Autobus du Caire,managing_director,0,,,,9,276
891,1938,P00412,Losco Bernat•d,Losco Bernat•d,,,C00405,L\nglo American ile & Tourist Co,L\nglo American ile & Tourist Co,vice_president,0,,,,9,276
892,1938,P00097,Lowe A. J,Lowe A. J,,,C00707,The United Egyplii,The United Egyplii,managing_director,0,,,,9,276
893,1938,P00097,Lowe A. J,Lowe A. J,,,C00608,Société des Produits Centrifugés en Ciment. ·,Société des Produits Centrifugé~ en Ciment,managing_director,0,,,,9,276
894,1938,P00097,Lowe A. J,Lowe A. J,,,C00667,"The Egyptian Copper Works, S.A.E","The Egyptian Copper Wor·l<s, S.A.E",managing_director,0,,,,9,276
895,1938,P00413,Lozy Tahet· El,Lozy Tahet· El Bey,bey,,C00425,National Contracting Co. of Egypt,National Contracting Co. of Egypt,member,0,,,,9,276
896,1938,P00413,Lozy Tahet· El,Lozy Tahet· El Bey,bey,,C00603,"Société des Autolms elu Nord, S.A.E","Société des Autolms elu Nord, S.A.E",member,0,,,,9,276
897,1938,P00414,Luce,Luce,,,C00040,The Cairo Sand Bricks Co. S. A,"Cairo Sand Bricks Co., S.i\.E",manager,0,,,,9,276
898,1938,P00414,Luce,Luce,,,C00612,Société l'1 unco-Egyptienne clc,Société l'1 unco-Egyptienne clc,director,0,,,,9,276
899,1938,P00415,Lumbroso J,Lumbroso J,,,C00633,"The ,\lcxnndt'ia Excilange Co. Ud. ct cle l'Alexandrin & Hnmlclt Huilways Co","The ,\lcxnndt'ia Excilange Co. Ud. ct cle l'Alexandrin & Hnmlclt Huilways Co",director,0,,,,9,276
900,1938,P00416,Luml l'oso M,Luml l'oso M,,,C00842,~il d'Administration de The Alcxunclria Exchan.ge Co,~il d'Administration de The Alcxunclria Exchan.ge Co,member,0,,,,9,276
901,1938,P00417,MacCuloch Norman G,MacCuloch Norman G,,,C00552,Société Egyptienne des Industries Textiles,Société Egyptienne des Industries Textilés,director,0,,,,9,277
902,1938,P00418,Mac Ewen William G,Mac Ewen William G,,,C00697,"The Nile Ginning Co., S.A.E","The Nile Ginning Co., S.A",director,0,,,,9,277
903,1938,P00419,Maggiar Anch·é 0,Maggiar Anch·é 0,,,C00823,lu S.A. des Monts de Piété,lu S.A. des Monts de Piété,director,0,,,,9,277
904,1938,P00420,Maher DL·. Ahmed,Maher DL·. Ahmed,,,C00818,lu Commercial Bank of Egypt,lu Commercial Bank of Egypt,president,0,,,,9,277
905,1938,P00420,Maher DL·. Ahmed,Maher DL·. Ahmed,,,C00818,lu Commercial Bank of Egypt,lu Commercial Bank of Egypt,delegate,0,,,,9,277
906,1938,P00421,Mahfouz Hassan,Mahfouz Hassan,,,C00430,"Nile Oil Co., S.A.E","Nile Oil Co., S.A.E",director,0,,,,9,277
907,1938,P00422,Mahmoud Zald,Mahmoud Zald Bey,bey,,C00563,"Société Egyptienne pour le Développement et le Commerce des Légumes, Fruits et Fleurs","Société Egyptienne pour le Développement du Cominercc des Légumes, Fruits & Fleurs",director,0,,,,9,277
908,1938,P00423,Maksucl Emile,Maksucl Emile,,,C00670,The Egyptian Engineering,The Egyptian Engineering,managing_director,0,,,,9,277
909,1938,P00424,Malatesta Me Tt·istan,Malatesta Me Tt·istan,,,C00131,Salonica Cigarette Co,Salonica Cigarette Co,director,0,,,,9,277
910,1938,P00425,Mallet Charles,Mallet Charles,,,C00408,Maison Mallet Frères & Cie,Maison Mallet Frères & Cie,partner,0,,,,9,277
911,1938,P00426,Malone Peter,Malone Peter,,,C00692,"The Hinshelwood Paint & Oil Co. of Egypt, S.A.E","The Hinshelwood Paint & Oil Co. of Egypt, S.A.E. la",president,0,,,,9,277
912,1938,P00427,Mai·chal H,Mai·chal H,,,C00487,S.A. de la Société Egyptienne d'Electricité,S.E. d'Electricilé,director,0,,,,9,277
913,1938,P00428,Et:yptienne des Pétroles COGEP,Et:yptienne des Pétroles COGEP,,,C00798,en Egyptc de The Egyptüm Delta Light I\ailwuys Co,en Egyptc de The Egyptüm Delta Light I\ailwuys Co,general_manager,0,,,,9,277
914,1938,P00428,Et:yptienne des Pétroles COGEP,Et:yptienne des Pétroles COGEP,,,C00784,delu oriét6 des Autobus de Béhéra,delu oriét6 des Autobus de Béhéra,president,0,,,,9,277
915,1938,P00428,Et:yptienne des Pétroles COGEP,Et:yptienne des Pétroles COGEP,,,C00314,"Charliieh, S.A.E","Charliieh, S.A.E",president,0,,,,9,277
916,1938,P00429,Ciment Portland Tourah,Ciment Portland Tourah,,,C00420,"Misr Concrete Developmt'nt Cy., S.A.E","Misr Concrete Developmt'nt Cy., S.A.E",director,0,,,,9,278
917,1938,P00430,MasUl'el Andr·é Follet,MasUl'el Andr·é Follet,,,C00367,Société Egyptienne de Filature,Société Egyptienne de Filature,director,0,,,,9,278
918,1938,P00430,MasUl'el Andr·é Follet,MasUl'el Andr·é Follet,,,C00721,"Tissage de Laine, S.A.E","Tissage de Laine, S.A.E",director,0,,,,9,278
919,1938,P00431,Matalon William,Matalon ·william,,,C00446,Rosetto. & Alexandrin Rice Mills,Rosetto. & Alexandrin Rice Mills,managing_director,0,,,,9,278
920,1938,P00432,Matecf Matey R,Matecf Matey R,,,C00529,"Société Commerciale Bulgaro-Egyptienne, S. A.E","Société Commerciale Bulgaro-Egyptienne, S.A.E",director,0,,,,9,278
921,1938,P00433,Matossian Joseph O,Matossian Joseph O,,,C00348,"Eastern Co., S.A.E","Eastern Co., S.A.E",director,0,,,,9,278
922,1938,P00434,Matossian Vincent O,Matossian Vincent O,,,C00348,"Eastern Co., S.A.E","Eastern Co., S.A.E",director,0,,,,9,278
923,1938,P00435,Matsa Constantin A,Matsa Constantin A,,,C00061,Crown Brewery,"Crown Brewery, S.A",director,0,,,,9,278
924,1938,P00436,Maughfling J,Maughfling J,,,C00355,The Egyptian General Omnibus Co,Egyptian General Omnibus Cy,director,0,,,,9,278
925,1938,P00437,Mavro Mike,Mavro Miké,,,C00752,au Consortium de Loteries (F. A.I.P.A.E.),au Consortium de Loteries (F. A.I.P.A.E.),managing_director,0,,,,9,278
926,1938,P00437,Mavro Mike,Mavro Miké,,,C00534,Société Egyptienne Financière pour le Commerce,Société Egyptienne Financière pour le Commerce,director,0,,,,9,278
927,1938,P00437,Mavro Mike,Mavro Miké,,,C00390,Industrie (( Sefina »,"Industrie "" Sefina u",director,0,,,,9,278
928,1938,P00438,Mazin L. A. Ing,Mazin L. A. Ing,,,C00679,"The Egyptian Works & Construction Cy., S.A.E","The Egyptian Works & Construction Cy., S.A.E",managing_director,0,,,,9,278
929,1938,P00101,Mazloum Hassan,S.E. Mazloum Hassan Pacha,pasha,s.e.,C00354,Egyptian Finance Cy,Egyptian Finance Cy,president,0,,,,9,278
930,1938,P00101,Mazloum Hassan,S.E. Mazloum Hassan Pacha,pasha,s.e.,C00544,Société Egyptienne de Tissage et Tricotage,Société Egyptienne de Tissage & Tricotage,president,0,,,,9,278
931,1938,P00101,Mazloum Hassan,S.E. Mazloum Hassan Pacha,pasha,s.e.,C00074,The Egyptian Delta Land & Investment Cy,The Egyptian Delta Land & Investment Cy,vice_president,0,,,,9,278
932,1938,P00101,Mazloum Hassan,S.E. Mazloum Hassan Pacha,pasha,s.e.,C00356,Egyptian Independent Oil Co,Egyptian Independent Oil Cy,vice_president,0,,,,9,278
933,1938,P00101,Mazloum Hassan,S.E. Mazloum Hassan Pacha,pasha,s.e.,C00036,Banque du Crédit Agricole d'Egypte,Banque du Crédit Agricole d'Egypte,director,0,,,,9,278
934,1938,P00101,Mazloum Hassan,S.E. Mazloum Hassan Pacha,pasha,s.e.,C00336,Crédit Hypothécaire Agricole d'Egypte,Crédit Hypothécaire Agricole d'Egypte,director,0,,,,9,278
935,1938,P00101,Mazloum Hassan,S.E. Mazloum Hassan Pacha,pasha,s.e.,C00176,Société Générale des Sucreries,Société Générale des Sucreries,director,0,,,,9,278
936,1938,P00101,Mazloum Hassan,S.E. Mazloum Hassan Pacha,pasha,s.e.,C00114,Raffinerie d'Egypte,Raffinerie d'Egypte,director,0,,,,9,278
937,1938,P00101,Mazloum Hassan,S.E. Mazloum Hassan Pacha,pasha,s.e.,C00103,National Insurance Co,National Insurance Cy,director,0,,,,9,278
938,1938,P00101,Mazloum Hassan,S.E. Mazloum Hassan Pacha,pasha,s.e.,C00231,Union Foncière d'Egypte,Union Foncière d'Egypte,director,0,,,,9,278
939,1938,P00101,Mazloum Hassan,S.E. Mazloum Hassan Pacha,pasha,s.e.,C00030,Banque Belge et Internationale en Egypte,Banque Belge et Internationale en Egypte,director,0,,,,9,278
940,1938,P00101,Mazloum Hassan,S.E. Mazloum Hassan Pacha,pasha,s.e.,C00435,Pharaonic Mail Line,Pharaonic Mail Line,director,0,,,,9,278
941,1938,P00439,Medici Del Vascello Le Marquis Luigi,Medici Del Vascello Le Marquis Luigi,,,C00519,Société Anonyme Egyptienne de Constructions «EGYCOu,Société Anonyme Egyptienne de Constructions «EGYCOu,director,0,,,,9,278
942,1938,P00440,Peel Col. E. T,Mel'Calli Luigi Col,,,C00584,Société Roumaine<< Prahova u Societate Anonima Romana Pentru Industria si Corner-,Société Roumaine<< Prahova u Societate Anonima Romana Pentru Industria si Corner-,managing_director,0,,,,9,278
943,1938,P00441,Messiqua Marcel,Messiqua Marcel,,,C00214,The Egyptian Produce Trading Cy. S. A. E,Egyptian Produce Trading Cy,managing_director,0,,,,9,279
944,1938,P00441,Messiqua Marcel,Messiqua Marcel,,,C00284,Alexandrin Pressing Cy,Alexandrin Pressing Cy,director,0,,,,9,279
945,1938,P00441,Messiqua Marcel,Messiqua Marcel,,,C00016,Alexandria Insurance Co,Alexandria Insurance Cy,director,0,,,,9,279
946,1938,P00441,Messiqua Marcel,Messiqua Marcel,,,C00516,"Société 1alionalc du Papier, S.A.E","Société 1alionalc du Papier, S.A.E",director,0,,,,9,279
947,1938,P00441,Messiqua Marcel,Messiqua Marcel,,,C00424,National Conlracting Cy,National Conlracting Cy,director,0,,,,9,279
948,1938,P00442,Metwalli Mohamed,Metwalli Mohamed Bey,bey,,C00340,Daira feu Emine Yehia Pacha,Daira feu Emine Yehia Pacha,manager,0,,,,9,279
949,1938,P00442,Metwalli Mohamed,Metwalli Mohamed Bey,bey,,C00527,Société Commerciale,Société Commerciale,director,0,,,,9,279
950,1938,P00443,Michell F. W,Michell F. W,,,C00416,"Marconi Radio Telegraph Co. of Egypt, S.A.E","Marconi Radio Telegraph Cy. of Egypt, S.A",director,0,,,,9,279
951,1938,P00444,Michriki Youssef,Michriki Youssef Bey,bey,,C00051,Commercial Bank of Egypt,Commercial Bank of Egypt,director,0,,,,9,279
952,1938,P00445,Millet· A,Millet· A,,,C00693,"The Manure Co. of Egypt, S.A",The Manure Co. of Egypt,director,0,,,,9,279
953,1938,P00445,Millet· A,Millet· A,,,C00618,"The Standard Oil Co. of Egypt, S.A","Standard Oil Co. of Egypt, S.A",director,0,,,,9,279
954,1938,P00446,Mills A. E,Mills A. E,,,C00571,Société Générale de Pressage,Société Générale de Pressage,manager,0,,,,9,279
955,1938,P00446,Mills A. E,Mills A. E,,,C00346,Dépôts,Dépôts,manager,0,,,,9,279
956,1938,P00446,Mills A. E,Mills A. E,,,C00441,Port-Said Salt Association Ltd,Port Said Salt Association Ltd,director,0,,,,9,279
957,1938,P00103,Minost Emile,Minost Emile,,,C00795,elu Crédit Foncier Egyptien,elu Crédit Foncier Egyptien,managing_director,0,,,,9,279
958,1938,P00103,Minost Emile,Minost Emile,,,C00102,National Bank of Egypt,National Bank of Egypt,director,0,,,,9,279
959,1938,P00103,Minost Emile,Minost Emile,,,C00064,Crédit Agricole d'Egypte,Crédit Agricole d'Egypte,director,0,,,,9,279
960,1938,P00103,Minost Emile,Minost Emile,,,C00590,Société d'Assurances cc Al-Chark u,Société d'Assurances cc Al-Chark u,director,0,,,,9,279
961,1938,P00447,Misrahi Albert,Misrahi Albert,,,C00533,"Société Egyptiem1e Financière pour le Commerce et l""lndustl'ie cc Sefina u","Société Egyptiem1e Financière pour le Commerce et l""lndustl'ie cc Sefina u",managing_director,0,,,,9,279
962,1938,P00447,Misrahi Albert,Misrahi Albert,,,C00592,"Société de Métalllurgie Egyptienne, S.A.E","Société de Métalllurgie Egyptienne, S.A.E",member,0,,,,9,279
963,1938,P00447,Misrahi Albert,Misrahi Albert,,,C00585,Société Royale d'Agriculture,Société Royale d'Agricullture,member,0,,,,9,279
964,1938,P00447,Misrahi Albert,Misrahi Albert,,,C00016,Alexandria Insurance Co,"Alexandria Insurance Co., S. A. E",member,0,,,,9,279
965,1938,P00448,Misrahi Isaac J,Misrahi Isaac J,,,C00622,Sun Life Assurance Co. of Canada,Sun Life Assurance Co. of Canada,manager,0,,,,9,279
966,1938,P00448,Misrahi Isaac J,Misrahi Isaac J,,,C00692,"The Hinshelwood Paint & Oil Co. of Egypt, S.A.E","The Hinshelwood Paint & Oil Co. of Egypt, S.A.E",director,0,,,,9,279
967,1938,P00448,Misrahi Isaac J,Misrahi Isaac J,,,C00342,"Dakahlieh Land Cy., S.A.E","Dakahlieh Land Cy., S.A.E",director,0,,,,9,279
968,1938,P00449,Mitarachi Th,Mitarachi Th,,,C00353,"Egyptian Cotton Ginners & Exporters, S.A","Egyptian Cotton Ginners & Exporters, S.A",president,0,,,,9,279
969,1938,P00449,Mitarachi Th,Mitarachi Th,,,C00292,B&nque d'Athènes,B&nque d'Athènes,director,0,,,,9,279
970,1938,P00449,Mitarachi Th,Mitarachi Th,,,C00129,"S.A. de Nettoyage et Pressage de Coton, S.A.E",S.A. de Nettoyage et Pressage de Coton,director,0,,,,9,279
971,1938,P00449,Mitarachi Th,Mitarachi Th,,,C00058,"Constructions Modernes, S. A. E",Constructions Modernes u,director,0,,,,9,279
972,1938,P00450,Mobel'ly Cha1·le~ Hem·y Dowarcl,Mobel'ly Cha1·le~ Hem·y Dowarcl,,,C00321,Commercial Bank of the T\'eat' East,Commercial Bank of the T\'eat' East,director,0,,,,9,280
973,1938,P00451,Mohamccl Abbas Rachid,Mohamccl Abbas Rachid,,,C00555,"Société Egyptienne des lncluslries Clümiques, S.A.E","Société Egyptienne des lncluslries Clümiques, S.A.E",director,0,,,,9,280
974,1938,P00452,Mohamcd Fouad,Mohamcd Fouad,,,C00697,"The Nile Ginning Co., S.A.E",The Nile Ginning Co,director,0,,,,9,280
975,1938,P00452,Mohamcd Fouad,Mohamcd Fouad,,,C00473,S.A. des Monts de Piété Egyptiens,S.A. des Monts de Piété Egyptiens,director,0,,,,9,280
976,1938,P00453,Monchicourt Ancll'é P,Monchicourt Ancll'é P,,,C00473,S.A. des Monts de Piété Egyptiens,S.A. des Monts de Piété Egyptiens,director,0,,,,9,280
977,1938,P00454,Monnerat E,Monnerat E,,,C00054,Compagnie Frigorifique d'Egypte,Compagnie Frigorifique cl 'Egypte,member,0,,,,9,280
978,1938,P00454,Monnerat E,Monnerat E,,,C00056,Société Anonyme des Eaux du Caire,Société Anonyme des Eaux du Caire,member,0,,,,9,280
979,1938,P00454,Monnerat E,Monnerat E,,,C00149,Société Anonyme du Béhéra,Société Anonyme du Béhéra,member,0,,,,9,280
980,1938,P00455,Montaner,Montaner,,,C00593,"Société de Métallurgie Egyptienne, S. A. E","Société de Métallurgie Egyptienne, S. A. E",managing_director,0,,,,9,280
981,1938,P00456,Morch O. V,Morch O. V,,,C00605,"Société des Ciments Portland de llélouan, S.A.E","Société des Ciments Portland de llélouan, S.A.E",director,0,,,,9,280
982,1938,P00457,MOI·dan James,MOI·dan James,,,C00264,Near East,'la· Near East,director,0,,,,9,280
983,1938,P00458,Moreau E,Moreau E,,,C00303,Banque· de Paris el des P'ays-Bas,Banque· de Paris el des P'ays-Bas,president,0,,,,9,280
984,1938,P00458,Moreau E,Moreau E,,,C00065,Crédit Foncier Egyptien,Crédit Foncier Egyptien,director,0,,,,9,280
985,1938,P00459,Moriatti Georues,Moriatti Georues,,,C00450,"S. A. « Prahova » Societute Ap.onima Romana Pcntl'u Incluslt'ia si Comcl'lul Pr.trolului, Bucm","S. A. « Prahova » Societute Ap.onima Romana Pcntl'u Incluslt'ia si Comcl'lul Pr.trolului, Bucm",manager,0,,,,9,280
986,1938,P00106,Morin Jean,Mo1·in Jean,,,C00396,"J en Egypte. des ,Agenres elu Cl'éclit Lyonnais","J en Egypte. des ,Agenres elu Cl'éclit Lyonnais",general_manager,0,,,,9,280
987,1938,P00460,M01·pm·go Gustavo,M01·pm·go Gustavo,,,C00711,The Upper Egypt Ginning Co,"Upper Egypt Ginning Co., .A.E",director,0,,,,9,281
988,1938,P00461,Morton James Het·bei·t,Morton James Het·bei·t,,,C00404,Khcdivial Mail Line,Khcdivial Mail Line,director,0,,,,9,281
989,1938,P00462,Mossél'i AlbCI't Vita,Mossél'i AlbCI't Vita,,,C00398,«Josy,Josy,director,0,,,,9,281
990,1938,P00463,Film,Film,,,C00411,Maison de Banque J. N. Mosseri Figli & Co,"Maison de Banque J. N. Mosscri, Figli & Co",partner,0,,,,9,281
991,1938,P00107,Mosséri Elie N,Mosséri Elie N,,,C00315,Chemins de. Fer 1\,Chemins de. Fer 1\,president,0,,,,9,281
992,1938,P00107,Mosséri Elie N,Mosséri Elie N,,,C00460,S.A. de \Vac!i 1\om-Om!Jo,S.A. de \Vac!i 1\om-Om!Jo,president,0,,,,9,281
993,1938,P00107,Mosséri Elie N,Mosséri Elie N,,,C00804,l.Jnion Fonci(•rc cl'Egypte,l.Jnion Fonci(•rc cl'Egypte,president,0,,,,9,281
994,1938,P00107,Mosséri Elie N,Mosséri Elie N,,,C00661,The Egyplian General Omnibus Co,The Egyplian General Omnibus Co,president,0,,,,9,281
995,1938,P00107,Mosséri Elie N,Mosséri Elie N,,,C00647,The Anglo-Belgian Co. ct de la Société Viticole et Vinicolecl'Egyptc,The Anglo-Belgian Co. ct de la Société Viticole et Vinicolecl'Egyptc,president,0,,,,9,281
996,1938,P00107,Mosséri Elie N,Mosséri Elie N,,,C00628,TJ1c Gabbari Land Co,TJ1c Gabbari Land Co,president,0,,,,9,281
997,1938,P00107,Mosséri Elie N,Mosséri Elie N,,,C00662,The Egyplian Ilolels l .tel,The Egyplian Ilolels l .tel,president,0,,,,9,281
998,1938,P00107,Mosséri Elie N,Mosséri Elie N,,,C00087,Grands Hôtels d'Egypte,Grands Hôtels cl'Egypte,president,0,,,,9,281
999,1938,P00107,Mosséri Elie N,Mosséri Elie N,,,C00367,Société Egyptienne de Filature,Filature l',president,0,,,,9,281
1000,1938,P00107,Mosséri Elie N,Mosséri Elie N,,,C00104,National Insurance Co. of Egypt,National Insurance Co. of Egypt,president,0,,,,9,281
1001,1938,P00107,Mosséri Elie N,Mosséri Elie N,,,C00039,Cairo Sand Bricks,Cairo Sand Bricks,president,0,,,,9,281
1002,1938,P00107,Mosséri Elie N,Mosséri Elie N,,,C00470,S.A. des Halles Centrales cl'Egyptc,S.A. des Halles Centrales cl'Egyptc,president,0,,,,9,281
1003,1938,P00107,Mosséri Elie N,Mosséri Elie N,,,C00508,Sociélé Egyptienne de Ciment,Sociélé Egyptienne de Ciment,president,0,,,,9,281
1004,1938,P00464,Portland Tourab,Portland Tourab,,,C00705,"The Tractor & Engineering Co., S.A.E","The Tractor & Engineering Co., S.A.E",managing_director,0,,,,9,281
1005,1938,P00464,Portland Tourab,Portland Tourab,,,C00666,"The Egyptian Coppcr \\'orks, S.A.E","The Egyptian Coppcr \\'orks, S.A.E",managing_director,0,,,,9,281
1006,1938,P00465,Mosséri FéHx N,Mosséri FéHx N,,,C00759,"cl 'Administration de The Trac tor& Engineering Co., S .. \.E. ·'","cl 'Administration de The Trac tor& Engineering Co., S .. \.E. ·'",council_member,0,,,,9,281
1007,1938,P00466,Mossél'i,Mossél'i,,,C00660,The Egyplian Finance Cy,The Egyplian Finance Cy,member,0,,,,9,281
1008,1938,P00466,Mossél'i,Mossél'i,,,C00663,The Egyplian Land & Building Cy,The Egyplian Land & Building Cy,member,0,,,,9,281
1009,1938,P00466,Mossél'i,Mossél'i,,,C00655,The Cairo& Financial Cy,The Cairo& Financial Cy,member,0,,,,9,281
1010,1938,P00467,Mosseri Joseph Vita,Mosséri Joseph Vita,,,C00399,"Josy Film, S.A.E","Josy Film, S.A.E",vice_president,0,,,,9,282
1011,1938,P00467,Mosseri Joseph Vita,Mosséri Joseph Vita,,,C00399,"Josy Film, S.A.E","Josy Film, S.A.E",managing_director,0,,,,9,282
1012,1938,P00109,Mosseri Maurice N,Mosséri Maurice N,,,C00514,Société,Société,president,0,,,,9,282
1013,1938,P00468,Egyptienne de Tuyaux,Egyptienne de Tuyaux,,,C00296,"Banque Mosséri, S.A.E","Banque Mosseri, S.A.E",director,0,,,,9,282
1014,1938,P00468,Egyptienne de Tuyaux,Egyptienne de Tuyaux,,,C00544,Société Egyptienne de Tissage et Tricotage,Société Egyptienne de Tissage et Tricotage,director,0,,,,9,282
1015,1938,P00468,Egyptienne de Tuyaux,Egyptienne de Tuyaux,,,C00675,The Egyptian Land & Buildings Co,The Egyptian Land & Building,director,0,,,,9,282
1016,1938,P00468,Egyptienne de Tuyaux,Egyptienne de Tuyaux,,,C00625,Syndicat des Obligataires de la Société Générale des Sucreries ct de la Raffinerie d'Egypte,Syndicat des Obligataires de la Société Générale des Sucreries ct de la Raffinerie d'Egypte,director,0,,,,9,282
1017,1938,P00469,Moucbly Cécile,Moucbly Cécile,,,C00703,The Simon Artz,The Simon Artz,director,0,,,,9,282
1018,1938,P00470,Moucbly Max,Moucbly Max,,,C00703,The Simon Artz,The Simon Artz,president,0,,,,9,282
1019,1938,P00471,Mou1·atiadi C. M,Mou1·atiadi C. M,,,C00061,Crown Brewery,Crown Brewery,president,0,,,,9,282
1020,1938,P00471,Mou1·atiadi C. M,Mou1·atiadi C. M,,,C00061,Crown Brewery,Crown Brewery,managing_director,0,,,,9,282
1021,1938,P00471,Mou1·atiadi C. M,Mou1·atiadi C. M,,,C00298,Banque de Commerce,Banque de Commerce,director,0,,,,9,282
1022,1938,P00471,Mou1·atiadi C. M,Mou1·atiadi C. M,,,C00170,Société Franco-Egyptienne d'Importation,Société Franco-Egypt1enne d'Importation,director,0,,,,9,282
1023,1938,P00472,Mullet Georges,Mullet Georges,,,C00200,The Cairo Electric Railways and Heliopolis Oases Co,The Cairo Electric Rail ways & Heliopolis Oases Co,managing_director,0,,,,9,282
1024,1938,P00472,Mullet Georges,Mullet Georges,,,C00272,The African Enterprise & Development Co,The African Enterprise & Development Co,managing_director,0,,,,9,282
1025,1938,P00472,Mullet Georges,Mullet Georges,,,C00536,Société Egyptienne d'Electricité,Société Egyptienne d'Electricité,director,0,,,,9,282
1026,1938,P00472,Mullet Georges,Mullet Georges,,,C00521,Société Anonyme des Tramways du CaiJ·e,Société Anonyme des Tramways du CaiJ·e,director,0,,,,9,282
1027,1938,P00472,Mullet Georges,Mullet Georges,,,C00142,Société Anonyme des Chemins de Fer de la Basse-Egypte,Société Anonyme des Chemins de Fer de la Basse Egypte,director,0,,,,9,282
1028,1938,P00472,Mullet Georges,Mullet Georges,,,C00041,The Cairo Suburban Building Land Co,The Cairo Suburban Building Land Co,director,0,,,,9,282
1029,1938,P00473,MUI·at E,MUI·at E,,,C00672,The Egyptian Road Construction,The Egyptian Huad Construction Co,director,0,,,,9,282
1030,1938,P00474,Nacamuli Albcl'l,Nacamuli Albcl'l,,,C00542,Société Egyptienne de Placements ct de Crédit,Société Egyptienne de Placements ct de Crédit,managing_director,0,,,,9,282
1031,1938,P00475,Nacamuli Isaac E. Comm,Nacamuli Isaac E. Comm,,,C00541,Société Egyptienne de Placements,Société Egyptienne de Placements,president,0,,,,9,282
1032,1938,P00475,Nacamuli Isaac E. Comm,Nacamuli Isaac E. Comm,,,C00334,Crédit,Crédit,president,0,,,,9,282
1033,1938,P00476,Nachaty Youssef Dr,Nachaty Youssef Dr,,,C00514,Société,Société,director,0,,,,9,282
1034,1938,P00477,Nahas Michel,Nahas Michel,,,C00568,Société· Franco,Société Franco,president,0,,,,9,283
1035,1938,P00478,Nahas Robert,Nahas Robert,,,C00568,Société· Franco,Société· Franco,director,0,,,,9,283
1036,1938,P00479,Nahman Armand V,Nahman Armand V,,,C00372,Gharbieh,Gharbieh,director,0,,,,9,283
1037,1938,P00480,Nahmias Salomon,Nahmias Salomon,,,C00305,Cairo Land and Financial Co. S.A.E,Cairo Land& Financial Co,director,0,,,,9,283
1038,1938,P00481,Napier Sir ' Joseph W. L,Napier Sir ' Joseph W. L,,,C00636,The Aboukir Co,The Aboukir Co,director,0,,,,9,283
1039,1938,P00115,Nathan J. Edward,Nathan Edward,,,C00108,New Egyptian Co,New Egyptian Co,director,0,,,,9,283
1040,1938,P00115,Nathan J. Edward,Nathan Edward,,,C00151,Société Belge-Egyptienne de l'Ezbékieh,Société Belge-Egyptienne de l'Ezbékieh,director,0,,,,9,283
1041,1938,P00116,Naus Henry,Naus Henry Bey,bey,,C00311,Cercle Belge,Cercle Belge,president,0,,,,9,283
1042,1938,P00116,Naus Henry,Naus Henry Bey,bey,,C00522,Société Belge de Bienfaisance,Société Belge de Bienfaisance,president,0,,,,9,283
1043,1938,P00116,Naus Henry,Naus Henry Bey,bey,,C00368,Fondation Egyptologique Reine Elisabeth,Fondation Egyptologique Reine Elisabeth,president,0,,,,9,283
1044,1938,P00116,Naus Henry,Naus Henry Bey,bey,,C00800,ete la Fédémtion des Industries en Egypte,ete la Fédémtion des Industries en Egypte,president,0,,,,9,283
1045,1938,P00116,Naus Henry,Naus Henry Bey,bey,,C00090,Industrie,Industrie,member,0,,,,9,283
1046,1938,P00116,Naus Henry,Naus Henry Bey,bey,,C00183,Société d'Economie Politique,Société d'Economie Politique,vice_president,0,,,,9,283
1047,1938,P00116,Naus Henry,Naus Henry Bey,bey,,C00176,Société Générale des Sucreries,Société Générale des Sucreries,managing_director,0,,,,9,283
1048,1938,P00116,Naus Henry,Naus Henry Bey,bey,,C00114,Raffinerie d'Egypte,Raffinerie d'Egypte,managing_director,0,,,,9,283
1049,1938,P00116,Naus Henry,Naus Henry Bey,bey,,C00488,S.E. d'Irrigation,S.E. d'Irrigation,president,0,,,,9,283
1050,1938,P00116,Naus Henry,Naus Henry Bey,bey,,C00488,S.E. d'Irrigation,S.E. d'Irrigation,managing_director,0,,,,9,283
1051,1938,P00116,Naus Henry,Naus Henry Bey,bey,,C00030,Banque Belge et Internationale en Egypte,Banque Belge ct Internationale en Egypte,vice_president,0,,,,9,283
1052,1938,P00116,Naus Henry,Naus Henry Bey,bey,,C00739,Union des Agriculteurs d'Egypte,Union des Agriculteurs d'Egypte,president,0,,,,9,283
1053,1938,P00116,Naus Henry,Naus Henry Bey,bey,,C00140,Société Anonyme de Wadi Kom Ombo,A. de Wadi Kom Ombo,director,0,,,,9,283
1054,1938,P00116,Naus Henry,Naus Henry Bey,bey,,C00065,Crédit Foncier Egyptien,Crédit Foncier Egyptien,director,0,,,,9,283
1055,1938,P00116,Naus Henry,Naus Henry Bey,bey,,C00654,The Cairo Electric Railw ays and Heliopolis Oases Co,The Cairo Electric Railw ays and Heliopolis Oases Co,director,0,,,,9,283
1056,1938,P00116,Naus Henry,Naus Henry Bey,bey,,C00272,The African Enterprise & Development Co,African Enterprise& Development Co,director,0,,,,9,283
1057,1938,P00116,Naus Henry,Naus Henry Bey,bey,,C00054,Compagnie Frigorifique d'Egypte,Compagnie Frigorifique cl'Egyptc,director,0,,,,9,283
1058,1938,P00116,Naus Henry,Naus Henry Bey,bey,,C00468,S.A. des Eaux du Caire,S.A. des Eaux du Caire,director,0,,,,9,283
1059,1938,P00116,Naus Henry,Naus Henry Bey,bey,,C00024,The Anglo-Belgian Co. of Egypt Ltd,Anglo-Belgian Co. of Egypt Ltd,director,0,,,,9,283
1060,1938,P00116,Naus Henry,Naus Henry Bey,bey,,C00570,Société Générale Immobilière d'Egypte,Société Générale Immobilière d'EgypLe,director,0,,,,9,283
1061,1938,P00116,Naus Henry,Naus Henry Bey,bey,,C00589,"Société Viticole et Vinicole d'Egypte, S.A.E","Société Viticole et Vinicole d'Egypte, S.A.E",director,0,,,,9,283
1062,1938,P00116,Naus Henry,Naus Henry Bey,bey,,C00632,Textile de Choubrah. - (Nombreuses hautes distinctions honorifiques),Textile de Choubrah. - (Nombreuses hautes distinctions honorifiques),director,0,,,,9,283
1063,1938,P00482,Nelson George,Nelson George,,,C00692,"The Hinshelwood Paint & Oil Co. of Egypt, S.A.E","The Hinshelwood Paint & Oil Cy. of Egypt, S.A.E",director,0,,,,9,283
1064,1938,P00483,Neuflize Baron de,Neuflize Baron de,,,C00345,Danque de l'Union Parisienne,Danque de l'Union Parisienne,director,0,,,,9,283
1065,1938,P00483,Neuflize Baron de,Neuflize Baron de,,,C00318,ComiLé de Paris de la Banque d'Athènes),ComiLé de Paris de la Banque d'Athènes),council_member,0,,,,9,283
1066,1938,P00483,Neuflize Baron de,Neuflize Baron de,,,C00318,ComiLé de Paris de la Banque d'Athènes),ComiLé de Paris de la Banque d'Athènes),member,0,,,,9,283
1067,1938,P00484,Nichols D,Nichols D,,,C00599,Société des Autobus de Béhéra,Société des Autobus de Béhéra,director,0,,,,9,284
1068,1938,P00484,Nichols D,Nichols D,,,C00372,Gharbieh,Gharbieh,director,0,,,,9,284
1069,1938,P00485,NicoloU Assen,NicoloU Assen,,,C00529,"Société Commerciale Bulgaro-Egyptienne, S. A.E","Société Commerciale Bulgaro-Egyptienne, S. A.E",director,0,,,,9,284
1070,1938,P00486,NicoloH Ivan,NicoloH Ivan,,,C00529,"Société Commerciale Bulgaro-Egyptienne, S. A.E","Société Commerciale Bulgaro-Egyptienne, S.A.E",director,0,,,,9,284
1071,1938,P00487,Nogara G1·. Cord. Ing. Bei·nardino,Nogara G1·. Cord. Ing. Bei·nardino,,,C00293,Banca Commerciale Italiana per l'Egitto,Banca Commerciale Italiana per l'Egitto,director,0,,,,9,284
1072,1938,P00117,Nubar Arakel,S.E. Nuba1· Arakel Pacha,pasha,s.e.,C00814,ln S.A. des Eaux du Caire,ln S.A. des Eaux du Caire,director,0,,,,9,284
1073,1938,P00117,Nubar Arakel,S.E. Nuba1· Arakel Pacha,pasha,s.e.,C00200,The Cairo Electric Railways and Heliopolis Oases Co,The Cairo Electric Railways and Heliopolis Oases Co,director,0,,,,9,284
1074,1938,P00117,Nubar Arakel,S.E. Nuba1· Arakel Pacha,pasha,s.e.,C00054,Compagnie Frigorifique d'Egypte,Compagnie Frigorifique d'Egypte,director,0,,,,9,284
1075,1938,P00488,Nubar Zarch,Nubar Zarch Bey,bey,,C00015,The Alexandria & Ramleh Railways Co. Ltd,Alexandria& Ramleh Railways Co,director,0,,,,9,284
1076,1938,P00488,Nubar Zarch,Nubar Zarch Bey,bey,,C00146,Tramways d'Alexandrie,Tramways d'Alexandrie,director,0,,,,9,284
1077,1938,P00489,Nyegaa1·d A,Nyegaa1·d A,,,C00591,Société de Ciment Porllancl de llélouan,Société de Ciment Porllancl de llélouan,member,0,,,,9,284
1078,1938,P00490,Orsi Carlo,Orsi Carlo,,,C00789,elu Banco Italo-Egiziano. p,elu Banco Italo-Egiziano. p,director,0,,,,9,284
1079,1938,P00491,Pace UmbCI·to Mc,Pace UmbCI·to Mc,,,C00569,Société Franco-Egyptienne d 'Tmpol'lution,Société Franco-Egyptienne d 'Tmpol'lution,director,0,,,,9,284
1080,1938,P00492,Passardi Renato Ha!J,Passardi Renato Ha!J,,,C00486,S.A.E. de l' lndustJ-ie Fibres Textiles,S.A.E. de l' lndustJ-ie Fibres Textiles,director,0,,,,9,284
1081,1938,P00493,Pathy Polnaue1· EI·nst,Pathy Polnaue1· EI·nst,,,C00575,"Société IIor,gro Egypticnne pom le Commerce. (Etaùli à Burlapest)","Société IIor,gro Egypticnne pom le Commerce. (Etaùli à Burlapest)",managing_director,0,,,,9,284
1082,1938,P00494,J>athy Polnaucr· Georges,J>athy Polnaucr· Georges,,,C00482,"S.A.E. "" Gunz"" (Egypte)","S.A.E. "" Gunz"" (Egypte)",director,0,,,,9,284
1083,1938,P00494,J>athy Polnaucr· Georges,J>athy Polnaucr· Georges,,,C00497,Soc,Soc,director,0,,,,9,284
1084,1938,P00494,J>athy Polnaucr· Georges,J>athy Polnaucr· Georges,,,C00598,Société des Autobus d'Alexandrie,Société des Autobus d'Alexandrie,director,0,,,,9,284
1085,1938,P00495,Palhy Polnaucr Ladislas,Palhy Polnaucr Ladislas,,,C00447,"S . .-\.E. "" Ganz""","S . .-\.E. "" Ganz""",president,0,,,,9,284
1086,1938,P00496,Commerce,Commerce,,,C00499,Soci[•té drs i\ulolms du Caire,Soci[•té drs i\ulolms du Caire,vice_president,0,,,,9,285
1087,1938,P00496,Commerce,Commerce,,,C00285,"Alexandrin. Na\'igntion Co., S.i\..E. el de l'Alexunclria Navigation Co. (l.onrlon) Lld","Alexandrin. Na\'igntion Co., S.i\..E. el de l'Alexunclria Navigation Co. (l.onrlon) Lld",delegate,0,,,,9,285
1088,1938,P00496,Commerce,Commerce,,,C00597,Société des Aulolms du Nord,Société des Aulolms du Nord,delegate,0,,,,9,285
1089,1938,P00496,Commerce,Commerce,,,C00423,National ConLrnding Co. of EgypL cL de la Comrucrcial Bank of EgypL,National ConLrnding Co. of EgypL cL de la Comrucrcial Bank of EgypL,delegate,0,,,,9,285
1090,1938,P00440,Peel Col. E. T,Peel Col. E. T,,,C00802,i\lcxnndria Insumncc Co,i\lcxnndria Insumncc Co,director,0,,,,9,285
1091,1938,P00440,Peel Col. E. T,Peel Col. E. T,,,C00551,Société Egyptienne de la Ilout·sc Comntct·c·iulc de,Société Egyptienne de la Ilout·sc Comntct·c·iulc de,director,0,,,,9,285
1092,1938,P00497,Pclcl' Louis Comm. ln!J,Pclcl' Louis Comm. ln!J,,,C00768,"cl'AclminisLraLion de la~ot'iélé .\IIOll) 111r' Eg) plit•uue de· Cuus[l'l[('liuns ""Egyco n","cl'AclminisLraLion de la~ot'iélé .\IIOll) 111r' Eg) plit•uue de· Cuus[l'l[('liuns ""Egyco n",council_member,0,,,,9,285
1093,1938,P00498,Pilavachi Constantin G,Pilavachi Constantin G,,,C00652,The Building Lands Cy,The Building Lands Cy,president,0,,,,9,286
1094,1938,P00498,Pilavachi Constantin G,Pilavachi Constantin G,,,C00211,The Egyptian Cotton Cy,The Egyptian Cotton Cy,president,0,,,,9,286
1095,1938,P00498,Pilavachi Constantin G,Pilavachi Constantin G,,,C00136,Société Anonyme Immobilière d'Alexandrie,Société Immobilière d'Alexandrie,president,0,,,,9,286
1096,1938,P00499,Pinto Cav. Attilio,Pinto Cav. Attilio,,,C00791,"elu Comité de Surveillance de la Compagnie de Navigation"" La Fluviale, F. Van Der Zee & Co","elu Comité de Surveillance de la Compagnie de Navigation"" La Fluviale, F. Van Der Zee & Co",president,0,,,,9,286
1097,1938,P00499,Pinto Cav. Attilio,Pinto Cav. Attilio,,,C00197,The Associated Cotton Ginners,The Associated Cotton Ginners,vice_president,0,,,,9,286
1098,1938,P00499,Pinto Cav. Attilio,Pinto Cav. Attilio,,,C00162,Société Egyptienne de la Bourse Commerciale de Minet El Bassal,Bourse Commerciale de Minet El Bassa!,director,0,,,,9,286
1099,1938,P00499,Pinto Cav. Attilio,Pinto Cav. Attilio,,,C00452,S.A. Immobili Riuniti,S.A. Immobili Riuniti,director,0,,,,9,286
1100,1938,P00499,Pinto Cav. Attilio,Pinto Cav. Attilio,,,C00458,"S.A. des Fibres Textiles, S.A.E","S.A. des Fibres Textiles, S.A.E",director,0,,,,9,286
1101,1938,P00499,Pinto Cav. Attilio,Pinto Cav. Attilio,,,C00357,"Egyptian PublicvVorks, S.A.E","Egyptian PublicvVorks, S.A.E",director,0,,,,9,286
1102,1938,P00500,Pinto,Pinto,,,C00502,"Societa Anonima Immobili Riuniti, S.A.E",Società Anonima Immobili Riuniti,member,0,,,,9,286
1103,1938,P00501,Pinto Cav. Ezio,Pinto Cav. Ezio,,,C00477,"S.A. des Terres Rares d'Egypte, S.A.E","S.A. des Terres Rares d'Egypte, S.A.E",president,0,,,,9,286
1104,1938,P00501,Pinto Cav. Ezio,Pinto Cav. Ezio,,,C00501,"Società Anonima Immobili Ri uni ti, S.A.E","Società Anonima Immobili Ri uni ti, S.A.E",member,0,,,,9,286
1105,1938,P00501,Pinto Cav. Ezio,Pinto Cav. Ezio,,,C00458,"S.A. des Fibres Textiles, S.A.E","S.A. des Fibres Textiles, S.A.E",member,0,,,,9,286
1106,1938,P00501,Pinto Cav. Ezio,Pinto Cav. Ezio,,,C00711,The Upper Egypt Ginning Co,"The Upper Egypt Ginning Co., S. A. E",member,0,,,,9,286
1107,1938,P00121,Pinto Silvio,Pinto Comm. Silvio,,,C00709,The Upper,The Upper,president,0,,,,9,286
1108,1938,P00502,Egypt Ginning Co,Egypt Ginning Co,,,C00256,Administration .cie l'Egyptian .Salt & Soda Co,'Administration de l'Egyptian Salt & Soda Cy,council_member,0,,,,9,286
1109,1938,P00502,Egypt Ginning Co,Egypt Ginning Co,,,C00571,Société Générale de Pressage,Société Générale de Pressage,council_member,0,,,,9,286
1110,1938,P00502,Egypt Ginning Co,Egypt Ginning Co,,,C00286,Alexauclria Insurance Cy,Alexauclria Insurance Cy,council_member,0,,,,9,286
1111,1938,P00502,Egypt Ginning Co,Egypt Ginning Co,,,C00028,Banco Italo-Egiziano,Banco Italo-Egiziano,council_member,0,,,,9,286
1112,1938,P00502,Egypt Ginning Co,Egypt Ginning Co,,,C00458,"S.A. des Fibres Textiles, S.A.E","S.A. de Fibres Textiles, S.A.E",council_member,0,,,,9,286
1113,1938,P00503,Pollet Raymond,Pollet Raymond,,,C00539,"Société Egyptienne de Filature et Tissage de la Laine, S.A.E","Société Egyptienne de Filature eL de Tissage de Laine, S A.E",director,0,,,,9,286
1114,1938,P00504,Pollet Robe1·t,Pollet Robe1·t,,,C00367,Société Egyptienne de Filature,Société Egyptienne de Filature,director,0,,,,9,286
1115,1938,P00504,Pollet Robe1·t,Pollet Robe1·t,,,C00721,"Tissage de Laine, S.A.E","Tissage de Laine, S.A.E",director,0,,,,9,286
1116,1938,P00505,"Pontremoli Maul""ice B","Pontremoli Maul""ice B",,,C00414,"Maisond'Ameublement B. Pontremoli, S.A.E","Maisond'Ameublement B. Pontremoli, S.A.E",director,0,,,,9,287
1117,1938,P00506,Pontremoli Rachel Mme. Vve. B,Pontremoli Rachel Mme. Vve,,,C00410,"Maison d'Ameublement B. Pontremoli, S.A.E","Maison d'Ameublement B. Pontremoli, S.A.E",director,0,,,,9,287
1118,1938,P00124,Ràbbath Sélim,Ràbbath Sélim,,,C00069,Delta Trading Co,Delta Trading Co,president,0,,,,9,287
1119,1938,P00124,Ràbbath Sélim,Ràbbath Sélim,,,C00577,Société Immobilière de Bou! ac,Société Immobilière de Bou! ac,president,0,,,,9,287
1120,1938,P00124,Ràbbath Sélim,Ràbbath Sélim,,,C00449,S.A. des Immeubles d'Egypte,S.A. des Immeubles d'Egypte,director,0,,,,9,287
1121,1938,P00507,Raemy Bemai'CI de,Raemy Bemai'CI de,,,C00039,Cairo Sand Bricks,Cairo Sand Bricks,managing_director,0,,,,9,287
1122,1938,P00507,Raemy Bemai'CI de,Raemy Bemai'CI de,,,C00409,Maison Sulzer Frères,Maison Sulzer Frères,manager,0,,,,9,287
1123,1938,P00508,Ragheb Hanna,Ragheb Hanna Bey,bey,,C00425,National Contracting Co. of Egypt,National Contracting Co. of Egypt,director,0,,,,9,287
1124,1938,P00509,Ralli Alexandre,Ralli Alexandre,,,C00560,"Société Egyptienne pour l'Exploitation des Mines et Carrières, S. A.E","Société Egyptienne pour l'Exploitation des Mines et Carrières, S. A.E",director,0,,,,9,287
1125,1938,P00510,Ramlot Paul,Ramlot Paul,,,C00030,Banque Belge et Internationale en Egypte,"Banque Belge et Internationale en Egypte, S.A.E",director,0,,,,9,287
1126,1938,P00125,Raybaud Max,Raybaud Max,,,C00061,Crown Brewery,Crown Brewery,managing_director,0,,,,9,287
1127,1938,P00511,Razeti Aldo,Razeti Aldo,,,C00560,"Société Egyptienne pour l'Exploitation des Mines et Carrières, S. A.E","Société Egyptienne pour l'Exploitation de Mines et Carrières, S.A.E",director,0,,,,9,287
1128,1938,P00512,Reinha1·t P. J1·,Reinha1·t P. J1·,,,C00426,"The National Ginning Co. of Egypt, S.A.E","The National Ginning Co. of Egypt, S.A.E",president,0,,,,9,287
1129,1938,P00513,Remaugé,Remaugé,,,C00015,The Alexandria & Ramleh Railways Co. Ltd,Alexandria & Hamleh Hailways Co,director,0,,,,9,287
1130,1938,P00514,Richès Jacques,Richès Jacques,,,C00341,Dakahlich,Dakahlich,director,0,,,,9,287
1131,1938,P00515,Land Co,Land Co,,,C00688,The General Accident Fire & Life Assumncc Corporation Ud. (Nca1· Easl Board),The General Accident Fire & Life Assumncc Corporation Ud. (Nca1· Easl Board),president,0,,,,9,287
1132,1938,P00515,Land Co,Land Co,,,C00352,Egyptian Consolidaled Land Ud,Egyptian Consolidaled Land Ud,managing_director,0,,,,9,287
1133,1938,P00515,Land Co,Land Co,,,C00641,The Alexand1·ia Ccnlnll l3uildiugs,The Alexand1·ia Ccnlnll l3uildiugs,managing_director,0,,,,9,287
1134,1938,P00515,Land Co,Land Co,,,C00722,Tite Aboukir Co,Tite Aboukir Co,managing_director,0,,,,9,287
1135,1938,P00515,Land Co,Land Co,,,C00376,Gibson & Pauling (Foreign) Lld,Gibson & Pauling (Foreign) Lld,managing_director,0,,,,9,287
1136,1938,P00515,Land Co,Land Co,,,C00714,"The r,ond Agenl'y of Egypt","The r,ond Agenl'y of Egypt",managing_director,0,,,,9,287
1137,1938,P00515,Land Co,Land Co,,,C00651,The British Egyptian Cotton Cy. Ud,The British Egyptian Cotton Cy. Ud,managing_director,0,,,,9,287
1138,1938,P00516,Hodocanachi Th,Hodocanachi Th,,,C00277,Alexandria Exchange Co,Alexandria Exchange Co,president,0,,,,9,288
1139,1938,P00517,Holin Léon,Holin Léon,,,C00461,S.A. des Anciennes Entreprises L. Rolin & Co,S.A. des Anciennes Entreprises L. Rolin & Co,president,0,,,,9,288
1140,1938,P00517,Holin Léon,Holin Léon,,,C00351,Egyplian Enteq)]'ise & De1·elopmenl Co,Egyplian Enteq)]'ise & De1·elopmenl Co,president,0,,,,9,288
1141,1938,P00517,Holin Léon,Holin Léon,,,C00377,Gl!m biell Land Co,Gl!m biell Land Co,president,0,,,,9,288
1142,1938,P00517,Holin Léon,Holin Léon,,,C00497,Soc,Soc,delegate,0,,,,9,288
1143,1938,P00517,Holin Léon,Holin Léon,,,C00511,SociélélJclgo-Egyplicnnc,SociélélJclgo-Egyplicnnc,delegate,0,,,,9,288
1144,1938,P00517,Holin Léon,Holin Léon,,,C00616,Sol'iélé lmnwbiliè•rc de Zmualck,Sol'iélé lmnwbiliè•rc de Zmualck,delegate,0,,,,9,288
1145,1938,P00517,Holin Léon,Holin Léon,,,C00507,Sociélé Civile Norlil Zamalcl< Land,Sociélé Civile Norlil Zamalcl< Land,delegate,0,,,,9,288
1146,1938,P00518,Holo,Holo,,,C00375,Ghurbich,Ghurbich,director,0,,,,9,288
1147,1938,P00519,Uolo Max,Uolo Max,,,C00279,"Alexandria Pressing Co., S.A.E","Alexandria Pressing Co., S.A.E",director,0,,,,9,288
1148,1938,P00520,Hom Fl'ançois,Hom Fl'ançois,,,C00819,lu Cuira Suburban Building Lands Co,lu Cuira Suburban Building Lands Co,president,0,,,,9,289
1149,1938,P00520,Hom Fl'ançois,Hom Fl'ançois,,,C00378,Gl1arbiell Land Co,Gl1arbiell Land Co,president,0,,,,9,289
1150,1938,P00520,Hom Fl'ançois,Hom Fl'ançois,,,C00212,The Egyptian Enterprise & Development Co,Egyptian Enterprise & Development Co,president,0,,,,9,289
1151,1938,P00520,Hom Fl'ançois,Hom Fl'ançois,,,C00061,Crown Brewery,Crown Brewery,president,0,,,,9,289
1152,1938,P00520,Hom Fl'ançois,Hom Fl'ançois,,,C00517,Société Anonyme Bclgc-EgypLienne,Société Anonyme Bclgc-EgypLienne,managing_director,0,,,,9,289
1153,1938,P00521,ArLz Stores,ArLz Stores,,,C00412,"Maison « Les Fils cl 'Alfred Camp()~""","Maison « Les Fils cl 'Alfred Camp()~""",manager,0,,,,9,289
1154,1938,P00522,Houchdy Mohamed,Houchdy Mohamed Bey,bey,,C00514,Société,The,director,0,,,,9,289
1155,1938,P00523,Howlall Sir F. T,Howlall Sir F. T,,,C00773,cl'Adminis_tra·tion de la National Bank of Egypt,cl'Adminis_tra·tion de la National Bank of Egypt,council_member,0,,,,9,289
1156,1938,P00524,Hui'ïini Dott. Rag. Tito,Hui'ïini Dott. Rag. Tito,,,C00500,Socieli1 Egiziana perl'Estrazione ed il Commercio dei Posfati,Socieli1 Egiziana perl'Estrazione ed il Commercio dei Posfati,general_manager,0,,,,9,289
1157,1938,P00524,Hui'ïini Dott. Rag. Tito,Hui'ïini Dott. Rag. Tito,,,C00763,cl 'Administration de lu Soc1été Egyptienne de Placements,cl 'Administration de lu Soc1été Egyptienne de Placements,liquidator,0,,,,9,289
1158,1938,P00524,Hui'ïini Dott. Rag. Tito,Hui'ïini Dott. Rag. Tito,,,C00334,Crédit,Crédit,liquidator,0,,,,9,289
1159,1938,P00524,Hui'ïini Dott. Rag. Tito,Hui'ïini Dott. Rag. Tito,,,C00334,Crédit,Crédit,council_member,0,,,,9,289
1160,1938,P00525,Rutimeycr R. L,Rutimeycr R. L,,,C00698,"The Nile Ginning Co., S.A.E. (Minia). s","The Nile Ginning Co., S.A.E. (Minia). s",managing_director,0,,,,9,289
1161,1938,P00526,Saab Comte Aziz de,Siiah Comte Aziz de,,,C00691,The Gl~n.r· bieh Land Co,The Gl~n.r· bieh Land Co,director,0,,,,9,289
1162,1938,P00527,Saab Comte Sélim de,Saab Comle Sélim de _,,,C00782,de. l'Unfon Foncière cl 'Egypte,de. l'Unfon Foncière cl 'Egypte,director,0,,,,9,289
1163,1938,P00528,Sabri Yacoub,Sa_!:>ri Yacoub Bey,bey,,C00846,Çl-harbieh Land. Co. ·,Çl-harbieh Land. Co. ·,member,0,,,,9,289
1164,1938,P00529,Sabry Chérif,Sabry Chérif Pacha-,pasha,,C00845,·elu Conseil cl' Administrati.on cle la National Bank of Egy.pt,·elu Conseil cl' Administrati.on cle la National Bank of Egy.pt,member,0,,,,9,289
1165,1938,P00530,Sabry Hussein,S.E. Sabr·y Hussein Pacha,pasha,s.e.,C00834,"ociété Nationale d'Egypte pour l'Exploitation des Mines ct Carrières, S. A. E","ociété Nationale d'Egypte pour l'Exploitation des Mines ct Carrières, S. A. E",president,0,,,,9,290
1166,1938,P00530,Sabry Hussein,S.E. Sabr·y Hussein Pacha,pasha,s.e.,C00579,Société Immobilièreelu Domaine de Siouf,Société Immobilièreelu Domaine de Siouf,president,0,,,,9,290
1167,1938,P00530,Sabry Hussein,S.E. Sabr·y Hussein Pacha,pasha,s.e.,C00519,Société Anonyme Egyptienne de Constructions «EGYCOu,Société Egyptienne de Constructions(EGYCO),president,0,,,,9,290
1168,1938,P00530,Sabry Hussein,S.E. Sabr·y Hussein Pacha,pasha,s.e.,C00700,"The Pharaonic Mail Lino, S.A.E","The Pharaonic Mail Lino, S.A.E",director,0,,,,9,290
1169,1938,P00531,Sachs Ft·eddy,Sachs Ft·eddy,,,C00701,The Sheffield,The Sheffield,director,0,,,,9,290
1170,1938,P00532,Sadik Henein,S.E. Sadil< Henein Pacha,pasha,s.e.,C00421,Mission Er,Mission Er,president,0,,,,9,290
1171,1938,P00532,Sadik Henein,S.E. Sadil< Henein Pacha,pasha,s.e.,C00797,"elu Go""LLvernenwnt aupTès etes ]jourses des Valeurs","elu Go""LLvernenwnt aupTès etes ]jourses des Valeurs",auditor,0,,,,9,290
1172,1938,P00532,Sadik Henein,S.E. Sadil< Henein Pacha,pasha,s.e.,C00468,S.A. des Eaux du Caire,S.A. des Eaux du Caire,managing_director,0,,,,9,290
1173,1938,P00532,Sadik Henein,S.E. Sadil< Henein Pacha,pasha,s.e.,C00054,Compagnie Frigorifique d'Egypte,Compagnie Frigorifique d'Egypte,managing_director,0,,,,9,290
1174,1938,P00532,Sadik Henein,S.E. Sadil< Henein Pacha,pasha,s.e.,C00294,Banco Ilalo-Egiziano ct de la Société des Cign.rettes Nestor Gianaclis,Banco Ilalo-Egiziano ct de la Société des Cign.rettes Nestor Gianaclis,vice_president,0,,,,9,290
1175,1938,P00532,Sadik Henein,S.E. Sadil< Henein Pacha,pasha,s.e.,C00226,The Upper Egypt Hotels,Upper Egypt Hotels,director,0,,,,9,290
1176,1938,P00533,SaiwaL Mohamed I>acha,S.E. SaiwaL Mohamed I>acha,,s.e.,C00260,'Administration de la S.A. du Domaine de Siouf,'Administration de la S.A. du Domaine de Siouf,president,0,,,,9,290
1177,1938,P00534,Said Khachaba,S.E. Said Khachaba Pacha,pasha,s.e.,C00261,"'Administration de la Société Egyptienne pom le Développementelu Commerce des Légumes, } ruits et Fleurs","'Administration de la Société Egyptienne pom le Développementelu Commerce des Légumes, } ruits et Fleurs",president,0,,,,9,290
1178,1938,P00535,Salama Joseph M,Salama Joseph,,,C00743,Usines d'Egrenage etd'Huileries,Usines d'Egrenage etd'Huileries,managing_director,0,,,,9,290
1179,1938,P00536,Salama Mat•co,Salama Mat•co,,,C00413,"Maison « Les Fils de Zaketto Salama& Co. ""","Maison « Les Fils de Zaketto Salama& Co. """,manager,0,,,,9,290
1180,1938,P00536,Salama Mat•co,Salama Mat•co,,,C00371,"General Society for Banking, Trading & Land Enterprises, S.A.E","General Society for Banking, Trading & Land Enterprises, S.A.E",director,0,,,,9,290
1181,1938,P00537,Salama Salvatore,Salama Salvatore,,,C00445,Rosetta & Alexandria Rice Mills,Rosetta & Alexandria Rice Mills,managing_director,0,,,,9,291
1182,1938,P00537,Salama Salvatore,Salama Salvatore,,,C00492,S.E. de la Bourse Commerciale de Minet El Bassal,S.E. de la Bourse Commerciale de Minet El Bassal,director,0,,,,9,291
1183,1938,P00537,Salama Salvatore,Salama Salvatore,,,C00740,"Usines Ré,mies d'Egrenage etd'Huileries","Usines Ré,mies d'Egrenage etd'Huileries",director,0,,,,9,291
1184,1938,P00537,Salama Salvatore,Salama Salvatore,,,C00077,The Egyptian Motor Transport Co,The Egyptian Motor Transport Co,director,0,,,,9,291
1185,1938,P00537,Salama Salvatore,Salama Salvatore,,,C00514,Société,Société,director,0,,,,9,291
1186,1938,P00538,Salem Comm. Emmanuel,Salem Comm. Emmanuel,,,C00131,Salonica Cigarette Co,Salonica Cigarette Co,director,0,,,,9,291
1187,1938,P00539,Salem Ovadia,Salem Ovadia,,,C00182,Société d'Avances Commerciales,Société d'Avances Commerciales,managing_director,0,,,,9,291
1188,1938,P00539,Salem Ovadia,Salem Ovadia,,,C00467,S.A. des Drogueries d'Egypte,S.A. des Drogueries d'Egypte,director,0,,,,9,291
1189,1938,P00136,Salvago Constantin M,Salvago Constantin M,,,C00164,Société Egyptienne des Pétroles,Société Egyptienne des Pétroles,director,0,,,,9,291
1190,1938,P00136,Salvago Constantin M,Salvago Constantin M,,,C00106,National Petroleum Cy,The National PeLroleum Co,director,0,,,,9,291
1191,1938,P00136,Salvago Constantin M,Salvago Constantin M,,,C00379,Gllarbieh Ginning Co,Gllarbieh Ginning Co,director,0,,,,9,291
1192,1938,P00136,Salvago Constantin M,Salvago Constantin M,,,C00081,Filature Nationale d'Egypte,Filature Nationale d'Egypte,director,0,,,,9,291
1193,1938,P00136,Salvago Constantin M,Salvago Constantin M,,,C00610,Société des Terres Rares d'Egypte,Société des Terres Rares d'Egypte,director,0,,,,9,291
1194,1938,P00136,Salvago Constantin M,Salvago Constantin M,,,C00520,Société Anonyme de Nettoyage,Société Anonyme de Nettoyage,director,0,,,,9,291
1195,1938,P00136,Salvago Constantin M,Salvago Constantin M,,,C00442,Pressage de Coton,Pressage de Coton,director,0,,,,9,291
1196,1938,P00136,Salvago Constantin M,Salvago Constantin M,,,C00481,S.A.E. Carba,S.A.E. Carba,director,0,,,,9,291
1197,1938,P00136,Salvago Constantin M,Salvago Constantin M,,,C00667,"The Egyptian Copper Works, S.A.E","The Egyptian Copper \Vorks, S.A.E",director,0,,,,9,291
1198,1938,P00540,Salvago Michel C,Salvago Michel C,,,C00807,let Communauté Hellénique d'Alexandrie,let Communauté Hellénique d'Alexandrie,president,0,,,,9,291
1199,1938,P00540,Salvago Michel C,Salvago Michel C,,,C00096,Land Bank of Egypt,The Land Bank of Egypt,president,0,,,,9,291
1200,1938,P00540,Salvago Michel C,Salvago Michel C,,,C00015,The Alexandria & Ramleh Railways Co. Ltd,Alexandria & Ramleh Railways Co. Ud,president,0,,,,9,291
1201,1938,P00540,Salvago Michel C,Salvago Michel C,,,C00020,The Alexandria vVater Co. Ltd,Alexandria\Vater Co,president,0,,,,9,291
1202,1938,P00540,Salvago Michel C,Salvago Michel C,,,C00081,Filature Nationale d'Egypte,Filature Nationale d'Egypte,president,0,,,,9,291
1203,1938,P00540,Salvago Michel C,Salvago Michel C,,,C00546,Société Egyptienne de l'Industrie Textile,Société Egyptienne de l'Industrie Textile,president,0,,,,9,291
1204,1938,P00540,Salvago Michel C,Salvago Michel C,,,C00580,Société Industrielle de Bonneterie,Société Industrielle de Bonneterie,president,0,,,,9,291
1205,1938,P00540,Salvago Michel C,Salvago Michel C,,,C00149,Société Anonyme du Béhéra,Société Anonyme du Béhéra,president,0,,,,9,291
1206,1938,P00540,Salvago Michel C,Salvago Michel C,,,C00280,"Alexandria Transport Co., S.A.E","Alexandria Transport Co., S.A.E",president,0,,,,9,291
1207,1938,P00540,Salvago Michel C,Salvago Michel C,,,C00083,Fédération Egyptienne des Industries,Fédération Egyptienne des Industries,vice_president,0,,,,9,291
1208,1938,P00540,Salvago Michel C,Salvago Michel C,,,C00216,Gabbari Land Co,Gabbari Land Co,vice_president,0,,,,9,291
1209,1938,P00540,Salvago Michel C,Salvago Michel C,,,C00767,cl' Administration de la National Bank of Egypt,cl' Administration de la National Bank of Egypt,council_member,0,,,,9,291
1210,1938,P00540,Salvago Michel C,Salvago Michel C,,,C00297,Banque d'Athènes,Banque d'Athènes,council_member,0,,,,9,291
1211,1938,P00540,Salvago Michel C,Salvago Michel C,,,C00103,National Insurance Co,National Insurance Co,council_member,0,,,,9,291
1212,1938,P00540,Salvago Michel C,Salvago Michel C,,,C00129,"S.A. de Nettoyage et Pressage de Coton, S.A.E",S.A. de Nettoyage et Pressage de Coton,council_member,0,,,,9,291
1213,1938,P00541,Samel Mamice,Samel Mamice,,,C00735,Tramwaysd'Alexandrie (Egypte),Tramwaysd'Alexandrie (Egypte),president,0,,,,9,291
1214,1938,P00541,Samel Mamice,Samel Mamice,,,C00015,The Alexandria & Ramleh Railways Co. Ltd,The Alexandria & Ramleh Railways Co. Ltd,director,0,,,,9,291
1215,1938,P00541,Samel Mamice,Samel Mamice,,,C00280,"Alexandria Transport Co., S.A.E",Alexandria Transport Co,director,0,,,,9,291
1216,1938,P00542,Saxby Ch. W,Saxby Ch. W,,,C00602,"Société des Autobus du Nord, S.A. E","Société des Autobus du Nord, S.A.E",director,0,,,,9,291
1217,1938,P00542,Saxby Ch. W,Saxby Ch. W,,,C00606,Société des Omnibus de Fayoum,Société des Omnibus de Fayoum,director,0,,,,9,291
1218,1938,P00543,Sayet· Sidney,Sayet· Sidney,,,C00672,The Egyptian Road Construction,The Egyptian Road Construction Co,director,0,,,,9,291
1219,1938,P00544,Scclsi Gr. UH. Lconcllo,Scclsi Gr. UH. Lconcllo,,,C00295,Bancollulu-Egiziuno,Bancollulu-Egiziuno,director,0,,,,9,292
1220,1938,P00545,Schnsca O,Schnsca O,,,C00801,flanque de Commerce N. Tcpcghiosi & Co,flanque de Commerce N. Tcpcghiosi & Co,manager,0,,,,9,292
1221,1938,P00546,Schellcnbet·g Hans,Schellcnbet·g Hans,,,C00490,S.E. de Ciment Po.rlluncl Tonn1ll,S.E. de Ciment Po.rlluncl Tonn1ll,director,0,,,,9,292
1222,1938,P00547,Scoccimam Silvio N,Scoccimam Silvio N,,,C00324,Compagnie Généi'Ulc Jtgypliennc de~· Pé·Lrolcs Co~ cp. S.A.E,Compagnie Généi'Ulc Jtgypliennc de~· Pé·Lrolcs Co~ cp. S.A.E,director,0,,,,9,292
1223,1938,P00548,Scdclil{ Ahmed,Scdclil{ Ahmed Bey,bey,,C00498,"Soci(•!é de Métallmgie Egyplicune, S.A.E","Soci(•!é de Métallmgie Egyplicune, S.A.E",president,0,,,,9,292
1224,1938,P00548,Scdclil{ Ahmed,Scdclil{ Ahmed Bey,bey,,C00326,Compagnie du Canal de suez,Compagnie du Canal de suez,council_member,0,,,,9,292
1225,1938,P00549,Sellas,Sellas,,,C00373,The Gharbieh Ginning Co,Gharbieh Ginning Co,director,0,,,,9,292
1226,1938,P00550,Seoucl,Seoucl,,,C00528,"Société Commerciale Buigaro-Egypliennc, S.A.E","Société Commerciale Buigaro-Egypliennc, S.A.E",director,0,,,,9,292
1227,1938,P00551,Shamà Me. André,Shamà André :\1e,,,C00371,"General Society for Banking, Trading & Land Enterprises, S.A.E","General Society for Bunking, Trading & Land Enterpriscs, S.A.E",director,0,,,,9,292
1228,1938,P00552,Slu~~à El!c F,Slu~~à El!c F,,,C00787,dr la S .. \. elu Domaine de,dr la S .. \. elu Domaine de,delegate,0,,,,9,292
1229,1938,P00139,Sidi Vitali,Sidi Vitali,,,C00459,S.A. de Nettoyage cl Prcssngc de Colon,S.A. de Nettoyage cl Prcssngc de Colon,director,0,,,,9,293
1230,1938,P00553,S~mon,S~mon,,,C00828,lu Société Générale pour favoriser le dévcloppc Jilenl elu Commel'(,lu Société Générale pour favoriser le dévcloppc Jilenl elu Commel'(,president,0,,,,9,293
1231,1938,P00554,Sinadino Aug. Th,Sinadino Aug. Th,,,C00313,Challlllre de Comme1·L·e Hellénique,Challlllre de Comme1·L·e Hellénique,vice_president,0,,,,9,293
1232,1938,P00555,Singleton Alex. Joseph Nichols,Singleton Alex. Joseph Nichols,,,C00586,Société Texas,Société Texas,director,0,,,,9,293
1233,1938,P00556,Small Walter Madison,Small Walter Madison,,,C00618,"The Standard Oil Co. of Egypt, S.A","The Standard Oil Co. of Egypt, S.A",director,0,,,,9,293
1234,1938,P00557,Smith K. B. Woodd,Smith K. B. Woodd,,,C00019,Alexandria Water Company,The Alexandria Waler Company,managing_director,0,,,,9,293
1235,1938,P00558,Sofio F,Sofio F,,,C00283,Alexandrin Exchangc Company,Alexandrin Exchangc Company,member,0,,,,9,293
1236,1938,P00559,Soliman Abdel Hamid,S.E. Soliman Abdel Hamid Pacha,pasha,s.e.,C00589,"Société Viticole et Vinicole d'Egypte, S.A.E",Viticole et Vinicole d'Egypte,president,0,,,,9,293
1237,1938,P00559,Soliman Abdel Hamid,S.E. Soliman Abdel Hamid Pacha,pasha,s.e.,C00287,Ang\o-Belgia..n Co. of Egypt Ltd,Ang\o-Belgia..n Co. of Egypt Ltd,member,0,,,,9,293
1238,1938,P00560,Soliman Skender,Soliman Skender,,,C00656,The Choremi Benachi Cotton Co,"The Choremi, Benachi Cotton Co",director,0,,,,9,294
1239,1938,P00561,Spetscropoulo D,Spetscropoulo D,,,C00224,The United Egyptian Nile Transport Co,United Egyptian Nile Transport Co,managing_director,0,,,,9,294
1240,1938,P00140,Spetseropoulo G. D,Spetseropoulo G. D,,,C00224,The United Egyptian Nile Transport Co,United Egyptian Nile Transport Co,managing_director,0,,,,9,294
1241,1938,P00562,Spiliotaki A,Spiliotaki A,,,C00330,Conseil d'Administration de la Banque d'Athènes,Conseil d'Administration de la Banque d'Athènes,member,0,,,,9,294
1242,1938,P00563,SpiniŒ Pacha Major Général El Férik Sir C. W,S.E. SpiniŒ Pacha Major Général El Férik Sir C. W,,s.e.,C00358,"Egyptian \\'orks & Constructions Co., S.A.E",Egyptian \Vorks & Construction Co,president,0,,,,9,294
1243,1938,P00563,SpiniŒ Pacha Major Général El Férik Sir C. W,S.E. SpiniŒ Pacha Major Général El Férik Sir C. W,,s.e.,C00667,"The Egyptian Copper Works, S.A.E","The Egyptian Copper 'vVorks, S.A.E",director,0,,,,9,294
1244,1938,P00564,Stathatos Antoine,Stathatos Antoine,,,C00297,Banque d'Athènes,Banque d'Athènes,director,0,,,,9,294
1245,1938,P00565,Stephanou A,Stephanou A,,,C00843,~tration de la Banqued'Athènes,~tration de la Banqued'Athènes,director,0,,,,9,294
1246,1938,P00566,Stevens T. F,Stevens T. F,,,C00220,The Mortgage Co. of Egypt Ltd,The Mortgage Co. of Egypt,liquidator,0,,,,9,294
1247,1938,P00566,Stevens T. F,Stevens T. F,,,C00026,The Anglo-Egyptian Land Allotment Co,The Anglo-Egyptian Land Allotment Co,director,0,,,,9,294
1248,1938,P00566,Stevens T. F,Stevens T. F,,,C00074,The Egyptian Delta Land & Investment Cy,The Egyptian Delta Land & Investment Co. Ltd,director,0,,,,9,294
1249,1938,P00567,Stoffel Arrigo,Stoffel Comm. Arrigo,,,C00028,Banco Italo-Egiziano,Banco Italo-Egiziano,director,0,,,,9,294
1250,1938,P00568,Sti·ange Abner Franl{,Sti·ange Abner Franl{,,,C00290,Anglo-Egyptian Motor,Anglo-Egyptian Motor,manager,0,,,,9,294
1251,1938,P00568,Sti·ange Abner Franl{,Sti·ange Abner Franl{,,,C00525,Société California Egyptiennne de,Société California Egyptiennne de,director,0,,,,9,294
1252,1938,P00141,Strologo G. D,Strologo R. C,,,C00001,'Administration de The Alexandria Insurance Company,'Administration de l'Alexandria Insurance Co,council_member,0,,,,9,294
1253,1938,P00141,Strologo G. D,Strologo R. C,,,C00127,S.A. des Presses Libres Egyptiennes,S.A. des Presses Libres Egyptiennes,managing_director,0,,,,9,294
1254,1938,P00569,Suarès Gustave,Suarès Gustave,,,C00168,Société Foncière d'Egypte,Société Foncière d'Egypte,director,0,,,,9,294
1255,1938,P00144,Suarès Jacques,Suarès Jacques,,,C00051,Commercial Bank of Egypt,Commercial Bank of Egypt,director,0,,,,9,294
1256,1938,P00144,Suarès Jacques,Suarès Jacques,,,C00156,Société Egyptienne d'Entreprises Urbaines et Rurales,Société Egyptienne d'Entreprises Urbaines et Rurales,director,0,,,,9,294
1257,1938,P00570,Suarès Léon,Suarès Léon,,,C00167,Société Foncière du,Société Foncière du,director,0,,,,9,294
1258,1938,P00146,Sultan Dr. Fouad,Sultan Dr. Fouad,,,C00168,Société Foncière d'Egypte,Société Foncière d'Egypte,managing_director,0,,,,9,295
1259,1938,P00146,Sultan Dr. Fouad,Sultan Dr. Fouad,,,C00036,Banque du Crédit Agricole d'Egypte,Banque du C1·édit Agricole d'Egypte,director,0,,,,9,295
1260,1938,P00146,Sultan Dr. Fouad,Sultan Dr. Fouad,,,C00301,"Banque de Crédit Hypothécaire Agricole d'Egypte, S.A.E","Banque du Crédit Hypothécaire Agricole d'Egypte, c",director,0,,,,9,295
1261,1938,P00146,Sultan Dr. Fouad,Sultan Dr. Fouad,,,C00389,Hosetta& Alexandria Hice Mills,Hosetta& Alexandria Hice Mills,director,0,,,,9,295
1262,1938,P00146,Sultan Dr. Fouad,Sultan Dr. Fouad,,,C00563,"Société Egyptienne pour le Développement et le Commerce des Légumes, Fruits et Fleurs","Société Egyptienne pour le Développement et le Commerce des Légumes, Fnüts & Fleurs",director,0,,,,9,295
1263,1938,P00147,Sursock Nicolas A,Smsock Nicolas A,,,C00449,S.A. des Immeubles d'Egypte,S. A. des Immeubles d'EgypLe,vice_president,0,,,,9,295
1264,1938,P00147,Sursock Nicolas A,Smsock Nicolas A,,,C00103,National Insurance Co,National Insurance Co,vice_president,0,,,,9,295
1265,1938,P00571,Sm·sock Wladimlr·,Sm·sock Wladimlr·,,,C00400,Kafr El Zay at CoLLan Co,Kafr El Zay at CoLLan Co,vice_president,0,,,,9,295
1266,1938,P00571,Sm·sock Wladimlr·,Sm·sock Wladimlr·,,,C00401,Kafr El Zayat Land Co,Kafr El Zayat Land Co,director,0,,,,9,295
1267,1938,P00572,Tagher Oscar,Tagher Oscar·,,,C00526,Société California Texas des Pétroles,Société California Texas des Pétroles,director,0,,,,9,295
1268,1938,P00572,Tagher Oscar,Tagher Oscar·,,,C00524,Société California Egyptienne des Pétroles,Société California Egyptienne des Pétroles,director,0,,,,9,295
1269,1938,P00572,Tagher Oscar,Tagher Oscar·,,,C00587,Société Texas Egyptienne des Pétroles,Société Texas Egyptienne des Pétroles,director,0,,,,9,295
1270,1938,P00572,Tagher Oscar,Tagher Oscar·,,,C00672,The Egyptian Road Construction,The Egyptian Road Construction,director,0,,,,9,295
1271,1938,P00572,Tagher Oscar,Tagher Oscar·,,,C00644,"The Amalgamated lee Factories & Cold Stores, S.A.E",The Amalgamated lee Factories & Cold Stores,director,0,,,,9,295
1272,1938,P00573,Tagher Philippe Me,Tagher Philippe Me,,,C00692,"The Hinshelwood Paint & Oil Co. of Egypt, S.A.E","The Hinshelwood Paint & Oil Cy. of Egypt, S A.E",director,0,,,,9,295
1273,1938,P00574,Taher Mohamed,S.E. Taher Mohamed Pacha,pasha,s.e.,C00312,Cercle Royal d'Escrime et autres cercles sporl'ifs,Cercle Royal d'Escrime et autres cercles sporl'ifs,president,0,,,,9,295
1274,1938,P00574,Taher Mohamed,S.E. Taher Mohamed Pacha,pasha,s.e.,C00106,National Petroleum Cy,National Petroleum Cy,president,0,,,,9,295
1275,1938,P00574,Taher Mohamed,S.E. Taher Mohamed Pacha,pasha,s.e.,C00534,Société Egyptienne Financière pour le Commerce,Société Egyptienne Financière pour le Commerce,president,0,,,,9,295
1276,1938,P00574,Taher Mohamed,S.E. Taher Mohamed Pacha,pasha,s.e.,C00390,Industrie (( Sefina »,Industrie (( Sefina »,president,0,,,,9,295
1277,1938,P00574,Taher Mohamed,S.E. Taher Mohamed Pacha,pasha,s.e.,C00419,Misr Airwork,Misr Airwork,vice_president,0,,,,9,295
1278,1938,P00574,Taher Mohamed,S.E. Taher Mohamed Pacha,pasha,s.e.,C00164,Société Egyptienne des Pétroles,Société Egyptienne des Pétroles,vice_president,0,,,,9,295
1279,1938,P00574,Taher Mohamed,S.E. Taher Mohamed Pacha,pasha,s.e.,C00582,Société Misr d'Assurances Générales,Société Misr d'Assurances Générales,director,0,,,,9,295
1280,1938,P00574,Taher Mohamed,S.E. Taher Mohamed Pacha,pasha,s.e.,C00583,Société Misr pour Voyages,Société Misr pour Voyages,director,0,,,,9,295
1281,1938,P00150,Takla G.,S.E. Takla G. Pacha,pasha,s.e.,C00265,-Propriétaire du Journal «Al-Abram»,-Propriétaire du Journal «Al-Abram»,manager,0,,,,9,295
1282,1938,P00150,Takla G.,S.E. Takla G. Pacha,pasha,s.e.,C00540,Société Egyptienne de Minoterie,Société Egyptienne de Minoterie,president,0,,,,9,295
1283,1938,P00150,Takla G.,S.E. Takla G. Pacha,pasha,s.e.,C00496,Silos,Silos,president,0,,,,9,295
1284,1938,P00150,Takla G.,S.E. Takla G. Pacha,pasha,s.e.,C00676,The Egyptian Neon Light Cy,The Egyptian Neon Light Cy,president,0,,,,9,295
1285,1938,P00575,Tanrt·ed C. II,Tanrt·ed C. II,,,C00266,Aclminislrulion cie l'Egyplinn General Omnibus,Aclminislrulion cie l'Egyplinn General Omnibus,council_member,0,,,,9,296
1286,1938,P00576,Tepeghiosi 1\'ieolas,Tepeghiosi 1\'ieolas,,,C00299,Banque de Commerce N. Tepeghiosi & Co,Banque de Commerce N. Tcpeglliosi& Co,manager,0,,,,9,296
1287,1938,P00577,Tel'llynl R,Tel'llynl R,,,C00815,ln S.E. cl'ltTig.1lion,ln S.E. cl'ltTig.1lion,director,0,,,,9,296
1288,1938,P00578,Theunis Col. Georges,Theunis Col. Georges,,,C00811,ln Cniro Elcclric !\ailways & Heliopolis Oaser,ln Cniro Elcclric !\ailways & Heliopolis Oaser,vice_president,0,,,,9,296
1289,1938,P00579,Thir·icz PierTe Pollet,Thir·icz PierTe Pollet,,,C00746,"\clminislra-tion clc la Soeiél.é Egypliermc de Filature cl de Tissage de !""aine, S.A.E","\clminislra-tion clc la Soeiél.é Egypliermc de Filature cl de Tissage de !""aine, S.A.E",council_member,0,,,,9,296
1290,1938,P00580,Thui\CI' Geor·ges Léonard,Thui\CI' Geor·ges Léonard,,,C00718,Thr,Thr,director,0,,,,9,296
1291,1938,P00581,Land Cy,Land Cy,,,C00838,socidé Gént'~1 ale de Pressage cl de Dépôt~,socidé Gént'~1 ale de Pressage cl de Dépôt~,director,0,,,,9,296
1292,1938,P00581,Land Cy,Land Cy,,,C00363,"Filatme Nationale cl 'Egypte, S. A.E","Filatme Nationale cl 'Egypte, S. A.E",director,0,,,,9,296
1293,1938,P00581,Land Cy,Land Cy,,,C00566,Société Egyptienne çl'Entrcprises Urbaines cl Hurales,Société Egyptienne çl'Entrcprises Urbaines cl Hurales,director,0,,,,9,296
1294,1938,P00581,Land Cy,Land Cy,,,C00153,Société Cotonnière Maarad,Société Cotonnière Maarad,director,0,,,,9,296
1295,1938,P00581,Land Cy,Land Cy,,,C00137,Société Anonyme Immobilière du Domaine de Siouf,Société Anonyme Immobilière du Domaine de Siouf,director,0,,,,9,296
1296,1938,P00581,Land Cy,Land Cy,,,C00710,The Upper Bgypt Ginning Factory,The Upper Bgypt Ginning Factory,director,0,,,,9,296
1297,1938,P00581,Land Cy,Land Cy,,,C00659,The Commercial Dank of Egypt,The Commercial Dank of Egypt,director,0,,,,9,296
1298,1938,P00582,Toulow1ji J,Toulow1ji J,,,C00467,S.A. des Drogueries d'Egypte,S.A. des Drogueries cl'Egypte,president,0,,,,9,297
1299,1938,P00582,Toulow1ji J,Toulow1ji J,,,C00650,The Bottled Gas Company,The Bottled Gas Company,president,0,,,,9,297
1300,1938,P00582,Toulow1ji J,Toulow1ji J,,,C00621,Suclan lm port & Export Cy,Suclan lm port & Export Cy,delegate,0,,,,9,297
1301,1938,P00582,Toulow1ji J,Toulow1ji J,,,C00440,Pod-Sudan Forwarding Cy. Ltd,Pod-Sudan Forwarding Cy. Ltd,delegate,0,,,,9,297
1302,1938,P00582,Toulow1ji J,Toulow1ji J,,,C00182,Société d'Avances Commerciales,Société d'Avances Commerciales,director,0,,,,9,297
1303,1938,P00583,Tl·ehal<i Antoine,Tl·ehal<i Antoine,,,C00476,S.A. des Terrains de Guizeh-Rodah,S.A. des Terrains Guizeh& Rodab,managing_director,0,,,,9,297
1304,1938,P00584,Trembley Ernesl,Trembley Ernesl,,,C00328,Comptoir d<'s Ciments,Comptoir d<'s Ciments,managing_director,0,,,,9,297
1305,1938,P00585,Tomal1,Tomal1,,,C00338,Crédit lmmobilic1· Suisse-Egyptien,Crédit lmmobilic1· Suisse-Egyptien,vice_president,0,,,,9,297
1306,1938,P00586,Tuby Félix,Tuby Félix Bey,bey,,C00385,H.oseLLa & Alexandria Hice Mills,H.oseLLa & Alexandria Hice Mills,vice_president,0,,,,9,297
1307,1938,P00587,TulUe James Henry,TulUe James Henry,,,C00825,lu Société CaliJornia Texas des Pétroles. u,lu Société CaliJornia Texas des Pétroles. u,director,0,,,,9,297
1308,1938,P00588,Urban Il,Urban Il,,,C00831,lu s ..\ . des Tramways elu Caire,lu s ..\ . des Tramways elu Caire,president,0,,,,9,297
1309,1938,P00589,Vais Alessandro,Vais Alessandro,,,C00772,cl'Admi.nisLmtion de la S.A. Agricole ct Induskiellc d'EgypLe,cl'Admi.nisLmtion de la S.A. Agricole ct Induskiellc d'EgypLe,council_member,0,,,,9,297
1310,1938,P00154,Vais Ezio,Vais Ezio,,,C00754,cL Dirccl.eur Générnl cie In Société Anonyme Ag1·icole ct Jncluslriclle d'Egyple,cL Dirccl.eur Générnl cie In Société Anonyme Ag1·icole ct Jncluslriclle d'Egyple,delegate,0,,,,9,297
1311,1938,P00590,ValpCt·ga Conte Em·ico San Marlino,ValpCt·ga Conte Em·ico San Marlino,,,C00307,Caisse J lypoL11écaired'Egypte,Caisse J lypoL11écaired'Egypte,delegate,0,,,,9,297
1312,1938,P00155,Vannucci Comm. Gr·isante,Vannucci Comm. Gr·isante,,,C00671,The Egyptian Hotels Ud,The Egyptian Hotels Ud,director,0,,,,9,298
1313,1938,P00155,Vannucci Comm. Gr·isante,Vannucci Comm. Gr·isante,,,C00078,The Egyptian Salt & Soda Cy. Ltd,The Egyptian Salt & Soda Cy. Ud,director,0,,,,9,298
1314,1938,P00155,Vannucci Comm. Gr·isante,Vannucci Comm. Gr·isante,,,C00382,Grands I-Ié'Jtels d'Egypte,Grands I-Ié'Jtels d'Egypte,director,0,,,,9,298
1315,1938,P00155,Vannucci Comm. Gr·isante,Vannucci Comm. Gr·isante,,,C00106,National Petroleum Cy,The National Petroleum Cy,director,0,,,,9,298
1316,1938,P00155,Vannucci Comm. Gr·isante,Vannucci Comm. Gr·isante,,,C00164,Société Egyptienne des Pétroles,Société Egyptienne des Pétroles,director,0,,,,9,298
1317,1938,P00155,Vannucci Comm. Gr·isante,Vannucci Comm. Gr·isante,,,C00456,S.A. Immobilière elu Domaine de Siouf,S.A. Immobilière elu Domaine de Siouf,director,0,,,,9,298
1318,1938,P00155,Vannucci Comm. Gr·isante,Vannucci Comm. Gr·isante,,,C00156,Société Egyptienne d'Entreprises Urbaines et Rurales,Société Egyptienne des Entreprises Urbaines et Rurales,director,0,,,,9,298
1319,1938,P00155,Vannucci Comm. Gr·isante,Vannucci Comm. Gr·isante,,,C00699,The Palestine IIotels,The Palestine IIotels,director,0,,,,9,298
1320,1938,P00155,Vannucci Comm. Gr·isante,Vannucci Comm. Gr·isante,,,C00166,Société Financière et Industrielle d'Egypte,Société Financière et Industrielle d'Egypte,director,0,,,,9,298
1321,1938,P00591,Venino Comte Pier· Gaetano,Venino Comte Pier· Gaetano,,,C00028,Banco Italo-Egiziano,Banco Italo-Egiziano,vice_president,0,,,,9,298
1322,1938,P00592,Vcroi Gr. Uff. Giuseppe Pieti·o,Vcroi Gr. Uff. Giuseppe Pieti·o,,,C00028,Banco Italo-Egiziano,Banco Italo-Egiziano,director,0,,,,9,298
1323,1938,P00156,Vincenot,Vincenot,,,C00065,Crédit Foncier Egyptien,Crédit Foncier Egyptien,president,0,,,,9,298
1324,1938,P00156,Vincenot,Vincenot,,,C00055,Compagnie d'Assurances «Al Charkl). w,"Compagnie d'Assurances ""Al Chark """,president,0,,,,9,298
1325,1938,P00156,Vincenot,Vincenot,,,C00614,"Sociétés d'Assurances ""La Nationale )). (Nombreuseshautes décorations égyptiennes et étrangères)","Sociétés d'Assurances ""La Nationale )). (Nombreuseshautes décorations égyptiennes et étrangères)",director,0,,,,9,298
1326,1938,P00593,Vitali Gr·. Uff. Avv. Vittorio Cal'lo,Vitali Gr·. Uff. Avv. Vittorio Cal'lo,,,C00395,Italo-Egiziano,Italo-Egiziano,director,0,,,,9,298
1327,1938,P00594,Vivante AHl 'Cd,Vivante AHl 'Cd,,,C00760,cl 'Administration de la S. A. E. Industl'ie Fil>res Textiles,cl 'Administration de la S. A. E. Industl'ie Fil>res Textiles,council_member,0,,,,9,298
1328,1938,P00595,Vogué Mat•quis de,Vogué Mat•quis de,,,C00337,Crédit Lyonnais,Crédit Lyonnais,president,0,,,,9,298
1329,1938,P00595,Vogué Mat•quis de,Vogué Mat•quis de,,,C00337,Crédit Lyonnais,Crédit Lyonnais,director,0,,,,9,298
1330,1938,P00596,Vraila Nicolas,Vraila Nicolas,,,C00299,Banque de Commerce N. Tepeghiosi & Co,Banque de Commerce N. Tepeghiosi & Co. w,director,0,,,,9,298
1331,1938,P00597,Waeckei·Iin Comm. Osca1·,Waeckei·Iin Comm. Osca1·,,,C00269,"Admli1istration du Banco Italo-Egiziano. ""Vallacc, Duu('an, 13u·rrister at Lem•","Admli1istration du Banco Italo-Egiziano. ""Vallacc, Duu('an, 13u·rrister at Lem•",council_member,0,,,,9,298
1332,1938,P00597,Waeckei·Iin Comm. Osca1·,Waeckei·Iin Comm. Osca1·,,,C00588,Société Texas Egyptienne des Pétroles ct de la Califomia Egyptienne des Pét1·oles,Société Texas Egyptienne des Pétroles ct de la Califomia Egyptienne des Pét1·oles,director,0,,,,9,298
1333,1938,P00598,Wcdcmeycr Ruppel'l Golclinn,Wcdcmeycr Ruppel'l Golclinn,,,C00497,Soc,Soc,director,0,,,,9,298
1334,1938,P00598,Wcdcmeycr Ruppel'l Golclinn,Wcdcmeycr Ruppel'l Golclinn,,,C00523,Société Califomiu Egyptienne des Pétroles,Société Califomiu Egyptienne des Pétroles,director,0,,,,9,298
1335,1938,P00158,Wellhoff Salomon,Wcllhofï Salomon,,,C00210,Egyptian Bonded Warehouses Co. Ltd,Egyptian Bonded vVarehouses Co,president,0,,,,9,298
1336,1938,P00158,Wellhoff Salomon,Wcllhofï Salomon,,,C00677,The Egyptian Petroleum Storage Co,The Egyptian Petroleum Storage Co,president,0,,,,9,298
1337,1938,P00158,Wellhoff Salomon,Wcllhofï Salomon,,,C00441,Port-Said Salt Association Ltd,The Port-Said Salt Association Ltd,president,0,,,,9,298
1338,1938,P00158,Wellhoff Salomon,Wcllhofï Salomon,,,C00595,Société de Trans-,Société de Trans-,president,0,,,,9,298
1339,1938,P00599,Wemer W. II,Wemer W. II,,,C00599,Société des Autobus de Béhéra,Société des Autobus de Béhéra,director,0,,,,9,299
1340,1938,P00599,Wemer W. II,Wemer W. II,,,C00374,"Gharbieh, S.A.E","Gharbieh, S.A.E",director,0,,,,9,299
1341,1938,P00600,Williams R. E,Williams R. E,,,C00274,Alcxandria,Alcxandria,director,0,,,,9,299
1342,1938,P00601,Wissa Fahmy Hanna,Wissa Fahmy Hanna Bey,bey,,C00559,Société Egyptienne pour l'Exploitation de Mines ct,Société Egyptienne pour l'Exploitation de Mines ct,member,0,,,,9,299
1343,1938,P00602,Carrières,Carrières,,,C00697,"The Nile Ginning Co., S.A.E","The Nile Ginning Co., S.A.E",director,0,,,,9,299
1344,1938,P00603,Wyle1· E,Wyle1· E,,,C00796,elu Crédit Lyonnais à Alexandrie,elu Crédit Lyonnais à Alexandrie,manager,0,,,,9,299
1345,1938,P00603,Wyle1· E,Wyle1· E,,,C00576,"Société Immobilière d'Alexandrie, S.A.F","Société Immobilière d'Alexandrie, S.A.F. y",director,0,,,,9,299
1346,1938,P00604,Yamodis Nicolas,Yamodis Nicolas,,,C00669,The Egyptian Delta Rice Mills Co,The Egyptian Delta Rice Mills Co,partner,0,,,,9,299
1347,1938,P00604,Yamodis Nicolas,Yamodis Nicolas,,,C00669,The Egyptian Delta Rice Mills Co,The Egyptian Delta Rice Mills Co,manager,0,,,,9,299
1348,1938,P00605,Yamodis Ph. Captain,Yamodis Ph. Captain,,,C00623,Surveillance de The Egyptian Delta Rice Mills Co,Surveillance de The Egyptian Delta Rice Mills Co,committee_member,0,,,,9,299
1349,1938,P00606,Yeghen Ahmecl Miclhat,S.E. Yeghen Ahmecl Miclhat Pacha,pasha,s.e.,C00032,Banque Misr,Banque Misr,president,0,,,,9,299
1350,1938,P00606,Yeghen Ahmecl Miclhat,S.E. Yeghen Ahmecl Miclhat Pacha,pasha,s.e.,C00840,toutes les Sociétés créées par le Groupement Misr,toutes les Sociétés créées par le Groupement Misr,president,0,,,,9,299
1351,1938,P00606,Yeghen Ahmecl Miclhat,S.E. Yeghen Ahmecl Miclhat Pacha,pasha,s.e.,C00168,Société Foncière d'Egypte,Société Foncière d'Egyptc,vice_president,0,,,,9,299
1352,1938,P00607,Yehia Aly Emine,Yehia Aly Emine Bey,bey,,C00755,cie la Chambre de Commerce Egyptienne d'Alexandrie,cie la Chambre de Commerce Egyptienne d'Alexandrie,president,0,,,,9,299
1353,1938,P00607,Yehia Aly Emine,Yehia Aly Emine Bey,bey,,C00642,The Alexandria Navigation Co,The Alexandria Navigation Cy,president,0,,,,9,299
1354,1938,P00607,Yehia Aly Emine,Yehia Aly Emine Bey,bey,,C00642,The Alexandria Navigation Co,The Alexandria Navigation Cy,managing_director,0,,,,9,299
1355,1938,P00607,Yehia Aly Emine,Yehia Aly Emine Bey,bey,,C00214,The Egyptian Produce Trading Cy. S. A. E,"The Egyptian Produce Trading Cy., S.A.E",president,0,,,,9,299
1356,1938,P00607,Yehia Aly Emine,Yehia Aly Emine Bey,bey,,C00214,The Egyptian Produce Trading Cy. S. A. E,"The Egyptian Produce Trading Cy., S.A.E",managing_director,0,,,,9,299
1357,1938,P00607,Yehia Aly Emine,Yehia Aly Emine Bey,bey,,C00627,T!1e Alexandrin Navigation Cy. Ltcl. (London),T!1e Alexandrin Navigation Cy. Ltcl. (London),president,0,,,,9,299
1358,1938,P00607,Yehia Aly Emine,Yehia Aly Emine Bey,bey,,C00627,T!1e Alexandrin Navigation Cy. Ltcl. (London),T!1e Alexandrin Navigation Cy. Ltcl. (London),managing_director,0,,,,9,299
1359,1938,P00607,Yehia Aly Emine,Yehia Aly Emine Bey,bey,,C00639,"The Alcxandria Pressing Co., S.A.E","The Alcxandria Pressing Co., S.A.E",president,0,,,,9,299
1360,1938,P00607,Yehia Aly Emine,Yehia Aly Emine Bey,bey,,C00678,The Egyptian Trading Co. Ltcl. (Liverpool),The Egyptian Trading Co. Ltcl. (Liverpool),president,0,,,,9,299
1361,1938,P00607,Yehia Aly Emine,Yehia Aly Emine Bey,bey,,C00640,"The Alexanclria Insurance Co., S.A.E","The Alexanclria Insurance Co., S.A.E",vice_president,0,,,,9,299
1362,1938,P00607,Yehia Aly Emine,Yehia Aly Emine Bey,bey,,C00717,"Theational Contracting Co., S.A.E","Theational Contracting Co., S.A.E",vice_president,0,,,,9,299
1363,1938,P00608,Yol<ana Davis,Yol<ana Davis,,,C00361,"Fabrique des Produits Chimiques, S.A.E",Fabrique de Produits Chimiques,director,0,,,,9,300
1364,1938,P00609,Zananil'i GcOt·ges l'acha,S.E. Zananil'i GcOt·ges l'acha,,s.e.,C00749,\dmiuislration du Crédit Immollilier Suissc-Egypticll,\dmiuislration du Crédit Immollilier Suissc-Egypticll,council_member,0,,,,9,300
1365,1938,P00610,ZarHi ThéotiOI'C,ZarHi ThéotiOI'C,,,C00716,The. Land Baui<. of Egy11L,The. Land Baui<. of Egy11L,director,0,,,,9,300
1366,1938,P00611,Zaycd,S.E. Zaycd,,s.e.,C00565,"Société Egyptienne pour le Tannage cL l'Industrie du Cuir, S.A.K","Société Egyptienne pour le Tannage cL l'Industrie du Cuir, S.A.K",president,0,,,,9,300
1367,1938,P00612,Syrie-Liban,Liban,,,C00615,"Socl6t6 Egyptienne Financière pour le Commercect l'Industrie "" Sefina ""·","Socl6t6 Egyptienne Financière pour le Commercect l'Industrie "" Sefina ""·",director,0,,,,9,301
1368,1938,P00613,France,France,,,C00626,Sénat,Sénat,president,0,,,,9,301
1369,1942,P00614,Abaza Abdel Hamid,Abaza Abdel Hamid Bey,bey,,C01336,·il tl'Adminislr.alion dr-· Tl!P U11iled Egyplian 1\lile Transport Co,·il tl'Adminislr.alion dr-· Tl!P U11iled Egyplian 1\lile Transport Co,president,0,,,,13,57
1370,1942,P00615,Abdel Fattah El Lozi,Abdel Fattah El Lozi,,,C01050,Sociétt'l,Sociétt'l,managing_director,0,,,,13,57
1371,1942,P00616,Abdel Malek Hamza Bey Avocat,Abdel Malek Hamza Bey Avocat,,,C01208,"cl'AdminisLr.atiun de la Soci·élié Egypt.ienne de Caoutchouc, S.A.E","cl'AdminisLr.atiun de la Soci·élié Egypt.ienne de Caoutchouc, S.A.E",council_member,0,,,,13,58
1372,1942,P00616,Abdel Malek Hamza Bey Avocat,Abdel Malek Hamza Bey Avocat,,,C01013,S.A.E. uAlminan,S.A.E. uAlminan,council_member,0,,,,13,58
1373,1942,P00167,Abele! Rahim Hussein Me,Abdel Rahim Hussein Me,,,C01343,"ù'Adminislration de la So-ciété Egyptienne des Industries Chimiques, S.A.E","ù'Adminislration de la So-ciété Egyptienne des Industries Chimiques, S.A.E",council_member,0,,,,13,59
1374,1942,P00617,Abdel Razzak Aboul Kheir,S.E. Abdel Razzak Aboul Kheir Pacha,pasha,s.e.,C00934,Dn11anes F.gyptiennes,Dn11anes F.gyptiennes,general_manager,0,,,,13,59
1375,1942,P00617,Abdel Razzak Aboul Kheir,S.E. Abdel Razzak Aboul Kheir Pacha,pasha,s.e.,C00855,'Administràtion du Crédit Agricole Pl H~rpcthécaire d'Egypte,'Administràtion du Crédit Agricole Pl H~rpcthécaire d'Egypte,council_member,0,,,,13,59
1376,1942,P00617,Abdel Razzak Aboul Kheir,S.E. Abdel Razzak Aboul Kheir Pacha,pasha,s.e.,C01062,Société EgypliPJUll' dP.s lndustries Trxti!Ps,Société EgypliPJUll' dP.s lndustries Trxti!Ps,council_member,0,,,,13,59
1377,1942,P00617,Abdel Razzak Aboul Kheir,S.E. Abdel Razzak Aboul Kheir Pacha,pasha,s.e.,C00963,"J'Alexandria Navigafion C)'., S.A.E. Lle la Commercial & Agt>ncy of Egypl Ltd","J'Alexandria Navigafion C)'., S.A.E. Lle la Commercial & Agt>ncy of Egypl Ltd",council_member,0,,,,13,59
1378,1942,P00618,Aboui-Fath,Aboui-Fath,,,C00901,"Asia & AJrica Trading Cy., S.A.E","Asia & AJrica Trading Cy., S.A.E",director,0,,,,13,59
1379,1942,P00619,Acher Abramino S,Acher Abramino S,,,C01231,cle la Socié1Jé F'oncièrt~ du Domaine de Cheild1 Facll,cle la Socié1Jé F'oncièrt~ du Domaine de Cheild1 Facll,manager,0,,,,13,59
1380,1942,P00619,Acher Abramino S,Acher Abramino S,,,C00983,Ll'Arlministralion de la Société Anonyme des Halles Cenlrales (l'Egypte,Ll'Arlministralion de la Société Anonyme des Halles Cenlrales (l'Egypte,delegate,0,,,,13,59
1381,1942,P00620,Adda Achille,Adda Achille,,,C01259,dt·' la S.A. du Béllt~ra,dt·' la S.A. du Béllt~ra,director,0,,,,13,60
1382,1942,P00008,Adda Joseph A,Adda Joseph A,,,C01326,uu Comik Survri ~J.anee tlc la S.A. Agricole ellnduslriPIIt~ u'H,uu Comik Survri ~J.anee tlc la S.A. Agricole ellnduslriPIIt~ u'H,president,0,,,,13,60
1383,1942,P00008,Adda Joseph A,Adda Joseph A,,,C00936,Egyplian H,Egyplian H,president,0,,,,13,60
1384,1942,P00008,Adda Joseph A,Adda Joseph A,,,C01009,S.A.E. Carl!a,S.A.E. Carl!a,president,0,,,,13,60
1385,1942,P00008,Adda Joseph A,Adda Joseph A,,,C00973,Ja Soeiét(,Ja Soeiét(,director,0,,,,13,60
1386,1942,P00621,Adès Emile N,Adès Emile N,,,C01166,Union Foncière ·cl'Egq)tr·,Union Foncière ·cl'Egq)tr·,director,0,,,,13,60
1387,1942,P00179,Adès Gaston N,Adès Gaston N,,,C01344,"ùr• la Société Egyplit~nne de Tissage eL Tricotage, S.A.E","ùr• la Société Egyplit~nne de Tissage eL Tricotage, S.A.E",director,0,,,,13,60
1388,1942,P00622,Afifi Atta,Afifi Atta Bey,bey,,C00851,"'Ad.r.Pinislration de la Pharaonic Mail Line, S.A.E","'Ad.r.Pinislration de la Pharaonic Mail Line, S.A.E",council_member,0,,,,13,61
1389,1942,P00622,Afifi Atta,Afifi Atta Bey,bey,,C00367,Société Egyptienne de Filature,Société. Egyptienne de Filature,council_member,0,,,,13,61
1390,1942,P00622,Afifi Atta,Afifi Atta Bey,bey,,C00989,"National .Petroleum Co., de la Soci•été Egyptienne des Pétroles (S.E.P.)","National .Petroleum Co., de la Soci•été Egyptienne des Pétroles (S.E.P.)",council_member,0,,,,13,61
1391,1942,P00622,Afifi Atta,Afifi Atta Bey,bey,,C01152,The Tractor & Eng·ineeUng Co. of Eg~·pt,The Tractor & Eng·ineeUng Co. of Eg~·pt,council_member,0,,,,13,61
1392,1942,P00622,Afifi Atta,Afifi Atta Bey,bey,,C00030,Banque Belge et Internationale en Egypte,Banque Belge rL Internationale en Egypte,council_member,0,,,,13,61
1393,1942,P00623,Dr. Afifi Hafez,S.E. Dr. Afifi Hafez Pacha,pasha,s.e.,C00065,Crédit Foncier Egyptien,Crédit Foncier Egyptien,director,0,,,,13,61
1394,1942,P00623,Dr. Afifi Hafez,S.E. Dr. Afifi Hafez Pacha,pasha,s.e.,C01078,Société Générale des Sucreries el de la !Raffinerie cl'Eg,Société Générale des Sucreries el de la !Raffinerie cl'Eg,director,0,,,,13,61
1395,1942,P00624,T•tan~jorda1nie,T•tan~jorda1nie,,,C01260,dt• The United Egyplian Nile Transport Co,dt• The United Egyplian Nile Transport Co,director,0,,,,13,61
1396,1942,P00011,Aghion Gustave,Aghion Gustav·e,,,C01160,Tlw Alexanclria Tttsuranr,Tlw Alexanclria Tttsuranr,director,0,,,,13,61
1397,1942,P00011,Aghion Gustave,Aghion Gustav·e,,,C00952,Gr·ands H6Lels d'Egyple (Ex Nungovich),Gr·ands H6Lels d'Egyple (Ex Nungovich),director,0,,,,13,61
1398,1942,P00011,Aghion Gustave,Aghion Gustav·e,,,C01024,Socidé \1anufacturr des Textiles Egyptiens ·(Karpelès el Co.),Socidé \1anufacturr des Textiles Egyptiens ·(Karpelès el Co.),director,0,,,,13,61
1399,1942,P00011,Aghion Gustave,Aghion Gustav·e,,,C01112,Sté. Eg. d'Entreprises Urbaines et Rurales,Sté d'Eni reprises Urbaines t·L Rurales,director,0,,,,13,61
1400,1942,P00010,Aghion Max César,Aghion Max César,,,C01244,dP la S.A.E. Financière PL hnmobilière,dP la S.A.E. Financière PL hnmobilière,vice_president,0,,,,13,61
1401,1942,P00625,Alexander A,Alexander A,,,C01153,"The Tractor and Engineering Co. of Egypl, S.A.E","The Tractor and Engineering Co. of Egypl, S.A.E",director,0,,,,13,61
1402,1942,P00019,Allam Mohamed,Allam Mohamed Bey,bey,,C00563,"Société Egyptienne pour le Développement et le Commerce des Légumes, Fruits et Fleurs","Société Egyptienne pour le Développement elu Commerce des Légumes, Fruits el Fleurs",director,0,,,,13,61
1403,1942,P00019,Allam Mohamed,Allam Mohamed Bey,bey,,C01028,Socirété Coopérative Commerciale de Crédit,Socirété Coopérative Commerciale de Crédit,director,0,,,,13,61
1404,1942,P00185,Allemann Georges,Allemann Georges,,,C01249,del'Alexan<lll'ia lnsu1·ance C,del'Alexan<lll'ia lnsu1·ance C,vice_president,0,,,,13,62
1405,1942,P00185,Allemann Georges,Allemann Georges,,,C00481,S.A.E. Carba,"S.A.E. ,,carba»",vice_president,0,,,,13,62
1406,1942,P00185,Allemann Georges,Allemann Georges,,,C01018,"So-ciété Cotonnièl't' H\laar.acl"" t•l de la Hamatà .VIining Co","So-ciété Cotonnièl't' H\laar.acl"" t•l de la Hamatà .VIining Co",vice_president,0,,,,13,62
1407,1942,P00626,Andraus Elias,Andraus Elias,,,C01128,"The Beida Dyers. S.A.E. And riot, Col. Maurice, ( H-'ésidan l à Paris), Pr•ésident de la Société Française des Com!JustilJies Li·quides","The Beida Dyers. S.A.E. And riot, Col. Maurice, ( H-'ésidan l à Paris), Pr•ésident de la Société Française des Com!JustilJies Li·quides",director,0,,,,13,62
1408,1942,P00626,Andraus Elias,Andraus Elias,,,C01042,Sociét'é l<'ran_ç_aise de Distribution des Pétroles au .\!Jaror,Sociét'é l<'ran_ç_aise de Distribution des Pétroles au .\!Jaror,director,0,,,,13,62
1409,1942,P00626,Andraus Elias,Andraus Elias,,,C00514,Société,Société,director,0,,,,13,62
1410,1942,P00627,Antebi Me. Moise,Antebi Me. Moise,,,C01240,d-u Consrlil ri'Adminislr'Riion dP la S.A. Agricole PL lndtrslrirll(' ci'Ef!·~·pil',d-u Consrlil ri'Adminislr'Riion dP la S.A. Agricole PL lndtrslrirll(' ci'Ef!·~·pil',member,0,,,,13,63
1411,1942,P00628,Arslan Abdallah Bey Sénatf•·tu,Arslan Abdallah Bey Sénatf•·tu,,,C01251,"dl' l'Jncluslrie Meunière cl'Alexanclrie, S.A.E","dl' l'Jncluslrie Meunière cl'Alexanclrie, S.A.E",director,0,,,,13,63
1412,1942,P00628,Arslan Abdallah Bey Sénatf•·tu,Arslan Abdallah Bey Sénatf•·tu,,,C00961,"Industries CllimiquPs, S.A.E","Industries CllimiquPs, S.A.E",director,0,,,,13,63
1413,1942,P00200,Axeh·ood Matt M,Axelrood Matt M,,,C00918,Cnnsl'il d'i\drninistralion de IR,Cnnsl'il d'i\drninistralion de IR,president,0,,,,13,63
1414,1942,P00629,Baehler René,Baehler René,,,C01346,"ùu Conseil d'Administration dr The ~lee­ tric Light & Po,wr Supply Co","ùu Conseil d'Administration dr The ~lee­ tric Light & Po,wr Supply Co",member,0,,,,13,63
1415,1942,P00630,Bahari Tewfik,Bahari Tewfik,,,C01016,Sicti Salem Co,Sicti Salem Co,manager,0,,,,13,64
1416,1942,P00630,Bahari Tewfik,Bahari Tewfik,,,C01016,Sicti Salem Co,Sicti Salem Co,member,0,,,,13,64
1417,1942,P00630,Bahari Tewfik,Bahari Tewfik,,,C01292,"la{jie. Immobilière d'Egypte, S.A.E","la{jie. Immobilière d'Egypte, S.A.E",manager,0,,,,13,64
1418,1942,P00630,Bahari Tewfik,Bahari Tewfik,,,C01292,"la{jie. Immobilière d'Egypte, S.A.E","la{jie. Immobilière d'Egypte, S.A.E",member,0,,,,13,64
1419,1942,P00631,Bahnass Soultan Mahmoud,Bahnass Soultan Mahmoud Bey,bey,,C01039,"Sociél·é pour !a VRn!e des Produits Egyptiens, S.A.E","Sociél·é pour !a VRn!e des Produits Egyptiens, S.A.E",director,0,,,,13,64
1420,1942,P00632,Simon Arzt Stores,Simon Arzt Stores,,,C01091,Société des AuLobus dt~ Béhéra,Société des AuLobus dt~ Béhéra,president,0,,,,13,64
1421,1942,P00632,Simon Arzt Stores,Simon Arzt Stores,,,C00950,"Gha.r!bieh, S.A. 1!","Gha.r!bieh, S.A. 1!",president,0,,,,13,64
1422,1942,P00632,Simon Arzt Stores,Simon Arzt Stores,,,C01154,The United Bus Co,The United Bus Co,president,0,,,,13,64
1423,1942,P00633,Bak Richard,Dr. Bak Richard,,dr.,C01191,cie la Société des Terra.im de la Ville d'Alexanctrit',cie la Société des Terra.im de la Ville d'Alexanctrit',delegate,0,,,,13,64
1424,1942,P00634,Barki Edouard,Barki Edouard,,,C00929,"Crédil Alexandrin, S.A.E","Crédil Alexandrin, S.A.E",delegate,0,,,,13,64
1425,1942,P00635,Bata Henri,Bata Henri,,,C00879,"Aclminisi.l'a.lion des ""Cllaussur·es Balan, S.A.E","Aclminisi.l'a.lion des ""Cllaussur·es Balan, S.A.E",president,0,,,,13,64
1426,1942,P00636,Battino,Battino,,,C01174,\1anuraclme etes Textiles Egyptiens (}\arpeles & Co.),\1anuraclme etes Textiles Egyptiens (}\arpeles & Co.),director,0,,,,13,64
1427,1942,P00208,Bégué Emile,Begué Emile,,,C01306,rie Thr Alexandria Transport. Co,rie Thr Alexandria Transport. Co,director,0,,,,13,65
1428,1942,P00637,Belilos Maurice Youssef,Belilos Maurice Youssef,,,C01272,"ete la Sneiélé Egyptienne d'Industries Chimi·qtlPS, S.A.E","ete la Sneiélé Egyptienne d'Industries Chimi·qtlPS, S.A.E",director,0,,,,13,65
1429,1942,P00638,Bella Alfred,Bella Alfred,,,C00895,"The Alexandria Racing Club, S.A.E","Alexandria Racing ClulJ, S.A. E",general_manager,0,,,,13,65
1430,1942,P00638,Bella Alfred,Bella Alfred,,,C00895,"The Alexandria Racing Club, S.A.E","Alexandria Racing ClulJ, S.A. E",council_member,0,,,,13,65
1431,1942,P00638,Bella Alfred,Bella Alfred,,,C00895,"The Alexandria Racing Club, S.A.E","Alexandria Racing ClulJ, S.A. E",director,0,,,,13,65
1432,1942,P00638,Bella Alfred,Bella Alfred,,,C00916,"Cigarettes ""\ ·Ps1or Gianac","Cigarettes ""\ ·Ps1or Gianac",general_manager,0,,,,13,65
1433,1942,P00638,Bella Alfred,Bella Alfred,,,C00916,"Cigarettes ""\ ·Ps1or Gianac","Cigarettes ""\ ·Ps1or Gianac",director,0,,,,13,65
1434,1942,P00639,Benderli Henri,Benderli Henri,,,C01148,The Simon,The Simon,director,0,,,,13,65
1435,1942,P00215,Benderli Simon,Benderli Simon,,,C01163,"Tlw Simon Ar·zt Stores, S.A.E","Tlw Simon Ar·zt Stores, S.A.E",managing_director,0,,,,13,65
1436,1942,P00640,Benoist Baron Louis de,Benoist Baron Louis de,,,C00570,Société Générale Immobilière d'Egypte,Société Générale Immobilière d'Egyple,vice_president,0,,,,13,65
1437,1942,P00641,Usines Textiles «Al-Kahiran,Usines Textiles «Al-Kahiran,,,C01220,clc la Firme Besso Frères,clc la Firme Besso Frères,partner,0,,,,13,66
1438,1942,P00642,Besso Sabino,Besso Sabino,,,C01064,Société Egyptienne Financière pour le Commer('e eL l'Industrie«Sefina>>,Société Egyptienne Financière pour le Commer('e eL l'Industrie«Sefina>>,director,0,,,,13,66
1439,1942,P00642,Besso Sabino,Besso Sabino,,,C00742,Usines Textiles Al-Kahira,"Usines Textiles ((AI-Kahira"", S.A.E",director,0,,,,13,66
1440,1942,P00642,Besso Sabino,Besso Sabino,,,C01057,"Société Bgyplienne pour l'Industric elle Commerce dE's Cotonnades «La Cotonnière"", S.A.E","Société Bgyplienne pour l'Industric elle Commerce dE's Cotonnades «La Cotonnière"", S.A.E",managing_director,0,,,,13,66
1441,1942,P00643,Blakey George A,Blakey George A,,,C00882,"Aclminislr·a.Lion cie l.a Be~·­ cla Dyers, S.A.E., Pl de The Bradford DyPrs' Association","Aclminislr·a.Lion cie l.a Be~·­ cla Dyers, S.A.E., Pl de The Bradford DyPrs' Association",council_member,0,,,,13,66
1442,1942,P00644,Boels Jean,Boels Jean,,,C01129,The Cairo Ete.ctri.c,The Cairo Ete.ctri.c,director,0,,,,13,66
1443,1942,P00645,Bonafous Alfred,Bonafous Alfred,,,C01069,Société Egyptienne des Pétroles ct de la National Petroléum Co,Société Egyptienne des Pétroles ct de la National Petroléum Co,member,0,,,,13,66
1444,1942,P00645,Bonafous Alfred,Bonafous Alfred,,,C01110,Steaua F'ran~~aise,Steaua F'ran~~aise,manager,0,,,,13,66
1445,1942,P00645,Bonafous Alfred,Bonafous Alfred,,,C00991,Omnium Français,Omnium Français,manager,0,,,,13,66
1446,1942,P00646,Bonenfant Cav. Luigi,Bonenfant Cav. Luigi,,,C00958,I.a. Teinturerie,I.a. Teinturerie,managing_director,0,,,,13,66
1447,1942,P00221,Bordier Pierre,Bordier Pierre,,,C00931,Crédit Immobilier Suisse-Eg·yptien,Crédit Immobilier Suisse-Eg·yptien,president,0,,,,13,66
1448,1942,P00647,Bouchra Hanna Charles,Bouchra Hanna Charles,,,C01193,cl u (·~onseil cl' Administration de la Soci.ét'é Anon~·me Egypt iennP de Constructions EGYCO,cl u (·~onseil cl' Administration de la Soci.ét'é Anon~·me Egypt iennP de Constructions EGYCO,member,0,,,,13,67
1449,1942,P00648,Nazli,Nazli,,,C00982,Ll'Aclminislration de The EgypLian Delta Land ancllnvesLemenL Cy,Ll'Aclminislration de The EgypLian Delta Land ancllnvesLemenL Cy,council_member,0,,,,13,67
1450,1942,P00649,Bowring H,Bowring H,,,C01017,"Sl'é. ,VJisr d'Assurances Générales","Sl'é. ,VJisr d'Assurances Générales",director,0,,,,13,67
1451,1942,P00032,Boyé Jean André,Boyé Jean André,,,C00887,"Adrninisll'alion 'fl',,i\1-Chark» (L'ORI.E~'l'), S.A.E. tl'Assurancc~s sur J.a Vie","Adrninisll'alion 'fl',,i\1-Chark» (L'ORI.E~'l'), S.A.E. tl'Assurancc~s sur J.a Vie",council_member,0,,,,13,67
1452,1942,P00650,Brunner Frederic,Brunner Frederic,,,C00906,"Banque Belge et Int.ernationale en Egypte, S.A.E","Banque Belge et Int.ernationale en Egypte, S.A.E",director,0,,,,13,67
1453,1942,P00651,Buccianti Ruggero E. lng,Buccianti Ruggero E. lng,,,C01226,cle The Egyp,cle The Egyp,managing_director,0,,,,13,67
1454,1942,P00231,Buchlea Constantin Dr,Buchlea Constantin Dr,,,C01026,Socioéw du CrécliL Miniel',Socioéw du CrécliL Miniel',manager,0,,,,13,67
1455,1942,P00231,Buchlea Constantin Dr,Buchlea Constantin Dr,,,C01274,"i\ile Oil Co., S.A.E","i\ile Oil Co., S.A.E",director,0,,,,13,67
1456,1942,P00652,El Bassa!,El Bassa!,,,C01029,Socirété Générale dr Pressag~ eL de Dépôts,Socirété Générale dr Pressag~ eL de Dépôts,director,0,,,,13,68
1457,1942,P00652,El Bassa!,El Bassa!,,,C01115,Sté. Egyptienne tif• Ja Bour·sr Commercialt> de \1inet-El· Bassa!,Sté. Egyptienne tif• Ja Bour·sr Commercialt> de \1inet-El· Bassa!,director,0,,,,13,68
1458,1942,P00652,El Bassa!,El Bassa!,,,C01273,"i\ational Ginning Co. or EgypL, S.A","i\ational Ginning Co. or EgypL, S.A",director,0,,,,13,68
1459,1942,P00652,El Bassa!,El Bassa!,,,C01140,The Electricily and TeH Suprly Co,The Electricily and TeH Suprly Co,director,0,,,,13,68
1460,1942,P00652,El Bassa!,El Bassa!,,,C01105,"Sori,èL~· CoLonnièrPul\1laaracln","Sori,èL~· CoLonnièrPul\1laaracln",director,0,,,,13,68
1461,1942,P00233,Burlet Charles de,Burlet Charles de,,,C01341,à Bruxelles rle la Société Brlge-Eg~'pliennr dr J'E,à Bruxelles rle la Société Brlge-Eg~'pliennr dr J'E,managing_director,0,,,,13,68
1462,1942,P00236,Caias Pantazi,Caias Pantazi,,,C01183,ci'Arlminislration dl' la 1\arr El Zayat Land Co,ci'Arlminislration dl' la 1\arr El Zayat Land Co,council_member,0,,,,13,68
1463,1942,P00238,Callens Auguste,Callens Auguste,,,C01348,ü'Aclminislration de Ja Banque Belge et Internationale en E,ü'Aclminislration de Ja Banque Belge et Internationale en E,president,0,,,,13,68
1464,1942,P00238,Callens Auguste,Callens Auguste,,,C01232,"cle la,\1arconi Radio Telegraph Co. or Eg~npl, S .. A.E","cle la,\1arconi Radio Telegraph Co. or Eg~npl, S .. A.E",managing_director,0,,,,13,68
1465,1942,P00653,Campos Amerigo,Campos Amerigo,,,C00117,S. A. Agricole et Industrielle d'Egypte,S.A. Agricole eL Industrielle d'Egypte,director,0,,,,13,68
1466,1942,P00035,Campos Benvenuto,Campos Benvenuto,,,C01188,cie la Soci(,cie la Soci(,managing_director,0,,,,13,68
1467,1942,P00036,Campos Giuseppe,Campos Giuseppe,,,C01053,"Société .Qénrérale d'ElecLriciLé eL de ,\ll,écanique","Société .Qénrérale d'ElecLriciLé eL de ,\ll,écanique",president,0,,,,13,68
1468,1942,P00036,Campos Giuseppe,Campos Giuseppe,,,C01278,ion de l.a General Society for Banking,ion de l.a General Society for Banking,director,0,,,,13,68
1469,1942,P00241,Campos Hans,Campos Hans,,,C00371,"General Society for Banking, Trading & Land Enterprises, S.A.E","General Society for Banking, Trading & Land Ent.erpriscs, S.A.E",director,0,,,,13,68
1470,1942,P00654,Carter Robert,Carter Robert,,,C00636,The Aboukir Co,The Aboukir Co,president,0,,,,13,69
1471,1942,P00243,Carton de Wiart Edmond Baron,Carton de Wiart Edmond Baron,,,C01195,cl' Adminis1.ration ete la Banque Belge cl Jnternalionale en EgypLe,cl' Adminis1.ration ete la Banque Belge cl Jnternalionale en EgypLe,council_member,0,,,,13,69
1472,1942,P00038,Carver H. B,Carver F.E,,,C00571,Société Générale de Pressage,Société Générale de Pressage,director,0,,,,13,69
1473,1942,P00038,Carver H. B,Carver F.E,,,C00935,Dépôts eL de la Carver Bros & Co. Lld,Dépôts eL de la Carver Bros & Co. Lld,director,0,,,,13,69
1474,1942,P00655,Cassar Paul,Cassar Paul,,,C01307,rie rrJw Amalgama-led Je<' FacLories &,rie rrJw Amalgama-led Je<' FacLories &,director,0,,,,13,69
1475,1942,P00656,Castro Salvatore,Castro Salvatore,,,C01221,"clc la Soci•élé EgypLir.nne de Tissage et Tricotage, S.A.8","clc la Soci•élé EgypLir.nne de Tissage et Tricotage, S.A.8",director,0,,,,13,69
1476,1942,P00657,Casulli,Casulli,,,C00938,Egypt ian Cement Worl<s,Egypt ian Cement Worl<s,director,0,,,,13,69
1477,1942,P00039,Cattaui Aslan,Cattaui Aslan Bey,bey,,C00866,-Dél<égué cie J'Union Foncière cl'EgypLP,-Dél<égué cie J'Union Foncière cl'EgypLP,director,0,,,,13,69
1478,1942,P00042,Cattaui E:mile,Cattaui E:mile,,,C01187,cie la Kalr El ZayaL Cotton Co,cie la Kalr El ZayaL Cotton Co,director,0,,,,13,69
1479,1942,P00044,Cattaui René,Cattaui René Bey,bey,,C01055,Société Anonvme de Wadi Kom Ombo,Société Anonvme de Wadi Kom Ombo,managing_director,0,,,,13,69
1480,1942,P00044,Cattaui René,Cattaui René Bey,bey,,C01079,Société Générale ·des Sucreries~t de la !Raffinerie d'Egyplc,Société Générale ·des Sucreries~t de la !Raffinerie d'Egyplc,director,0,,,,13,69
1481,1942,P00044,Cattaui René,Cattaui René Bey,bey,,C01164,Tractor & Engineering Co,Tractor & Engineering Co,director,0,,,,13,69
1482,1942,P00658,Celier A,Celier A,,,C00928,Cr~écliL Foncier Egyptien,Cr~écliL Foncier Egyptien,director,0,,,,13,69
1483,1942,P00659,Polaire de Suède,Polai1'e de Suède,,,C01230,"cle la S.A. des Wagons Lits Iran, de""The Upper Egypl Hotelsn, de la Socit'!l·é Viticole et. Vinicoled'Egypte, H.eprésenLanl dr la Cie. Internationale des Wagons-Lits en Egypte ci en .Palestine, ChargR cles \~issions en","cle la S.A. des Wagons Lits Iran, de""The Upper Egypl Hotelsn, de la Socit'!l·é Viticole et. Vinicoled'Egypte, H.eprésenLanl dr la Cie. Internationale des Wagons-Lits en Egypte ci en .Palestine, ChargR cles \~issions en",director,0,,,,13,70
1484,1942,P00660,Champier Jean,Champier Jean,,,C00903,Aüministralion cle la Sociét(~ Egyptienne cle Teint.ure et. d'Apprêt,Aüministralion cle la Sociét(~ Egyptienne cle Teint.ure et. d'Apprêt,member,0,,,,13,70
1485,1942,P00661,Chate Charles Geoffrey,Chate Charles Geoffrey,,,C01313,rle la Eastern Co. S.A.E,rle la Eastern Co. S.A.E,president,0,,,,13,70
1486,1942,P00253,Choremi Georges J,Choremi Georges J,,,C01225,cle The Choremi Benachi Cot Lon Co,cle The Choremi Benachi Cot Lon Co,director,0,,,,13,70
1487,1942,P00662,Choremi Jean A,Choremi Jean A,,,C00356,Egyptian Independent Oil Co,The Egyptian Independant Oil Co. S.A.E,director,0,,,,13,70
1488,1942,P00663,Chosal Baron J. Buffin de,Chosal Baron J. Buffin de,,,C01332,"·conseil d'Administration cle The Cairo Electric Raihv.ays& Heliopolis üases Co., S.A.E","·conseil d'Administration cle The Cairo Electric Raihv.ays& Heliopolis üases Co., S.A.E",member,0,,,,13,70
1489,1942,P00664,Choukri,S.E. Choukri,,s.e.,C00930,Crédit A'gricole d'EgyrJte el du Crédit Hypothécaire.4gricole d'Egyptf',Crédit A'gricole d'EgyrJte el du Crédit Hypothécaire.4gricole d'Egyptf',manager,0,,,,13,71
1490,1942,P00664,Choukri,S.E. Choukri,,s.e.,C00930,Crédit A'gricole d'EgyrJte el du Crédit Hypothécaire.4gricole d'Egyptf',Crédit A'gricole d'EgyrJte el du Crédit Hypothécaire.4gricole d'Egyptf',president,0,,,,13,71
1491,1942,P00664,Choukri,S.E. Choukri,,s.e.,C00930,Crédit A'gricole d'EgyrJte el du Crédit Hypothécaire.4gricole d'Egyptf',Crédit A'gricole d'EgyrJte el du Crédit Hypothécaire.4gricole d'Egyptf',managing_director,0,,,,13,71
1492,1942,P00664,Choukri,S.E. Choukri,,s.e.,C01043,"Sociét(· MisJ· pour l'Tnduslrir et lr Commerce des Huiles S.A.E., Consriller Trchnique de la \Titr.ale Corporation of Chilr L[(l. (Eg~pl and .'Jea1· Easl Branch), Administralrm· des !Jirns (lf' S.A. la Pr·incPsse Chivel<iar Ibrahim","Sociét(· MisJ· pour l'Tnduslrir et lr Commerce des Huiles S.A.E., Consriller Trchnique de la \Titr.ale Corporation of Chilr L[(l. (Eg~pl and .'Jea1· Easl Branch), Administralrm· des !Jirns (lf' S.A. la Pr·incPsse Chivel<iar Ibrahim",director,0,,,,13,71
1493,1942,P00049,Cicurel David,Cicurel David,,,C01216,"cl11 Conseil d'Adminislr.alion dr l'Alexanclria Pressing Co., S.A.E","cl11 Conseil d'Adminislr.alion dr l'Alexanclria Pressing Co., S.A.E",member,0,,,,13,71
1494,1942,P00665,Cicurel Salvator,Cicurel Salvator Bey,bey,,C00913,"Carrit'r( Egypt), S.A.E","Carrit'r( Egypt), S.A.E",president,0,,,,13,71
1495,1942,P00666,Cockinos Miltiade,Cockinos Miltiade,,,C01316,"rlu Conseil dAdminist.ralion de la Société d'Entreprises .\1. Cocl<inos, S.A.E","rlu Conseil dAdminist.ralion de la Société d'Entreprises .\1. Cocl<inos, S.A.E",president,0,,,,13,71
1496,1942,P00260,Coen Edouard,Coen Edouard,,,C01256,dt> l'lnduslrie Meunièred'Alexandrie,dt> l'lnduslrie Meunièred'Alexandrie,delegate,0,,,,13,71
1497,1942,P00261,Coen James,Coen James,,,C00960,Industrie .\ileunière d'Alexandrie,Industrie .\ileunière d'Alexandrie,delegate,0,,,,13,71
1498,1942,P00667,Cogels,Cogels,,,C00306,Caisse Hypothécaire d'Egypte,Caisse Hypothécaire d'Egypte,director,0,,,,13,72
1499,1942,P00051,Cohen Alfred N,Cohen Alfred N,,,C01296,lie la So·ciétéd'Avances Commerciales,lie la So·ciétéd'Avances Commerciales,president,0,,,,13,72
1500,1942,P00051,Cohen Alfred N,Cohen Alfred N,,,C01296,lie la So·ciétéd'Avances Commerciales,lie la So·ciétéd'Avances Commerciales,managing_director,0,,,,13,72
1501,1942,P00264,Cohen Aron,Cohen Aron,,,C01277,"ion clc• la Maisond'Ameublement B. Pontremoli, S.A.E","ion clc• la Maisond'Ameublement B. Pontremoli, S.A.E",director,0,,,,13,72
1502,1942,P00668,Cohen Sir Robert Waley,Cohen Si_r Robert Waley,,,C00899,Anglo-EgypLian ü.ilfields,Anglo-EgypLian ü.ilfields,president,0,,,,13,72
1503,1942,P00266,Cohen,Cohen,,,C00414,"Maisond'Ameublement B. Pontremoli, S.A.E","Maisond'Ameublement B. Pontremoli, S.A.E",director,0,,,,13,72
1504,1942,P00268,Cohenca Monis,Cohenca Monis,,,C01295,lie la Josv,lie la Josv,director,0,,,,13,72
1505,1942,P00463,Film,Film,,,C00994,"Phi"" lips-Orient, S.A","Phi"" lips-Orient, S.A",managing_director,0,,,,13,72
1506,1942,P00669,Collier Henry Deward,Collier Henry Deward,,,C01098,Société èalifornia Texas des Pétroles,Société èalifornia Texas des Pétroles,director,0,,,,13,72
1507,1942,P00670,Constantinescu Michel,Constantinescu Michel,,,C00430,"Nile Oil Co., S.A.E","Nile Oil Co., S.A.E",president,0,,,,13,72
1508,1942,P00671,Cook C.E,Cook C.E,,,C01149,"The Standard Oil Company of Egypt, S.A","The Standard Oil Company of Egypt, S.A",director,0,,,,13,72
1509,1942,P00672,Cornish J. E,Cornish,,,C01123,The Alexandria Waler Co. LLcl,The Alexandria Waler Co. LLcl,director,0,,,,13,72
1510,1942,P00275,Cossery Edouard,Cossery Edouard Bey,bey,,C00849,"' d'Administration de la Société Egyptienne pour l'Exploitation des ·Mines et Canières, S.A.E","' d'Administration de la Société Egyptienne pour l'Exploitation des ·Mines et Canières, S.A.E",council_member,0,,,,13,72
1511,1942,P00673,Couldrey Oscar,Couldrey Oscar,,,C00925,Conseil d'Administrat.ion Lie la Commercial & Estates Co. of Egypt,Conseil d'Administrat.ion Lie la Commercial & Estates Co. of Egypt,president,0,,,,13,72
1512,1942,P00674,Cozzika Th. P,Cozzika Th. P,,,C00977,Lie Ja \lalional lnsurance Co. of Egypt,Lie Ja \lalional lnsurance Co. of Egypt,director,0,,,,13,72
1513,1942,P00674,Cozzika Th. P,Cozzika Th. P,,,C01318,"the AlexanClria Racing Club, S.A.E","the AlexanClria Racing Club, S.A.E",director,0,,,,13,72
1514,1942,P00674,Cozzika Th. P,Cozzika Th. P,,,C01085,"Société Nationale du Papier, S.A.E","Société Nationale du Papier, S.A.E",managing_director,0,,,,13,72
1515,1942,P00674,Cozzika Th. P,Cozzika Théodore Th,,,C01319,Alexandria Racing,the Alexandria Racing,director,0,,,,13,72
1516,1942,P00675,Crawford John A,Crawford John A,,,C00102,National Bank of Egypt,National Bank of Egypt,director,0,,,,13,72
1517,1942,P00676,Dabbah Maurice,Dabbah Maurice,,,C01001,S.A. Agricolecl Indusl.rielll' cl'Egypl.t-•,S.A. Agricolecl Indusl.rielll' cl'Egypl.t-•,president,0,,,,13,73
1518,1942,P00677,Delany Gerald,Delany Gerald,,,C01267,ei AdminislraLPuJ·-Dél•égu(· de l'Jw !<,ei AdminislraLPuJ·-Dél•égu(· de l'Jw !<,president,0,,,,13,73
1519,1942,P00677,Delany Gerald,Delany Gerald,,,C01342,édit Alt•xaJull·in,édit Alt•xaJull·in,president,0,,,,13,73
1520,1942,P00678,Delia Vincent,Delia Vincent,,,C01339,·étH~ral de l'EgypLiau Road .and ConsLrucLiun Cu. S.A.K,·étH~ral de l'EgypLiau Road .and ConsLrucLiun Cu. S.A.K,general_manager,0,,,,13,73
1521,1942,P00287,Dellaporta Byron G,Dellaporta Byron G,,,C01265,eL AclminisLrateur-Délégwé dr,eL AclminisLrateur-Délégwé dr,vice_president,0,,,,13,74
1522,1942,P00679,Ders Antonin,Ders Antonin,,,C01258,dt·' la Land Bani< of Egypt,dt·' la Land Bani< of Egypt,director,0,,,,13,74
1523,1942,P00680,Dervieu P,Dervieu P,,,C01235,clll Conseil d'Administration cle la S.A. Lies\Jonts de Piéll,clll Conseil d'Administration cle la S.A. Lies\Jonts de Piéll,president,0,,,,13,74
1524,1942,P00681,Dvac:ono Hector V,Diacono Hector V,,,C01276,inisLrati-on rle The UnilPcl 8gyplian .\Jile Transport,inisLrati-on rle The UnilPcl 8gyplian .\Jile Transport,director,0,,,,13,74
1525,1942,P00682,Dïmopoulo D,Dimopoulo D,,,C01325,tlt' The ConsolidaLed Lancled Tnterests (Eg~ pl),tlt' The ConsolidaLed Lancled Tnterests (Eg~ pl),managing_director,0,,,,13,74
1526,1942,P00682,Dïmopoulo D,Dimopoulo D,,,C01325,tlt' The ConsolidaLed Lancled Tnterests (Eg~ pl),tlt' The ConsolidaLed Lancled Tnterests (Eg~ pl),director,0,,,,13,74
1527,1942,P00683,Doligez Marcel Auguste Joseph,Doligez Marcel Auguste Joseph,,,C01282,l-a Sociét·é Egyptiemw ÜP Teinture el d'Apprêt,l-a Sociét·é Egyptiemw ÜP Teinture el d'Apprêt,director,0,,,,13,74
1528,1942,P00684,Dorra Haim,Dorra Haim,,,C01071,Société Egyptienne pour l'Indust!'ie de Bonneterie el ciP l>a Sodélr~,Société Egyptienne pour l'Indust!'ie de Bonneterie el ciP l>a Sodélr~,director,0,,,,13,74
1529,1942,P00685,Dorra Jacques,Dorra Jacques,,,C01068,Société Egyptienne del'Industrie de Bonneterie,Société Egyptienne del'Industrie de Bonneterie,managing_director,0,,,,13,74
1530,1942,P00686,Doss Tewfik,S.E. Doss Tewfik Pacha,pasha,s.e.,C01312,rle l'Union Foncière d'Egyptr,rle l'Union Foncière d'Egyptr,vice_president,0,,,,13,75
1531,1942,P00686,Doss Tewfik,S.E. Doss Tewfik Pacha,pasha,s.e.,C01097,Société ~isr de Filature el de Tissage Fin f'll Coton~gy1pti<>n (Usines à Karr ~~ Da\>.al'),Société ~isr de Filature el de Tissage Fin f'll Coton~gy1pti<>n (Usines à Karr ~~ Da\>.al'),vice_president,0,,,,13,75
1532,1942,P00295,Dubied Pierre,Dubied Pierre,,,C01311,rlP la Socit'l.t'· Egyptienne de Ciment Portland Tourah. ·,rlP la Socit'l.t'· Egyptienne de Ciment Portland Tourah. ·,director,0,,,,13,75
1533,1942,P00687,Totah Ibrahim Eid,Eid,,,C00306,Caisse Hypothécaire d'Egypte,Caisse Hypothécaire d'Egyple,director,0,,,,13,75
1534,1942,P00688,El Chichini Hassan 1Kamel .,S.E. El Chichini Pacha Hassan Kamel,,s.e.,C01239,d ALlminislraleUT Dl,d ALlminislraleUT Dl,president,0,,,,13,76
1535,1942,P00689,Empain M. le Baron Jean,Empain M. le Baron Jean,,,C01211,cl'Adminis~ration de The Cairo Ele·Clric Railways & Heliopolis Oases Co. el de The A(riC'an Enlerprise· & Development Co,cl'Adminis~ration de The Cairo Ele·Clric Railways & Heliopolis Oases Co. el de The A(riC'an Enlerprise· & Development Co,president,0,,,,13,77
1536,1942,P00689,Empain M. le Baron Jean,Empain M. le Baron Jean,,,C01014,S.E. d'Electri.cité,S.E. d'Electri.cité,vice_president,0,,,,13,77
1537,1942,P00689,Empain M. le Baron Jean,Empain M. le Baron Jean,,,C00478,S.A. des Tramways du Caire,S.A. des Tramways du Caire,vice_president,0,,,,13,77
1538,1942,P00689,Empain M. le Baron Jean,Empain M. le Baron Jean,,,C01262,dur.onseil d'Administration de la Banque Belge et Internationale en Egypte,dur.onseil d'Administration de la Banque Belge et Internationale en Egypte,member,0,,,,13,77
1539,1942,P00689,Empain M. le Baron Jean,Empain M. le Baron Jean,,,C01137,"The Egyptian Hotels Ud., cle The Egyptian Genrral Omnibus Co","The Egyptian Hotels Ud., cle The Egyptian Genrral Omnibus Co",member,0,,,,13,77
1540,1942,P00690,Enan Saleh,S.E. Enan Saleh Pacha,pasha,s.e.,C01204,"cl'Aclministration de la Société de Ciment Portland de Helouan. S.A.E. et clr la Sociét(· ((Egyplian CPmenl Proclucts""","cl'Aclministration de la Société de Ciment Portland de Helouan. S.A.E. et clr la Sociét(· ((Egyplian CPmenl Proclucts""",council_member,0,,,,13,77
1541,1942,P00691,Epaulard P,Epaulard P,,,C00888,Agmce du Crédi L Lyonnais au Caire,Agmce du Crédi L Lyonnais au Caire,manager,0,,,,13,77
1542,1942,P00691,Epaulard P,Epaulard P,,,C01082,"Société Immohilièn' cl'Alrxandrie, S.A.E","Société Immohilièn' cl'Alrxandrie, S.A.E",director,0,,,,13,77
1543,1942,P00316,El'l'era Isaac,Errera Isaac,,,C01218,clP la Salonicaf,clP la Salonicaf,director,0,,,,13,77
1544,1942,P00692,Eugenidi E,Eugenidi E,,,C01213,cl'AûmiinsLraLion de la Banque d'Athènes,cl'AûmiinsLraLion de la Banque d'Athènes,member,0,,,,13,77
1545,1942,P00693,Exbrayat J,Exbrayat J,,,C00919,Comité de Paris de la Banque cl' Athènes),Comité de Paris de la Banque cl' Athènes),president,0,,,,13,77
1546,1942,P00694,Ezri Raymond,Ezri Raymond,,,C01099,Socié~é des Biens Lie Rapportd'Egypte,Socié~é des Biens Lie Rapportd'Egypte,director,0,,,,13,77
1547,1942,P00695,Fahmi Gallini,S.E. Fahmi Gallini Pacha,pasha,s.e.,C01100,Socié~é du Croissant 'Roug<·,Socié~é du Croissant 'Roug<·,vice_president,0,,,,13,78
1548,1942,P00696,Fanner William Rogers,Fanner William Rogers,,,C00902,Aumillislraliou Lor,Aumillislraliou Lor,president,0,,,,13,78
1549,1942,P00697,Farghaly Mohamed Ahmed,S.E. Farghaly Mohamed Ahmed Pacha,pasha,s.e.,C00999,"S .. -1. ""La Fluviale"" (Vau Der le(' j","S .. -1. ""La Fluviale"" (Vau Der le(' j",president,0,,,,13,78
1550,1942,P00697,Farghaly Mohamed Ahmed,S.E. Farghaly Mohamed Ahmed Pacha,pasha,s.e.,C00964,J'Alexauclria ~xporLers Associ.ation,J'Alexauclria ~xporLers Associ.ation,president,0,,,,13,78
1551,1942,P00697,Farghaly Mohamed Ahmed,S.E. Farghaly Mohamed Ahmed Pacha,pasha,s.e.,C01158,Thf\ La ml Bani\ or Eg~'pl,Thf\ La ml Bani\ or Eg~'pl,director,0,,,,13,78
1552,1942,P00697,Farghaly Mohamed Ahmed,S.E. Farghaly Mohamed Ahmed Pacha,pasha,s.e.,C00998,Rosetta & Alexandria Ricè\1ills,Rosetta & Alexandria Ricè\1ills,director,0,,,,13,78
1553,1942,P00697,Farghaly Mohamed Ahmed,S.E. Farghaly Mohamed Ahmed Pacha,pasha,s.e.,C01347,ü' Administration cie la Nationa! Ban..lz oJ Egypl,ü' Administration cie la Nationa! Ban..lz oJ Egypl,council_member,0,,,,13,78
1554,1942,P00697,Farghaly Mohamed Ahmed,S.E. Farghaly Mohamed Ahmed Pacha,pasha,s.e.,C01021,Soci'élt· \-lisl' d'Assurances Générales,Soci'élt· \-lisl' d'Assurances Générales,council_member,0,,,,13,78
1555,1942,P00697,Farghaly Mohamed Ahmed,S.E. Farghaly Mohamed Ahmed Pacha,pasha,s.e.,C01169,Upper Eg\'Pt Ginning Co,Upper Eg\'Pt Ginning Co,council_member,0,,,,13,78
1556,1942,P00697,Farghaly Mohamed Ahmed,S.E. Farghaly Mohamed Ahmed Pacha,pasha,s.e.,C01076,Société Générale TmmohilièrP cl'Egypte,Société Générale TmmohilièrP cl'Egypte,council_member,0,,,,13,78
1557,1942,P00059,Fenderl Hugo,Fenderl Hugo,,,C01005,S.A. des Presses Libres Egyp Liennes,S.A. des Presses Libres Egyp Liennes,vice_president,0,,,,13,79
1558,1942,P00065,Fumaroli J,Fumaroli J,,,C01201,cl'Aclminisl.ration de la S.A. de ~etto­ y.apï' el PrrssagP rlu r.olon,cl'Aclminisl.ration de la S.A. de ~etto­ y.apï' el PrrssagP rlu r.olon,member,0,,,,13,79
1559,1942,P00333,Garboua Emile,Garboua Emile,,,C00886,"Actminislt'alion dr la Soci•éll~ J<'ranco-Egyplirnnr ciP r.l'éclit, S.A.!!","Actminislt'alion dr la Soci•éll~ J<'ranco-Egyplirnnr ciP r.l'éclit, S.A.!!",council_member,0,,,,13,79
1560,1942,P00698,Garboua Maurice,Garboua Maurice,,,C00875,AcJmjnistral.ion el Direclettr Techni·q•ue de Tlw Da.ka.hlieh Lan cl Co,AcJmjnistral.ion el Direclettr Techni·q•ue de Tlw Da.ka.hlieh Lan cl Co,president,0,,,,13,79
1561,1942,P00069,Gasche Linus,Gasche Linus,,,C01040,Sociél•é Egyptienne de Tissage eL Tricot.ag~,Sociél•é Egyptienne de Tissage eL Tricot.ag~,director,0,,,,13,80
1562,1942,P00069,Gasche Linus,Gasche Linus,,,C01051,"Sociét·6 Anonymr Egyptienne ((Carban, de Tl1e Egyptian Copper Works el de la Banque Belge et Internationale en Egyple","Sociét·6 Anonymr Egyptienne ((Carban, de Tl1e Egyptian Copper Works el de la Banque Belge et Internationale en Egyple",director,0,,,,13,80
1563,1942,P00699,Gasche Robert,Gasche Robert,,,C01067,Société Egyptienne de l Tndu,Société Egyptienne de l Tndu,director,0,,,,13,80
1564,1942,P00340,Ghazi Mahrous Mohamed,Ghazi Mahrous Mohamed,,,C00873,"<lu Conseil Ll'AdministraLion de la Toukhy's Co. l'or Sumlries & Toys, S.A.E","<lu Conseil Ll'AdministraLion de la Toukhy's Co. l'or Sumlries & Toys, S.A.E",member,0,,,,13,80
1565,1942,P00700,Ghazi Moustapha Kamel,Ghazi Moustapha Kamel,,,C01304,"ralion de.la Toul~hy's Co. for Sundries 'l'o~'s, S.A. E","ralion de.la Toul~hy's Co. for Sundries 'l'o~'s, S.A. E",director,0,,,,13,80
1566,1942,P00071,Goar Edwin N. J,Goar Edwin N. J,,,C00853,'Administration de The Alexandria Insurance Co. et ele J'Alexanclri.a Li fe Jnsurance Co,'Administration de The Alexandria Insurance Co. et ele J'Alexanclri.a Li fe Jnsurance Co,member,0,,,,13,80
1567,1942,P00701,Gorra Oswald,Gorra Oswald,,,C00980,Lion de }a Soci•éLé Egyplienne d'Entreprises et Constructions(S.E.D.E.rC.),Lion de }a Soci•éLé Egyplienne d'Entreprises et Constructions(S.E.D.E.rC.),director,0,,,,13,80
1568,1942,P00348,Gt·asso Oscar· Rag,Grasso Oscar Rag,,,C01070,"Société Egyptienne pour l'Exploitation cl('ls Mines et Carrières, S.A.E","Société Egyptienne pour l'Exploitation cl('ls Mines et Carrières, S.A.E",delegate,0,,,,13,80
1569,1942,P00352,Groppi J,Groppi A,,,C00959,IndusLrie dn Proid,IndusLrie dn Proid,director,0,,,,13,80
1570,1942,P00352,Groppi J,Groppi J,,,C00394,Industrie du Froid,Industrie du Froid,president,0,,,,13,80
1571,1942,P00354,Guirguis Elias,Guirguis Elias,,,C01046,Sociét.5 des Autobus de Béhéra ri rle Gbarl1ieh,Sociét.5 des Autobus de Béhéra ri rle Gbarl1ieh,director,0,,,,13,81
1572,1942,P00702,Haerens R,Haerens R,,,C00872,<(Je lA S.A. dPs Tramways du Caire,<(Je lA S.A. dPs Tramways du Caire,director,0,,,,13,81
1573,1942,P00703,Halter Hans,Halter Hans,,,C00922,Comploir 1les Ciments,Comploir 1les Ciments,director,0,,,,13,81
1574,1942,P00704,Harari Ralph A,Harari Ralph A,,,C00491,"S.E. de Tuyaux, Poteaux et Produits en Ciment Armé (Système Siegwart)","S.E. de Tuyaux, Poteaux et Produits en Ciment Armé(Système Siegwart)",director,0,,,,13,82
1575,1942,P00704,Harari Ralph A,Harari Ralph A,,,C00937,Egyplian l<'inance Co,Egyplian l<'inance Co,director,0,,,,13,82
1576,1942,P00704,Harari Ralph A,Harari Ralph A,,,C01011,S.A.E. Financière et Immobilière,S.A.E. Financière et Immobilière,director,0,,,,13,82
1577,1942,P00704,Harari Ralph A,Harari Ralph A,,,C01077,Société Générale des Sucreries et Raffinerie d'Egypte,Société Générale des Sucreries el de l.a Raffinerie d'Egypte,director,0,,,,13,82
1578,1942,P00704,Harari Ralph A,Harari Ralph A,,,C00992,P.ales~ine Hotels Ucl,P.ales~ine Hotels Ucl,director,0,,,,13,82
1579,1942,P00704,Harari Ralph A,Harari Ralph A,,,C01072,"Société Egyptif""nne de Tissage et Tricotage, S.A.E","Société Egyptif""nne de Tissage et Tricotage, S.A.E",managing_director,0,,,,13,82
1580,1942,P00705,Sir Harilri Victor,S.E. Sir Harilri Victor Pacha,pasha,s.e.,C00955,"Honneur cie la Soci,été Générale ciÇJs Sucreries","Honneur cie la Soci,été Générale ciÇJs Sucreries",president,0,,,,13,82
1581,1942,P00705,Sir Harilri Victor,S.E. Sir Harilri Victor Pacha,pasha,s.e.,C00114,Raffinerie d'Egypte,Raffinerie d'Egypte,president,0,,,,13,82
1582,1942,P00706,Hargreaves Clive R,Hargreaves Clive R,,,C01349,üe la Société Egyptienne cles Industries Textiles ri cie la Filalnrr,üe la Société Egyptienne cles Industries Textiles ri cie la Filalnrr,director,0,,,,13,82
1583,1942,P00707,8ir Hassan Hafez,S.E. 8ir Hassan Hafez Pacha,pasha,s.e.,C01214,"cl'Aüministral.ion de la .\tisr Concrl-'lc Deve~opment Co., S.A.E","cl'Aüministral.ion de la .\tisr Concrl-'lc Deve~opment Co., S.A.E",president,0,,,,13,82
1584,1942,P00707,8ir Hassan Hafez,S.E. 8ir Hassan Hafez Pacha,pasha,s.e.,C00970,Ja S.A. Lies CbPmins üe Fer de Ja Bass~-Egyple,Ja S.A. Lies CbPmins üe Fer de Ja Bass~-Egyple,president,0,,,,13,82
1585,1942,P00708,Hilty A,Hilty A,,,C00850,'!lu Conseil d'Administration cie la 0Jalional Ginning Co,'!lu Conseil d'Administration cie la 0Jalional Ginning Co,member,0,,,,13,83
1586,1942,P00709,Hochart Maurice,Hochart Maurice,,,C01121,"Technique -ete ia tt!""ialionalf'n, S.A. d'Assurances sur la Vie","Technique -ete ia tt!""ialionalf'n, S.A. d'Assurances sur la Vie",manager,0,,,,13,83
1587,1942,P00710,Hoerni Robert,Hoerni Robert,,,C01207,cl'Admin istrati on du Crédit lmmohilier Suisse-Egyptien,cl'Admin istrati on du Crédit lmmohilier Suisse-Egyptien,council_member,0,,,,13,83
1588,1942,P00711,Hollingsworth W.T.P,Hollingsworth W.T.P,,,C01310,rl'AdminisLralion cl~ The EgypLian .\ieon Lights Co,rl'AdminisLralion cl~ The EgypLian .\ieon Lights Co,council_member,0,,,,13,83
1589,1942,P00712,Hopkinson Frank,Hopkinson Frank,,,C00909,"Beida Dyers, S.A.E. el de Tlle Bradford Dyers","Beida Dyers, S.A.E. el de Tlle Bradford Dyers",director,0,,,,13,83
1590,1942,P00377,Horne F. J,Horne,,,C01266,eL Altrninisi.r'at~ur-Dél'égué de The li,eL Altrninisi.r'at~ur-Dél'égué de The li,president,0,,,,13,83
1591,1942,P00713,Horthy,Horthy,,,C01035,"SociéM Hongra-Egyptienne pour le. Commer.ce, S.A. el de la Société des Aulobtts du Caire","SociéM Hongra-Egyptienne pour le. Commer.ce, S.A. el de la Société des Aulobtts du Caire",director,0,,,,13,84
1592,1942,P00714,Hussein Mahmoud Enan,Hussein Mahmoud Enan Bey,bey,,C01269,elu CrédiL Agricoled'Egypie,elu CrédiL Agricoled'Egypie,director,0,,,,13,84
1593,1942,P00715,Innes W,Innes W,,,C01215,cl'i\llministration de la Eg~·ptian AeraLed Water Co . .U cl,cl'i\llministration de la Eg~·ptian AeraLed Water Co . .U cl,member,0,,,,13,84
1594,1942,P00716,Islam Aly,S.E. Islam Aly,,s.e.,C01196,cl' Administralion de la .Société Coopér·ative Commerciale de Crédit,cl' Administralion de la .Société Coopér·ative Commerciale de Crédit,council_member,0,,,,13,84
1595,1942,P00716,Islam Aly,S.E. Islam Aly,,s.e.,C01096,"Société pour la Vente des Produits Egyptiens, S.A.E","Société pour la vente des Produits Egyptiens, S./\.E",council_member,0,,,,13,84
1596,1942,P00716,Islam Aly,S.E. Islam Aly,,s.e.,C01180,ci'Aclministr.ation de la Soci·élé des Attlol.Jus de Bé~héra cl de Gharhiel1. S.A.E,ci'Aclministr.ation de la Soci·élé des Attlol.Jus de Bé~héra cl de Gharhiel1. S.A.E,member,0,,,,13,84
1597,1942,P00083,Jacobs Emile,Jacobs Emile,,,C01228,cle la Caisse Hypothécairecl'Egypte,cle la Caisse Hypothécairecl'Egypte,delegate,0,,,,13,85
1598,1942,P00083,Jacobs Emile,Jacobs Emile,,,C01305,"ralion ete la Banque Belge PL lnlt,=lrnaLionaJe en Egypte cL de Ja S.A. ües\'lonls clc Piélié Eg~pliens","ralion ete la Banque Belge PL lnlt,=lrnaLionaJe en Egypte cL de Ja S.A. ües\'lonls clc Piélié Eg~pliens",director,0,,,,13,85
1599,1942,P00717,Jacot-Descombes J. G,Jacot-Descombes J. G,,,C01139,The ElecLriciLy & lee Supply Co,The ElecLriciLy & lee Supply Co,delegate,0,,,,13,85
1600,1942,P00717,Jacot-Descombes J. G,Jacot-Descombes J. G,,,C00856,'J'he EgypLian \lolor Transport Co,'J'he EgypLian \lolor Transport Co,vice_president,0,,,,13,85
1601,1942,P00717,Jacot-Descombes J. G,Jacot-Descombes J. G,,,C00911,Cairo Sand Bricl\s,Cairo Sand Bricl\s,director,0,,,,13,85
1602,1942,P00717,Jacot-Descombes J. G,Jacot-Descombes J. G,,,C00019,Alexandria Water Company,Alexandria Water ·Company,director,0,,,,13,85
1603,1942,P00717,Jacot-Descombes J. G,Jacot-Descombes J. G,,,C00953,Hama1a,Hama1a,president,0,,,,13,85
1604,1942,P00718,Jardine Robert,Jardine Robert,,,C00885,"Aclministra~ion cle The Sheffield Smelting Co. (Egypl), S.A","Aclministra~ion cle The Sheffield Smelting Co. (Egypl), S.A",member,0,,,,13,85
1605,1942,P00719,Johnson J. H,Johnson J. H,,,C01206,"cl'Actministralion de la General.\1olors Near East, S.A.E","cl'Actministralion de la General.\1olors Near East, S.A.E",council_member,0,,,,13,85
1606,1942,P00720,Jones,Jones,,,C01141,"The Gabbari SLorage Co., S.A.E. .K","The Gabbari SLorage Co., S.A.E. .K",director,0,,,,13,85
1607,1942,P00721,Kame.l Ibrahim,S.E. Kame.l Ibrahim Bey,bey,s.e.,C00927,Cow' d'Appel lndi.gène du Caire,Cow' d'Appel lndi.gène du Caire,vice_president,0,,,,13,85
1608,1942,P00721,Kame.l Ibrahim,S.E. Kame.l Ibrahim Bey,bey,s.e.,C00032,Banque Misr,Banque Misr,director,0,,,,13,85
1609,1942,P00721,Kame.l Ibrahim,S.E. Kame.l Ibrahim Bey,bey,s.e.,C01060,Société Coopérative de Pél.roles,Société Coopérative de Pél.roles,director,0,,,,13,85
1610,1942,P00086,Karam Edouard,Karam Edouard,,,C00202,The Commercial & Esta tes Co,The Commercial & Esta tes Co,president,0,,,,13,86
1611,1942,P00086,Karam Edouard,Karam Edouard,,,C01030,"Socitét,j Egyptienne d'Entreprises Urbaines et Rurales","Socitét,j Egyptienne d'Entreprises Urbaines et Rurales",vice_president,0,,,,13,86
1612,1942,P00086,Karam Edouard,Karam Edouard,,,C00016,Alexandria Insurance Co,Alexandria lnsurance Co,vice_president,0,,,,13,86
1613,1942,P00086,Karam Edouard,Karam Edouard,,,C01007,S.A. ürs Tramways d'Alrxanelrie,S.A. ürs Tramways d'Alrxanelrie,vice_president,0,,,,13,86
1614,1942,P00382,Kennedy Geor·ge Er·nest,Kennedy George Ernest,,,C01297,lion ck la Société California Texas des Pétroles,lion ck la Société California Texas des Pétroles,member,0,,,,13,86
1615,1942,P00722,St. John's College Oxford,St. John's College Oxford,,,C01089,Société de Filature el de Tissage Pin en Colon Egyptien (Usines 1\.aff'-ei-Dawar),Société de Filature el de Tissage Pin en Colon Egyptien (Usines 1\.aff'-ei-Dawar),member,0,,,,13,86
1616,1942,P00722,St. John's College Oxford,St. John's College Oxford,,,C01333,"·eil Consultatif en Egyple de la Egyplian Delta Light Railways Company, Limitecl","·eil Consultatif en Egyple de la Egyplian Delta Light Railways Company, Limitecl",president,0,,,,13,86
1617,1942,P00723,Kfoury Joseph,Kfouri Joseph,,,C01179,ation de la Société des Omnibus de Fayoum,ation de la Société des Omnibus de Fayoum,president,0,,,,13,86
1618,1942,P00723,Kfoury Joseph,Kfouri Joseph,,,C01197,cl' Administration de la Société de l'Egyptian SLate Rys,cl' Administration de la Société de l'Egyptian SLate Rys,vice_president,0,,,,13,86
1619,1942,P00723,Kfoury Joseph,Kfouri Joseph,,,C01293,la«Bus Cy.»,la«Bus Cy.»,vice_president,0,,,,13,86
1620,1942,P00723,Kfoury Joseph,Kfouri Joseph,,,C00864,-Dél-égu'é de la Fayoum Lighl Rys. Co,-Dél-égu'é de la Fayoum Lighl Rys. Co,director,0,,,,13,86
1621,1942,P00723,Kfoury Joseph,Kfouri Joseph,,,C00142,Société Anonyme des Chemins de Fer de la Basse-Egypte,Société Anonyme des Chemins de Fer de la Basse-Egypte,director,0,,,,13,86
1622,1942,P00724,Kfouri Michel,Kfouri Michel,,,C01308,rl'AclminisLralion de la Société des Omnibus de Payoum,rl'AclminisLralion de la Société des Omnibus de Payoum,council_member,0,,,,13,86
1623,1942,P00725,Kfoury Philippe,Kfouri Philippe,,,C01045,Sociét-é des Omnilms de Fayoum,Sociét-é des Omnilms de Fayoum,director,0,,,,13,86
1624,1942,P00726,Khachaba Sayed Mohamed,S.E. Khachaba Sayed Mohamed Pacha,pasha,s.e.,C01048,"Sociétlé Egyptienne pom le Développement et le Commerce cles Légumes, Fruits et Pleurs","Sociétlé Egyptienne pom le Développement et le Commerce cles Légumes, Fruits et Pleurs",president,0,,,,13,86
1625,1942,P00727,Khalil Aly El Gazzar,Khalil El Gazzar Bey,bey,,C00972,Ja So-ciété,Ja So-ciété,director,0,,,,13,86
1626,1942,P00387,Khalil Mohamed Mahmoud,S.E. Khalil Mohamed Mahmoud Bey,bey,s.e.,C00626,Sénat,Sénat,president,0,,,,13,86
1627,1942,P00387,Khalil Mohamed Mahmoud,S.E. Khalil Mohamed Mahmoud Bey,bey,s.e.,C01227,cle la .Sociétlé Générale -de la Sucrerie,cle la .Sociétlé Générale -de la Sucrerie,president,0,,,,13,86
1628,1942,P00387,Khalil Mohamed Mahmoud,S.E. Khalil Mohamed Mahmoud Bey,bey,s.e.,C00114,Raffinerie d'Egypte,Raffinerie d'Egypte,president,0,,,,13,86
1629,1942,P00387,Khalil Mohamed Mahmoud,S.E. Khalil Mohamed Mahmoud Bey,bey,s.e.,C00209,The Egyptian Boncled Warehouses Cy Ltcl,Egyptian Bonclecl Warehouses Co. Ltcl,president,0,,,,13,86
1630,1942,P00387,Khalil Mohamed Mahmoud,S.E. Khalil Mohamed Mahmoud Bey,bey,s.e.,C00857,'The Anglo-Egyptian Land Al,'The Anglo-Egyptian Land Al,president,0,,,,13,86
1631,1942,P00387,Khalil Mohamed Mahmoud,S.E. Khalil Mohamed Mahmoud Bey,bey,s.e.,C00878,"AclminisLration de «Al-Charkn (L'Orient), S.A.E","AclminisLration de «Al-Charkn (L'Orient), S.A.E",council_member,0,,,,13,86
1632,1942,P00387,Khalil Mohamed Mahmoud,S.E. Khalil Mohamed Mahmoud Bey,bey,s.e.,C01000,S. A. de W.adi Kom-Ombo,S. A. de W.adi Kom-Ombo,council_member,0,,,,13,86
1633,1942,P00728,Kher Georges J,Kher Georges J,,,C01263,d·tl la S.A. Agricole et Industrielle d'EgypLe,d·tl la S.A. Agricole et Industrielle d'EgypLe,manager,0,,,,13,87
1634,1942,P00090,Klat Jules,Klat Jules Bey,bey,,C01186,cie ia Commission de l.a Bourse .cie. \ linl'l El Bassa!,cie ia Commission de l.a Bourse .cie. \ linl'l El Bassa!,member,0,,,,13,87
1635,1942,P00090,Klat Jules,Klat Jules Bey,bey,,C01159,Tl1P. AssociatE·ù Cotton Ginners,Tl1P. AssociatE·ù Cotton Ginners,president,0,,,,13,87
1636,1942,P00090,Klat Jules,Klat Jules Bey,bey,,C00975,Levant Bonclr•tl W.arr!1ouses Co,Levant Bonclr•tl W.arr!1ouses Co,president,0,,,,13,87
1637,1942,P00729,Lambiotte E,Lambiotte E,,,C00905,Banque Belge eL lnlernationale en Egyple,Banque Belge eL lnlernationale en Egyple,managing_director,0,,,,13,88
1638,1942,P00730,Landerer R,Landerer R,,,C01236,clr la S.A.E. <•La Fluviale»,clr la S.A.E. <•La Fluviale»,director,0,,,,13,88
1639,1942,P00093,Lascaris Mario,Lascaris Mario A,,,C01210,cl'Adminislralion dr la Banque d'Athènes en,cl'Adminislralion dr la Banque d'Athènes en,president,0,,,,13,88
1640,1942,P00016,Egypt,Egypte,,,C00852,"'Ad>minisll""alion Li<' Tl1r GaiJIJari l.and Company. S.A","'Ad>minisll""alion Li<' Tl1r GaiJIJari l.and Company. S.A",president,0,,,,13,88
1641,1942,P00731,Lefrère Lucien,Lefrère Lucien,,,C00957,Honorairr üu f,Honorairr üu f,manager,0,,,,13,88
1642,1942,P00401,Lemarquis J,Lemarquis J,,,C00884,AclministraLion de la Société Générale des Sucreries rt de la Raffinerie cl'Egypte,AclministraLion de la Société Générale des Sucreries rt de la Raffinerie cl'Egypte,council_member,0,,,,13,88
1643,1942,P00732,Leport Henry,Leport Henry,,,C01219,clc la .\Jational lnsurance Co. ')f,clc la .\Jational lnsurance Co. ')f,director,0,,,,13,88
1644,1942,P00403,Levi 1. G,Levi 1. G,,,C00859,'al de la Statistique Egyptienne,'al de la Statistique Egyptienne,general_manager,0,,,,13,89
1645,1942,P00403,Levi 1. G,Levi 1. G,,,C00083,Fédération Egyptienne des Industries,Fédération Egyptienne des Industries,delegate,0,,,,13,89
1646,1942,P00403,Levi 1. G,Levi 1. G,,,C01090,Société de Statistique •de Paris,Société de Statistique •de Paris,member,0,,,,13,89
1647,1942,P00403,Levi 1. G,Levi 1. G,,,C01090,Société de Statistique •de Paris,Société de Statistique •de Paris,partner,0,,,,13,89
1648,1942,P00403,Levi 1. G,Levi 1. G,,,C00939,"Egypti.an Neon Light Co., S.A.E. et .cJu Syndicat drs Obligataires dr la Société Générale clrs .Sucrrrirs Pl clr la Haffinrrir d'Egypte","Egypti.an Neon Light Co., S.A.E. et .cJu Syndicat drs Obligataires dr la Société Générale clrs .Sucrrrirs Pl clr la Haffinrrir d'Egypte",director,0,,,,13,89
1649,1942,P00733,Levi Rolf,Levi Rolf,,,C00874,"> du Conseil cl'Aclminislration de la Trading Industrial Corp., S.A.E","> du Conseil cl'Aclminislration de la Trading Industrial Corp., S.A.E",member,0,,,,13,89
1650,1942,P00095,Lian Alfred,Lian Alfred,,,C00256,Administration .cie l'Egyptian .Salt & Soda Co,Administration .cie l'Egyptian .Salt & Soda Co,president,0,,,,13,89
1651,1942,P00095,Lian Alfred,Lian Alfred,,,C01073,Société Finaneièrr rl Jnchtslrielle cl'Egypte,Société Finaneièrr rl Jnchtslrielle cl'Egypte,president,0,,,,13,89
1652,1942,P00095,Lian Alfred,Lian Alfred,,,C01168,United Eg.yplian Sad!,United Eg.yplian Sad!,president,0,,,,13,89
1653,1942,P00095,Lian Alfred,Lian Alfred,,,C01088,Société Viticole& VinicolP cl'Egyptr,Société Viticole& VinicolP cl'Egyptr,president,0,,,,13,89
1654,1942,P00407,Lloyd John Evans,Lloyd John Evans,,,C01172,Webbs (Aberbeeg) Ucl. (de .South W.ales),Webbs (Aberbeeg) Ucl. (de .South W.ales),president,0,,,,13,89
1655,1942,P00407,Lloyd John Evans,Lloyd John Evans,,,C01132,The Cotton Spinning & Doubling Co. (Oberleutensdorf) Ltcl,The Cotton Spinning & Doubling Co. (Oberleutensdorf) Ltcl,president,0,,,,13,89
1656,1942,P00734,Messrs. Davies,Messrs. Davies,,,C01131,The Choremi Benachi Cotton Co. (Alexandria),The Choremi Benachi Cotton Co. (Alexandria),president,0,,,,13,89
1657,1942,P00735,Lombard Albert,Lombard Albert,,,C01198,cl' Administration du Crédit Immobiliel' .Suisse-Egyptien,cl' Administration du Crédit Immobiliel' .Suisse-Egyptien,council_member,0,,,,13,89
1658,1942,P00736,Lombardo Cesare,Lombardo Cesare,,,C01254,dr la Sociél1é des Autobus du Nord el dr la Str,dr la Sociél1é des Autobus du Nord el dr la Str,managing_director,0,,,,13,90
1659,1942,P00411,Lombardo Hugo,Lombardo Hugo,,,C01041,Sociét(,Sociét(,delegate,0,,,,13,90
1660,1942,P00411,Lombardo Hugo,Lombardo Hugo,,,C00601,Société des Autobus du Nord,Autobus du Nord,delegate,0,,,,13,90
1661,1942,P00411,Lombardo Hugo,Lombardo Hugo,,,C01044,Sociét-é des Autobus dtl C,Sociét-é des Autobus dtl C,delegate,0,,,,13,90
1662,1942,P00097,Lowe A. J,Lowe,,,C01257,dti Conseil cl'Aclministrat.ion ·cl<' la S.A.E. Carha,dti Conseil cl'Aclministrat.ion ·cl<' la S.A.E. Carha,president,0,,,,13,90
1663,1942,P00097,Lowe A. J,Lowe,,,C00441,Port-Said Salt Association Ltd,Port Said Salt Assoeiatiou,president,0,,,,13,90
1664,1942,P00097,Lowe A. J,Lowe,,,C01117,"Sté. dr-s Produits Centrifugr""s en CimenL","Sté. dr-s Produits Centrifugr""s en CimenL",president,0,,,,13,90
1665,1942,P00415,Lumbroso J,Lumbroso,,,C01309,rl'Aclminist.ration cle 'l'he Alexanclria Exchang·r Co. Ltcl. r1 rlr l'AlPxanclri.a & Ramleh Rail·ways Co,rl'Aclminist.ration cle 'l'he Alexanclria Exchang·r Co. Ltcl. r1 rlr l'AlPxanclri.a & Ramleh Rail·ways Co,council_member,0,,,,13,90
1666,1942,P00737,Mac Culloch Norman G,Mac Culloch Norman G,,,C01345,"ùu Conseil Ll'Adminiskation de la Sociét·é C.alilornia Egyptienne de Pétroles, S.A.E","ùu Conseil Ll'Adminiskation de la Sociét·é C.alilornia Egyptienne de Pétroles, S.A.E",member,0,,,,13,90
1667,1942,P00418,Mac Ewen William G,Mac Ewen William G,,,C00697,"The Nile Ginning Co., S.A.E",The Nile Ginning Co. (S.A.),director,0,,,,13,90
1668,1942,P00738,Mackenzie W,Mackenzie W,,,C01261,dt• l.a .. \Jaison Peel & Co. Ltd,dt• l.a .. \Jaison Peel & Co. Ltd,director,0,,,,13,90
1669,1942,P00738,Mackenzie W,Mackenzie W,,,C00988,"Minieh Ginning Co. Ucl. et cle la ((Fluviale"" S.A.E","Minieh Ginning Co. Ucl. et cle la ((Fluviale"" S.A.E",director,0,,,,13,90
1670,1942,P00739,Maggiar G,Maggiar G,,,C01209,cl'Adminislralion clt-' la S.A. {les Monts de Piété~ ~gyptiens,cl'Adminislralion clt-' la S.A. {les Monts de Piété~ ~gyptiens,council_member,0,,,,13,91
1671,1942,P00740,Mahmoud Eff. Fahmy,Mahmoud Eff. Fahmy,,,C01241,d1· 'l'hP .i\li1Prl \'IL1ssa Agrnc~,d1· 'l'hP .i\li1Prl \'IL1ssa Agrnc~,director,0,,,,13,91
1672,1942,P00741,Maksud Emile,Maksud Emile,,,C00863,-Dr•Ji(•gut'· <lt· Tllf' 8!-!~'J>Iian t,-Dr•Ji(•gut'· <lt· Tllf' 8!-!~'J>Iian t,director,0,,,,13,91
1673,1942,P00426,Malone Peter,Malone Peter,,,C01181,"ci'Administrali<lll dt' Tlle Hinshelwood Painl & Oil Co. of Egypl, S.A.E","ci'Administrali<lll dt' Tlle Hinshelwood Painl & Oil Co. of Egypl, S.A.E",president,0,,,,13,91
1674,1942,P00742,Marcarian A. D,Marcarian A. D,,,C01217,cl<· 'l'hf' Egyptian Neon Light Co .. S.A.~,cl<· 'l'hf' Egyptian Neon Light Co .. S.A.~,director,0,,,,13,91
1675,1942,P00101,Mazloum Hassan,S.E. Mazloum Hassan Pacha,pasha,s.e.,C00908,Banqur Belge et Inlt··rnaLiona!P ·\'n Eg\'j1ll',Banqur Belge et Inlt··rnaLiona!P ·\'n Eg\'j1ll',vice_president,0,,,,13,92
1676,1942,P00101,Mazloum Hassan,S.E. Mazloum Hassan Pacha,pasha,s.e.,C01104,"Soeiél•t' (h\n,L","Soeiél•t' (h\n,L",vice_president,0,,,,13,92
1677,1942,P00101,Mazloum Hassan,S.E. Mazloum Hassan Pacha,pasha,s.e.,C01176,](hedivial \lail Line Co,](hedivial \lail Line Co,vice_president,0,,,,13,92
1678,1942,P00743,GEP,GEP,,,C01087,"Société Roumaine «Prahova)) Societate Anonima Romana Pentru Jndustria di Comertul Petrolului, Bucarest","Société Roumaine «Prahova)) Societate Anonima Romana Pentru Jndustria di Comertul Petrolului, Bucarest",managing_director,0,,,,13,93
1679,1942,P00744,MBSsiqua B,MBSsiqua B,,,C01252,dr Ja. S.A. etes Drogueriesd'Egypte,dr Ja. S.A. etes Drogueriesd'Egypte,managing_director,0,,,,13,93
1680,1942,P00441,Messiqua Marcel,Messiqua Marcel,,,C00017,Alexandria Pressing Co,Alexandria Pressing,director,0,,,,13,93
1681,1942,P00441,Messiqua Marcel,Messiqua Marcel,,,C00890,Airxandri.a Tnsuranct·' Co,Airxandri.a Tnsurance Co,director,0,,,,13,93
1682,1942,P00441,Messiqua Marcel,Messiqua Marcel,,,C01086,Société N·ationalr du Papirr,Société N·ationalr du Papirr,director,0,,,,13,93
1683,1942,P00745,Metwalli,Metwalli,,,C00876,"AclminisL1·aL.ion lit' la Sor·it-'1.(' Commerciale Bulgaro-Egypt.ienne, S.A.E","AclminisL1·aL.ion lit' la Sor·it-'1.(' Commerciale Bulgaro-Egypt.ienne, S.A.E",council_member,0,,,,13,93
1684,1942,P00447,Misrahi Albert,Misrahi Albert,,,C01340,"ÜP la Sociélé ùe Ml' lallurgie Egyptienne, S.A.E","ÜP la Sociélé ùe Ml' lallurgie Egyptienne, S.A.E",director,0,,,,13,93
1685,1942,P00447,Misrahi Albert,Misrahi Albert,,,C00890,Airxandri.a Tnsuranct·' Co,Airxandri.a Tnsuranct·' Co,director,0,,,,13,93
1686,1942,P00449,Mitarachi Th,Mitarachi Th,,,C00881,AclminislraLion cle la Banque d'Athènes,AclminislraLion cle la Banque d'Athènes,member,0,,,,13,93
1687,1942,P00449,Mitarachi Th,Mitarachi Th,,,C01006,S.A. dr l\eltoyage et Prrssage dr Coton,S.A. dr l\eltoyage et Prrssage dr Coton,member,0,,,,13,93
1688,1942,P00746,Moharrem Osman,S.E. Moharrem Osman Pacha,pasha,s.e.,C01102,"SocjréM Vilicole et Vinicolt• d'Egypt.e, S.A.E","SocjréM Vilicole et Vinicolt• d'Egypt.e, S.A.E",director,0,,,,13,95
1689,1942,P00747,Monchicourt André G,Monchicourt André G,,,C01323,tl'A.rtminisLration de la S.A. drs,tl'A.rtminisLration de la S.A. drs,council_member,0,,,,13,95
1690,1942,P00454,Monnerat E,Monnerat E,,,C00316,Cie. Frigorifi.que cl'Egypt!,Cie. Frigorifi.que cl'Egypt!,member,0,,,,13,95
1691,1942,P00458,Moreau E,Moreau E,,,C00966,"J.a Banque de Paris rt des Pays-Bas, Men1- bre du Conseil d'Adminislralion du Crédit Foncier Egyp· tien","J.a Banque de Paris rt des Pays-Bas, Men1- bre du Conseil d'Adminislralion du Crédit Foncier Egyp· tien",president,0,,,,13,95
1692,1942,P00748,Moriatti Georges,Moriatti Georges,,,C00915,Ci('. Generale Egyptienne -df's P(·lrolr>s (Cogep) S.A.E,Ci('. Generale Egyptienne -df's P(·lrolr>s (Cogep) S.A.E,director,0,,,,13,95
1693,1942,P00749,Morpurgo Gustave,Morpurgo Gustave,,,C01243,"dP la Pinto Cotlon Co., S.A.E. et","dP la Pinto Cotlon Co., S.A.E. et",director,0,,,,13,95
1694,1942,P00749,Morpurgo Gustave,Morpurgo Gustave,,,C00965,J'Upper Egypt. Ginning Co .. S.A.E,J'Upper Egypt. Ginning Co .. S.A.E,director,0,,,,13,95
1695,1942,P00750,Mosseri Albert Vita,Mosseri Albert Vita,,,C01246,dP la \1aison dP Banque .J. .\i. M.osseri Figli & Co,dP la \1aison dP Banque .J. .\i. M.osseri Figli & Co,partner,0,,,,13,95
1696,1942,P00751,Mosseri Guido J,Mosseri Guido,,,C01127,The Anglo-Belgian Co. of Egypl Lld,The Anglo-Belgian Co. of Egypl Lld,director,0,,,,13,95
1697,1942,P00751,Mosseri Guido J,Mosseri Guido,,,C01125,The Anglo-8gyptian Land Allotment Co,The Anglo-8gyptian Land Allotment Co,director,0,,,,13,95
1698,1942,P00751,Mosseri Guido J,Mosseri Guido,,,C00686,The Fayoum Light Railways Co,The Fayoum Light RaitwaYs Co,director,0,,,,13,95
1699,1942,P00752,Mosseri Henri Victor,Mosseri Henry Victor,,,C00867,-Déltégué de l'Anglo-Egyp Lian Land Allotment Co,-Déltégué de l'Anglo-Egyp Lian Land Allotment Co,director,0,,,,13,95
1700,1942,P00752,Mosseri Henri Victor,Mosseri Henry Victor,,,C01151,The Trac Lor & Engmeering Co,The Trac Lor & Engmeering Co,director,0,,,,13,95
1701,1942,P00752,Mosseri Henri Victor,Mosseri Henry Victor,,,C01010,S.A.E. FinancièrP Pt Immobilière,S.A.E. FinancièrP Pt Immobilière,director,0,,,,13,95
1702,1942,P00752,Mosseri Henri Victor,Mosseri Henry Victor,,,C01126,The Anglo-Belgian Co,The Anglo-Belgian Co,director,0,,,,13,95
1703,1942,P00752,Mosseri Henri Victor,Mosseri Henry Victor,,,C01162,"Tlw Egyplian Copper Worl<s, de la","Tlw Egyplian Copper Worl<s, de la",director,0,,,,13,95
1704,1942,P00753,Mosseri E. Humbert J,Mosseri E. Humbert J,,,C01281,l d'Administration de la Cairo Land & Fin.anc1aJ Co,l d'Administration de la Cairo Land & Fin.anc1aJ Co,member,0,,,,13,96
1705,1942,P00467,Mosseri Joseph Vita,Mosseri Joseph Vita,,,C00399,"Josy Film, S.A.E","·de la Josy Film, S.A.E",vice_president,0,,,,13,96
1706,1942,P00467,Mosseri Joseph Vita,Mosseri Joseph Vita,,,C00399,"Josy Film, S.A.E","·de la Josy Film, S.A.E",delegate,0,,,,13,96
1707,1942,P00109,Mosseri Maurice N,Mosseri Maurice N,,,C01119,Syndicat des Obligataires de la ~ocit•tf) Général~ des Sucreries,Syndicat des Obligataires de la ~ocit•tf) Général~ des Sucreries,president,0,,,,13,96
1708,1942,P00109,Mosseri Maurice N,Mosseri Maurice N,,,C00996,Raffinerie cl'Egyple,Raffinerie cl'Egyple,president,0,,,,13,96
1709,1942,P00109,Mosseri Maurice N,Mosseri Maurice N,,,C01223,cle Ja Soci1été des Grands H6t.els d'8gyple,cle Ja Soci1été des Grands H6t.els d'8gyple,director,0,,,,13,96
1710,1942,P00109,Mosseri Maurice N,Mosseri Maurice N,,,C00026,The Anglo-Egyptian Land Allotment Co,Anglo Egyptian Land AllaLment,director,0,,,,13,96
1711,1942,P00109,Mosseri Maurice N,Mosseri Maurice N,,,C00941,Egyptürn Finance Co,Egyptürn Finance Co,director,0,,,,13,96
1712,1942,P00109,Mosseri Maurice N,Mosseri Maurice N,,,C01015,S.E. de Tissage eL,S.E. de Tissage eL,director,0,,,,13,96
1713,1942,P00754,Mouratiadï C.M,Mouratiadï C.M,,,C01328,~a Communauté Ii eUéniq-ue du ·CaJiTe,~a Communauté Ii eUéniq-ue du ·CaJiTe,vice_president,0,,,,13,96
1714,1942,P00754,Mouratiadï C.M,Mouratiadï C.M,,,C00910,CToix Ro-ug,CToix Ro-ug,president,0,,,,13,96
1715,1942,P00754,Mouratiadï C.M,Mouratiadï C.M,,,C00868,-Délég·ue de IR C J·own-Bri'vvery,-Délég·ue de IR C J·own-Bri'vvery,president,0,,,,13,96
1716,1942,P00754,Mouratiadï C.M,Mouratiadï C.M,,,C00868,-Délég·ue de IR C J·own-Bri'vvery,-Délég·ue de IR C J·own-Bri'vvery,director,0,,,,13,96
1717,1942,P00754,Mouratiadï C.M,Mouratiadï C.M,,,C01034,SociéLé Franco-Egyptienne d'lmportation el de la Sociél,SociéLé Franco-Egyptienne d'lmportation el de la Sociél,president,0,,,,13,96
1718,1942,P00754,Mouratiadï C.M,Mouratiadï C.M,,,C01034,SociéLé Franco-Egyptienne d'lmportation el de la Sociél,SociéLé Franco-Egyptienne d'lmportation el de la Sociél,director,0,,,,13,96
1719,1942,P00755,Muller E,Muller E,,,C01199,cl'AclminisLration de lél ~ationa.l Ginning Co. oJ Egypl,cl'AclminisLration de lél ~ationa.l Ginning Co. oJ Egypl,member,0,,,,13,96
1720,1942,P00756,Mullet,Mullet,,,C00865,"-Dél2· gué cle The Cairo Electric R.ailways & Heliopolis Oas-es Co., rte The Africa.n Enterprise ,& Development Co","-Dél2· gué cle The Cairo Electric R.ailways & Heliopolis Oas-es Co., rte The Africa.n Enterprise ,& Development Co",director,0,,,,13,96
1721,1942,P00756,Mullet,Mullet,,,C01065,Société Egyptienne d'Elecl.ricité,Société Egyptienne d'Elecl.ricité,director,0,,,,13,96
1722,1942,P00756,Mullet,Mullet,,,C00147,!.a Société Anonyme des Tramways du Caire,!.a Société Anonyme des Tramways du Caire,director,0,,,,13,96
1723,1942,P00756,Mullet,Mullet,,,C01047,SociétJé Anonyme des Chemins de Fer de la Basse-E.gypte eL de The Cairo Suburban Building Land Co,SociétJé Anonyme des Chemins de Fer de la Basse-E.gypte eL de The Cairo Suburban Building Land Co,director,0,,,,13,96
1724,1942,P00757,Murat E,Murat E,,,C00394,Industrie du Froid,Industrie du Froid,director,0,,,,13,97
1725,1942,P00758,Mussa Albert,Mussa Albert,,,C01222,"cle 'l'he AIJJert. ,,Vlussa Agency & Stevedoring Co., S.A.E","cle 'l'he AIJJert. ,,Vlussa Agency & Stevedoring Co., S.A.E",delegate,0,,,,13,97
1726,1942,P00759,Mustaki Armand,Mustaki Armand,,,C00987,"Manufacture de Textiles Egypt-iens, S.A.E","Manufacture de Textiles Egypt-iens, S.A.E",delegate,0,,,,13,97
1727,1942,P00759,Mustaki Armand,Mustaki Armand,,,C00297,Banque d'Athènes,"Banque d'Athènes, S.A",director,0,,,,13,97
1728,1942,P00759,Mustaki Armand,Mustaki Armand,,,C01299,"lndusL!'ie .Vleunière d'Alexandrie, S.A.E","lndusL!'ie .Vleunière d'Alexandrie, S.A.E",director,0,,,,13,97
1729,1942,P00759,Mustaki Armand,Mustaki Armand,,,C01023,Soci<élé Egyptienne d'Entreprises Urbaines et Rurales,Soci<élé Egyptienne d'Entreprises Urbaines et Rurales,director,0,,,,13,97
1730,1942,P00760,Nacamuli Albert,Nacamuli Albert,,,C01033,SociéLt'~ Egyptiennl~ de Placements eL de Crédit,SociéLt'~ Egyptiennl~ de Placements eL de Crédit,delegate,0,,,,13,97
1731,1942,P00760,Nacamuli Albert,Nacamuli Albert,,,C01075,Société Générale Immobilière,Société Générale Immobilière,director,0,,,,13,97
1732,1942,P00761,Nacamuli Isaac,Nacamuli Isaac,,,C01203,cl'Aclministration de la .Société Egyplienn.e des Placements,cl'Aclministration de la .Société Egyplienn.e des Placements,president,0,,,,13,97
1733,1942,P00761,Nacamuli Isaac,Nacamuli Isaac,,,C00334,Crédit,Crédit,president,0,,,,13,97
1734,1942,P00761,Nacamuli Isaac,Nacamuli Isaac,,,C01116,Sté. Gén. lmmob.ilière,Sté. Gén. lmmob.ilière,council_member,0,,,,13,97
1735,1942,P00761,Nacamuli Isaac,Nacamuli Isaac,,,C01116,Sté. Gén. lmmob.ilière,Sté. Gén. lmmob.ilière,president,0,,,,13,97
1736,1942,P00762,Nachaat Hassan,S.E. Nachaat Hassan Pacha,pasha,s.e.,C01330,"~il d'Administration rlr> la Société Nationale du Papier, S.A.E","~il d'Administration rlr> la Société Nationale du Papier, S.A.E",president,0,,,,13,97
1737,1942,P00763,Franco-Egyptienne de Soieries,Franco-Egyptienne de Soieries,,,C01338,"·~te ia Sociét-(~ Franco-Egyptienne dr Soieries, S.A.E","·~te ia Sociét-(~ Franco-Egyptienne dr Soieries, S.A.E",director,0,,,,13,97
1738,1942,P00764,Neuville Paul,Neuville Paul,,,C01237,"clr la Soci1été Vit.icolP et VinicoiPù'Egypte, S.A.E","clr la Soci1été Vit.icolP et VinicoiPù'Egypte, S.A.E",director,0,,,,13,98
1739,1942,P00484,Nichols D,Nichols D,,,C01280,ion de la Société des Autobus de Bébéra el de Garbieh,ion de la Société des Autobus de Bébéra el de Garbieh,member,0,,,,13,98
1740,1942,P00765,Nyegaard A,Nyegaard A,,,C00900,"Artminisl!'.al.ion du Comptolr,d.es ·Ciments eL Adminislraleur-Dirr~cteul' dP la Société do","Artminisl!'.al.ion du Comptolr,d.es ·Ciments eL Adminislraleur-Dirr~cteul' dP la Société do",member,0,,,,13,98
1741,1942,P00766,Papastratos E,Papastratos E,,,C01054,Société 1<Cigarettes NestrP' Gi.ana·clis>>,Société 1<Cigarettes NestrP' Gi.ana·clis>>,director,0,,,,13,98
1742,1942,P00767,Paskelier Joseph,Paskelier Joseph,,,C01253,dr la Banque Misr (France),dr la Banque Misr (France),director,0,,,,13,98
1743,1942,P00768,Passardi Renato,Passardi Renato,,,C01008,S.A.E. de l'Industrie Fibres Textiles,S.A.E Industrie Fibres Textiles,director,0,,,,13,98
1744,1942,P00769,Pathy Georges,Pathy Polnauer Georges,,,C00892,Alex.anclria,Alex.anclria,manager,0,,,,13,99
1745,1942,P00770,Pathy Polnauer Lé\dislas,Pathy Polnauer Lé\dislas,,,C01189,"cie la Société Hongro-Egyptienne pour le Commerce, S.A","cie la Société Hongro-Egyptienne pour le Commerce, S.A",vice_president,0,,,,13,99
1746,1942,P00770,Pathy Polnauer Lé\dislas,Pathy Polnauer Lé\dislas,,,C01092,Société des Autobus elu Caire,Société des Autobus elu Caire,vice_president,0,,,,13,99
1747,1942,P00770,Pathy Polnauer Lé\dislas,Pathy Polnauer Lé\dislas,,,C01234,"clfl l'Alexandria ~avigation Co., S.A.E","clfl l'Alexandria ~avigation Co., S.A.E",managing_director,0,,,,13,99
1748,1942,P00770,Pathy Polnauer Lé\dislas,Pathy Polnauer Lé\dislas,,,C00894,Alexandria Na vig.ation Co. (London) Ltd,Alexandria Na vig.ation Co. (London) Ltd,managing_director,0,,,,13,99
1749,1942,P00770,Pathy Polnauer Lé\dislas,Pathy Polnauer Lé\dislas,,,C01118,Sté. lndusl.rielle el Commerciale d'Egypte 1SICO) S.A.E,Sté. lndusl.rielle el Commerciale d'Egypte 1SICO) S.A.E,managing_director,0,,,,13,99
1750,1942,P00770,Pathy Polnauer Lé\dislas,Pathy Polnauer Lé\dislas,,,C00896,Alexanrtria Lifc lnsurancc Co,Alexanrtria Lifc lnsurancc Co,managing_director,0,,,,13,99
1751,1942,P00770,Pathy Polnauer Lé\dislas,Pathy Polnauer Lé\dislas,,,C01038,Sociél·é Lies A ni oln.rs elu l\ orel,Sociél·é Lies A ni oln.rs elu l\ orel,managing_director,0,,,,13,99
1752,1942,P00118,Pegna E,Pegna E,,,C00210,Egyptian Bonded Warehouses Co. Ltd,Egyptian Bonded Warehousrs Co,director,0,,,,13,99
1753,1942,P00771,Philp E. L,Philp E.L,,,C00984,Llr .la Eatr 1<,Llr .la Eatr 1<,director,0,,,,13,99
1754,1942,P00772,Pierrakos Nicolas,Pierrakos Nicolas,,,C01317,"rrSo.ci•élé Viticole ri Yinicole d'Egypte, S.A.E.n","rrSo.ci•élé Viticole ri Yinicole d'Egypte, S.A.E.n",vice_president,0,,,,13,100
1755,1942,P00772,Pierrakos Nicolas,Pierrakos Nicolas,,,C01327,wNeslor Gianaclis (Agricultur.al & Commercial) Limited»,wNeslor Gianaclis (Agricultur.al & Commercial) Limited»,president,0,,,,13,100
1756,1942,P00773,Pinto 1runo B. Comm,Pinto 1runo B. Comm,,,C01002,"S.A. Immobili Riuniti, S.A.E","S.A. Immobili Riunit.i, .S.A.E",director,0,,,,13,100
1757,1942,P00774,Pinto Prof. Dott. Cav·. Uff. Carlo,Pinto Prof. Dott. Cav·. Uff. Carlo,,,C01025,"Società Anùnima Immobili Riunili el ciP la Pinlo Cotton Co., S.A.E","Società Anùnima Immobili Riunili el ciP la Pinlo Cotton Co., S.A.E",director,0,,,,13,100
1758,1942,P00121,Pinto Silvio,Pinto Silvio,,,C01350,"üu Cons.eil d' Adminisl.r.alion de la Pinlo Colton Co., S.A.E","üu Cons.eil d' Adminisl.r.alion de la Pinlo Colton Co., S.A.E",member,0,,,,13,100
1759,1942,P00775,Pinto Uberto,Pinto Uberto,,,C00877,"AclminisLI'aLion de la Sociévé Anonyme des lmmeublrs Réunis, S.A.E","AclminisLI'aLion de la Sociévé Anonyme des lmmeublrs Réunis, S.A.E",member,0,,,,13,100
1760,1942,P00776,Pollet Masurel André,Pollet Masurel André,,,C00883,Aclministeation de la Sociét.é Egyptienne de F'ilal.nrr ri cle Tissage de la Laine .. S.A.E,Aclministeation de la Sociét.é Egyptienne de F'ilal.nrr ri cle Tissage de la Laine .. S.A.E,member,0,,,,13,100
1761,1942,P00777,Pollet Robert,Pollet Robert,,,C01202,cl'Aclminisl.ration de la Société Egyptienne de Filature,cl'Aclminisl.ration de la Société Egyptienne de Filature,council_member,0,,,,13,100
1762,1942,P00777,Pollet Robert,Pollet Robert,,,C00721,"Tissage de Laine, S.A.E","Tissage de Laine, S.A.E",council_member,0,,,,13,100
1763,1942,P00778,Pollet Thiriez,Pollet Thiriez,,,C01066,Société Egyptienne de Fi la ture,Société Egyptienne de Fi la ture,director,0,,,,13,100
1764,1942,P00778,Pollet Thiriez,Pollet Thiriez,,,C00721,"Tissage de Laine, S.A.E","Tissage de Laine, S.A.E",director,0,,,,13,100
1765,1942,P00506,Pontremoli Rachel Mme. Vve. B,Pontremoli Rachel Mme. Vve. B,,,C01170,"V1aison ù'AmeublemC'nt B. Pontremoli, S.A.E","V1aison ù'AmeublemC'nt B. Pontremoli, S.A.E",member,0,,,,13,100
1766,1942,P00124,Ràbbath Sélim,Rabbath Sélim,,,C01351,üu Conseil d'Administrat.ion de la S.A. des lmn-ieubles d'Egypte,üu Conseil d'Administrat.ion de la S.A. des lmn-ieubles d'Egypte,member,0,,,,13,101
1767,1942,P00779,Rachid Mohamed Abbas,Rachid Mohamed Abbas,,,C01109,"Soûélé Egyptienne cl'fnclusl.ries Chimiques, S.A.E","Soûélé Egyptienne cl'fnclusl.ries Chimiques, S.A.E",director,0,,,,13,101
1768,1942,P00780,Raemy,Raemy,,,C01247,"dc! la Cairo Sand Bricl,s","dc! la Cairo Sand Bricl,s",delegate,0,,,,13,101
1769,1942,P00780,Raemy,Raemy,,,C00215,The Electric Light & Power Supply Cy,"The Electric Light& Power Supply Co., S.A.E",director,0,,,,13,101
1770,1942,P00781,Nestor GianacJis,Nestor GianacJis,,,C01167,"Unitas Trading & Financial Co., S.A.E","Unitas Trading & Financial Co., S.A.E",delegate,0,,,,13,101
1771,1942,P00508,Ragheb Hanna,Ragheb Hanna Bey,bey,,C01322,ti on de la National Conl.racting Co 0f Egyp1,ti on de la National Conl.racting Co 0f Egyp1,director,0,,,,13,101
1772,1942,P00509,Ralli Alexandre,Ralli Alexandre,,,C01101,"Soci•été Egyptienne pow· l'Exploitation des Mines et Carrières, S.A.E","Soci•été Egyptienne pow· l'Exploitation des Mines et Carrières, S.A.E",director,0,,,,13,101
1773,1942,P00125,Raybaud Max,Raybaud Max,,,C01229,cle la Crow-Bre\Yery,cle la Crow-Bre\Yery,managing_director,0,,,,13,101
1774,1942,P00782,Remauge Adrien,Remauge Adrien,,,C00978,Lill ConsPil d'Aclminislralion de la Hf\ lexandria & Ramlrh Hvs Co,Lill ConsPil d'Aclminislralion de la Hf\ lexandria & Ramlrh Hvs Co,member,0,,,,13,102
1775,1942,P00783,Richard Edouard,Richard Edouard,,,C01155,"The _\llanure Co. of ~gypl, S.A","The _\llanure Co. of ~gypl, S.A",director,0,,,,13,102
1776,1942,P00784,Riley E. C,Riley E. C,,,C01314,rle la General .\llo,rle la General .\llo,director,0,,,,13,102
1777,1942,P00785,Roberts Stanley P,Roberts Stanley P,,,C00976,"Li.e Tlle ,\![isr Shipping, S.A.E","Li.e Tlle ,\![isr Shipping, S.A.E",director,0,,,,13,102
1778,1942,P00786,Roche De la Rigodière,Roche De la Rigodière,,,C01074,Société Franco-Egyptienne de Soierie,Société Franco-Egyptienne de Soierie,director,0,,,,13,102
1779,1942,P00787,Rofé Charries,Rofé Charries,,,C00862,(le la Société Viticole eL Vinicokd'Egypte,(le la Société Viticole eL Vinicokd'Egypte,director,0,,,,13,102
1780,1942,P00788,Rolin Daniel Baron,Rolin Daniel Baron,,,C01032,Socié1Jé Anonyme dl'S Ancrennes Entreprises L. Ro- 1in & Co,Socié1Jé Anonyme dl'S Ancrennes Entreprises L. Ro- 1in & Co,managing_director,0,,,,13,102
1781,1942,P00788,Rolin Daniel Baron,Rolin Daniel Baron,,,C00215,The Electric Light & Power Supply Cy,Electric LighL & Power Supply Co,president,0,,,,13,102
1782,1942,P00788,Rolin Daniel Baron,Rolin Daniel Baron,,,C01130,The Cairo Suburban Building l-ands,The Cairo Suburban Building l-ands,director,0,,,,13,102
1783,1942,P00789,Rolin Léon Baron,Rolin Léon Baron,,,C01233,clel.a So.ciété Belge-Egyptienne de l'Ezbékieh,clel.a So.ciété Belge-Egyptienne de l'Ezbékieh,managing_director,0,,,,13,102
1784,1942,P00789,Rolin Léon Baron,Rolin Léon Baron,,,C01056,Société Belgo-Egyptienne,Société Belgo-Egyptienne,managing_director,0,,,,13,102
1785,1942,P00790,Rolo Jacques R,Rolo Jacques R,,,C00945,"G.ar- bieh Ginning Co., S.A","G.ar- bieh Ginning Co., S.A",director,0,,,,13,102
1786,1942,P00790,Rolo Jacques R,Rolo Jacques R,,,C00711,The Upper Egypt Ginning Co,Upper Egypt Ginning Co,director,0,,,,13,102
1787,1942,P00130,Rolo Max,Rolo Max,,,C00986,Manufa-cture de Textiles Egyptien,Manufa-cture de Textiles Egyptien,president,0,,,,13,102
1788,1942,P00130,Rolo Max,Rolo Max,,,C01200,cl'AclminisLration d~ l'Alexandria Pressing Co. S.A.E,cl'AclminisLration d~ l'Alexandria Pressing Co. S.A.E,council_member,0,,,,13,102
1789,1942,P00132,Rom François,Rom François,,,C00951,GharlJii•h Land Co,GharlJii•h Land Co,member,0,,,,13,103
1790,1942,P00530,Sabry Hussein,S.E. Sabry Hussein Pacha,pasha,s.e.,C00981,Lk la Socit\l•é Immobilière du Domaine rk Siouf,Lk la Socit\l•é Immobilière du Domaine rk Siouf,president,0,,,,13,104
1791,1942,P00530,Sabry Hussein,S.E. Sabry Hussein Pacha,pasha,s.e.,C01103,Soeifù(,Soeifù(,president,0,,,,13,104
1792,1942,P00530,Sabry Hussein,S.E. Sabry Hussein Pacha,pasha,s.e.,C01146,The Pharaonic,The Pharaonic,president,0,,,,13,104
1793,1942,P00530,Sabry Hussein,S.E. Sabry Hussein Pacha,pasha,s.e.,C00858,'\'l.anufacture de Textil!'S Egyptiens (Karpelès & Co.),'\'l.anufacture de Textil!'S Egyptiens (Karpelès & Co.),president,0,,,,13,104
1794,1942,P00530,Sabry Hussein,S.E. Sabry Hussein Pacha,pasha,s.e.,C01106,Sotciété Anonyme Egyplit'nnP ïlt's [ndustrirs Textiles,Sotciété Anonyme Egyplit'nnP ïlt's [ndustrirs Textiles,director,0,,,,13,104
1795,1942,P00530,Sabry Hussein,S.E. Sabry Hussein Pacha,pasha,s.e.,C01157,Thf' Alexandria Water Co. Ltcl,Thf' Alexandria Water Co. Ltcl,director,0,,,,13,104
1796,1942,P00530,Sabry Hussein,S.E. Sabry Hussein Pacha,pasha,s.e.,C01161,Tlw Cairo ~J~elr·ic Railways & Hrliopolis Oa ses Co,Tlw Cairo ~J~elr·ic Railways & Hrliopolis Oa ses Co,director,0,,,,13,104
1797,1942,P00530,Sabry Hussein,S.E. Sabry Hussein Pacha,pasha,s.e.,C00967,"J.a Pinto Cotton Co., S.A.E","J.a Pinto Cotton Co., S.A.E",director,0,,,,13,104
1798,1942,P00530,Sabry Hussein,S.E. Sabry Hussein Pacha,pasha,s.e.,C01012,S.A.E. des Etablissrmrn1s Distillf•rit' Bolan.achi,S.A.E. des Etablissrmrn1s Distillf•rit' Bolan.achi,director,0,,,,13,104
1799,1942,P00791,Sachs David,Sachs David,,,C01194,"cl u Conseil d'1\dm iuis!.J·al ion cles \'!oulins~<Al Mahmoudiehn, S.A.E","cl u Conseil d'1\dm iuis!.J·al ion cles \'!oulins~<Al Mahmoudiehn, S.A.E",president,0,,,,13,104
1800,1942,P00792,Sadek Wahba,S.E. Sadek Wahba Pacha,pasha,s.e.,C01283,l.a Beida DyPI'S. S.A,l.a Beida DyPI'S. S.A,vice_president,0,,,,13,104
1801,1942,P00792,Sadek Wahba,S.E. Sadek Wahba Pacha,pasha,s.e.,C01134,"The Egypli.an Copper Works, S.A.E","The Egypli.an Copper Works, S.A.E",director,0,,,,13,104
1802,1942,P00792,Sadek Wahba,S.E. Sadek Wahba Pacha,pasha,s.e.,C00280,"Alexandria Transport Co., S.A.E",Alexandria Transpor.t Co,director,0,,,,13,104
1803,1942,P00792,Sadek Wahba,S.E. Sadek Wahba Pacha,pasha,s.e.,C01284,l.a Sociébé 1,l.a Sociébé 1,director,0,,,,13,104
1804,1942,P00792,Sadek Wahba,S.E. Sadek Wahba Pacha,pasha,s.e.,C01031,Soci·été Egyptienne d'Entreprises et Constructions (S.E.D.E.C.),Soci·été Egyptienne d'Entreprises et Constructions (S.E.D.E.C.),director,0,,,,13,104
1805,1942,P00792,Sadek Wahba,S.E. Sadek Wahba Pacha,pasha,s.e.,C01020,So<cié1Jé Misr pour le Théâtre et le Cinéma,So<cié1Jé Misr pour le Théâtre et le Cinéma,director,0,,,,13,104
1806,1942,P00792,Sadek Wahba,S.E. Sadek Wahba Pacha,pasha,s.e.,C01084,Société Misr pour le Tissage ete la Soie,Société Misr pour le Tissage ete la Soie,director,0,,,,13,104
1807,1942,P00792,Sadek Wahba,S.E. Sadek Wahba Pacha,pasha,s.e.,C00178,Société Misr pour l'Exportation du Coton (ex-Lindemann),Société Misr pour l Exportation elu Coton (ex-Lindemann),director,0,,,,13,104
1808,1942,P00532,Sadik Henein,S.E. Sadik Henein Pacha,pasha,s.e.,C01093,Société des Cigarettes,Société des Cigarettes,president,0,,,,13,105
1809,1942,P00532,Sadik Henein,S.E. Sadik Henein Pacha,pasha,s.e.,C00456,S.A. Immobilière elu Domaine de Siouf,S.A. Immobilière du Domaine de·Siouf,president,0,,,,13,105
1810,1942,P00532,Sadik Henein,S.E. Sadik Henein Pacha,pasha,s.e.,C01037,"Sociélté Egyptienne pour l'Industrie et le Commerce des Cotonnades «La Co1onnière"", S.A.E","Sociélté Egyptienne pour l'Industrie et le Commerce des Cotonnades «La Co1onnière"", S.A.E",president,0,,,,13,105
1811,1942,P00793,Said Hassan,S.E. Said Hassan Pacha,pasha,s.e.,C00064,Crédit Agricole d'Egypte,Crédit Agri·cole d'Egypte,director,0,,,,13,105
1812,1942,P00793,Said Hassan,S.E. Said Hassan Pacha,pasha,s.e.,C00904,Banqm Hypothécaire Agricole cl'Egypte et clr~ la Société Royale cl' Agri•culture,Banqm Hypothécaire Agricole cl'Egypte et clr~ la Société Royale cl' Agri•culture,director,0,,,,13,105
1813,1942,P00537,Salama Salvatore,Salama Salvatore,,,C00997,"RosetLa & Alex.andria H.icl' ,\lills","RosetLa & Alex.andria H.icl' ,\lills",managing_director,0,,,,13,105
1814,1942,P00537,Salama Salvatore,Salama Salvatore,,,C01133,"The EgYplian \1olor Transport Co. alem, Ovadia, Adminisl.ralPlH-Diredeur dr· !.a Sociélté d'Avancesl","The EgYplian \1olor Transport Co. alem, Ovadia, Adminisl.ralPlH-Diredeur dr· !.a Sociélté d'Avancesl",managing_director,0,,,,13,105
1815,1942,P00537,Salama Salvatore,Salama Salvatore,,,C01298,llu Comill,llu Comill,delegate,0,,,,13,105
1816,1942,P00537,Salama Salvatore,Salama Salvatore,,,C01144,The National PcLrolt·um Co,The National PcLrolt·um Co,director,0,,,,13,105
1817,1942,P00537,Salama Salvatore,Salama Salvatore,,,C00969,Ja Garbieh Ginning(,Ja Garbieh Ginning(,director,0,,,,13,105
1818,1942,P00537,Salama Salvatore,Salama Salvatore,,,C00944,FilaLurr ~alionaiP cl'EgypLe,FilaLurr ~alionaiP cl'EgypLe,director,0,,,,13,105
1819,1942,P00537,Salama Salvatore,Salama Salvatore,,,C01009,S.A.E. Carl!a,S.A.E. CARlM,director,0,,,,13,105
1820,1942,P00540,Salvago Michel C,Salvago Michel C,,,C00923,Conlmuna'ttlé Hellèniqu~e d'Alerond·ril',Conlmuna'ttlé Hellèniqu~e d'Alerond·ril',president,0,,,,13,106
1821,1942,P00540,Salvago Michel C,Salvago Michel C,,,C00897,Alrxanclria & IlamlPll Railways Co. Ud,Alrxanclria & IlamlPll Railways Co. Ud,president,0,,,,13,106
1822,1942,P00540,Salvago Michel C,Salvago Michel C,,,C00889,Aiexandr.ia Walt\r' 1,Aiexandr.ia Walt\r' 1,president,0,,,,13,106
1823,1942,P00540,Salvago Michel C,Salvago Michel C,,,C01285,l<'iLaLurr Nationale d'Egypte,l<'iLaLurr Nationale d'Egypte,president,0,,,,13,106
1824,1942,P00540,Salvago Michel C,Salvago Michel C,,,C01286,la rSo.cié1<'· Eg·yplit,la rSo.cié1<'· Eg·yplit,president,0,,,,13,106
1825,1942,P00540,Salvago Michel C,Salvago Michel C,,,C01294,la·Soci(•L(· lnduslriP.llr de Bonnelerir,la·Soci(•L(· lnduslriP.llr de Bonnelerir,president,0,,,,13,106
1826,1942,P00540,Salvago Michel C,Salvago Michel C,,,C00962,J'Aiexandria Transport Co,J'Aiexandria Transport Co,president,0,,,,13,106
1827,1942,P00540,Salvago Michel C,Salvago Michel C,,,C00943,FP.déralion Egyptienne des Industries,FP.déralion Egyptienne des Industries,president,0,,,,13,106
1828,1942,P00540,Salvago Michel C,Salvago Michel C,,,C00216,Gabbari Land Co,Gabbari Land Co,president,0,,,,13,106
1829,1942,P00540,Salvago Michel C,Salvago Michel C,,,C00103,National Insurance Co,National Insurance Co,member,0,,,,13,106
1830,1942,P00794,Schmidheiny Max,Schmidheiny Max,,,C01248,"de. la \Société EgyptiennP dt"" Cinwnt PorUanci TouJ'ah, Lt' Cain","de. la \Société EgyptiennP dt"" Cinwnt PorUanci TouJ'ah, Lt' Cain",delegate,0,,,,13,106
1831,1942,P00795,Scott Frank Douglas,Scott Frank Douglas,,,C01095,Société pour la Fabrication etl'Exportation des Conserves,Société pour la Fabrication etl'Exportation des Conserves,director,0,,,,13,106
1832,1942,P00796,Seoud Aly·,Seoud Aly·,,,C01279,"ion de la Société Commerciale Bulgaro-Egyptienne, rS.A.E","ion de la Société Commerciale Bulgaro-Egyptienne, rS.A.E",member,0,,,,13,107
1833,1942,P00796,Seoud Aly·,Seoud Aly·,,,C01049,"Sociétré Egyptienne de Caoutchouc, S.A.E","Sociétré Egyptienne de Caoutchouc, S.A.E",member,0,,,,13,107
1834,1942,P00797,Serageldine Anis,Serageldine Anis,,,C01165,"Uenoral .SociAty for Banl<ing, Trading .& Land EnLerprises, S.A.E","Uenoral .SociAty for Banl<ing, Trading .& Land EnLerprises, S.A.E",member,0,,,,13,107
1835,1942,P00797,Serageldine Anis,Serageldine Anis,,,C01165,"Uenoral .SociAty for Banl<ing, Trading .& Land EnLerprises, S.A.E","Uenoral .SociAty for Banl<ing, Trading .& Land EnLerprises, S.A.E",director,0,,,,13,107
1836,1942,P00797,Serageldine Anis,Serageldine Anis,,,C00102,National Bank of Egypt,National Bank of Egypt,managing_director,0,,,,13,107
1837,1942,P00797,Serageldine Anis,Serageldine Anis,,,C00102,National Bank of Egypt,National Bank of Egypt,president,0,,,,13,107
1838,1942,P00797,Serageldine Anis,Serageldine Anis,,,C00468,S.A. des Eaux du Caire,S.A. des Eaux du Caire,managing_director,0,,,,13,107
1839,1942,P00797,Serageldine Anis,Serageldine Anis,,,C00468,S.A. des Eaux du Caire,S.A. des Eaux du Caire,president,0,,,,13,107
1840,1942,P00798,Sheridan J. P,Sheridan J. P,,,C00912,Carrier-Egypt,Carrier-Egypt,director,0,,,,13,108
1841,1942,P00799,Sheriff Robert,Sheriff Robert,,,C01154,The United Bus Co,The United Bus Co,director,0,,,,13,108
1842,1942,P00800,Simaika Wassef,S.E. Simaika Wassef Pacha,pasha,s.e.,C00854,'Administration de l'Alex.andria Navigation Co,'Administration de l'Alex.andria Navigation Co,council_member,0,,,,13,108
1843,1942,P00800,Simaika Wassef,S.E. Simaika Wassef Pacha,pasha,s.e.,C01004,S.A. des Ant,S.A. des Ant,council_member,0,,,,13,108
1844,1942,P00801,Sims Marshall George,Sims Marshall George,,,C00954,Helwan Portland Cement Co. (S.A.Iî.) et,Helwan Portland Cement Co. (S.A.Iî.) et,president,0,,,,13,108
1845,1942,P00801,Sims Marshall George,Sims Marshall George,,,C01027,"Socirétr' Carrier-Egypt, S.A.E","Socirétr' Carrier-Egypt, S.A.E",director,0,,,,13,108
1846,1942,P00802,Sinadino Aug,Sinadino Aug,,,C01291,la\1aison C,la\1aison C,president,0,,,,13,108
1847,1942,P00802,Sinadino Aug,Sinadino Aug,,,C01138,The Egyptian \llotor Transpoi'L Co,The Egyptian \llotor Transpoi'L Co,president,0,,,,13,108
1848,1942,P00802,Sinadino Aug,Sinadino Aug,,,C00946,Gabhari Land Co,Gabhari Land Co,president,0,,,,13,108
1849,1942,P00802,Sinadino Aug,Sinadino Aug,,,C00956,Honneur de l'Alexanclria Cotton Exporters Asso-eiation,Honneur de l'Alexanclria Cotton Exporters Asso-eiation,president,0,,,,13,108
1850,1942,P00803,Singleton Alex,Singleton Alex,,,C01205,"cl'Aclministration de la Soci•été Tex.as E.gyptiennl-' des Pétroles, S.A.E","cl'Aclministration de la Soci•été Tex.as E.gyptiennl-' des Pétroles, S.A.E",council_member,0,,,,13,108
1851,1942,P00804,Smyrniadis Polyvios,Smyrniadis Polyvios,,,C00893,Alexanclria Exchange Co,Alexanclria Exchange Co,member,0,,,,13,108
1852,1942,P00805,Sir C. W. Spinks,S.E. Sir C. W. Spinks Pacha,pasha,s.e.,C00358,"Egyptian \\'orks & Constructions Co., S.A.E",Egyptian Works & Constructions Co,president,0,,,,13,108
1853,1942,P00805,Sir C. W. Spinks,S.E. Sir C. W. Spinks Pacha,pasha,s.e.,C01136,The Egyptian Copper,The Egyptian Copper,director,0,,,,13,108
1854,1942,P00806,Stiassny Ewald,Stiassny Ewald,,,C00971,Ja S.A.~. «Chaussu1·es BaLan,Ja S.A.~. «Chaussu1·es BaLan,director,0,,,,13,109
1855,1942,P00807,Strange Abner Frank,Strange Abner Frank,,,C01192,cif• 18 Société California,cif• 18 Société California,member,0,,,,13,109
1856,1942,P00570,Suarès Léon,Suarès Léon,,,C00880,Aclminislr.aLion de laSo CÏ'été Foncière du Domaine cie Clwil\11 Fa dl ri cie la S.A. de Wadi Kom-Omb,Aclminislr.aLion de laSo CÏ'été Foncière du Domaine cie Clwil\11 Fa dl ri cie la S.A. de Wadi Kom-Omb,member,0,,,,13,109
1857,1942,P00146,Sultan Dr. Fouad,Sultan Dr. Fouad,,,C01063,"Société Egypliennr pour le Tannat!P rl l'Industrie du Cuir,, S.A.E","Société Egypliennr pour le Tannat!P rl l'Industrie du Cuir,, S.A.E",president,0,,,,13,109
1858,1942,P00146,Sultan Dr. Fouad,Sultan Dr. Fouad,,,C01324,tl11 Conseil d'Adrninislration de ln Banque du Crédit Agl'icolr cl'Egq1ll',tl11 Conseil d'Adrninislration de ln Banque du Crédit Agl'icolr cl'Egq1ll',member,0,,,,13,109
1859,1942,P00146,Sultan Dr. Fouad,Sultan Dr. Fouad,,,C01081,"Société Hongl'o-Eg~·piir,nnr' poul' lr CommercP, S.A","Société Hongl'o-Eg~·piir,nnr' poul' lr CommercP, S.A",member,0,,,,13,109
1860,1942,P00146,Sultan Dr. Fouad,Sultan Dr. Fouad,,,C01302,l•~lablissr·menls Industriel,l•~lablissr·menls Industriel,president,0,,,,13,109
1861,1942,P00146,Sultan Dr. Fouad,Sultan Dr. Fouad,,,C00871,1\alional lusurance Co,1\alional lusurance Co,director,0,,,,13,109
1862,1942,P00808,Ancien Ministre Ancien Sénateur,Sénateur,,,C01111,Sté Califoc- 11 ia Egyptienne des Pétroles,Sté Califoc- 11 ia Egyptienne des Pétroles,director,0,,,,13,109
1863,1942,P00808,Ancien Ministre Ancien Sénateur,Sénateur,,,C01059,Société California Texas,Société California Texas,director,0,,,,13,109
1864,1942,P00574,Taher Mohamed,S.E. Taher Mohamed Pacha,pasha,s.e.,C00917,Cnm.ilé National des Sporrts,Cnm.ilé National des Sporrts,president,0,,,,13,110
1865,1942,P00574,Taher Mohamed,S.E. Taher Mohamed Pacha,pasha,s.e.,C00914,Cercle Royal d'Escl'imc el autres cercles sportifs,Cercle Royal d'Escl'imc el autres cercles sportifs,president,0,,,,13,110
1866,1942,P00574,Taher Mohamed,S.E. Taher Mohamed Pacha,pasha,s.e.,C01289,la.\aLional Prt.l'o!eum Co,la.\aLional Prt.l'o!eum Co,president,0,,,,13,110
1867,1942,P00574,Taher Mohamed,S.E. Taher Mohamed Pacha,pasha,s.e.,C01171,Vlisr Airwork,Vlisr Airwork,vice_president,0,,,,13,110
1868,1942,P00574,Taher Mohamed,S.E. Taher Mohamed Pacha,pasha,s.e.,C01019,So-ci•été Egyptienne des PtMoles,So-ci•été Egyptienne des PtMoles,vice_president,0,,,,13,110
1869,1942,P00574,Taher Mohamed,S.E. Taher Mohamed Pacha,pasha,s.e.,C00848,"""Aclministralion dt• la Socirét-è Misr d'Assurances Génénl les","""Aclministralion dt• la Socirét-è Misr d'Assurances Génénl les",council_member,0,,,,13,110
1870,1942,P00574,Taher Mohamed,S.E. Taher Mohamed Pacha,pasha,s.e.,C01175,"\lisr ·Shipping el de la 1Sodété Hongro-Egyptienm pour le Commerce, S.A.'","\lisr ·Shipping el de la 1Sodété Hongro-Egyptienm pour le Commerce, S.A.'",council_member,0,,,,13,110
1871,1942,P00150,Takla G.,S.E. Takla G. Pacha,pasha,s.e.,C01114,Sté. Egyptienne cle Vlinoterie eLd e Silos,Sté. Egyptienne cle Vlinoterie eLd e Silos,president,0,,,,13,110
1872,1942,P00150,Takla G.,S.E. Takla G. Pacha,pasha,s.e.,C01301,lü Hecl.Sca \linins,lü Hecl.Sca \linins,president,0,,,,13,110
1873,1942,P00150,Takla G.,S.E. Takla G. Pacha,pasha,s.e.,C01120,T11c '\loclem Buildings,T11c '\loclem Buildings,president,0,,,,13,110
1874,1942,P00150,Takla G.,S.E. Takla G. Pacha,pasha,s.e.,C01094,Société du Crédit AlPxandrin,Société du Crédit AlPxandrin,president,0,,,,13,110
1875,1942,P00809,Tilche Joseph,Tilche Joseph,,,C01287,"la""Fluvialen, S.A.E","la""Fluvialen, S.A.E",director,0,,,,13,110
1876,1942,P00810,Toriel,Toriel,,,C00932,"Cuuseil ü""AdmiuislralioJl dt• The Union Cotton Company of Alexand'ria","Cuuseil ü""AdmiuislralioJl dt• The Union Cotton Company of Alexand'ria",member,0,,,,13,110
1877,1942,P00152,Toriel Raphael,Toriel Raphael,,,C00870,11Fluvialen,11Fluvialen,vice_president,0,,,,13,110
1878,1942,P00152,Toriel Raphael,Toriel Raphael,,,C01080,"Société Günt'·,·ale de Pressage","Société Günt'·,·ale de Pressage",director,0,,,,13,110
1879,1942,P00152,Toriel Raphael,Toriel Raphael,,,C00346,Dépôts,Dépôts,director,0,,,,13,110
1880,1942,P00152,Toriel Raphael,Toriel Raphael,,,C00081,Filature Nationale d'Egypte,!~ Filature Nationale d'Egyplt>,director,0,,,,13,110
1881,1942,P00152,Toriel Raphael,Toriel Raphael,,,C01061,Société Cotonnière M-aarad,Société Cotonnière M-aarad,director,0,,,,13,110
1882,1942,P00152,Toriel Raphael,Toriel Raphael,,,C00137,Société Anonyme Immobilière du Domaine de Siouf,Société Anonyme Immobilière du Domaine d·.~ Sîouf,director,0,,,,13,110
1883,1942,P00152,Toriel Raphael,Toriel Raphael,,,C00710,The Upper Bgypt Ginning Factory,The Upper Egypt Ginning Factory,director,0,,,,13,110
1884,1942,P00811,Toriel Victor,Toriel Victor,,,C01238,ctre l.a Sociét6 Franco-Egyptienne de Crédit,ctre l.a Sociét6 Franco-Egyptienne de Crédit,president,0,,,,13,111
1885,1942,P00811,Toriel Victor,Toriel Victor,,,C01238,ctre l.a Sociét6 Franco-Egyptienne de Crédit,ctre l.a Sociét6 Franco-Egyptienne de Crédit,delegate,0,,,,13,111
1886,1942,P00811,Toriel Victor,Toriel Victor,,,C01108,Soéi1ébé des Biens de H.apport d'_Egypte,Soéi1ébé des Biens de H.apport d'_Egypte,president,0,,,,13,111
1887,1942,P00811,Toriel Victor,Toriel Victor,,,C00933,Dakahlieh Lallfl r.o,Dakahlieh Lallfl r.o,delegate,0,,,,13,111
1888,1942,P00812,Toutounji,Toutounji,,,C01182,ci'Administralion de la S.A. des Drogueries d'Egypte,ci'Administralion de la S.A. des Drogueries d'Egypte,president,0,,,,13,111
1889,1942,P00812,Toutounji,Toutounji,,,C00995,Por~­ Sudan Forwarding Co. -Url,Por~­ Sudan Forwarding Co. -Url,president,0,,,,13,111
1890,1942,P00153,Trembley Ernest,Trembley Ernest,,,C01173,\ de la Soci{~té Egyptienne du Ciment PorLI.aml Tourah,\ de la Soci{~té Egyptienne du Ciment PorLI.aml Tourah,delegate,0,,,,13,111
1891,1942,P00153,Trembley Ernest,Trembley Ernest,,,C01268,"elu Cr,édil Immobilier Suissr.-Egyplien","elu Cr,édil Immobilier Suissr.-Egyplien",president,0,,,,13,111
1892,1942,P00813,Tsekis Charles,Tsekis Charles,,,C01041,Sociét(,Sociét,director,0,,,,13,111
1893,1942,P00814,Urban H,Urban H,,,C01185,cie The Egyptian General,cie The Egyptian General,director,0,,,,13,111
1894,1942,P00154,Vais Ezio,Vais Ezio,,,C01184,cie Ja l{oubbeh Garclens,cie Ja l{oubbeh Garclens,liquidator,0,,,,13,111
1895,1942,P00154,Vais Ezio,Vais Ezio,,,C01142,The Gharbieh Land Co. el cie The Egyplian Enterprise & Development Co,The Gharbieh Land Co. el cie The Egyplian Enterprise & Development Co,director,0,,,,13,111
1896,1942,P00815,Van Damme L,Van Damme L,,,C01270,ete la Banque Belge et Internationale en Egypte,ete la Banque Belge et Internationale en Egypte,managing_director,0,,,,13,112
1897,1942,P00815,Van Damme L,Van Damme L,,,C00065,Crédit Foncier Egyptien,Crédit Foncier Egyptien,director,0,,,,13,112
1898,1942,P00815,Van Damme L,Van Damme L,,,C00463,S.A. des Chemins de Fer de la Basse-Egypte,S.A. des Chemins de Fer de la Basse-Egypte,director,0,,,,13,112
1899,1942,P00815,Van Damme L,Van Damme L,,,C00993,Payoum Light. Railways Co,Payoum Light. Railways Co,director,0,,,,13,112
1900,1942,P00816,Van Den Bosch Paul,Van Den Bosch Paul,,,C00306,Caisse Hypothécaire d'Egypte,Caisse Hypothécaire d'Egypte,managing_director,0,,,,13,112
1901,1942,P00155,Vannucci Comm. Gr·isante,Vannucci Comtm. Grisante,,,C01334,·eil cl'dminislration de The Egypl.ian .Salt & Soda Co. Ltd,·eil cl'dminislration de The Egypl.ian .Salt & Soda Co. Ltd,council_member,0,,,,13,112
1902,1942,P00155,Vannucci Comm. Gr·isante,Vannucci Comtm. Grisante,,,C01145,The Palestine Hotels,The Palestine Hotels,council_member,0,,,,13,112
1903,1942,P00817,Varvarian Garabed,Varvarian Garabed,,,C01271,ete la S.A.E. Starr-Orient,ete la S.A.E. Starr-Orient,director,0,,,,13,112
1904,1942,P00818,Vincenot Marcel,Vincenot Marcel,,,C00926,Cons~il d'Administration du Crédit Foncier Egyptien,Cons~il d'Administration du Crédit Foncier Egyptien,president,0,,,,13,112
1905,1942,P00818,Vincenot Marcel,Vincenot Marcel,,,C00921,Compagnie d'Assurances uAl Chark»,Compagnie d'Assurances uAl Chark»,president,0,,,,13,112
1906,1942,P00819,Vivante Alfred,Vivante Alfred,,,C01008,S.A.E. de l'Industrie Fibres Textiles,S.A.E. lndust.rie Fibres Textiles,director,0,,,,13,112
1907,1942,P00820,Vivante Sabino Mtre,Vivante Sabino Mtre,,,C01250,del'Industrie Fiüres TeJXLiles,del'Industrie Fiüres TeJXLiles,member,0,,,,13,112
1908,1942,P00821,Vogt Stener H,Vogt Stener H,,,C01177,"a. L. de l'Imperial Chemical Industries (Egypt), S.A","a. L. de l'Imperial Chemical Industries (Egypt), S.A",vice_president,0,,,,13,112
1909,1942,P00821,Vogt Stener H,Vogt Stener H,,,C01177,"a. L. de l'Imperial Chemical Industries (Egypt), S.A","a. L. de l'Imperial Chemical Industries (Egypt), S.A",president,0,,,,13,112
1910,1942,P00821,Vogt Stener H,Vogt Stener H,,,C00940,"Egyptian Copp~r Wo-rks, S.A.E","Egyptian Copp~r Wo-rks, S.A.E",director,0,,,,13,112
1911,1942,P00822,Vogue Marquis de,Vogue Marquis de,,,C01335,·eil d'Aclminis~ration du Crédit Lyonnais,·eil d'Aclminis~ration du Crédit Lyonnais,member,0,,,,13,112
1912,1942,P00823,Vollgraff J. C,Vollgraff J. C,,,C00898,"Anglo Egyplian Mining, S.l\.E","Anglo Egyplian Mining, S.l\.E",delegate,0,,,,13,112
1913,1942,P00824,Wahba E. H,Wahba E. H,,,C00949,"General.\lolors 1\'ear East, S.A.E","General.\lolors 1\'ear East, S.A.E",director,0,,,,13,112
1914,1942,P00825,Walter Umberto,Walter Umberto,,,C00869,-ation de la T'einlureriP l~i'anco-Egyptienne. S.A.E,-ation de la T'einlureriP l~i'anco-Egyptienne. S.A.E,member,0,,,,13,113
1915,1942,P00826,Wedemeyer Ruppert Gôlding,Wedemeyer Ruppert Golding,,,C01058,Société California J'lexas des Pétroles et cle la SociéM C,Société California J'lexas des Pétroles et cle la SociéM C,member,0,,,,13,113
1916,1942,P00827,Weissenberg Harold,Weissenberg Harold,,,C01124,"The Amalgamated lee Factories & Col cl Stor0s. S.A. E., Ach11inistrateur de la S.A.E. «Carban","The Amalgamated lee Factories & Col cl Stor0s. S.A. E., Ach11inistrateur de la S.A.E. «Carban",president,0,,,,13,113
1917,1942,P00158,Wellhoff Salomon,Wellhoff Salomon,,,C00096,Land Bank of Egypt,Land Bank of Egypt,director,0,,,,13,113
1918,1942,P00158,Wellhoff Salomon,Wellhoff Salomon,,,C01303,rSoci·été Générale d'es Sucreries,rSoci·été Générale d'es Sucreries,director,0,,,,13,113
1919,1942,P00158,Wellhoff Salomon,Wellhoff Salomon,,,C00114,Raffinerie d'Egypte,Raffinerie d'Egypte,director,0,,,,13,113
1920,1942,P00158,Wellhoff Salomon,Wellhoff Salomon,,,C00192,The Alexandria Central Buildings,Alexandria Central Buildings Co,director,0,,,,13,113
1921,1942,P00158,Wellhoff Salomon,Wellhoff Salomon,,,C00920,Compagnie Générale de~ Sels,Compagnie Générale de~ Sels,director,0,,,,13,113
1922,1942,P00158,Wellhoff Salomon,Wellhoff Salomon,,,C00974,"L,evant Bond·ed Warebouses Co","L,evant Bond·ed Warebouses Co",director,0,,,,13,113
1923,1942,P00158,Wellhoff Salomon,Wellhoff Salomon,,,C00806,S.A. Pharos,S.A. PHAROS,director,0,,,,13,113
1924,1942,P00828,Werner W. H,Werner W. H,,,C01245,"dP la Sociétr'· des Autobus die Béhèra ri dr Gharhieh, S.A.E","dP la Sociétr'· des Autobus die Béhèra ri dr Gharhieh, S.A.E",member,0,,,,13,113
1925,1942,P00829,Wibaut P,Wibaut P,,,C01156,"The b~gypLian Grnrral Omnibus Co., S.A.E","The b~gypLian Grnrral Omnibus Co., S.A.E",director,0,,,,13,113
1926,1942,P00830,Wild E. K,Wild E. K,,,C00948,General Mot.ors Ne.ar,General Mot.ors Ne.ar,managing_director,0,,,,13,113
1927,1942,P00600,Williams R. E,Williams R. E,,,C01275,"il d'AdminisiraLio,n de l'Alexandria Commercial Co. S.A","il d'AdminisiraLio,n de l'Alexandria Commercial Co. S.A",council_member,0,,,,13,113
1928,1942,P00600,Williams R. E,Williams R. E,,,C01036,Sociélié Egyptienne d'Egren~··~ iet d'Entrepôts (S.A.),Sociélié Egyptienne d'Egren~··~ iet d'Entrepôts (S.A.),council_member,0,,,,13,113
1929,1942,P00600,Williams R. E,Williams R. E,,,C00453,S.A. Immobilière des Terrains Ghizeh et Rodah,S.A. Immobilière des Terrains Ghizeh et Rodah,council_member,0,,,,13,113
1930,1942,P00664,Choukri,Wissa Choukry G. Bey,bey,,C00891,Alep,Alep,director,0,,,,13,113
1931,1942,P00601,Wissa Fahmy Hanna,Wissa Fahmy Hanna Bey,bey,,C01331,"· du Conseil d'Administration de la Société Egyptienne pour l'Exploitation des Mines et Carrièr~s, S.A.E","· du Conseil d'Administration de la Société Egyptienne pour l'Exploitation des Mines et Carrièr~s, S.A.E",member,0,,,,13,113
1932,1942,P00601,Wissa Fahmy Hanna,Wissa Fahmy Hanna Bey,bey,,C00358,"Egyptian \\'orks & Constructions Co., S.A.E",The Egyptian Works & Constructions Co,member,0,,,,13,113
1933,1942,P00601,Wissa Fahmy Hanna,Wissa Fahmy Hanna Bey,bey,,C01147,"The Pl1araonic .\1ail Line, S.A.E","The Pl1araonic .\1ail Line, S.A.E",member,0,,,,13,113
1934,1942,P00831,Wissa Fahm1y /Wissa,Wissa,,,C01022,Soci'é~é \1isr d'Assurances Générales,Soci'é~é \1isr d'Assurances Générales,director,0,,,,13,113
1935,1942,P00832,Wistenetzki Oscar,Wistenetzki Oscar,,,C01122,"Th1e Nile Ginning Co., S.A.E","Th1e Nile Ginning Co., S.A.E",director,0,,,,13,113
1936,1942,P00833,Wyler E,Wyler E,,,C01315,"rlr la Sor,ir'•l·r lrnmohilièrr rl'!\lrxnndrie, S.A.F. y","rlr la Sor,ir'•l·r lrnmohilièrr rl'!\lrxnndrie, S.A.F. y",director,0,,,,13,114
1937,1942,P00834,E'conomique,E'conomique,,,C01264,"eL A dm inistTateur-Déléguù de Tl1e Alexandria Navigation Co., S.A.E","eL A dm inistTateur-Déléguù de Tl1e Alexandria Navigation Co., S.A.E",president,0,,,,13,114
1938,1942,P00834,E'conomique,E'conomique,,,C01321,thei Alexandria Navigaliotn Co. Lld. (London),thei Alexandria Navigaliotn Co. Lld. (London),president,0,,,,13,114
1939,1942,P00834,E'conomique,E'conomique,,,C00860,'ation de the Al~xandria Pressing Co. eL cle the Egyplian Trading Co. LLcl. (Liverpool),'ation de the Al~xandria Pressing Co. eL cle the Egyplian Trading Co. LLcl. (Liverpool),president,0,,,,13,114
1940,1942,P00834,E'conomique,E'conomique,,,C00924,"Conseil cl' Administration cle The Alexanclria Insurance Co., S.A.E","Conseil cl' Administration cle The Alexanclria Insurance Co., S.A.E",vice_president,0,,,,13,114
1941,1942,P00834,E'conomique,E'conomique,,,C01320,"the Egyptian Salt and •Socla Co. U.cl., de laSocié~é Financière eL IndustrieoJie d'Egypt.e eL de The National Contracting Co. of EgypL","the Egyptian Salt and •Socla Co. U.cl., de laSocié~é Financière eL IndustrieoJie d'Egypt.e eL de The National Contracting Co. of EgypL",vice_president,0,,,,13,114
1942,1942,P00834,E'conomique,E'conomique,,,C00907,Banque.\lisr,Banque.\lisr,director,0,,,,13,114
1943,1942,P00834,E'conomique,E'conomique,,,C01300,l~ilal.ure N,l~ilal.ure N,director,0,,,,13,114
1944,1942,P00834,E'conomique,E'conomique,,,C01113,Sté. E,Sté. E,director,0,,,,13,114
1945,1942,P00834,E'conomique,E'conomique,,,C01135,"The Egyptian Bonde-cl ,\Vareliouses Co","The Egyptian Bonde-cl ,\Vareliouses Co",director,0,,,,13,114
1946,1942,P00834,E'conomique,E'conomique,,,C01288,"la. Société de Transports, Exp~éctit.ions el Assurances «PHAROS»","la. Société de Transports, Exp~éctit.ions el Assurances «PHAROS»",director,0,,,,13,114
1947,1942,P00834,E'conomique,E'conomique,,,C01083,Société Induslrielle eL Commerciale d'Egyple (SICO),Société Induslrielle eL Commerciale d'Egyple (SICO),director,0,,,,13,114
1948,1942,P00834,E'conomique,E'conomique,,,C01052,Sociét·é Egyptienne cie la Bom sc Commerciale de V1in1eL el Bassal,Sociét·é Egyptienne cie la Bom sc Commerciale de V1in1eL el Bassal,director,0,,,,13,114
1949,1942,P00834,E'conomique,E'conomique,,,C00861,'rhe Egyptian Copper WOI'ks. S.A.E,'rhe Egyptian Copper WOI'ks. S.A.E,director,0,,,,13,114
1950,1942,P00834,E'conomique,E'conomique,,,C01150,The Tmctor & Engi-,The Tmctor & Engi-,director,0,,,,13,114
1951,1942,P00835,Znbal Wa!:iie,Znbal Wa!:iie,,,C00985,"Ma'llufacture .Egypüenne de Bonnet~rie et Tricotage «El-Niln, S.A.E","Ma'llufacture .Egypüenne de Bonnet~rie et Tricotage «El-Niln, S.A.E",director,0,,,,13,115
1952,1942,P00836,Znccar Joseph E,Znccar Joseph E,,,C01255,dt)s Usines Textiles ((Al-Kahir.an Alexandria Cotton Trading Co,dt)s Usines Textiles ((Al-Kahir.an Alexandria Cotton Trading Co,director,0,,,,13,115
1953,1942,P00836,Znccar Joseph E,Znccar Joseph E,,,C00979,Lion de la Société Misr pour l'Egr~nage du Coton,Lion de la Société Misr pour l'Egr~nage du Coton,director,0,,,,13,115
1954,1942,P00836,Znccar Joseph E,Znccar Joseph E,,,C01107,So~iéVé 1\1isr de Transport ·et de Navigatio·n,So~iéVé 1\1isr de Transport ·et de Navigatio·n,director,0,,,,13,115
1955,1942,P00836,Znccar Joseph E,Znccar Joseph E,,,C00942,"Etablissements Industriel-s pour la Soie et le Coton . . E. Zananiri, Georges (Pacha), Anci.e'n Sénateur","Etablissements Industriel-s pour la Soie et le Coton . . E. Zananiri, Georges (Pacha), Anci.e'n Sénateur",director,0,,,,13,115
1956,1942,P00836,Znccar Joseph E,Znccar Joseph E,,,C01329,~i 1 cl 'Administration elu Crédit Immobilier Suisse-Egyptien,~i 1 cl 'Administration elu Crédit Immobilier Suisse-Egyptien,council_member,0,,,,13,115
1957,1942,P00836,Znccar Joseph E,Znccar Joseph E,,,C01224,cle Surveillance cle la Société d'Assuranœ sur la vie «La Genevoise1n,cle Surveillance cle la Société d'Assuranœ sur la vie «La Genevoise1n,committee_member,0,,,,13,115
1958,1942,P00836,Znccar Joseph E,Znccar Joseph E,,,C01212,cl'Arlrninistration de The Land Baml<,cl'Arlrninistration de The Land Baml<,member,0,,,,13,115
1959,1942,P00837,Zayed,Zayed,,,C01290,laSot,laSot,president,0,,,,13,115
1960,1942,P00837,Zayed,Zayed,,,C01143,The Kafr El Zayat Cotton Co,The Kafr El Zayat Cotton Co,member,0,,,,13,115
1961,1942,P00837,Zayed,Zayed,,,C00968,"J\afr El Zayat Land Co. lilkha, K. A., Financie1·, ayant d-es Etablissemernts Bancaires enligypte (Alexandrie, [,e Caire)","J\afr El Zayat Land Co. lilkha, K. A., Financie1·, ayant d-es Etablissemernts Bancaires enligypte (Alexandrie, [,e Caire)",member,0,,,,13,115
1962,1942,P00837,Zayed,Zayed,,,C01242,"dE) la Tracte & Financinl Co., S.A.E","dE) la Tracte & Financinl Co., S.A.E",president,0,,,,13,115
1963,1942,P00837,Zayed,Zayed,,,C00990,"Nile'J'()xtile Co., ·S.A.E","Nile'J'()xtile Co., ·S.A.E",president,0,,,,13,115
1964,1942,P00838,Franco-Egyptienne,Franco-Egyptienne,,,C01178,atiom de The National Bank of Egypt,atiom de The National Bank of Egypt,director,0,,,,13,116
1965,1942,P00838,Franco-Egyptienne,Franco-Egyptienne,,,C00947,Gener.aloMotors Co,Gener.aloMotors Co,director,0,,,,13,116
1966,1942,P00839,Zude Emmanuel,Zude Emmanuel,,,C01003,S.A. de Ciment Porlilancl Tourah,S.A. de Ciment Porlilancl Tourah,director,0,,,,13,116
1967,1942,P00840,Zulfikar Ahmed,S.E. Zulfikar Ahmed Pacha,pasha,s.e.,C01190,"cie la Société Nationale du Pa.pi1er, S.A.E","cie la Société Nationale du Pa.pi1er, S.A.E",vice_president,0,,,,13,116
1968,1942,P00841,Zulfikar,S.E. Zulfikar,,s.e.,C01337,"·~il d'Administration de laSo.ci•été Egyptienn~ pour l'Industrie et le Commerc1e des Cotonnades 1<l..,a Cotonnière>>. LE CAIRE SEMlRAMJS HOTEL au bord du Nil SHEPHEARD'S HOTEL 1 Renommée mondiale CONTINENT AL SA VOY Près de l'Opéra Royal MENA HOUSE HOTEL Au pied de la Grande Pyramide de Giza","·~il d'Administration de laSo.ci•été Egyptienn~ pour l'Industrie et le Commerc1e des Cotonnades 1<l..,a Cotonnière>>. LE CAIRE SEMlRAMJS HOTEL au bord du Nil SHEPHEARD'S HOTEL 1 Renommée mondiale CONTINENT AL SA VOY Près de l'Opéra Royal MENA HOUSE HOTEL Au pied de la Grande Pyramide de Giza",council_member,0,,,,13,116
1969,1947,P00842,Abaza Abdallah Fikrï,Abaza Abdallah Fikrï Bey,bey,,C01096,"Société pour la Vente des Produits Egyptiens, S.A.E","Société pour la Vente des Produits Egyptiens, S.A.E",director,0,,,,18,57
1970,1947,P00003,Abaza,S.E. Abaza,,s.e.,C01921,Sté. Royale d'Agriculture,Sté. Royale d'Agriculture,general_manager,0,,,,18,57
1971,1947,P00003,Abaza,S.E. Abaza,,s.e.,C01921,Sté. Royale d'Agriculture,Sté. Royale d'Agriculture,managing_director,0,,,,18,57
1972,1947,P00003,Abaza,S.E. Abaza,,s.e.,C00739,Union des Agriculteurs d'Egypte,Union des Agriculteursd'Egypte,president,0,,,,18,57
1973,1947,P00003,Abaza,S.E. Abaza,,s.e.,C02084,honneur de l'Union Arabe du Caire,honneur de l'Union Arabe du Caire,president,0,,,,18,57
1974,1947,P00003,Abaza,S.E. Abaza,,s.e.,C01177,"a. L. de l'Imperial Chemical Industries (Egypt), S.A",The Imperial Chemical Industries ( Egypt) Ltd,director,0,,,,18,57
1975,1947,P00003,Abaza,S.E. Abaza,,s.e.,C01849,Société d'Exploitations Agricoles,Société d'Exploitations Agricoles,director,0,,,,18,57
1976,1947,P00003,Abaza,S.E. Abaza,,s.e.,C01754,"Sidi Salem Co. of Egypt, S.A.E","Sidi Salem Co. of Egypt, S.A.E",director,0,,,,18,57
1977,1947,P00003,Abaza,S.E. Abaza,,s.e.,C01784,Société Egyptienne d'Engrais '& d'Industries Chimiques,Société Egyptienne d'Engrais '& d'Industries Chimiques,director,0,,,,18,57
1978,1947,P00003,Abaza,S.E. Abaza,,s.e.,C01386,Egyptian Company for- International Tracte«ECIT»,Egyptian Company for- International Tracte«ECIT»,director,0,,,,18,57
1979,1947,P00843,Abbas Sid Ahmed,S.E. Abbas Sid Ahmed Pacha,pasha,s.e.,C01433,Auberges d'Egypte et Egyptian Co. for International Tracte «ECIT»,Auberges d'Egypte et Egyptian Co. for International Tracte «ECIT»,director,0,,,,18,57
1980,1947,P00844,Abbas el Ghafei,Abbas el Ghafei,,,C01537,Egyptian Domestic & Foreign Trade Cy,Egyptian Domestic & Foreign .Tracte Cy,director,0,,,,18,57
1981,1947,P00166,Abboud Ahmed,S.E. Abboud Mohamed Ahmed Pacha,pasha,s.e.,C01361,'Administration de The Egyptian General Omnibus Co,'Administration de The Egyptian General Omnibus Co,president,0,,,,18,57
1982,1947,P00166,Abboud Ahmed,S.E. Abboud Mohamed Ahmed Pacha,pasha,s.e.,C01077,Société Générale des Sucreries et Raffinerie d'Egypte,Société Générale des Sucreries et Raffinerie d'Egypte,managing_director,0,,,,18,57
1983,1947,P00166,Abboud Ahmed,S.E. Abboud Mohamed Ahmed Pacha,pasha,s.e.,C01638,"The Khedivial Mail Line, S.A.E","The Khedivial Mail Line, S.A.E",managing_director,0,,,,18,57
1984,1947,P00166,Abboud Ahmed,S.E. Abboud Mohamed Ahmed Pacha,pasha,s.e.,C00719,Tilbury Contracting & Dredging Co. (Foreign) Ltd,Tilbury Contracting & Dredging Co. (Foreign) Ltd,managing_director,0,,,,18,57
1985,1947,P00166,Abboud Ahmed,S.E. Abboud Mohamed Ahmed Pacha,pasha,s.e.,C01319,Alexandria Racing,The Alexandria Racing,managing_director,0,,,,18,57
1986,1947,P00845,Abdallah Kabbani,Abdallah Kabbani,,,C01874,Sté,Sté,vice_president,0,,,,18,57
1987,1947,P00845,Abdallah Kabbani,Abdallah Kabbani,,,C01874,Sté,Sté,delegate,0,,,,18,57
1988,1947,P00846,Abdel Aziz Radwan,S.E. Abdel Aziz Radwan Pacha,pasha,s.e.,C02107,~agazig Cotton& Oil Cy,~agazig Cotton& Oil Cy,president,0,,,,18,57
1989,1947,P00846,Abdel Aziz Radwan,S.E. Abdel Aziz Radwan Pacha,pasha,s.e.,C00153,Société Cotonnière Maarad,"Société Cotonnière «Maarad""",director,0,,,,18,57
1990,1947,P00615,Abdel Fattah El Lozi,Abdel Fattah El Lozi Bey,bey,,C01409,"Ad· ministration de la Banque Misr, S.A.E","Ad· ministration de la Banque Misr, S.A.E",council_member,0,,,,18,58
1991,1947,P00615,Abdel Fattah El Lozi,Abdel Fattah El Lozi Bey,bey,,C01913,Sté. Misr de Filature,Sté. Misr de Filature,council_member,0,,,,18,58
1992,1947,P00615,Abdel Fattah El Lozi,Abdel Fattah El Lozi Bey,bey,,C02038,"Tissage, S.A.E","Tissage, S.A.E",council_member,0,,,,18,58
1993,1947,P00615,Abdel Fattah El Lozi,Abdel Fattah El Lozi Bey,bey,,C01761,Société Misr pour le Tissage de la Soie,Société Misr pour le Tissage de la Soie,managing_director,0,,,,18,58
1994,1947,P00847,Abdel Fattah Ragab,Abdel Fattah Ragab,,,C01927,Sté. des Autobus Charkieh et Dakahlieh,Sté. des Autobus Charkieh et Dakahlieh,director,0,,,,18,58
1995,1947,P00848,Abdel Galil Abdel Dayem,Abdel Galil Abdel Dayem,,,C01883,Sté. Al Chark pour la Filature et le Tissage,Sté. Al Chark pour la Filature et le Tissage,director,0,,,,18,58
1996,1947,P00849,Abdel Haï 1Khalil Bey Député,Abdel Haï 1Khalil Bey Député,,,C01818,Société Misr de Filature,Société Misr de Filature,director,0,,,,18,58
1997,1947,P00849,Abdel Haï 1Khalil Bey Député,Abdel Haï 1Khalil Bey Député,,,C02037,Tissage Fin encoton égyptien (usines Kafr El Dawar),Tissage Fin encoton égyptien (usines Kafr El Dawar),director,0,,,,18,58
1998,1947,P00849,Abdel Haï 1Khalil Bey Député,Abdel Haï 1Khalil Bey Député,,,C01440,"Banque Misr, de la Société Misr de Filature","Banque Misr, de la Société Misr de Filature",director,0,,,,18,58
1999,1947,P00849,Abdel Haï 1Khalil Bey Député,Abdel Haï 1Khalil Bey Député,,,C01374,"'Tissage, S.A.E. (Méhallael Kobra)","'Tissage, S.A.E. (Méhallael Kobra)",director,0,,,,18,58
2000,1947,P00850,Abdel Hamid Bey Abdel Hakk Ancien Ministre,Abdel Hamid Bey Abdel Hakk Ancien Ministre,,,C01915,Sté. Misr pour les Fourrages,Sté. Misr pour les Fourrages,president,0,,,,18,58
2001,1947,P00851,Abdel Hamid El Bannan,Abdel Hamid El Bannan Bey,bey,,C00362,"Fiat Oriente, S.A.E","Fiat Oriente, S.A.E",director,0,,,,18,58
2002,1947,P00851,Abdel Hamid El Bannan,Abdel Hamid El Bannan Bey,bey,,C01096,"Société pour la Vente des Produits Egyptiens, S.A.E","Société pour la Vente des Produits Egyptiens, S.A.E",director,0,,,,18,58
2003,1947,P00851,Abdel Hamid El Bannan,Abdel Hamid El Bannan Bey,bey,,C01821,Société Misr de Tabacs et Cigarettes,Société Misr des Tabacs et Cigarettes,director,0,,,,18,58
2004,1947,P00851,Abdel Hamid El Bannan,Abdel Hamid El Bannan Bey,bey,,C01802,Société Egyptienne pour le Tannage,Société Egyptienne pour le tannage,director,0,,,,18,58
2005,1947,P00851,Abdel Hamid El Bannan,Abdel Hamid El Bannan Bey,bey,,C01627,"Industrie du Cuir, S.A.E","Industrie du Cuir, S.A.E",director,0,,,,18,58
2006,1947,P00851,Abdel Hamid El Bannan,Abdel Hamid El Bannan Bey,bey,,C01981,"The Cherif Cotton ,& Trading Co., S.A.E. (Négociants et Exportateurs de Coton et Graines de CotG.m, Importations","The Cherif Cotton ,& Trading Co., S.A.E. (Négociants et Exportateurs de Coton et Graines de CotG.m, Importations",manager,0,,,,18,58
2007,1947,P00851,Abdel Hamid El Bannan,Abdel Hamid El Bannan Bey,bey,,C01981,"The Cherif Cotton ,& Trading Co., S.A.E. (Négociants et Exportateurs de Coton et Graines de CotG.m, Importations","The Cherif Cotton ,& Trading Co., S.A.E. (Négociants et Exportateurs de Coton et Graines de CotG.m, Importations",managing_director,0,,,,18,58
2008,1947,P00852,Exportations Représentations,Exportations Représentations,,,C01538,"Egyptian Domestic& Foreign Tracte Co., S.A.E","Egyptian Domestic& Foreign Tracte Co., S.A.E",president,0,,,,18,58
2009,1947,P00853,Egyptienne S.A,Egyptienne S.A,,,C01899,Sté. Eg. pour la déshydratation deslégume's,Sté. Eg. pour la déshydratation deslégume's,director,0,,,,18,58
2010,1947,P00854,Abdel Hamid Hamdi,Abdel Hamid Hamdi Bey,bey,,C01694,The North East Africa Trading Cy,North East Africa Trading Cy,director,0,,,,18,58
2011,1947,P00854,Abdel Hamid Hamdi,Abdel Hamid Hamdi Bey,bey,,C01693,Nile Textile Cy,Nile Textile Cy,director,0,,,,18,58
2012,1947,P00855,Abdel Kerim Raout,Abdel Kerim Raout Bey,bey,,C02005,The Man ure Co. of Egypt (S.A.),The Man ure Co. of Egypt (S.A.),president,0,,,,18,58
2013,1947,P00856,Abdel Latif Moussa,Abdel Latif Moussa,,,C01960,The Albert Moussa,The Albert Moussa,managing_director,0,,,,18,58
2014,1947,P00857,Abdel Maksoud Ahmed,Abdel Maksoud Ahmed Bey,bey,,C00032,Banque Misr,Banque Misr,vice_president,0,,,,18,59
2015,1947,P00857,Abdel Maksoud Ahmed,Abdel Maksoud Ahmed Bey,bey,,C00032,Banque Misr,Banque Misr,managing_director,0,,,,18,59
2016,1947,P00857,Abdel Maksoud Ahmed,Abdel Maksoud Ahmed Bey,bey,,C01866,Sociétésformant le groupe Misr,Sociétésformant le groupe Misr,director,0,,,,18,59
2017,1947,P00857,Abdel Maksoud Ahmed,Abdel Maksoud Ahmed Bey,bey,,C01929,Sté. des Autobus du Caire,Sté. des Autobus du Caire,director,0,,,,18,59
2018,1947,P00857,Abdel Maksoud Ahmed,Abdel Maksoud Ahmed Bey,bey,,C01450,"Beida Dyers, S.A.E","Beida Dyers, S.A.K",director,0,,,,18,59
2019,1947,P00857,Abdel Maksoud Ahmed,Abdel Maksoud Ahmed Bey,bey,,C01689,"Nil Paris, S.A.E","Nil Paris, S.A.E",director,0,,,,18,59
2020,1947,P00858,Abdel Malek Hamza Bey G.C. Roumanie,Abdel Malek Hamza Bey G.C. Roumanie,,,C02112,"«Al Chark""","«Al Chark""",manager,0,,,,18,59
2021,1947,P00858,Abdel Malek Hamza Bey G.C. Roumanie,Abdel Malek Hamza Bey G.C. Roumanie,,,C01604,Gouvernement aux Sucreries,Gouvernement aux Sucreries,auditor,0,,,,18,59
2022,1947,P00858,Abdel Malek Hamza Bey G.C. Roumanie,Abdel Malek Hamza Bey G.C. Roumanie,,,C00711,The Upper Egypt Ginning Co,Upper Egypt Mining Cy,president,0,,,,18,59
2023,1947,P00858,Abdel Malek Hamza Bey G.C. Roumanie,Abdel Malek Hamza Bey G.C. Roumanie,,,C00711,The Upper Egypt Ginning Co,Upper Egypt Mining Cy,director,0,,,,18,59
2024,1947,P00858,Abdel Malek Hamza Bey G.C. Roumanie,Abdel Malek Hamza Bey G.C. Roumanie,,,C02061,ccAlminan,ccAlminan,president,0,,,,18,59
2025,1947,P00858,Abdel Malek Hamza Bey G.C. Roumanie,Abdel Malek Hamza Bey G.C. Roumanie,,,C02061,ccAlminan,ccAlminan,director,0,,,,18,59
2026,1947,P00858,Abdel Malek Hamza Bey G.C. Roumanie,Abdel Malek Hamza Bey G.C. Roumanie,,,C02059,Zagazig Cotton & Oil Cy,Zagazig Cotton & Oil Cy,director,0,,,,18,59
2027,1947,P00859,Abdel Meguid Magued,Abdel Meguid Magued Bey,bey,,C01382,- tration de Salvage & Marine Cy,- tration de Salvage & Marine Cy,director,0,,,,18,59
2028,1947,P00859,Abdel Meguid Magued,Abdel Meguid Magued Bey,bey,,C01382,- tration de Salvage & Marine Cy,- tration de Salvage & Marine Cy,president,0,,,,18,59
2029,1947,P00859,Abdel Meguid Magued,Abdel Meguid Magued Bey,bey,,C01425,Anglo-Egyptian Soap .& Edible Products,Anglo Egyptian Soap & Edible Products,director,0,,,,18,59
2030,1947,P00860,Abdel Meguid Radouan,Abdel Meguid Radouan Bey,bey,,C01801,Société Egyptienne pour le Développement et h~,Société Egyptienne pour le Développement et h~,director,0,,,,18,59
2031,1947,P00530,Sabry Hussein,Abdel Moneim Abou Hussein,,,C01537,Egyptian Domestic & Foreign Trade Cy,Egyptian Domestic & Foreiga Trade Cy,director,0,,,,18,59
2032,1947,P00861,Abdel Moneim Mohamed Achour Dr,Abdel Moneim Mohamed Achour Dr,,,C01916,Sté. Misr pour lf.s Fourrages,Sté. Misr pour lf.s Fourrages,director,0,,,,18,59
2033,1947,P00862,Abdel Rahman Aly,Abdel Rahman Aly Bey,bey,,C00064,Crédit Agricole d'Egypte,Crédit Agricoled'Egypte,director,0,,,,18,59
2034,1947,P00863,Abdel Rahman el Bialy,Abdel Rahman el Bialy Bey,bey,,C01633,Jardins,Jardins,president,0,,,,18,59
2035,1947,P00863,Abdel Rahman el Bialy,Abdel Rahman el Bialy Bey,bey,,C01633,Jardins,Jardins,director,0,,,,18,59
2036,1947,P00168,Abdel Rahman Fayed,Abdel Rahman Fayed,,,C02093,lacclZoldairn Refrigeration .& Ail· Conditioning Co. of Egypt,lacclZoldairn Refrigeration .& Ail· Conditioning Co. of Egypt,director,0,,,,18,59
2037,1947,P00169,Abdel Rahman Hamada,S.E. Abdel Rahman Hamada Bey,bey,s.e.,C01875,Sté .. Misr pour la Filature et le Tissage (Mehalla-Kobra),Sté .. Misr pour la Filature et le Tissage (Mehalla-Kobra),managing_director,0,,,,18,59
2038,1947,P00169,Abdel Rahman Hamada,S.E. Abdel Rahman Hamada Bey,bey,s.e.,C01396,9e la Trading Corporation of Egypt,9e la Trading Corporation of Egypt,president,0,,,,18,59
2039,1947,P00169,Abdel Rahman Hamada,S.E. Abdel Rahman Hamada Bey,bey,s.e.,C01660,Misr Engineering v,Misr Engineering v,vice_president,0,,,,18,59
2040,1947,P00169,Abdel Rahman Hamada,S.E. Abdel Rahman Hamada Bey,bey,s.e.,C01825,Société Misr pom la Filature et le Tissage fin en Coton Egyptien (Kafr El Dawar),Société Misr pom la Filature et le Tissage fin en Coton Egyptien (Kafr El Dawar),director,0,,,,18,59
2041,1947,P00169,Abdel Rahman Hamada,S.E. Abdel Rahman Hamada Bey,bey,s.e.,C01449,Beida Dyers Co,Beida Dyers Co,director,0,,,,18,59
2042,1947,P00169,Abdel Rahman Hamada,S.E. Abdel Rahman Hamada Bey,bey,s.e.,C02090,laSociété Misr pour la Rayonne,laSociété Misr pour la Rayonne,director,0,,,,18,59
2043,1947,P00169,Abdel Rahman Hamada,S.E. Abdel Rahman Hamada Bey,bey,s.e.,C01657,Misr Con crete Development Co,Misr Con crete Development Co,director,0,,,,18,59
2044,1947,P00169,Abdel Rahman Hamada,S.E. Abdel Rahman Hamada Bey,bey,s.e.,C01832,Société Misr pour le Lin,Société Misr pour le Lin,director,0,,,,18,59
2045,1947,P00169,Abdel Rahman Hamada,S.E. Abdel Rahman Hamada Bey,bey,s.e.,C01797,Société Egyptienne pom le Tannage,Société Egyptienne pom le Tannage,director,0,,,,18,59
2046,1947,P00169,Abdel Rahman Hamada,S.E. Abdel Rahman Hamada Bey,bey,s.e.,C01627,"Industrie du Cuir, S.A.E",Industrie du Cuir,director,0,,,,18,59
2047,1947,P00169,Abdel Rahman Hamada,S.E. Abdel Rahman Hamada Bey,bey,s.e.,C01589,Gene1·al \Varehouses,Gene1·al \Varehouses,director,0,,,,18,59
2048,1947,P00169,Abdel Rahman Hamada,S.E. Abdel Rahman Hamada Bey,bey,s.e.,C01414,The Alexandria & Khartoum Trading Corp,Alexandria 1& Khartoum Trading Corp,director,0,,,,18,59
2049,1947,P00864,Abdel Razzak Aly Hamed,Abdel Razzak Aly Hamed,,,C01883,Sté. Al Chark pour la Filature et le Tissage,Sté. Al Chark pour la Filatme et Tissage,director,0,,,,18,60
2050,1947,P00865,Abdel Rehim Helmi,Abdel Rehim Helmi,,,C01712,Rizerie Egyptienne Moderne,Rizerie Egyptienne Moderne,director,0,,,,18,60
2051,1947,P00300,Le Caire,Caire,,,C01487,Commercial Insurance Gy,Commercial Insurance Gy,president,0,,,,18,60
2052,1947,P00300,Le Caire,Caire,,,C00399,"Josy Film, S.A.E","Josy Film, S.A.E",director,0,,,,18,60
2053,1947,P00300,Le Caire,Caire,,,C01683,Near East Pharmaceutical et Commercial Cy S.A.E,Near East Pharmaceutical & Commercial Gy,director,0,,,,18,60
2054,1947,P00300,Le Caire,Caire,,,C01670,The National Cotton Cy,National Cotton Gy,director,0,,,,18,60
2055,1947,P00866,Abdel Wahab Abd Rabbo,Abdel Wahab Abd Rabbo,,,C01883,Sté. Al Chark pour la Filature et le Tissage,Sté. Al Chark Filature Tissage,director,0,,,,18,60
2056,1947,P00867,Abdel Wahab Talaat,S.E. Abdel Wahab Talaat Pacha,pasha,s.e.,C01908,"Sté. Générale de Placement Financie,l' et Industriel","Sté. Générale de Placement Financie,l' et Industriel",president,0,,,,18,60
2057,1947,P00867,Abdel Wahab Talaat,S.E. Abdel Wahab Talaat Pacha,pasha,s.e.,C01670,The National Cotton Cy,The National Cotton Gy,vice_president,0,,,,18,60
2058,1947,P00868,About Ela Hanafi Dr,About Ela Hanafi Dr,,,C02125,«Nemco»,«Nemco''·,director,0,,,,18,60
2059,1947,P00869,Aboul Ela Aly Mohayessin El Hag,Aboul Ela Aly Mohayessin El Hag,,,C00606,Société des Omnibus de Fayoum,Société des Omnibus de Fayoum,director,0,,,,18,60
2060,1947,P00869,Aboul Ela Aly Mohayessin El Hag,Aboul Ela Aly Mohayessin El Hag,,,C01855,Société des Autobus de,Société des Autobus de,director,0,,,,18,60
2061,1947,P00171,Aboul Ela Mahmoud,About Ela Mahmoud,,,C01802,Société Egyptienne pour le Tannage,Société Egyptienne pour le Tannage,director,0,,,,18,60
2062,1947,P00171,Aboul Ela Mahmoud,About Ela Mahmoud,,,C01627,"Industrie du Cuir, S.A.E","Industrie du Cuir, s",director,0,,,,18,60
2063,1947,P00870,About Fath Mahmoud,About Fath Mahmoud,,,C02113,«Al Charkn Sté. d'Entreprises üénérales,«Al Charkn Sté. d'Entreprises üénérales,president,0,,,,18,60
2064,1947,P00870,About Fath Mahmoud,About Fath Mahmoud,,,C00051,Commercial Bank of Egypt,Commercial-Bank of Egypt,director,0,,,,18,60
2065,1947,P00870,About Fath Mahmoud,About Fath Mahmoud,,,C01911,Sté. Industrielle du Moyen Orient,Sté. Industrielle au Moyen-Orient,director,0,,,,18,60
2066,1947,P00870,About Fath Mahmoud,About Fath Mahmoud,,,C01592,General Chemical Industries Gy «CICn,General Chemical Industries Gy «CICn,director,0,,,,18,60
2067,1947,P00530,Sabry Hussein,Aboul Fath Hussein,,,C01582,Frosted Food .& Cold Storage Gy,Frosted Food .& Cold Storage Gy,director,0,,,,18,60
2068,1947,P00871,About 1Wafa Dunkol El Hag,About 1Wafa Dunkol El Hag,,,C02030,The Upper Egypt,The Upper Egypt,director,0,,,,18,60
2069,1947,P00872,Abram Joseph,Abram Joseph,,,C02128,«Siburll,«Siburll,director,0,,,,18,60
2070,1947,P00873,Achour Ahmed Ahmed Dr,Achour Ahmed Ahmed Dr,,,C01663,Mist' Engineering Works .& Transport Co,Mist' Engineering Works .& Transport Co,delegate,0,,,,18,60
2071,1947,P00874,Acland Rt. Hon. Sir Francis Dyke,Acland Rt. Hon. Sir Francis Dyke,,,C01421,Ang'lo-Egyptian Oilfields,Ang'lo-Egyptian Oilfields,director,0,,,,18,61
2072,1947,P00620,Adda Achille,Adda Achille,,,C00128,S.A. du Béhéra,S.A. du Béhéra,director,0,,,,18,61
2073,1947,P00875,The Egyptian Neon Lights Co,The Egyptian Neon Lights Co,,,C01431,Astra et Halles Centrales d'Egypte,Astra et Halles Centrales d'Egypte,director,0,,,,18,61
2074,1947,P00007,Adda Fernand C.A,Adda Fernand C.A,,,C01385,-D~légué de l'Eastern Export Co,-D~légué de l'Eastern Export Co,director,0,,,,18,61
2075,1947,P00008,Adda Joseph A,Adda Joseph A,,,C01977,The Building Lands of Egypt,The Building Lands of Egypt,liquidator,0,,,,18,61
2076,1947,P00008,Adda Joseph A,Adda Joseph A,,,C02088,la(1harbieh Land Co,la(1harbieh Land Co,managing_director,0,,,,18,61
2077,1947,P00008,Adda Joseph A,Adda Joseph A,,,C02088,la(1harbieh Land Co,la(1harbieh Land Co,director,0,,,,18,61
2078,1947,P00008,Adda Joseph A,Adda Joseph A,,,C00212,The Egyptian Enterprise & Development Co,Egyptian Enterprise & Development Co,managing_director,0,,,,18,61
2079,1947,P00008,Adda Joseph A,Adda Joseph A,,,C00212,The Egyptian Enterprise & Development Co,Egyptian Enterprise & Development Co,director,0,,,,18,61
2080,1947,P00008,Adda Joseph A,Adda Joseph A,,,C00481,S.A.E. Carba,S.A.E. Carba,managing_director,0,,,,18,61
2081,1947,P00008,Adda Joseph A,Adda Joseph A,,,C00481,S.A.E. Carba,S.A.E. Carba,director,0,,,,18,61
2082,1947,P00876,Adda Victor A,Adda Victor A,,,C01463,Ccmseil d'Administration dé la Ea',Ccmseil d'Administration dé la Ea',president,0,,,,18,61
2083,1947,P00876,Adda Victor A,Adda Victor A,,,C01554,Egyptian Works R<,Egyptian Works R<,director,0,,,,18,61
2084,1947,P00876,Adda Victor A,Adda Victor A,,,C01904,Sté. Egyptienne pour la Fabrication,Sté. Egyptienne pour la Fabrication,managing_director,0,,,,18,61
2085,1947,P00876,Adda Victor A,Adda Victor A,,,C01567,Exportation des Conserves,Exportation des Conserves,managing_director,0,,,,18,61
2086,1947,P00877,A.dès Clément N,Adès Clément N,,,C01793,"Société Egyptienne de Tissage et Tricotage, S.A.E","Société Egyptienne de Tissage et Tricotage, S.A.E",director,0,,,,18,61
2087,1947,P00621,Adès Emile N,Adès Emile N,,,C00742,Usines Textiles Al-Kahira,"Usines Textiles «Al Kahiran, S.A.E",vice_president,0,,,,18,61
2088,1947,P00621,Adès Emile N,Adès Emile N,,,C00231,Union Foncière d'Egypte,Union Foncière d'Egypte,director,0,,,,18,61
2089,1947,P00621,Adès Emile N,Adès Emile N,,,C00030,Banque Belge et Internationale en Egypte,"la. Banque Belge et Internationale en Egypte, S.A.E",director,0,,,,18,61
2090,1947,P00621,Adès Emile N,Adès Emile N,,,C00895,"The Alexandria Racing Club, S.A.E","Alexandria -Racing Club, S.A.E",director,0,,,,18,61
2091,1947,P00179,Adès Gaston N,Adès Gaston N,,,C02089,"la. Société Egyptienne de Tissage et Trico~a.ge, S.A.E","la. Société Egyptienne de Tissage et Trico~a.ge, S.A.E",director,0,,,,18,61
2092,1947,P00878,Adèe Raphael,Adèe Raphael,,,C02099,p.i. de la. Société G~­ néra.le d'Electricité,p.i. de la. Société G~­ néra.le d'Electricité,manager,0,,,,18,61
2093,1947,P00878,Adèe Raphael,Adèe Raphael,,,C00099,Mécanique,Mécanique,manager,0,,,,18,61
2094,1947,P00878,Adèe Raphael,Adèe Raphael,,,C01365,"'Administration de la -General Society for Ban king, Trading .& Land Enterprises, S.A.E","'Administration de la -General Society for Ban king, Trading .& Land Enterprises, S.A.E",council_member,0,,,,18,61
2095,1947,P00622,Afifi Atta,Afifi Atta Bey,bey,,C01457,·de la Cairo Agricultural,·de la Cairo Agricultural,vice_president,0,,,,18,62
2096,1947,P00622,Afifi Atta,Afifi Atta Bey,bey,,C01638,"The Khedivial Mail Line, S.A.E","Khedivial Mail Line, S.A.E",director,0,,,,18,62
2097,1947,P00622,Afifi Atta,Afifi Atta Bey,bey,,C00367,Société Egyptienne de Filature,Société Egyptienne de Filature,director,0,,,,18,62
2098,1947,P00622,Afifi Atta,Afifi Atta Bey,bey,,C00720,Tissage de Laine,Tissage de Laine,director,0,,,,18,62
2099,1947,P00622,Afifi Atta,Afifi Atta Bey,bey,,C00106,National Petroleum Cy,National Petroleum Cy,director,0,,,,18,62
2100,1947,P00622,Afifi Atta,Afifi Atta Bey,bey,,C00554,Société Egyptienne des Pétroles (S.E. P.),Société Egyptienne des Pétroles (S.E. P.),director,0,,,,18,62
2101,1947,P00622,Afifi Atta,Afifi Atta Bey,bey,,C00231,Union Foncière d'Egypte,Union Foncière d'Egypte,director,0,,,,18,62
2102,1947,P00622,Afifi Atta,Afifi Atta Bey,bey,,C02022,The Tractor & Engineering Cy of Egypt,The Tractor & Engineering Cy of Egypt,director,0,,,,18,62
2103,1947,P00622,Afifi Atta,Afifi Atta Bey,bey,,C00030,Banque Belge et Internationale en Egypte,Banque Belge et Internationale en Egypte,director,0,,,,18,62
2104,1947,P00622,Afifi Atta,Afifi Atta Bey,bey,,C01577,Fermag,Fermag,director,0,,,,18,62
2105,1947,P00623,Dr. Afifi Hafez,S.E. Dr. Afifi Hafez Pacha,pasha,s.e.,C00032,Banque Misr,Banque Misr,president,0,,,,18,62
2106,1947,P00623,Dr. Afifi Hafez,S.E. Dr. Afifi Hafez Pacha,pasha,s.e.,C00032,Banque Misr,Banque Misr,managing_director,0,,,,18,62
2107,1947,P00623,Dr. Afifi Hafez,S.E. Dr. Afifi Hafez Pacha,pasha,s.e.,C01830,"Société Misr pour la Filature et le Tissage, Mehalla El Kobra","Société Misr pour la Filature et le Tissage, Mehalla El Kobra",president,0,,,,18,62
2108,1947,P00623,Dr. Afifi Hafez,S.E. Dr. Afifi Hafez Pacha,pasha,s.e.,C01830,"Société Misr pour la Filature et le Tissage, Mehalla El Kobra","Société Misr pour la Filature et le Tissage, Mehalla El Kobra",managing_director,0,,,,18,62
2109,1947,P00623,Dr. Afifi Hafez,S.E. Dr. Afifi Hafez Pacha,pasha,s.e.,C01819,Société Misr de Kafrel Dawar,Société Misr de Kafrel Dawar,president,0,,,,18,62
2110,1947,P00623,Dr. Afifi Hafez,S.E. Dr. Afifi Hafez Pacha,pasha,s.e.,C01819,Société Misr de Kafrel Dawar,Société Misr de Kafrel Dawar,managing_director,0,,,,18,62
2111,1947,P00623,Dr. Afifi Hafez,S.E. Dr. Afifi Hafez Pacha,pasha,s.e.,C01912,Sté. Misr Rayonne,Sté. Misr Rayonne,president,0,,,,18,62
2112,1947,P00623,Dr. Afifi Hafez,S.E. Dr. Afifi Hafez Pacha,pasha,s.e.,C01651,Marconi Radio Telegraph Cy,Marconi Radio Telegraph Cy,vice_president,0,,,,18,62
2113,1947,P00623,Dr. Afifi Hafez,S.E. Dr. Afifi Hafez Pacha,pasha,s.e.,C02063,cfu Conseild'Administration du Crédit Foncier Egyptien,cfu Conseild'Administration du Crédit Foncier Egyptien,member,0,,,,18,62
2114,1947,P00879,Aghazarm J. Me,Aghazarm J. Me,,,C02025,The United Egyptian Nile Transport Co. et United Storage Navigation 1& Commercial Co,The United Egyptian Nile Transport Co. et United Storage Navigation 1& Commercial Co,director,0,,,,18,62
2115,1947,P00011,Aghion Gustave,Aghion Gustave,,,C00016,Alexandria Insurance Co,The Alexandria Insurance Co,director,0,,,,18,62
2116,1947,P00011,Aghion Gustave,Aghion Gustave,,,C01607,Grands Hôtels d'Egypte (Ex Nungovitch),Grands Hôtels d'Egypte(Ex-Nungovitch),director,0,,,,18,62
2117,1947,P00011,Aghion Gustave,Aghion Gustave,,,C01112,Sté. Eg. d'Entreprises Urbaines et Rurales,Sté.· d'Entreprises Urbaines et Rurales,director,0,,,,18,62
2118,1947,P00010,Aghion Max César,Aghion Max César,,,C00170,Société Franco-Egyptienne d'Importation,Société Franco-Egyptienne d'Importation,managing_director,0,,,,18,62
2119,1947,P00010,Aghion Max César,Aghion Max César,,,C00156,Société Egyptienne d'Entreprises Urbaines et Rurales,Société Egyptienne d'Entreprises Urbaines et Rurales,director,0,,,,18,62
2120,1947,P00010,Aghion Max César,Aghion Max César,,,C01740,S.A.E. d'Urhani.E'f_ne «Hadaek el Abram» ( Py1·amids Gardens),S.A.E. d'Urhani.E'f_ne «Hadaek el Abram» ( Py1·amids Gardens),director,0,,,,18,62
2121,1947,P00880,Agnew Andrew,Agnew Andrew,,,C02067,cte 'T'he Anglo-Egyptian Oilfields,cte 'T'he Anglo-Egyptian Oilfields,director,0,,,,18,62
2122,1947,P00881,Ahmed Fahmy Hanafi,Ahmed Fahmy Hanafi Bey,bey,,C02048,"The United Storage Navigati,on & Commercial Cy",United Storage Navigation ·~ Commercial Cy,director,0,,,,18,62
2123,1947,P00882,Ahmed Racheed Abdallah,Ahmed Racheed Abdallah Bey,bey,,C01573,Fayoum 'T'extile Cy,Fayoum 'T'extile Cy,director,0,,,,18,62
2124,1947,P00883,Ahmed Youssef el Tawil,Ahmed Youssef el Tawil,,,C01525,EJ 'fawil Spinning & \-Veaving Cy,EJ 'fawil Spinning & \-Veaving Cy,president,0,,,,18,62
2125,1947,P00884,Alexane Alphonse,Alexane Alphonse Bey,bey,,C02064,cie 'rhe ~~gyptian Constwction & Engineering Cy,cie 'rhe ~~gyptian Constwction & Engineering Cy,vice_president,0,,,,18,62
2126,1947,P00885,Alexane Emile,Alexane Emile,,,C01386,Egyptian Company for- International Tracte«ECIT»,Egyptian Co. for International Trade ccECITn,director,0,,,,18,63
2127,1947,P00886,Alexane Farid,Alexane Farid,,,C01556,Eg·yptian Co. fot International T'rade ccECITn,Eg·yptian Co. fot International T'rade ccECITn,director,0,,,,18,63
2128,1947,P00019,Allam Mohamed,Allam Mohamed Bey,bey,,C00336,Crédit Hypothécaire Agricole d'Egypte,Crédit Hypothécaire Agricole d'Egypte,president,0,,,,18,63
2129,1947,P00019,Allam Mohamed,Allam Mohamed Bey,bey,,C00064,Crédit Agricole d'Egypte,Crédit Agricole d'Egypte,director,0,,,,18,63
2130,1947,P00185,Allemann Georges,Allemann Georges,,,C00162,Société Egyptienne de la Bourse Commerciale de Minet El Bassal,Société Egyptienne de la Bourse Commerciale de Minet El Bassal,president,0,,,,18,63
2131,1947,P00185,Allemann Georges,Allemann Georges,,,C00016,Alexandria Insurance Co,Alexandria lnsurance Co,vice_president,0,,,,18,63
2132,1947,P00185,Allemann Georges,Allemann Georges,,,C01416,Alexandria Li fe Insu _rance Co,Alexandria Li fe Insu _rance Co,vice_president,0,,,,18,63
2133,1947,P00185,Allemann Georges,Allemann Georges,,,C01679,Nationul Bank of Egypt,Nationul Bank of Egypt,director,0,,,,18,63
2134,1947,P00185,Allemann Georges,Allemann Georges,,,C00481,S.A.E. Carba,S.A.E. «Carban,director,0,,,,18,63
2135,1947,P00185,Allemann Georges,Allemann Georges,,,C01777,Société Cotonnière «Maaradn el de la Hamata Mining,Société Cotonnière «Maaradn el de la Hamata Mining,director,0,,,,18,63
2136,1947,P00887,Almagià Vittorio,Almagià Vittorio,,,C01785,Société Egyptienne d'Entrep1·ises et Constructions (S.E.D.E.C.),Société Egyptienne d'Entrep1·ises et Constructions (S.E.D.E.C.),director,0,,,,18,63
2137,1947,P00186,Alphandary Robert,Alphandary Robert,,,C01705,"Peltoms, S.A.E","Peltoms, S.A.E",president,0,,,,18,63
2138,1947,P00186,Alphandary Robert,Alphandary Robert,,,C01705,"Peltoms, S.A.E","Peltoms, S.A.E",managing_director,0,,,,18,63
2139,1947,P00888,Aly Ayoub,Aly Ayoub Bey,bey,,C00064,Crédit Agricole d'Egypte,Crédit Agricole d'Egypte,director,0,,,,18,63
2140,1947,P00889,Ambache S,Ambache S,,,C01388,"-Général de l 'Electricitv and lee Supply Co., S.A.E","-Général de l 'Electricitv and lee Supply Co., S.A.E",managing_director,0,,,,18,63
2141,1947,P00889,Ambache S,Ambache S,,,C01545,Egyptian Mining & Prospecting Co .. S.A.E,"Egyptian Mining ,& Prospecting Cy",director,0,,,,18,63
2142,1947,P00889,Ambache S,Ambache S,,,C01613,Gél'ant Egyptian General Supply Co. ( Egesco) .\ mbache & Co. Sté. en Commandite par Actions,Gél'ant Egyptian General Supply Co. ( Egesco) .\ mbache & Co. Sté. en Commandite par Actions,partner,0,,,,18,63
2143,1947,P00890,S.S. le Nabil Amr Ibrahim,S.S. le Nabil Amr Ibrahim,,,C01533,Egyptian Co. for International TJ'ade «ECITn,Egyptian Co. for International TJ'ade «ECITn,president,0,,,,18,63
2144,1947,P00187,Ambron Aldo,Ambron Aldo,,,C02044,"Union A lr>..crmdrine, Grand Officier de la Co-uronne d'Italie, Chevalir>r Saints Ma-urice et Lazarr>","Union A lr>..crmdrine, Grand Officier de la Co-uronne d'Italie, Chevalir>r Saints Ma-urice et Lazarr>",vice_president,0,,,,18,63
2145,1947,P00187,Ambron Aldo,Ambron Aldo,,,C00156,Société Egyptienne d'Entreprises Urbaines et Rurales,Société Egyptienne d'Entreprises Urbaines et Rurales,president,0,,,,18,63
2146,1947,P00187,Ambron Aldo,Ambron Aldo,,,C01783,Société Egyptienne ct'Entrepl'i.ses et Constructions(S.E.D.E.C.),Société Egyptienne ct'Entrepl'i.ses et Constructions(S.E.D.E.C.),president,0,,,,18,63
2147,1947,P00626,Andraus Elias,Andraus Elias,,,C01451,"Beida Dyers, S.A.E. et Administrateul· de la Sté. M isr ~""'i la ture Tissage Fin Cotton Egyptien","Beida Dyers, S.A.E. et Administrateul· de la Sté. M isr ~""'i la ture Tissage Fin Cotton Egyptien",director,0,,,,18,63
2148,1947,P00626,Andraus Elias,Andraus Elias,,,C01451,"Beida Dyers, S.A.E. et Administrateul· de la Sté. M isr ~""'i la ture Tissage Fin Cotton Egyptien","Beida Dyers, S.A.E. et Administrateul· de la Sté. M isr ~""'i la ture Tissage Fin Cotton Egyptien",managing_director,0,,,,18,63
2149,1947,P00891,Appel Emmanuel M,AJillpel Emmanuel M,,,C01424,The Anglo-Egyptian Mining Co,The Anglo-Egyptian Mining Co,president,0,,,,18,64
2150,1947,P00891,Appel Emmanuel M,AJillpel Emmanuel M,,,C02018,The Sheffield Co. (Egypt) S.A.E,The Sheffield Co. (Egypt) S.A.E,director,0,,,,18,64
2151,1947,P00892,Arr~ailhe Raymond,Arr~ailhe Raymond,,,C01391,-Propriétaire des «Fabriques de Glaces et Entrepôts Frigorifiques»,-Propriétaire des «Fabriques de Glaces et Entrepôts Frigorifiques»,director,0,,,,18,64
2152,1947,P00892,Arr~ailhe Raymond,Arr~ailhe Raymond,,,C01391,-Propriétaire des «Fabriques de Glaces et Entrepôts Frigorifiques»,-Propriétaire des «Fabriques de Glaces et Entrepôts Frigorifiques»,manager,0,,,,18,64
2153,1947,P00893,Argy Edouard,Argy Edouard,,,C01701,Pa1·ghaly Cotton & Jnvestment Cy,Pa1·ghaly Cotton & Jnvestment Cy,director,0,,,,18,64
2154,1947,P00894,Assaf Victor,Assat Victor,,,C01741,S.A.E. de Capitalisation l'Epargne,S.A.E. de Capitalisation «L'Epargne>>,director,0,,,,18,64
2155,1947,P00895,Assem,Assem,,,C01452,Béni Mazar Urbaine et Rurale,Beni Mazat Urbaine et Rurale,director,0,,,,18,64
2156,1947,P00896,Athénogènes Efthymios,Athénogènes Efthymios,,,C01873,Studios Al Aht·am,Studios Al Aht·am,director,0,,,,18,64
2157,1947,P00897,Atta El Ayoubi,Atta El Ayoubi Bey,bey,,C01437,Banque Misr (Syrie-Liban),Banque Misr Syrie Liban,director,0,,,,18,64
2158,1947,P00197,Auet· Conrad,Auer Conrad,,,C00118,S.E. de Ciment Portland Tourah,S.E. de Ciment Portland Tourah,director,0,,,,18,64
2159,1947,P00898,Auterbe Henry,A·uterbe Henry,,,C00104,National Insurance Co. of Egypt,National Insmance Co. of Egypt,director,0,,,,18,64
2160,1947,P00899,Avierino Achille,Avierino Achille,,,C01695,Nouveaux Hôtels d'Egypte,Nouveaux Hôtels d'Egypte,president,0,,,,18,64
2161,1947,P00899,Avierino Achille,Avierino Achille,,,C01441,Banque Tepeghiosi & Co,Banque Tepeghiosi & Co,director,0,,,,18,64
2162,1947,P00899,Avierino Achille,Avierino Achille,,,C01550,Egyptian Rubber & Shoes Industry,Egyptian Rubber & Shoes Industry,director,0,,,,18,64
2163,1947,P00900,Avierino Homère,Avierino Homère,,,C01530,Egyptia.n Rubber & Shoes Industry,Egyptia.n Rubber & Shoes Industry,director,0,,,,18,64
2164,1947,P00901,Awre Gilbert Christopher,Awre Gilbert Christopher,,,C00348,"Eastern Co., S.A.E","Eastern Co., S.A.E",director,0,,,,18,64
2165,1947,P00902,Etablissements Bolanachi-Distillerie,Etablissements Bolanachi-Distillerie,,,C02010,"The National Contracting Company of Egypt., S.A.E","The National Contracting Company of Egypt., S.A.E",managing_director,0,,,,18,64
2166,1947,P00902,Etablissements Bolanachi-Distillerie,Etablissements Bolanachi-Distillerie,,,C00074,The Egyptian Delta Land & Investment Cy,The Egyptian Delta Land .& Investment Co,director,0,,,,18,64
2167,1947,P00903,Aziz Hassan,Aziz Hassan Bey,bey,,C01694,The North East Africa Trading Cy,"The North East Africa Trading Cy., S.A.E",delegate,0,,,,18,64
2168,1947,P00903,Aziz Hassan,Aziz Hassan Bey,bey,,C01991,"The Egyptian Rice Mills, S.A.E","The Egyptian Rice Mills, S.A.E",delegate,0,,,,18,64
2169,1947,P00903,Aziz Hassan,Aziz Hassan Bey,bey,,C01677,"National Starch Do., S.A.E. et Near","National Starch Do., S.A.E. et Near",director,0,,,,18,64
2170,1947,P00904,Azzam Chams el Dine Azzam,A:u:am Chams el Dine Azzam,,,C01775,Société Commerciale Ex,Société Commerciale Ex,president,0,,,,18,64
2171,1947,P00905,Import,Import,,,C01712,Rizerie Egyptienne Moderne,Rizerie Egyptienne Moderne,director,0,,,,18,64
2172,1947,P00906,Badaoui Abdel Hamid,S.E. Badaoui Abdel Hamid Pacha,pasha,s.e.,C01906,"Sté. Fouad 1er de la Lé,gislation de Statistique","Sté. Fouad 1er de la Lé,gislation de Statistique",president,0,,,,18,65
2173,1947,P00906,Badaoui Abdel Hamid,S.E. Badaoui Abdel Hamid Pacha,pasha,s.e.,C00183,Société d'Economie Politique,Economie Politique,president,0,,,,18,65
2174,1947,P00906,Badaoui Abdel Hamid,S.E. Badaoui Abdel Hamid Pacha,pasha,s.e.,C01400,"Abou Zaabal ,& Kafr el Zayat Fertiliser· & Chemieal CY-.. (AKFAC)","Abou Zaabal & Kah"" Zayat Fertiliser & Chemical Cy. (AKFAC)",director,0,,,,18,65
2175,1947,P00906,Badaoui Abdel Hamid,S.E. Badaoui Abdel Hamid Pacha,pasha,s.e.,C01967,The Alexandria Life Insurance Co,The Alexandria Life Insurance,vice_president,0,,,,18,65
2176,1947,P00907,Badr-EI-Dïn Ibrahim,Badr-EI-Dïn Ibrahim Bey,bey,,C01638,"The Khedivial Mail Line, S.A.E","Khedivial Mail Line, S.A.E",director,0,,,,18,65
2177,1947,P00907,Badr-EI-Dïn Ibrahim,Badr-EI-Dïn Ibrahim Bey,bey,,C00051,Commercial Bank of Egypt,Commercial Bank of Egypt,director,0,,,,18,65
2178,1947,P00907,Badr-EI-Dïn Ibrahim,Badr-EI-Dïn Ibrahim Bey,bey,,C00186,Société des Biens de Rapport d'Egypte,Société des Biens de Rapport d'Egypte,director,0,,,,18,65
2179,1947,P00907,Badr-EI-Dïn Ibrahim,Badr-EI-Dïn Ibrahim Bey,bey,,C02103,the Egyption Land & Buildings Co,the Egyption Land & Buildings Co,director,0,,,,18,65
2180,1947,P00907,Badr-EI-Dïn Ibrahim,Badr-EI-Dïn Ibrahim Bey,bey,,C01502,Comptoir Commercial Economique,Comptoir Commercial Economique,director,0,,,,18,65
2181,1947,P00907,Badr-EI-Dïn Ibrahim,Badr-EI-Dïn Ibrahim Bey,bey,,C01485,Commercial Insurance Co,Commercial Insurance Co,director,0,,,,18,65
2182,1947,P00907,Badr-EI-Dïn Ibrahim,Badr-EI-Dïn Ibrahim Bey,bey,,C02139,"àes Ateliers Mécaniques de la [(bedivial Mail Line, Alexandrie, Suez et Port-Sai d","àes Ateliers Mécaniques de la [(bedivial Mail Line, Alexandrie, Suez et Port-Sai d",manager,0,,,,18,65
2183,1947,P00629,Baehler René,Baehler René,,,C02101,rrhe Electric Light & Power Supply Co,rrhe Electric Light & Power Supply Co,director,0,,,,18,65
2184,1947,P00630,Bahari Tewfik,Bahari Tewfik,,,C01753,Si di Salem Co,Si di Salem Co,director,0,,,,18,65
2185,1947,P00630,Bahari Tewfik,Bahari Tewfik,,,C01475,"Cie. Immobilière d'8gypte, S.A.K","Cie. Immobilière d'8gypte, S.A.K",director,0,,,,18,65
2186,1947,P00630,Bahari Tewfik,Bahari Tewfik,,,C01876,"Sté. ""Bolanachi Distillerien","Sté. ""Bolanachi Distillerien",director,0,,,,18,65
2187,1947,P00908,Bahgat el Derini,Bahgat el Derini,,,C01576,Fayoum Textile Cy,Fayoum Textile Cy,director,0,,,,18,65
2188,1947,P00908,Bahgat el Derini,Bahgat el Derini,,,C01640,Lotus Navigation Cy,Lotus Navigation Cy,director,0,,,,18,65
2189,1947,P00908,Bahgat el Derini,Bahgat el Derini,,,C01699,The Oriental Bond Stores,Oriental Bond Stores,general_manager,0,,,,18,65
2190,1947,P00909,Bailey A. W,Bailey A. W,,,C01986,The Egyptian Delta Light Rail· ways Co,The Egyptian Delta Light Rail· ways Co,general_manager,0,,,,18,65
2191,1947,P00909,Bailey A. W,Bailey A. W,,,C01856,"Société des Autobus de Béhéra ct de Gharbieh, S.A.E","Société des Autobus de Béhéra ct de Gharbieh, S.A.E",president,0,,,,18,65
2192,1947,P00909,Bailey A. W,Bailey A. W,,,C01154,The United Bus Co,The United Bus Co,president,0,,,,18,65
2193,1947,P00910,Bajada J. B,Bajada J. B,,,C01961,"The Albert Mussa Agency ,& Stevedoring Co., S.A.E",The Albert Mussa Agency ·& Stevedoring Co,managing_director,0,,,,18,65
2194,1947,P00633,Bak Richard,Dr. Bak Richard,,dr.,C01860,Société des Tel' rains de la Ville d'Alexandrie,Société des Tel' rains de la Ville d'Alexandrie,managing_director,0,,,,18,65
2195,1947,P00911,Bali D,Bali D,,,C01482,Commercial & Agency Co. of Egypt Ltd,Commercial & Agency Co. of Egypt Ltd,managing_director,0,,,,18,65
2196,1947,P00911,Bali D,Bali D,,,C01968,The Alexandria Manufacturing Co. Ltd,The Alexandria Manufacturing Co. Ltd,managing_director,0,,,,18,65
2197,1947,P00026,Banoun Alfred,Banoun Alfred,,,C00456,S.A. Immobilière elu Domaine de Siouf,S.A. Immobilière du Domaine de Siouf,director,0,,,,18,65
2198,1947,P00912,Barcïlon Jack,Barcïlon Jack,,,C01764,Société Agricole et Urbaine «Le Fayoum»,"Société Agricole et Urbaine ""Fayoum»",director,0,,,,18,65
2199,1947,P00913,Barda Jacques J,Barda Jacques J,,,C01670,The National Cotton Cy,The National Cotton Cy,managing_director,0,,,,18,65
2200,1947,P00913,Barda Jacques J,Barda Jacques J,,,C02081,en nom de la Barda Cotton Cy,en nom de la Barda Cotton Cy,partner,0,,,,18,65
2201,1947,P00913,Barda Jacques J,Barda Jacques J,,,C02080,en nom de <<The Barda Cotton Co,en nom de <<The Barda Cotton Co,managing_director,0,,,,18,65
2202,1947,P00913,Barda Jacques J,Barda Jacques J,,,C02080,en nom de <<The Barda Cotton Co,en nom de <<The Barda Cotton Co,president,0,,,,18,65
2203,1947,P00913,Barda Jacques J,Barda Jacques J,,,C02080,en nom de <<The Barda Cotton Co,en nom de <<The Barda Cotton Co,partner,0,,,,18,65
2204,1947,P00913,Barda Jacques J,Barda Jacques J,,,C01963,The Alexandria &,The Alexandria,director,0,,,,18,65
2205,1947,P00914,Pressing Co,Pressing Co,,,C01528,"«Edrei & Co., Ltd. »",Edrei & Co. Ltd,vice_president,0,,,,18,65
2206,1947,P00915,Ba1·da Rémy J,Barda Rémy J,,,C02081,en nom de la Barda Cotton Cy,en nom de Barda Cotton Gy,partner,0,,,,18,66
2207,1947,P00916,Barker H. A,Barker H. A,,,C01643,Maison Barker & Co,Maison Barker & Co,partner,0,,,,18,66
2208,1947,P00916,Barker H. A,Barker H. A,,,C01861,Société lmmo·· bilière d'Alexandrie,Société lmmo·· bilière d'Alexandrie,vice_president,0,,,,18,66
2209,1947,P00916,Barker H. A,Barker H. A,,,C00020,The Alexandria vVater Co. Ltd,The Alexandria Watel' Co,director,0,,,,18,66
2210,1947,P00916,Barker H. A,Barker H. A,,,C00081,Filature Nationale d'Egypte,Filature Nationale d'Egypte,director,0,,,,18,66
2211,1947,P00916,Barker H. A,Barker H. A,,,C00103,National Insurance Co,National Insurance Co,director,0,,,,18,66
2212,1947,P00916,Barker H. A,Barker H. A,,,C01778,Société Co·· tonnière d'Egypte,Société Co·· tonnière d'Egypte,president,0,,,,18,66
2213,1947,P00917,Barnard Rowland L,Barnard Rowland L,,,C00675,The Egyptian Land & Buildings Co,The Egyptian Land ·~ Buildings Co,director,0,,,,18,66
2214,1947,P00918,Barron J.B,Barron J.B,,,C02004,The Levant Bonded Warehouses Co. (Palestine),The Levant Bonded Warehouses Co. (Palestine),president,0,,,,18,66
2215,1947,P00918,Barron J.B,Barron J.B,,,C01961,"The Albert Mussa Agency ,& Stevedoring Co., S.A.E","The Albert Mussa Agency ,& Stevedoring Co., S.A.E",president,0,,,,18,66
2216,1947,P00918,Barron J.B,Barron J.B,,,C02091,"laSociété de Transports, Expéditions et Assurances <<Pharos», S.A.E","laSociété de Transports, Expéditions et Assurances <<Pharos», S.A.E",director,0,,,,18,66
2217,1947,P00918,Barron J.B,Barron J.B,,,C02087,l 'Egyptian Petroleum Storai)e Co,l 'Egyptian Petroleum Storai)e Co,director,0,,,,18,66
2218,1947,P00918,Barron J.B,Barron J.B,,,C01600,General Warehouses of Egypt,General Warehouses of Egypt,director,0,,,,18,66
2219,1947,P00918,Barron J.B,Barron J.B,,,C01419,"Alexandria Timber Trade Co., S.A.E. (en formation)","Alexandria Timber Trade Co., S.A.E. (en formation)",director,0,,,,18,66
2220,1947,P00919,Barthe-Dejean Jules,Barthe-Dejean Jules,,,C01497,"Comptoir Auxiliaire d'Entreprises, S.A.E","Comptoir Auxiliaire d'Entreprises, S.A.E",director,0,,,,18,66
2221,1947,P00920,Bashi Saleh Eliahou,Bashi Saleh Eliahou,,,C01442,Banque Zilkha,Banque Zilkha,director,0,,,,18,66
2222,1947,P00921,Basri Elie,Basri Elie,,,C01380,- de la Banque,- de la Banque,director,0,,,,18,66
2223,1947,P00635,Bata Henri,Batà Henri,,,C02116,"«Chaussu- res Bata», S.A.E","«Chaussu- res Bata», S.A.E",president,0,,,,18,66
2224,1947,P00922,Bauerlé Gustave,Bauerlé Gustave,,,C01674,National Metal Industries,National Metal Industries,director,0,,,,18,66
2225,1947,P00923,Bavin F. G,Bavin F. G,,,C00672,The Egyptian Road Construction,Egyptian Road Construction,president,0,,,,18,66
2226,1947,P00923,Bavin F. G,Bavin F. G,,,C01540,"The Egyptian Engineering Stores, ~.A.E","Egyptian Engineering Stores, S.A.E",general_manager,0,,,,18,66
2227,1947,P00924,Bayram Mahmoud,Bayram Mahmoud Bey,bey,,C01810,Société Immobilière de Boulac,Société Immobilière de Boulac,director,0,,,,18,66
2228,1947,P00924,Bayram Mahmoud,Bayram Mahmoud Bey,bey,,C01811,"Société Immobilière de Zamalek, S.A.E","Société Immobilière de Zamalek, S.A.E",director,0,,,,18,66
2229,1947,P00925,Baz Maroun,Baz Maroun,,,C02007,The Meditenanean Co. for General Tracte (Egypt) Ltd,The Meditenanean Co. for General Tracte (Egypt) Ltd,manager,0,,,,18,66
2230,1947,P00207,Beattie Thomas,Beattie Thomas,,,C00692,"The Hinshelwood Paint & Oil Co. of Egypt, S.A.E","The Hinshelwood Paint 1& Oil Co. of Egypt, S.A.E",vice_president,0,,,,18,66
2231,1947,P00208,Bégué Emile,Bégué Emile,,,C00015,The Alexandria & Ramleh Railways Co. Ltd,Alexandria .& Ramleh Railways Co,managing_director,0,,,,18,66
2232,1947,P00208,Bégué Emile,Bégué Emile,,,C01970,"The Alexandria T""r·ansport and lndustrial Co","The Alexandria T""r·ansport and lndustrial Co",director,0,,,,18,66
2233,1947,P00926,Behrend,Behrend,,,C00445,Rosetta & Alexandria Rice Mills,"Rosetta ,& Alexandria Rice Mills",president,0,,,,18,67
2234,1947,P00926,Behrend,Behrend,,,C01446,"Behrend ,& Co. Ltd","Behrend ,& Co. Ltd",president,0,,,,18,67
2235,1947,P00926,Behrend,Behrend,,,C01453,British Oil & Cake Mills Ltd,British Oil & Cake Mills Ltd,director,0,,,,18,67
2236,1947,P00927,Belilos LQon Jacques,Belilos LQon Jacques,,,C00087,Grands Hôtels d'Egypte,Grands Hôtels d'Egypte,director,0,,,,18,67
2237,1947,P00637,Belilos Maurice Youssef,Belilos Maurice Youssef,,,C01787,"Société Egyptienne d'Industries Chimiques, S.A.E., Marsa Matrouh Salt & Potash Cy","Société Egyptienne d'Industries Chimiques, S.A.E., Marsa Matrouh Salt & Potash Cy",director,0,,,,18,67
2238,1947,P00638,Bella Alfred,Bella Alfred,,,C01008,S.A.E. de l'Industrie Fibres Textiles,S.A.E. de l'Industrie Fibres Textiles,director,0,,,,18,67
2239,1947,P00928,Belleni Parissi,Belleni Parissi,,,C00895,"The Alexandria Racing Club, S.A.E","Alexandria Racihg Club, S.A.E",director,0,,,,18,67
2240,1947,P00928,Belleni Parissi,Belleni Parissi,,,C01727,S.A. des Presses Libres,S.A. des Presses Libres,vice_president,0,,,,18,67
2241,1947,P00929,Egyptiennes,Egyptiennes,,,C00656,The Choremi Benachi Cotton Co,The Choremi Benachi Cotton Co,managing_director,0,,,,18,67
2242,1947,P00929,Egyptiennes,Egyptiennes,,,C00153,Société Cotonnière Maarad,"Société Cotonnière ""Maarad",managing_director,0,,,,18,67
2243,1947,P00929,Egyptiennes,Egyptiennes,,,C00162,Société Egyptienne de la Bourse Commerciale de Minet El Bassal,Société Egyptienne de la Bourse Commerciale de Minet El Bassal,managing_director,0,,,,18,67
2244,1947,P00929,Egyptiennes,Egyptiennes,,,C00656,The Choremi Benachi Cotton Co,The Choremi Benachi Cotton Co,director,0,,,,18,67
2245,1947,P00639,Benderli Henri,Benderli Henri,,,C02019,The Simon Arzt,The Simon Arzt,manager,0,,,,18,67
2246,1947,P00215,Benderli Simon,Benderli Simon,,,C02040,Tlw Simon Arzt Stores,Tlw Simon Arzt Stores,president,0,,,,18,67
2247,1947,P00215,Benderli Simon,Benderli Simon,,,C02040,Tlw Simon Arzt Stores,Tlw Simon Arzt Stores,managing_director,0,,,,18,67
2248,1947,P00930,IBlenin Albert,IBlenin Albert,,,C01715,"Rye, Evans & Co. (Sudan) Ltd","Rye, Evans & Co. (Sudan) Ltd",director,0,,,,18,67
2249,1947,P00930,IBlenin Albert,IBlenin Albert,,,C01715,"Rye, Evans & Co. (Sudan) Ltd","Rye, Evans & Co. (Sudan) Ltd",president,0,,,,18,67
2250,1947,P00930,IBlenin Albert,IBlenin Albert,,,C01715,"Rye, Evans & Co. (Sudan) Ltd","Rye, Evans & Co. (Sudan) Ltd",managing_director,0,,,,18,67
2251,1947,P00930,IBlenin Albert,IBlenin Albert,,,C01698,Orient Linen Industry,Orient Linen Industry,vice_president,0,,,,18,67
2252,1947,P00930,IBlenin Albert,IBlenin Albert,,,C01698,Orient Linen Industry,Orient Linen Industry,managing_director,0,,,,18,67
2253,1947,P00931,IBlenoist Baron Louis de,IBlenoist Baron Louis de,,,C00104,National Insurance Co. of Egypt,la_National Insurance Co. of Egypt,president,0,,,,18,67
2254,1947,P00931,IBlenoist Baron Louis de,IBlenoist Baron Louis de,,,C01678,National lnsurance Co. of Egypt (Branche-Vie),National lnsurance Co. of Egypt (Branche-Vie),president,0,,,,18,67
2255,1947,P00931,IBlenoist Baron Louis de,IBlenoist Baron Louis de,,,C01623,"Immobiliad'Egypte, S.A.E","Immobiliad'Egypte, S.A.E",vice_president,0,,,,18,67
2256,1947,P00931,IBlenoist Baron Louis de,IBlenoist Baron Louis de,,,C00176,Société Générale des Sucreries,Société <Générale des Sucreries,director,0,,,,18,67
2257,1947,P00931,IBlenoist Baron Louis de,IBlenoist Baron Louis de,,,C00114,Raffinerie d'Egypte,Raffinerie d'Egypte,director,0,,,,18,67
2258,1947,P00931,IBlenoist Baron Louis de,IBlenoist Baron Louis de,,,C00468,S.A. des Eaux du Caire,S.A. des Eaux du Caire,director,0,,,,18,67
2259,1947,P00931,IBlenoist Baron Louis de,IBlenoist Baron Louis de,,,C01689,"Nil Paris, S.A.E","Nil Paris, S.A.E",director,0,,,,18,67
2260,1947,P00932,Textile,Textile,,,C00741,Usines Textiles Al-1\,Usines Textiles ((Al,managing_director,0,,,,18,67
2261,1947,P00642,Besso Sabino,Besso Sabino,,,C02056,Usin~s,Usin~s,director,0,,,,18,68
2262,1947,P00933,Textiles «Al-Kahiran S.A.E,Textiles «Al-Kahiran S.A.E,,,C01799,Société Egyptienne pour l'Industrie et le Commerce des,Société Egyptienne pour l'Industrie et le Commerce des,managing_director,0,,,,18,68
2263,1947,P00934,Cotonnades «La Cotonnière,Cotonnades «La Cotonnière,,,C01455,Butterfly Knitting,Butterfly Knitting,partner,0,,,,18,68
2264,1947,P00934,Cotonnades «La Cotonnière,Cotonnades «La Cotonnière,,,C01455,Butterfly Knitting,Butterfly Knitting,manager,0,,,,18,68
2265,1947,P00935,Factor ',Factor ',,,C01422,Anglo Eastern Mer·cantile t,Anglo Eastern Mer·cantile t,director,0,,,,18,68
2266,1947,P00936,Bethell Alexander Duke,Bethell Alexander Duke,,,C02100,rie la Maison COR 't BROS Co. Ltd. au Moyen-Orient,rie la Maison COR 't BROS Co. Ltd. au Moyen-Orient,delegate,0,,,,18,68
2267,1947,P00936,Bethell Alexander Duke,Bethell Alexander Duke,,,C00709,The Upper,Upper,managing_director,0,,,,18,68
2268,1947,P00937,Nil B.A. Oxford UniveTSity F.R.G.S,Nil B.A. Oxford UniveTSity F.R.G.S,,,C00213,Egyptian Hotels,Egyptian Hotels,vice_president,0,,,,18,68
2269,1947,P00937,Nil B.A. Oxford UniveTSity F.R.G.S,Nil B.A. Oxford UniveTSity F.R.G.S,,,C01674,National Metal Industries,National Metal Industries,director,0,,,,18,68
2270,1947,P00937,Nil B.A. Oxford UniveTSity F.R.G.S,Nil B.A. Oxford UniveTSity F.R.G.S,,,C01390,-J)élégué Sté. des Autobus de Basse Egypte,-J)élégué Sté. des Autobus de Basse Egypte,director,0,,,,18,68
2271,1947,P00937,Nil B.A. Oxford UniveTSity F.R.G.S,Nil B.A. Oxford UniveTSity F.R.G.S,,,C01919,Sté. Nestor Gianaclis,Sté. Nestor Gianaclis,director,0,,,,18,68
2272,1947,P00938,Beyts G,Beyts G,,,C01531,"The Egyptian Aerated Water Company, Ltd",The Egyptian Aerated Water,manager,0,,,,18,68
2273,1947,P00939,Bialobos Joseph,Bialobos Joseph,,,C02098,l~tablissements Giacomo Cohenca Fils,l~tablissements Giacomo Cohenca Fils,director,0,,,,18,68
2274,1947,P00940,Bianchi Philip N,Bianchi Philip N,,,C01377,"'l'he Mercantile, Ship· ping & Coaling Co., Bianchi & Co. (Egypt) Ltd","'l'he Mercantile, Ship· ping & Coaling Co., Bianchi & Co. (Egypt) Ltd",managing_director,0,,,,18,68
2275,1947,P00940,Bianchi Philip N,Bianchi Philip N,,,C02008,"The Mercantile, Shipping & Coaling Co. Bianchi & Co. (Malta) Ltd","The Mercantile, Shipping & Coaling Co. Bianchi & Co. (Malta) Ltd",general_manager,0,,,,18,68
2276,1947,P00940,Bianchi Philip N,Bianchi Philip N,,,C01992,The Egyptian Star Navigation Co,The Egyptian Star Navigation Co,managing_director,0,,,,18,68
2277,1947,P00029,Blattner C. D. Henry,Blattner Henry C. O,,,C02079,en Egypte de la Sinai Mining Co. Ltd,en Egypte de la Sinai Mining Co. Ltd,manager,0,,,,18,68
2278,1947,P00941,Bless Rodolphe,Bless Rodolphe,,,C01914,Sté. Misr pour les Fomrages,Sté. Misr pour les Fomrages,director,0,,,,18,68
2279,1947,P00942,Boissonas Alphonse,Boissonas Alphonse,,,C02138,Âdministration de la Société Egyptienne de Teinture,Âdministration de la Société Egyptienne de Teinture,council_member,0,,,,18,68
2280,1947,P00943,Bolanachi A,Bolanachi A,,,C02077,desl~tahlissements Bolanachi. (Distillerie),desl~tahlissements Bolanachi. (Distillerie),director,0,,,,18,68
2281,1947,P00944,Bolanachi Emmanuel,Bolanachi Emmanuel,,,C01563,Etablissements Bolanachi (Distillerie),Etablissements Bolanachi (Distillerie),director,0,,,,18,69
2282,1947,P00945,Bonett Georges P,Bonett Georges P,,,C01539,Egyptian Engineering & Marine Cy,Egyptian Engineering .& Marine Cy,director,0,,,,18,69
2283,1947,P00221,Bordier Pierre,Bordier Pierre,,,C00067,Crédit Immobilier Suisse-Egyptien,Crédit Immobilier Suisse-Egyptien,president,0,,,,18,69
2284,1947,P00946,Borsali Georges,Borsali Georges,,,C01650,"la. Manufacture Egyptienne de Bonneterie et Tricotage «El Nil», S.A.E","Manufacture Egyptienne de Bonneterie et Tricotage «El-Nil>,, S.A.E",director,0,,,,18,69
2285,1947,P00647,Bouchra Hanna Charles,Bouchra Hanna Charles,,,C02110,~stration de la Société Anonyme Egyptienne de Construction EOYCO,~stration de la Société Anonyme Egyptienne de Construction EOYCO,director,0,,,,18,69
2286,1947,P00647,Bouchra Hanna Charles,Bouchra Hanna Charles,,,C01452,Béni Mazar Urbaine et Rurale,"Béni Mazar, Urbaine et Rurale",director,0,,,,18,69
2287,1947,P00947,Boudet René,Boudet René,,,C01652,Marsa Matrouh Salt & Potash Cy,Marsa Matrouh Salt & Potash Cy,director,0,,,,18,69
2288,1947,P00948,Boulad Albert,Boulad Albert,,,C00132,Sidi Salem Co,Sidi Salem Co,president,0,,,,18,69
2289,1947,P00030,Boulad Khalil,Boulad Khalil,,,C01910,Sté. Immobilière de l'Avenue de la Reine Nazli,Sté. Immobilière de l'Avenue de la Reine Nazli,president,0,,,,18,69
2290,1947,P00030,Boulad Khalil,Boulad Khalil,,,C00074,The Egyptian Delta Land & Investment Cy,The Egyptian Delta Land and Investment Cy,director,0,,,,18,69
2291,1947,P00949,Boulos Fouad,Boulos Fouad,,,C01857,Société des Autobus de Charkieh,Société des Autobus de Charkieh,director,0,,,,18,69
2292,1947,P00949,Boulos Fouad,Boulos Fouad,,,C01519,Dakahlieh,Dakahlieh,director,0,,,,18,69
2293,1947,P00949,Boulos Fouad,Boulos Fouad,,,C01378,'l'he Uniterl Bus Co,'l'he Uniterl Bus Co,director,0,,,,18,69
2294,1947,P00950,Bouvier André,Bouvier André,,,C02131,·ati.on de la Société Egyptienne de Teinture,·ati.on de la Société Egyptienne de Teinture,director,0,,,,18,69
2295,1947,P00950,Bouvier André,Bouvier André,,,C01427,Apprêt,Apprêt,director,0,,,,18,69
2296,1947,P00032,Boyé Jean André,Boyé Jean André,,,C01843,Société Royale d'Econorme Politique,Société Royale d'Econorme Politique,council_member,0,,,,18,69
2297,1947,P00032,Boyé Jean André,Boyé Jean André,,,C00181,Société Royale de Papyrologie d'Egypte,Société Royale de Papyrologie d'Egypte,council_member,0,,,,18,69
2298,1947,P00032,Boyé Jean André,Boyé Jean André,,,C02065,"cl'ccAl-Charkn (L'ORIENT), S.A.E. d'Assurances sur la Vie","cl'ccAl-Charkn (L'ORIENT), S.A.E. d'Assurances sur la Vie",director,0,,,,18,69
2299,1947,P00951,Brakha Maurice,Brakha Maurice,,,C01360,"'' United Enterprises », S.A.E","'' United Enterprises », S.A.E",managing_director,0,,,,18,69
2300,1947,P00951,Brakha Maurice,Brakha Maurice,,,C02032,The «<ntra» Tracte .& Industr,The «<ntra» Tracte .& Industr,managing_director,0,,,,18,69
2301,1947,P00951,Brakha Maurice,Brakha Maurice,,,C01593,"The General Engineering .& Refrigeration Co. «Gerco"", S.A.E","The General Engineering .& Refrigeration Co. «Gerco"", S.A.E",managing_director,0,,,,18,69
2302,1947,P00952,Brandenburg Edgar,Brandenburg Edgar,,,C02117,«Commerciale» Cie. Nationale pour le Commerce,«Commerciale» Cie. Nationale pour le Commerce,managing_director,0,,,,18,69
2303,1947,P00952,Brandenburg Edgar,Brandenburg Edgar,,,C01628,"Industrie, S.A.E","Industrie, S.A.E",managing_director,0,,,,18,69
2304,1947,P00953,Broatch R. W,Broatch R. W,,,C01148,The Simon,The Simon,director,0,,,,18,69
2305,1947,P00954,Brown T. E,Brown T. E,,,C01531,"The Egyptian Aerated Water Company, Ltd",Egyptian Ae1·ated Water Co. Ltd,director,0,,,,18,69
2306,1947,P00650,Brunner Frederic,Brunner Frédéric,,,C00030,Banque Belge et Internationale en Egypte,"Banque Belge et Internationale en Egypte, S.A.E",director,0,,,,18,70
2307,1947,P00955,Burckhardt C. L,Burckhardt C. L,,,C01646,Maison Reinhart .& Co,Maison Reinhart .& Co,partner,0,,,,18,70
2308,1947,P00955,Burckhardt C. L,Burckhardt C. L,,,C01646,Maison Reinhart .& Co,Maison Reinhart .& Co,manager,0,,,,18,70
2309,1947,P00955,Burckhardt C. L,Burckhardt C. L,,,C00550,"Société Egyptienne de la Bourse Commerciale de Minet El B<,tssal","Société Egyptienne de la Bourse Commerciale de Minet El B<,tssal",vice_president,0,,,,18,70
2310,1947,P00955,Burckhardt C. L,Burckhardt C. L,,,C01674,National Metal Industries,National Metal Industries,vice_president,0,,,,18,70
2311,1947,P00955,Burckhardt C. L,Burckhardt C. L,,,C00571,Société Générale de Pressage,Société Générale de Pressage,member,0,,,,18,70
2312,1947,P00955,Burckhardt C. L,Burckhardt C. L,,,C00571,Société Générale de Pressage,Société Générale de Pressage,director,0,,,,18,70
2313,1947,P00955,Burckhardt C. L,Burckhardt C. L,,,C00346,Dépôts,Dépôts,director,0,,,,18,70
2314,1947,P00955,Burckhardt C. L,Burckhardt C. L,,,C00426,"The National Ginning Co. of Egypt, S.A.E","National Ginning Co. of Egypt, S.A",member,0,,,,18,70
2315,1947,P00955,Burckhardt C. L,Burckhardt C. L,,,C00426,"The National Ginning Co. of Egypt, S.A.E","National Ginning Co. of Egypt, S.A",director,0,,,,18,70
2316,1947,P00955,Burckhardt C. L,Burckhardt C. L,,,C00079,The Electricity & lee Supply Co,The Electricity and lee Supply Co,member,0,,,,18,70
2317,1947,P00955,Burckhardt C. L,Burckhardt C. L,,,C00079,The Electricity & lee Supply Co,The Electricity and lee Supply Co,director,0,,,,18,70
2318,1947,P00955,Burckhardt C. L,Burckhardt C. L,,,C01458,"Cairo Sand Bricks Co., de la Fluviale S.A.E","Cairo Sand Bricks Co., de la Fluviale S.A.E",member,0,,,,18,70
2319,1947,P00955,Burckhardt C. L,Burckhardt C. L,,,C01458,"Cairo Sand Bricks Co., de la Fluviale S.A.E","Cairo Sand Bricks Co., de la Fluviale S.A.E",director,0,,,,18,70
2320,1947,P00955,Burckhardt C. L,Burckhardt C. L,,,C01942,surveillance de la «HAMATA MINING» Company,Surveillance de Hamatèl Mining Co,council_member,0,,,,18,70
2321,1947,P00956,Bustros Antoine M,Bustros Antoine M,,,C01468,Chemical Industries Development,Chemical Industries Development,president,0,,,,18,70
2322,1947,P00957,Butterworth James,Butterworth James,,,C01450,"Beida Dyers, S.A.E","Beida Dyers, S.A.E",managing_director,0,,,,18,70
2323,1947,P00957,Butterworth James,Butterworth James,,,C01818,Société Misr de Filature,Société Misr de Filature,managing_director,0,,,,18,70
2324,1947,P00957,Butterworth James,Butterworth James,,,C02036,Tissage Fin en Coton Egyptien (Usines Kafr El Dawar),"Tissage Fin en Coton Egyptien (usines Kafr el Dawar)""",managing_director,0,,,,18,70
2325,1947,P00234,Buxton Robert V,Buxton Robert V,,,C01399,Aaministration de la Kafr El Zayat Land Co,Aaministration de la Kafr El Zayat Land Co,director,0,,,,18,70
2326,1947,P00234,Buxton Robert V,Buxton Robert V,,,C01399,Aaministration de la Kafr El Zayat Land Co,Aaministration de la Kafr El Zayat Land Co,council_member,0,,,,18,70
2327,1947,P00234,Buxton Robert V,Buxton Robert V,,,C01143,The Kafr El Zayat Cotton Co,The Kafr el Zayat Cotton Co. Ltd,manager,0,,,,18,70
2328,1947,P00238,Callens Auguste,Callens Auguste,,,C01434,"Banque Belge et Internationale en Egypte, S.A.E. ~aiomiris, Georges S., Médaille Balkanique 1912-1913","Banque Belge et Internationale en Egypte, S.A.E. ~aiomiris, Georges S., Médaille Balkanique 1912-1913",president,0,,,,18,70
2329,1947,P00958,Propriétaire National Hotel Cairo,Propriétaire National Hotel Cairo,,,C01583,"Fédération des Industries d'Egypte (Chambre Hôtelière), Fond'lteur National Petroleum Co., S.A.E","Fédération des Industries d'Egypte (Chambre Hôtelière), Fond'lteur National Petroleum Co., S.A.E",president,0,,,,18,70
2330,1947,P00958,Propriétaire National Hotel Cairo,Propriétaire National Hotel Cairo,,,C01583,"Fédération des Industries d'Egypte (Chambre Hôtelière), Fond'lteur National Petroleum Co., S.A.E","Fédération des Industries d'Egypte (Chambre Hôtelière), Fond'lteur National Petroleum Co., S.A.E",vice_president,0,,,,18,70
2331,1947,P00958,Propriétaire National Hotel Cairo,Propriétaire National Hotel Cairo,,,C01585,Gabbary,Gabbary,liquidator,0,,,,18,70
2332,1947,P00959,Petroleum Co. S.A.E,Petroleum Co,,,C01626,Industrie d'Egypte,Industrie d'Egypte,committee_member,0,,,,18,70
2333,1947,P00960,Camiglieri Raoul,Camiglieri Raoul,,,C01990,The Egyptian Petroleum Storage Co. et The Albert Mussa Agency & Stevedoring Co. S.A.E,"The Egyptian Petroleum C9., et The Albert Mussa Agency ,& Stevedoring Co., S.A.E",director,0,,,,18,70
2334,1947,P00960,Camiglieri Raoul,Camiglieri Raoul,,,C00210,Egyptian Bonded Warehouses Co. Ltd,Egyptian Bonded Warehouses Co. Ltd,general_manager,0,,,,18,70
2335,1947,P00961,IOlatmpbell The Hon. Cecil,IOlatmpbell The Hon. Cecil,,,C00416,"Marconi Radio Telegraph Co. of Egypt, S.A.E","Marconi Radio Telegraph Co. of Egypt, S.A.E",director,0,,,,18,70
2336,1947,P00961,IOlatmpbell The Hon. Cecil,IOlatmpbell The Hon. Cecil,,,C00416,"Marconi Radio Telegraph Co. of Egypt, S.A.E","Marconi Radio Telegraph Co. of Egypt, S.A.E",delegate,0,,,,18,70
2337,1947,P00961,IOlatmpbell The Hon. Cecil,IOlatmpbell The Hon. Cecil,,,C01400,"Abou Zaabal ,& Kafr el Zayat Fertiliser· & Chemieal CY-.. (AKFAC)","Abou Zaabal ,& Kafr el Zayat Fertiliser· & Chemieal CY-.. (AKFAC)",director,0,,,,18,70
2338,1947,P00962,Campbell Major Macknight,Campbell Major Macknight,,,C01362,'Administration de The Sinai Mining Co. Ltd,'Administration de The Sinai Mining Co. Ltd,council_member,0,,,,18,71
2339,1947,P00653,Campos Amerigo,Campos Amerigo,,,C00117,S. A. Agricole et Industrielle d'Egypte,S.A. Agricole et Industrielle d'Egypte,director,0,,,,18,71
2340,1947,P00035,Campos Benvenuto,Campos Benvenuto,,,C00371,"General Society for Banking, Trading & Land Enterprises, S.A.E","General Society for Banking, Trading and Land Enterprises, S.A.E",president,0,,,,18,71
2341,1947,P00035,Campos Benvenuto,Campos Benvenuto,,,C01806,Société Général'3 d'Electricité,Société Général'3 d'Electricité,managing_director,0,,,,18,71
2342,1947,P00035,Campos Benvenuto,Campos Benvenuto,,,C00099,Mécanique,Mécanique,managing_director,0,,,,18,71
2343,1947,P00036,Campos Giuseppe,Campos Giuseppe,,,C00173,Société Générale d'Electricité,Société Générale d'Electricité,president,0,,,,18,71
2344,1947,P00036,Campos Giuseppe,Campos Giuseppe,,,C00099,Mécanique,Mécanique,president,0,,,,18,71
2345,1947,P00036,Campos Giuseppe,Campos Giuseppe,,,C01598,"General Society for Banking, Trading &","General Society for Banking, Trading &",managing_director,0,,,,18,71
2346,1947,P00241,Campos Hans,Campos Hans,,,C00371,"General Society for Banking, Trading & Land Enterprises, S.A.E","General Society for Banking, Trading & Land Enterprises, S.A.E",director,0,,,,18,71
2347,1947,P00963,Caraggia Anastase,Caraggia Anastase,,,C01898,Sté. Eg. pour la Déshydratation des Légumes,Sté. Eg. pour la Déshydratation des Légumes,vice_president,0,,,,18,71
2348,1947,P00243,Carton de Wiart Edmond Baron,Carton de Wiart Edmond Baron,,,C01366,'Administration de la Banque Belge et Internationale en Egypte,'Administration de la Banque Belge et Internationale en Egypte,council_member,0,,,,18,71
2349,1947,P00038,Carver H. B,Carver F. E,,,C00571,Société Générale de Pressage,Société Générale de Pressage,director,0,,,,18,71
2350,1947,P00038,Carver H. B,Carver F. E,,,C00346,Dépôts,Dépôts,director,0,,,,18,71
2351,1947,P00038,Carver H. B,Carver F. E,,,C01462,Carver Bros r& Co. Ltd,Carver Bros r& Co. Ltd,director,0,,,,18,71
2352,1947,P00038,Carver H. B,Carv·er H.B,,,C00571,Société Générale de Pressage,Société Générale de Pressage,president,0,,,,18,71
2353,1947,P00038,Carver H. B,Carv·er H.B,,,C00346,Dépôts,Dépôts,president,0,,,,18,71
2354,1947,P00038,Carver H. B,Carv·er H.B,,,C01900,Sté. Egyptienne de la Bourse Commerciale de Minet El Bassal,Sté. Egyptienne de la Bourse Commerciale de Minet El Bassal,director,0,,,,18,71
2355,1947,P00964,Cassab Jacques,Cassab Jacques,,,C00132,Sidi Salem Co,Sidi Salem Co,director,0,,,,18,71
2356,1947,P00655,Cassar Paul,Cassar Paul,,,C01973,The Amalgamated lee Factories &,The Amalgamated lee Factories &,director,0,,,,18,71
2357,1947,P00965,Cold Stores,Cold Stores,,,C00320,Commercial Bank of the Near East,Commercial Bank of the Near East,director,0,,,,18,71
2358,1947,P00246,Castro Charles V,Castro Charles V,,,C01997,"The Engineering Co. of Egypt, Alexandria & Khartoum Trading Corporation","The Engineering Co. of Egypt, Alexandria & Khartoum Trading Corporation",managing_director,0,,,,18,71
2359,1947,P00966,Castro Léon Me,Castro Léon Me,,,C01484,Commercial Bank of,Commercial Bank of,vice_president,0,,,,18,71
2360,1947,P00016,Egypt,Egypt,,,C01501,"Comptoir Commercial Economi que, de la Société des Biens de Rapport d'Egypte","Comptoir Commercial Economi que, de la Société des Biens de Rapport d'Egypte",director,0,,,,18,71
2361,1947,P00016,Egypt,Egypt,,,C00675,The Egyptian Land & Buildings Co,The Egyptian Land & Buildings Co,director,0,,,,18,71
2362,1947,P00967,Casulli Alexandre M,Casulli Alexandre M,,,C01587,The Garbieh Ginning Co. (S.A.),The Garbieh Ginning Co. (S.A.),director,0,,,,18,71
2363,1947,P00248,Casulli Michel S,Casulli Michel S,,,C02039,Tite Garbieh Ginning Co,Tite Garbieh Ginning Co,president,0,,,,18,71
2364,1947,P00248,Casulli Michel S,Casulli Michel S,,,C00571,Société Générale de Pressage,Société Générale de Pressage,director,0,,,,18,71
2365,1947,P00248,Casulli Michel S,Casulli Michel S,,,C00346,Dépôts,Dépôts,director,0,,,,18,71
2366,1947,P00039,Cattaui Aslan,Cattaui Aslan Bey,bey,,C00231,Union Foncière d'Egypte,Union Foncière d'Egypte,managing_director,0,,,,18,72
2367,1947,P00039,Cattaui Aslan,Cattaui Aslan Bey,bey,,C02078,diverses Sociétés,diverses Sociétés,director,0,,,,18,72
2368,1947,P00044,Cattaui René,Cattaui René Bey,bey,,C00140,Société Anonyme de Wadi Kom Ombo,Société Anonyme de Wadi Kom Ombo,managing_director,0,,,,18,72
2369,1947,P00044,Cattaui René,Cattaui René Bey,bey,,C00065,Crédit Foncier Egyptien,Crédit Foncier Egyptien,director,0,,,,18,72
2370,1947,P00044,Cattaui René,Cattaui René Bey,bey,,C01635,Jo. Société Générale des Sucreries,Jo. Société Générale des Sucreries,director,0,,,,18,72
2371,1947,P00044,Cattaui René,Cattaui René Bey,bey,,C00114,Raffinerie d'Egypte,Raffinerie d'Egypte,director,0,,,,18,72
2372,1947,P00044,Cattaui René,Cattaui René Bey,bey,,C01164,Tractor & Engineering Co,Tractor ·& Engineering Co,director,0,,,,18,72
2373,1947,P00968,Ceysens Albert,Ceysens Albert,,,C01939,Sucreriesd'Egypte,Sucreriesd'Egypte,general_manager,0,,,,18,72
2374,1947,P00250,Chaaraoui Hassan,S.E. Chaaraoui Hassan Pacha,pasha,s.e.,C00537,"Société Egyptienne des Industries Chimiques, S.A.E","la. Société Egyptienne des Industries Chimiques, S.A.E",director,0,,,,18,72
2375,1947,P00969,Chahine Khalil,Chahine Khalil,,,C01741,S.A.E. de Capitalisation l'Epargne,S.A.E. de Capitalisation l'Epargne,director,0,,,,18,72
2376,1947,P00659,Polaire de Suède,Polaire de Suède,,,C01730,S.A. des Wagons Lits Iran,S.A. des Wagons Lits Iran,director,0,,,,18,72
2377,1947,P00659,Polaire de Suède,Polaire de Suède,,,C01844,"Société Viticole et Vinicole d'Egypte, Représentant de la Cie. Internationale des Wagons-Lits en Egypte, en Palestine, Syrie, Irak et Iran","Société Viticole et Vinicole d'Egypte, Représentant de la Cie. Internationale des Wagons-Lits en Egypte, en Palestine, Syrie, Irak et Iran",president,0,,,,18,72
2378,1947,P00970,Chalhoub Sélim A,Chalhoub Sélim A,,,C01650,"la. Manufacture Egyptienne de Bonneterie et Tricotage «El Nil», S.A.E",Manufacture Egyptienne de Bonneterie et Tricotage «El Niln,director,0,,,,18,72
2379,1947,P00971,Chalom Me. Charles,Chalom Me. Charles,,,C00231,Union Foncière d'Egypte,Union Foncière d'Egypte,director,0,,,,18,72
2380,1947,P00971,Chalom Me. Charles,Chalom Me. Charles,,,C01618,Helwan Land Cy. p,Helwan Land Cy,director,0,,,,18,72
2381,1947,P00972,Chalom Rodolphe Bey Me,Chalom Rodolphe Bey Me,,,C02119,"«Fermag,, de la S.A. Agricole et Industrielle d'Egypte","«Fermag,, de la S.A. Agricole et Industrielle d'Egypte",director,0,,,,18,72
2382,1947,P00972,Chalom Rodolphe Bey Me,Chalom Rodolphe Bey Me,,,C01561,Etablissements,Etablissements,director,0,,,,18,72
2383,1947,P00973,Charara Mohamed,S.E. Charara Mohamed Pacha,pasha,s.e.,C01571,Farghaly Cotton & Investment Cy,Farghaly Cotton & Investment Cy,president,0,,,,18,72
2384,1947,P00973,Charara Mohamed,S.E. Charara Mohamed Pacha,pasha,s.e.,C01659,Misr Engineering Vl'orks & Transport Co,Misr Engineering Vl'orks & Transport Co,president,0,,,,18,72
2385,1947,P00974,Chawarby Hamed,S.E. Chawarby Hamed Pacha,pasha,s.e.,C01926,Sté. cclncorporated Industries»,Sté. cclncorporated Industries»,president,0,,,,18,73
2386,1947,P00974,Chawarby Hamed,S.E. Chawarby Hamed Pacha,pasha,s.e.,C01564,Etablissements Giacomo Cohenca Fils,Etablissements Giacomo Cohenca,president,0,,,,18,73
2387,1947,P00974,Chawarby Hamed,S.E. Chawarby Hamed Pacha,pasha,s.e.,C01870,Sté. Agricole et Fermière «Fermagn,Ste. Agricole et Fermière Fermag,vice_president,0,,,,18,73
2388,1947,P00974,Chawarby Hamed,S.E. Chawarby Hamed Pacha,pasha,s.e.,C01879,Sté. Agricole et Industrielle d'Egypte,Sté. Agricole et Industrielle d'Egypte,director,0,,,,18,73
2389,1947,P00975,Chedel A,Chedel A,,,C01671,National Ginning Cy,National Ginning Cy,director,0,,,,18,73
2390,1947,P00976,Chedid Charles de Me,Chedid Charles de Me,,,C01674,National Metal Industries,National Metal Industries,director,0,,,,18,73
2391,1947,P00977,Chédid Max,Chédid Max,,,C02043,Transport & Engineering Cy,Transport & Engineering Cy,director,0,,,,18,73
2392,1947,P00978,Chesman John S,Chesman John S,,,C01968,The Alexandria Manufacturing Co. Ltd,The Alexandria Ma- nufacturing Co,managing_director,0,,,,18,73
2393,1947,P00979,Chevalier Jean,Chevalier Jean,,,C01688,Nil Paris,Nil Paris,director,0,,,,18,73
2394,1947,P00980,Chikhani ·William,Chikhani ·William,,,C01634,Jardins et Vignobles d'Egypte,Jardins et Vignobles d'Egypte,director,0,,,,18,73
2395,1947,P00046,Constantin Jean Choremi Assocjé de la Y.Iaison Choremi,Choremi E.S,,,C01653,The Mediterranean Co. for General Tracte ( Egypt) S.A,Mediterranean Co. for General Tracte (Egypt) S.A,president,0,,,,18,73
2396,1947,P00253,Choremi Georges J,Choremi Georges J,,,C01954,Tb.e Mediterranean Co. for General Tracte (Egypt) S.A,Tb.e Mediterranean Co. for General Tracte (Egypt) S.A,president,0,,,,18,73
2397,1947,P00662,Choremi Jean A,Choremi Jean A,,,C01989,The Egyptian Independent,The Egyptian Independent,director,0,,,,18,73
2398,1947,P00663,Chosal Baron J. Buffin de,Chosal Baron J. Buffin de,,,C01979,The Cairo Electric,The Cairo Electric,director,0,,,,18,73
2399,1947,P00808,Ancien Ministre Ancien Sénateur,Ancien Ministre Ancien Sénateur,,,C00539,"Société Egyptienne de Filature et Tissage de la Laine, S.A.E",Société Egyptienne de Filature et Tissage de Laine S.A.E,president,0,,,,18,73
2400,1947,P00808,Ancien Ministre Ancien Sénateur,Ancien Ministre Ancien Sénateur,,,C01527,The Eastern Electric Cy,Eastern Electric Cy,president,0,,,,18,73
2401,1947,P00808,Ancien Ministre Ancien Sénateur,Ancien Ministre Ancien Sénateur,,,C01834,Société Misr pour le Tissage de la Soie S.A.E,Société Misr pour le Tissage de la Soie S.A.E,managing_director,0,,,,18,73
2402,1947,P00808,Ancien Ministre Ancien Sénateur,Ancien Ministre Ancien Sénateur,,,C01831,Société Misr pour la Rayonne S.A.E,Société Misr pour la Rayonne S.A.E,managing_director,0,,,,18,73
2403,1947,P00808,Ancien Ministre Ancien Sénateur,Ancien Ministre Ancien Sénateur,,,C01438,Banque Misr S.A.E,Banque Misr S.A.E,director,0,,,,18,73
2404,1947,P00808,Ancien Ministre Ancien Sénateur,Ancien Ministre Ancien Sénateur,,,C00065,Crédit Foncier Egyptien,Crédit Foncier Egyptien S.A.E,director,0,,,,18,73
2405,1947,P00808,Ancien Ministre Ancien Sénateur,Ancien Ministre Ancien Sénateur,,,C01848,Société d'Assurances «Al Chark» S.A.E,Société d'Assurances «Al Chark» S.A.E,director,0,,,,18,73
2406,1947,P00808,Ancien Ministre Ancien Sénateur,Ancien Ministre Ancien Sénateur,,,C01829,Société Misr pour la Filature et le Tissage S.A. E,Société Misr pour la Filature et le Tissage S.A. E,director,0,,,,18,73
2407,1947,P00808,Ancien Ministre Ancien Sénateur,Ancien Ministre Ancien Sénateur,,,C00514,Société,Société,director,0,,,,18,73
2408,1947,P00981,Choucri Moustapha,Choukri Moustafa,,,C01925,"Sté. Viticole et Vinicole d'Egypte, S.A.E",Sté. Viticole .& Vinicoled'Egypte,director,0,,,,18,74
2409,1947,P00982,Cicurel Clément J,Cicurel Clément,,,C01610,"Grands Magasins Cicurel, S.A.E","Grands Magasins Cicurel, S.A.E",managing_director,0,,,,18,74
2410,1947,P00982,Cicurel Clément J,Cicurel Clément,,,C02069,"de. uLe Scribe Egyptien)), S.A.E","uLe Scribe Egyptien)), S.A.E",director,0,,,,18,74
2411,1947,P00049,Cicurel David,Cicurel David,,,C00279,"Alexandria Pressing Co., S.A.E","Alexandria Pressing Co., S.A.E",director,0,,,,18,74
2412,1947,P00049,Cicurel David,Cicurel David,,,C00016,Alexandria Insurance Co,The Alexandria Insurance Gy,director,0,,,,18,74
2413,1947,P00049,Cicurel David,Cicurel David,,,C01698,Orient Linen Industry,Orient Li.nen Industry,director,0,,,,18,74
2414,1947,P00983,Cicurel Guy,Cicurel Guy,,,C02069,"de. uLe Scribe Egyptien)), S.A.E","uLe Scribe Egyptien)), S.A.E",director,0,,,,18,74
2415,1947,P00984,Cicurel Léon,Cicurel Léon,,,C01648,Maison d'Exportation de Coton Cicurel & Co,Maison d'Exportation de Coton Cicurel& Co,partner,0,,,,18,74
2416,1947,P00984,Cicurel Léon,Cicurel Léon,,,C00279,"Alexandria Pressing Co., S.A.E","The Alexandria Pressing Co., S.A.E",director,0,,,,18,74
2417,1947,P00985,Cicurel René,Cicurel René,,,C02069,"de. uLe Scribe Egyptien)), S.A.E","de. uLe Scribe Egyptien)), S.A.E",director,0,,,,18,74
2418,1947,P00985,Cicurel René,Cicurel René,,,C01610,"Grands Magasins Cicurel, S.A.E",Grands Magasins Cicurel,director,0,,,,18,74
2419,1947,P00986,Cicurel,Grands Magasins Cicurel,,,C00541,Société Egyptienne de Placements,Société Egyptienne de Placements,director,0,,,,18,74
2420,1947,P00258,Clark Henry,Clark Henry,,,C00113,Presses Libres Egyptiennes,Presses Libres Egyptiennes,managing_director,0,,,,18,74
2421,1947,P00987,Cockinos Anastase,Cockinos Anastase,,,C01375,"'a Société d'Entreprises M. Cockinos, S.A.E","Société des Entreprises M. Cockinos, S.A.E",director,0,,,,18,74
2422,1947,P00666,Cockinos Miltiade,Cockinos Miltiade,,,C01375,"'a Société d'Entreprises M. Cockinos, S.A.E","Société d'Entreprises M. Cockinos, S.A.E",president,0,,,,18,74
2423,1947,P00260,Coen Edouard,Coen Edouard,,,C00391,Industrie Meunière d'Alexandrie,Industrie Meunièred'Alexandrie,managing_director,0,,,,18,74
2424,1947,P00261,Coen James,Coen James,,,C01625,Industrie Meunière d'A· lexandrie,Industrie Meunière d'A· lexandrie,managing_director,0,,,,18,74
2425,1947,P00988,Coen Maurizio Comm,Coen Maurizio Comm,,,C00391,Industrie Meunière d'Alexandrie,Industrie Meunière d'Alexandrie,president,0,,,,18,74
2426,1947,P00263,Cogels Baron Jean,Cogels Baron Jean,,,C00306,Caisse Hypothécaire d'Egypte,Caisse Hypothécaire d'Egypte,director,0,,,,18,74
2427,1947,P00051,Cohen Alfred N,Cohen Alfred N,,,C00613,Sociétéd'Avances Commerciales,Sociétéd'Avances Commerciales,president,0,,,,18,74
2428,1947,P00051,Cohen Alfred N,Cohen Alfred N,,,C00613,Sociétéd'Avances Commerciales,Sociétéd'Avances Commerciales,managing_director,0,,,,18,74
2429,1947,P00264,Cohen Aron,Cohen Aron,,,C00414,"Maisond'Ameublement B. Pontremoli, S.A.E","Maisond'Ameublement B. Pontremoli, S.A.E",director,0,,,,18,75
2430,1947,P00989,Cohen Daniel,Cohet'i Daniel,,,C01535,Egyptian Cotton & Trading Cy,Egyptian Cotton .& Trading Cy,director,0,,,,18,75
2431,1947,P00990,Cohen Fernand,Cohen Fernand,,,C01535,Egyptian Cotton & Trading Cy,Egyptian Cotton .& Trading Cy,director,0,,,,18,75
2432,1947,P00991,Cohen Isaac,Cohen Isaac,,,C01893,Sté. Eg. de Minoterie et Silos,Sté. Eg. de Minoterie et Silos,managing_director,0,,,,18,75
2433,1947,P00992,Cohen Maurice,Cohen Maurice,,,C01609,Grands Magasins Chemla,Grands Magasins Chemla,managing_director,0,,,,18,75
2434,1947,P00668,Cohen Sir Robert Waley,Cohen Sir Robert Waley,,,C00288,Anglo-Egyptian Oilfields,Anglo-Egyptian Oilfields,president,0,,,,18,75
2435,1947,P00993,Cohenca Jacques,Cohenca Jacques,,,C01564,Etablissements Giacomo Cohenca Fils,Etablissements Giacomo Cohenca Fils,director,0,,,,18,75
2436,1947,P00440,Peel Col. E. T,Cole T. R,,,C01402,The Aboukir Cy,The Aboukir Cy,director,0,,,,18,75
2437,1947,P00994,Contomichalos Gérassimo,Contomichalos Gérassimo,,,C01739,S.A.E. Sahel,S.A.E. SaheL,director,0,,,,18,75
2438,1947,P00995,Constant Halford,Constant Halford,,,C01681,Near,Near,director,0,,,,18,75
2439,1947,P00672,Cornish J. E,Cornish J. E,,,C00020,The Alexandria vVater Co. Ltd,The Alexandria vVater Co. Ltd,director,0,,,,18,75
2440,1947,P00996,Couannier Pierre,Couannier Pierre,,,C02045,"Union Vie de_ Paris, AdministTateur Naitonal Insurance Cy. of Egypt","Union Vie de_ Paris, AdministTateur Naitonal Insurance Cy. of Egypt",manager,0,,,,18,75
2441,1947,P00275,Cossery Edouard,Cossery Edouard Bey,bey,,C01798,"Société Egyptienne poml'Exploitation des Mines et Carrières, S.A.E","Société Egyptienne poml'Exploitation des Mines et Carrières, S.A.E",director,0,,,,18,75
2442,1947,P00674,Cozzika Th. P,Cozzika Th. P,,,C00104,National Insurance Co. of Egypt,National Insurance Co. of Egypt,director,0,,,,18,75
2443,1947,P00674,Cozzika Th. P,Cozzika Th. P,,,C00895,"The Alexandria Racing Club, S.A.E","The Alexandria Racing Club, S.A.E",director,0,,,,18,75
2444,1947,P00674,Cozzika Th. P,Cozzika Th. P,,,C01917,Sté. Nationale des Matières Plastiques,Sté. Nationale des Matières Plastiques,director,0,,,,18,75
2445,1947,P00674,Cozzika Th. P,Cozzika Th. P,,,C01085,"Société Nationale du Papier, S.A.E","· de la Société Nationale du Papier, S.A.E",managing_director,0,,,,18,75
2446,1947,P00674,Cozzika Th. P,Cozzika Th. P,,,C01386,Egyptian Company for- International Tracte«ECIT»,-Egyptian Co. for International Trade «ECITn,director,0,,,,18,75
2447,1947,P00674,Cozzika Th. P,Cozzika Théodore Th,,,C01319,Alexandria Racing,The Alexandria Racing,director,0,,,,18,75
2448,1947,P00675,Crawford John A,Crawford John A,,,C00102,National Bank of Egypt,National Bank of Egypt,director,0,,,,18,75
2449,1947,P00997,Crombé Georges,Crombé Georges,,,C00200,The Cairo Electric Railways and Heliopolis Oases Co,The Cairo Electric Railways.& Heliopolis Oases Co,director,0,,,,18,75
2450,1947,P00997,Crombé Georges,Crombé Georges,,,C00463,S.A. des Chemins de Fer de la Basse-Egypte,"S.A., des Chemins de Fer de la Bass~-Egypte",director,0,,,,18,75
2451,1947,P00280,Curie! Maurice E,Curiel Maurice E,,,C01164,Tractor & Engineering Co,Tractor .& Engineering Cy,managing_director,0,,,,18,75
2452,1947,P00998,Curwen,Curwen,,,C02083,et Secrétaire de la . Sté. Edrei .& Co. Lt.d,et Secrétaire de la . Sté. Edrei .& Co. Lt.d,director,0,,,,18,75
2453,1947,P00676,Dabbah Maurice,Dabbah Maurice,,,C01506,Conseils d'Administration de The Anglo-American Nile Co,Conseils d'Administration de The Anglo-American Nile Co,member,0,,,,18,76
2454,1947,P00676,Dabbah Maurice,Dabbah Maurice,,,C00094,Koubbeh Gardens,Koubbeh Gardens,liquidator,0,,,,18,76
2455,1947,P00999,Oavezac Guy,Oavezac Guy,,,C01376,'iu Crédit Lyonnais,'iu Crédit Lyonnais,manager,0,,,,18,76
2456,1947,P01000,Mines,Mines,,,C00576,"Société Immobilière d'Alexandrie, S.A.F","Société Immobilière d'Alexandrie, S.A.F",president,0,,,,18,76
2457,1947,P01001,Davies Thomas E. H,Davies Thomas E. H,,,C00571,Société Générale de Pressage,Société Générale de Pressag~,director,0,,,,18,76
2458,1947,P01001,Davies Thomas E. H,Davies Thomas E. H,,,C00571,Société Générale de Pressage,Société Générale de Pressag~,manager,0,,,,18,76
2459,1947,P01001,Davies Thomas E. H,Davies Thomas E. H,,,C00571,Société Générale de Pressage,Société Générale de Pressag~,president,0,,,,18,76
2460,1947,P01001,Davies Thomas E. H,Davies Thomas E. H,,,C00346,Dépôts,Dépôts,director,0,,,,18,76
2461,1947,P01001,Davies Thomas E. H,Davies Thomas E. H,,,C00346,Dépôts,Dépôts,manager,0,,,,18,76
2462,1947,P01001,Davies Thomas E. H,Davies Thomas E. H,,,C00346,Dépôts,Dépôts,president,0,,,,18,76
2463,1947,P01002,Delacave Paul,Delacav·e Paul,,,C01544,Egyptian Hotels et Société Egyptienned'Electricité,Egyptian Hotels et Société Egyptienned'Electricité,member,0,,,,18,76
2464,1947,P01003,Delany Arthur S,Delany Arthur S,,,C02006,The Marconi Radio'f elegraph Co. of Egypt,The Marconi Radio'f elegraph Co. of Egypt,president,0,,,,18,76
2465,1947,P01003,Delany Arthur S,Delany Arthur S,,,C01993,The Egyptian State Broadcasting,The Egyptian State Broadcasting,general_manager,0,,,,18,76
2466,1947,P00677,Delany Gerald,Defany Gerald,,,C00418,Misr Aü·,Misr Aü·,director,0,,,,18,76
2467,1947,P01004,Misr Shipping,Misr Shipping,,,C01094,Société du Crédit AlPxandrin,Société de Crédit Alexandrin,director,0,,,,18,76
2468,1947,P01004,Misr Shipping,Misr Shipping,,,C00079,The Electricity & lee Supply Co,The Electricity & lee Supply Co,director,0,,,,18,76
2469,1947,P00678,Delia Vincent,Delia Vincent,,,C00672,The Egyptian Road Construction,Egyptian Road Construction Co. S.A.E,director,0,,,,18,76
2470,1947,P00678,Delia Vincent,Delia Vincent,,,C00672,The Egyptian Road Construction,Egyptian Road Construction Co. S.A.E,general_manager,0,,,,18,76
2471,1947,P00678,Delia Vincent,Delia Vincent,,,C02108,"~le­ xandria Commercial Co. S.A.E., de la S.A. d'Egrenage & d'Entrepôts","~le­ xandria Commercial Co. S.A.E., de la S.A. d'Egrenage & d'Entrepôts",director,0,,,,18,76
2472,1947,P00678,Delia Vincent,Delia Vincent,,,C02108,"~le­ xandria Commercial Co. S.A.E., de la S.A. d'Egrenage & d'Entrepôts","~le­ xandria Commercial Co. S.A.E., de la S.A. d'Egrenage & d'Entrepôts",president,0,,,,18,76
2473,1947,P00678,Delia Vincent,Delia Vincent,,,C02108,"~le­ xandria Commercial Co. S.A.E., de la S.A. d'Egrenage & d'Entrepôts","~le­ xandria Commercial Co. S.A.E., de la S.A. d'Egrenage & d'Entrepôts",managing_director,0,,,,18,76
2474,1947,P00678,Delia Vincent,Delia Vincent,,,C00453,S.A. Immobilière des Terrains Ghizeh et Rodah,S.A. Immobilière des Terrains Guizeh· Rodah,director,0,,,,18,76
2475,1947,P00678,Delia Vincent,Delia Vincent,,,C00453,S.A. Immobilière des Terrains Ghizeh et Rodah,S.A. Immobilière des Terrains Guizeh· Rodah,president,0,,,,18,76
2476,1947,P00678,Delia Vincent,Delia Vincent,,,C00453,S.A. Immobilière des Terrains Ghizeh et Rodah,S.A. Immobilière des Terrains Guizeh· Rodah,managing_director,0,,,,18,76
2477,1947,P00678,Delia Vincent,Delia Vincent,,,C00016,Alexandria Insurance Co,Alexandria. Insurance Co. S.A.E,president,0,,,,18,76
2478,1947,P00678,Delia Vincent,Delia Vincent,,,C00016,Alexandria Insurance Co,Alexandria. Insurance Co. S.A.E,vice_president,0,,,,18,76
2479,1947,P00678,Delia Vincent,Delia Vincent,,,C01839,Société Orientale de Publicité,Société Orientale de Publicité,director,0,,,,18,76
2480,1947,P00678,Delia Vincent,Delia Vincent,,,C01728,"S.A. des Presses Libres Egyptiennes, de l'Alexandria Life Insurance Co. S.A.E","S.A. des Presses Libres Egyptiennes, de l'Alexandria Life Insurance Co. S.A.E",director,0,,,,18,76
2481,1947,P00678,Delia Vincent,Delia Vincent,,,C01758,Soc. Egypt. de la Bourse Commerciale de M.E.B,Soc. Egypt. de la Bourse Commerciale de M.E.B,director,0,,,,18,76
2482,1947,P00678,Delia Vincent,Delia Vincent,,,C00128,S.A. du Béhéra,S.A. du Béhéra,director,0,,,,18,76
2483,1947,P00678,Delia Vincent,Delia Vincent,,,C00096,Land Bank of Egypt,Land Bank of Egypt,managing_director,0,,,,18,76
2484,1947,P00289,Destrée René,Destrée René,,,C00213,Egyptian Hotels,Egyptian Hotels,president,0,,,,18,76
2485,1947,P00289,Destrée René,Destrée René,,,C01979,The Cairo Electric,The Cairo Electr,president,0,,,,18,76
2486,1947,P00289,Destrée René,Destrée René,,,C01874,Sté,Sté,vice_president,0,,,,18,76
2487,1947,P01005,Dib Georges,Diab Georges,,,C01517,Daira Assaad Bassili Pacha,Daira Assaad Bassili Pacha,managing_director,0,,,,18,77
2488,1947,P01006,Diab Emile,Diab Emile,,,C01454,Building & Engineering Supplies Co,Building & Engineering Supplies Co,managing_director,0,,,,18,77
2489,1947,P01006,Diab Emile,Diab Emile,,,C02042,Trading Corporation of Egypt,Trading Corporation of Egypt,director,0,,,,18,77
2490,1947,P01006,Diab Emile,Diab Emile,,,C01414,The Alexandria & Khartoum Trading Corp,Alexandria & Khartoum Trading Corp,director,0,,,,18,77
2491,1947,P01007,Dicny Moise,Dicny Moise Bey,bey,,C00354,Egyptian Finance Cy,Egyptian Finance Cy,director,0,,,,18,77
2492,1947,P00681,Dvac:ono Hector V,Dvac:ono Hector V,,,C01363,'Administration de The United Storage Navigation & Com· mercial Cy,'Administration de The United Storage Navigation & Com· mercial Cy,managing_director,0,,,,18,77
2493,1947,P00681,Dvac:ono Hector V,Dvac:ono Hector V,,,C01363,'Administration de The United Storage Navigation & Com· mercial Cy,'Administration de The United Storage Navigation & Com· mercial Cy,general_manager,0,,,,18,77
2494,1947,P00681,Dvac:ono Hector V,Dvac:ono Hector V,,,C01363,'Administration de The United Storage Navigation & Com· mercial Cy,'Administration de The United Storage Navigation & Com· mercial Cy,council_member,0,,,,18,77
2495,1947,P00682,Dïmopoulo D,Dimopoulo C,,,C01983,The Consolidated Landed Interests (Egypt),The Consolidated Landed Interests (Egypt),managing_director,0,,,,18,77
2496,1947,P00682,Dïmopoulo D,Dimopoulo C,,,C02075,del'United Storage Navigation ·& Commercial Cy,del'United Storage Navigation ·& Commercial Cy,director,0,,,,18,77
2497,1947,P00682,Dïmopoulo D,Dïmopoulo D,,,C01983,The Consolidated Landed Interests (Egypt),The Consolidated Landed Interests (Egypt),president,0,,,,18,77
2498,1947,P00682,Dïmopoulo D,Dïmopoulo D,,,C01983,The Consolidated Landed Interests (Egypt),The Consolidated Landed Interests (Egypt),managing_director,0,,,,18,77
2499,1947,P00682,Dïmopoulo D,Dïmopoulo D,,,C01983,The Consolidated Landed Interests (Egypt),The Consolidated Landed Interests (Egypt),director,0,,,,18,77
2500,1947,P00682,Dïmopoulo D,Dïmopoulo D,,,C02046,Unitas Trading &,Unitas Trading &,president,0,,,,18,77
2501,1947,P00682,Dïmopoulo D,Dïmopoulo D,,,C02046,Unitas Trading &,Unitas Trading &,managing_director,0,,,,18,77
2502,1947,P00682,Dïmopoulo D,Dïmopoulo D,,,C02046,Unitas Trading &,Unitas Trading &,director,0,,,,18,77
2503,1947,P01008,Djeddah Eli~ N,Djeddah Eli~ N,,,C00078,The Egyptian Salt & Soda Cy. Ltd,Egyptian Salt & Soda Cy. Ltd,director,0,,,,18,77
2504,1947,P01008,Djeddah Eli~ N,Djeddah Eli~ N,,,C01896,Sté. Eg. des Emballages Economiques,Sté. Eg. des Emballages Economiques,director,0,,,,18,77
2505,1947,P01009,IDoligez Marcel Auguste Joseph,IDoligez Marcel Auguste Joseph,,,C01791,Société Egyptienne de Teinture,Société Egyptienne de Teinture,director,0,,,,18,77
2506,1947,P01009,IDoligez Marcel Auguste Joseph,IDoligez Marcel Auguste Joseph,,,C01427,Apprêt,Apprêt,director,0,,,,18,77
2507,1947,P01010,Dorra Albert,Dorra Albert,,,C01592,General Chemical Industries Gy «CICn,General Chemical Industries<<CICn,director,0,,,,18,77
2508,1947,P00684,Dorra Haim,Dorra Haim,,,C00548,Société Egyptienne de l'Industrie de Bonneterie,Société Egyptienne pour l'Industrie de Bonneterie,director,0,,,,18,77
2509,1947,P00684,Dorra Haim,Dorra Haim,,,C01827,"Société Misr pour l'Industrie Pharmaceutique, S.A.E","Société Misr pour l'Industrie Pharmaceutique, S.A.E",director,0,,,,18,77
2510,1947,P00685,Dorra Jacques,Dorra Jacques,,,C00548,Société Egyptienne de l'Industrie de Bonneterie,Société Egyptienne de l'Industrie de Bonneterie,managing_director,0,,,,18,77
2511,1947,P01011,Dorra Zaki,Dorra Zaki,,,C00548,Société Egyptienne de l'Industrie de Bonneterie,Société Egyptienne de l'Industrie de Bonneterie,director,0,,,,18,77
2512,1947,P00686,Doss Tewfik,Doss Emile Tewfik,,,C01923,"Sté. The Clothing ,& Equipment Cy. of Egypt","Sté. The Clothing ,& Equipment Cy. of Egypt",director,0,,,,18,77
2513,1947,P00686,Doss Tewfik,S.E. Doss Tewfik Pacha,pasha,s.e.,C02043,Transport & Engineering Cy,Transport & Engineering Cy,president,0,,,,18,78
2514,1947,P00686,Doss Tewfik,S.E. Doss Tewfik Pacha,pasha,s.e.,C00226,The Upper Egypt Hotels,Upper Egyut Hotels,president,0,,,,18,78
2515,1947,P00686,Doss Tewfik,S.E. Doss Tewfik Pacha,pasha,s.e.,C01464,Cheikh Fadl,Cheikh Fadl,president,0,,,,18,78
2516,1947,P00686,Doss Tewfik,S.E. Doss Tewfik Pacha,pasha,s.e.,C01432,Auberges d'Egypte,Auberges d'Egypte,vice_president,0,,,,18,78
2517,1947,P00686,Doss Tewfik,S.E. Doss Tewfik Pacha,pasha,s.e.,C01370,'Administration de la Société Misr d'Assurances Générales,'Administration de la Société Misr d'Assurances Générales,council_member,0,,,,18,78
2518,1947,P00686,Doss Tewfik,S.E. Doss Tewfik Pacha,pasha,s.e.,C01820,Société Misr de Navigation Maritime,Société Misr de Navigation Maritime,council_member,0,,,,18,78
2519,1947,P00686,Doss Tewfik,S.E. Doss Tewfik Pacha,pasha,s.e.,C01437,Banque Misr (Syrie-Liban),Banque Misr (Syrie-Liban),council_member,0,,,,18,78
2520,1947,P00686,Doss Tewfik,S.E. Doss Tewfik Pacha,pasha,s.e.,C00231,Union Foncière d'Egypte,Union Foncièrad'Egypte,vice_president,0,,,,18,78
2521,1947,P00686,Doss Tewfik,S.E. Doss Tewfik Pacha,pasha,s.e.,C01818,Société Misr de Filature,Société Misr de Filature,vice_president,0,,,,18,78
2522,1947,P00686,Doss Tewfik,S.E. Doss Tewfik Pacha,pasha,s.e.,C02036,Tissage Fin en Coton Egyptien (Usines Kafr El Dawar),Tissage Fin en Coton Egyptien (Usines à Kafr El Dawar),vice_president,0,,,,18,78
2523,1947,P00686,Doss Tewfik,S.E. Doss Tewfik Pacha,pasha,s.e.,C01828,Société Misr pour l'Industrie et le Commerce des Huiles,Société Misr pour l'Industrie et le Commerce des Huiles,vice_president,0,,,,18,78
2524,1947,P00686,Doss Tewfik,S.E. Doss Tewfik Pacha,pasha,s.e.,C01824,Société Misr des Mines et Carrières,Société Misr des Mines et Carrières,vice_president,0,,,,18,78
2525,1947,P01012,Doss Mtre. Wahib,Doss Mtre. Wahib Bey,bey,,C01931,Sté. des Biens de Rapport d'Egypte,Sté. des Biens de Rapport d'Egypte,president,0,,,,18,78
2526,1947,P01012,Doss Mtre. Wahib,Doss Mtre. Wahib Bey,bey,,C00051,Commercial Bank of Egypt,Commercial Bank of Egypt,vice_president,0,,,,18,78
2527,1947,P01012,Doss Mtre. Wahib,Doss Mtre. Wahib Bey,bey,,C01486,Commercial Insurance Cy. of Egypt,Commercial Insurance Cy. of Egypt,vice_president,0,,,,18,78
2528,1947,P01012,Doss Mtre. Wahib,Doss Mtre. Wahib Bey,bey,,C01814,Société Mi sr pour le Li.n,Société Mi sr pour le Li.n,director,0,,,,18,78
2529,1947,P01013,Dreyfus René Gaston,Dreyfus René Gaston,,,C01907,Sté. Franco-Egyptienne d'Importation,Sté. Franco-Egyptienne d'Importation,director,0,,,,18,78
2530,1947,P00295,Dubied Pierre,Dubied Pierre,,,C01789,Société Egyptienne de Cimeut,Société Egyptienne de Cimeut,director,0,,,,18,78
2531,1947,P01014,Dudler Joseph,Dudler Joseph,,,C00711,The Upper Egypt Ginning Co,Upper Egypt Mining Cy,director,0,,,,18,78
2532,1947,P01015,Dukes Eric,Dukes Eric,,,C00453,S.A. Immobilière des Terrains Ghizeh et Rodah,S.A. Immobilièrl? des Terrains Ghizeh & Rodah,vice_president,0,,,,18,78
2533,1947,P01015,Dukes Eric,Dukes Eric,,,C01839,Société Orientale de Publicité,Société Orientale de Publicité,director,0,,,,18,78
2534,1947,P01015,Dukes Eric,Dukes Eric,,,C00155,Société Egyptienne d'Egrenage,Société Egyptienne d'Egrenage,director,0,,,,18,78
2535,1947,P01015,Dukes Eric,Dukes Eric,,,C00080,Entrepôts,Entrepôts,director,0,,,,18,78
2536,1947,P01015,Dukes Eric,Dukes Eric,,,C00608,Société des Produits Centrifugés en Ciment. ·,Société des Produits Centrifugés en Ciment. ·,director,0,,,,18,78
2537,1947,P01016,Dutard Jacques,Dutard Jacques,,,C00224,The United Egyptian Nile Transport Co,United Egyptian Nile Transport Cy,director,0,,,,18,78
2538,1947,P01017,Edrei Elie,Edrei Elie,,,C02118,«Edrei & Co. Ltd.n,«Edrei & Co. Ltd.n,president,0,,,,18,78
2539,1947,P01018,Artistes Français Paris,Artistes Français Paris,,,C00675,The Egyptian Land & Buildings Co,The Egyptian Land .& BuildiJ,director,0,,,,18,78
2540,1947,P01018,Artistes Français Paris,Artistes Français Paris,,,C02011,The National Theat res Cy,The National Theat res Cy,director,0,,,,18,78
2541,1947,P01018,Artistes Français Paris,Artistes Français Paris,,,C01935,Sté. des Plâtrières de Ballah,Sté. des Plâtrières de Ballah,director,0,,,,18,78
2542,1947,P01018,Artistes Français Paris,Artistes Français Paris,,,C01947,Surveillance de la Société des Plâtres d'Albâtre Roland Boniteau & Co,Surveillance de la Société des Plâtres d'Albâtre Roland Boniteau & Co,council_member,0,,,,18,78
2543,1947,P01018,Artistes Français Paris,Artistes Français Paris,,,C01946,Surveillance de la Manufacture Nationale de Couvertures et Lainages (A. Saltiel & Co.),Surveillance de la Manufacture Nationale de Couvertures A. Saltiel & Co,council_member,0,,,,18,78
2544,1947,P01019,Eid Saleh,Eid Saleh,,,C01835,Société Misr pour les Fourrages,Société Misr pour les Fourrages,vice_president,0,,,,18,79
2545,1947,P01020,El Chaféi Abdel Salam,El Chaféi Abdel Salam,,,C01746,S.A.E. «Almina''·,S.A.E. «Almina''·,director,0,,,,18,79
2546,1947,P01021,El Chami Mohamed Hassan,El Chami Mohamed Hassan Bey,bey,,C01547,"Egyptian Rie€ .& Flour Mills Co., S.A.E","Egyptian Rie€ .& Flour Mills Co., S.A.E",president,0,,,,18,79
2547,1947,P01021,El Chami Mohamed Hassan,El Chami Mohamed Hassan Bey,bey,,C00672,The Egyptian Road Construction,"Egyptian Road Construction Co., S.A.E",president,0,,,,18,79
2548,1947,P00688,El Chichini Hassan 1Kamel .,S.E. El Chichini Hassan 1Kamel . Pacha,pasha,s.e.,C01096,"Société pour la Vente des Produits Egyptiens, S.A.E","la- Société pour la Vente des Produits Egyptiens, S.A.E",president,0,,,,18,79
2549,1947,P00688,El Chichini Hassan 1Kamel .,S.E. El Chichini Hassan 1Kamel . Pacha,pasha,s.e.,C01096,"Société pour la Vente des Produits Egyptiens, S.A.E","la- Société pour la Vente des Produits Egyptiens, S.A.E",managing_director,0,,,,18,79
2550,1947,P00688,El Chichini Hassan 1Kamel .,S.E. El Chichini Hassan 1Kamel . Pacha,pasha,s.e.,C01096,"Société pour la Vente des Produits Egyptiens, S.A.E","la- Société pour la Vente des Produits Egyptiens, S.A.E",director,0,,,,18,79
2551,1947,P00688,El Chichini Hassan 1Kamel .,S.E. El Chichini Hassan 1Kamel . Pacha,pasha,s.e.,C01675,National Plastics Co,National Plastics Co,managing_director,0,,,,18,79
2552,1947,P00688,El Chichini Hassan 1Kamel .,S.E. El Chichini Hassan 1Kamel . Pacha,pasha,s.e.,C01675,National Plastics Co,National Plastics Co,director,0,,,,18,79
2553,1947,P01022,Eliakim Albert,Eliakim Albert,,,C01690,Nile Brewery,Nile Brewery,director,0,,,,18,79
2554,1947,P01023,El Masri Habib,S.E. El Masri Habib Pacha,pasha,s.e.,C02024,The Union Cotton Cy. of Alexandria,The Union Cotton Cy. of Alexandria,director,0,,,,18,79
2555,1947,P01023,El Masri Habib,S.E. El Masri Habib Pacha,pasha,s.e.,C01442,Banque Zilkha,Banque Zilkha,director,0,,,,18,79
2556,1947,P01024,El-Menzalaoui Moustafa Me,EI-Menzalaoui Moustafa Me,,,C01905,Sté. Egyptienne pour la Fabrication etl'Exportation. des Conserves,Sté. Egyptienne pour la Fabrication etl'Exportation. des Conserves,director,0,,,,18,79
2557,1947,P01024,El-Menzalaoui Moustafa Me,EI-Menzalaoui Moustafa Me,,,C01880,Sté. Agricole et Urbaine «Le Fayoum»,"Sté. Agricole et Urbaine«Le Fayoum""",director,0,,,,18,79
2558,1947,P01025,Eloui Aziz,Eloui Aziz,,,C01851,"Société de Ciment Portland de Helouan, S.A.E","Société de Ciment Portland de Helouan, S.A.E",director,0,,,,18,79
2559,1947,P00016,Egypt,Carrier-Egypt,,,C01869,Standard Oil Oil Co. of Egypt,Standard Oil Oil Co. of Egypt,director,0,,,,18,79
2560,1947,P00016,Egypt,Carrier-Egypt,,,C01658,"The Misr Concrète Development Co., S.A.E","Misr Concrete Development Co., S.A.E",director,0,,,,18,79
2561,1947,P01026,Eloui Kamal,Eloui Kamal Bey,bey,,C01655,"Misr Airwork, S.A.E","Misr Airwork, S.A.E",president,0,,,,18,79
2562,1947,P01026,Eloui Kamal,Eloui Kamal Bey,bey,,C01655,"Misr Airwork, S.A.E","Misr Airwork, S.A.E",director,0,,,,18,79
2563,1947,P01026,Eloui Kamal,Eloui Kamal Bey,bey,,C01661,The Misr Shipping S.A.E,"Misr Shipping, S.A.E",president,0,,,,18,79
2564,1947,P01026,Eloui Kamal,Eloui Kamal Bey,bey,,C01661,The Misr Shipping S.A.E,"Misr Shipping, S.A.E",director,0,,,,18,79
2565,1947,P01027,El Toukhy Hassan Ahmed,El Toukhy Hassan Ahmed,,,C00729,"Toukhy's Co. for Sundries & Toys, S.A.E","Toukhy's Co. for Sundries.& Toys, S.A.E",president,0,,,,18,79
2566,1947,P01027,El Toukhy Hassan Ahmed,El Toukhy Hassan Ahmed,,,C00729,"Toukhy's Co. for Sundries & Toys, S.A.E","Toukhy's Co. for Sundries.& Toys, S.A.E",managing_director,0,,,,18,79
2567,1947,P01028,Eman André,Dr. Eman André,,dr.,C01808,Société Générale de Placement Financier et Industriel,Société Générale de Placement Financier et Industriel,director,0,,,,18,79
2568,1947,P01029,Empain Baron Edouard,Empain Baron Edouard,,,C01980,"The Cairo Electric Railways ,& Heliopolis Oases Co. et The African Enterprise .& Development Cy","The Cairo Electric Railways ,& Heliopolis Oases Co. et The African Enterprise .& Development Cy",vice_president,0,,,,18,79
2569,1947,P01029,Empain Baron Edouard,Empain Baron Edouard,,,C00487,S.A. de la Société Egyptienne d'Electricité,S.A. de la Société Egyptienne d'Electricité,director,0,,,,18,79
2570,1947,P01029,Empain Baron Edouard,Empain Baron Edouard,,,C00833,nombreuses sociétés belges et étrangères,nombreuses Sociétés Belges et Etrangères,director,0,,,,18,79
2571,1947,P00312,Empain Baron Louis,Empain Baron Louis,,,C02076,denombreuses Sociétés belges et étrangères,denombreuses Sociétés belges et étrangères,director,0,,,,18,80
2572,1947,P01030,Enan Hussein Pacha Ancien Ministre,S.E. Enan Hussein Pacha Ancien Ministre,,s.e.,C00213,Egyptian Hotels,Egyptian Hotels,director,0,,,,18,80
2573,1947,P01031,National Plastics,National Plastics,,,C02114,"«Al-Charkn, Sté. d'Entrt' prises Générales","«Al-Charkn, Sté. d'Entrt' prises Générales",vice_president,0,,,,18,80
2574,1947,P00690,Enan Saleh,S.E. Enan Saleh Pacha,pasha,s.e.,C02133,"·ation de la Société de Ciment Portland de Helouan, S.A.E. et dP la Société «Egyptian Cement Productsn","·ation de la Société de Ciment Portland de Helouan, S.A.E. et dP la Société «Egyptian Cement Productsn",director,0,,,,18,80
2575,1947,P00691,Epaulard P,Epaulard P,,,C01410,Agence du Crédit Lyonnais au Caire,Agence du Crédit Lyonnais au Caire,manager,0,,,,18,80
2576,1947,P00315,Erfan Mohamed,Erfan Mohamed Bey,bey,,C00212,The Egyptian Enterprise & Development Co,The Egyptian Enterprise .& Development Co,director,0,,,,18,80
2577,1947,P01032,Estabrook Edward Lewis,Estabrook Edward Lewis,,,C00618,"The Standard Oil Co. of Egypt, S.A","The Standard Oil Co. of Egypt, S.A",director,0,,,,18,80
2578,1947,P01033,Eugenides Eugène,Eugenides Eugène,,,C01597,General Navigation Co. of Egypt,General Navigation Cy. of· Egypt,vice_president,0,,,,18,80
2579,1947,P00694,Ezri Raymond,Ezri Raymond,,,C00068,Dakahlieh Land Co,Dakahlieh 'Land Co,director,0,,,,18,80
2580,1947,P00695,Fahmi Gallini,S.E. Fahmi Gallini Pacha,pasha,s.e.,C01512,Crédit Agricole,Crédit Agricole,director,0,,,,18,80
2581,1947,P00695,Fahmi Gallini,S.E. Fahmi Gallini Pacha,pasha,s.e.,C01513,Crédit Hypothécaire Egyptien,Crédit Hypothécaire Egyptien,director,0,,,,18,80
2582,1947,P00695,Fahmi Gallini,S.E. Fahmi Gallini Pacha,pasha,s.e.,C01776,Société Copte de Bienfaisance,Société Copte de Bienfaisance,member,0,,,,18,80
2583,1947,P00058,Fakhry Mahmoud,S.E. Fakhry Mahmoud Pacha,pasha,s.e.,C00200,The Cairo Electric Railways and Heliopolis Oases Co,The Cairo Electric Railways & Heliopolis Oases Co,director,0,,,,18,80
2584,1947,P00058,Fakhry Mahmoud,S.E. Fakhry Mahmoud Pacha,pasha,s.e.,C00468,S.A. des Eaux du Caire,S.A. des Eaux du Caire,director,0,,,,18,80
2585,1947,P00696,Fanner William Rogers,Fanner William Rogers,,,C00217,The General Accident Fire and Life Assurance Corporation Ltd,The General Accident Fire and Life Assurance Corporatiou,president,0,,,,18,81
2586,1947,P01034,Ltd,Ltd,,,C01707,Platrières de Ballah,Platrières de Ballah,president,0,,,,18,81
2587,1947,P01034,Ltd,Ltd,,,C01177,"a. L. de l'Imperial Chemical Industries (Egypt), S.A","Imperial Chemical Industries (Egypt), S.A",director,0,,,,18,81
2588,1947,P01034,Ltd,Ltd,,,C01149,"The Standard Oil Company of Egypt, S.A","The Standard Oil Company of Egypt, S.A",director,0,,,,18,81
2589,1947,P01035,Farès Youssef,Fa·rès Yusef,,,C01507,Consuivantes,Consuivantes,president,0,,,,18,81
2590,1947,P01036,Orientale du Cinéma,Orientale du Cinéma,,,C02066,"conseils d'admi Associated Cottori Ginners of Egypt, Ltd. S.A.E., Chemical, Industrial ,& Trading Gy. S.A.E., General Building & Engineering Supplies Gy. S.A.E., 'Alexandria .& Khartoum","conseils d'admi Associated Cottori Ginners of Egypt, Ltd. S.A.E., Chemical, Industrial ,& Trading Gy. S.A.E., General Building & Engineering Supplies Gy. S.A.E., 'Alexandria .& Khartoum",member,0,,,,18,81
2591,1947,P01037,Farghaly Abdel Aziz Ahmed,Farghaly Abdel Aziz Ahmèd,,,C01885,Sté. An. des Presses Libres Egyptiennes,Sté. An. ries Presses Libres Egyptiennes,director,0,,,,18,81
2592,1947,P00697,Farghaly Mohamed Ahmed,S.E. Farghaly Mohamted Ahmed Pacha,pasha,s.e.,C01373,'Administration des Sociétés suivantes,'Administration des Sociétés suivantes,president,0,,,,18,81
2593,1947,P00697,Farghaly Mohamed Ahmed,S.E. Farghaly Mohamted Ahmed Pacha,pasha,s.e.,C01709,Pool des Egreneurs,Pool des Egreneurs,president,0,,,,18,81
2594,1947,P00697,Farghaly Mohamed Ahmed,S.E. Farghaly Mohamted Ahmed Pacha,pasha,s.e.,C01867,Sociétéssuivantes,Sociétéssuivantes,director,0,,,,18,81
2595,1947,P01038,Feldman 1. R.,Feldman 1. R. Bey,bey,,C01683,Near East Pharmaceutical et Commercial Cy S.A.E,Near East Pharmaceutical & Commercial Cy,member,0,,,,18,82
2596,1947,P01038,Feldman 1. R.,Feldman 1. R. Bey,bey,,C01683,Near East Pharmaceutical et Commercial Cy S.A.E,Near East Pharmaceutical & Commercial Cy,director,0,,,,18,82
2597,1947,P01038,Feldman 1. R.,Feldman 1. R. Bey,bey,,C01667,National,National,director,0,,,,18,82
2598,1947,P01039,Theatres Cy. S.A.E,Theatres Cy. S.A.E,,,C01491,"Compagnie Commerciale Cotonnière, S.A.E. (Ex-Fenderl & Co.}","Compagnie Commerciale Cotonnière, S.A.E. (Ex-Fenderl & Co.}",director,0,,,,18,82
2599,1947,P00331,"Feyel""ick Jacques",Feyerick Jacques,,,C00306,Caisse Hypothécaire d'Egypte,Caisse Hypothécaired'Egypte,director,0,,,,18,82
2600,1947,P01040,Fils P.A,Fils P.A,,,C01498,"Comptoir Au· xiliaire d'Entreprises, S.A.E","Comptoir Au· xiliaire d'Entreprises, S.A.E",director,0,,,,18,82
2601,1947,P00060,Finney Harold E,Finney Harold E,,,C00127,S.A. des Presses Libres Egyptiennes,S.A. des Presses Libres Egyptiennes,director,0,,,,18,82
2602,1947,P00060,Finney Harold E,Finney Harold E,,,C00476,S.A. des Terrains de Guizeh-Rodah,S.A. des Terrains de Guizeh-Rodah,director,0,,,,18,82
2603,1947,P00060,Finney Harold E,Finney Harold E,,,C00276,Alexandria Commercial Co,Alexandria Commercial Co,director,0,,,,18,82
2604,1947,P01041,Fischer Max,Fischer Max,,,C01497,"Comptoir Auxiliaire d'Entreprises, S.A.E","Comptoir Auxiliaire d'Entreprises, S.A.E",director,0,,,,18,82
2605,1947,P01042,Flower Edmond 1W,Flower Edmond 1W,,,C01808,Société Générale de Placement Financier et Industriel,Société Générale de Placement Financier et Industriel,director,0,,,,18,82
2606,1947,P01043,Franck Alfred,Franck Alfred,,,C01978,The Ca11'll,The Ca11'll,director,0,,,,18,82
2607,1947,P01044,Frank Victor,Frank Victor,,,C02003,The Land-House Corp,The Land-House Corp,director,0,,,,18,82
2608,1947,P01044,Frank Victor,Frank Victor,,,C02003,The Land-House Corp,The Land-House Corp,manager,0,,,,18,82
2609,1947,P01044,Frank Victor,Frank Victor,,,C00679,"The Egyptian Works & Construction Cy., S.A.E","Egyptian Works ,& Construction Cy., S.A.E",director,0,,,,18,82
2610,1947,P01045,Frey J.H,Frey J.H,,,C01757,SoJciété Egyptienne de Ciment Portland Tourah,SoJciété Egyptienne de Ciment Portland Tourah,director,0,,,,18,82
2611,1947,P00065,Fumaroli J,Fumaroli J,,,C01614,Gérance,Gérance,president,0,,,,18,82
2612,1947,P01046,Immobilière,Immobilière,,,C02047,United Enterprises,United Enterprises-,director,0,,,,18,82
2613,1947,P00530,Sabry Hussein,Galal Bey Hussein,,,C02024,The Union Cotton Cy. of Alexandria,The Union Cotton Cy. of Alexandria,director,0,,,,18,82
2614,1947,P01047,Galal Moustapha,Galal Moustapha Bey,bey,,C01562,Etablissements Bamco,Etablissements Bamco,director,0,,,,18,83
2615,1947,P01048,Galanté Raymond,Galanté Raymond,,,C01618,Helwan Land Cy. p,Helwan· Land Cy,director,0,,,,18,83
2616,1947,P01049,Galanté Robert,Galanté Robert,,,C01618,Helwan Land Cy. p,Helwan Land Cy,director,0,,,,18,83
2617,1947,P01050,Gantès Edouard,Gantès Edouard,,,C01779,Société Eg. de Constructions Modernes « Al Chams »,Société Eg. de Constructions Modernes «Al Chamsn,director,0,,,,18,83
2618,1947,P00698,Garboua Maurice,Garboua Maurice,,,C01955,Technique de Tht~ Dakahlieh Land Co,Technique de Tht~ Dakahlieh Land Co,president,0,,,,18,83
2619,1947,P00698,Garboua Maurice,Garboua Maurice,,,C01955,Technique de Tht~ Dakahlieh Land Co,Technique de Tht~ Dakahlieh Land Co,manager,0,,,,18,83
2620,1947,P00698,Garboua Maurice,Garboua Maurice,,,C01933,Sté. des Ingénieurs Agronomes pour l'Exploitation Agricole,Sté. des Ingénieurs Agronomes pour l'Exploitation Agricole,council_member,0,,,,18,83
2621,1947,P00069,Gasche Linus,Gasche Linus,,,C01579,Filature Nationale d'Eg_ypte,Filature Nationale d'Eg_ypte,managing_director,0,,,,18,83
2622,1947,P00069,Gasche Linus,Gasche Linus,,,C00552,Société Egyptienne des Industries Textiles,Société Egyptienne des Industries Textiles,managing_director,0,,,,18,83
2623,1947,P00069,Gasche Linus,Gasche Linus,,,C00553,Société Egyptienne des Industries de Bonneterie,Société Egyptienne des Industries de Bonneterie,managing_director,0,,,,18,83
2624,1947,P00069,Gasche Linus,Gasche Linus,,,C00544,Société Egyptienne de Tissage et Tricotage,Société Egyptienne de Tissage et Tricotage,director,0,,,,18,83
2625,1947,P00069,Gasche Linus,Gasche Linus,,,C01503,Comptoir pour la Vente des Filfls Egyptiens,Comptoir pour la Vente des Filfls Egyptiens,director,0,,,,18,83
2626,1947,P00069,Gasche Linus,Gasche Linus,,,C01769,"Société Anonyme Egyptienne «Carban, de The Egyptian Copper Works","Société Anonyme Egyptienne «Carban, de The Egyptian Copper Works",director,0,,,,18,83
2627,1947,P00069,Gasche Linus,Gasche Linus,,,C00030,Banque Belge et Internationale en Egypte,Banque Belge et Internationale en Egypte,director,0,,,,18,83
2628,1947,P00699,Gasche Robert,Gasche Robert,,,C00081,Filature Nationale d'Egypte,Filature Nationale d'Egypte,director,0,,,,18,83
2629,1947,P00699,Gasche Robert,Gasche Robert,,,C01903,Sté. Egyptienne des Industries Texti les,Sté. Egyptienne des Industries Texti les,director,0,,,,18,83
2630,1947,P00699,Gasche Robert,Gasche Robert,,,C01503,Comptoir pour la Vente des Filfls Egyptiens,Comptoir pour la Vente des Filés Egyptiens,director,0,,,,18,83
2631,1947,P01051,Gatteg~ S,Gatteg~ S,,,C01722,S.A. des Drogueri~s d'Egypte,S.A. des Drogueri~s d'Egypte,director,0,,,,18,83
2632,1947,P00337,Gautier Charles,Gautier Charles,,,C00067,Crédit Immobilier Suisse-Egyptien,Crédit Immobilier Suisse-Egyptien,director,0,,,,18,83
2633,1947,P01052,Geahel Pierre,Geahel Pierre,,,C01694,The North East Africa Trading Cy,The North East Africa Trading Cy,director,0,,,,18,83
2634,1947,P01053,Geisenberger Pierre,Geisenberger Pierre,,,C00462,S.A. des Bières Bomonti -& Pyramides,S.A. des Bières Bomonti -& Pyramides,managing_director,0,,,,18,83
2635,1947,P01054,Ghandour Hachem,Ghandour Hachem,,,C01699,The Oriental Bond Stores,Oriental Bond Stores,director,0,,,,18,83
2636,1947,P00340,Ghazi Mahrous Mohamed,Ghazi Mahrous Mohamed,,,C00729,"Toukhy's Co. for Sundries & Toys, S.A.E","Toukhy's Co. for Sundries & Toys, S.A.E",director,0,,,,18,83
2637,1947,P01055,Godber Frederick,Godber Frederick,,,C01423,Anglo Egyp.tian Oilfields,Anglo Egyp.tian Oilfields,director,0,,,,18,83
2638,1947,P00356,Ginsberg Richard,Ginsberg Richard,,,C01738,S.A.E. Peltours,S.A.E. Peltours,director,0,,,,18,83
2639,1947,P01056,Goar,Goar,,,C00053,Communauté Israélite d'Alexandrie,Communauté Israélite d'Alexandrie,vice_president,0,,,,18,83
2640,1947,P01056,Goar,Goar,,,C00001,'Administration de The Alexandria Insurance Company,'Administration de The Alexandria Insurance Co,council_member,0,,,,18,83
2641,1947,P01056,Goar,Goar,,,C02070,del' Alexandria Li fe Insu.rance Co,del' Alexandria Li fe Insu.rance Co,council_member,0,,,,18,83
2642,1947,P01057,Goldstein Charles,Goldstein Charles,,,C02126,«Nemcon,«Nemcon,director,0,,,,18,84
2643,1947,P01058,Goldstein-Gantes Ignace Me,Goldstein Ignace Me,,,C01624,Import & Export Bank of Egypt,Import & Export Bank of Egypt,director,0,,,,18,84
2644,1947,P01059,Goodwin E.A.H,Goodwin E.A.H,,,C01425,Anglo-Egyptian Soap .& Edible Products,Anglo-Egyptian Soap .& Edible Products,president,0,,,,18,84
2645,1947,P01060,Goradesky Léon dit Lebel,Goradesky Léon dit Lebel,,,C01888,Sté. Commerciale Ex-Import,Sté. Commerciale Ex-Import,director,0,,,,18,84
2646,1947,P01061,Goulakis C,Goulakis C,,,C01768,Société Anonyme Egyptienne de Capitalisation L'Epargne,Société Anonyme Egyptienne de Capitalisation L'Epargne,director,0,,,,18,84
2647,1947,P01062,Grad Isaac,Grad Isaac,,,C01592,General Chemical Industries Gy «CICn,General Chemical Industries«CICn,director,0,,,,18,84
2648,1947,P01063,Granguillot G. P,Granguillot G. P,,,C00578,"Société Immobilièred'Alexandrie, S.A.E","Société Immobilièred'Alexandrie, S.A.E",director,0,,,,18,84
2649,1947,P01063,Granguillot G. P,Granguillot G. P,,,C01937,Sté. des Terrains de la Villed'Alexandrie,Sté. des Terrains de la Villed'Alexandrie,director,0,,,,18,84
2650,1947,P01064,Grieve R,Grieve R,,,C01612,Grieve & Irwin Ltd,Grieve & Irwin Ltd,managing_director,0,,,,18,84
2651,1947,P01064,Grieve R,Grieve R,,,C02012,The Near East Cleaning Co. Ltd,The Near East Cleaning Co. Ltd,managing_director,0,,,,18,84
2652,1947,P01064,Grieve R,Grieve R,,,C01404,"Aclministration de Egyptian Plastics .& Electrical Industries, S.A.E. et Universal Modern Office Equipment Co","Aclministration de Egyptian Plastics .& Electrical Industries, S.A.E. et Universal Modern Office Equipment Co",council_member,0,,,,18,84
2653,1947,P00352,Groppi J,Groppi A,,,C00394,Industrie du Froid,Industrie du Froid,director,0,,,,18,84
2654,1947,P00352,Groppi J,Groppi J,,,C00394,Industrie du Froid,Industrie du Froid,president,0,,,,18,84
2655,1947,P01065,Grunberg Jos. Julien,Grunberg Jos. Julien,,,C01562,Etablissements Bamco,Etablissements Bamco,managing_director,0,,,,18,84
2656,1947,P01066,Gueziri Dr. Moukhtar Zaki El,Gueziri Dr. Moukhtar Zaki El,,,C01629,Irt·· dustrie Meunière d'Alexandrie,Irt·· dustrie Meunière d'Alexandrie,director,0,,,,18,84
2657,1947,P00354,Guirguis Elias,Guirguis Elias,,,C00599,Société des Autobus de Béhéra,Société des Autobus de Béhéra,director,0,,,,18,84
2658,1947,P00354,Guirguis Elias,Guirguis Elias,,,C00372,Gharbieh,Gharbieh,director,0,,,,18,84
2659,1947,P01067,Guirguis Fouad,S.E. Guirguis Fouad Pacha,pasha,s.e.,C01741,S.A.E. de Capitalisation l'Epargne,S.A.E. de Capitalisation L'Epargne,president,0,,,,18,84
2660,1947,P01067,Guirguis Fouad,S.E. Guirguis Fouad Pacha,pasha,s.e.,C01739,S.A.E. Sahel,S.A.E. Sahel,director,0,,,,18,84
2661,1947,P01068,Guirguis Nassif Eff,Guirguis Nassif Eff,,,C00606,Société des Omnibus de Fayoum,Société des Omnibus de Fayoum,director,0,,,,18,84
2662,1947,P01069,Guttmann Isaac,Guttmann Isaac,,,C02060,Zeitoun Canning & Food Cy,Zeitoun Canning & Food Cy,managing_director,0,,,,18,84
2663,1947,P01070,Gygi Dr. Hans,Gygi Dr. Hans,,,C00118,S.E. de Ciment Portland Tourah,S.E. de Ciment Portland-Tourah,director,0,,,,18,84
2664,1947,P01071,Cour de Cassation,Cour de Cassation,,,C01864,Sociétés,Sociétés,director,0,,,,18,84
2665,1947,P01072,Haggag Zakaria,Haggag Zakaria,,,C01534,Egyptian Cotton & Trading Co,Egyptian Cotton & Trading Co,director,0,,,,18,85
2666,1947,P01073,Haim Henri,Haim Henri,,,C01389,-Général de la Société Orientale de Publicité,-Général de la Société Orientale de Publicité,manager,0,,,,18,85
2667,1947,P01074,Hakim Youssef,Hakim Youssef,,,C02123,«Koldair»,«Koldair»,director,0,,,,18,85
2668,1947,P01075,Halford R. F,Halford R. F,,,C00445,Rosetta & Alexandria Rice Mills,Rosetta& Alexandria Rice Mills,director,0,,,,18,85
2669,1947,P01076,Halfm Eff. Mo·rgan,Halfm Eff. Mo·rgan,,,C01858,Société des Autobus de Charkieh et Dakahlieh,Société des Autobus de Charkieh et Dakahlieh,director,0,,,,18,85
2670,1947,P01076,Halfm Eff. Mo·rgan,Halfm Eff. Mo·rgan,,,C01934,Sté. des Omnibus de Fayoum,Sté. des Omnibus de Fayoum,director,0,,,,18,85
2671,1947,P01076,Halfm Eff. Mo·rgan,Halfm Eff. Mo·rgan,,,C02031,"The Upper Egypt Bus Co., S.A.E","The Upper Egypt Bus Co., S.A.E",director,0,,,,18,85
2672,1947,P01077,Hallet Jean,Hallet Jean,,,C01406,"Adjoint de la Banque Belge et Internationale en Egypte, à Àlexandrie","Adjoint de la Banque Belge et Internationale en Egypte, à Àlexandrie",manager,0,,,,18,85
2673,1947,P00703,Halter Hans,Halter Hans,,,C01891,Sté. Eg. de,Sté. Eg. de,manager,0,,,,18,85
2674,1947,P00703,Halter Hans,Halter Hans,,,C01891,Sté. Eg. de,Sté. Eg. de,director,0,,,,18,85
2675,1947,P01078,Hamed el Alaily,Hamed el Alaily Bey,bey,,C01576,Fayoum Textile Cy,Fayoum Textile Cy,director,0,,,,18,85
2676,1947,P01079,Hamed El Lozy,Hamed El Lozy Bey,bey,,C01527,The Eastern Electric Cy,The Eastern Electric Cy,director,0,,,,18,85
2677,1947,P01080,Hammad Mohamed Wassef,Hammad Mohamed Wassef,,,C01640,Lotus Navigation Cy,Lotus Navigation Cy,president,0,,,,18,85
2678,1947,P01080,Hammad Mohamed Wassef,Hammad Mohamed Wassef,,,C01699,The Oriental Bond Stores,The Oriental Bond Stores,managing_director,0,,,,18,85
2679,1947,P01081,Hammad Adel Mohamed,Hammad Adel Mohamed,,,C01640,Lotus Navigation Cy,Lotus Navigation Cy,managing_director,0,,,,18,85
2680,1947,P01082,Hann A.C,Hann A.C,,,C00102,National Bank of Egypt,National Bank of Egypt,director,0,,,,18,85
2681,1947,P00360,Hanna Mina,Hanna Mina,,,C00734,"Trading & Industrial Corp., S.A.E","Trading.& lndustrial Corp., S.A.E",director,0,,,,18,85
2682,1947,P01083,Harari Clément Me,Harari Clément Me,,,C01418,The Alexandria Spinning & Weaving Co,Alexandria Spinning & ·weaving Cy,director,0,,,,18,85
2683,1947,P01084,Harari Ernest Me,Harari Ernest Me,,,C01412,Aiexandria Spinning .& \Veaving Co,Aiexandria Spinning .& \Veaving Co,director,0,,,,18,85
2684,1947,P01085,Harari Marc,Harari Marc,,,C01405,"Ad- ministration de «Le Scribe Egyptien», S.A.E","Ad- ministration de «Le Scribe Egyptien», S.A.E",managing_director,0,,,,18,85
2685,1947,P01085,Harari Marc,Harari Marc,,,C01405,"Ad- ministration de «Le Scribe Egyptien», S.A.E","Ad- ministration de «Le Scribe Egyptien», S.A.E",president,0,,,,18,85
2686,1947,P00704,Harari Ralph A,Harari Ralph A,,,C00354,Egyptian Finance Cy,Egyptian Finance Co,council_member,0,,,,18,85
2687,1947,P00704,Harari Ralph A,Harari Ralph A,,,C00121,S. A. du Wadi Kom Ombo,S.A. de \Vadi Kom Ombo,council_member,0,,,,18,85
2688,1947,P00704,Harari Ralph A,Harari Ralph A,,,C00570,Société Générale Immobilière d'Egypte,Société Générale Immobilière d'Egypte,council_member,0,,,,18,85
2689,1947,P00704,Harari Ralph A,Harari Ralph A,,,C00176,Société Générale des Sucreries,Société Générale des Sucreries,council_member,0,,,,18,85
2690,1947,P00704,Harari Ralph A,Harari Ralph A,,,C01792,"Société Egyptienne de Tissage eL rrricotage, S.A.E","Société Egyptienne de Tissage eL rrricotage, S.A.E",council_member,0,,,,18,85
2691,1947,P01086,Harari Raymond,Harari Raymond,,,C02124,"«Le Scribe Egyptien», S.A.E","«Le Scribe Egyptien», S.A.E",managing_director,0,,,,18,85
2692,1947,P00706,Hargreaves Clive R,Hargreaves Clive R,,,C01780,Société EgylJtienne des Industries Textiles,Société EgylJtienne des Industries Textiles,director,0,,,,18,85
2693,1947,P00706,Hargreaves Clive R,Hargreaves Clive R,,,C00081,Filature Nationale d'Egypte,Filature Nationale d'Egypte,director,0,,,,18,85
2694,1947,P01087,Haselden E. F,Haselden E. F,,,C02050,Univet· sal Motor Co. of Egypt Ltd. et Managing-Director Haseld•m& Co. Ltd,Univet· sal Motor Co. of Egypt Ltd. et Managing-Director Haseld•m& Co. Ltd,director,0,,,,18,86
2695,1947,P01088,Harmant Eugène,Harmant Eugène,,,C00200,The Cairo Electric Railways and Heliopolis Oases Co,The Cairo Electric Railways& Heliopolis Oases Co,director,0,,,,18,86
2696,1947,P01089,Hassan Abdalla,Hassan Abdalla Bey,bey,,C01359,"Al Chark, Société d'Entreprises Générales","«Al Charkn, Sté. d'Entreprises Générales",director,0,,,,18,86
2697,1947,P01090,Hassan Fouad,Hassan Fouad Bey,bey,,C01634,Jardins et Vignobles d'Egypte,Jardins & Vignobles- d'Egypte,director,0,,,,18,86
2698,1947,P01091,Hassan Moukhtar Rasmi,S.E. Hassan Moukhtar Rasmi Pacha,pasha,s.e.,C02106,Sté. Misr pour la Filature et le Tissage S.A.E,~ Sté. Misr Filature et Tissage,managing_director,0,,,,18,86
2699,1947,P01091,Hassan Moukhtar Rasmi,S.E. Hassan Moukhtar Rasmi Pacha,pasha,s.e.,C02135,"·ion de Frosted Food ,& Cold Storage Cy","·ion de Frosted Food ,& Cold Storage Cy",director,0,,,,18,86
2700,1947,P01091,Hassan Moukhtar Rasmi,S.E. Hassan Moukhtar Rasmi Pacha,pasha,s.e.,C02135,"·ion de Frosted Food ,& Cold Storage Cy","·ion de Frosted Food ,& Cold Storage Cy",president,0,,,,18,86
2701,1947,P01091,Hassan Moukhtar Rasmi,S.E. Hassan Moukhtar Rasmi Pacha,pasha,s.e.,C02122,«Koldairn,«Koldairn,director,0,,,,18,86
2702,1947,P01091,Hassan Moukhtar Rasmi,S.E. Hassan Moukhtar Rasmi Pacha,pasha,s.e.,C02122,«Koldairn,«Koldairn,president,0,,,,18,86
2703,1947,P01091,Hassan Moukhtar Rasmi,S.E. Hassan Moukhtar Rasmi Pacha,pasha,s.e.,C01401,"Abou Zaabal ,& 1\afr Zayat Fertiliser& Chemical Co. (AKFAC)","Abou Zaabal ,& 1\afr Zayat Fertiliser& Chemical Co. (AKFAC)",director,0,,,,18,86
2704,1947,P01091,Hassan Moukhtar Rasmi,S.E. Hassan Moukhtar Rasmi Pacha,pasha,s.e.,C01401,"Abou Zaabal ,& 1\afr Zayat Fertiliser& Chemical Co. (AKFAC)","Abou Zaabal ,& 1\afr Zayat Fertiliser& Chemical Co. (AKFAC)",president,0,,,,18,86
2705,1947,P01092,Hassler Richard,Hassler Richard,,,C01674,National Metal Industries,National Metal Industries,director,0,,,,18,86
2706,1947,P01093,Hawa Georges,Hawa Georges,,,C01555,Egyptiari Rubber 1& Shoes Industry,Egyptiari Rubber 1& Shoes Industry,director,0,,,,18,86
2707,1947,P01094,Hazan Victor,Hazan Victor,,,C02111,~t- tion de la Sidi Salem Co,~t- tion de la Sidi Salem Co,director,0,,,,18,86
2708,1947,P01094,Hazan Victor,Hazan Victor,,,C00231,Union Foncière d'Egypte,Union Foncière d'Egypte,director,0,,,,18,86
2709,1947,P01094,Hazan Victor,Hazan Victor,,,C01494,"Compagnie Immobilière d'Egypte, S.A.E. (en liqUIdation)","Compagnie Immobilière d'Egypte, S.A.E. (en liqUIdation)",director,0,,,,18,86
2710,1947,P01095,Heatheves H. B,Heatheves H. B,,,C00288,Anglo-Egyptian Oilfields,Anglo-Egyptian Oilfields,director,0,,,,18,86
2711,1947,P01096,Hefni Mahmoud Pacha Ancien Ministre,S.E. Hefni Mahmoud Pacha Ancien Ministre,,s.e.,C01924,Sté Usines el Chourbagui,Sté. Usines Churbagui,president,0,,,,18,86
2712,1947,P01097,Hemsi Joseph,Hemsi Joseph Bey,bey,,C01864,Sociétés,Sociétés,director,0,,,,18,86
2713,1947,P01098,Hemsi,Hemsi,,,C01726,S.A. des Magasins Egyptiens Régime Bond,S.A. des Magasins Egyptiens Régime Bond,managing_director,0,,,,18,86
2714,1947,P01098,Hemsi,Hemsi,,,C01686,Near East Superintending Co. Ltd,Near East Superintending Co. Ltd,managing_director,0,,,,18,86
2715,1947,P01099,Herman Max M,Herman Max M,,,C01989,The Egyptian Independent,The Egyptian Independ8nt,director,0,,,,18,86
2716,1947,P00530,Sabry Hussein,S.E. Heykal Mohamed Hussein Pacha,pasha,s.e.,C01574,Fayoum Textih~ Cy,Fayoum Textih~ Cy,president,0,,,,18,86
2717,1947,P01100,Heyndrickx Pierre,Heyndrickx Pierre,,,C02136,·la Sté. Egyptienne des Em· hallages Economiques,·la Sté. Egyptienne des Em· hallages Economiques,director,0,,,,18,86
2718,1947,P01100,Heyndrickx Pierre,Heyndrickx Pierre,,,C01472,Cie. Française de,Cie. Française de,president,0,,,,18,86
2719,1947,P01101,Hirsch Siegmund,Hirsch Siegmund,,,C00667,"The Egyptian Copper Works, S.A.E","The Egyptian Copper Works, S.A.E",managing_director,0,,,,18,87
2720,1947,P00710,Hoerni Robert,Hoerni Robert,,,C00067,Crédit Immobilier Suisse-Egyptien,Crédit Immobilier .Suisse-Egyptien,director,0,,,,18,87
2721,1947,P01102,IHollings J. S,IHollings J. S,,,C02021,The Sinaï Mining Co. Ltd,The Sinaï Mining Co. Ltd,president,0,,,,18,87
2722,1947,P01103,Homsy Edgard,Homsy Edgard,,,C01397,<d\arnak» Cotton Spinning vVeaving & Dyeing Cy,<d\arnak» Cotton Spinning vVeaving & Dyeing Cy,director,0,,,,18,87
2723,1947,P01104,Homsy Riskallah,Homsy Riskallah,,,C00231,Union Foncière d'Egypte,Union Foncière d'Egypte,president,0,,,,18,87
2724,1947,P01104,Homsy Riskallah,Homsy Riskallah,,,C00231,Union Foncière d'Egypte,Union Foncière d'Egypte,director,0,,,,18,87
2725,1947,P01104,Homsy Riskallah,Homsy Riskallah,,,C01432,Auberges d'Egypte,Auberges d'Egypte,president,0,,,,18,87
2726,1947,P01104,Homsy Riskallah,Homsy Riskallah,,,C01432,Auberges d'Egypte,Auberges d'Egypte,director,0,,,,18,87
2727,1947,P01105,Homewood Georges,Homewood Georges,,,C00711,The Upper Egypt Ginning Co,Upper-Egypt Mining Co,director,0,,,,18,87
2728,1947,P00712,Hopkinson Frank,Hopkinson Frank,,,C01456,"B~i­ da Dyers, S.A.E","B~i­ da Dyers, S.A.E",director,0,,,,18,87
2729,1947,P00712,Hopkinson Frank,Hopkinson Frank,,,C01976,"The Bradford Dyers Association Li- mited, Bradfül'd, England. ·","The Bradford Dyers Association Li- mited, Bradfül'd, England. ·",director,0,,,,18,87
2730,1947,P00377,Horne F. J,Horne F. J,,,C01984,The Egyptia11 Markets Ltd,The Egyptia11 Markets Ltd,delegate,0,,,,18,87
2731,1947,P01106,Hugh-Jones LI. O.B.E,Hugh-Jones LI. O.B.E,,,C00328,Comptoir d<'s Ciments,Comptoir des Ciments,managing_director,0,,,,18,87
2732,1947,P01107,Hussein Fahmy,S.E. Hussein Fahmy Bey,bey,s.e.,C00078,The Egyptian Salt & Soda Cy. Ltd,The Egyptian Salt & Soda Co. Ltd,managing_director,0,,,,18,87
2733,1947,P01108,Hussein Said,Hussein Said Bey,bey,,C01953,"S·Jciété Egyptienne de Tuyaux, Poteaux et Pl'oduits en Ciment Al'mé !Système Sieg\\al't)","S·Jciété Egyptienne de Tuyaux, Poteaux et Pl'oduits en Ciment Al'mé !Système Sieg\\al't)",director,0,,,,18,87
2734,1947,P01109,Hussein Samy,Hussein Samy Bey,bey,,C01712,Rizerie Egyptienne Moderne,Rizerie Egyptienne ModernP,president,0,,,,18,88
2735,1947,P01110,Ibrahim Fahmy,S.E. Ibrahim Fahmy Pacha,pasha,s.e.,C01687,Ni le Brewery,Ni le Brewery,director,0,,,,18,88
2736,1947,P01111,Imam Wakid,Imam Wakid,,,C01356,«Zama.»,"""Zama»",director,0,,,,18,88
2737,1947,P01112,Irwin F.J.R,Irwin F.J.R,,,C01603,"Gl""ieve & lnYin Ltd","Gl""ieve & lnYin Ltd",president,0,,,,18,88
2738,1947,P01112,Irwin F.J.R,Irwin F.J.R,,,C02012,The Near East Cleaning Co. Ltd,The Near East Cleaning Cy. Ltd,president,0,,,,18,88
2739,1947,P01112,Irwin F.J.R,Irwin F.J.R,,,C01641,Ltion de The Merchants' .& Manufacturers' Insurance Cn. Ltd. London,Ltion de The Merchants' .& Manufacturers' Insurance Cn. Ltd. London,director,0,,,,18,88
2740,1947,P01112,Irwin F.J.R,Irwin I.E.M,,,C01611,Grieve & InYin Ltd. lsherwood,Grieve & InYin Ltd. lsherwood,director,0,,,,18,88
2741,1947,P01112,Irwin F.J.R,Irwin I.E.M,,,C01890,Sté. Eg. Financière pour le Commerce,Sté. Eg. Financière pour le Commerce,director,0,,,,18,88
2742,1947,P01112,Irwin F.J.R,Irwin I.E.M,,,C01628,"Industrie, S.A.E","Industrie, S.A.E",director,0,,,,18,88
2743,1947,P01112,Irwin F.J.R,Irwin I.E.M,,,C01639,"Lancashir~ - ( Egyptian) Cotton Co. Ltd. (Manchester). lskandar Said Eff., Administratem de The Upper Egypl Buq, S.A.E","Lancashir~ - ( Egyptian) Cotton Co. Ltd. (Manchester). lskandar Said Eff., Administratem de The Upper Egypl Buq, S.A.E",director,0,,,,18,88
2744,1947,P00716,Islam Aly,S.E. Islam Aly,,s.e.,C02102,so-ciété Coopérative Commerciale de Crédn,so-ciété Coopérative Commerciale de Crédn,director,0,,,,18,88
2745,1947,P00716,Islam Aly,S.E. Islam Aly,,s.e.,C01859,Société des Autohus de Béhéra,Société des Autohus de Béhéra,director,0,,,,18,88
2746,1947,P00716,Islam Aly,S.E. Islam Aly,,s.e.,C01602,"Gharbieh. lsmalun, René, Ingénieur A.gronome","Gharbieh. lsmalun, René, Ingénieur A.gronome",director,0,,,,18,88
2747,1947,P00716,Islam Aly,S.E. Islam Aly,,s.e.,C01532,Egyptian Bonded V\'arehouses Co. Ltd .. MemlJre du Conseil d'Administration de The Land Bank nf Egypt,Egyptian Bonded V\'arehouses Co. Ltd .. MemlJre du Conseil d'Administration de The Land Bank nf Egypt,vice_president,0,,,,18,88
2748,1947,P00716,Islam Aly,S.E. Islam Aly,,s.e.,C00108,New Egyptian Co,New Egyptian Co,vice_president,0,,,,18,88
2749,1947,P00716,Islam Aly,S.E. Islam Aly,,s.e.,C00128,S.A. du Béhéra,S.A. du Béhéra,vice_president,0,,,,18,88
2750,1947,P00716,Islam Aly,S.E. Islam Aly,,s.e.,C00152,Société Belgo-Egyptienne de l'Ezbékieh,Société Belgo-Egyptienne de l'Ezbékieh,vice_president,0,,,,18,88
2751,1947,P01113,Israel Raymond,Israel Raymond,,,C01888,Sté. Commerciale Ex-Import,Sté. Commerciale Ex-Import,director,0,,,,18,88
2752,1947,P01114,Ivens H.J.G,Ivens H.J.G,,,C01717,"S.A. Bières Bomonti & Pyramides. lzzel Dine Omar, Administratem Sté. Orientale Cinéma","S.A. Bières Bomonti & Pyramides. lzzel Dine Omar, Administratem Sté. Orientale Cinéma",managing_director,0,,,,18,89
2753,1947,P01115,Jackson W,Jackson W,,,C00226,The Upper Egypt Hotels,The Upper Egypt Hotels,director,0,,,,18,89
2754,1947,P00083,Jacobs Emile,Jacobs Emile,,,C01459,Caisse Hypothé· caire d'Egypte,Caisse Hypothé· caire d'Egypte,president,0,,,,18,89
2755,1947,P00083,Jacobs Emile,Jacobs Emile,,,C01459,Caisse Hypothé· caire d'Egypte,Caisse Hypothé· caire d'Egypte,managing_director,0,,,,18,89
2756,1947,P00083,Jacobs Emile,Jacobs Emile,,,C00030,Banque Belge et Internationale en Egypte,Banque Belge et Internationale en Egypte,director,0,,,,18,89
2757,1947,P00083,Jacobs Emile,Jacobs Emile,,,C01733,S.A. ritJs Monts de Piété Egyptiens,S.A. ritJs Monts de Piété Egyptiens,director,0,,,,18,89
2758,1947,P00717,Jacot-Descombes J. G,Jacot-Descombes J. G,,,C00683,"The Eleclricity ,& lee Supply Co","The Eleclricity ,& lee Supply Co",delegate,0,,,,18,89
2759,1947,P00717,Jacot-Descombes J. G,Jacot-Descombes J. G,,,C00039,Cairo Sand Bricks,Cairo Sand Bricks,director,0,,,,18,89
2760,1947,P00717,Jacot-Descombes J. G,Jacot-Descombes J. G,,,C00019,Alexandria Water Company,Alexandria Water Company,director,0,,,,18,89
2761,1947,P00717,Jacot-Descombes J. G,Jacot-Descombes J. G,,,C00164,Société Egyptienne des Pétroles,Société Egyptienne. des Pétroles,director,0,,,,18,89
2762,1947,P00717,Jacot-Descombes J. G,Jacot-Descombes J. G,,,C01616,Hamata Mining Company,Hamata Mining Company,president,0,,,,18,89
2763,1947,P01116,Jameson J. A,Jameson J. A,,,C00288,Anglo-Egyptian Oilfields,Anglo-Egyptian Oilfields,director,0,,,,18,89
2764,1947,P01117,Jancovitch,Jancovitch,,,C01721,S.A. des Droguenes d'Egypt.e,S.A. des Droguenes d'Egypt.e,director,0,,,,18,89
2765,1947,P01117,Jancovitch,Jancovitch,,,C01682,Near East Finance Co,Near East Finance Co,director,0,,,,18,89
2766,1947,P01118,Jarrosson,Jarrosson,,,C01708,Plàtriè1·es de Ballah,Plàtriè1·es de Ballah,director,0,,,,18,89
2767,1947,P01119,Jones Archibald Probart,Jones Archibald Probart,,,C01751,"Salvage & Marine Gy. of Egypt, S.A.E","Salvage & Marine Gy. of Egypt, S.A.E",director,0,,,,18,89
2768,1947,P01120,Kamal el Dine el Chérif,Kamal el Dine el Chérif,,,C01537,Egyptian Domestic & Foreign Trade Cy,Egyptian Domestic & Foreign Trade Cy,director,0,,,,18,90
2769,1947,P01121,H<amel Hussein Wassef,H<amel Hussein Wassef,,,C01920,Sté. Orientale Cinéma,Sté. Orientale Cinéma·,director,0,,,,18,90
2770,1947,P00721,Kame.l Ibrahim,S.E. 'Kamel Ibrahim Bey,bey,s.e.,C01774,Société Co-opérative des Pétroles,Société Co-opérative des Pétroles,vice_president,0,,,,18,90
2771,1947,P00721,Kame.l Ibrahim,S.E. 'Kamel Ibrahim Bey,bey,s.e.,C01743,S.A.E. des Anciens Etablissements Hovaghimian,S.A.E. des Anciens Etablissements Hovaghimian,director,0,,,,18,90
2772,1947,P01122,S.A.E. des Chaussures BATA Farghaly Cotton.& Investment Co,S.A.E. des Chaussures BATA Farghaly Cotton.& Investment Co,,,C01508,Consultatif en Egypte de l'Eg,Consultatif en Egypte de l'Eg,president,0,,,,18,90
2773,1947,P01123,Delta Light Rys. Co,Delta Light Rys. Co,,,C01766,Société AnonymP. Egyptienne de la Jute Co,Société AnonymP. Egyptienne de la Jute Co,vice_president,0,,,,18,90
2774,1947,P01124,Kettaneh Charles,Kettaneh Charles,,,C00514,Société,The,director,0,,,,18,90
2775,1947,P01125,Kettaneh Désiré,Kettaneh Désiré,,,C01694,The North East Africa Trading Cy,"The North East Ahica Trading Cy., S.A.E",director,0,,,,18,90
2776,1947,P01126,IKfoury Michel,IKfoury Michel,,,C00606,Société des Omnibus de Fayoum,d la Société des Omnibus de Fayoum,director,0,,,,18,90
2777,1947,P00725,Kfoury Philippe,Kfoury Philippe,,,C01407,Admmistration de la Socjété des Omnibus de Fayoum,Admmistration de la Socjété des Omnibus de Fayoum,director,0,,,,18,90
2778,1947,P00725,Kfoury Philippe,Kfoury Philippe,,,C01928,Sté. des Autobus de la Basse-Egypte,Sté. des Autobus de la Basse-Egypte,director,0,,,,18,90
2779,1947,P00726,Khachaba Sayed Mohamed,S.E. Khachaba Sayed Mohamed Pacha,pasha,s.e.,C01826,Société Misr pour l'Egrenage du Coton,Société Misr pour l'Egrenage du Coton,director,0,,,,18,91
2780,1947,P00726,Khachaba Sayed Mohamed,S.E. Khachaba Sayed Mohamed Pacha,pasha,s.e.,C01823,Société Misr de Transport,Société Misr de Transport,director,0,,,,18,91
2781,1947,P00726,Khachaba Sayed Mohamed,S.E. Khachaba Sayed Mohamed Pacha,pasha,s.e.,C01680,Navigation,Navigation,director,0,,,,18,91
2782,1947,P00726,Khachaba Sayed Mohamed,S.E. Khachaba Sayed Mohamed Pacha,pasha,s.e.,C01818,Société Misr de Filature,Société Misr de Filature,director,0,,,,18,91
2783,1947,P00726,Khachaba Sayed Mohamed,S.E. Khachaba Sayed Mohamed Pacha,pasha,s.e.,C02038,"Tissage, S.A.E","Tissage, S.A.E",director,0,,,,18,91
2784,1947,P00726,Khachaba Sayed Mohamed,S.E. Khachaba Sayed Mohamed Pacha,pasha,s.e.,C01837,Société Misr pour les Pêcheries,Société Misr pour les Pêcheries,director,0,,,,18,91
2785,1947,P00726,Khachaba Sayed Mohamed,S.E. Khachaba Sayed Mohamed Pacha,pasha,s.e.,C00168,Société Foncière d'Egypte,Société Foncière d'Egypte,director,0,,,,18,91
2786,1947,P00726,Khachaba Sayed Mohamed,S.E. Khachaba Sayed Mohamed Pacha,pasha,s.e.,C01826,Société Misr pour l'Egrenage du Coton,Société Misr pour l'Egrenage du Coton,president,0,,,,18,91
2787,1947,P00726,Khachaba Sayed Mohamed,S.E. Khachaba Sayed Mohamed Pacha,pasha,s.e.,C01826,Société Misr pour l'Egrenage du Coton,Société Misr pour l'Egrenage du Coton,director,0,,,,18,91
2788,1947,P00726,Khachaba Sayed Mohamed,S.E. Khachaba Sayed Mohamed Pacha,pasha,s.e.,C00032,Banque Misr,Banque Misr,president,0,,,,18,91
2789,1947,P00726,Khachaba Sayed Mohamed,S.E. Khachaba Sayed Mohamed Pacha,pasha,s.e.,C00032,Banque Misr,Banque Misr,director,0,,,,18,91
2790,1947,P00726,Khachaba Sayed Mohamed,S.E. Khachaba Sayed Mohamed Pacha,pasha,s.e.,C01822,Société Misr de Tissage de Coton à Kafr el Dawar,Société Misr de Tissage de Coton à Kafr el Dawar,president,0,,,,18,91
2791,1947,P00726,Khachaba Sayed Mohamed,S.E. Khachaba Sayed Mohamed Pacha,pasha,s.e.,C01822,Société Misr de Tissage de Coton à Kafr el Dawar,Société Misr de Tissage de Coton à Kafr el Dawar,director,0,,,,18,91
2792,1947,P01127,Khairy Mahmoud,S.E. Khairy Mahmoud Pacha,pasha,s.e.,C01467,Chemical Industries Cy. <<C.I.C.n,Chemical Industries Cy. <<C.I.C.n,president,0,,,,18,91
2793,1947,P00387,Khalil Mohamed Mahmoud,S.E. Khalil Mohamed Mahmoud Bey,bey,s.e.,C00626,Sénat,Sénat,president,0,,,,18,91
2794,1947,P00387,Khalil Mohamed Mahmoud,S.E. Khalil Mohamed Mahmoud Bey,bey,s.e.,C00176,Société Générale des Sucreries,Société<Générale des Sucreries,director,0,,,,18,91
2795,1947,P00387,Khalil Mohamed Mahmoud,S.E. Khalil Mohamed Mahmoud Bey,bey,s.e.,C00114,Raffinerie d'Egypte,Raffinerie d'Egypte,director,0,,,,18,91
2796,1947,P00387,Khalil Mohamed Mahmoud,S.E. Khalil Mohamed Mahmoud Bey,bey,s.e.,C00210,Egyptian Bonded Warehouses Co. Ltd,Egyptian Bonded Warehouses Co. Ltd,president,0,,,,18,91
2797,1947,P00387,Khalil Mohamed Mahmoud,S.E. Khalil Mohamed Mahmoud Bey,bey,s.e.,C00705,"The Tractor & Engineering Co., S.A.E","Tractor & Engineering Co., S.A.E",president,0,,,,18,91
2798,1947,P00387,Khalil Mohamed Mahmoud,S.E. Khalil Mohamed Mahmoud Bey,bey,s.e.,C02035,Thü Anglo-Egyptian Land Allotment Co,Thü Anglo-Egyptian Land Allotment Co,president,0,,,,18,91
2799,1947,P00387,Khalil Mohamed Mahmoud,S.E. Khalil Mohamed Mahmoud Bey,bey,s.e.,C01372,"'Administration de «Al-Charkn (L'Orient), S.A.E","'Administration de «Al-Charkn (L'Orient), S.A.E",council_member,0,,,,18,91
2800,1947,P00387,Khalil Mohamed Mahmoud,S.E. Khalil Mohamed Mahmoud Bey,bey,s.e.,C00065,Crédit Foncier Egyptien,Crédit Foncier Egyptien,council_member,0,,,,18,91
2801,1947,P00387,Khalil Mohamed Mahmoud,S.E. Khalil Mohamed Mahmoud Bey,bey,s.e.,C00121,S. A. du Wadi Kom Ombo,S.A. de Wadi-Kom-Ombo,president,0,,,,18,91
2802,1947,P00387,Khalil Mohamed Mahmoud,S.E. Khalil Mohamed Mahmoud Bey,bey,s.e.,C01804,Société Financière .& Industrielle,Société Financière .& Industrielle,director,0,,,,18,91
2803,1947,P00387,Khalil Mohamed Mahmoud,S.E. Khalil Mohamed Mahmoud Bey,bey,s.e.,C01578,Filatul.'e Misr Kafr Da·war,Filatul.'e Misr Kafr Da·war,director,0,,,,18,91
2804,1947,P00387,Khalil Mohamed Mahmoud,S.E. Khalil Mohamed Mahmoud Bey,bey,s.e.,C00032,Banque Misr,Banque Misr,director,0,,,,18,91
2805,1947,P01128,Khattab Mohamed,Khattab Mohamed Bey,bey,,C01467,Chemical Industries Cy. <<C.I.C.n,Chemical Industries Cy. «C.I.C.n,director,0,,,,18,91
2806,1947,P01129,Kher,Kher,,,C01393,-iGénéral de la S.A. AgT1- cole et Industrielle d'Egypte,-iGénéral de la S.A. AgT1- cole et Industrielle d'Egypte,managing_director,0,,,,18,91
2807,1947,P01129,Kher,Kher,,,C01870,Sté. Agricole et Fermière «Fermagn,Sté. Agricole et Fermière «Fermagn,director,0,,,,18,91
2808,1947,P01130,Kirkman Robert,Kirkman Robert,,,C00692,"The Hinshelwood Paint & Oil Co. of Egypt, S.A.E","The Hinshelwood Paint & Oil Co. of Egypt, S.A.E",director,0,,,,18,91
2809,1947,P01131,Klaesi R,Klaesi R,,,C01942,surveillance de la «HAMATA MINING» Company,Surveillance de la Hamata MIning Co,council_member,0,,,,18,91
2810,1947,P00090,Klat Jules,Klat J·ules Bey,bey,,C01490,Communauté Orthodoxe Egyptienne,Communauté Orthodoxe Egyptienne,president,0,,,,18,91
2811,1947,P00090,Klat Jules,Klat J·ules Bey,bey,,C00083,Fédération Egyptienne des Industries,Fédération Egyptienne des Industries,council_member,0,,,,18,91
2812,1947,P00090,Klat Jules,Klat J·ules Bey,bey,,C00083,Fédération Egyptienne des Industries,Fédération Egyptienne des Industries,adviser,0,,,,18,91
2813,1947,P00090,Klat Jules,Klat J·ules Bey,bey,,C00197,The Associated Cotton Ginners,The Associated Cotton Ginners,president,0,,,,18,91
2814,1947,P00090,Klat Jules,Klat J·ules Bey,bey,,C02085,iGharbieh Land Cy,iGharbieh Land Cy,president,0,,,,18,91
2815,1947,P00090,Klat Jules,Klat J·ules Bey,bey,,C00806,S.A. Pharos,S.A. Pharos,vice_president,0,,,,18,91
2816,1947,P00090,Klat Jules,Klat J·ules Bey,bey,,C00212,The Egyptian Enterprise & Development Co,The Egyptian Enterprise & Development Cy,vice_president,0,,,,18,91
2817,1947,P00090,Klat Jules,Klat J·ules Bey,bey,,C00210,Egyptian Bonded Warehouses Co. Ltd,The Egyptian' Bonded Warehouses,director,0,,,,18,91
2818,1947,P00090,Klat Jules,Klat J·ules Bey,bey,,C00128,S.A. du Béhéra,S.A. du Béhéra,director,0,,,,18,91
2819,1947,P01132,IKnaider C. R,IKnaider C. R,,,C01428,Associated Industries,Associated Industries,director,0,,,,18,92
2820,1947,P01133,Kohorn Henri ·von,Kohorn Henri ·von,,,C01601,"General l\11,> tors Near East, S.A.E","General l\11,> tors Near East, S.A.E",director,0,,,,18,92
2821,1947,P01134,Krisc:hewsky Henry,Krisc:hewsky Henry,,,C01436,"Banque Mc,sséri, S.A.E","Banque Mc,sséri, S.A.E",managing_director,0,,,,18,92
2822,1947,P01134,Krisc:hewsky Henry,Krisc:hewsky Henry,,,C01011,S.A.E. Financière et Immobilière,S.A.E. Financière et lmmobilière,director,0,,,,18,92
2823,1947,P01134,Krisc:hewsky Henry,Krisc:hewsky Henry,,,C01794,"Société Egyptienne de Tissage et Tricotage, de la Société Franco-Egyptienne d'Importation","Société Egyptienne de Tissage et Tricotage, de la Société Franco-Egyptienne d'Importation",director,0,,,,18,92
2824,1947,P01134,Krisc:hewsky Henry,Krisc:hewsky Henry,,,C01874,Sté,Sté,director,0,,,,18,92
2825,1947,P01135,Kupper H,Kupper H,,,C00571,Société Générale de Pressage,Société Générale de Pressage,director,0,,,,18,92
2826,1947,P01135,Kupper H,Kupper H,,,C00346,Dépôts,Dépôts,director,0,,,,18,92
2827,1947,P01135,Kupper H,Kupper H,,,C01944,Surveillance de la Ham~ta Mining Co,Surveillance de la Ham~ta Mining Co,council_member,0,,,,18,92
2828,1947,P01135,Kupper H,Kupper H,,,C01424,The Anglo-Egyptian Mining Co,Anglo Egyptian Mining,director,0,,,,18,92
2829,1947,P01135,Kupper H,Kupper H,,,C01424,The Anglo-Egyptian Mining Co,Anglo Egyptian Mining,managing_director,0,,,,18,92
2830,1947,P01136,Labib Attallah,Labib Attallah,,,C01576,Fayoum Textile Cy,Fayoum Textile Cy,director,0,,,,18,92
2831,1947,P01137,Labib Francis,Labib Francis,,,C02047,United Enterprises,United Enterprises,director,0,,,,18,92
2832,1947,P01138,Lackany Sanny,S.E. Lackany Sanny Bey,bey,s.e.,C00200,The Cairo Electric Railways and Heliopolis Oases Co,Cairo Electric Rys & Heliopolis Oases Co,adviser,0,,,,18,92
2833,1947,P01138,Lackany Sanny,S.E. Lackany Sanny Bey,bey,s.e.,C00200,The Cairo Electric Railways and Heliopolis Oases Co,Cairo Electric Rys & Heliopolis Oases Co,director,0,,,,18,92
2834,1947,P01139,Lagnado Joseph S,Lagnado Joseph S,,,C01452,Béni Mazar Urbaine et Rurale,Béni Mazar Urbaine et Rural0,director,0,,,,18,92
2835,1947,P01140,Lagoudakis Eustache,Lagoudakis Eustache,,,C00299,Banque de Commerce N. Tepeghiosi & Co,Banque de Commerce N. Te· pèghiosi .& Co,president,0,,,,18,92
2836,1947,P01141,Laherrère L,Laherrère L,,,C00478,S.A. des Tramways du Caire,•la S.A. des Tramways du Caire,general_manager,0,,,,18,92
2837,1947,P01141,Laherrère L,Laherrère L,,,C01763,"Société ""The Egyptiai1 General Omnibus Co. n","Société ""The Egyptiai1 General Omnibus Co. n",managing_director,0,,,,18,92
2838,1947,P00729,Lambiotte E,Lambiotte E,,,C00030,Banque Belge et Internationale en Egypte,Banque Belge et Internationale en Egypte,manager,0,,,,18,92
2839,1947,P00729,Lambiotte E,Lambiotte E,,,C00078,The Egyptian Salt & Soda Cy. Ltd,"Egyptian Salt,& Soda Company Ltd",director,0,,,,18,92
2840,1947,P00729,Lambiotte E,Lambiotte E,,,C01457,·de la Cairo Agricultural,Cairo Agricultmal Co,director,0,,,,18,92
2841,1947,P01142,Lancaster,Lancaster,,,C01520,"Delta Trading Co., S.A.E","Delta Trading Co., S.A.E",president,0,,,,18,92
2842,1947,P01142,Lancaster,Lancaster,,,C00128,S.A. du Béhéra,de· la S.A. du Béhéra,director,0,,,,18,92
2843,1947,P00730,Landerer R,Landerer R,,,C01847,Société d'Alimentation Générale,Société d'Alimentation Générale,director,0,,,,18,93
2844,1947,P01143,Lappas Christodule,Lappas Christodule,,,C00117,S. A. Agricole et Industrielle d'Egypte,S.A. Agricole et Industrielle d'Egypte,director,0,,,,18,93
2845,1947,P00395,Lappas Georges,Lappas Georges,,,C00299,Banque de Commerce N. Tepeghiosi & Co,Banque de Commerce N. Tepeghiosi & Co,director,0,,,,18,93
2846,1947,P01144,Lascaris,Lascaris,,,C01444,"Banque d'Athènes en Egypte, en Angleterre et à Chypre","Banque d'Athènes en Egypte, en Angleterre et à Chypre",president,0,,,,18,93
2847,1947,P01144,Lascaris,Lascaris,,,C01998,The Gabbari Land Company,The Gabbari Land Company,president,0,,,,18,93
2848,1947,P01144,Lascaris,Lascaris,,,C01971,The Alexandria Water Co. et The Alexandria Transport.& Industrial Gy,The Alexandria Water Co. et The Alexandria Transport.& Industrial Gy,vice_president,0,,,,18,93
2849,1947,P01145,Lebnan Bakhos,Lebnan Bakhos,,,C01477,"Cie. d'Eclairage par le Gaz, Lebon et Cie","Cie. d'Eclairage par le Gaz, Lebon& Co",president,0,,,,18,93
2850,1947,P00399,Lee Lee Roger Malcolm,Lee Lee Roger Malcolm,,,C01781,"Société Egyptienm des Industries Textiles, S.A.E","Société Egyptienm des Industries Textiles, S.A.E",director,0,,,,18,93
2851,1947,P00731,Lefrère Lucien,Lefrère Lucien,,,C00226,The Upper Egypt Hotels,"The Upper Egypt Hotels Co., S.A",director,0,,,,18,93
2852,1947,P00731,Lefrère Lucien,Lefrère Lucien,,,C01514,Crédit Lyonnais (Le Caire),Crédit Lyonnais (Le Caire),manager,0,,,,18,93
2853,1947,P00731,Lefrère Lucien,Lefrère Lucien,,,C00189,Syndicat des Obligataires de la Société Générale des Sucreries,Syndicat des Obligataires de la Société Générale des Sucreries,director,0,,,,18,93
2854,1947,P00731,Lefrère Lucien,Lefrère Lucien,,,C00114,Raffinerie d'Egypte,Raffinerie d'Egypte,director,0,,,,18,93
2855,1947,P01146,Leheta Ibrahim,Leheta Ibrahim Bey,bey,,C00644,"The Amalgamated lee Factories & Cold Stores, S.A.E","The Amalgamated lee Factories and Cold. Stores, S.A.E",director,0,,,,18,93
2856,1947,P01147,Leten Paul,Leten Paul,,,C00742,Usines Textiles Al-Kahira,Usines Textiles Al-Kahira,director,0,,,,18,93
2857,1947,P00402,Leten Roland,Leten Roland,,,C02054,Usines Textiles Al-1\ahira,Usines Textiles Al-1\ahira,director,0,,,,18,93
2858,1947,P00094,Levi Guido,Levi Guido,,,C00026,The Anglo-Egyptian Land Allotment Co,The Anglo- Egyptian Land Allotment Co,director,0,,,,18,93
2859,1947,P00094,Levi Guido,Levi Guido,,,C00041,The Cairo Suburban Building Land Co,The Cairo Suburban Building Land Co,director,0,,,,18,93
2860,1947,P00094,Levi Guido,Levi Guido,,,C00212,The Egyptian Enterprise & Development Co,Egyptian Enterprise .& Development Co,director,0,,,,18,93
2861,1947,P00094,Levi Guido,Levi Guido,,,C02000,"The Gharbieh Land Co. levi, 1. G., D1·. en Droit, Or-che du Nil, Medjidieh, Couronne de","The Gharbieh Land Co. levi, 1. G., D1·. en Droit, Or-che du Nil, Medjidieh, Couronne de",director,0,,,,18,93
2862,1947,P01148,Levi Neflos A,Levi Neflos A,,,C00742,Usines Textiles Al-Kahira,Usines Textiles Al-Kahira,director,0,,,,18,94
2863,1947,P01149,Lévy Joseph M,Lévy Joseph M,,,C01969,The Alexandria Spinning .& W eaving Co,The Alexandria Spinning .& W eaving Co,president,0,,,,18,94
2864,1947,P01150,Lévy Maurice M,Lévy Maurice M,,,C01418,The Alexandria Spinning & Weaving Co,The Alexandria Spinning & Weaving Co,vice_president,0,,,,18,94
2865,1947,P00095,Lian Alfred,Lian Alfred,,,C00078,The Egyptian Salt & Soda Cy. Ltd,Egyptian Salt.& Soda Co,president,0,,,,18,94
2866,1947,P00095,Lian Alfred,Lian Alfred,,,C00166,Société Financière et Industrielle d'Egypte,Société Financière et Industrielle d'Egypte,president,0,,,,18,94
2867,1947,P00095,Lian Alfred,Lian Alfred,,,C02049,UnittJcl Egyptian Salt,UnittJcl Egyptian Salt,president,0,,,,18,94
2868,1947,P00095,Lian Alfred,Lian Alfred,,,C00156,Société Egyptienne d'Entreprises Urbaines et Rurales,Société Egyptienne d'Entreprises Urbaines et Rurales,vice_president,0,,,,18,94
2869,1947,P00095,Lian Alfred,Lian Alfred,,,C00589,"Société Viticole et Vinicole d'Egypte, S.A.E",Société Viticole & Vinicole d'Egypte,vice_president,0,,,,18,94
2870,1947,P00095,Lian Alfred,Lian Alfred,,,C00192,The Alexandria Central Buildings,The Alexandria Central Buildings,director,0,,,,18,94
2871,1947,P00095,Lian Alfred,Lian Alfred,,,C00642,The Alexandria Navigation Co,The Alexandria Navigation Co,director,0,,,,18,94
2872,1947,P00095,Lian Alfred,Lian Alfred,,,C00293,Banca Commerciale Italiana per l'Egitto,Banca Commerciale Italiana per l'Egitto,director,0,,,,18,94
2873,1947,P00095,Lian Alfred,Lian Alfred,,,C01956,"Teinturerie Franco-Egyptienne, S.A.K","Teinturerie Franco-Egyptienne, S.A.K",director,0,,,,18,94
2874,1947,P00095,Lian Alfred,Lian Alfred,,,C00016,Alexandria Insurance Co,Alexandria Insurance Co,director,0,,,,18,94
2875,1947,P01151,Lifschitz Paul,Lifschitz Paul,,,C01575,Fayoum Textile,Fayoum Textile,director,0,,,,18,94
2876,1947,P01152,Lisbona Mayer,Lisbona Mayer,,,C01685,Near East Produce Trading Gy,Near East Produce Trading Gy,director,0,,,,18,94
2877,1947,P01153,Liverant Joseph,Liverant Joseph,,,C02129,«Siburn,«Siburn,director,0,,,,18,94
2878,1947,P01153,Liverant Joseph,Liverant Joseph,,,C01522,Dél. <<Al Charkn,Dél. <<Al Charkn,director,0,,,,18,94
2879,1947,P00408,Lloyd John E,Lloyd John,,,C01982,The Choremi Benachi & Co. (Liverpool),The Choremi Benachi & Co. (Liverpool),director,0,,,,18,94
2880,1947,P00735,Lombard Albert,Lombard Albert,,,C01516,Crérht Immobilier Suisse-Egyptien,Crérht Immobilier Suisse-Egyptien,director,0,,,,18,94
2881,1947,P00736,Lombardo Cesare,Lombardo Cesare,,,C01855,Société des Autobus de,Société des Autobus du,director,0,,,,18,94
2882,1947,P01154,Lopez Ercole J,Lopez Ercole J,,,C01994,"The Egyptian lnd~­ pendent Oil Co., S.A.E","The Egyptian lnd~­ pendent Oil Co., S.A.E",managing_director,0,,,,18,94
2883,1947,P01154,Lopez Ercole J,Lopez Ercole J,,,C02082,en nom de The Al Hadissa Manufacturing & Trading Gy,en nom de The Al Hadissa Manufacturing & Trading Gy,partner,0,,,,18,94
2884,1947,P00097,Lowe A. J,Lowe A. J,,,C00481,S.A.E. Carba,S.A.E. Carba,president,0,,,,18,95
2885,1947,P00097,Lowe A. J,Lowe A. J,,,C00233,United Egyptian Salt Ltd,United Egyptian Salt,managing_director,0,,,,18,95
2886,1947,P00097,Lowe A. J,Lowe A. J,,,C00081,Filature Nationale d'Egypte,Filature Nationale d'Egypte,director,0,,,,18,95
2887,1947,P00097,Lowe A. J,Lowe A. J,,,C01936,Sté. des Produits Centrifugés en Ciment,Sté. des Produits Centrifugés en Ciment,director,0,,,,18,95
2888,1947,P00097,Lowe A. J,Lowe A. J,,,C01136,The Egyptian Copper,Egyptian Copper,director,0,,,,18,95
2889,1947,P01155,Lozy Taher El,Lozy Taher El Bey,bey,,C01669,National Bank of Eg·ypt,National Bank of Eg·ypt,director,0,,,,18,95
2890,1947,P01155,Lozy Taher El,Lozy Taher El Bey,bey,,C01549,Egyptian Road Transport Company S.A.E,Egyptian Road Transport Company S.A.E,president,0,,,,18,95
2891,1947,P01155,Lozy Taher El,Lozy Taher El Bey,bey,,C02104,"u Conseil d'Admnistration de la Société des Autobus du Nord, S.A.E","u Conseil d'Admnistration de la Société des Autobus du Nord, S.A.E",member,0,,,,18,95
2892,1947,P01156,Luke D. C,Luke D. C,,,C01812,"Société Industrielle et Commerciale d'Egypte (S.I.C.O.), S.A.E","Société Industrielle et Commerciale d'Egypte ( S.I.C.O.), S.A.E",director,0,,,,18,95
2893,1947,P00415,Lumbroso J,Lumbroso J,,,C01413,Alexa'1- dria .& Ramleh Raihvays Co,Alexa'1- dria .& Ramleh Raihvays Co,president,0,,,,18,95
2894,1947,P00415,Lumbroso J,Lumbroso J,,,C01413,Alexa'1- dria .& Ramleh Raihvays Co,Alexa'1- dria .& Ramleh Raihvays Co,director,0,,,,18,95
2895,1947,P00415,Lumbroso J,Lumbroso M,,,C00277,Alexandria Exchange Co,Alexandria Exchange Co,director,0,,,,18,95
2896,1947,P01157,Lynch F. C,Lynch F. C,,,C01595,General Motors Near,General Motors Near,delegate,0,,,,18,95
2897,1947,P01158,Maarouf Abd Rabbo,Maarouf Abd Rabbo,,,C01882,Sté. Al Chark Filature Ti->· sage,Sté. Al Chark Filature Ti->· sage,director,0,,,,18,95
2898,1947,P00737,Mac Culloch Norman G,Mac Culloch Norman G,,,C00552,Société Egyptienne des Industries Textiles,Société Egyptienne des Industries Textiles,director,0,,,,18,95
2899,1947,P01159,Mac Cullock Joseph Paul,Mac Cullock Joseph Paul,,,C00524,Société California Egyptienne des Pétroles,"Société California Egyptienne de Pétroles, S.A.E",director,0,,,,18,95
2900,1947,P00418,Mac Ewen William G,Mac Ewen William G,,,C00697,"The Nile Ginning Co., S.A.E",The Nile Ginning Co,director,0,,,,18,95
2901,1947,P00738,Mackenzie W,Mackenzie,,,C01645,Maison Peel & C·J,Maison Peel & C·J,director,0,,,,18,95
2902,1947,P01160,Magar Alfred,Magar Alfred,,,C01872,Studios Al Ahram,Studios Al Ahram,director,0,,,,18,95
2903,1947,P00739,Maggiar G,Maggiar G,,,C01734,S.A. rles Monts de Piété Egyptiens,S.A. rles Monts de Piété Egyptiens,director,0,,,,18,95
2904,1947,P01161,Mahfouz Rachouan,S.E. Mahfouz Rachouan Pacha,pasha,s.e.,C01846,Société Zoologi que d'Egypte,Société Zoologi que d'Egypte,president,0,,,,18,95
2905,1947,P01162,Commandeur Couronne de Roumanie ChevalieT .Medjidieh,Commandeur Couronne de Roumanie ChevalieT .Medjidieh,,,C01474,Cie. Générale des Pétroles ( COGEP),Cie. Générale des Pétroles (COGEP),director,0,,,,18,95
2906,1947,P01163,Mahmoud Aly Allouba,Mahmoud Aly Allouba Bey,bey,,C01381,- tion de la Société Industrielle & Commerciale d'Egypf.e(S.I.C.O.),- tion de la Société Industrielle & Commerciale d'Egypf.e(S.I.C.O.),director,0,,,,18,96
2907,1947,P01164,Mahmoud Ghazali,Mahmoud Ghazali Bey,bey,,C01011,S.A.E. Financière et Immobilière,S.A.E. Financière & Immobilière,director,0,,,,18,96
2908,1947,P01165,Mahmoud Mohasseb,Mahmoud Mohasseb Bey,bey,,C01878,Sté. Agricole et Fe1·mière Fermag et dè The Upper Egypt Hotels,Sté. Agricole et Fe1·mière Fermag et dè The Upper Egypt Hotels,director,0,,,,18,96
2909,1947,P01166,Mahmoud Tewfik Hefnaoui,Mahmoud Tewfik Hefnaoui Bey,bey,,C00168,Société Foncière d'Egypte,Société Foncière d'Egypte,director,0,,,,18,96
2910,1947,P01167,Malcolm Major,Malcolm Major,,,C02009,"The Misr Shipping Co., S.A.E","The Misr Shipping Co., S.A.E",director,0,,,,18,96
2911,1947,P01168,Mailer J. A,Mailer J. A,,,C01424,The Anglo-Egyptian Mining Co,"The Anglo-Egyptian Mining Co., S.A.E",delegate,0,,,,18,96
2912,1947,P01169,Mansour Gamal el Dîne,Mansour Gamal el Dîne,,,C01912,Sté. Misr Rayonne,Sté. Misr Rayonne,director,0,,,,18,96
2913,1947,P01170,Dr. Mohamed Sabry Mansour,Mansour,,,C01772,Société Bolanachi,Société Bolanachi,director,0,,,,18,96
2914,1947,P01171,Marcus Adolphe,Marcus Adolphe,,,C01546,Egyptian Rice Mills et Near East Produce Trading Cy,Egyptian Rice Mills et Near East Produce Trading Cy,managing_director,0,,,,18,96
2915,1947,P01172,Maret Baron Guy de,Maret Baron Guy de,,,C00086,The Gharbieh Land Co,Gharbieh Land Cy.',director,0,,,,18,96
2916,1947,P01173,Marii Sayed,Marii Sayed,,,C01398,AKFAC,AKFAC,director,0,,,,18,96
2917,1947,P01174,Martin R. C,Martin R. C,,,C00354,Egyptian Finance Cy,Egyptian Finance Co,director,0,,,,18,96
2918,1947,P01175,Martz,Martz,,,C01892,Sté. Eg. de Ciment Portland Tourah,Sté. Eg. de Ciment Portland Tourah,president,0,,,,18,96
2919,1947,P01176,Massabky Maurice,Massabky Maurice,,,C00069,Delta Trading Co,Delta Trading Cy,director,0,,,,18,96
2920,1947,P00431,Matalon William,Matalon William,,,C01952,Syndicat de l'Industrie Egyptienne du Riz,Syndicat de l'Industrie Egyptienne du Riz,president,0,,,,18,96
2921,1947,P00431,Matalon William,Matalon William,,,C00445,Rosetta & Alexandria Rice Mills,Rosetta & Alexandria Rice Mills,managing_director,0,,,,18,96
2922,1947,P00431,Matalon William,Matalon William,,,C00083,Fédération Egyptienne des Industries,Fédération Egyptienne des Industries,council_member,0,,,,18,96
2923,1947,P01177,Mathieu A,Mathieu A,,,C01707,Platrières de Ballah,Platrières de Ballah,director,0,,,,18,96
2924,1947,P00433,Matossian Joseph O,Matossian Joseph O,,,C00348,"Eastern Co., S.A.E","Eastern Co., S.A.E",vice_president,0,,,,18,96
2925,1947,P00434,Matossian Vincent O,Matossian Vincent,,,C01704,PatTiarcal -A nnénien Catholique d'Alexandrie,PatTiarcal -A nnénien Catholique d'Alexandrie,vice_president,0,,,,18,97
2926,1947,P01178,Maunsell Brig. R. J,Maunsell Brig. R. J,,,C01011,S.A.E. Financière et Immobilière,S.A.E. Financière et Immobilière,managing_director,0,,,,18,97
2927,1947,P00437,Mavro Mike,Mavro Mike,,,C00752,au Consortium de Loteries (F. A.I.P.A.E.),au Consortium de Loteries (F.A.E.P.A.E.),managing_director,0,,,,18,97
2928,1947,P00437,Mavro Mike,Mavro Mike,,,C01782,Société Egyptienne Financière pour leti·atio~ Con~­ merce,Société Egyptienne Financière pour leti·atio~ Con~­ merce,director,0,,,,18,97
2929,1947,P00437,Mavro Mike,Mavro Mike,,,C00090,Industrie,Industrie,director,0,,,,18,97
2930,1947,P01179,Mawas Maurice,Mawas Maurice,,,C01747,S.A.E. «Chaw,S.A.E. «Chaw,director,0,,,,18,97
2931,1947,P01180,Mawas Zaki,Mawas Zaki,,,C01085,"Société Nationale du Papier, S.A.E","Société Nationale du Papier, S.A.E",director,0,,,,18,97
2932,1947,P01181,Mayer Moshé,Mayer Moshé,,,C01470,Chemicallnclustries «C.I.C.»,Chemicallnclustries «C.I.C.»,director,0,,,,18,97
2933,1947,P01182,Mazin L. A,Mazin L. A,,,C00358,"Egyptian \\'orks & Constructions Co., S.A.E","Egyptian \\'orks & Constructions Co., S.A.E",delegate,0,,,,18,97
2934,1947,P00101,Mazloum Hassan,S.E. Mazloum Hassan Pacha,pasha,s.e.,C00354,Egyptian Finance Cy,Egyptian Finance Co,president,0,,,,18,97
2935,1947,P00101,Mazloum Hassan,S.E. Mazloum Hassan Pacha,pasha,s.e.,C01631,Ja Société Egyptienne de Ti5- sage et Tricotage,Ja Société Egyptienne de Ti5- sage et Tricotage,president,0,,,,18,97
2936,1947,P00101,Mazloum Hassan,S.E. Mazloum Hassan Pacha,pasha,s.e.,C01545,Egyptian Mining & Prospecting Co .. S.A.E,Egyptian Mining & Prospecting Co .. S.A.E,president,0,,,,18,97
2937,1947,P00101,Mazloum Hassan,S.E. Mazloum Hassan Pacha,pasha,s.e.,C00356,Egyptian Independent Oil Co,Egyptian Independent Oil Co,president,0,,,,18,97
2938,1947,P00101,Mazloum Hassan,S.E. Mazloum Hassan Pacha,pasha,s.e.,C00231,Union Foncière d'Egypte,Union Foncière d'Egypte,president,0,,,,18,97
2939,1947,P00101,Mazloum Hassan,S.E. Mazloum Hassan Pacha,pasha,s.e.,C01897,"Sté Eg. des Etablissements Bolanachi-Distillerie, S.A.E",Sté. Eg. des Etablissements Bolanachi-Distillei·ie,president,0,,,,18,97
2940,1947,P00101,Mazloum Hassan,S.E. Mazloum Hassan Pacha,pasha,s.e.,C00103,National Insurance Co,National Insurance Co,vice_president,0,,,,18,97
2941,1947,P00101,Mazloum Hassan,S.E. Mazloum Hassan Pacha,pasha,s.e.,C00030,Banque Belge et Internationale en Egypte,Banque Belge et Internationale en Egypte,vice_president,0,,,,18,97
2942,1947,P00101,Mazloum Hassan,S.E. Mazloum Hassan Pacha,pasha,s.e.,C00064,Crédit Agricole d'Egypte,Crédit Agricole d'Egypte,director,0,,,,18,97
2943,1947,P00101,Mazloum Hassan,S.E. Mazloum Hassan Pacha,pasha,s.e.,C00074,The Egyptian Delta Land & Investment Cy,Egyptian Deita Land & Investment Co,director,0,,,,18,97
2944,1947,P00101,Mazloum Hassan,S.E. Mazloum Hassan Pacha,pasha,s.e.,C00176,Société Générale des Sucreries,Société Générale des Sucreries,director,0,,,,18,97
2945,1947,P00101,Mazloum Hassan,S.E. Mazloum Hassan Pacha,pasha,s.e.,C00443,Raffineried'Egypte,Raffineried'Egypte,director,0,,,,18,97
2946,1947,P00101,Mazloum Hassan,S.E. Mazloum Hassan Pacha,pasha,s.e.,C01637,Khedivial Mail Line Co,Khedivial Mail Line Co,director,0,,,,18,97
2947,1947,P00101,Mazloum Hassan,S.E. Mazloum Hassan Pacha,pasha,s.e.,C01655,"Misr Airwork, S.A.E","Misr Airworks, S.A.E",director,0,,,,18,97
2948,1947,P00101,Mazloum Hassan,S.E. Mazloum Hassan Pacha,pasha,s.e.,C01909,"Sté. Immobilière d'Alexandrie, S.A.F","Sté. Immobilière d'Alexandrie, S.A.F",president,0,,,,18,97
2949,1947,P01183,Meltz Léon,Meltz Léon,,,C00222,The Union Cotton Co of Alexandria,Union Cotton Co. of Alexandri,director,0,,,,18,97
2950,1947,P01184,Menaché Albert,Menaché Albert,,,C01560,Etablis- sements Industriels pour la Soie et le Coton,Etablis- sements Industriels pour la Soie et le Coton,director,0,,,,18,97
2951,1947,P01185,IMenaché Maurice C,IMenaché Maurice C,,,C01452,Béni Mazar Urbaine et Rurale,Béni Mazar Urbaine et Rurale,director,0,,,,18,97
2952,1947,P01186,Menaché Maurice M,Menaché Maurice M,,,C01521,Directem de la Cen .. tral Trading Co,Directem de la Cen .. tral Trading Co,director,0,,,,18,97
2953,1947,P01186,Menaché Maurice M,Menaché Maurice M,,,C01593,"The General Engineering .& Refrigeration Co. «Gerco"", S.A.E","General Engineering and Refrigeration Co., GERCO S.A. E",director,0,,,,18,97
2954,1947,P01186,Menaché Maurice M,Menaché Maurice M,,,C01691,Nile Cold Storage 1& lee Co,Nile Cold Storage & lee Co,director,0,,,,18,97
2955,1947,P01186,Menaché Maurice M,Menaché Maurice M,,,C01621,Ide la Béni Mazar Urbaine & Rurale,Ide la Béni Mazar Urbaine & Rurale,director,0,,,,18,97
2956,1947,P01187,Messiqua B,Messiqua B,,,C00467,S.A. des Drogueries d'Egypte,S.A. des Drogueriesd'Egypte,managing_director,0,,,,18,97
2957,1947,P00441,Messiqua Marcel,Messiqua Marcel,,,C00017,Alexandria Pressing Co,Alexandria Pressing Co,director,0,,,,18,97
2958,1947,P01188,Metaxas Ménélas,Metaxas Ménélas,,,C01480,Comité de Surveillance de The E- gyptian Delta Rice Mills Co. (N. Yamodis & Co.),Comité de Surveillance de The Egyptian Delta Rice Mills Co. (N. Yamodis .& Co.),president,0,,,,18,98
2959,1947,P00442,Metwalli Mohamed,Metwalli Mohamed Bey,bey,,C01518,Daira Feu Amine Yehia,Daira Feu Amine Yehia,manager,0,,,,18,98
2960,1947,P00442,Metwalli Mohamed,Metwalli Mohamed Bey,bey,,C00514,Société,Société,director,0,,,,18,98
2961,1947,P01189,Metzger Albert,Metzger Albert,,,C00213,Egyptian Hotels,Egyptian Hotels,director,0,,,,18,98
2962,1947,P01190,Meyvis Louis,Meyvis Louis,,,C01499,Comptoir Belga,Comptoir Belga,managing_director,0,,,,18,98
2963,1947,P01190,Meyvis Louis,Meyvis Louis,,,C01499,Comptoir Belga,Comptoir Belga,manager,0,,,,18,98
2964,1947,P00446,Mills A. E,Mills A.E,,,C00441,Port-Said Salt Association Ltd,Port-Said Salt Association Ltd,director,0,,,,18,98
2965,1947,P00447,Misrahi Albert,Misrahi Albert,,,C01853,"Société de Métallui·gie Egyptienne, S.A.E","Société de Métallui·gie Egyptienne, S.A.E",director,0,,,,18,98
2966,1947,P00447,Misrahi Albert,Misrahi Albert,,,C01841,Société Royale d' Agrt· culture,Société Royale d' Agrt· culture,director,0,,,,18,98
2967,1947,P00447,Misrahi Albert,Misrahi Albert,,,C00153,Société Cotonnière Maarad,Société Cotonnière Maarad. ·,director,0,,,,18,98
2968,1947,P01191,Misrahi,Misrahi,,,C01941,Sun Life Insurance Co. of Canada,Sun Life Insurance Co. of Canada,manager,0,,,,18,98
2969,1947,P01191,Misrahi,Misrahi,,,C02001,The Hin,The Hin,president,0,,,,18,98
2970,1947,P01191,Misrahi,Misrahi,,,C00342,"Dakahlieh Land Cy., S.A.E","Dakahlieh Land Co., S.A.E",director,0,,,,18,98
2971,1947,P01191,Misrahi,Misrahi,,,C01649,"Maison de la Petite Reine, S.A.E","Maison de la Petite Reine, S.A.E",director,0,,,,18,98
2972,1947,P01192,Misrahi Léon,Misrahi Léon,,,C01566,Etablissements Industriels pour la Soie et le Coton,Etablissements Industriels pom la Soie et le Coton,director,0,,,,18,98
2973,1947,P01192,Misrahi Léon,Misrahi Léon,,,C01765,Société Agricole et Urbaine ceLe Fayoum»,Société Agricole et Urbaine ceLe Fayoum»,director,0,,,,18,98
2974,1947,P01192,Misrahi Léon,Misrahi Léon,,,C01461,Carmel Gard~ws(Terrains en Palestine),Carmel Gard~ws(Terrains en Palestine),director,0,,,,18,98
2975,1947,P01193,Mitchell Gaston,Mitchell Gaston,,,C02051,"Usines Lebon & Cie., en Egyote","Usines Lebon & Cie., en Egyote",general_manager,0,,,,18,98
2976,1947,P01193,Mitchell Gaston,Mitchell Gaston,,,C00487,S.A. de la Société Egyptienne d'Electricité,S.E. d'Electricité,director,0,,,,18,98
2977,1947,P01194,Moberly Charles Henry Doward,Moberly Charles Henry Doward,,,C01481,CommPt' cial Bank of The Near East,CommPt' cial Bank of The Near East,director,0,,,,18,98
2978,1947,P01195,Moghazi Mohamed Abd Rabbou,S.E. Moghazi Mohamed Abd Rabbou Pacha,pasha,s.e.,C01889,Sté. Cotonnière «Maarad)),Sté. Cotonnière «Maarad)),director,0,,,,18,98
2979,1947,P01196,Mohamed Abbas Rached,Mohamed Abbas Rached,,,C00537,"Société Egyptienne des Industries Chimiques, S.A.E","Société Egyptienne des Industries Chimiques, S.A.E",director,0,,,,18,98
2980,1947,P01197,Mohamed Abdel Malek Hamza,Mohamed Abdel Malek Hamza Bey,bey,,C02062,ccKarnab Ttm Cotton Spinning Weaving & Dyeing Co,ccKarnab Ttm Cotton Spinning Weaving & Dyeing Co,director,0,,,,18,98
2981,1947,P01198,Mohamed Abdel Moneim El Dib,Mohamed Abdel Moneim El Dib Bey,bey,,C01871,Ste. Misr d'Assurances Générales,Ste. Misr d'Assurances Générales,director,0,,,,18,98
2982,1947,P01198,Mohamed Abdel Moneim El Dib,Mohamed Abdel Moneim El Dib Bey,bey,,C01821,Société Misr de Tabacs et Cigarettes,Société Misr de Tabacs et Cigarettes,director,0,,,,18,98
2983,1947,P01198,Mohamed Abdel Moneim El Dib,Mohamed Abdel Moneim El Dib Bey,bey,,C01918,Sté. Nationale du Papier,Sté. Nationale du Papier,director,0,,,,18,98
2984,1947,P01199,Mohamed Abdel Rahman Nosseir,Mohamed Abdel Rahman Nosseir,,,C02095,"la«Almina>>,S.A.E","la«Almina>>,S.A.E",director,0,,,,18,98
2985,1947,P01199,Mohamed Abdel Rahman Nosseir,Mohamed Abdel Rahman Nosseir,,,C02095,"la«Almina>>,S.A.E","la«Almina>>,S.A.E",managing_director,0,,,,18,98
2986,1947,P01200,Mohaf!led Aly Namazi,Mohaf!led Aly Namazi Bey,bey,,C00064,Crédit Agricole d'Egypte,Crédit Agricole d'Egypte,director,0,,,,18,98
2987,1947,P01201,Mohamed Amine Chohayeb,Mohamed Amine Chohayeb Bey,bey,,C01439,Banque Mi sr d'Alexandrie,Banque Misr d'Alexandrie,manager,0,,,,18,98
2988,1947,P01201,Mohamed Amine Chohayeb,Mohamed Amine Chohayeb Bey,bey,,C01895,Sté. Eg. de la Bour..>e Commerciale de Minet el Bassal,Sté. Eg. de la Bour..>e Commerciale de Minet el Bassal,director,0,,,,18,98
2989,1947,P01201,Mohamed Amine Chohayeb,Mohamed Amine Chohayeb Bey,bey,,C00096,Land Bank of Egypt,Land Bank of Egypt,director,0,,,,18,98
2990,1947,P01202,Mohamed Chafik,Mohamed Chafik,,,C01920,Sté. Orientale Cinéma,Sté. Orientale Cinéma,director,0,,,,18,98
2991,1947,P00530,Sabry Hussein,S.E. Mohamed Fahmy Hussein Pacha,pasha,s.e.,C01683,Near East Pharmaceutical et Commercial Cy S.A.E,Near East Ph.umaceutical & Commercial Cy,director,0,,,,18,99
2992,1947,P01203,Mohamed Fathy Sabry,Mohamed Fathy Sabry Bey,bey,,C01553,Egyptian Sisal Manufacturing Cy,Egyptian Sisal Manufactming Cy,director,0,,,,18,99
2993,1947,P01204,Mohamed Eff. Fouad Darwlche El Hag,Mohamed Eff. Fouad Darwlche El Hag,,,C02092,laSociété des A)ltobus de Charkieh et Dakahlieh,laSociété des A)ltobus de Charkieh et Dakahlieh,director,0,,,,18,99
2994,1947,P01204,Mohamed Eff. Fouad Darwlche El Hag,Mohamed Eff. Fouad Darwlche El Hag,,,C02028,The Upp,The Upp,director,0,,,,18,99
2995,1947,P01205,Mohamed Hachem Pacha Dr,Mohamed Hachem Dr,,,C02121,"«Karnak», Cotton Spinning, Weaving .& Dyeing Cy","«Karnak», Cotton Spinning, Weaving .& Dyeing Cy",director,0,,,,18,99
2996,1947,P01206,Mohamed Bey Hamada,Mohamed Bey Hamada,,,C01676,National Starch Cy,National Starch Cy,managing_director,0,,,,18,99
2997,1947,P01206,Mohamed Bey Hamada,Mohamed Bey Hamada,,,C01694,The North East Africa Trading Cy,North East Africa Trading Co,managing_director,0,,,,18,99
2998,1947,P01207,Mohamed Hassan El Abd Bey Député de Gamalieh,Mohamed Hassan El Abd Bey Député de Gamalieh,,,C01529,"Eg. Cy. for International Tracte «Ecit,,_","Eg. Cy. for International Tracte «Ecit,,_",director,0,,,,18,99
2999,1947,P01208,Mohamed 'Khattab,Mohamed 'Khattab Bey,bey,,C02060,Zeitoun Canning & Food Cy,Zeitoun Canning & Food Cy,director,0,,,,18,99
3000,1947,P01209,Mohamed Loutfi M~hmoud,Mohamed Loutfi M~hmoud Bey,bey,,C01802,Société Egyptienne pour le Tannage,Société Egyptienne pour le Tannage,council_member,0,,,,18,99
3001,1947,P01209,Mohamed Loutfi M~hmoud,Mohamed Loutfi M~hmoud Bey,bey,,C01627,"Industrie du Cuir, S.A.E","Industrie du Cui,', S.A.E",council_member,0,,,,18,99
3002,1947,P01210,Mohamed Mohamed 1Kira,Mohamed Mohamed 1Kira,,,C01620,Hizerie Egyptienne Moderne,Hizerie Egyptienne Moderne,director,0,,,,18,99
3003,1947,P00530,Sabry Hussein,Hussein,,,C01504,"Condoild'Administration de la Misr Navigation Co., de M.L. Franco& Co. (S. Pinto & Co. Succrs.), de la Société Orientale de","Condoild'Administration de la Misr Navigation Co., de M.L. Franco& Co. (S. Pinto & Co. Succrs.), de la Société Orientale de",managing_director,0,,,,18,99
3004,1947,P00530,Sabry Hussein,Hussein,,,C01504,"Condoild'Administration de la Misr Navigation Co., de M.L. Franco& Co. (S. Pinto & Co. Succrs.), de la Société Orientale de","Condoild'Administration de la Misr Navigation Co., de M.L. Franco& Co. (S. Pinto & Co. Succrs.), de la Société Orientale de",member,0,,,,18,99
3005,1947,P01211,Mohamed Sakr,Mohamed Sakr Bey,bey,,C02043,Transport & Engineering Cy,Transport & Engineering Cy,director,0,,,,18,99
3006,1947,P01212,Mohamed Salah el Dine,Mohamed Salah el Dine Bey,bey,,C02043,Transport & Engineering Cy,Transport .& Engineering Cy,director,0,,,,18,99
3007,1947,P01213,Mohamed Salab el Dine el Chorbagui,Mohamed Salab el Dine el Chorbagui,,,C01523,Dél. Sté. Osines El,Dél. Sté. Osines El,director,0,,,,18,99
3008,1947,P01214,Mohamed Salem Salem,Mohamed Salem Salem,,,C01858,Société des Autobus de Charkieh et Dakahlieh,Société des Autobus de Charkieh et Dakahlieh,director,0,,,,18,99
3009,1947,P01214,Mohamed Salem Salem,Mohamed Salem Salem,,,C02029,The Upper Bus Co,The Upper Bus Co,director,0,,,,18,99
3010,1947,P01215,Mohamed Sobhi el Chorbagui,Mohamed Sobhi el Chorbagui,,,C01524,Dél. de-3,Dél. de-3,vice_president,0,,,,18,99
3011,1947,P01215,Mohamed Sobhi el Chorbagui,Mohamed Sobhi el Chorbagui,,,C01524,Dél. de-3,Dél. de-3,director,0,,,,18,99
3012,1947,P01216,Mohamed Youssef El Abd,Mohamed Youssef El Abd Bey,bey,,C02125,«Nemco»,«Nemco»,director,0,,,,18,99
3013,1947,P01217,Mohamed Zeidan,Mohamed Zeidan,,,C00606,Société des Omnibus de Fayoum,Société des Omnibus de Fayoum,director,0,,,,18,99
3014,1947,P00746,Moharrem Osman,S.E. Moharram Osman Pacha,pasha,s.e.,C00589,"Société Viticole et Vinicole d'Egypte, S.A.E","Société Viticole et Vinicole d'Egypte, S.A.E",director,0,,,,18,100
3015,1947,P01218,Mohsin Shawki,Mohsen Shawki,,,C01581,Frosted Food & Cold Stora~e Cy,Frosted Food & Cold Stora~e Cy,director,0,,,,18,100
3016,1947,P00747,Monchicourt André G,Monchicourt André G,,,C00473,S.A. des Monts de Piété Egyptiens,S.A. des Monts de Piété Egyptiens,director,0,,,,18,100
3017,1947,P01219,Montant Gaston,Montant Gaston,,,C00426,"The National Ginning Co. of Egypt, S.A.E",National Ginning Cy. of Egypt,director,0,,,,18,100
3018,1947,P01220,Moore Léon,Moore Léon,,,C01527,The Eastern Electric Cy,Eastern Electric Cy,director,0,,,,18,100
3019,1947,P01221,Morpurgo Georges,Morpurgo Georges,,,C01488,Commercial & Agency Cy. of Egypt Ltd,Commercial.& Agency Cy. of Egypt,director,0,,,,18,100
3020,1947,P00749,Morpurgo Gustave,Morpurgo Gustave,,,C01945,Surveillance de la M. L. Franco & Co. - S. Pinto & Co. Succrs,Surveillance de la M. L. Franco & Co.-S. Pinto & Co. Succrs,director,0,,,,18,100
3021,1947,P00749,Morpurgo Gustave,Morpurgo Gustave,,,C01945,Surveillance de la M. L. Franco & Co. - S. Pinto & Co. Succrs,Surveillance de la M. L. Franco & Co.-S. Pinto & Co. Succrs,council_member,0,,,,18,100
3022,1947,P00750,Mosseri Albert Vita,Mosseri Albert Vita,,,C00399,"Josy Film, S.A.E","la«Josy Film"", S.A.E",director,0,,,,18,100
3023,1947,P00750,Mosseri Albert Vita,Mosseri Albert Vita,,,C00411,Maison de Banque J. N. Mosseri Figli & Co,Maison de Banque J. N. Mosseri Figli & Co,partner,0,,,,18,100
3024,1947,P00753,Mosseri E. Humbert J,Mosseri E. Humbert J,,,C01710,Portugal au Caire,Portugal au Caire,manager,0,,,,18,100
3025,1947,P01222,Mosseri GL1ido,Mosseri GL1ido,,,C00305,Cairo Land and Financial Co. S.A.E,"Cairo Land & Financial Co., S.A.E",director,0,,,,18,100
3026,1947,P01222,Mosseri GL1ido,Mosseri GL1ido,,,C00024,The Anglo-Belgian Co. of Egypt Ltd,The Anglo-Belgian Co. of Egypt Ltd,director,0,,,,18,100
3027,1947,P01222,Mosseri GL1ido,Mosseri GL1ido,,,C00026,The Anglo-Egyptian Land Allotment Co,The Anglo-Egyptian Land Allotment Co,director,0,,,,18,100
3028,1947,P01222,Mosseri GL1ido,Mosseri GL1ido,,,C00686,The Fayoum Light Railways Co,The Fayoum LighL Rail ways Co,director,0,,,,18,100
3029,1947,P01222,Mosseri GL1ido,Mosseri GL1ido,,,C01716,S.A. Astra et Halles Centrales,S.A. Astra et Halles Centrales,director,0,,,,18,100
3030,1947,P00752,Mosseri Henri Victor,Mosseri Henri Victor,,,C01426,Anglo-Egyptian l~and Allotment Co,Anglo-Egyptian l~and Allotment Co,managing_director,0,,,,18,100
3031,1947,P00752,Mosseri Henri Victor,Mosseri Henri Victor,,,C00086,The Gharbieh Land Co,The Gharbieh Land Co,director,0,,,,18,100
3032,1947,P00752,Mosseri Henri Victor,Mosseri Henri Victor,,,C00354,Egyptian Finance Cy,The Egyptian Financ•· Co,director,0,,,,18,100
3033,1947,P00752,Mosseri Henri Victor,Mosseri Henri Victor,,,C01164,Tractor & Engineering Co,The Tractor & Engineering Co,director,0,,,,18,100
3034,1947,P00752,Mosseri Henri Victor,Mosseri Henri Victor,,,C02058,V.'ad.J Kom-Onlbo,V.'ad.J Kom-Onlbo,director,0,,,,18,100
3035,1947,P00752,Mosseri Henri Victor,Mosseri Henri Victor,,,C01126,The Anglo-Belgian Co,The Anglo-Belgian Co,director,0,,,,18,100
3036,1947,P00752,Mosseri Henri Victor,Mosseri Henri Victor,,,C01995,"The Egyptiau Copper \\""orks","The Egyptiau Copper \\""orks",director,0,,,,18,100
3037,1947,P00752,Mosseri Henri Victor,Mosseri Henri Victor,,,C00686,The Fayoum Light Railways Co,Fayoum Light Railways Co,director,0,,,,18,100
3038,1947,P00752,Mosseri Henri Victor,Mosseri Henri Victor,,,C00169,Société Foncière du Domaine de Cheikh Fadl,Société Foncière du Domaine de Cheikh Fadl,director,0,,,,18,100
3039,1947,P00467,Mosseri Joseph Vita,Mosseri Joseph Vita,,,C00399,"Josy Film, S.A.E","Josy Film, S.A.E",president,0,,,,18,100
3040,1947,P00467,Mosseri Joseph Vita,Mosseri Joseph Vita,,,C00399,"Josy Film, S.A.E","Josy Film, S.A.E",managing_director,0,,,,18,100
3041,1947,P00109,Mosseri Maurice N,Mosseri Maurice N,,,C00296,"Banque Mosséri, S.A.E","Banque Mosséri, S.A.E",president,0,,,,18,101
3042,1947,P00109,Mosseri Maurice N,Mosseri Maurice N,,,C00296,"Banque Mosséri, S.A.E","Banque Mosséri, S.A.E",delegate,0,,,,18,101
3043,1947,P00109,Mosseri Maurice N,Mosseri Maurice N,,,C01711,Qrands Hôtels d'Egypte,Qrands Hôtels d'Egypte,president,0,,,,18,101
3044,1947,P00109,Mosseri Maurice N,Mosseri Maurice N,,,C01711,Qrands Hôtels d'Egypte,Qrands Hôtels d'Egypte,delegate,0,,,,18,101
3045,1947,P00109,Mosseri Maurice N,Mosseri Maurice N,,,C01145,The Palestine Hotels,Palestine Hotels Ltd,president,0,,,,18,101
3046,1947,P00109,Mosseri Maurice N,Mosseri Maurice N,,,C01145,The Palestine Hotels,Palestine Hotels Ltd,delegate,0,,,,18,101
3047,1947,P00109,Mosseri Maurice N,Mosseri Maurice N,,,C01951,Syndicat ctes Obligataires de la Société GénA· rale des Sucreries,Syndicat ctes Obligataires de la Société GénA· rale des Sucreries,president,0,,,,18,101
3048,1947,P00109,Mosseri Maurice N,Mosseri Maurice N,,,C01951,Syndicat ctes Obligataires de la Société GénA· rale des Sucreries,Syndicat ctes Obligataires de la Société GénA· rale des Sucreries,delegate,0,,,,18,101
3049,1947,P00109,Mosseri Maurice N,Mosseri Maurice N,,,C00114,Raffinerie d'Egypte,Raffinerie d'Egypte,president,0,,,,18,101
3050,1947,P00109,Mosseri Maurice N,Mosseri Maurice N,,,C00114,Raffinerie d'Egypte,Raffinerie d'Egypte,delegate,0,,,,18,101
3051,1947,P00109,Mosseri Maurice N,Mosseri Maurice N,,,C01962,"The Alexa11- dria & Ramleh Raih,·ay Co. Ltd","The Alexa11- dria & Ramleh Raih,·ay Co. Ltd",director,0,,,,18,101
3052,1947,P00109,Mosseri Maurice N,Mosseri Maurice N,,,C01729,S.A. des Tram\vavsd'Alexandrie,S.A. des Tram\vavsd'Alexandrie,director,0,,,,18,101
3053,1947,P00109,Mosseri Maurice N,Mosseri Maurice N,,,C01749,S.E. de Tissage et Tricotage,S.E. de Tissage et Tricotage,director,0,,,,18,101
3054,1947,P00109,Mosseri Maurice N,Mosseri Maurice N,,,C00104,National Insurance Co. of Egypt,The National Insurance Co. of Egypt,director,0,,,,18,101
3055,1947,P00109,Mosseri Maurice N,Mosseri Maurice N,,,C01542,"Egyptian Finanr,e Cy","Egyptian Finanr,e Cy",director,0,,,,18,101
3056,1947,P00109,Mosseri Maurice N,Mosseri Maurice N,,,C01622,Immobilia d'Egypte,Immobilia d'Egypte,director,0,,,,18,101
3057,1947,P00109,Mosseri Maurice N,Mosseri Maurice N,,,C00216,Gabbari Land Co,The Gabbari Land Cy,director,0,,,,18,101
3058,1947,P01223,Mouchly Max,Mouchly Max,,,C01394,"1 d'Administration de The Simon Arzt Stores, S.A.E","1 d'Administration de The Simon Arzt Stores, S.A.E",president,0,,,,18,101
3059,1947,P01224,Moursi Ahmed Awad,Moursi Ahmed Awad,,,C01375,"'a Société d'Entreprises M. Cockinos, S.A.E","'a Société d'Entreprises M. Cockinos, S.A.E",director,0,,,,18,101
3060,1947,P00755,Muller E,Muller E,,,C00426,"The National Ginning Co. of Egypt, S.A.E",National Ginning Co. of Egypt,director,0,,,,18,101
3061,1947,P00755,Muller E,Muller E,,,C01925,"Sté. Viticole et Vinicole d'Egypte, S.A.E",Sté. Viticole et Vinicole d'Egypt.8,director,0,,,,18,101
3062,1947,P01225,Muntz Alyan,Muntz Alyan,,,C01392,"-ation de la Misr Al•' work, S.A.E","-ation de la Misr Al•' work, S.A.E",director,0,,,,18,101
3063,1947,P01226,Murray Georges Maggibon,Murray Georges Maggibon,,,C00587,Société Texas Egyptienne des Pétroles,Société Texas Egyptienne des Pétroles,director,0,,,,18,101
3064,1947,P00856,Abdel Latif Moussa,Mussa,,,C01961,"The Albert Mussa Agency ,& Stevedoring Co., S.A.E","The Albert Mussa Agèncy & Stevedoring Co., S.A.E",managing_director,0,,,,18,101
3065,1947,P00759,Mustaki Armand,Mustaki Armand,,,C00297,Banque d'Athènes,"Banque d' Athènes, S.A",director,0,,,,18,101
3066,1947,P00759,Mustaki Armand,Mustaki Armand,,,C00391,Industrie Meunière d'Alexandrie,"Industrie Meunière d'Alexandrie, S.A.E",director,0,,,,18,101
3067,1947,P00759,Mustaki Armand,Mustaki Armand,,,C01963,The Alexandria &,«The Alexandria,managing_director,0,,,,18,101
3068,1947,P01227,Cotton Trading Co,Cotton Trading Co,,,C01950,"Surveillance de«Allen & Co.""","Surveillance de«Allen & Co.""",director,0,,,,18,101
3069,1947,P01227,Cotton Trading Co,Cotton Trading Co,,,C01950,"Surveillance de«Allen & Co.""","Surveillance de«Allen & Co.""",council_member,0,,,,18,101
3070,1947,P01227,Cotton Trading Co,Cotton Trading Co,,,C02130,«The British Egyptian Automobile Got·- . pot<,«The British Egyptian Automobile Got·- . pot<,director,0,,,,18,101
3071,1947,P00760,Nacamuli Albert,Nacamuli Albert,,,C01803,Société Egyptienrw de Placements,Société Egyptienrw de Placements,managing_director,0,,,,18,101
3072,1947,P00760,Nacamuli Albert,Nacamuli Albert,,,C00334,Crédit,Crédit,managing_director,0,,,,18,101
3073,1947,P00760,Nacamuli Albert,Nacamuli Albert,,,C01807,Société Générale Immobilièt-e,Société Générale Immobilièt-e,managing_director,0,,,,18,101
3074,1947,P01228,Londres,Londres,,,C01838,"Société Nationale de Matières Plastiques, S.A.E","Société Nationale de Matières Plastiques, S.A.E",president,0,,,,18,101
3075,1947,P00477,Nahas Michel,Nahas Michel,,,C00514,Société,Société,president,0,,,,18,102
3076,1947,P00478,Nahas Robert,Nahas Robert,,,C00514,Société,Sociéte,director,0,,,,18,102
3077,1947,P01229,Classe,Classe,,,C01609,Grands Magasins Chemla,Grands Magasins Chemla,director,0,,,,18,102
3078,1947,P01229,Classe,Classe,,,C00132,Sidi Salem Co,Sidi Salem Co,director,0,,,,18,102
3079,1947,P01230,Nlahman Raphael,Nlahman Raphael,,,C00173,Société Générale d'Electricité,Société Générale d'Electricité,director,0,,,,18,102
3080,1947,P01230,Nlahman Raphael,Nlahman Raphael,,,C00099,Mécanique,Mécanique,director,0,,,,18,102
3081,1947,P01230,Nlahman Raphael,Nlahman Raphael,,,C00445,Rosetta & Alexandria Rice Mills,Rosetta & Alexandria Rice Mills,director,0,,,,18,102
3082,1947,P01231,Natar Nathan Raphael,Natar Nathan Raphael,,,C01619,"Helwan Land Cy. Na.sr, Max Anis, Administl·atem Sté. Orientale Cinéma","Helwan Land Cy. Na.sr, Max Anis, Administl·atem Sté. Orientale Cinéma",managing_director,0,,,,18,102
3083,1947,P01232,Négrin Edmond N,Négrin Edmond N,,,C02060,Zeitoun Canning & Food Cy,Zeitoun Canning & Food Cy,director,0,,,,18,102
3084,1947,P01232,Négrin Edmond N,Négrin Edmond N,,,C02105,uNemCO»,uNemCO»,director,0,,,,18,102
3085,1947,P01233,Neison Georges,Neison Georges,,,C02132,"·ation de The Hin· shelwood Paint & Oil Co. of Egypt, S.A.E","·ation de The Hin· shelwood Paint & Oil Co. of Egypt, S.A.E",director,0,,,,18,102
3086,1947,P00764,Neuville Paul,Neuville Paul,,,C01949,Surveillance de la Sté. des Plâtres d'Albâtre,Surveillance de la Sté. des Plâtres d'Albâtre,council_member,0,,,,18,102
3087,1947,P00484,Nichols D,Ni·chols D,,,C01862,Société oes Autobus du Béhéra,Société oes Autobus du Béhéra,director,0,,,,18,102
3088,1947,P00484,Nichols D,Ni·chols D,,,C00372,Gharbieh,Gharbieh. ·,director,0,,,,18,102
3089,1947,P01234,No~n Edouard,No~n Edouard,,,C01911,Sté. Industrielle du Moyen Orient,Sté. Industrielle du Moyen-Orient,vice_president,0,,,,18,102
3090,1947,P00117,Nubar Arakel,S.E. Nubar Arakel Pacha,pasha,s.e.,C00468,S.A. des Eaux du Caire,S.A. des Eaux du Caire,director,0,,,,18,102
3091,1947,P00117,Nubar Arakel,S.E. Nubar Arakel Pacha,pasha,s.e.,C00200,The Cairo Electric Railways and Heliopolis Oases Co,The Cairo Electric Railways and Heliopolis Oases Co,director,0,,,,18,102
3092,1947,P00117,Nubar Arakel,S.E. Nubar Arakel Pacha,pasha,s.e.,C01473,Cie. FrigorifiquJd'Egypte. ·,Cie. FrigorifiquJd'Egypte. ·,director,0,,,,18,102
3093,1947,P01235,N~egaard A,N~egaard A,,,C01617,"Hel\van Portland C~­ ment Cy., S.A.E","Hel\van Portland C~­ ment Cy., S.A.E",delegate,0,,,,18,102
3094,1947,P01236,Léopold de Belgique Croix de Guerre Yser,Léopold de Belgique Croix de Guerre Yser,,,C01618,Helwan Land Cy. p,Helwan Land Cy. p,vice_president,0,,,,18,103
3095,1947,P01237,Pace,Pace,,,C02109,~o­ ciété Franco-Egyptienne d'Importation,~o­ ciété Franco-Egyptienne d'Importation,member,0,,,,18,103
3096,1947,P01237,Pace,Pace,,,C01597,General Navigation Co. of Egypt,General Navigation Co. of Egypt,managing_director,0,,,,18,103
3097,1947,P01237,Pace,Pace,,,C01479,Coca-Cola Bottling Co. of Alexandria,Coca-Cola Bottling Co. of Alexandria,manager,0,,,,18,103
3098,1947,P01238,JD'athy Ladislas,JD'athy Ladislas,,,C00642,The Alexandria Navigation Co,Alexandria Navigation,managing_director,0,,,,18,103
3099,1947,P01239,Company,Company,,,C00600,Société des Autobus du Caire,Société des Autobus du Caire,vice_president,0,,,,18,103
3100,1947,P01239,Company,Company,,,C01854,Société des Autobus d'Alexandt·ie,Société des Autobus d'Alexandt·ie,vice_president,0,,,,18,103
3101,1947,P01239,Company,Company,,,C00016,Alexandria Insurance Co,"Alexandria Insurance Co., S.A.E",director,0,,,,18,103
3102,1947,P01239,Company,Company,,,C01548,Egyptian Road,Egyptian Road,director,0,,,,18,103
3103,1947,P01240,Pavlica Dussan,Pavlica Dussan,,,C01570,Fabrique de Pro· duits Chimiques,Fabrique de Pto- duits Chimiques,director,0,,,,18,103
3104,1947,P01241,Paxton Lloyd,Paxton Lloyd,,,C00618,"The Standard Oil Co. of Egypt, S.A",The Standard Oil Co. of Egypt,director,0,,,,18,103
3105,1947,P00118,Pegna E,Pegna E,,,C00210,Egyptian Bonded Warehouses Co. Ltd,Egyptian Bonded Warehouses Co,director,0,,,,18,104
3106,1947,P00118,Pegna E,Pegna E,,,C01840,Société Pharos,Société Pharos,director,0,,,,18,104
3107,1947,P00118,Pegna E,Pegna E,,,C01958,"Th""' Egyptian Petroleum Storage","Th""' Egyptian Petroleum Storage",director,0,,,,18,104
3108,1947,P00118,Pegna E,Pegna E,,,C00192,The Alexandria Central Buildings,Alexandria Central Buildings,president,0,,,,18,104
3109,1947,P01242,Peillon Paul,Peillon Paul,,,C01752,"Salvage ·& Marine Cy. of Egypt, S.A.E","Salvage ·& Marine Cy. of Egypt, S.A.E",director,0,,,,18,104
3110,1947,P01243,Perez Joseph,Perez Joseph,,,C01911,Sté. Industrielle du Moyen Orient,Sté. Industrielle du Moyer Orient,director,0,,,,18,104
3111,1947,P01244,Perkins William H,Perkins William H,,,C01691,Nile Cold Storage 1& lee Co,Nile Cold Storage 1& lee Co,president,0,,,,18,104
3112,1947,P01244,Perkins William H,Perkins William H,,,C01358,' tration de la S.A.E. «Carban,' tration de la S.A.E. «Carban,director,0,,,,18,104
3113,1947,P01245,Pezas Me. A,Pezas Me. A,,,C02137,·ta Sociétt Générale des Sucreries,·ta Sociétt Générale des Sucreries,director,0,,,,18,104
3114,1947,P01245,Pezas Me. A,Pezas Me. A,,,C00114,Raffinerie d'Egypte,Raffinerie d'Egypte,director,0,,,,18,104
3115,1947,P00771,Philp E. L,Philp E. L,,,C01445,Barclays Bank (D.C. & O.) à AlPxandrie,Barclays Bank (D.C. & O.) à AlPxandrie,director,0,,,,18,104
3116,1947,P01246,Picciotto David de,Picciotto David de,,,C00675,The Egyptian Land & Buildings Co,The Egyptian Land .& Buildings Co,director,0,,,,18,104
3117,1947,P01247,Picciotto Fernand de,Picciotto Fernand de,,,C01352,"""Etablissement~ Industriels pour la Soie et le Coton»","""Etablissement~ Industriels pour la Soie et le Coton»",managing_director,0,,,,18,104
3118,1947,P01248,Picciotto Henri,Picciotto Henri,,,C01354,«Sibur)),"""Sibur»",president,0,,,,18,104
3119,1947,P01248,Picciotto Henri,Picciotto Henri,,,C01354,«Sibur)),"""Sibur»",director,0,,,,18,104
3120,1947,P01249,Picciotto Joseph,Picciotto Joseph,,,C01557,El Tawil Spinning & Weaving Cy,El Tawil Spinning .& Weaving Cy,director,0,,,,18,104
3121,1947,P01250,Picciotto Léon,Picciotto Léon,,,C01565,Etablissements Giacomo Cohenca Fiis Incorporated Inâustries,Etablissements Giacomo Cohenca Fiis Incorporated Inâustries,director,0,,,,18,104
3122,1947,P01251,Picciotto Lucien,Picciotto Lucien,,,C02014,"The Nile Textile Cy., S.A.R","The Nile Textile Cy., S.A.R",managing_director,0,,,,18,104
3123,1947,P01251,Picciotto Lucien,Picciotto Lucien,,,C02014,"The Nile Textile Cy., S.A.R","The Nile Textile Cy., S.A.R",general_manager,0,,,,18,104
3124,1947,P00772,Pierrakos Nicolas,Pierrakos Nicolas,,,C01355,"""Société Viticole et Vinicol~td'Egypte S.A.E.n","""Société Viticole et Vinicol~td'Egypte S.A.E.n",vice_president,0,,,,18,104
3125,1947,P00772,Pierrakos Nicolas,Pierrakos Nicolas,,,C01355,"""Société Viticole et Vinicol~td'Egypte S.A.E.n","""Société Viticole et Vinicol~td'Egypte S.A.E.n",managing_director,0,,,,18,104
3126,1947,P00772,Pierrakos Nicolas,Pierrakos Nicolas,,,C01353,"""Nestor Gianaclis (Agricultural & Commercial. Limitedn","""Nestor Gianaclis (Agricultural & Commercial. Limitedn",president,0,,,,18,104
3127,1947,P01252,Pilavachi John,Pilavachi John,,,C00453,S.A. Immobilière des Terrains Ghizeh et Rodah,S.A. Immobilière Terrain~ Guizeh et Rodah,director,0,,,,18,104
3128,1947,P01253,Pinto Bruno B. Corn. Liverpool,Pinto Bruno B. Com. Liverpool,,,C01706,"Pinto Cotton Co., S.A.E","Pinto CottoP Co., S.A.E",director,0,,,,18,104
3129,1947,P01253,Pinto Bruno B. Corn. Liverpool,Pinto Bruno B. Com. Liverpool,,,C01002,"S.A. Immobili Riuniti, S.A.E","S.A. Immobili Riuniti, S.A.E",director,0,,,,18,104
3130,1947,P01253,Pinto Bruno B. Corn. Liverpool,Pinto Bruno B. Com. Liverpool,,,C00393,"Industrie des Fibres Textiles, S.A.E","Industrie Fibres Textiles, S.A.E",director,0,,,,18,104
3131,1947,P00774,Pinto Prof. Dott. Cav·. Uff. Carlo,Pinto Prof. Dott. Cav. Uff. Carlo,,,C01760,Società,Società,director,0,,,,18,105
3132,1947,P00501,Pinto Cav. Ezio,Pinto Ezio,,,C00502,"Societa Anonima Immobili Riuniti, S.A.E","Societa Anonima Immobili Riuniti, S.A.E",director,0,,,,18,105
3133,1947,P00501,Pinto Cav. Ezio,Pinto Ezio,,,C01008,S.A.E. de l'Industrie Fibres Textiles,S.A. d'Industrie Fibres Textiles,director,0,,,,18,105
3134,1947,P00501,Pinto Cav. Ezio,Pinto Ezio,,,C02030,The Upper Egypt,The Upper Egypt,director,0,,,,18,105
3135,1947,P01254,Ginning Co,Ginning Co,,,C01945,Surveillance de la M. L. Franco & Co. - S. Pinto & Co. Succrs,"Surveillance de la M. L. Franco & Co. (S. Pinto,& Co. Suce.)",council_member,0,,,,18,105
3136,1947,P01254,Ginning Co,Ginning Co,,,C01706,"Pinto Cotton Co., S.A.E","Pinto Cotton Co., S.A.E",managing_director,0,,,,18,105
3137,1947,P00121,Pinto Silvio,Pinto Silvio,,,C01002,"S.A. Immobili Riuniti, S.A.E","S.A. Immobili Riuniti, S.A.E",president,0,,,,18,105
3138,1947,P00121,Pinto Silvio,Pinto Silvio,,,C01706,"Pinto Cotton Co., S.A.E","Pinto Cotton Co., S.A.E",vice_president,0,,,,18,105
3139,1947,P00121,Pinto Silvio,Pinto Silvio,,,C01938,"Sté. en commandite par actions M. L. Franco,& Co. (S. Pinto & Co. Suce.)","Sté. en commandite par actions M. L. Franco,& Co. (S. Pinto & Co. Suce.)",manager,0,,,,18,105
3140,1947,P01255,Upper Egypt Oinning-Co,Upper Egypt Oinning-Co,,,C00078,The Egyptian Salt & Soda Cy. Ltd,Egyptian Salt .& Soda Co. Ltd,director,0,,,,18,105
3141,1947,P00775,Pinto Uberto,Pinto Uberto,,,C00514,Société,Société,director,0,,,,18,105
3142,1947,P01256,Anonyme des Immeubles Réunis,Anonyme des Immeubles Réunis,,,C02030,The Upper Egypt,The Upper Egypt,managing_director,0,,,,18,105
3143,1947,P01256,Anonyme des Immeubles Réunis,Anonyme des Immeubles Réunis,,,C01644,Maison M. L. Franco& Co. (S. Pinto & Co. Succrs.) Alexandrie,Maison M. L. Franco& Co. (S. Pinto & Co. Succrs.) Alexandrie,manager,0,,,,18,105
3144,1947,P01257,Platt James,Platt James,,,C01815,Société Mis1,Société Mis1,director,0,,,,18,105
3145,1947,P01257,Platt James,Platt James,,,C01430,Assurances,Assurances,director,0,,,,18,105
3146,1947,P01258,Podesta Edward Major,Podesta Edward Major,,,C01907,Sté. Franco-Egyptienne d'Importation,"Sté. Franco Egyptienne d'Importation, S.A.E",managing_director,0,,,,18,105
3147,1947,P01259,Politi Elie 1,Politi Elie 1,,,C01484,Commercial Bank of,Commercial Bank of,managing_director,0,,,,18,105
3148,1947,P00016,Egypt,Egypt,,,C00675,The Egyptian Land & Buildings Co,"The Egyptian Land and Buildings Co., S.A.E",managing_director,0,,,,18,105
3149,1947,P00776,Pollet Masurel André,Pollet Masure! André,,,C00539,"Société Egyptienne de Filature et Tissage de la Laine, S.A.E","Société Egyptienne de Filature et Tissage de la Laine, S.A.E",director,0,,,,18,105
3150,1947,P00503,Pollet Raymond,Pollet Raymond,,,C00539,"Société Egyptienne de Filature et Tissage de la Laine, S.A.E","Société Egyptienne de Filature et Tissage de Laine, S.A.E",managing_director,0,,,,18,105
3151,1947,P00777,Pollet Robert,Pollet Robert,,,C00539,"Société Egyptienne de Filature et Tissage de la Laine, S.A.E","Société Egyptienne de Filature et Tissage de Laine, S.A.E",director,0,,,,18,105
3152,1947,P01260,Pollet-Thiriez Pierre,Pollet-Thiriez Pierre,,,C00539,"Société Egyptienne de Filature et Tissage de la Laine, S.A.E","Société Egyptienne de Filature et Tissage de Laine, S.A.E",director,0,,,,18,106
3153,1947,P01261,Pontremoli Maurice B,Pontremoli Maurice B,,,C00410,"Maison d'Ameublement B. Pontremoli, S.A.E","Maison d'Ameublement B. Pontremoli, S.A.E",director,0,,,,18,106
3154,1947,P01262,Pontremoli Rachel,Pontremoli Rachel,,,C00410,"Maison d'Ameublement B. Pontremoli, S.A.E","Maison d'Ameublement B. Pontremoli, S.A.E",director,0,,,,18,106
3155,1947,P01263,Portos Emile,Portos Emile,,,C01647,Maison V. Toriel & Co,Maison V. Toriel & Co,manager,0,,,,18,106
3156,1947,P01264,Dringo Stephane,Dringo Stephane,,,C01545,Egyptian Mining & Prospecting Co .. S.A.E,"The Egyptian Mining ,& Prospecting Co",director,0,,,,18,106
3157,1947,P01265,Psacharopoulo Georges,Psacharopoulo Georges,,,C01915,Sté. Misr pour les Fourrages,Sté. Misr pour les Fourrages,director,0,,,,18,106
3158,1947,P01265,Psacharopoulo Georges,Psacharopoulo Georges,,,C00078,The Egyptian Salt & Soda Cy. Ltd,The Egyptian Salkt& Soda Cy,general_manager,0,,,,18,106
3159,1947,P01266,Psaltis A. M,Psaltis A. M,,,C00589,"Société Viticole et Vinicole d'Egypte, S.A.E",'de la Viticole & Vinicole d'Egypte,director,0,,,,18,106
3160,1947,P01266,Psaltis A. M,Psaltis A. M,,,C00739,Union des Agriculteurs d'Egypte,Union des Agriculteurs d'Egypte,director,0,,,,18,106
3161,1947,P01267,Rabbath Fernand,Rabbath Fernand,,,C00069,Delta Trading Co,Delta Trading· Co,managing_director,0,,,,18,106
3162,1947,P01268,Rabbath Henri,Rabbath Henry,,,C01731,"S.A. du Béhéra, de The Anglo-American Nile Co","S.A. du Béhéra, de The Anglo-American Nile Co",delegate,0,,,,18,106
3163,1947,P01268,Rabbath Henri,Rabbath Henry,,,C01731,"S.A. du Béhéra, de The Anglo-American Nile Co","S.A. du Béhéra, de The Anglo-American Nile Co",director,0,,,,18,106
3164,1947,P01269,Rachid Ibrahim,Rachid Ibrahim Bey,bey,,C01551,Egyptian Shipping,Egyptian Shipping,president,0,,,,18,106
3165,1947,P01269,Rachid Ibrahim,Rachid Ibrahim Bey,bey,,C01551,Egyptian Shipping,Egyptian Shipping,director,0,,,,18,106
3166,1947,P01269,Rachid Ibrahim,Rachid Ibrahim Bey,bey,,C02127,«Nemeet»,«Nemeet»,president,0,,,,18,106
3167,1947,P01269,Rachid Ibrahim,Rachid Ibrahim Bey,bey,,C02127,«Nemeet»,«Nemeet»,director,0,,,,18,106
3168,1947,P01270,Rachid Moustafa,Rachid Moustafa Bey,bey,,C02096,"la· Société pom la Vente des Produits Egyptiens, S.A.E","la· Société pom la Vente des Produits Egyptiens, S.A.E",director,0,,,,18,106
3169,1947,P01271,Raemy Bernard de,Raemy Bernard de,,,C00039,Cairo Sand Bricks,Cairo Sand Bricks,managing_director,0,,,,18,106
3170,1947,P01271,Raemy Bernard de,Raemy Bernard de,,,C00215,The Electric Light & Power Supply Cy,"The Electric Light-& Power Supply Co., S.A.E",director,0,,,,18,106
3171,1947,P01271,Raemy Bernard de,Raemy Bernard de,,,C01642,"Mai son Sulzer Frères, en Egypte-","Mai son Sulzer Frères, en Egypte-",general_manager,0,,,,18,106
3172,1947,P01272,Raftopoulos A. S,Raftopoulos A. S,,,C01383,"-.J 'légné de la Sté. «Cigarettes Ne stos Gianaclis, S.A. E. ""","-.J 'légné de la Sté. «Cigarettes Ne stos Gianaclis, S.A. E. """,director,0,,,,18,106
3173,1947,P01272,Raftopoulos A. S,Raftopoulos A. S,,,C02074,"del'Unitas Trading 1& Financial Co., S.A.E","del'Unitas Trading 1& Financial Co., S.A.E",managing_director,0,,,,18,106
3174,1947,P00508,Ragheb Hanna,Ragheb Hanna Bey,bey,,C00425,National Contracting Co. of Egypt,National Contracting Co. of Egypt,director,0,,,,18,106
3175,1947,P00508,Ragheb Hanna,Ragheb Hanna Bey,bey,,C00356,Egyptian Independent Oil Co,"The Egyptian Independent Oil Co., S.A.E",director,0,,,,18,106
3176,1947,P00510,Ramlot Paul,Ramlot Paul,,,C00030,Banque Belge et Internationale en Egypte,"Banque Belge et Internationale en Egypte, S.A.E",director,0,,,,18,107
3177,1947,P00125,Raybaud Max,Raybaud Max,,,C00061,Crown Brewery,Crown-Brewery,managing_director,0,,,,18,107
3178,1947,P01273,Rpes William Edward,Rpes William Edward,,,C01447,Behrend Commercial Cy,Behrend Commercial Cy,director,0,,,,18,107
3179,1947,P01274,Reichfeld André,Reichfeld André,,,C00426,"The National Ginning Co. of Egypt, S.A.E","The National Ginning Co. of Egypt, S.A.E",managing_director,0,,,,18,107
3180,1947,P01274,Reichfeld André,Reichfeld André,,,C00426,"The National Ginning Co. of Egypt, S.A.E","The National Ginning Co. of Egypt, S.A.E",president,0,,,,18,107
3181,1947,P00782,Remauge Adrien,Remaugé Adrien,,,C02094,la«Alexaùdria .& Ramleh Rys. Co.n,la«Alexaùdria .& Ramleh Rys. Co.n,director,0,,,,18,107
3182,1947,P01275,Reynolds A,Reynolds A,,,C02002,The Imperial Chemical,The Imperial Chemical,managing_director,0,,,,18,107
3183,1947,P01276,Industries,Industries,,,C02027,The United Egyptian Nite Transport Co. et The Egyptian Copper Works,The United Egyptian Nite Transport Co. et The Egyptian Copper Works,director,0,,,,18,107
3184,1947,P01277,Riaz Mamdouh,Riaz Mamdouh,,,C01872,Studios Al Ahram,Studios· Al Ahram,director,0,,,,18,107
3185,1947,P00783,Richard Edouard,Richard Edouard,,,C00693,"The Manure Co. of Egypt, S.A","The Manure Co. of Egypt, S.A",director,0,,,,18,107
3186,1947,P01278,Richards G. P,Richards G. P,,,C01817,Société Misr d'Assurances,Société Misr d'Assurances,director,0,,,,18,107
3187,1947,P01279,Richès Gustave,Richès Gustave,,,C01500,Comptoir Commercial,Comptoir Commercial,managing_director,0,,,,18,107
3188,1947,P01280,Economique,Economique,,,C01486,Commercial Insurance Cy. of Egypt,Commercial Insurance Cy. of Egypt,director,0,,,,18,107
3189,1947,P01281,Richès Victor,Richès Victor,,,C02023,The Union Cotton Cy. of Ale,The Union Cotton Cy. of Ale,director,0,,,,18,107
3190,1947,P00784,Riley E. C,Riley E. C,,,C01591,-Général de la,General,director,0,,,,18,107
3191,1947,P01282,Rivelli Jean N,Rivelli Jean N,,,C01965,The Alexandria .& Ramleh Buildings Co,The Alexandria .& Ramleh Buildings Co,manager,0,,,,18,107
3192,1947,P01282,Rivelli Jean N,Rivelli Jean N,,,C01965,The Alexandria .& Ramleh Buildings Co,The Alexandria .& Ramleh Buildings Co,director,0,,,,18,107
3193,1947,P00785,Roberts Stanley P,Roberts Stanley P,,,C01661,The Misr Shipping S.A.E,"The Misr Shipping, S.A.E",director,0,,,,18,107
3194,1947,P01283,Rodocanachi K. G,Rodocanachi C,,,C00277,Alexandria Exchange Co,Alexandria Exchange Cy. -,director,0,,,,18,107
3195,1947,P01283,Rodocanachi K. G,Rodocanachi K. G,,,C00571,Société Générale de Pressage,Société Générale de Pressage,director,0,,,,18,107
3196,1947,P01283,Rodocanachi K. G,Rodocanachi K. G,,,C00346,Dépôts,Dépôts,director,0,,,,18,107
3197,1947,P01284,Rodriguez Eddie,Rodriguez Eddie,,,C01539,Egyptian Engineering & Marine Cy,Egyptian Engineering & Marine Cy,director,0,,,,18,107
3198,1947,P01285,Rofé Charles,Rofé Charles,,,C01845,"Société Viticole et Vinicole d'Egypte, de Frosted Food & Cold Storage Cy","Société Viticole et Vinicole d'Egypte, de Frosted Food & Cold Storage Cy",director,0,,,,18,107
3199,1947,P01286,Roger-Machart Ch,Roger-Machart Ch,,,C00065,Crédit Foncier Egyptien,Crédit Foncier Egyptien,general_manager,0,,,,18,107
3200,1947,P01286,Roger-Machart Ch,Roger-Machart Ch,,,C01745,"S.A.E. «Al Ch,arkn","S.A.E. «Al Ch,arkn",director,0,,,,18,107
3201,1947,P01286,Roger-Machart Ch,Roger-Machart Ch,,,C00064,Crédit Agricole d'Egypte,Crédit Agricoled'Egypte,director,0,,,,18,107
3202,1947,P00788,Rolin Daniel Baron,Rolin Daniel Baron,,,C00141,Société Anonyme des Anciennes Entreprises L. Rolin et Co,Société Anonyme des Anciennes Entreprises L. Rolin & Co,managing_director,0,,,,18,108
3203,1947,P00788,Rolin Daniel Baron,Rolin Daniel Baron,,,C01558,"Electric Light & Power Supply Co., Adminis~rateur de The Cairo Suburban Building Lands","Electric Light & Power Supply Co., Adminis~rateur de The Cairo Suburban Building Lands",president,0,,,,18,108
3204,1947,P00788,Rolin Daniel Baron,Rolin Daniel Baron,,,C00212,The Egyptian Enterprise & Development Co,The Egyptian Enterprise & Development Co,president,0,,,,18,108
3205,1947,P00789,Rolin Léon Baron,Rolin Léon Baron,,,C01719,"S.A. des Anciennes Entrepri ses L. Rolin ,& Co","S.A. des Anciennes Entrepri ses L. Rolin ,& Co",president,0,,,,18,108
3206,1947,P00789,Rolin Léon Baron,Rolin Léon Baron,,,C01541,Egyptian Enterprise & Development Co. et. de la Gharbieh Land Co,Egyptian Enterprise & Development Co. et. de la Gharbieh Land Co,president,0,,,,18,108
3207,1947,P01287,Rolin Louis Baron,Rolin Louis Baron,,,C00086,The Gharbieh Land Co,Gharbieh Land Cy,president,0,,,,18,108
3208,1947,P01288,Rolo,Rolo,,,C00895,"The Alexandria Racing Club, S.A.E","de· l'Alexandria Racing Club, S.A.E",director,0,,,,18,108
3209,1947,P00790,Rolo Jacques R,Rolo Jacques R,,,C01586,"Gar- bieh Ginning Co., S.A. ·","Gar- bieh Ginning Co., S.A. ·",director,0,,,,18,108
3210,1947,P00130,Rolo Max,Rolo Max,,,C01988,"The Egyptian Engineering Stores (Formerly Steinemann Mabardi ,& Co.), S.A.E","The Egyptian Engineering Stores (Formerly Steinemann Mabardi ,& Co.), S.A.E",president,0,,,,18,108
3211,1947,P00131,Rolo Robert J,Roto Robert J,,,C00053,Communauté Israélite d'Alexandrie,Communauté Israélite d'Alexandrie,president,0,,,,18,108
3212,1947,P00131,Rolo Robert J,Roto Robert J,,,C00153,Société Cotonnière Maarad,Société Cotonnière Maarad,president,0,,,,18,108
3213,1947,P00131,Rolo Robert J,Roto Robert J,,,C00711,The Upper Egypt Ginning Co,The Upper Egypt Ginning Co,president,0,,,,18,108
3214,1947,P00131,Rolo Robert J,Roto Robert J,,,C00016,Alexandria Insurance Co,Alexandria Insurance Co,director,0,,,,18,108
3215,1947,P00131,Rolo Robert J,Roto Robert J,,,C00030,Banque Belge et Internationale en Egypte,Banque Belge et Internationale en Egypte,director,0,,,,18,108
3216,1947,P00131,Rolo Robert J,Roto Robert J,,,C00108,New Egyptian Co,New Egyptian Co,director,0,,,,18,108
3217,1947,P00131,Rolo Robert J,Roto Robert J,,,C01698,Orient Linen Industry,Orient Linen Industry,director,0,,,,18,108
3218,1947,P00131,Rolo Robert J,Roto Robert J,,,C00152,Société Belgo-Egyptienne de l'Ezbékieh,Société Belgo-Egyptienne de l' Ezkébieh,director,0,,,,18,108
3219,1947,P01289,Rolo Simon E,Rolo Simon E,,,C00544,Société Egyptienne de Tissage et Tricotage,Société Egyptienne de Tissage et Tricotage,director,0,,,,18,108
3220,1947,P00132,Rom François,Rom François,,,C00041,The Cairo Suburban Building Land Co,Cairo Suburban Building Land Co,president,0,,,,18,108
3221,1947,P00132,Rom François,Rom François,,,C00086,The Gharbieh Land Co,Gharbieh Land Cy,vice_president,0,,,,18,108
3222,1947,P00132,Rom François,Rom François,,,C01364,'Administration de l'Anglo-Egyptian Land Allotment,'Administration de l'Anglo-Egyptian Land Allotment,council_member,0,,,,18,108
3223,1947,P00132,Rom François,Rom François,,,C01767,Société Anonyme Belge-Egyptienne,Société Anonyme Belge-Egyptienne,managing_director,0,,,,18,108
3224,1947,P01290,Rosenberg M. M,Rosenberg M. M,,,C01429,"Associated Industries, S.A.E","Associated Industries, S.A.E",delegate,0,,,,18,108
3225,1947,P01291,Rossano Charles,Rossano Charles,,,C00129,"S.A. de Nettoyage et Pressage de Coton, S.A.E","S.A. de Nettoyage et Pressage de Coton, S.A.E",director,0,,,,18,108
3226,1947,P01291,Rossano Charles,Rossano Charles,,,C01510,«La Cotonnière»,Cotonnière,director,0,,,,18,108
3227,1947,P01291,Rossano Charles,Rossano Charles,,,C01624,Import & Export Bank of Egypt,Import & Export Bank of Egypt,director,0,,,,18,108
3228,1947,P01291,Rossano Charles,Rossano Charles,,,C01599,"General Warehouses Cy. of Egypt, S.A.E","General Warehouses Cy. of Egypt, S.A.E",director,0,,,,18,108
3229,1947,P01291,Rossano Charles,Rossano Charles,,,C01985,The Egyptian Cotton,The Egyptian Cotton,director,0,,,,18,108
3230,1947,P01292,Rossano Fernand,Rossano Fernand,,,C01535,Egyptian Cotton & Trading Cy,Egyptian Cotton & Trading Cy,director,0,,,,18,108
3231,1947,P01293,Rossetto Victor,Rossetto Victor,,,C01932,Sté. des Emballages,Sté. des Emballages,managing_director,0,,,,18,108
3232,1947,P01294,Rouchdy Ahmed,Rouchdy Ahmed Bey,bey,,C01543,Egyptian Gene1·al Omnibus Co,Egyptian Gene1·al Omnibus Co,director,0,,,,18,108
3233,1947,P01294,Rouchdy Ahmed,Rouchdy Ahmed Bey,bey,,C02068,dans la Sté. d'E,dans la Sté. d'E,member,0,,,,18,108
3234,1947,P01294,Rouchdy Ahmed,Rouchdy Ahmed Bey,bey,,C02068,dans la Sté. d'E,dans la Sté. d'E,partner,0,,,,18,108
3235,1947,P01295,Rouchdy Mohamed,Rouchdy Mohamed Bey,bey,,C01658,"The Misr Concrète Development Co., S.A.E","The Misr Concrète Development Co., S.A.E",director,0,,,,18,109
3236,1947,P01295,Rouchdy Mohamed,Rouchdy Mohamed Bey,bey,,C01802,Société Egyptienne pour le Tannage,Société Egyptienne pour le Tannage,director,0,,,,18,109
3237,1947,P01295,Rouchdy Mohamed,Rouchdy Mohamed Bey,bey,,C01627,"Industrie du Cuir, S.A.E","Industrie du Cuir, S.A.E",director,0,,,,18,109
3238,1947,P01295,Rouchdy Mohamed,Rouchdy Mohamed Bey,bey,,C01833,Société Misr pour le Théâtre et le Cinéma,Société Misr pour le Théâtre et le Cinéma,director,0,,,,18,109
3239,1947,P01295,Rouchdy Mohamed,Rouchdy Mohamed Bey,bey,,C01827,"Société Misr pour l'Industrie Pharmaceutique, S.A.E","Société Misr pour l'Industrie Pharmaceutique, S.A.E",director,0,,,,18,109
3240,1947,P01295,Rouchdy Mohamed,Rouchdy Mohamed Bey,bey,,C01509,la. Société Coopérative Commerciale de Crédit,Cooperative Commerciale de Crédit,director,0,,,,18,109
3241,1947,P01295,Rouchdy Mohamed,Rouchdy Mohamed Bey,bey,,C00064,Crédit Agricole d'Egypte,Crédit Agricole d'Egypte,director,0,,,,18,109
3242,1947,P01296,Belgique,Belgique,,,C01483,Commercial & Agency Gy. of Egypt,Commercial & Agency Gy. of Egypt,director,0,,,,18,109
3243,1947,P00132,Rom François,Rustom François P,,,C00541,Société Egyptienne de Placements,Société Egyptienne de Placements,director,0,,,,18,109
3244,1947,P00132,Rom François,Rustom François P,,,C00334,Crédit,Crédit,director,0,,,,18,109
3245,1947,P01297,Rutimeyer R. L,Rutimeyer R. L,,,C00698,"The Nile Ginning Co., S.A.E. (Minia). s","Nile Ginning Co., S.A.E. (Minia)",managing_director,0,,,,18,109
3246,1947,P01298,Rye Edward,Rye Edward,,,C01700,Otient Linen Industry. s,Otient Linen Industry. s,director,0,,,,18,109
3247,1947,P00527,Saab Comte Sélim de,Saab Comte Sélim de,,,C02073,del'Union Foncière d'Egypte,del'Union Foncière d'Egypte,director,0,,,,18,109
3248,1947,P01299,Saad Alexander,Saad Alexander,,,C02043,Transport & Engineering Cy,Transport & Engineering Gy,director,0,,,,18,109
3249,1947,P01299,Saad Alexander,Saad Alexander,,,C02013,The New National Trading,The New National Trading,director,0,,,,18,109
3250,1947,P01300,Saad el Labbane,Saad el Labbane,,,C01469,"Chemical, Industrial & Trading Gy","Chemical, Industrial & Trading Gy",director,0,,,,18,109
3251,1947,P01301,Saad,Saad,,,C02043,Transport & Engineering Cy,Transport & Engineering Gy,managing_director,0,,,,18,109
3252,1947,P00528,Sabri Yacoub,Sabri Yacoub Bey,bey,,C00086,The Gharbieh Land Co,Gharbieh Land Co. ·,director,0,,,,18,109
3253,1947,P00529,Sabry Chérif,S.E. Sabry Chérif Pacha,pasha,s.e.,C01552,Egyptian Shipping Gy,Egyptian Shipping Gy,president,0,,,,18,109
3254,1947,P00529,Sabry Chérif,S.E. Sabry Chérif Pacha,pasha,s.e.,C01572,Farghaly Cotton .& Investment Gy,Farghaly Cotton .& Investment Gy,vice_president,0,,,,18,109
3255,1947,P00529,Sabry Chérif,S.E. Sabry Chérif Pacha,pasha,s.e.,C01367,'Administration de la National Bank of Egypt,'Administration de la National Bank of Egypt,council_member,0,,,,18,109
3256,1947,P00529,Sabry Chérif,S.E. Sabry Chérif Pacha,pasha,s.e.,C01476,Cie. Universelle du Canal Maritime de Suez,Cie. Universelle du Canal Maritime de Suez,council_member,0,,,,18,109
3257,1947,P00529,Sabry Chérif,S.E. Sabry Chérif Pacha,pasha,s.e.,C00056,Société Anonyme des Eaux du Caire,Société Anonyme des Eaux du Caire,council_member,0,,,,18,109
3258,1947,P00529,Sabry Chérif,S.E. Sabry Chérif Pacha,pasha,s.e.,C01492,Compagnie Frigorifique d'E· gypte,Compagnie Frigorifique d'E· gypte,council_member,0,,,,18,109
3259,1947,P00529,Sabry Chérif,S.E. Sabry Chérif Pacha,pasha,s.e.,C01852,Société de Ciment. Portland Tom·ah,Société de Ciment. Portland Tom·ah,council_member,0,,,,18,109
3260,1947,P00530,Sabry Hussein,S.E. Sabry Hussein Pacha,pasha,s.e.,C01369,"'Administration de la Société Egyptienne de Constructions, S.A.E. (Egyco)","'Administration de la Société Egyptienne de Constructions, S.A.E. (Egyco)",president,0,,,,18,110
3261,1947,P00530,Sabry Hussein,S.E. Sabry Hussein Pacha,pasha,s.e.,C02016,"The North East Africa Trading Gy., S.A.E","The North East Africa Trading Gy., S.A.E",president,0,,,,18,110
3262,1947,P00530,Sabry Hussein,S.E. Sabry Hussein Pacha,pasha,s.e.,C01638,"The Khedivial Mail Line, S.A.E","The Khedivial Mail Line, S.A.E",president,0,,,,18,110
3263,1947,P00530,Sabry Hussein,S.E. Sabry Hussein Pacha,pasha,s.e.,C01143,The Kafr El Zayat Cotton Co,The Kafr El Zayat Cotton Co,president,0,,,,18,110
3264,1947,P00530,Sabry Hussein,S.E. Sabry Hussein Pacha,pasha,s.e.,C01886,Sté. Anonyme Egyptienne des Industries Textiles,Sté. Anonyme Egyptienne des Industries Textiles,director,0,,,,18,110
3265,1947,P00530,Sabry Hussein,S.E. Sabry Hussein Pacha,pasha,s.e.,C00020,The Alexandria vVater Co. Ltd,The Alexandria \Vater Co,director,0,,,,18,110
3266,1947,P00530,Sabry Hussein,S.E. Sabry Hussein Pacha,pasha,s.e.,C00654,The Cairo Electric Railw ays and Heliopolis Oases Co,The Cairo Electric Railw ays & Heliopolis Oases Co,director,0,,,,18,110
3267,1947,P01302,Sachs Freddy,Sachs Freddy,,,C00702,"The Sheffield Smelting Co. (Egypt), S.A.E","The Sheffield Smelting Co. (Egypt), S.A",director,0,,,,18,110
3268,1947,P01302,Sachs Freddy,Sachs Freddy,,,C01664,Moulins «Al Mahmoudieh»,Moulins «Al Mahmoudieh»,director,0,,,,18,110
3269,1947,P01303,Saddik Hassan,S.E. Sadek Hassan Pacha,pasha,s.e.,C01674,National Metal Industries,The National Metal Industries,president,0,,,,18,110
3270,1947,P01304,Grand Officier Couronne Belge,Grand Officier Couronne Belge,,,C01624,Import & Export Bank of Egypt,"Import ,& Export Bank of Egypt S.A.E",president,0,,,,18,110
3271,1947,P01304,Grand Officier Couronne Belge,Grand Officier Couronne Belge,,,C01624,Import & Export Bank of Egypt,"Import ,& Export Bank of Egypt S.A.E",managing_director,0,,,,18,110
3272,1947,P01304,Grand Officier Couronne Belge,Grand Officier Couronne Belge,,,C01478,Clothing & Equipment Co,Clothing & Equipment Co,president,0,,,,18,110
3273,1947,P01304,Grand Officier Couronne Belge,Grand Officier Couronne Belge,,,C01536,Egyptian Cotton & Trading Gy,Egyptian Cotton & Trading Gy,vice_president,0,,,,18,110
3274,1947,P01304,Grand Officier Couronne Belge,Grand Officier Couronne Belge,,,C01674,National Metal Industries,National Metal Industries,director,0,,,,18,110
3275,1947,P01304,Grand Officier Couronne Belge,Grand Officier Couronne Belge,,,C01656,Misr Car and Engineering Co,Misr Car & Engineering Co,director,0,,,,18,110
3276,1947,P01304,Grand Officier Couronne Belge,Grand Officier Couronne Belge,,,C01450,"Beida Dyers, S.A.E","Beida Dyers, S.A",vice_president,0,,,,18,110
3277,1947,P01304,Grand Officier Couronne Belge,Grand Officier Couronne Belge,,,C00664,The Egyptian,The Egyptian,president,0,,,,18,110
3278,1947,P01305,Copper Works,Copper Works,,,C01552,Egyptian Shipping Gy,Egyptian Shipping Gy,director,0,,,,18,110
3279,1947,P01305,Copper Works,Copper Works,,,C00280,"Alexandria Transport Co., S.A.E",Alexandria Transport Co,director,0,,,,18,110
3280,1947,P01305,Copper Works,Copper Works,,,C01818,Société Misr de Filature,Société Misr de Filature,director,0,,,,18,110
3281,1947,P01305,Copper Works,Copper Works,,,C02036,Tissage Fin en Coton Egyptien (Usines Kafr El Dawar),Tissage Fin en Coton Egyptien (Usines Kafr El Dawar),director,0,,,,18,110
3282,1947,P01305,Copper Works,Copper Works,,,C00102,National Bank of Egypt,National Bank of Egypt,director,0,,,,18,110
3283,1947,P01305,Copper Works,Copper Works,,,C01786,Société Egyptienne d'Entreprises et Constructions (SEDEC),Société Egyptienne d'Entreprises et Constructions (SEDEC),director,0,,,,18,110
3284,1947,P01305,Copper Works,Copper Works,,,C01833,Société Misr pour le Théâtre et le Cinéma,Société Misr pour le Théâtre et le Cinéma,director,0,,,,18,110
3285,1947,P01305,Copper Works,Copper Works,,,C01818,Société Misr de Filature,Société Misr de Filature,director,0,,,,18,110
3286,1947,P01305,Copper Works,Copper Works,,,C02038,"Tissage, S.A.E","Tissage, S.A.E",director,0,,,,18,110
3287,1947,P01305,Copper Works,Copper Works,,,C01761,Société Misr pour le Tissage de la Soie,Societé Misr pour le Tissage de la. Soie,director,0,,,,18,110
3288,1947,P01305,Copper Works,Copper Works,,,C00178,Société Misr pour l'Exportation du Coton (ex-Lindemann),Société Misr pour l'Exportation du Coton (ex-Lindemann),director,0,,,,18,110
3289,1947,P00532,Sadik Henein,S.E. Sadik Henein Pacha,pasha,s.e.,C00468,S.A. des Eaux du Caire,S.A. des Eaux du Caire,managing_director,0,,,,18,110
3290,1947,P00532,Sadik Henein,S.E. Sadik Henein Pacha,pasha,s.e.,C01493,Compagnie Frigorifiqued'Egypte,Compagnie Frigorifiqued'Egypte,managing_director,0,,,,18,110
3291,1947,P00532,Sadik Henein,S.E. Sadik Henein Pacha,pasha,s.e.,C00102,National Bank of Egypt,National Bank of Egypt,director,0,,,,18,110
3292,1947,P00532,Sadik Henein,S.E. Sadik Henein Pacha,pasha,s.e.,C01850,Société de Cigarettes Nestor Gianaclis,Société de Cigarettes Nestor Gianaclis,president,0,,,,18,110
3293,1947,P00793,Said Hassan,S.E. Said Hassan Pacha,pasha,s.e.,C01569,FIliales Egyptiennes de la Dresdner B(\nk,FIliales Egyptiennes de la Dresdner B(\nk,manager,0,,,,18,110
3294,1947,P00793,Said Hassan,S.E. Said Hassan Pacha,pasha,s.e.,C00064,Crédit Agricole d'Egypte,Crédit Agricole d'Egypte,director,0,,,,18,110
3295,1947,P00793,Said Hassan,S.E. Said Hassan Pacha,pasha,s.e.,C01435,Banque Hypothécaire Agricole d'Egypte,Banque Hypothécaire Agricole d'Egypte,director,0,,,,18,110
3296,1947,P00793,Said Hassan,S.E. Said Hassan Pacha,pasha,s.e.,C00585,Société Royale d'Agriculture,Société Royale d'Agriculture,director,0,,,,18,110
3297,1947,P01306,Sakellarios Nicolas,Sakellarios Nicolas,,,C01634,Jardins et Vignobles d'Egypte,Jardins et Vignobles d'Egypte,director,0,,,,18,110
3298,1947,P01307,Salah el Dîne El Chourbagui·,Salah el Dîne El Chourbagui·,,,C01883,Sté. Al Chark pour la Filature et le Tissage,Sté. Al Chark pour la Filature et le Tissage,director,0,,,,18,110
3299,1947,P00535,Salama Joseph M,Salama Joseph M,,,C02052,Usines Réunies d'Egrenage,Usines Réuniesd'Egrenage,managing_director,0,,,,18,111
3300,1947,P00535,Salama Joseph M,Salama Joseph M,,,C01615,Huileries,Huileries,managing_director,0,,,,18,111
3301,1947,P00535,Salama Joseph M,Salama Joseph M,,,C01447,Behrend Commercial Cy,Behrend Commercial Cy,director,0,,,,18,111
3302,1947,P01308,Salama Marco,Salama Marco,,,C00413,"Maison « Les Fils de Zaketto Salama& Co. """,Maison «Les Fils de Zaketto Salama .& Co.»,manager,0,,,,18,111
3303,1947,P01308,Salama Marco,Salama Marco,,,C00371,"General Society for Banking, Trading & Land Enterprises, S.A.E","la>General Society for Banking, Trading .& Land Entreprises, S.A.E",director,0,,,,18,111
3304,1947,P01309,Salama Max J,Salama Max J,,,C01447,Behrend Commercial Cy,Behrend Commercial Cy,managing_director,0,,,,18,111
3305,1947,P00537,Salama Salvatore,Salama Salvatore,,,C01714,Rosetta r& Alexandria Ri ce Mills,Rosetta r& Alexandria Ri ce Mills,president,0,,,,18,111
3306,1947,P00537,Salama Salvatore,Salama Salvatore,,,C01714,Rosetta r& Alexandria Ri ce Mills,Rosetta r& Alexandria Ri ce Mills,managing_director,0,,,,18,111
3307,1947,P00537,Salama Salvatore,Salama Salvatore,,,C01447,Behrend Commercial Cy,Behrend Commercial Gy,president,0,,,,18,111
3308,1947,P00537,Salama Salvatore,Salama Salvatore,,,C02052,Usines Réunies d'Egrenage,Usines Réunies d'Egrenage,president,0,,,,18,111
3309,1947,P00537,Salama Salvatore,Salama Salvatore,,,C01615,Huileries,HUIleries,president,0,,,,18,111
3310,1947,P00537,Salama Salvatore,Salama Salvatore,,,C01624,Import & Export Bank of Egypt,Import .& Export Bank of Egypt,vice_president,0,,,,18,111
3311,1947,P00537,Salama Salvatore,Salama Salvatore,,,C00162,Société Egyptienne de la Bourse Commerciale de Minet El Bassal,Société Egyptienne de la Bourse Commerciale de Minet El Bassal,director,0,,,,18,111
3312,1947,P00537,Salama Salvatore,Salama Salvatore,,,C01790,Société Egyptienne de Conserves alimentaires,Société Egyptienne de Conserves alimentaires,director,0,,,,18,111
3313,1947,P01310,Salem Maurice O,Salem Maurice O,,,C01759,Soc. d'Avances Commerciales,Soc. d'Avances Commerciales,director,0,,,,18,111
3314,1947,P01310,Salem Maurice O,Salem Maurice O,,,C01609,Grands Magasins Chemla,Grands Magasins Chemla,director,0,,,,18,111
3315,1947,P00539,Salem Ovadia,Salem Ovadia,,,C01606,Gr. Mag·. Chemla,Gr. Mag·. Chemla,vice_president,0,,,,18,111
3316,1947,P00539,Salem Ovadia,Salem Ovadia,,,C00182,Société d'Avances Commerciales,Société d'Avances Commerciales,managing_director,0,,,,18,111
3317,1947,P00539,Salem Ovadia,Salem Ovadia,,,C00467,S.A. des Drogueries d'Egypte,S.A. des Drogueries d'Egypte,director,0,,,,18,111
3318,1947,P00539,Salem Ovadia,Salem Ovadia,,,C01832,Société Misr pour le Lin,Société Misr pour le Lin,director,0,,,,18,111
3319,1947,P00539,Salem Ovadia,Salem Ovadia,,,C01836,Société Misr pour les Huiles,Société Misr pour les Huiles,director,0,,,,18,111
3320,1947,P00539,Salem Ovadia,Salem Ovadia,,,C01755,Sidi Salem Estat'e of Egypt,Sidi Salem Estat'e of Egypt,director,0,,,,18,111
3321,1947,P00539,Salem Ovadia,Salem Ovadia,,,C01911,Sté. Industrielle du Moyen Orient,Sté. Industrielle du Moyen-Orient,director,0,,,,18,111
3322,1947,P00539,Salem Ovadia,Salem Ovadia,,,C01702,Palestine Discount Bank,Palestine Discount Bank,director,0,,,,18,111
3323,1947,P00539,Salem Ovadia,Salem Ovadia,,,C01703,Palestine Mercantile Bank Ltd,Palestine Mercantile Bank Ltd,director,0,,,,18,111
3324,1947,P00136,Salvago Constantin M,Salvago Constantin M,,,C01795,Société Egyptienne des Pétro les,Société Egyptienne des Pétro les,director,0,,,,18,111
3325,1947,P00136,Salvago Constantin M,Salvago Constantin M,,,C00106,National Petroleum Cy,The National Petroleum Co,director,0,,,,18,111
3326,1947,P00136,Salvago Constantin M,Salvago Constantin M,,,C01587,The Garbieh Ginning Co. (S.A.),Garbieh Ginning Co,director,0,,,,18,111
3327,1947,P00136,Salvago Constantin M,Salvago Constantin M,,,C00081,Filature Nationale d'Egypte,Filature Nationale d'Egypte,director,0,,,,18,111
3328,1947,P00136,Salvago Constantin M,Salvago Constantin M,,,C00520,Société Anonyme de Nettoyage,Société Anonyme de Nettoyage,director,0,,,,18,111
3329,1947,P00136,Salvago Constantin M,Salvago Constantin M,,,C00442,Pressage de Coton,Pressage de Coton,director,0,,,,18,111
3330,1947,P00136,Salvago Constantin M,Salvago Constantin M,,,C01735,S.A.E. CAR BA,S.A.E. CAR BA,director,0,,,,18,111
3331,1947,P00136,Salvago Constantin M,Salvago Constantin M,,,C00667,"The Egyptian Copper Works, S.A.E","The Egyptian Copper Works, S.A.E",director,0,,,,18,111
3332,1947,P00540,Salvago Michel C,Salvago Michel C,,,C01489,Communauté Hellénique d'Ale- . xandrie,Communauté Hellénique d'Ale- . xandrie,president,0,,,,18,111
3333,1947,P00540,Salvago Michel C,Salvago Michel C,,,C00083,Fédération Egyptienne des Industries,Fédération Egyptienne düs Industries,vice_president,0,,,,18,111
3334,1947,P00540,Salvago Michel C,Salvago Michel C,,,C00096,Land Bank of Egypt,The Land Bank of Egypt,president,0,,,,18,111
3335,1947,P00540,Salvago Michel C,Salvago Michel C,,,C01415,Alexandria .& Ramleh Ry. Co,Alexandria .& Ramleh Ry. Co,president,0,,,,18,111
3336,1947,P00540,Salvago Michel C,Salvago Michel C,,,C01420,Alexandria \\Tater Gy. Ltd,Alexandria \\Tater Gy. Ltd,president,0,,,,18,111
3337,1947,P00540,Salvago Michel C,Salvago Michel C,,,C00081,Filature Nationale d'Egypte,Filature Nationale d'Egypte,president,0,,,,18,111
3338,1947,P00540,Salvago Michel C,Salvago Michel C,,,C00552,Société Egyptienne des Industries Textiles,Société Egyptienne des Industries Textiles,president,0,,,,18,111
3339,1947,P00540,Salvago Michel C,Salvago Michel C,,,C01894,Sté. Eg. de l'Industrie de la Bonneterie,Sté. Eg. de l'Industrie de la Bonneterie,president,0,,,,18,111
3340,1947,P00540,Salvago Michel C,Salvago Michel C,,,C01771,Société Anonym~ du Béhéra,Société Anonym~ du Béhéra,president,0,,,,18,111
3341,1947,P00540,Salvago Michel C,Salvago Michel C,,,C00280,"Alexandria Transport Co., S.A.E","Alexandria Transport Co., S.A.E",president,0,,,,18,111
3342,1947,P00540,Salvago Michel C,Salvago Michel C,,,C00129,"S.A. de Nettoyage et Pressage de Coton, S.A.E",S.A. de Nettoyage et Pressage du Coton,vice_president,0,,,,18,111
3343,1947,P00540,Salvago Michel C,Salvago Michel C,,,C00216,Gabbari Land Co,Gabbari Land Co,vice_president,0,,,,18,111
3344,1947,P00540,Salvago Michel C,Salvago Michel C,,,C00102,National Bank of Egypt,National Bank of Egypt,director,0,,,,18,111
3345,1947,P00540,Salvago Michel C,Salvago Michel C,,,C00297,Banque d'Athènes,Banque d' AthènHs,director,0,,,,18,111
3346,1947,P00540,Salvago Michel C,Salvago Michel C,,,C00103,National Insurance Co,National Insurance Co,director,0,,,,18,111
3347,1947,P01311,Sami Off,Sami Off,,,C01883,Sté. Al Chark pour la Filature et le Tissage,Sté. Al Chark Filature et le Tissage,director,0,,,,18,112
3348,1947,P01312,Santarelli Michel,Santarelli Michel,,,C01468,Chemical Industries Development,Chemical Industries Development,director,0,,,,18,112
3349,1947,P01313,Saouaf Camille,Saouaf Camille,,,C00711,The Upper Egypt Ginning Co,Upper Egypt Mining Co,director,0,,,,18,112
3350,1947,P01314,Sariyanni Demosthène A,Sariyanni Demosthène A,,,C01471,Choremi Benachi Cotton Gy,Choremi Benachi Cotton Gy,director,0,,,,18,112
3351,1947,P01315,Sarofim Shalaby,Sarofim Shalaby Bey,bey,,C01624,Import & Export Bank of Egypt,Import & Export Bank of Egypt,president,0,,,,18,112
3352,1947,P01315,Sarofim Shalaby,Sarofim Shalaby Bey,bey,,C01624,Import & Export Bank of Egypt,Import & Export Bank of Egypt,managing_director,0,,,,18,112
3353,1947,P01315,Sarofim Shalaby,Sarofim Shalaby Bey,bey,,C01624,Import & Export Bank of Egypt,Import & Export Bank of Egypt,director,0,,,,18,112
3354,1947,P00016,Egypt,Egypt,,,C02115,«Almina»,«Almina»,director,0,,,,18,112
3355,1947,P01316,Savon G. L,Savon G. L,,,C00233,United Egyptian Salt Ltd,"United Egyptian Salt, Ltd",managing_director,0,,,,18,112
3356,1947,P01316,Savon G. L,Savon G. L,,,C00233,United Egyptian Salt Ltd,"United Egyptian Salt, Ltd",director,0,,,,18,112
3357,1947,P01316,Savon G. L,Savon G. L,,,C01673,National Insurance Co. (Ace. Inc. & Risques Divers),National Insurance Co. (Ace. Inc. & Risques Divers),director,0,,,,18,112
3358,1947,P01316,Savon G. L,Savon G. L,,,C01665,Nat. Ins. Co. (Life Ins. Co.),Nat. Ins. Co. (Life Ins. Co.),director,0,,,,18,112
3359,1947,P01018,Artistes Français Paris,Paris,,,C00602,"Société des Autobus du Nord, S.A. E","Société des Autobus du Nord, S.A. E",director,0,,,,18,112
3360,1947,P01018,Artistes Français Paris,Paris,,,C00606,Société des Omnibus de Fayoum,Société des Omnibus de Fayoum,director,0,,,,18,112
3361,1947,P01018,Artistes Français Paris,Paris,,,C00600,Société des Autobus du Caire,Société des Autobus du Caire,director,0,,,,18,112
3362,1947,P01317,Sayed El Lozy Eff,Sayed El Lozy Eff,,,C01384,-Directem Général de la Société Misr pour le Tissage de la Soie,-Directem Général de la Société Misr pour le Tissage de la Soie,director,0,,,,18,112
3363,1947,P01317,Sayed El Lozy Eff,Sayed El Lozy Eff,,,C01526,Eastern,Eastern,director,0,,,,18,112
3364,1947,P01318,El Sayed Mohamed Badraoui,S.E. El Sayed Mohamed Badraoui Pacha,pasha,s.e.,C01371,"'Administration de la Société Nationale de Papier, S.A.E","'Administration de la Société Nationale de Papier, S.A.E",council_member,0,,,,18,112
3365,1947,P01318,El Sayed Mohamed Badraoui,S.E. El Sayed Mohamed Badraoui Pacha,pasha,s.e.,C01917,Sté. Nationale des Matières Plastiques,Sté. Nationale des Matières Plastiques,council_member,0,,,,18,112
3366,1947,P01319,Sayed Mohamed Badraoui Achour Pacha Député,S.E. Sayed Mohamed Badraoui Achour Pacha Député,,s.e.,C01818,Société Misr de Filature,Société Misr de Filature,director,0,,,,18,112
3367,1947,P01319,Sayed Mohamed Badraoui Achour Pacha Député,S.E. Sayed Mohamed Badraoui Achour Pacha Député,,s.e.,C02038,"Tissage, S.A.E","Tissage, S.A.E",director,0,,,,18,112
3368,1947,P01320,Scamvouyeras Panayotti,Scamvouyeras Panayotti,,,C01634,Jardins et Vignobles d'Egypte,Jardins & Vignobles d'Egypte,director,0,,,,18,112
3369,1947,P01321,Schaechter H,Schaechter H,,,C01466,Chemical Industries,Chemical Industries,director,0,,,,18,112
3370,1947,P01322,Schasca O,Schasca O,,,C00299,Banque de Commerce N. Tepeghiosi & Co,Banque de Commerce N. Tepeghiosi .& Co,manager,0,,,,18,112
3371,1947,P01323,Sc:hellenberg Hans,Sc:hellenberg Hans,,,C01732,"S.A. du Béhéra, de la Delta Trading Co","S.A. du Béhéra, de la Delta Trading Co",director,0,,,,18,112
3372,1947,P01323,Sc:hellenberg Hans,Sc:hellenberg Hans,,,C01403,"Abram, S.A.E","Abram, S.A.E",director,0,,,,18,112
3373,1947,P01323,Sc:hellenberg Hans,Sc:hellenberg Hans,,,C01742,S.A.E. de Métallurgie,S.A.E. de Métallurgie,director,0,,,,18,112
3374,1947,P01323,Sc:hellenberg Hans,Sc:hellenberg Hans,,,C00088,Gérance Immobilière,Gérance Immobilière,director,0,,,,18,112
3375,1947,P01324,Schmidheiny Ernst,Schmidheiny Ernst,,,C01379,'lation de Ja,'lation de Ja,director,0,,,,18,112
3376,1947,P01325,Schmidheiny Jacob,Schmidheiny Jacob,,,C01762,Soci~té,Soci~té,director,0,,,,18,112
3377,1947,P00794,Schmidheiny Max,Sehmidheiny Max,,,C00514,Société,Société,managing_director,0,,,,18,112
3378,1947,P01326,Schoenman Juljan,Schoenman Juljan,,,C01736,S.A.E. Moulins «Al-Ma.hmoudiehn,S.A.E. Moulins «Al-Ma.hmoudiehn,director,0,,,,18,112
3379,1947,P01327,Sc::houten Fernand,Sc::houten Fernand,,,C01011,S.A.E. Financière et Immobilière,S.A.E. Financière & Immobilière,director,0,,,,18,112
3380,1947,P01328,Conseil,Conseil,,,C01902,Sté. Egyptienne des Bois d Matériaux ( SEBEM),Sté. Egyptienne des Bois d Matériaux ( SEBEM),director,0,,,,18,113
3381,1947,P01328,Conseil,Conseil,,,C01863,Société pour la Fabrication ctl'Exportation des Conserves (S.E.F.E.C.) ~ The Egyptian,Société pour la Fabrication ctl'Exportation des Conserves (S.E.F.E.C.) ~ The Egyptian,director,0,,,,18,113
3382,1947,P00016,Egypt,Egypt,,,C01696,Office des Territoires Occupés ou Contrôlés,Office des Territoires Occupés ou Contrôlés,general_manager,0,,,,18,113
3383,1947,P00016,Egypt,Egypt,,,C01539,Egyptian Engineering & Marine Cy,"The Egyptian Engineering ,& Marine Cy",president,0,,,,18,113
3384,1947,P00016,Egypt,Egypt,,,C00146,Tramways d'Alexandrie,Tramways d'Alexandrie,director,0,,,,18,113
3385,1947,P00016,Egypt,Egypt,,,C00121,S. A. du Wadi Kom Ombo,S.A. du Wadi Kom Ombo,director,0,,,,18,113
3386,1947,P00016,Egypt,Egypt,,,C00215,The Electric Light & Power Supply Cy,The Electric Light & Power Supply Cy,director,0,,,,18,113
3387,1947,P00016,Egypt,Egypt,,,C01930,Sté. des Autobus du Nord,Sté. des Autobus du Nord,director,0,,,,18,113
3388,1947,P00016,Egypt,Egypt,,,C01636,Josy Film,Josy Film,director,0,,,,18,113
3389,1947,P01329,Sedky Aziz,Sedky Aziz,,,C01559,Etabl. Giacomo Cohenca~ Incorporated Industrie,Etabl. Giacomo Cohenca~ Incorporated Industrie,director,0,,,,18,113
3390,1947,P01330,Sedky,S.E. Sedky,,s.e.,C01865,Sociétés Anonymes Egyptiennes. •,Sociétés Anonymes Egyptiennes. •,president,0,,,,18,113
3391,1947,P01330,Sedky,S.E. Sedky,,s.e.,C01865,Sociétés Anonymes Egyptiennes. •,Sociétés Anonymes Egyptiennes. •,director,0,,,,18,113
3392,1947,P01331,Sedky Kamel,S.E. Sedky Kamel Pacha,pasha,s.e.,C00064,Crédit Agricole d'Egypte,Crédit Agricole d'Egypte,director,0,,,,18,113
3393,1947,P01332,Sekaly Achille,Sekaly Achille Bey,bey,,C01630,J'Egyptian Sisal Manufacturing Cy,J'Egyptian Sisal Manufacturing Cy,delegate,0,,,,18,113
3394,1947,P01332,Sekaly Achille,Sekaly Achille Bey,bey,,C01550,Egyptian Rubber & Shoes Industry,Egyptian Rubber& Shoes Industry,director,0,,,,18,113
3395,1947,P01332,Sekaly Achille,Sekaly Achille Bey,bey,,C01695,Nouveaux Hôtels d'Egypte,Nouveaux Hôtels d'Egypte,director,0,,,,18,113
3396,1947,P01333,Sellas André,Sellas André,,,C01588,GarbiehrGinning Co,GarbiehrGinning Co,director,0,,,,18,113
3397,1947,P00797,Serageldine Anis,Serageldine Anis,,,C01713,"Rosetta & Alexandria Rice Mille Co., S.A.E","Rosetta & Alexandria Rice Mille Co., S.A.E",director,0,,,,18,113
3398,1947,P01334,Setton César J,Setton César,,,C01395,1GERCO,1GERCO,director,0,,,,18,113
3399,1947,P01334,Setton César J,Setton César,,,C01877,Sté. Agr. et Urbaine «Le Fayoum». ·,Sté. Agr. et Urbaine «Le Fayoum». ·,director,0,,,,18,113
3400,1947,P01335,Sevastopulo Ambroise,Sevastopulo Ambroise,,,C01666,Nat. Ins. Co. of Egypt (Ace. Inc. et Risques Divers),Nat. Ins. Co. of Egypt (Ace. Inc. et Risques Divers),managing_director,0,,,,18,113
3401,1947,P01335,Sevastopulo Ambroise,Sevastopulo Ambroise,,,C01672,National Ins. Co. of Egypt (Life Ins. Co.),National Ins. Co. of Egypt (Life Ins. Co.),managing_director,0,,,,18,113
3402,1947,P00551,Shamà Me. André,Shamà Me. André,,,C01584,"GP- neral Society for Banking, Trading & Land Enterprises, S.A.E","GP- neral Society for Banking, Trading & Land Enterprises, S.A.E",director,0,,,,18,113
3403,1947,P00551,Shamà Me. André,Shamà Me. André,,,C00173,Société Générale d'Electricité,Société Générale d 'Electricité,director,0,,,,18,113
3404,1947,P00551,Shamà Me. André,Shamà Me. André,,,C00099,Mécanique,Mécanique,director,0,,,,18,113
3405,1947,P00138,Shamà Elie F,Shamà Elie F,,,C01718,S.A. Immobilière du Domaine de Si ouf,S.A. Immobilière du Domaine de Si ouf,managing_director,0,,,,18,113
3406,1947,P01336,Shamsy Aly,S.E. Shamsy Aly Pacha,pasha,s.e.,C00102,National Bank of Egypt,National Bank of Egypt,president,0,,,,18,113
3407,1947,P01336,Shamsy Aly,S.E. Shamsy Aly Pacha,pasha,s.e.,C01723,S.A. des Eaux du Caire de la Compagnie Frigorifique d'Egypte,S.A. des Eaux du Caire de la Compagnie Frigorifique d'Egypte,president,0,,,,18,113
3408,1947,P01336,Shamsy Aly,S.E. Shamsy Aly Pacha,pasha,s.e.,C01697,Oonseild'Administration de la Société Egyptienne de Ciment Portland Tourah,Oonseild'Administration de la Société Egyptienne de Ciment Portland Tourah,member,0,,,,18,113
3409,1947,P01336,Shamsy Aly,S.E. Shamsy Aly Pacha,pasha,s.e.,C01605,Gouvernement à la Compagnie Universelle du Canal Maritime de Suez,Gouvernement à la Compagnie Universelle du Canal Maritime de Suez,auditor,0,,,,18,113
3410,1947,P00799,Sheriff Robert,Sheriff Robert,,,C01154,The United Bus Co,The United Bus Co,director,0,,,,18,114
3411,1947,P00800,Simaika Wassef,S.E. Simaika Wassef Pacha,pasha,s.e.,C01505,Conseil d'Administration de l'Alexandria Navigation Co,Conseil d'Administration de l'Alexandria Navigation Co,member,0,,,,18,114
3412,1947,P00800,Simaika Wassef,S.E. Simaika Wassef Pacha,pasha,s.e.,C01996,The Eiectricity & lee Supply Co,The Eiectricity & lee Supply Co,member,0,,,,18,114
3413,1947,P00800,Simaika Wassef,S.E. Simaika Wassef Pacha,pasha,s.e.,C01957,"Textile de Choubrah, S.A.E","Textile de Choubrah, S.A.E",member,0,,,,18,114
3414,1947,P00800,Simaika Wassef,S.E. Simaika Wassef Pacha,pasha,s.e.,C01720,S.A. des Anciens Etablissements D.C.~. Brooks,S.A. des Anciens Etablissements D.C.~. Brooks,member,0,,,,18,114
3415,1947,P00801,Sims Marshall George,Sims Marshall George,,,C02140,"â' Actministration de la Société Carrier-Egypt, S.A.E","â' Actministration de la Société Carrier-Egypt, S.A.E",president,0,,,,18,114
3416,1947,P00801,Sims Marshall George,Sims Marshall George,,,C02140,"â' Actministration de la Société Carrier-Egypt, S.A.E","â' Actministration de la Société Carrier-Egypt, S.A.E",council_member,0,,,,18,114
3417,1947,P01337,Maison Choremi,Maison Choremi,,,C01885,Sté. An. des Presses Libres Egyptiennes,Sté. An. des Presses Libres Egyptiennes,director,0,,,,18,114
3418,1947,P01337,Maison Choremi,Maison Choremi,,,C00297,Banque d'Athènes,Banque d'Athènes,director,0,,,,18,114
3419,1947,P01337,Maison Choremi,Maison Choremi,,,C00216,Gabbari Land Co,Gabbari Land Co,director,0,,,,18,114
3420,1947,P01338,Sinigaglia Carlo,Sinigaglia Carlo,,,C01724,S.A. des Immeubles d'E · gyp te,S.A. des Immeubles d'E · gyp te,director,0,,,,18,114
3421,1947,P01338,Sinigaglia Carlo,Sinigaglia Carlo,,,C00124,S. A. des Chemins de Fer Keneh-Assouan,S.A. des Chemins de Fer Kéneh-Assouan,director,0,,,,18,114
3422,1947,P01339,Sirakian S. lng,Sirakian S. lng,,,C00609,Société des Publications Egyptiennes,Société des Publications Egyptiennes,director,0,,,,18,114
3423,1947,P00530,Sabry Hussein,S.E. Sirry Hussein Pacha,pasha,s.e.,C01368,'Administration de la Red Sea Mining Co,'Administration de la Red Sea Mining Co,president,0,,,,18,114
3424,1947,P00530,Sabry Hussein,S.E. Sirry Hussein Pacha,pasha,s.e.,C01368,'Administration de la Red Sea Mining Co,'Administration de la Red Sea Mining Co,council_member,0,,,,18,114
3425,1947,P01340,Cottop Spinning,Cottop Spinning,,,C00102,National Bank of Egypt,National Bank of Egypt,director,0,,,,18,114
3426,1947,P01340,Cottop Spinning,Cottop Spinning,,,C01770,"Société Anonyme de Wadi Kom Ombo, \le la Société Générale des Sucreries","Société Anonyme de Wadi Kom Ombo, \le la Société Générale des Sucreries",director,0,,,,18,114
3427,1947,P01340,Cottop Spinning,Cottop Spinning,,,C00114,Raffinerie d'Egypte,Raffinerie d'Egypte,director,0,,,,18,114
3428,1947,P01341,Sirry Mohamed,S.E. Sirry Mohamed Pacha,pasha,s.e.,C01690,Nile Brewery,Nile Brewery,president,0,,,,18,114
3429,1947,P01342,Small Irving,Small Irving,,,C02020,"The Simon Arzt Stores, S.A.E","The Simon Arzt Stores, S.A.E",director,0,,,,18,114
3430,1947,P01343,Smouha Joseph,Smouha Joseph,,,C01448,Beida,Beida,director,0,,,,18,114
3431,1947,P00558,Sofio F,Sofio S,,,C00277,Alexandria Exchange Co,Alexandria Rxchange Co,director,0,,,,18,114
3432,1947,P01344,S.S. le Nabil Soliman Daoud,S.S. le Nabil Soliman Daoud,,,C01881,Sté. Agricole «LI] Fayoumn,Sté. Agricole «LI] Fayoumn,president,0,,,,18,114
3433,1947,P01345,Sorbara Salvator,Sorbara Salvator,,,C01811,"Société Immobilière de Zamalek, S.A.E","Société Immobilière de Zamalek, S.A.E",director,0,,,,18,114
3434,1947,P01346,The Egyptian Independent Oil Co,The Egyptian Independent Oil Co,,,C01756,"So- ciétés, Industriel. ·","So- ciétés, Industriel. ·",director,0,,,,18,115
3435,1947,P01347,Spetseropoulo Georges D,Spetseropoulo Georges D,,,C02026,"The United Egyptian Nile Transport Cy. S.E. Sir C. lW. Spinks (Pacha), MajOT General (El Ferik) K.B.E","The United Egyptian Nile Transport Cy. S.E. Sir C. lW. Spinks (Pacha), MajOT General (El Ferik) K.B.E",managing_director,0,,,,18,115
3436,1947,P01347,Spetseropoulo Georges D,Spetseropoulo Georges D,,,C00358,"Egyptian \\'orks & Constructions Co., S.A.E",Egyptian Works& Constructions,president,0,,,,18,115
3437,1947,P01347,Spetseropoulo Georges D,Spetseropoulo Georges D,,,C01744,S.A.E. des Chaussures Bata,S.A.E. des Chaussures Bata,president,0,,,,18,115
3438,1947,P01347,Spetseropoulo Georges D,Spetseropoulo Georges D,,,C01800,Société Egyptienne pour la FabriGation,Société Egyptienne pour la FabriGation,president,0,,,,18,115
3439,1947,P01347,Spetseropoulo Georges D,Spetseropoulo Georges D,,,C01568,"Exportation des Conserves, S.A.E","Exportation des Conserves, S.A.E",president,0,,,,18,115
3440,1947,P01348,Strangman,Strangman,,,C00118,S.E. de Ciment Portland Tourah,S.E. de Ciment Portland Tourah,director,0,,,,18,115
3441,1947,P00146,Sultan Dr. Fouad,Sultan Dr. Fouad Bey,bey,,C01802,Société Egyptienne pour le Tannage,Société Egyptienne pour le Tannage,president,0,,,,18,115
3442,1947,P00146,Sultan Dr. Fouad,Sultan Dr. Fouad Bey,bey,,C01627,"Industrie du Cuir, S.A.E","Industrie du Cuir, S.A.E",president,0,,,,18,115
3443,1947,P00146,Sultan Dr. Fouad,Sultan Dr. Fouad Bey,bey,,C00036,Banque du Crédit Agricole d'Egypte,Banque du Crédit Agricole d'Egypte,director,0,,,,18,115
3444,1947,P00146,Sultan Dr. Fouad,Sultan Dr. Fouad Bey,bey,,C00301,"Banque de Crédit Hypothécaire Agricole d'Egypte, S.A.E","Banque de Crédit Hypothécaire Agricole d'Egypte, S.A.E",director,0,,,,18,115
3445,1947,P00146,Sultan Dr. Fouad,Sultan Dr. Fouad Bey,bey,,C00445,Rosetta & Alexandria Rice Mills,Rosetta & Alexandria Rice Mills,director,0,,,,18,115
3446,1947,P00146,Sultan Dr. Fouad,Sultan Dr. Fouad Bey,bey,,C00563,"Société Egyptienne pour le Développement et le Commerce des Légumes, Fruits et Fleurs","Société Egyptienne pour le Développement et le Commerce des Légumes, Fruits et Fleurs",director,0,,,,18,115
3447,1947,P00146,Sultan Dr. Fouad,Sultan Dr. Fouad Bey,bey,,C01809,"Société Hongra-Egyptienne pour le Commerce, S.A","Société Hongra-Egyptienne pour le Commerce, S.A",director,0,,,,18,115
3448,1947,P00146,Sultan Dr. Fouad,Sultan Dr. Fouad Bey,bey,,C01566,Etablissements Industriels pour la Soie et le Coton,"Etablissements IndustriP,ls pour la Soie et le Coton",president,0,,,,18,115
3449,1947,P00146,Sultan Dr. Fouad,Sultan Dr. Fouad Bey,bey,,C01452,Béni Mazar Urbaine et Rurale,Béni Mazar Urbaine et Rurale,president,0,,,,18,115
3450,1947,P00146,Sultan Dr. Fouad,Sultan Dr. Fouad Bey,bey,,C00895,"The Alexandria Racing Club, S.A.E","Alexandria Racing Club, S.A.E",director,0,,,,18,115
3451,1947,P00146,Sultan Dr. Fouad,Sultan Dr. Fouad Bey,bey,,C02086,iQERCO,iQERCO,director,0,,,,18,115
3452,1947,P00146,Sultan Dr. Fouad,Sultan Dr. Fouad Bey,bey,,C01821,Société Misr de Tabacs et Cigarettes,Société Misr de Tabacs et Cigarette,director,0,,,,18,115
3453,1947,P01349,Sursocl\ Nicolas Alexandre,Sursocl\ Nicolas Alexandre,,,C00449,S.A. des Immeubles d'Egypte,S.A. des Immeublesd'Egypte,president,0,,,,18,115
3454,1947,P01349,Sursocl\ Nicolas Alexandre,Sursocl\ Nicolas Alexandre,,,C00103,National Insurance Co,National Insurance Co,director,0,,,,18,115
3455,1947,P00148,Sursock Vladimir,Sursock Vladimir,,,C01143,The Kafr El Zayat Cotton Co,Kafr El Zayat Cotton Co,vice_president,0,,,,18,115
3456,1947,P00148,Sursock Vladimir,Sursock Vladimir,,,C01408,Adrmnistration de la Kafr El Zayat Land Co,Adrmnistration de la Kafr El Zayat Land Co,council_member,0,,,,18,115
3457,1947,P00148,Sursock Vladimir,Sursock Vladimir,,,C01653,The Mediterranean Co. for General Tracte ( Egypt) S.A,The Mediterranean Co. for General Tracte ( Egypt) S.A,council_member,0,,,,18,115
3458,1947,P00148,Sursock Vladimir,Sursock Vladimir,,,C01400,"Abou Zaabal ,& Kafr el Zayat Fertiliser· & Chemieal CY-.. (AKFAC)",Abou Zaabal& Kafr el Zayat Fertiliser & Chemical Cy. (AKFAC),council_member,0,,,,18,115
3459,1947,P00808,Ancien Ministre Ancien Sénateur,Sénateur,,,C01650,"la. Manufacture Egyptienne de Bonneterie et Tricotage «El Nil», S.A.E","Manufacture Egyptienne de Bonneterie et Tricotage El-Nii, S.A.E",president,0,,,,18,116
3460,1947,P00808,Ancien Ministre Ancien Sénateur,Sénateur,,,C01813,Société Liban-Egypte,Société Liban-Egypte,president,0,,,,18,116
3461,1947,P00808,Ancien Ministre Ancien Sénateur,Sénateur,,,C02134,·ation du Salvage & Marine Co. of,·ation du Salvage & Marine Co. of,vice_president,0,,,,18,116
3462,1947,P01350,Tagher Albert Bey Me,Tagher Albert Bey Me,,,C00711,The Upper Egypt Ginning Co,Upper Egypt Mining Co,director,0,,,,18,116
3463,1947,P01351,Tagher François,Tagher François,,,C01566,Etablissements Industriels pour la Soie et le Coton,«Etablissements Industriels pour la Soie et le Coton,managing_director,0,,,,18,116
3464,1947,P01352,Tagher Omar,Tagher Omar,,,C01566,Etablissements Industriels pour la Soie et le Coton,Etablissements Industriels pour la Soie et le Coton,director,0,,,,18,116
3465,1947,P00572,Tagher Oscar,Tagher Oscar,,,C01887,Sté. California Texas des Pétl·oles,Sté. California Texas des Pétl·oles,director,0,,,,18,116
3466,1947,P00572,Tagher Oscar,Tagher Oscar,,,C01773,Société California Eg. des Pétroles,Société California Eg. des Pétroles,director,0,,,,18,116
3467,1947,P00572,Tagher Oscar,Tagher Oscar,,,C01922,Sté. Texas Egyptienne des Pétroles,Sté. Texas Egyptienne des Pétroles,director,0,,,,18,116
3468,1947,P00572,Tagher Oscar,Tagher Oscar,,,C01402,The Aboukir Cy,Aboukir Cy,director,0,,,,18,116
3469,1947,P00572,Tagher Oscar,Tagher Oscar,,,C01580,Ford Motor Cy. (Egypt) S.A.E,Ford Motor Cy. (Egypt) S.A.E,director,0,,,,18,116
3470,1947,P00572,Tagher Oscar,Tagher Oscar,,,C00672,The Egyptian Road Construction,The Egyptian Road Construction,director,0,,,,18,116
3471,1947,P00572,Tagher Oscar,Tagher Oscar,,,C01974,The Amalgamated lee Factories & Cold Stores et General Navigation Cy. of Egypt,The Amalgamated lee Factories & Cold Stores et General Navigation Cy. of Egypt,director,0,,,,18,116
3472,1947,P01353,Taher Hassan Hosnr,S.E. Taher Hassan Hosnr Pacha,pasha,s.e.,C01553,Egyptian Sisal Manufacturing Cy,Egyptian Sisal Manufacturing Cy,president,0,,,,18,116
3473,1947,P01354,Taher Mahmoud Hamtdi,S.E. Taher Mahmoud Hamtdi Pacha,pasha,s.e.,C01550,Egyptian Rubber & Shoes Industry,Egyptian Rubber& Shoes Industry,president,0,,,,18,116
3474,1947,P01354,Taher Mahmoud Hamtdi,S.E. Taher Mahmoud Hamtdi Pacha,pasha,s.e.,C01695,Nouveaux Hôtels d'Egypte,Nouveaux Hôtels d'Egypte,director,0,,,,18,116
3475,1947,P00574,Taher Mohamed,S.E. Taher Mohamed Pacha,pasha,s.e.,C01842,"Société Royale d'Agriculture, de la Société Royale des Etudes Historiques, du Cercle Royal d'Escrime, du","Société Royale d'Agriculture, de la Société Royale des Etudes Historiques, du Cercle Royal d'Escrime, du",president,0,,,,18,116
3476,1947,P01355,Club El-Fouroussia,Club El-Fouroussia,,,C01662,Misr-Airways,Misr-Airways,vice_president,0,,,,18,116
3477,1947,P01356,Takla Berti Kamel,Takla Berti Kamel,,,C02120,"«Food Products,, S.A.E","«Food Products,, S.A.E",director,0,,,,18,116
3478,1947,P01357,Tancred C. H,Tancred C. H,,,C02071,del'Egyptian General Omnibus,del'Egyptian General Omnibus,director,0,,,,18,116
3479,1947,P01358,Tarraf Aly,S.E. Tarraf Aly Pacha,pasha,s.e.,C01999,The Gabbary Petr•)· leum Co. et Platrières de Ballah,The Gabbary Petr•)· leum Co. et Platrières de Ballah,director,0,,,,18,116
3480,1947,P01359,Tawil Pierre,Tawil Pierre,,,C01460,Capitalisation Egyptienne S.A.E,Capitalisation Egyptienne S.A.E,director,0,,,,18,116
3481,1947,P01359,Tawil Pierre,Tawil Pierre,,,C02034,Thll Upper Egypt Hotels Co. Ltd,Thll Upper Egypt Hotels Co. Ltd,director,0,,,,18,116
3482,1947,P01359,Tawil Pierre,Tawil Pierre,,,C02017,The Pyramids Gardens,The Pyramids Gardens,director,0,,,,18,116
3483,1947,P01360,Tepeghiosi Nicolas,Tepeghiosi Nicolas,,,C00226,The Upper Egypt Hotels,The Upper Egypt Hotels Co,manager,0,,,,18,117
3484,1947,P01360,Tepeghiosi Nicolas,Tepeghiosi Nicolas,,,C00226,The Upper Egypt Hotels,The Upper Egypt Hotels Co,director,0,,,,18,117
3485,1947,P01361,Théodorakis A. O,Théodorakis A. O,,,C00027,"The Associated Cotton Gin· ners of Egypt, Ltd","The Associated Cotton Gin· ners of Egypt, Ltd",director,0,,,,18,117
3486,1947,P01362,Thomaidis Constantin B,Thomaidis Constantin B,,,C01901,Sté. Egyptienne des Bo\s et Matériaux,Sté. Egyptienne des Bois et Matériaux,director,0,,,,18,117
3487,1947,P01363,Thomaidis Ivan Evangelo B,Thomaidis Ivan Evangelo B,,,C01901,Sté. Egyptienne des Bo\s et Matériaux,Sté. Egyptienne des Bois et Matériaux,director,0,,,,18,117
3488,1947,P01364,Thomaidis Pandélis C,Thomaidis Pandélis C,,,C01901,Sté. Egyptienne des Bo\s et Matériaux,Sté. Egyptienne des Bo\s et Matériaux,director,0,,,,18,117
3489,1947,P00809,Tilche Joseph,Tilche Joseph,,,C01737,"S.A.E. Moulins «Al-Mahmoudieh""","S.A.E. Moulins «Al-Mahmoudieh""",vice_president,0,,,,18,117
3490,1947,P00809,Tilche Joseph,Tilche Joseph,,,C02055,Usini'S Réuniès d'Egrenage,Usini'S Réuniès d'Egrenage,president,0,,,,18,117
3491,1947,P00809,Tilche Joseph,Tilche Joseph,,,C02055,Usini'S Réuniès d'Egrenage,Usini'S Réuniès d'Egrenage,managing_director,0,,,,18,117
3492,1947,P00809,Tilche Joseph,Tilche Joseph,,,C02055,Usini'S Réuniès d'Egrenage,Usini'S Réuniès d'Egrenage,director,0,,,,18,117
3493,1947,P00809,Tilche Joseph,Tilche Joseph,,,C01615,Huileries,Huileries,president,0,,,,18,117
3494,1947,P00809,Tilche Joseph,Tilche Joseph,,,C01615,Huileries,Huileries,managing_director,0,,,,18,117
3495,1947,P00809,Tilche Joseph,Tilche Joseph,,,C01615,Huileries,Huileries,director,0,,,,18,117
3496,1947,P00809,Tilche Joseph,Tilche Joseph,,,C02097,lmport & Export Bk of Egypt,lmport & Export Bk of Egypt,president,0,,,,18,117
3497,1947,P00809,Tilche Joseph,Tilche Joseph,,,C02097,lmport & Export Bk of Egypt,lmport & Export Bk of Egypt,managing_director,0,,,,18,117
3498,1947,P00809,Tilche Joseph,Tilche Joseph,,,C02097,lmport & Export Bk of Egypt,lmport & Export Bk of Egypt,director,0,,,,18,117
3499,1947,P01365,Toriel Eliott,Toriel Eliott,,,C01562,Etablissements Bamco,Etablissements Bamco,director,0,,,,18,117
3500,1947,P01366,Toriel Henri,Toriel Henri,,,C02033,Thl,Thl,vice_president,0,,,,18,117
3501,1947,P01366,Toriel Henri,Toriel Henri,,,C02053,Usines Réun~esd'Egrenage,Usines Réun~esd'Egrenage,director,0,,,,18,117
3502,1947,P01366,Toriel Henri,Toriel Henri,,,C01615,Huileries,Huileries,director,0,,,,18,117
3503,1947,P00811,Toriel Victor,Toriel Victor,,,C01805,Société Franco-Egyptienne de Crédit,Société Franco-Egyptienne de Crédit,president,0,,,,18,117
3504,1947,P00811,Toriel Victor,Toriel Victor,,,C01805,Société Franco-Egyptienne de Crédit,Société Franco-Egyptienne de Crédit,managing_director,0,,,,18,117
3505,1947,P00811,Toriel Victor,Toriel Victor,,,C01496,Comptmr Commercial Eco.nomique,Comptmr Commercial Eco.nomique,vice_president,0,,,,18,117
3506,1947,P00811,Toriel Victor,Toriel Victor,,,C02052,Usines Réunies d'Egrenage,Usines Réunies d'Egrenage,vice_president,0,,,,18,117
3507,1947,P00811,Toriel Victor,Toriel Victor,,,C01615,Huileries,Huileries,vice_president,0,,,,18,117
3508,1947,P00811,Toriel Victor,Toriel Victor,,,C00068,Dakahlieh Land Co,Dakahlieh Land Co,managing_director,0,,,,18,117
3509,1947,P00811,Toriel Victor,Toriel Victor,,,C01417,"Alexandria Pressing Co., de Nil","Alexandria Pressing Co., de Nil",director,0,,,,18,117
3510,1947,P01018,Artistes Français Paris,Paris,,,C02057,V. Toriel & Co. et V. E. Toriel,V. Toriel & Co. et V. E. Toriel,manager,0,,,,18,117
3511,1947,P00687,Totah Ibrahim Eid,Totah Ibrahim Eid,,,C01557,El Tawil Spinning & Weaving Cy,El Tawil Spinning & Weaving Cy,vice_president,0,,,,18,117
3512,1947,P01367,Totah Youssef,Totah Youssef,,,C01557,El Tawil Spinning & Weaving Cy,El Tawil Spinning & Weaving Cy,director,0,,,,18,117
3513,1947,P01368,Toutounji Joseph,Toutounji Joseph,,,C00467,S.A. des Drogueries d'Egypte,S.A. des Drogueries d'Egypte,president,0,,,,18,117
3514,1947,P01368,Toutounji Joseph,Toutounji Joseph,,,C01911,Sté. Industrielle du Moyen Orient,Sté. Industrielle du Moyen Orient,president,0,,,,18,117
3515,1947,P01368,Toutounji Joseph,Toutounji Joseph,,,C01975,The Bottled Gas. Co,The Bottled Gas Co,president,0,,,,18,117
3516,1947,P01368,Toutounji Joseph,Toutounji Joseph,,,C01940,Sudan Import & Export Co. j de la Port-Sudan Forwarding Co. Ltd,Sudan Import & Export Co. j de la Port-Sudan Forwarding Co. Ltd,managing_director,0,,,,18,117
3517,1947,P01368,Toutounji Joseph,Toutounji Joseph,,,C01608,Grands Mag. Chemla,Grands Mag. Chemla,director,0,,,,18,117
3518,1947,P01369,Trad Samaan,Trad Samaan,,,C01576,Fayoum Textile Cy,Fayoum Textile Cy,director,0,,,,18,117
3519,1947,P00153,Trembley Ernest,Trembley Ernest,,,C01788,Société Egyptienne de Ciment Portland Tourah,Société Egyptienne de Ciment Portland Tourah,managing_director,0,,,,18,118
3520,1947,P00153,Trembley Ernest,Trembley Ernest,,,C00040,The Cairo Sand Bricks Co. S. A,"The Cairo Sand Bricks Co., S.A",president,0,,,,18,118
3521,1947,P00153,Trembley Ernest,Trembley Ernest,,,C00067,Crédit Immobilier Suisse-Egyptien,Crédit Immobilier Suisse-Egyptien,vice_president,0,,,,18,118
3522,1947,P01370,Triulzi E. W,Triulzi E. W,,,C01596,"General Motors Near East, B.A","General Motors Near East, B.A",director,0,,,,18,118
3523,1947,P00813,Tsekis Charles,Tsekis Charles,,,C01750,S\é. «The Egyptian Insurance& Commercial Agency (EICA) Tsekis & Co.)),S\é. «The Egyptian Insurance& Commercial Agency (EICA) Tsekis & Co.)),partner,0,,,,18,118
3524,1947,P00813,Tsekis Charles,Tsekis Charles,,,C01750,S\é. «The Egyptian Insurance& Commercial Agency (EICA) Tsekis & Co.)),S\é. «The Egyptian Insurance& Commercial Agency (EICA) Tsekis & Co.)),manager,0,,,,18,118
3525,1947,P00813,Tsekis Charles,Tsekis Charles,,,C01812,"Société Industrielle et Commerciale d'Egypte (S.I.C.O.), S.A.E","Société Industrielle et Commerciale d'Egypte (S.I.C.O.), S.A.E",director,0,,,,18,118
3526,1947,P01371,Vallet Jean,Vallet Jean,,,C01357,' de la Société Egyptienne de Teinturerie,' de la Société Egyptienne de Teinturerie,director,0,,,,18,118
3527,1947,P01371,Vallet Jean,Vallet Jean,,,C01427,Apprêt,Apprêt,director,0,,,,18,118
3528,1947,P00815,Van Damme L,Van Damme L,,,C00030,Banque Belge et Internationale en Egypte,Banque Belge et Internationale en Egypte,managing_director,0,,,,18,118
3529,1947,P00815,Van Damme L,Van Damme L,,,C00065,Crédit Foncier Egyptien,Crédit Foncier Egyptien,director,0,,,,18,118
3530,1947,P00815,Van Damme L,Van Damme L,,,C00463,S.A. des Chemins de Fer de la Basse-Egypte,S.A. des Chemins de Fer de la Basse-Egypte,director,0,,,,18,118
3531,1947,P00816,Van Den Bosch Paul,Van Den Bosch Paul,,,C00306,Caisse Hypothécaire d'Egypte,Càisse Hypothécaire d 'Egypte,managing_director,0,,,,18,118
3532,1947,P00155,Vannucci Comm. Gr·isante,Vannucci Grisante,,,C01112,Sté. Eg. d'Entreprises Urbaines et Rurales,Sté. Eg. d'Entreprises Urbaines et Rurales,director,0,,,,18,118
3533,1947,P01372,Vickery J. C,Vickery,,,C01972,The Amalgamated lee Facto1,The Amalgamated lee Facto1,director,0,,,,18,118
3534,1947,P01373,Vidon Aslan,Vidon Aslan,,,C01354,«Sibur)),«Sibur)),director,0,,,,18,118
3535,1947,P01373,Vidon Aslan,Vidon Aslan,,,C01359,"Al Chark, Société d'Entreprises Générales",«Al Chark>> Sté. d'Entreprises Générales,president,0,,,,18,118
3536,1947,P01374,Vidon Joseph,Vidon Joseph,,,C01359,"Al Chark, Société d'Entreprises Générales","Al Chark, Société d'Entreprises Générales",managing_director,0,,,,18,118
3537,1947,P01375,Vigneau André,Vigneau André,,,C01689,"Nil Paris, S.A.E","Nil Paris, S.A.E",director,0,,,,18,118
3538,1947,P01376,Vïncendon Jacques,Vïncendon Jacques,,,C01725,S.A. des Immeubles d'Egypte et Secrétaire Général d.e la Land Bank of Egypt,S.A. des Immeubles d'Egypte et Secrétaire Général de la Land Bank of Egypt,director,0,,,,18,118
3539,1947,P00818,Vincenot Marcel,Vincenot Marcel,,,C00065,Crédit Foncier Egyptien,Crédit Fonciel' Egyptien,president,0,,,,18,118
3540,1947,P00818,Vincenot Marcel,Vincenot Marcel,,,C00065,Crédit Foncier Egyptien,Crédit Fonciel' Egyptien,delegate,0,,,,18,118
3541,1947,P00818,Vincenot Marcel,Vincenot Marcel,,,C00055,Compagnie d'Assurances «Al Charkl). w,Compagnie d'Assurances «Al Chark)),president,0,,,,18,118
3542,1947,P00818,Vincenot Marcel,Vincenot Marcel,,,C00055,Compagnie d'Assurances «Al Charkl). w,Compagnie d'Assurances «Al Chark)),delegate,0,,,,18,118
3543,1947,P00820,Vivante Sabino Mtre,Vivante Sabino Mtre,,,C02072,del'Industrie Fibres Textiles,del'Industrie Fibres Textiles,director,0,,,,18,118
3544,1947,P00820,Vivante Sabino Mtre,Vivante Sabino Mtre,,,C01112,Sté. Eg. d'Entreprises Urbaines et Rurales,Sté. Eg. d'Entreprises Urbaines et Rurales,director,0,,,,18,118
3545,1947,P00822,Vogue Marquis de,Vogüé Marquis de,,,C01495,Compagnie Universelle du Canal Maritime de Suez,Compagnie Universelle du Canal Maritime de Suez,president,0,,,,18,119
3546,1947,P00824,Wahba E. H,Wahba E. H,,,C01594,"General Mo tors Near East, S.A","General Mo tors Near East, S.A",director,0,,,,18,119
3547,1947,P01377,Watouri Joseph,Wattouri Joseph,,,C01692,The Nile Textile Cy. S.A.E,"Nile Textile Co., S.A.E",director,0,,,,18,119
3548,1947,P00826,Wedemeyer Ruppert Gôlding,Wedemeyer Ruppert Gôlding,,,C00526,Société California Texas des Pétroles,Société California Texas des Pétroles,director,0,,,,18,119
3549,1947,P00826,Wedemeyer Ruppert Gôlding,Wedemeyer Ruppert Gôlding,,,C00524,Société California Egyptienne des Pétroles,Société California Egyptienne des Pétroles,director,0,,,,18,119
3550,1947,P00827,Weissenberg Harold,Weissenberg Harold,,,C00644,"The Amalgamated lee Factories & Cold Stores, S.A.E","The Amalgamated lee Factories & Cold Stores, S.A.E",president,0,,,,18,119
3551,1947,P00829,Wibaut P,Wibaut P,,,C00355,The Egyptian General Omnibus Co,"The Egyptian General Omnibus Co., · S.A.E",director,0,,,,18,119
3552,1947,P01378,Wieland A. J,Wieland A. J,,,C01590,Gener.al,Gener.al,director,0,,,,18,119
3553,1947,P01379,Wilkinson Peter,Wilkinson Peter,,,C02015,The North East Africa,The North East Africa,delegate,0,,,,18,119
3554,1947,P01380,Trading Cy,Trading Cy,,,C01319,Alexandria Racing,Alexandria Racing,director,0,,,,18,119
3555,1947,P00831,Wissa Fahm1y /Wissa,Wissa Fahm1y /Wissa,,,C01684,"Near East Produce Trading Cy. W issa, Zaki (Bey), Administl'ateur de la Société Misr d' Assurances Générales","Near East Produce Trading Cy. W issa, Zaki (Bey), Administl'ateur de la Société Misr d' Assurances Générales",director,0,,,,18,119
3556,1947,P00831,Wissa Fahm1y /Wissa,Wissa Fahm1y /Wissa,,,C00697,"The Nile Ginning Co., S.A.E","The Nile Ginning Co., S.A.E",director,0,,,,18,119
3557,1947,P01381,Woodhead W. G,Woodhead W. G,,,C01661,The Misr Shipping S.A.E,The Misr Shipping S.A.E,director,0,,,,18,119
3558,1947,P00833,Wyler E,Wyler E,,,C01515,Crédit Lyonnais à Alexandrie,Crédit Lyonnais à Alexandrie,manager,0,,,,18,119
3559,1947,P00833,Wyler E,Wyler E,,,C00576,"Société Immobilière d'Alexandrie, S.A.F","Société Immobilière d'Alexandrie, S.A.F",director,0,,,,18,119
3560,1947,P00833,Wyler E,Wyler E,,,C00216,Gabbari Land Co,Gabbari Land Co,director,0,,,,18,119
3561,1947,P00604,Yamodis Nicolas,Yamodis Nicolas,,,C01987,The Egyptian Delta Rice Mills Co. (N. Yamodis & Co.),The Egyptian Delta Rice Mills Co. (N. Yamodis & Co.),managing_director,0,,,,18,120
3562,1947,P01382,Yamodis Ph,Yamodis Ph,,,C01943,Surveillance de The Egyptian Delta Rice Mills Co. (N. Yiamodis and Co.),"Surveillance de Tht Egyptian Delta Rice Mills Co. (N. Yamodis ,& Co.)",council_member,0,,,,18,120
3563,1947,P01383,Yassine Mohamed Sayed,Yassine Mohamed Sayed Bey,bey,,C01816,Société Misr Rayonne,Société Misr Rayonne,director,0,,,,18,120
3564,1947,P01384,Yassine Serag El Dîne Bey Propriétaire Foncier,Yassine Sirag El Dîne Bey Propriétaire Foncier,,,C01411,Agricultural & Industrial Corporatiou«AGRINn,Agricultural & Industrial Corporatiou«AGRINn,partner,0,,,,18,120
3565,1947,P01384,Yassine Serag El Dîne Bey Propriétaire Foncier,Yassine Sirag El Dîne Bey Propriétaire Foncier,,,C01411,Agricultural & Industrial Corporatiou«AGRINn,Agricultural & Industrial Corporatiou«AGRINn,manager,0,,,,18,120
3566,1947,P01384,Yassine Serag El Dîne Bey Propriétaire Foncier,Yassine Sirag El Dîne Bey Propriétaire Foncier,,,C01654,Mena Milk Produet,Mena Milk Produet,director,0,,,,18,120
3567,1947,P01384,Yassine Serag El Dîne Bey Propriétaire Foncier,Yassine Sirag El Dîne Bey Propriétaire Foncier,,,C01511,"Cotonnière, S.A.E .. Commanditaire de The Middle East Industrial & Tradin~ Co. ·","Cotonnière, S.A.E .. Commanditaire de The Middle East Industrial & Tradin~ Co. ·",director,0,,,,18,120
3568,1947,P00608,Yol<ana Davis,Yokana Davis,,,C01570,Fabrique de Pro· duits Chimiques,Fabrique de Pro· duits Chimiques,managing_director,0,,,,18,120
3569,1947,P01385,Zabal Wadih,Zabal Wadih,,,C00742,Usines Textiles Al-Kahira,Usines Textiles «Al-Kahiran,delegate,0,,,,18,121
3570,1947,P01385,Zabal Wadih,Zabal Wadih,,,C00742,Usines Textiles Al-Kahira,Usines Textiles «Al-Kahiran,director,0,,,,18,121
3571,1947,P01386,Zaidan Georges,Zaidan Georges,,,C01465,Chemical Industrial & Tra· ding Cy,Chemical Industrial & Tra· ding Cy,director,0,,,,18,121
3572,1947,P01387,Zakaria Mahran,S.E. Zakaria Mahran Pacha,pasha,s.e.,C01868,Soèiété Misr pour l'Egrenage du Coton,Soèiété Misr pour l'Egrenage du Coton,director,0,,,,18,121
3573,1947,P01387,Zakaria Mahran,S.E. Zakaria Mahran Pacha,pasha,s.e.,C01823,Société Misr de Transport,Société Misr de Transport,director,0,,,,18,121
3574,1947,P01387,Zakaria Mahran,S.E. Zakaria Mahran Pacha,pasha,s.e.,C01680,Navigation,Navigation,director,0,,,,18,121
3575,1947,P01387,Zakaria Mahran,S.E. Zakaria Mahran Pacha,pasha,s.e.,C01566,Etablissements Industriels pour la Soie et le Coton,Etablissements Industriels pour la Soie et le Coton,director,0,,,,18,121
3576,1947,P01387,Zakaria Mahran,S.E. Zakaria Mahran Pacha,pasha,s.e.,C00711,The Upper Egypt Ginning Co,Upper Egypt Mini.ng Cy,director,0,,,,18,121
3577,1947,P01387,Zakaria Mahran,S.E. Zakaria Mahran Pacha,pasha,s.e.,C01748,S.A.E. «Imprimerie Misr». ·,S.A.E. «Imprimerie Misr». ·,managing_director,0,,,,18,121
3578,1947,P01388,Me. Zananiri,Me. Zananiri,,,C02043,Transport & Engineering Cy,Transport & Engineering,director,0,,,,18,121
3579,1947,P01389,Zarmati L. M,Zarmati L. M,,,C01884,Sté. An. Eg. de Capitalisation L'Epargne,Sté. An. Eg. de Capitalisation L'Epargne,director,0,,,,18,121
3580,1947,P01389,Zarmati L. M,Zarmati L. M,,,C00931,Crédit Immobilier Suisse-Eg·yptien,Crédit Immobilier Suisse Egyp_tien,director,0,,,,18,121
3581,1947,P01389,Zarmati L. M,Zarmati L. M,,,C01948,Surveillance de la Sociétéd'Assurance sur la vie «La Genevoise»,Surveillance de la Sociétéd'Assurance sur la vie «La Genevoise»,committee_member,0,,,,18,121
3582,1947,P01390,Zarbhanelian Mardig,Zarbhanelian Mardig,,,C01632,Ja1·diris & Vignobles d'Egypte,Ja1·diris & Vignobles d'Egypte,director,0,,,,18,121
3583,1947,P01391,Zerbini Dimitri J·ean,Zerbini Dimitri J·ean,,,C01143,The Kafr El Zayat Cotton Co,The Kafr El Zayat Cotton Co,managing_director,0,,,,18,121
3584,1947,P01391,Zerbini Dimitri J·ean,Zerbini Dimitri J·ean,,,C01387,-Fondateur de The Egyptian Cotton Pressing Cy,-Fondateur de The Egyptian Cotton Pressing Cy,director,0,,,,18,121
3585,1947,P01391,Zerbini Dimitri J·ean,Zerbini Dimitri J·ean,,,C01959,"The Abou Zaabal & Kafrel Zayat Chemical ,& Fertilizers Co., S.A.E","The Abou Zaabal & Kafrel Zayat Chemical ,& Fertilizers Co., S.A.E",director,0,,,,18,121
3586,1947,P01392,Zerbini S,Zerbini S,,,C01143,The Kafr El Zayat Cotton Co,The Kafr El Zayat Cotton Co,director,0,,,,18,121
3587,1947,P01393,Zilkha,Zilkha,,,C01443,"Banque Zilkha, S.A.E","Banque Zilkha, S.A.E",delegate,0,,,,18,121
3588,1947,P01393,Zilkha,Zilkha,,,C00231,Union Foncière d'Egypte,Union Foncière d'Egypte,director,0,,,,18,121
3589,1947,P01394,Egypte Alexandrie,Egypte Alexandrie,,,C01442,Banque Zilkha,Banque Zilkha,president,0,,,,18,122
3590,1947,P01394,Egypte Alexandrie,Egypte Alexandrie,,,C02041,"Tracte & Fi nan cial Co., S.A.E","Tracte & Fi nan cial Co., S.A.E",president,0,,,,18,122
3591,1947,P01395,Zilkha Maurice,Zilkha Maurice,,,C01442,Banque Zilkha,Banque Zilkha,director,0,,,,18,122
3592,1947,P01396,Zulfikar Mohamed,S.E. Zulfikar Mohamed Bey,bey,s.e.,C01796,Société Egyptienne pom l'Industrie et le Commerce des Cotonnades ceLa Cotonnière»,Société Egyptienne pom l'Industrie et le Commerce des Cotonnades ceLa Cotonnière»,director,0,,,,18,122
3593,1947,P01397,Zulfikar Samir,S.E. Zulfikar Samir Bey,bey,s.e.,C01359,"Al Chark, Société d'Entreprises Générales",'' Al Chark » Sté. d'Entreprises Générales,director,0,,,,18,122
3594,1947,P01398,Zulficar Youssouf Pacha G.C.O. Nil,S.E. Zulficar Youssouf Pacha G.C.O. Nil,,s.e.,C01966,The Alexandria Cotton Trading Co,The Alexandria Cotton Trading Co,president,0,,,,18,122
3595,1947,P01398,Zulficar Youssouf Pacha G.C.O. Nil,S.E. Zulficar Youssouf Pacha G.C.O. Nil,,s.e.,C01699,The Oriental Bond Stores,Oriental Bond Stores,vice_president,0,,,,18,122
3596,1947,P01398,Zulficar Youssouf Pacha G.C.O. Nil,S.E. Zulficar Youssouf Pacha G.C.O. Nil,,s.e.,C01668,National Bank of E,National Bank of E,director,0,,,,18,122
3597,1947,P01398,Zulficar Youssouf Pacha G.C.O. Nil,S.E. Zulficar Youssouf Pacha G.C.O. Nil,,s.e.,C01918,Sté. Nationale du Papier,Sté. Nationale du Papier,director,0,,,,18,122
3598,1947,P01398,Zulficar Youssouf Pacha G.C.O. Nil,S.E. Zulficar Youssouf Pacha G.C.O. Nil,,s.e.,C01964,The Alexandria & Khartoum Trading Corporation,The Alexandria & Khartoum Trading Corporation,director,0,,,,18,122
3599,1950,P00842,Abaza Abdallah Fikrï,Abaza Abdallah Fikri Bey,bey,,C01096,"Société pour la Vente des Produits Egyptiens, S.A.E","Société pour la Vente des Produits Egyptiens, S.A.E",director,0,,,,21,839
3600,1950,P01399,Abaza Ahmed,Abaza Ahmed Bey,bey,,C00353,"Egyptian Cotton Ginners & Exporters, S.A",Egyptian Cotton Ginners & Exporters,director,0,,,,21,839
3601,1950,P00165,Abaza Fouad,S.E. Abaza Fouad Pacha,pasha,s.e.,C00585,Société Royale d'Agriculture,Société Royale d'Agriculture,general_manager,0,,,,21,839
3602,1950,P00165,Abaza Fouad,S.E. Abaza Fouad Pacha,pasha,s.e.,C00585,Société Royale d'Agriculture,Société Royale d'Agriculture,managing_director,0,,,,21,839
3603,1950,P00165,Abaza Fouad,S.E. Abaza Fouad Pacha,pasha,s.e.,C00739,Union des Agriculteurs d'Egypte,Union des Agriculteurs d'Egypte,president,0,,,,21,839
3604,1950,P00165,Abaza Fouad,S.E. Abaza Fouad Pacha,pasha,s.e.,C02084,honneur de l'Union Arabe du Caire,honneur de l'Union Arabe du Caire,president,0,,,,21,839
3605,1950,P00165,Abaza Fouad,S.E. Abaza Fouad Pacha,pasha,s.e.,C02359,"Egypt & The Sudan Trading Co., Egyptian Cotton Ginners & Exporters","Egypt & The Sudan Trading Co., Egyptian Cotton Ginners & Exporters",president,0,,,,21,839
3606,1950,P00165,Abaza Fouad,S.E. Abaza Fouad Pacha,pasha,s.e.,C00132,Sidi Salem Co,Sidi Salem Co,vice_president,0,,,,21,839
3607,1950,P00165,Abaza Fouad,S.E. Abaza Fouad Pacha,pasha,s.e.,C01177,"a. L. de l'Imperial Chemical Industries (Egypt), S.A",The Imperial Chemical Industries (Egypt) Ltd,director,0,,,,21,839
3608,1950,P00165,Abaza Fouad,S.E. Abaza Fouad Pacha,pasha,s.e.,C02621,Société d'Exploitation Agricole,Société d'Exploitation Agricole,director,0,,,,21,839
3609,1950,P00165,Abaza Fouad,S.E. Abaza Fouad Pacha,pasha,s.e.,C01784,Société Egyptienne d'Engrais '& d'Industries Chimiques,Société Egyptienne d'Engrais & d'Industries Chimiques,director,0,,,,21,839
3610,1950,P00165,Abaza Fouad,S.E. Abaza Fouad Pacha,pasha,s.e.,C01386,Egyptian Company for- International Tracte«ECIT»,Egyptian Company for International Trade «ECIT»,director,0,,,,21,839
3611,1950,P01400,Abaza Galal,Abaza Galal Bey,bey,,C00224,The United Egyptian Nile Transport Co,United Egyptian Nile Transport Co,vice_president,0,,,,21,839
3612,1950,P01400,Abaza Galal,Abaza Galal Bey,bey,,C02048,"The United Storage Navigati,on & Commercial Cy",United Storage Navigation & Commercial Cy,president,0,,,,21,839
3613,1950,P01400,Abaza Galal,Abaza Galal Bey,bey,,C02823,Unit as Trading & Financial Co,Unit as Trading & Financial Co,director,0,,,,21,839
3614,1950,P01401,Abaza Dr. Mahmoud,Abaza Dr. Mahmoud Bey,bey,,C02042,Trading Corporation of Egypt,Trading Corporation of Egypt,director,0,,,,21,839
3615,1950,P01402,Abaza Mohamed Fikri,Abaza Mohamed Fikri Bey,bey,,C02306,"Dar el Hilal, S.A.E. et","Dar el Hilal, S.A.E. et",director,0,,,,21,839
3616,1950,P01403,Abaza Mohamed Aziz,S.E. Abaza Mohamed Aziz Pacha,pasha,s.e.,C00353,"Egyptian Cotton Ginners & Exporters, S.A",Egyptian Cotton Ginners& Exporters,president,0,,,,21,839
3617,1950,P01403,Abaza Mohamed Aziz,S.E. Abaza Mohamed Aziz Pacha,pasha,s.e.,C02661,Sté Foncière Domaine Cheikh Fadl,Sté Foncière Domaine Cheikh Fadl,delegate,0,,,,21,839
3618,1950,P01403,Abaza Mohamed Aziz,S.E. Abaza Mohamed Aziz Pacha,pasha,s.e.,C00478,S.A. des Tramways du Caire,la S.A. des Tramways du. Caire,director,0,,,,21,839
3619,1950,P01403,Abaza Mohamed Aziz,S.E. Abaza Mohamed Aziz Pacha,pasha,s.e.,C00096,Land Bank of Egypt,Land Bank of Egypt,director,0,,,,21,839
3620,1950,P01404,Abaza Mohamed Zaki,Abaza Mohamed Zaki Bey,bey,,C00361,"Fabrique des Produits Chimiques, S.A.E",Fabrique des Produits Chimiques,director,0,,,,21,839
3621,1950,P00843,Abbas Sid Ahmed,S.E. Abbas Sid Ahmed Pacha,pasha,s.e.,C01432,Auberges d'Egypte,Auberges d'Egypte,director,0,,,,21,839
3622,1950,P01405,Abbas el Chafei,Abbas el Chafei,,,C02431,Hadaek el Ahrarn,Hadaek el Ahrarn,director,0,,,,21,839
3623,1950,P01405,Abbas el Chafei,Abbas el Chafei,,,C02431,Hadaek el Ahrarn,Hadaek el Ahrarn,president,0,,,,21,839
3624,1950,P01405,Abbas el Chafei,Abbas el Chafei,,,C02756,Sté. «SEDEX» S.A.E,Sté. «SEDEX» S.A.E,director,0,,,,21,839
3625,1950,P01405,Abbas el Chafei,Abbas el Chafei,,,C02756,Sté. «SEDEX» S.A.E,Sté. «SEDEX» S.A.E,president,0,,,,21,839
3626,1950,P00015,Abboud,S.E. Abboud,,s.e.,C00355,The Egyptian General Omnibus Co,The Egyptian General Omnibus Co,president,0,,,,21,840
3627,1950,P00015,Abboud,S.E. Abboud,,s.e.,C01077,Société Générale des Sucreries et Raffinerie d'Egypte,Société Générale des Sucreries et Raffinerie d'Egypte,president,0,,,,21,840
3628,1950,P00015,Abboud,S.E. Abboud,,s.e.,C01077,Société Générale des Sucreries et Raffinerie d'Egypte,Société Générale des Sucreries et Raffinerie d'Egypte,managing_director,0,,,,21,840
3629,1950,P00015,Abboud,S.E. Abboud,,s.e.,C02718,Sté. Eg. d'Engrais etd'Industries Chimiques,Sté. Eg. d'Engrais etd'Industries Chimiques,managing_director,0,,,,21,840
3630,1950,P00015,Abboud,S.E. Abboud,,s.e.,C01638,"The Khedivial Mail Line, S.A.E","The Khedivial Mail Line, S.A.E",managing_director,0,,,,21,840
3631,1950,P00015,Abboud,S.E. Abboud,,s.e.,C00719,Tilbury Contracting & Dredging Co. (Foreign) Ltd,Tilbury Contracting & Dredging Co. (Foreign) Ltd,managing_director,0,,,,21,840
3632,1950,P00015,Abboud,S.E. Abboud,,s.e.,C02774,"The Alexandria Racing Club, S.A. Wadi Kom Ombo","The Alexandria Racing Club, S.A. Wadi Kom Ombo",director,0,,,,21,840
3633,1950,P01406,Abdallah Idris Ragheb,Abdallah Idris Ragheb Bey,bey,,C02244,Bolonachi,Bolonachi,managing_director,0,,,,21,840
3634,1950,P01406,Abdallah Idris Ragheb,Abdallah Idris Ragheb Bey,bey,,C02244,Bolonachi,Bolonachi,vice_president,0,,,,21,840
3635,1950,P00845,Abdallah Kabbani,Abdallah Kabbani,,,C01883,Sté. Al Chark pour la Filature et le Tissage,Sté. Al Chark pour la Filature et le Tissage,vice_president,0,,,,21,840
3636,1950,P00845,Abdallah Kabbani,Abdallah Kabbani,,,C01883,Sté. Al Chark pour la Filature et le Tissage,Sté. Al Chark pour la Filature et le Tissage,managing_director,0,,,,21,840
3637,1950,P01407,Abdel Aziz Abdallah Salem,Abdel Aziz Abdallah Salem Bey,bey,,C00453,S.A. Immobilière des Terrains Ghizeh et Rodah,S.A. Immobilière des Terrains Guizeh et Rodah,director,0,,,,21,840
3638,1950,P01407,Abdel Aziz Abdallah Salem,Abdel Aziz Abdallah Salem Bey,bey,,C02185,AKFA C,AKFA C,director,0,,,,21,840
3639,1950,P01408,Abdel Aziz El Barkouki,Abdel Aziz El Barkouki,,,C02824,United Cold Storage,United Cold Storage,director,0,,,,21,840
3640,1950,P01408,Abdel Aziz El Barkouki,Abdel Aziz El Barkouki,,,C02824,United Cold Storage,United Cold Storage,general_manager,0,,,,21,840
3641,1950,P00846,Abdel Aziz Radwan,S.E. Abdel Aziz Radwan Pacha,pasha,s.e.,C00153,Société Cotonnière Maarad,Société Cotonnière «Maarad»,president,0,,,,21,840
3642,1950,P00846,Abdel Aziz Radwan,S.E. Abdel Aziz Radwan Pacha,pasha,s.e.,C00153,Société Cotonnière Maarad,Société Cotonnière «Maarad»,director,0,,,,21,840
3643,1950,P00615,Abdel Fattah El Lozi,Abdel Fattah El Lozi Bey,bey,,C01438,Banque Misr S.A.E,"Banque Misr, S.A.E",director,0,,,,21,840
3644,1950,P00615,Abdel Fattah El Lozi,Abdel Fattah El Lozi Bey,bey,,C01913,Sté. Misr de Filature,Sté. Misr de Filature,director,0,,,,21,840
3645,1950,P00615,Abdel Fattah El Lozi,Abdel Fattah El Lozi Bey,bey,,C02038,"Tissage, S.A.E","Tissage, S.A.E",director,0,,,,21,840
3646,1950,P00615,Abdel Fattah El Lozi,Abdel Fattah El Lozi Bey,bey,,C01761,Société Misr pour le Tissage de la Soie,Société Misr pour le Tissage de la Soie,managing_director,0,,,,21,840
3647,1950,P00847,Abdel Fattah Ragab,Abdel Fattah Ragab,,,C01537,Egyptian Domestic & Foreign Trade Cy,Egyptian Domestic ~Foreign Tracte Cy,director,0,,,,21,840
3648,1950,P01409,Abdel Fattah El Roby Eff,Abdel Fattah El Roby Eff,,,C01927,Sté. des Autobus Charkieh et Dakahlieh,Sté. des Autobus Charkieh et Dakahlieh,director,0,,,,21,840
3649,1950,P01410,Abdel Fattah el Sayed,Abdel Fattah el Sayed Bey,bey,,C02355,Eg. Plastics & Electrical Industries et Sté Al Chark pour la Filature et Tissage,Eg. Plastics & Electrical Industries et Sté Al Chark pour la Filature et Tissage,director,0,,,,21,840
3650,1950,P00848,Abdel Galil Abdel Dayem,Abdel Galil Abdel Dayem,,,C01883,Sté. Al Chark pour la Filature et le Tissage,Sté. Al Chark Filature Tissage,director,0,,,,21,840
3651,1950,P01411,Abdel Galil el Emary,S.E. Abdel Galil el Emary Bey,bey,s.e.,C01883,Sté. Al Chark pour la Filature et le Tissage,Sté. Al Chark pour la Filature et le Tissage,vice_president,0,,,,21,840
3652,1950,P01411,Abdel Galil el Emary,S.E. Abdel Galil el Emary Bey,bey,s.e.,C01883,Sté. Al Chark pour la Filature et le Tissage,Sté. Al Chark pour la Filature et le Tissage,director,0,,,,21,840
3653,1950,P01412,Abdel Galil Abou Samra,S.E. Abdel Galil Abou Samra Pacha,pasha,s.e.,C00117,S. A. Agricole et Industrielle d'Egypte,S.A. Agricole et Industrielled'Egypte,president,0,,,,21,840
3654,1950,P01412,Abdel Galil Abou Samra,S.E. Abdel Galil Abou Samra Pacha,pasha,s.e.,C02765,Technique de la Sté. Agricole et Fermière «Fermag»,Technique de la Sté. Agricole et Fermière «Fermag»,director,0,,,,21,840
3655,1950,P01412,Abdel Galil Abou Samra,S.E. Abdel Galil Abou Samra Pacha,pasha,s.e.,C02765,Technique de la Sté. Agricole et Fermière «Fermag»,Technique de la Sté. Agricole et Fermière «Fermag»,adviser,0,,,,21,840
3656,1950,P01413,Abdel Haî Khalil,Abdel Haî Khalil Bey,bey,,C01818,Société Misr de Filature,Société Misr de Filature,director,0,,,,21,840
3657,1950,P01413,Abdel Haî Khalil,Abdel Haî Khalil Bey,bey,,C02036,Tissage Fin en Coton Egyptien (Usines Kafr El Dawar),Tissage Fin en coton égyptien (usine Kafr El Dawar),director,0,,,,21,840
3658,1950,P01413,Abdel Haî Khalil,Abdel Haî Khalil Bey,bey,,C01440,"Banque Misr, de la Société Misr de Filature","Banque Misr, de la Société Misr de Filature",director,0,,,,21,840
3659,1950,P01413,Abdel Haî Khalil,Abdel Haî Khalil Bey,bey,,C02816,"Tissage, S.A.E. (Méhalla el Kobra)","Tissage, S.A.E. (Méhalla el Kobra)",director,0,,,,21,840
3660,1950,P01414,Abdel Hamid Pacha Abdel Hakk,S.E. Abdel Hamid Pacha Abdel Hakk,,s.e.,C01915,Sté. Misr pour les Fourrages,Sté. Mi sr pour les Fourrages,president,0,,,,21,840
3661,1950,P01414,Abdel Hamid Pacha Abdel Hakk,S.E. Abdel Hamid Pacha Abdel Hakk,,s.e.,C00032,Banque Misr,Banque Misr,director,0,,,,21,840
3662,1950,P01414,Abdel Hamid Pacha Abdel Hakk,S.E. Abdel Hamid Pacha Abdel Hakk,,s.e.,C01674,National Metal Industries,National Metal Industries,president,0,,,,21,840
3663,1950,P01415,Abdel Hamid Abdel Meguid el Abd,Abdel Hamid Abdel Meguid el Abd,,,C02178,<<Engineering & Trading Enterprises,Engineering & Trading & Enterprises,director,0,,,,21,841
3664,1950,P00851,Abdel Hamid El Bannan,Abdel Hamid El Bannan Bey,bey,,C02406,"Fiat Oriente, S.A.E. de la Société pour la vente des Produits Egyptiens, S.A.E","Fiat Oriente, S.A.E. de la Société pour la vente des Produits Egyptiens, S.A.E",director,0,,,,21,841
3665,1950,P00851,Abdel Hamid El Bannan,Abdel Hamid El Bannan Bey,bey,,C02610,Société Mi sr des Tabacs et Cigarettes,Société Mi sr des Tabacs et Cigarettes,director,0,,,,21,841
3666,1950,P00851,Abdel Hamid El Bannan,Abdel Hamid El Bannan Bey,bey,,C01802,Société Egyptienne pour le Tannage,Société Egyptienne pour le Tannage,director,0,,,,21,841
3667,1950,P00851,Abdel Hamid El Bannan,Abdel Hamid El Bannan Bey,bey,,C01627,"Industrie du Cuir, S.A.E","Industrie du Cuir, S.A.E",director,0,,,,21,841
3668,1950,P00851,Abdel Hamid El Bannan,Abdel Hamid El Bannan Bey,bey,,C01858,Société des Autobus de Charkieh et Dakahlieh,Société des Autobus de Charkieh et Dakahlieh,director,0,,,,21,841
3669,1950,P01416,Abd El-Hamid El-Chérif,Abd El-Hamid El-Chérif Bey,bey,,C01591,-Général de la,-Général de la,manager,0,,,,21,841
3670,1950,P00300,Le Caire,Banque Misr Siège du Caire,,,C02174,-Dél~gué de The,-Dél~gué de The,director,0,,,,21,841
3671,1950,P01417,Représentations Shipping,Représentations Shipping,,,C02142,"'Administration de l'Egyptian Domestic & Foreign Trade Co., S.A.E","'Administration de l'Egyptian Domestic & Foreign Trade Co., S.A.E",president,0,,,,21,841
3672,1950,P01418,Abdel Hamid Fahmy,Abdel Hamid Fahmy,,,C01539,Egyptian Engineering & Marine Cy,Egyptian Engineering & Marine Co,director,0,,,,21,841
3673,1950,P01419,Abdel Hamid Fathi,Abdel Hamid Fathi Bey,bey,,C02307,Dehydration Co. of Egypt,Dehydration Co. of Egypt,director,0,,,,21,841
3674,1950,P01420,Abdel Hamid Ibrahim,Abdel Hamid Ibrahim,,,C02750,"Sté. des Industries du Bâtiment, S.A.E",Sté. des Industries du Bâtiment,director,0,,,,21,841
3675,1950,P01421,Abdel Hamid Kamal Bey Miralai,S.E. Abdel Hamid Kamal Bey Miralai,,s.e.,C01356,«Zama.»,«Zama»,director,0,,,,21,841
3676,1950,P01421,Abdel Hamid Kamal Bey Miralai,S.E. Abdel Hamid Kamal Bey Miralai,,s.e.,C01356,«Zama.»,«Zama»,manager,0,,,,21,841
3677,1950,P01422,Abdel Hamid Mahmoud Atallah,Abdel Hamid Mahmoud Atallah,,,C02714,Sté. Eg. Maritime Commerciale,Sté. Eg. Maritime Commerciale,director,0,,,,21,841
3678,1950,P01423,Abdel Hamid el Seno~ssi Mtre,Abdel Hamid el Seno~ssi Mtre,,,C01915,Sté. Misr pour les Fourrages,Sté. Misr pour les Fourrages,director,0,,,,21,841
3679,1950,P01424,Abdel Hamid Serag el Dine,Abdel Hamid Serag el Dine Bey,bey,,C02184,AK FAC,AK FAC,director,0,,,,21,841
3680,1950,P01425,Abdel Hamid Shawarby,S.E. Abdel Hamid Shawarby Bey,bey,s.e.,C02461,MISRAIR,Misrair,director,0,,,,21,841
3681,1950,P01426,Abdel Kawi Ahmed,S.E. Abdel Kawi Ahmed Pacha,pasha,s.e.,C02734,Sté. Indul' trielle et Commerciale de Matériaux de Constructions «AL NISR»,Sté. Indul' trielle et Commerciale de Matériaux de Constructions «AL NISR»,president,0,,,,21,841
3682,1950,P01426,Abdel Kawi Ahmed,S.E. Abdel Kawi Ahmed Pacha,pasha,s.e.,C02043,Transport & Engineering Cy,Transport & Engineering,president,0,,,,21,841
3683,1950,P01426,Abdel Kawi Ahmed,S.E. Abdel Kawi Ahmed Pacha,pasha,s.e.,C02043,Transport & Engineering Cy,Transport & Engineering,director,0,,,,21,841
3684,1950,P01426,Abdel Kawi Ahmed,S.E. Abdel Kawi Ahmed Pacha,pasha,s.e.,C02477,Menzaleh Canal (Shipping),Menzaleh Canal (Shipping),president,0,,,,21,841
3685,1950,P01427,Abdel Kerim Raouf,Abdel Kerim Raouf Bey,bey,,C02796,The Manu re Co. of Egypt (S.A.),The Manu re Co. of Egypt (S.A.),president,0,,,,21,841
3686,1950,P01428,Abdel Khalek Saber,Abdel Khalek Saber Bey,bey,,C02418,«Gerco»,Gerco,managing_director,0,,,,21,841
3687,1950,P01428,Abdel Khalek Saber,Abdel Khalek Saber Bey,bey,,C02042,Trading Corporation of Egypt,Trading Corporation of Egypt,managing_director,0,,,,21,841
3688,1950,P01429,Abdel Latif Bey Ghorbal,Abdel Latif Bey Ghorbal,,,C02446,"Industrie Meunière d'Alexandrie, Cairo Agricultural Co. et Oriental Bond Stores","Industrie Meunière d'Alexandrie, Cairo Agricultural Co. et Oriental Bond Stores",director,0,,,,21,841
3689,1950,P00856,Abdel Latif Moussa,Abdel Latif Moussa,,,C01961,"The Albert Mussa Agency ,& Stevedoring Co., S.A.E",The Albert Mussa Agency & Stevedoring Co. S.A.E,delegate,0,,,,21,841
3690,1950,P00857,Abdel Maksoud Ahmed,S.E. Abdel Maksud Ahmed Pacha,pasha,s.e.,C02614,"Société Misr pour la Filature et le Tissage, de la Société Misrd'Assurances, de la Société Misr pour le Tissage de la Soie, de la Société Misr de Navigation Maritime","Société Misr pour la Filature et le Tissage, de la Société Misrd'Assurances, de la Société Misr pour le Tissage de la Soie, de la Société Misr de Navigation Maritime",president,0,,,,21,842
3691,1950,P00857,Abdel Maksoud Ahmed,S.E. Abdel Maksud Ahmed Pacha,pasha,s.e.,C02614,"Société Misr pour la Filature et le Tissage, de la Société Misrd'Assurances, de la Société Misr pour le Tissage de la Soie, de la Société Misr de Navigation Maritime","Société Misr pour la Filature et le Tissage, de la Société Misrd'Assurances, de la Société Misr pour le Tissage de la Soie, de la Société Misr de Navigation Maritime",vice_president,0,,,,21,842
3692,1950,P00857,Abdel Maksoud Ahmed,S.E. Abdel Maksud Ahmed Pacha,pasha,s.e.,C02614,"Société Misr pour la Filature et le Tissage, de la Société Misrd'Assurances, de la Société Misr pour le Tissage de la Soie, de la Société Misr de Navigation Maritime","Société Misr pour la Filature et le Tissage, de la Société Misrd'Assurances, de la Société Misr pour le Tissage de la Soie, de la Société Misr de Navigation Maritime",managing_director,0,,,,21,842
3693,1950,P00857,Abdel Maksoud Ahmed,S.E. Abdel Maksud Ahmed Pacha,pasha,s.e.,C00032,Banque Misr,Banque Misr,president,0,,,,21,842
3694,1950,P00857,Abdel Maksoud Ahmed,S.E. Abdel Maksud Ahmed Pacha,pasha,s.e.,C00032,Banque Misr,Banque Misr,vice_president,0,,,,21,842
3695,1950,P00857,Abdel Maksoud Ahmed,S.E. Abdel Maksud Ahmed Pacha,pasha,s.e.,C00032,Banque Misr,Banque Misr,managing_director,0,,,,21,842
3696,1950,P00612,Syrie-Liban,Syrie-Liban,,,C01450,"Beida Dyers, S.A.E","Beida Dyers, S.A.E",director,0,,,,21,842
3697,1950,P01430,Abdel Maksud Hamza,Abdel Maksud Hamza,,,C02444,"The Industrial & Mechanical Supplies Co., S.A.E",Industrial & Mechanical Supplies Co,director,0,,,,21,842
3698,1950,P01431,Abdel Malel{ Hamza,Abdel Malel{ Hamza Bey,bey,,C02112,"«Al Chark""",«Al-Chark»,manager,0,,,,21,842
3699,1950,P01431,Abdel Malel{ Hamza,Abdel Malel{ Hamza Bey,bey,,C01604,Gouvernement aux Sucreries,Gouvernement aux Sucreries,auditor,0,,,,21,842
3700,1950,P01431,Abdel Malel{ Hamza,Abdel Malel{ Hamza Bey,bey,,C02829,"Upper Egypt Mining Cy., et Cairo Land & Financial Co","Upper Egypt Mining Cy., et Cairo Land & Financial Co",president,0,,,,21,842
3701,1950,P01431,Abdel Malel{ Hamza,Abdel Malel{ Hamza Bey,bey,,C02829,"Upper Egypt Mining Cy., et Cairo Land & Financial Co","Upper Egypt Mining Cy., et Cairo Land & Financial Co",director,0,,,,21,842
3702,1950,P01431,Abdel Malel{ Hamza,Abdel Malel{ Hamza Bey,bey,,C02059,Zagazig Cotton & Oil Cy,Zagazig Cotton & Oil Cy,director,0,,,,21,842
3703,1950,P01432,Abdel Meguid Abdel Hakk,Abdel Meguid Abdel Hakk,,,C01915,Sté. Misr pour les Fourrages,Sté. Misr pour les Fourrages,director,0,,,,21,842
3704,1950,P01433,Abdel Meguid Badr,S.E. Abdel Meguid Badr Pacha,pasha,s.e.,C02043,Transport & Engineering Cy,Transport & Engineering Co,director,0,,,,21,842
3705,1950,P01434,Abdel Meguid Ismail Barakat,Abdel Meguid Ismail Barakat,,,C02262,Cherif Cotton & Trading Co,Cherif Cotton & Trading Co,vice_president,0,,,,21,842
3706,1950,P00859,Abdel Meguid Magued,Abdel Meguid Magued Bey,bey,,C02602,Société Foncièred'Egypte,Société Foncièred'Egypte,director,0,,,,21,842
3707,1950,P00860,Abdel Meguid Radouan,Abdel Meguid Radouan Bey,bey,,C00563,"Société Egyptienne pour le Développement et le Commerce des Légumes, Fruits et Fleurs","Société Egyptienne pour le Développement et le Commerce des Légumes, Fruits et Fleurs",director,0,,,,21,842
3708,1950,P01435,Abdel Messih Georges B,Abdel Messih Georges B,,,C02710,Sté. Commerciale Belgo Egyptienne,Sté. Commerciale Belgo Egyptienne,director,0,,,,21,842
3709,1950,P00530,Sabry Hussein,Abdel Moneim Abou Hussein,,,C01537,Egyptian Domestic & Foreign Trade Cy,Egyptian Domestic & Foreign Trade Cy,director,0,,,,21,842
3710,1950,P01436,Abdel Moneim Khafagui,Abdel Moneim Khafagui,,,C01915,Sté. Misr pour les Fourrages,Sté. Misr pour les Fourrages,director,0,,,,21,842
3711,1950,P01436,Abdel Moneim Khafagui,Abdel Moneim Khafagui,,,C01915,Sté. Misr pour les Fourrages,Sté. Misr pour les Fourrages,general_manager,0,,,,21,842
3712,1950,P01436,Abdel Moneim Khafagui,Abdel Moneim Khafagui,,,C01930,Sté. des Autobus du Nord,Sté Autobus du Nord,director,0,,,,21,842
3713,1950,P00862,Abdel Rahman Aly,S.E. Abdel Rahman Aly Pacha,pasha,s.e.,C00064,Crédit Agricole d'Egypte,Crédit Agricole d'Egypte,president,0,,,,21,842
3714,1950,P00862,Abdel Rahman Aly,S.E. Abdel Rahman Aly Pacha,pasha,s.e.,C00064,Crédit Agricole d'Egypte,Crédit Agricole d'Egypte,director,0,,,,21,842
3715,1950,P00863,Abdel Rahman el Bialy,S.E. Abdel Rahman el Bialy Bey,bey,s.e.,C02336,Dél. Sté. Biens de Rapports à'Egypte,Dél. Sté. Biens de Rapports à'Egypte,president,0,,,,21,842
3716,1950,P00863,Abdel Rahman el Bialy,S.E. Abdel Rahman el Bialy Bey,bey,s.e.,C02336,Dél. Sté. Biens de Rapports à'Egypte,Dél. Sté. Biens de Rapports à'Egypte,director,0,,,,21,842
3717,1950,P00863,Abdel Rahman el Bialy,S.E. Abdel Rahman el Bialy Bey,bey,s.e.,C02144,'Administration de la Commercial Bank of Egypt,'Administration de la Commercial Bank of Egypt,president,0,,,,21,842
3718,1950,P00863,Abdel Rahman el Bialy,S.E. Abdel Rahman el Bialy Bey,bey,s.e.,C02338,Dél. United,Dél. United,director,0,,,,21,842
3719,1950,P01437,United Enterprises,Enterprises,,,C02450,"Jardins & Vignobles d'Egypte, Commercial Insurance Cy. of Egypt","Jardins & Vignobles d'Egypte, Commercial Insurance Cy. of Egypt",director,0,,,,21,842
3720,1950,P00168,Abdel Rahman Fayed,Abdel Rahman Fayed,,,C02863,«.Koldair» Refrigeration & Air Conditioning Co. of Egypt,«.Koldair» Refrigeration & Air Conditioning Co. of Egypt,managing_director,0,,,,21,842
3721,1950,P00169,Abdel Rahman Hamada,S.E. Abdel Rahman Hamada Pacha,pasha,s.e.,C01913,Sté. Misr de Filature,Sté. Misr pour la Filature et le,managing_director,0,,,,21,842
3722,1950,P01438,Abdel Rahman Loutfi,S.E. Abdel Rahman Loutfi Pacha,pasha,s.e.,C02332,Dél. Port-Said Engineering Works,Dél. Port-Said Engineering Works,director,0,,,,21,843
3723,1950,P01439,Abdel Rahman Nour,Abdel Rahman Nour Bey,bey,,C02678,Sté Misr pour l'Industrie Pharmaceutique,Sté. Misr Industrie Pharmaceutique,director,0,,,,21,843
3724,1950,P01440,Abdel Rahman Nosseir,Abdel Rahman Nosseir Bey,bey,,C02357,Eg. Works & Construction,Eg. Works & Construction,director,0,,,,21,843
3725,1950,P01441,Abdel Raouf Alamy,Abdel Raouf Alamy Bey,bey,,C02476,Menzaleh Canal & Navigation et Menzaleh Canal ( Shipping),Menzaleh Canal & Navigation et Menzaleh Canal ( Shipping),managing_director,0,,,,21,843
3726,1950,P01442,Abdel Raouf Zaki,Abdel Raouf Zaki Bey,bey,,C00131,Salonica Cigarette Co,Salonica Cigarettes Co,director,0,,,,21,843
3727,1950,P00617,Abdel Razzak Aboul Kheir,S.E. Abdel Razzak Aboul Kheir Pacha,pasha,s.e.,C02312,Douanes Egyptiennes,Douanes Egyptiennes,general_manager,0,,,,21,843
3728,1950,P00617,Abdel Razzak Aboul Kheir,S.E. Abdel Razzak Aboul Kheir Pacha,pasha,s.e.,C01966,The Alexandria Cotton Trading Co,Alexandria Cotton Trading Co,vice_president,0,,,,21,843
3729,1950,P00617,Abdel Razzak Aboul Kheir,S.E. Abdel Razzak Aboul Kheir Pacha,pasha,s.e.,C02347,EGYCO,EGYCO,director,0,,,,21,843
3730,1950,P00617,Abdel Razzak Aboul Kheir,S.E. Abdel Razzak Aboul Kheir Pacha,pasha,s.e.,C00030,Banque Belge et Internationale en Egypte,Banque Belge et Internationale en Egypte,director,0,,,,21,843
3731,1950,P00617,Abdel Razzak Aboul Kheir,S.E. Abdel Razzak Aboul Kheir Pacha,pasha,s.e.,C00552,Société Egyptienne des Industries Textiles,Société Egyptienne des Industries Textiles,director,0,,,,21,843
3732,1950,P00617,Abdel Razzak Aboul Kheir,S.E. Abdel Razzak Aboul Kheir Pacha,pasha,s.e.,C01897,"Sté Eg. des Etablissements Bolanachi-Distillerie, S.A.E","Sté Eg. des Etablissements Bolanachi-Distillerie, S.A.E",director,0,,,,21,843
3733,1950,P00617,Abdel Razzak Aboul Kheir,S.E. Abdel Razzak Aboul Kheir Pacha,pasha,s.e.,C02472,Matexa,Matexa,director,0,,,,21,843
3734,1950,P00864,Abdel Razzak Aly Hamed,Abdel Razzak Aly Hamed,,,C01883,Sté. Al Chark pour la Filature et le Tissage,Sté. Al Chark pour la Filature et Tissage,director,0,,,,21,843
3735,1950,P00865,Abdel Rehim Helmi,Abdel Rehim Helmi,,,C01652,Marsa Matrouh Salt & Potash Cy,Marsa Matrouh Salt & Potash Cy,director,0,,,,21,843
3736,1950,P00865,Abdel Rehim Helmi,Abdel Rehim Helmi,,,C02264,"Cie d'Assurances Générales sur la vie, Branche d'Alexandrie. Abdel Salam el Gaya r, A dm. Rizerie Egyptienne Moderne","Cie d'Assurances Générales sur la vie, Branche d'Alexandrie. Abdel Salam el Gaya r, A dm. Rizerie Egyptienne Moderne",manager,0,,,,21,843
3737,1950,P01443,Abflel Salam El-Shazli,S.E. Abflel Salam El-Shazli Pacha,pasha,s.e.,C02279,Commercial Insur2.nce Cy,Commercial Insur2.nce Cy,president,0,,,,21,843
3738,1950,P01444,Abdel Salam Mahmoud,Abdel Salam Mahmoud Bey,bey,,C02354,Eg. Delta Light Rys,Eg. Delta Light Rys,director,0,,,,21,843
3739,1950,P00866,Abdel Wahab Abd Rabbo,Abdel Wahab Abd Rabbo,,,C01883,Sté. Al Chark pour la Filature et le Tissage,Sté. Al Chark Filature Tissage,director,0,,,,21,843
3740,1950,P00867,Abdel Wahab Talaat,S.E. Abdel Wahab Talaat Pacha,pasha,s.e.,C01908,"Sté. Générale de Placement Financie,l' et Industriel",Sté. Générale de Placement Financier et Industriel,president,0,,,,21,844
3741,1950,P00867,Abdel Wahab Talaat,S.E. Abdel Wahab Talaat Pacha,pasha,s.e.,C02141,'Administration de The National Cotton Cy,'Administration de The National Cotton Cy,vice_president,0,,,,21,844
3742,1950,P01445,Abdou Mohamed El Tawil,Abdou Mohamed El Tawil,,,C02573,Selected Textile Industries Ass,Selected Textile Industries,director,0,,,,21,844
3743,1950,P01445,Abdou Mohamed El Tawil,Abdou Mohamed El Tawil,,,C02168,-Dél. Union des Commerçants en Textile,-Dél. Union des Commerçants en Textile,director,0,,,,21,844
3744,1950,P01445,Abdou Mohamed El Tawil,Abdou Mohamed El Tawil,,,C02687,Sté. ROLNY,Sté. ROLNY,director,0,,,,21,844
3745,1950,P00869,Aboul Ela Aly Mohayessin El Hag,Aboul Ela Aly Mohayessin El Hag,,,C00606,Société des Omnibus de Fayoum,Société des Omnibus de Fayoum,director,0,,,,21,844
3746,1950,P00869,Aboul Ela Aly Mohayessin El Hag,Aboul Ela Aly Mohayessin El Hag,,,C01857,Société des Autobus de Charkieh,Société des Autobus de Charkieh,director,0,,,,21,844
3747,1950,P00869,Aboul Ela Aly Mohayessin El Hag,Aboul Ela Aly Mohayessin El Hag,,,C02813,The Upper Bus Co. S.A.E,The Upper Bus Co. S.A.E,director,0,,,,21,844
3748,1950,P01446,Aboul Ela Hanafi,Aboul Ela Hanafi Bey,bey,,C02709,"Sté. Bolanachi, de la Sté Commerciale et Financière «Al Masria»","Sté. Bolanachi, de la Sté Commerciale et Financière «Al Masria»",president,0,,,,21,844
3749,1950,P01446,Aboul Ela Hanafi,Aboul Ela Hanafi Bey,bey,,C00358,"Egyptian \\'orks & Constructions Co., S.A.E",Egyptiàn Work & Construction,vice_president,0,,,,21,844
3750,1950,P01446,Aboul Ela Hanafi,Aboul Ela Hanafi Bey,bey,,C02125,«Nemco»,«Nemco»,director,0,,,,21,844
3751,1950,P01446,Aboul Ela Hanafi,Aboul Ela Hanafi Bey,bey,,C02692,Sté. des Engrais Organiques,Sté. des Engrais Organiques,director,0,,,,21,844
3752,1950,P00171,Aboul Ela Mahmoud,Aboul Ela Mahmoud,,,C01802,Société Egyptienne pour le Tannage,Société Egyptienne pour le Tannage,director,0,,,,21,844
3753,1950,P00171,Aboul Ela Mahmoud,Aboul Ela Mahmoud,,,C01627,"Industrie du Cuir, S.A.E","Industrie du Cuir, S.A.E",director,0,,,,21,844
3754,1950,P01447,Aboul Fath Ahmed,Aboul Fath Ahmed,,,C02713,Sté. Eg. de Divulgation,Sté. Eg. Divulgation,vice_president,0,,,,21,844
3755,1950,P01448,Misri»,Misri»,,,C01359,"Al Chark, Société d'Entreprises Générales",«Al Chark» Sté. d'Entreprises Générales,president,0,,,,21,844
3756,1950,P01448,Misri»,Misri»,,,C02277,Commercial Bank of Egypt~ de la Sté. Industrielle du Moyen-Orient,Commercial Bank of Egypt~ de la Sté. Industrielle du Moyen-Orient,director,0,,,,21,844
3757,1950,P00530,Sabry Hussein,Aboul Fath Hussein Bey,bey,,C02246,"Bottling Co. of Tantah, Electrical Development Co. of Egypt","Bottling Co. of Tantah, Electrical Development Co. of Egypt",vice_president,0,,,,21,844
3758,1950,P00530,Sabry Hussein,Aboul Fath Hussein Bey,bey,,C02246,"Bottling Co. of Tantah, Electrical Development Co. of Egypt","Bottling Co. of Tantah, Electrical Development Co. of Egypt",director,0,,,,21,844
3759,1950,P00530,Sabry Hussein,Aboul Fath Hussein Bey,bey,,C01581,Frosted Food & Cold Stora~e Cy,Frosted Food & Cold Storage Cy,vice_president,0,,,,21,844
3760,1950,P00530,Sabry Hussein,Aboul Fath Hussein Bey,bey,,C01581,Frosted Food & Cold Stora~e Cy,Frosted Food & Cold Storage Cy,director,0,,,,21,844
3761,1950,P01449,Aboul Fath Mohamed,Aboul Fath Mohamed,,,C02713,Sté. Eg. de Divulgation,Sté. Eg. de Divulgation,director,0,,,,21,844
3762,1950,P00871,About 1Wafa Dunkol El Hag,Aboul Wafa Dunkol El Hag,,,C02031,"The Upper Egypt Bus Co., S.A.E",The Upper Egypt Bus Co. S.A.E,director,0,,,,21,844
3763,1950,P01450,Abou Seif Radi,Abou Seif Radi Bey,bey,,C02706,Sté. Assurances «Al Chark»,Sté. Assurances «Al Chark»,director,0,,,,21,844
3764,1950,P01451,Aboussouan Jean,Aboussouan Jean,,,C01676,National Starch Cy,National Starch Co,director,0,,,,21,844
3765,1950,P01452,Aboussouan Reffie,Aboussouan Reffie,,,C01676,National Starch Cy,National Starch Co,managing_director,0,,,,21,844
3766,1950,P00872,Abram Joseph,Abram Joseph,,,C01354,«Sibur)),«Sibur»,director,0,,,,21,844
3767,1950,P01453,Acher Mtre. Sam,Acher Mtre. Sam,,,C02157,-Dél. Astra et Halles Centrales d'Egypte,-Dél. Astra et Halles Centrales d'Egypte,director,0,,,,21,844
3768,1950,P01454,Publique,Publique,,,C01094,Société du Crédit AlPxandrin,Crédit Alexandrin,vice_president,0,,,,21,844
3769,1950,P00873,Achour Ahmed Ahmed Dr,Achour Ahmed Ahmed Dr,,,C02484,Misr Engineering Works & Transport Co,Misr Engineering Works & Transport Co,managing_director,0,,,,21,844
3770,1950,P01455,Adam Vladimir,Adam Vladimir,,,C02048,"The United Storage Navigati,on & Commercial Cy",United Storage Navigation & Commercial Cy,director,0,,,,21,844
3771,1950,P01456,Adda Abramino F,Adda Abramino F,,,C02350,"Eastern Export Co., S.A.E","Eastern Export Co., S.A.E",president,0,,,,21,844
3772,1950,P01456,Adda Abramino F,Adda Abramino F,,,C02369,Egyptian Flax & Textile Cy,Egyptian Flax & Textile Cy,director,0,,,,21,844
3773,1950,P01456,Adda Abramino F,Adda Abramino F,,,C00126,S. A. des Immeubles de l'Est,S.A. Immeubles de l'Est,director,0,,,,21,844
3774,1950,P01457,Adda Me. Charles,Adda Me. Charles,,,C02788,The Egyptian Neon Lights Co. S.A.E,The Egyptian Neon Lights Co. S.A.E,vice_president,0,,,,21,844
3775,1950,P01457,Adda Me. Charles,Adda Me. Charles,,,C01431,Astra et Halles Centrales d'Egypte,Astra et Halles Centrales d'Egypte,director,0,,,,21,844
3776,1950,P00007,Adda Fernand C.A,Adda Fernand C.A,,,C02549,S.A. des Immeubles de l'E~t,S.A. des Immeubles de l'E~t,director,0,,,,21,845
3777,1950,P00007,Adda Fernand C.A,Adda Fernand C.A,,,C00071,Eastern Export Cy,Eastern Export Co,director,0,,,,21,845
3778,1950,P00008,Adda Joseph A,Adda Joseph A,,,C00071,Eastern Export Cy,Eastern Export Co,director,0,,,,21,845
3779,1950,P00008,Adda Joseph A,Adda Joseph A,,,C00086,The Gharbieh Land Co,Gharbieh Land Co,director,0,,,,21,845
3780,1950,P00008,Adda Joseph A,Adda Joseph A,,,C00212,The Egyptian Enterprise & Development Co,Egyptian Enterprise & Development Co,director,0,,,,21,845
3781,1950,P00008,Adda Joseph A,Adda Joseph A,,,C00481,S.A.E. Carba,S.A.E. Carb a,director,0,,,,21,845
3782,1950,P00008,Adda Joseph A,Adda Joseph A,,,C00126,S. A. des Immeubles de l'Est,S.A. Immeubles de l'Est,director,0,,,,21,845
3783,1950,P01458,Adda Me. René,Adda Me. René,,,C02844,du· Conseil d'Administration de la S.A. des,du· Conseil d'Administration de la S.A. des,member,0,,,,21,845
3784,1950,P01459,Adda Robert J,Adda Robert J,,,C02370,"Egyptian Flax & Textile Cy. et Eastern Export Cy."", S.A.E","Egyptian Flax & Textile Cy. et Eastern Export Cy."", S.A.E",director,0,,,,21,845
3785,1950,P00876,Adda Victor A,Adda Victor A,,,C02548,S.A. des Immeubles de l'Est et Egyptian Flax & Textile Cy,S.A. des Immeubles de l'Est et Egyptian Flax & Textile Cy,president,0,,,,21,845
3786,1950,P00876,Adda Victor A,Adda Victor A,,,C02640,Sté An on. du Béhéra,Sté An on. du Béhéra,vice_president,0,,,,21,845
3787,1950,P00876,Adda Victor A,Adda Victor A,,,C01904,Sté. Egyptienne pour la Fabrication,Sté Egyptienne pour la Fabrication,president,0,,,,21,845
3788,1950,P00876,Adda Victor A,Adda Victor A,,,C01904,Sté. Egyptienne pour la Fabrication,Sté Egyptienne pour la Fabrication,managing_director,0,,,,21,845
3789,1950,P00876,Adda Victor A,Adda Victor A,,,C01567,Exportation des Conserves,Exportation des Conserves,president,0,,,,21,845
3790,1950,P00876,Adda Victor A,Adda Victor A,,,C01567,Exportation des Conserves,Exportation des Conserves,managing_director,0,,,,21,845
3791,1950,P00876,Adda Victor A,Adda Victor A,,,C01870,Sté. Agricole et Fermière «Fermagn,Sté. Agricole et Fermière «Fermag»,director,0,,,,21,845
3792,1950,P01460,Adel Wahba Awad,Adel Wahba Awad,,,C02649,Sté. Cotonnière d'Egypte,Sté. Cotonnière d'Egypte,director,0,,,,21,845
3793,1950,P01196,Mohamed Abbas Rached,Adel Rached,,,C02253,Centre commission Al Chark Trading Co,Centre commission Al Chark Trading Co,director,0,,,,21,845
3794,1950,P00877,A.dès Clément N,A.dès Clément N,,,C01793,"Société Egyptienne de Tissage et Tricotage, S.A.E","Société Egyptienne de Tissage et Tricotage, S.A.E",director,0,,,,21,845
3795,1950,P00877,A.dès Clément N,A.dès Clément N,,,C02212,"Alexandria Racing Club, S.A.E., de l'Egyptian Mining & Prospecting Co. S.A.E","Alexandria Racing Club, S.A.E. et Egyptian Mining & Prospecting Co",director,0,,,,21,845
3796,1950,P00621,Adès Emile N,Adès Emile D,,,C00016,Alexandria Insurance Co,"The Alexandria Insurance Co., S.A.E",director,0,,,,21,845
3797,1950,P00621,Adès Emile N,Adès Emile D,,,C02182,"A lexandria Racing Club, S.A.E. q","A lexandria Racing Club, S.A.E. q",director,0,,,,21,845
3798,1950,P00621,Adès Emile N,Adès Emile N,,,C00742,Usines Textiles Al-Kahira,Usines Textiles «Al Kahira» S.A.E,vice_president,0,,,,21,845
3799,1950,P00621,Adès Emile N,Adès Emile N,,,C01319,Alexandria Racing,Alexandria Racing,director,0,,,,21,845
3800,1950,P00179,Adès Gaston N,Adès Gaston N,,,C01793,"Société Egyptienne de Tissage et Tricotage, S.A.E",Société Egyptienne de Tissage et Tricotage. S.A.E,managing_director,0,,,,21,845
3801,1950,P00623,Dr. Afifi Hafez,S.E. Dr. Afifi Hafez Pacha,pasha,s.e.,C02613,"Société Misr pour la Filature et le Tissage, de la Société Misr pour la Rayonne, de la Société Misr pour le Tissage de la","Société Misr pour la Filature et le Tissage, de la Société Misr pour la Rayonne, de la Société Misr pour le Tissage de la",president,0,,,,21,845
3802,1950,P00623,Dr. Afifi Hafez,S.E. Dr. Afifi Hafez Pacha,pasha,s.e.,C02613,"Société Misr pour la Filature et le Tissage, de la Société Misr pour la Rayonne, de la Société Misr pour le Tissage de la","Société Misr pour la Filature et le Tissage, de la Société Misr pour la Rayonne, de la Société Misr pour le Tissage de la",managing_director,0,,,,21,845
3803,1950,P01461,Beyrouth,Beyrouth,,,C00065,Crédit Foncier Egyptien,Crédit Foncier Egyptien,director,0,,,,21,845
3804,1950,P01462,Afifi Mohamed,Afifi Mohamed Bey,bey,,C02834,« Wattcoe »,Wattcoe,president,0,,,,21,846
3805,1950,P01462,Afifi Mohamed,Afifi Mohamed Bey,bey,,C02834,« Wattcoe »,Wattcoe,managing_director,0,,,,21,846
3806,1950,P01462,Afifi Mohamed,Afifi Mohamed Bey,bey,,C02427,Grands Comptoirs d'Egypte,Grands Comptoirs d'Egypte,director,0,,,,21,846
3807,1950,P00879,Aghazarm J. Me,Aghazarm J. Me,,,C02048,"The United Storage Navigati,on & Commercial Cy",United Storage Navigation & Commercial Co,director,0,,,,21,846
3808,1950,P00011,Aghion Gustave,Aghion Gustave,,,C00016,Alexandria Insurance Co,The Alexandria Insurance Co,director,0,,,,21,846
3809,1950,P00011,Aghion Gustave,Aghion Gustave,,,C01607,Grands Hôtels d'Egypte (Ex Nungovitch),Grands Hôtels d'Egypte (Ex Nungovitch),director,0,,,,21,846
3810,1950,P00011,Aghion Gustave,Aghion Gustave,,,C01112,Sté. Eg. d'Entreprises Urbaines et Rurales,Sté d'Entreprises Urbaines et Rurales,director,0,,,,21,846
3811,1950,P01463,Aghion Henry,Aghion Henry,,,C02588,Société Bolanachi-Distillerie et Sté Foncière Domaine Cheikh Fadl,Société Bolanachi-Distillerie et Sté Foncière Domaine Cheikh Fadl,director,0,,,,21,846
3812,1950,P00010,Aghion Max César,Aghion Max César,,,C02601,Société F'ranco-Egyptienne d'Importation S.A.E,Société F'ranco-Egyptienne d'Importation S.A.E,president,0,,,,21,846
3813,1950,P00010,Aghion Max César,Aghion Max César,,,C02853,lateur de la Société Egyptienne d'Entreprises Urbaines et Rurales,lateur de la Société Egyptienne d'Entreprises Urbaines et Rurales,president,0,,,,21,846
3814,1950,P00010,Aghion Max César,Aghion Max César,,,C02558,S.A.E. d'Urbanisme «Hadaek el Ahram» (Pyramids Gardens),S.A.E. d'Urbanisme «Hadaek el Ahram» (Pyramids Gardens),president,0,,,,21,846
3815,1950,P01464,Aghion Yvonne,Aghion Yvonne,,,C01907,Sté. Franco-Egyptienne d'Importation,Sté. Franco-Egyptienne d'Importation,director,0,,,,21,846
3816,1950,P00880,Agnew Andrew,Agnew Andrew,,,C02226,The Anglo-Egyptian OH- fields,The Anglo-Egyptian OH- fields,director,0,,,,21,846
3817,1950,P01465,Ahmed Bey Ibrahim Atallah,Ahmed Bey Ibrahim Atallah,,,C02095,"la«Almina>>,S.A.E","«Almina», S.A.E",president,0,,,,21,846
3818,1950,P01466,Ahmed Aziz El Barkould,Ahmed Aziz El Barkould,,,C02824,United Cold Storage,United Cold Storage,director,0,,,,21,846
3819,1950,P00881,Ahmed Fahmy Hanafi,Ahmed Fahmy Hanafi Bey,bey,,C02048,"The United Storage Navigati,on & Commercial Cy",United Storage Navigation & Commercial Cy,director,0,,,,21,846
3820,1950,P01467,Ahmed Abdel Ghaffar,Ahmed Abdel Ghaffar Bey,bey,,C01924,Sté Usines el Chourbagui,Sté. «Usines Chourbagui»,director,0,,,,21,846
3821,1950,P01468,Ahmed Hamdi Pacha Lewa,S.E. Ahmed Hamdi Pacha Lewa,,s.e.,C02255,Centrocommission Al Chark Trading Co,Centrocommission Al Chark Trading Co,president,0,,,,21,846
3822,1950,P01469,Ahmed Hamdi Mahboub,S.E. Ahmed Hamdi Mahboub Pacha,pasha,s.e.,C02047,United Enterprises,United Enterprises,president,0,,,,21,846
3823,1950,P01470,Ahmed Helmi Abdel Baki,S.E. Ahmed Helmi Abdel Baki Pacha,pasha,s.e.,C02362,"Egyptian Arab Bank, S.A.E","Egyptian Arab Bank, S.A.E",president,0,,,,21,846
3824,1950,P01471,Dr. Ahmed Hilmy,S.E. Dr. Ahmed Hilmy Pacha,pasha,s.e.,C02803,The Near East Pharmaceu- tical & Commercial Co. et Sté Eg. Financière pour le Commerce,The Near East Pharmaceu- tical & Commercial Co. et Sté Eg. Financière pour le Commerce,president,0,,,,21,846
3825,1950,P01471,Dr. Ahmed Hilmy,S.E. Dr. Ahmed Hilmy Pacha,pasha,s.e.,C00090,Industrie,Industrie,president,0,,,,21,846
3826,1950,P01472,Ahmed Hilmy Mahmoud,Ahmed Hilmy Mahmoud Bey,bey,,C02375,Egyptian Plastics & Electrical In- dustries,Egyptian Plastics & Electrical In- dustries,director,0,,,,21,846
3827,1950,P01472,Ahmed Hilmy Mahmoud,Ahmed Hilmy Mahmoud Bey,bey,,C01612,Grieve & Irwin Ltd,Grieve & Irwin Ltd,director,0,,,,21,846
3828,1950,P01465,Ahmed Bey Ibrahim Atallah,Ahmed Ibrahim Atallah Bey,bey,,C02751,Sté. des Salines de Port Said,Sté. des Salines de Port Said,director,0,,,,21,846
3829,1950,P01472,Ahmed Hilmy Mahmoud,Ahmed Mahmoud Bey,bey,,C01634,Jardins et Vignobles d'Egypte,Jardins et Vignobles d'Egypte,director,0,,,,21,846
3830,1950,P01473,Ahmed el Moghazi,Ahmed el Moghazi,,,C02854,l} Hôpital Fouad 1er,l} Hôpital Fouad 1er,director,0,,,,21,846
3831,1950,P01473,Ahmed el Moghazi,Ahmed el Moghazi,,,C02854,l} Hôpital Fouad 1er,l} Hôpital Fouad 1er,manager,0,,,,21,846
3832,1950,P01473,Ahmed el Moghazi,Ahmed el Moghazi,,,C01454,Building & Engineering Supplies Co,Building & Engineering Supplies,president,0,,,,21,846
3833,1950,P01474,Ahmed Mohamed Sid Ahmed,Ahmed Mohamed Sid Ahmed,,,C02315,Dél. Alexandria Textile Trading Co,Dél. Alexandria Textile Trading Co,director,0,,,,21,846
3834,1950,P01475,Ahmed Racheed Abdallah Bey Dr,Ahmed Racheed Abdallah Bey Dr,,,C02395,"F'ayoum Textile Cy., Sté. des Omnibus de Fayoum","F'ayoum Textile Cy., Sté. des Omnibus de Fayoum",director,0,,,,21,846
3835,1950,P01476,Ahmed Rouchdi El Gazzar,Ahmed Rouchdi El Gazzar Bey,bey,,C02492,N ear East Commercial Co,N ear East Commercial Co,director,0,,,,21,847
3836,1950,P01477,Ahmed Youssef el Gammal,S.E. Ahmed Youssef el Gammal Bey,bey,s.e.,C02266,Cie. Commerciale Cotonnière,Cie. Commerciale Cotonnière,vice_president,0,,,,21,847
3837,1950,P00883,Ahmed Youssef el Tawil,Ahmed Youssef el Tawil,,,C01557,El Tawil Spinning & Weaving Cy,El Tawil Spinning & Weaving Cy,president,0,,,,21,847
3838,1950,P01478,Aladin El Alaily,Aladin El Alaily Bey,bey,,C02835,Warehouses of Egy.pt,Warehouses of Egy.pt,director,0,,,,21,847
3839,1950,P01479,Aladjem Raphael,Aladjem Raphael,,,C00068,Dakahlieh Land Co,Dakahlieh Land Co,director,0,,,,21,847
3840,1950,P01480,Aldridge Léonard,Aldridge Léonard,,,C00912,Carrier-Egypt,Carrier-Egypt,president,0,,,,21,847
3841,1950,P00884,Alexane Alphonse,Alexane Alphonse Bey,bey,,C02785,The Egyptian Construction& Engineering Cy,The Egyptian Construction& Engineering Cy,vice_president,0,,,,21,847
3842,1950,P00885,Alexane Emile,Alexane Emile,,,C01386,Egyptian Company for- International Tracte«ECIT»,Egyptian Co. for International Trade «ECIT»,director,0,,,,21,847
3843,1950,P00885,Alexane Emile,Alexane Emile,,,C02875,«SEDEC»,«SEDEC»,director,0,,,,21,847
3844,1950,P00885,Alexane Emile,Alexane Emile,,,C02678,Sté Misr pour l'Industrie Pharmaceutique,Sté. Misr Industrie Pharmaceutique,director,0,,,,21,847
3845,1950,P00886,Alexane Farid,Alexane Farid,,,C01386,Egyptian Company for- International Tracte«ECIT»,Egyptian Co. for International Trade«ECIT»,director,0,,,,21,847
3846,1950,P01481,Allain André,Allain André,,,C00473,S.A. des Monts de Piété Egyptiens,S.A. des Monts de Piété Egyptiens,director,0,,,,21,847
3847,1950,P00019,Allam Mohamed,Allam Mohamed Bey,bey,,C00336,Crédit Hypothécaire Agricole d'Egypte,Crédit Hypothécaire Agricole d'Egypte,president,0,,,,21,847
3848,1950,P00019,Allam Mohamed,Allam Mohamed Bey,bey,,C00064,Crédit Agricole d'Egypte,Crédit Agricole d'Egypte,director,0,,,,21,847
3849,1950,P01482,Allan George W,Allan George W,,,C02387,Electrical Development Co,Electrical Development Co,director,0,,,,21,847
3850,1950,P00185,Allemann Georges,Allemann Georges,,,C00162,Société Egyptienne de la Bourse Commerciale de Minet El Bassal,Sociétê Egyptienne de la Bourse Commerciale de Minet el Bassal,president,0,,,,21,847
3851,1950,P00185,Allemann Georges,Allemann Georges,,,C00016,Alexandria Insurance Co,Alexandria Insurance,vice_president,0,,,,21,847
3852,1950,P00185,Allemann Georges,Allemann Georges,,,C02284,Conseil d'Administration de la National Bank of Egypt,Conseil d'Administration de la National Bank of Egypt,member,0,,,,21,847
3853,1950,P00185,Allemann Georges,Allemann Georges,,,C01942,surveillance de la «HAMATA MINING» Company,surveillance de la «HAMATA MINING» Company,council_member,0,,,,21,847
3854,1950,P00887,Almagià Vittorio,Almagià Vittorio,,,C02592,"Société Egyptienne d'Entreprises et Constructions ( S.E.D.E.C.), S.A.E",Société Egyptienne d'Entreprises et Constructions (S.E.D.E.C.),managing_director,0,,,,21,847
3855,1950,P00186,Alphandary Robert,Alphandary Robert,,,C00434,"Peltours, S. A. E","Peltours, S.A.E",managing_director,0,,,,21,847
3856,1950,P00888,Aly Ayoub,Aly Ayoub Bey,bey,,C00064,Crédit Agricole d'Egypte,Crédit Agricole d'Egypte,vice_president,0,,,,21,847
3857,1950,P00888,Aly Ayoub,Aly Ayoub Bey,bey,,C00064,Crédit Agricole d'Egypte,Crédit Agricole d'Egypte,director,0,,,,21,847
3858,1950,P01483,Aly Chouh:ri Khamis,Aly Chouh:ri Khamis,,,C01967,The Alexandria Life Insurance Co,The Alexandria Life Insurance Co,director,0,,,,21,847
3859,1950,P01483,Aly Chouh:ri Khamis,Aly Chouh:ri Khamis,,,C02203,The Alexandria Engineering Works,The Alexandria Engineering Works,director,0,,,,21,847
3860,1950,P01484,Aly Moafi,Aly Moafi,,,C01468,Chemical Industries Development,Chemical Industries Development,director,0,,,,21,847
3861,1950,P01485,Aly Mohamed El Kerdani Bey D.H.P,Aly Mohamed El Kerdani Bey D.H.P,,,C02612,Société Misr des Produits Pharmaceutiques,Société Misr des Produits Pharmaceutiques,vice_president,0,,,,21,847
3862,1950,P01485,Aly Mohamed El Kerdani Bey D.H.P,Aly Mohamed El Kerdani Bey D.H.P,,,C02612,Société Misr des Produits Pharmaceutiques,Société Misr des Produits Pharmaceutiques,managing_director,0,,,,21,847
3863,1950,P01486,Amad Farid,Amad Farid,,,C02388,Electrical Development Co. of Egypt,Electrical Development of Egypt,director,0,,,,21,847
3864,1950,P01486,Amad Farid,Amad Farid,,,C02874,«SE DEX» S.A.E,«SE DEX» S.A.E,director,0,,,,21,847
3865,1950,P00889,Ambache S,Ambache S,,,C01591,-Général de la,-Général de,managing_director,0,,,,21,847
3866,1950,P00187,Ambron Aldo,Ambron Aldo,,,C02858,"rUnion Alexandrine, Grand Officier de la Couronne d'Italie, Chevalier Saints Maurice et Lazare","rUnion Alexandrine, Grand Officier de la Couronne d'Italie, Chevalier Saints Maurice et Lazare",vice_president,0,,,,21,848
3867,1950,P00187,Ambron Aldo,Ambron Aldo,,,C02228,Aàministration de la Société Egyptienne d'Entreprises Urbaines et Rurales,Aàministration de la Société Egyptienne d'Entreprises Urbaines et Rurales,president,0,,,,21,848
3868,1950,P00187,Ambron Aldo,Ambron Aldo,,,C02592,"Société Egyptienne d'Entreprises et Constructions ( S.E.D.E.C.), S.A.E",Société Egyptienne d'Entreprises et Constructions (S.E.D.E.C.),president,0,,,,21,848
3869,1950,P01487,Ambrosetti Constantin,Ambrosetti Constantin,,,C02205,Alexandria Glass & Porcelain Factory,Alexandria Glass & Porcelain Co,director,0,,,,21,848
3870,1950,P01488,Ameli G,Ameli G,,,C02691,Sté de Publications Egyptiennes,Sté. Publications Egyptiennes,managing_director,0,,,,21,848
3871,1950,P01489,Amine Aly,Amine Aly,,,C02595,Société Egyptienne de Divulgation,Société Egyptienne de Divulgation,president,0,,,,21,848
3872,1950,P01490,Amine Anis,S.E. Amine Anis Pacha,pasha,s.e.,C01883,Sté. Al Chark pour la Filature et le Tissage,Sté. «Al Chark» pour la Filature et le Tissage,president,0,,,,21,848
3873,1950,P01491,Amine El Moghraby,Amine El Moghraby,,,C01509,la. Société Coopérative Commerciale de Crédit,Société Coopérative Commerciale de Crédit,director,0,,,,21,848
3874,1950,P01492,Amine Moustapha Bey Co-Propriétaire Journal «Akhbar el Yom»,Amine Moustapha Bey Co-Propriétaire Journal «Akhbar el Yom»,,,C02725,Sté. Egyptienne de Divulgation,Sté. Egyptienne de Divulgation,director,0,,,,21,848
3875,1950,P00890,S.S. le Nabil Amr Ibrahim,S.S. le Nabil Amr Ibrahim,,,C01386,Egyptian Company for- International Tracte«ECIT»,Egyptian Co. for International Trade «ECIT»,president,0,,,,21,848
3876,1950,P01493,Anastassalds Constantin J,Anastassalds Constantin J,,,C02340,Dél. United Egyptian Nile Transport Company,Dél. United Egyptian Nile Transport Company,director,0,,,,21,848
3877,1950,P01494,Ancona Albert,Ancona Albert,,,C02377,Egyptian Press Co,Egyptian Press Co,director,0,,,,21,848
3878,1950,P01495,Ancona Isaac,Ancona Isaac,,,C01876,"Sté. ""Bolanachi Distillerien",Sté. Bolanachi-Distillerie,director,0,,,,21,848
3879,1950,P00626,Andraus Elias,S.E. Andraus Elias Pacha,pasha,s.e.,C01450,"Beida Dyers, S.A.E","Beida Dyers, S.A.E",director,0,,,,21,848
3880,1950,P00626,Andraus Elias,S.E. Andraus Elias Pacha,pasha,s.e.,C01450,"Beida Dyers, S.A.E","Beida Dyers, S.A.E",managing_director,0,,,,21,848
3881,1950,P00626,Andraus Elias,S.E. Andraus Elias Pacha,pasha,s.e.,C02426,Gouvernement à la Cie. du Canal de Suez,Gouvernement à la Cie. du Canal de Suez,director,0,,,,21,848
3882,1950,P00626,Andraus Elias,S.E. Andraus Elias Pacha,pasha,s.e.,C02426,Gouvernement à la Cie. du Canal de Suez,Gouvernement à la Cie. du Canal de Suez,auditor,0,,,,21,848
3883,1950,P01496,Angelil Ernest,Angelil Ernest,,,C02778,The Angelil Trading Co,The Angelil Trading Co,manager,0,,,,21,848
3884,1950,P01497,Angelil Fernand,Angelil Fernand,,,C02778,The Angelil Trading Co,The Angelil Trading Co,manager,0,,,,21,848
3885,1950,P01498,Angelil Michel,Angelil Michel,,,C02282,Conseil Surveillance de The Angelil Trading Co,Conseil Surveillance Angelil Trading Co,member,0,,,,21,848
3886,1950,P01499,Angelil Oscar,Angelil Oscar,,,C02778,The Angelil Trading Co,The Angelil Trading Co,manager,0,,,,21,848
3887,1950,P01500,Antebi M. Mtre,Antebi M. Mtre,,,C02768,Textile Machinery Platt Bros. (Orient),Textile Machinery Platt Bros. (Orient),director,0,,,,21,848
3888,1950,P01501,Antoun Neguib,Antoun Neguib,,,C02151,- Dél. National Salt & Mining Co,- Dél. National Salt & Mining Co,director,0,,,,21,848
3889,1950,P01502,Anwar Ahmed Fouad,S.E. Anwar Ahmed Fouad Pacha,pasha,s.e.,C02215,"Alexandria Textile Co., Sté Eg. de Distillerie","Alexandria Textile Co., Sté Eg. de Distillerie",director,0,,,,21,848
3890,1950,P01502,Anwar Ahmed Fouad,S.E. Anwar Ahmed Fouad Pacha,pasha,s.e.,C02328,Dél. Imprimerie Misr,Dél. Imprimerie Misr,president,0,,,,21,848
3891,1950,P01502,Anwar Ahmed Fouad,S.E. Anwar Ahmed Fouad Pacha,pasha,s.e.,C02328,Dél. Imprimerie Misr,Dél. Imprimerie Misr,director,0,,,,21,848
3892,1950,P00891,Appel Emmanuel M,Appel Emmanuel M,,,C01424,The Anglo-Egyptian Mining Co,The Anglo-Egyptian Mining Co,president,0,,,,21,848
3893,1950,P00891,Appel Emmanuel M,Appel Emmanuel M,,,C02341,Dél. de The Smelting Co. (Egypt) S.A.E,Dél. de The Smelting Co. (Egypt) S.A.E,president,0,,,,21,848
3894,1950,P00891,Appel Emmanuel M,Appel Emmanuel M,,,C02341,Dél. de The Smelting Co. (Egypt) S.A.E,Dél. de The Smelting Co. (Egypt) S.A.E,director,0,,,,21,848
3895,1950,P00891,Appel Emmanuel M,Appel Emmanuel M,,,C02224,Anglo-Egyptian Chemical Industries,Anglo-Egyptian Chemical Industries,manager,0,,,,21,848
3896,1950,P01503,Arcache,Arcache,,,C01908,"Sté. Générale de Placement Financie,l' et Industriel",Sté. Gle. de Placement Financier et Industriel,director,0,,,,21,848
3897,1950,P01504,Arcache Raymond,Arcache Raymond,,,C02176,"-Propriét~ire des «Fabriques ""de Glaces et Entrepôts Frigorifiques»","-Propriét~ire des «Fabriques ""de Glaces et Entrepôts Frigorifiques»",director,0,,,,21,848
3898,1950,P01504,Arcache Raymond,Arcache Raymond,,,C02176,"-Propriét~ire des «Fabriques ""de Glaces et Entrepôts Frigorifiques»","-Propriét~ire des «Fabriques ""de Glaces et Entrepôts Frigorifiques»",manager,0,,,,21,848
3899,1950,P01505,Archibald C. N,Archibald C. N,,,C00074,The Egyptian Delta Land & Investment Cy,Egyptian Delta Land & Investment Co,director,0,,,,21,849
3900,1950,P01506,Ardizzone Andrea,Ardizzone Andrea,,,C02750,"Sté. des Industries du Bâtiment, S.A.E",Sté. des Industries du Bâtiment,director,0,,,,21,849
3901,1950,P01507,Arnaud Jules,Arnaud Jules,,,C02401,Fayoum Light Railways et Anglo Belgian Co. of Egypt,Fayoum Light Railways et Anglo Belgian Co. of Egypt,managing_director,0,,,,21,849
3902,1950,P01507,Arnaud Jules,Arnaud Jules,,,C00305,Cairo Land and Financial Co. S.A.E,Cairo Land & Financial Cy,managing_director,0,,,,21,849
3903,1950,P00894,Assaf Victor,Assaf Victor,,,C01741,S.A.E. de Capitalisation l'Epargne,S.A.E. de Capitalisation «L'Epargne»,director,0,,,,21,849
3904,1950,P00894,Assaf Victor,Assaf Victor,,,C01741,S.A.E. de Capitalisation l'Epargne,S.A.E. de Capitalisation «L'Epargne»,general_manager,0,,,,21,849
3905,1950,P01508,Assem Ismail,Assem Ismail,,,C01452,Béni Mazar Urbaine et Rurale,Beni Mazar Urbaine et Rurale,director,0,,,,21,849
3906,1950,P00896,Athénogènes Efthymios,Athénogènes Efthymios,,,C02636,Studios Al Ahram et Carver Cotton Co,Studios Al Ahram et Carver Cotton Co,director,0,,,,21,849
3907,1950,P00897,Atta El Ayoubi,Atta El Ayoubi Bey,bey,,C01437,Banque Misr (Syrie-Liban),Banque Misr Syrie-Liban,director,0,,,,21,849
3908,1950,P01509,Atallah Georges B,Atallah Georges B,,,C02299,Crédit d'Orient (Egypte),Crédit d'Orient (Egypte),director,0,,,,21,849
3909,1950,P01510,Atallah Moufid,Atallah Moufid Bey,bey,,C02553,S.A.E. «L'Epargne>>,S.A.E. L'Epargne,director,0,,,,21,849
3910,1950,P01511,Audi Ibrahim R,Audi Ibrahim R,,,C01911,Sté. Industrielle du Moyen Orient,Sté. Industrielle du Moyen Orient,director,0,,,,21,849
3911,1950,P00898,Auterbe Henry,Auterbe Henry,,,C02820,Union Vie de Paris,Union Vie de Paris,general_manager,0,,,,21,849
3912,1950,P00898,Auterbe Henry,Auterbe Henry,,,C00104,National Insurance Co. of Egypt,National Insurance Co. of Egypt,director,0,,,,21,849
3913,1950,P01512,Autrand Louis,Autrand Louis,,,C01695,Nouveaux Hôtels d'Egypte,Nouveaux Hôtels d'Egypte,liquidator,0,,,,21,849
3914,1950,P01512,Autrand Louis,Autrand Louis,,,C01695,Nouveaux Hôtels d'Egypte,Nouveaux Hôtels d'Egypte,president,0,,,,21,849
3915,1950,P01512,Autrand Louis,Autrand Louis,,,C01441,Banque Tepeghiosi & Co,Banque Tepeghiosi & Co,director,0,,,,21,849
3916,1950,P01512,Autrand Louis,Autrand Louis,,,C01550,Egyptian Rubber & Shoes Industry,Egyptian Rubber & Shoes Industry,director,0,,,,21,849
3917,1950,P00900,Avierino Homère,Avierino Homère,,,C01550,Egyptian Rubber & Shoes Industry,Egyptian Rubber & Shoes Industry,director,0,,,,21,849
3918,1950,P00900,Avierino Homère,Avierino Homère,,,C02358,Egyp- tian Sisal Manufacturing Cy,Egyp- tian Sisal Manufacturing Cy,director,0,,,,21,849
3919,1950,P01513,Avramoussi Evangel,Avramoussi Evangel,,,C01872,Studios Al Ahram,Studios Al Ahram,director,0,,,,21,849
3920,1950,P01514,Avril Marcel,Avril Marcel,,,C01911,Sté. Industrielle du Moyen Orient,Sté. Industrielle du Moyen-Orient,director,0,,,,21,849
3921,1950,P01515,Awad Hassan Awad,Awad Hassan Awad,,,C02649,Sté. Cotonnière d'Egypte,Sté. Cotonnière d'Egypte,director,0,,,,21,849
3922,1950,P01515,Awad Hassan Awad,Awad Hassan Awad,,,C02649,Sté. Cotonnière d'Egypte,Sté. Cotonnière d'Egypte,manager,0,,,,21,849
3923,1950,P01516,Awad Mohamed,Awad Mohamed Bey,bey,,C02376,"Egyptian Plastics & Electrical Industries, S.A.E",Egyptian Plastics & Electrical Industries,director,0,,,,21,849
3924,1950,P00901,Awre Gilbert Christopher,Awre Gilbert Christopher,,,C02841,"del'Eastern Co., S.A.E","del'Eastern Co., S.A.E",director,0,,,,21,849
3925,1950,P01517,Ayoub Charles Bey Me,Ayoub Charles Bey Me,,,C02294,"Crédit Alexandrin, Alexandria Glass & Porcelain Factor","Crédit Alexandrin, Alexandria Glass & Porcelain Factor",adviser,0,,,,21,849
3926,1950,P01517,Ayoub Charles Bey Me,Ayoub Charles Bey Me,,,C02294,"Crédit Alexandrin, Alexandria Glass & Porcelain Factor","Crédit Alexandrin, Alexandria Glass & Porcelain Factor",director,0,,,,21,849
3927,1950,P01518,Ayoub Georges Me,Ayoub Georges Me,,,C00356,Egyptian Independent Oil Co,The Egyptian Independent Oïl Co. S.A.E,managing_director,0,,,,21,849
3928,1950,P01518,Ayoub Georges Me,Ayoub Georges Me,,,C02569,"Sahel, S.A.E","Sahel, S.A.E",director,0,,,,21,849
3929,1950,P01518,Ayoub Georges Me,Ayoub Georges Me,,,C02773,The Alexandria Dehydration & Commercial Cy (S.A.E. en formation) Sté Eg. Minoterie et Silos,The Alexandria Dehydration & Commercial Cy (S.A.E. en formation) Sté Eg. Minoterie et Silos,director,0,,,,21,849
3930,1950,P01519,Ayres H.F,Ayres H.F,,,C02802,"The Na· tional Contracting Company of Egypt, S.A.E","The Na· tional Contracting Company of Egypt, S.A.E",managing_director,0,,,,21,849
3931,1950,P00903,Aziz Hassan,Aziz Hassan Bey,bey,,C02015,The North East Africa,The North East Africa,managing_director,0,,,,21,849
3932,1950,P00904,Azzam Chams el Dine Azzam,Azzam Chams el Dine Azzam,,,C02589,"Société Commerciale Ex-lmport, S.A.E","Société Commerciale Ex-lmport, S.A.E",president,0,,,,21,850
3933,1950,P00904,Azzam Chams el Dine Azzam,Azzam Chams el Dine Azzam,,,C01712,Rizerie Egyptienne Moderne,Rizerie Egyptienne Moderne,director,0,,,,21,850
3934,1950,P01520,Azzuz Michel,Azzuz Michel,,,C00426,"The National Ginning Co. of Egypt, S.A.E",National Ginning Co. of Egypt,director,0,,,,21,850
3935,1950,P01521,Bachour Wadih,Bachour Wadih,,,C01469,"Chemical, Industrial & Trading Gy","Chemical, Industrial & Trading Co",director,0,,,,21,850
3936,1950,P01521,Bachour Wadih,Bachour Wadih,,,C02620,Société Union Commerçants en Textiles et Alexandria Textile Trading Co,Société Union Commerçants en Textiles et Alexandria Textile Trading Co,managing_director,0,,,,21,850
3937,1950,P00002,Badaoui,S.E. Badaoui,,s.e.,C02663,"Sté Fouad 1er d'Economie Politique, de Statistique","Sté Fouad 1er d'Economie Politique, de Statistique",president,0,,,,21,850
3938,1950,P00002,Badaoui,S.E. Badaoui,,s.e.,C02459,Législation,Législation,president,0,,,,21,850
3939,1950,P00002,Badaoui,S.E. Badaoui,,s.e.,C00042,Cairo-Heliopolis,Cairo-Heliopolis,director,0,,,,21,850
3940,1950,P01522,Badaoui Mohamed Kamel,Badaoui Mohamed Kamel Bey,bey,,C01967,The Alexandria Life Insurance Co,Alexandria Life Insurance Co,director,0,,,,21,850
3941,1950,P01523,Badr-El-Dine Ibrahim Bey Ingénieur,Badr-El-Dine Ibrahim Bey Ingénieur,,,C01638,"The Khedivial Mail Line, S.A.E","Khedivial Mail Line, S.A.E",director,0,,,,21,850
3942,1950,P01523,Badr-El-Dine Ibrahim Bey Ingénieur,Badr-El-Dine Ibrahim Bey Ingénieur,,,C00186,Société des Biens de Rapport d'Egypte,Société des Biens de Rapportd'Egypte,director,0,,,,21,850
3943,1950,P01523,Badr-El-Dine Ibrahim Bey Ingénieur,Badr-El-Dine Ibrahim Bey Ingénieur,,,C00675,The Egyptian Land & Buildings Co,the Egyptian Land & Buildings Co,director,0,,,,21,850
3944,1950,P01523,Badr-El-Dine Ibrahim Bey Ingénieur,Badr-El-Dine Ibrahim Bey Ingénieur,,,C01502,Comptoir Commercial Economique,Comptoir Commercial Economique,director,0,,,,21,850
3945,1950,P00629,Baehler René,Baehler René,,,C00215,The Electric Light & Power Supply Cy,The Electric Light & Power Supply Co,director,0,,,,21,850
3946,1950,P00530,Sabry Hussein,Baba El Dine Hussein,,,C02414,Frosted Food & Cold Storage Co,Frosted Food & Cold Storage Co,director,0,,,,21,850
3947,1950,P00630,Bahari Tewfik,Bahari Tewfik,,,C00132,Sidi Salem Co,Sidi Salem Co,managing_director,0,,,,21,850
3948,1950,P00630,Bahari Tewfik,Bahari Tewfik,,,C00132,Sidi Salem Co,Sidi Salem Co,general_manager,0,,,,21,850
3949,1950,P01524,Bahgat Badaotù,Bahgat Badaotù Bey,bey,,C00048,Cie d'Assurances << Al Chark )),Cie. d'Assurances «Al Chark»,adviser,0,,,,21,850
3950,1950,P01524,Bahgat Badaotù,Bahgat Badaotù Bey,bey,,C00048,Cie d'Assurances << Al Chark )),Cie. d'Assurances «Al Chark»,director,0,,,,21,850
3951,1950,P01524,Bahgat Badaotù,Bahgat Badaotù Bey,bey,,C00065,Crédit Foncier Egyptien,Crédit Foncier Egyptien,manager,0,,,,21,850
3952,1950,P00908,Bahgat el Derini,Bahgat el Derini,,,C02453,Journal «Al Misri» à Alexandrie,Journal «Al Misri» à Alexandrie,manager,0,,,,21,850
3953,1950,P00908,Bahgat el Derini,Bahgat el Derini,,,C00051,Commercial Bank of Egypt,Commercial Bank of Egypt,manager,0,,,,21,850
3954,1950,P00908,Bahgat el Derini,Bahgat el Derini,,,C02857,pour Alexandrie de la Commercial Insurance Cy. of Egypt,pour Alexandrie de la Commercial Insurance Cy. of Egypt,general_manager,0,,,,21,850
3955,1950,P01525,Bahrawy Aly Dr,Bahrawy Aly Dr,,,C02020,"The Simon Arzt Stores, S.A.E","The Simon Arzt Stores, S.A.E",director,0,,,,21,850
3956,1950,P01526,Bahri Selim,Bahri Selim Bey,bey,,C02163,-Dél. Near East Pharmaceutical & Commercial Co,-Dél. Near East Pharmaceutical & Commercial Co,vice_president,0,,,,21,850
3957,1950,P01526,Bahri Selim,Bahri Selim Bey,bey,,C02163,-Dél. Near East Pharmaceutical & Commercial Co,-Dél. Near East Pharmaceutical & Commercial Co,director,0,,,,21,850
3958,1950,P01527,Bailey A. \V,Bailey A. \V,,,C00599,Société des Autobus de Béhéra,Société des Autobus de Béhéra,general_manager,0,,,,21,850
3959,1950,P01527,Bailey A. \V,Bailey A. \V,,,C00599,Société des Autobus de Béhéra,Société des Autobus de Béhéra,president,0,,,,21,850
3960,1950,P01527,Bailey A. \V,Bailey A. \V,,,C00374,"Gharbieh, S.A.E","Gharbieh, S.A.E",general_manager,0,,,,21,850
3961,1950,P01527,Bailey A. \V,Bailey A. \V,,,C00374,"Gharbieh, S.A.E","Gharbieh, S.A.E",president,0,,,,21,850
3962,1950,P01527,Bailey A. \V,Bailey A. \V,,,C01154,The United Bus Co,The United Bus Co,general_manager,0,,,,21,850
3963,1950,P01527,Bailey A. \V,Bailey A. \V,,,C01154,The United Bus Co,The United Bus Co,president,0,,,,21,850
3964,1950,P00633,Bak Richard,Dr. Bak Richard,,dr.,C02629,Société des Terrains de la Ville d'Alexandrie,Société des Terrains de la Ville d'Alexandrie,managing_director,0,,,,21,850
3965,1950,P01528,Baker A. G,Baker A. G,,,C02527,Pieux-Vibro,Pieux-Vibro,managing_director,0,,,,21,850
3966,1950,P01529,Bakhaty Mahmoud,Bakhaty Mahmoud Bey,bey,,C01893,Sté. Eg. de Minoterie et Silos,Sté. Eg. de Minoterie et Silos,adviser,0,,,,21,850
3967,1950,P01529,Bakhaty Mahmoud,Bakhaty Mahmoud Bey,bey,,C01893,Sté. Eg. de Minoterie et Silos,Sté. Eg. de Minoterie et Silos,director,0,,,,21,850
3968,1950,P00911,Bali D,Bali D,,,C01482,Commercial & Agency Co. of Egypt Ltd,Commercial & Agency Co. of Egypt Ltd,managing_director,0,,,,21,851
3969,1950,P00911,Bali D,Bali D,,,C01968,The Alexandria Manufacturing Co. Ltd,The Alexandria Manufacturing Co. Ltd,managing_director,0,,,,21,851
3970,1950,P00911,Bali D,Bali D,,,C02653,Sté Eg. des Conserves Alimentaires,Sté. de Conserves Alimentaires,director,0,,,,21,851
3971,1950,P01530,BaiJian J. A,BaiJian J. A,,,C02154,-Dire.cteur S.A.E. Carba,-Dire.cteur S.A.E. Carba,director,0,,,,21,851
3972,1950,P01531,Ballis Nicolas,Ballis Nicolas,,,C00373,The Gharbieh Ginning Co,Gharbieh Ginning Co,director,0,,,,21,851
3973,1950,P00026,Banoun Alfred,Banoun Alfred,,,C02543,S.A. Immo- bilière du Domaine de Siouf,S.A. Immo- bilière du Domaine de Siouf,director,0,,,,21,851
3974,1950,P01532,Barakat Mohamed,Barakat Mohamed Bey,bey,,C02238,Banque Mosseri,Banque Mosséri,director,0,,,,21,851
3975,1950,P01533,Barcilon Abramino,Barcilon Abramino,,,C02747,Sté. de Crédit,Sté. de Crédit,director,0,,,,21,851
3976,1950,P01533,Barcilon Abramino,Barcilon Abramino,,,C02272,Commerce,Commerce,director,0,,,,21,851
3977,1950,P01534,BarcHon Henry,BarcHon Henry,,,C02721,"Sté. Eg. de Tuyaux, Poteaux et Produits en ciment armé","Sté. Eg. de Tuyaux, Poteaux et Produits en ciment armé",managing_director,0,,,,21,851
3978,1950,P01535,Barcilon Léon,Barcilon Léon,,,C02223,The Anglo-American Nile Co,Anglo-American Nile,managing_director,0,,,,21,851
3979,1950,P01536,Barcilon Jack Industriel,Barcilon Jack Industriel,,,C02704,Sté. Anglo-American Nile Co,Sté. Anglo-American Nile Co,director,0,,,,21,851
3980,1950,P01536,Barcilon Jack Industriel,Barcilon Jack Industriel,,,C01864,Sociétés,Sociétés,director,0,,,,21,851
3981,1950,P00913,Barda Jacques J,Barda Jacques J,,,C02081,en nom de la Barda Cotton Cy,en nom de la Barda Cotton Cy,partner,0,,,,21,851
3982,1950,P00913,Barda Jacques J,Barda Jacques J,,,C00017,Alexandria Pressing Co,Alexandria Pressing Co,managing_director,0,,,,21,851
3983,1950,P00913,Barda Jacques J,Barda Jacques J,,,C00017,Alexandria Pressing Co,Alexandria Pressing Co,director,0,,,,21,851
3984,1950,P00915,Ba1·da Rémy J,Ba1·da Rémy J,,,C02081,en nom de la Barda Cotton Cy,en nom de Barda Cotton Cy,partner,0,,,,21,851
3985,1950,P00915,Ba1·da Rémy J,Ba1·da Rémy J,,,C01528,"«Edrei & Co., Ltd. »",The Edrei & Co. Ltd,director,0,,,,21,851
3986,1950,P00913,Barda Jacques J,Bardak Jacques,,,C01683,Near East Pharmaceutical et Commercial Cy S.A.E,Near East Pharmaceutical et Commercial Cy S.A.E,managing_director,0,,,,21,851
3987,1950,P00916,Barker H. A,Barker H. A,,,C02462,Maison Bark er & Co,Maison Bark er & Co,partner,0,,,,21,851
3988,1950,P01537,New Egyptian Co,New Egyptian Co,,,C00020,The Alexandria vVater Co. Ltd,The Alexandria Water Co,director,0,,,,21,851
3989,1950,P01537,New Egyptian Co,New Egyptian Co,,,C00081,Filature Nationale d'Egypte,Filature Nationaled'Egypte,director,0,,,,21,851
3990,1950,P00634,Barki Edouard,Barki Edouard,,,C00384,"Gérance Immobilière, S.A.E","Gérance Immobilière, S.A.E",director,0,,,,21,851
3991,1950,P00402,Leten Roland,Baron Roland,,baron,C02489,Monts de Piétés Egyptiens,Monts de Piété Egyptiens,director,0,,,,21,851
3992,1950,P00919,Barthe-Dejean Jules,Barthe-Dejean Jules,,,C01497,"Comptoir Auxiliaire d'Entreprises, S.A.E","Comptoir Auxiliaire d'Entreprises, S.A.E. """,president,0,,,,21,851
3993,1950,P01538,Barthe-Dejean Paul,Barthe-Dejean Paul,,,C01497,"Comptoir Auxiliaire d'Entreprises, S.A.E",Comptoir Auxiliaire d'Entreprises,director,0,,,,21,851
3994,1950,P01539,Bassili Georges,Basile Georges,,,C02656,Sté Egypt. des Industries Chimiques,Sté. Eg. des Industries Chimiques,director,0,,,,21,851
3995,1950,P01540,Basri Salomon,Basri Salomon,,,C01695,Nouveaux Hôtels d'Egypte,Nouveaux Hôtels d'Egypte,director,0,,,,21,851
3996,1950,P01539,Bassili Georges,Bassili Georges,,,C02241,Bassili Pacha Timber Co,Bassili Pacha Timber Co,vice_president,0,,,,21,851
3997,1950,P01539,Bassili Georges,Bassili Georges,,,C02241,Bassili Pacha Timber Co,Bassili Pacha Timber Co,director,0,,,,21,851
3998,1950,P01539,Bassili Georges,Bassili Georges,,,C02241,Bassili Pacha Timber Co,Bassili Pacha Timber Co,delegate,0,,,,21,851
3999,1950,P01541,Bassili Mme. Marguerite,Bassili Mme. Marguerite,,,C02242,Ba~sili Pacha Timber Co,Ba~sili Pacha Timber Co,president,0,,,,21,851
4000,1950,P01542,Bassili Nicolas Alexandre,Bassili Nicolas Alexandre,,,C02309,Delta Engineering Co,Delta Engineering Co,director,0,,,,21,852
4001,1950,P01543,Bassili Victor,Bassili Victor,,,C02835,Warehouses of Egy.pt,Warehouses of Egypt,director,0,,,,21,852
4002,1950,P00635,Bata Henri,Bata Henri,,,C02867,«Chaussures,«Chaussures,president,0,,,,21,852
4003,1950,P01544,Bate Charles W. Clavell,Bate Charles W. Clavell,,,C02382,Egyptian Shipping Co,Egyptian Shipping Cy,director,0,,,,21,852
4004,1950,P00922,Bauerlé Gustave,Bauerlé Gustave,,,C01674,National Metal Industries,National Metal Industries,managing_director,0,,,,21,852
4005,1950,P00922,Bauerlé Gustave,Bauerlé Gustave,,,C01674,National Metal Industries,National Metal Industries,general_manager,0,,,,21,852
4006,1950,P00924,Bayram Mahmoud,Bayram Mahmoud Bey,bey,,C01810,Société Immobilière de Boulac,Société Immobilière de Boulac,director,0,,,,21,852
4007,1950,P00924,Bayram Mahmoud,Bayram Mahmoud Bey,bey,,C01811,"Société Immobilière de Zamalek, S.A.E","Société Immobilière de Zamalek, S.A.E",director,0,,,,21,852
4008,1950,P00925,Baz Maroun,Baz Maroun,,,C01653,The Mediterranean Co. for General Tracte ( Egypt) S.A,The Mediterranean Co. for General Trade (Egypt) Ltd,managing_director,0,,,,21,852
4009,1950,P00207,Beattie Thomas,Beattie Thomas,,,C00692,"The Hinshelwood Paint & Oil Co. of Egypt, S.A.E","The Hinshelwood Paint and Oil Co. of Egypt, S.A.E",vice_president,0,,,,21,852
4010,1950,P00208,Bégué Emile,Bégué Emile,,,C02201,Alexandia & Ramleh Railways Co,Alexandia & Ramleh Railways Co,director,0,,,,21,852
4011,1950,P00208,Bégué Emile,Bégué Emile,,,C02201,Alexandia & Ramleh Railways Co,Alexandia & Ramleh Railways Co,adviser,0,,,,21,852
4012,1950,P00208,Bégué Emile,Bégué Emile,,,C02654,Sté Eg. des Industries Electriques et Mécaniques,Sté Eg. des Industries Electriques et Mécaniques,director,0,,,,21,852
4013,1950,P00208,Bégué Emile,Bégué Emile,,,C02654,Sté Eg. des Industries Electriques et Mécaniques,Sté Eg. des Industries Electriques et Mécaniques,adviser,0,,,,21,852
4014,1950,P00926,Behrend,Behrend J. L,,,C00445,Rosetta & Alexandria Rice Mills,Rosetta and Alexandria Rice Mills,director,0,,,,21,852
4015,1950,P00926,Behrend,Behrend J. L,,,C01453,British Oil & Cake Mills Ltd,British Oil & Cake Mills Ltd,director,0,,,,21,852
4016,1950,P01545,Beh.:hyt François,Beh.:hyt François,,,C02711,Sté. Commerciale et Financière «Al Masria)),Sté. Commerciale et Financière «Al Masria)),director,0,,,,21,852
4017,1950,P01546,Bekhyt Gabriel,Bekhyt Gabriel,,,C02711,Sté. Commerciale et Financière «Al Masria)),Sté. Commerciale et Financière «Al Masria»,director,0,,,,21,852
4018,1950,P00927,Belilos LQon Jacques,Belilos Léon Jacques,,,C02428,Grands Hôtels d'Egypte et Sté Nationale de Textile Memphis,Grands Hôtels d'Egypte et Sté Nationale de Textile Memphis,director,0,,,,21,852
4019,1950,P00637,Belilos Maurice Youssef,Belilos Maurice Youssef,,,C00619,"Sté. Egyptienne des Industries Chimiques, S.A.E","Sté. Egyptienne d'Industries Chimiques, S.A.E",director,0,,,,21,852
4020,1950,P00637,Belilos Maurice Youssef,Belilos Maurice Youssef,,,C02151,- Dél. National Salt & Mining Co,Dél. National Salt and Mining Co,director,0,,,,21,852
4021,1950,P00928,Belleni Parissi,Belleni Parissi,,,C00895,"The Alexandria Racing Club, S.A.E","Alexandria Racing Club, S.A.E",director,0,,,,21,852
4022,1950,P00212,Benachi Alexandre L,Benachi Alexandre L,,,C01727,S.A. des Presses Libres,S.A. des Presses Libres,director,0,,,,21,852
4023,1950,P00929,Egyptiennes,Egyptiennes,,,C00656,The Choremi Benachi Cotton Co,The Choremi Benachi Cotton Co,managing_director,0,,,,21,852
4024,1950,P00929,Egyptiennes,Egyptiennes,,,C02590,"Société Cotonnière «Maarad», de la Société Egyptienne de la Bourse Commerciale de Minet El Bassai","Société Cotonnière «Maarad», de la Société Egyptienne de la Bourse Commerciale de Minet El Bassai",director,0,,,,21,852
4025,1950,P00929,Egyptiennes,Egyptiennes,,,C00020,The Alexandria vVater Co. Ltd,The Alexandria Water Co. Ltd,director,0,,,,21,852
4026,1950,P00213,Benachi Lucas Ant,Benachi Lucas Ant,,,C02020,"The Simon Arzt Stores, S.A.E","Simon Arzt Stores, S.A.E",managing_director,0,,,,21,852
4027,1950,P00213,Benachi Lucas Ant,Benachi Lucas Ant,,,C02020,"The Simon Arzt Stores, S.A.E","Simon Arzt Stores, S.A.E",manager,0,,,,21,852
4028,1950,P00639,Benderli Henri,Benderli Henri,,,C02020,"The Simon Arzt Stores, S.A.E","Simon Arzt Stores, S.A.E",managing_director,0,,,,21,852
4029,1950,P00215,Benderli Simon,Benderli Simon,,,C02577,Simon Arzt Stores,Simon Arzt Stores,president,0,,,,21,852
4030,1950,P01547,Benin Albert,Benin Albert,,,C02349,"Eastern Electric Co., S.A.E","Eastern Electric Co., S.A.E",director,0,,,,21,852
4031,1950,P01548,Ben Lassin Alexandre,Ben Lassin Alexandre,,,C01715,"Rye, Evans & Co. (Sudan) Ltd","Rye, Evans& Co. (Sudan) Ltd",president,0,,,,21,852
4032,1950,P01548,Ben Lassin Alexandre,Ben Lassin Alexandre,,,C01715,"Rye, Evans & Co. (Sudan) Ltd","Rye, Evans& Co. (Sudan) Ltd",managing_director,0,,,,21,852
4033,1950,P01548,Ben Lassin Alexandre,Ben Lassin Alexandre,,,C01698,Orient Linen Industry,Orient Linen Industry,managing_director,0,,,,21,852
4034,1950,P01548,Ben Lassin Alexandre,Ben Lassin Alexandre,,,C02683,Sté Nationale de Textile «Memphis» S.A.E,Sté Nationale de Textile Memphis,director,0,,,,21,852
4035,1950,P01549,Bennett H.T,Bennett H.T,,,C00416,"Marconi Radio Telegraph Co. of Egypt, S.A.E",Marconi Radio Telegraph Co. of Egypt. ·,managing_director,0,,,,21,853
4036,1950,P00640,Benoist Baron Louis de,Benoist Baron Louis de,,,C01476,Cie. Universelle du Canal Maritime de Suez,Cie. Universelle du Canal Maritime de Suez,director,0,,,,21,853
4037,1950,P00640,Benoist Baron Louis de,Benoist Baron Louis de,,,C00104,National Insurance Co. of Egypt,National Insurance Co. of Egypt,president,0,,,,21,853
4038,1950,P00640,Benoist Baron Louis de,Benoist Baron Louis de,,,C02435,"Immobilia d'Egypte, S.A.E","Immobilia d'Egypte, S.A.E",vice_president,0,,,,21,853
4039,1950,P00640,Benoist Baron Louis de,Benoist Baron Louis de,,,C00176,Société Générale des Sucreries,Société Générale des Sucreries,director,0,,,,21,853
4040,1950,P00640,Benoist Baron Louis de,Benoist Baron Louis de,,,C00114,Raffinerie d'Egypte,Raffinerie d'Egypte,director,0,,,,21,853
4041,1950,P00640,Benoist Baron Louis de,Benoist Baron Louis de,,,C00468,S.A. des Eaux du Caire,S.A. des Eaux du Caire,director,0,,,,21,853
4042,1950,P00217,Besso Joseph M,Besso Joseph M,,,C00742,Usines Textiles Al-Kahira,"Usines Textiles «Al-Kahira», S.A.E",member,0,,,,21,853
4043,1950,P00217,Besso Joseph M,Besso Joseph M,,,C00742,Usines Textiles Al-Kahira,"Usines Textiles «Al-Kahira», S.A.E",president,0,,,,21,853
4044,1950,P00217,Besso Joseph M,Besso Joseph M,,,C00742,Usines Textiles Al-Kahira,"Usines Textiles «Al-Kahira», S.A.E",managing_director,0,,,,21,853
4045,1950,P00217,Besso Joseph M,Besso Joseph M,,,C02117,«Commerciale» Cie. Nationale pour le Commerce,«Commerciale» Cie. Nationale pour le Commerce,president,0,,,,21,853
4046,1950,P00217,Besso Joseph M,Besso Joseph M,,,C01628,"Industrie, S.A.E","Industrie, S.A.E",president,0,,,,21,853
4047,1950,P00217,Besso Joseph M,Besso Joseph M,,,C00901,"Asia & AJrica Trading Cy., S.A.E","Asia & Africa Trading Co., S.A.E",president,0,,,,21,853
4048,1950,P00642,Besso Sabino,Besso Sabino,,,C00742,Usines Textiles Al-Kahira,"Usines Textiles«Al-Kahira», S.A.E",director,0,,,,21,853
4049,1950,P00642,Besso Sabino,Besso Sabino,,,C02599,Société Egyptienne pour l'industrie et le Commerce des Cotonnades«La Cotonnière» S.A.E,Société Egyptienne pour l'industrie et le Commerce des Cotonnades«La Cotonnière» S.A.E,managing_director,0,,,,21,853
4050,1950,P00642,Besso Sabino,Besso Sabino,,,C02619,Société The Middle East Industrial & Trading Co. (S.M. Besso & Co.),Société The Middle East Industrial & Trading Co. (S.M. Besso & Co.),partner,0,,,,21,853
4051,1950,P00642,Besso Sabino,Besso Sabino,,,C02619,Société The Middle East Industrial & Trading Co. (S.M. Besso & Co.),Société The Middle East Industrial & Trading Co. (S.M. Besso & Co.),manager,0,,,,21,853
4052,1950,P00642,Besso Sabino,Besso Sabino,,,C02271,Commanditaire de la Société Mena Milks,Commanditaire de la Société Mena Milks,manager,0,,,,21,853
4053,1950,P00642,Besso Sabino,Besso Sabino,,,C02271,Commanditaire de la Société Mena Milks,Commanditaire de la Société Mena Milks,partner,0,,,,21,853
4054,1950,P01550,Products,Products,,,C02252,Carver Cotton S.A.E,Carver Cotton S.A.E,manager,0,,,,21,853
4055,1950,P01550,Products,Products,,,C02252,Carver Cotton S.A.E,Carver Cotton S.A.E,director,0,,,,21,853
4056,1950,P01550,Products,Products,,,C02252,Carver Cotton S.A.E,Carver Cotton S.A.E,vice_president,0,,,,21,853
4057,1950,P00936,Bethell Alexander Duke,Bethell Alexander Duke,,,C02463,Maison CORY BROS Co. Ltd. au Moyen-Orient,Maison CORY BROS Co. Ltd. au Moyen-Orient,delegate,0,,,,21,853
4058,1950,P00936,Bethell Alexander Duke,Bethell Alexander Duke,,,C02030,The Upper Egypt,Upper Egypt,delegate,0,,,,21,853
4059,1950,P01551,Mining Co,Mining Co,,,C00705,"The Tractor & Engineering Co., S.A.E","Tractor & Engineering Cy., S.A.E",director,0,,,,21,853
4060,1950,P00938,Beyts G,Beyts G,,,C01531,"The Egyptian Aerated Water Company, Ltd","The Egyptian Aerated Water Company, Ltd",manager,0,,,,21,853
4061,1950,P01552,Bianchi,Bianchi,,,C02161,-Dél. Industrie du Froid,-Dél. Industrie du Froid,director,0,,,,21,853
4062,1950,P00940,Bianchi Philip N,Bianchi Philip N,,,C02798,"The Mercantile, Shipping and Coaling Co., Bianchi & Co., (Egypt) Ltd","The Mercantile, Shipping and Coaling Co., Bianchi & Co., (Egypt) Ltd",managing_director,0,,,,21,853
4063,1950,P00940,Bianchi Philip N,Bianchi Philip N,,,C02008,"The Mercantile, Shipping & Coaling Co. Bianchi & Co. (Malta) Ltd",The Mercantile Shipping & Coaling Co. Bianchi & Co. (Malta) Ltd,managing_director,0,,,,21,853
4064,1950,P00940,Bianchi Philip N,Bianchi Philip N,,,C02789,The Egyptian Star Navig~tion Co,The Egyptian Star Navig~tion Co,managing_director,0,,,,21,853
4065,1950,P00940,Bianchi Philip N,Bianchi Philip N,,,C01112,Sté. Eg. d'Entreprises Urbaines et Rurales,Sté. Eg. d'Entreprises Urbaines et Rurales,vice_president,0,,,,21,853
4066,1950,P01553,Bibaoui Yaconb,Bibaoui Yaconb Bey,bey,,C02708,Sté. Bibaoui pour le Commerce des Cotons,Sté. Bibaoui pour le Commerce des Cotons,president,0,,,,21,853
4067,1950,P01554,Bibaoui Joseph Yacoub,Bibaoui Joseph Yacoub,,,C02708,Sté. Bibaoui pour le Commerce des Cotons,Sté. Bibaoui pour le Commerce des Cotons,director,0,,,,21,853
4068,1950,P01555,Bicharat Hanna,S.E. Bicharat Hanna Pacha,pasha,s.e.,C02824,United Cold Storage,United Cold Storage,director,0,,,,21,854
4069,1950,P01556,Bicharat Shibly,Bicharat Shibly Bey,bey,,C02824,United Cold Storage,United Cold Storage,director,0,,,,21,854
4070,1950,P01557,Birley G. P,Birley G. P,,,C02012,The Near East Cleaning Co. Ltd,Near East Cleaning,director,0,,,,21,854
4071,1950,P00029,Blattner C. D. Henry,Blattner Henry C. D,,,C02079,en Egypte de la Sinai Mining Co. Ltd,en Egypte de la Sinaï Mining Co. Ltd,managing_director,0,,,,21,854
4072,1950,P01558,Blattner Reginald,Blattner Reginald,,,C02356,Eg. Sisal Manufacturing Cy,Eg. Sisal Manufacturing Cy,managing_director,0,,,,21,854
4073,1950,P01559,Bless Hans,Bless Hans,,,C02188,Adjoint Alexandria Cotton Trading,Adjoint Alexandria Cotton Trading,managing_director,0,,,,21,854
4074,1950,P00941,Bless Rodolphe,Bless Rodolphe,,,C02748,"Sté. des Autobus du Nord, S.A.E. et Egyptian Road Transport Co. S.A.E","Sté. des Autobus du Nord, S.A.E. et Egyptian Road Transport Co. S.A.E",managing_director,0,,,,21,854
4075,1950,P00941,Bless Rodolphe,Bless Rodolphe,,,C01915,Sté. Misr pour les Fourrages,Sté. Misr pour les Fourrages,director,0,,,,21,854
4076,1950,P00942,Boissonas Alphonse,Boissonas Alphonse,,,C01791,Société Egyptienne de Teinture,Société Egyptienne de Teinture,director,0,,,,21,854
4077,1950,P00942,Boissonas Alphonse,Boissonas Alphonse,,,C01427,Apprêt,Apprêt,director,0,,,,21,854
4078,1950,P01560,Bonafous A,Bonafous A,,,C02337,Dél. Sté. Egyptienne des Pétroles,Dél. Sté. Egyptienne des Pétroles,director,0,,,,21,854
4079,1950,P00945,Bonett Georges P,Bonett Georges P,,,C02727,Sté. Franco-Egyptienne de Soieries,Sté. Franco-Egyptienne de Soieries,director,0,,,,21,854
4080,1950,P00945,Bonett Georges P,Bonett Georges P,,,C01539,Egyptian Engineering & Marine Cy,Egyptian Engineering & Marine Cy,managing_director,0,,,,21,854
4081,1950,P01561,Bonvoisin Pierre,Bonvoisin Pierre,,,C00030,Banque Belge et Internationale en Egypte,Banque Belge et Internationale en Egypte,president,0,,,,21,854
4082,1950,P01562,Borchard Jens,Borchard Jens,,,C01739,S.A.E. Sahel,S.A.E. Sahel,director,0,,,,21,854
4083,1950,P00221,Bordier Pierre,Bordier Pierre,,,C00067,Crédit Immobilier Suisse-Egyptien,Crédit Immobilier Suisse-Egyptien,president,0,,,,21,854
4084,1950,P01563,Borrometi Alessandro,Borrometi Alessandro,,,C02470,Manufacture Textiles Egyptiens Matexa,Manufacture Textiles Egyptiens Matexa,director,0,,,,21,854
4085,1950,P01564,Borsali Albert,Borsali Albert,,,C02468,"Manufacture Egyptienne de Bon- neterie et Tricotage «El-Nil», S.A.E","Manufacture Egyptienne de Bon- neterie et Tricotage «El-Nil», S.A.E",director,0,,,,21,854
4086,1950,P01565,Borsali Ibrahim Khalil El,Borsali Ibrahim Khalil El,,,C02878,«Sté. Borsali pour le Commerce,«Sté. Borsali pour le Commerce,president,0,,,,21,854
4087,1950,P01565,Borsali Ibrahim Khalil El,Borsali Ibrahim Khalil El,,,C00090,Industrie,Industrie»,president,0,,,,21,854
4088,1950,P01566,Botton Isidore de,Botton Isidore de,,,C01712,Rizerie Egyptienne Moderne,Rizerie Egyptienne Moderne,director,0,,,,21,854
4089,1950,P01566,Botton Isidore de,Botton Isidore de,,,C01712,Rizerie Egyptienne Moderne,Rizerie Egyptienne Moderne,manager,0,,,,21,854
4090,1950,P01566,Botton Isidore de,Botton Isidore de,,,C02478,Middle East Trading & Cotton Co,Middle East Trading & Cotton Co,managing_director,0,,,,21,854
4091,1950,P01567,Botton Maurice de,Botton Maurice de,,,C01712,Rizerie Egyptienne Moderne,Rizerie Egyptienne Moderne,director,0,,,,21,854
4092,1950,P00647,Bouchra Hanna Charles,Bouchra Hanna Charles Bey,bey,,C02205,Alexandria Glass & Porcelain Factory,Alexandria Glass & Porcelain Factory,president,0,,,,21,854
4093,1950,P00647,Bouchra Hanna Charles,Bouchra Hanna Charles Bey,bey,,C02762,SÔciété Anonyme Egyptienne de Construction «EGYCO»,SÔciété Anonyme Egyptienne de Construction «EGYCO»,director,0,,,,21,854
4094,1950,P00647,Bouchra Hanna Charles,Bouchra Hanna Charles Bey,bey,,C01452,Béni Mazar Urbaine et Rurale,Béni Mazar Urbaine et Rurale,director,0,,,,21,854
4095,1950,P00647,Bouchra Hanna Charles,Bouchra Hanna Charles Bey,bey,,C02496,National Bottling Co. of Egypt,National Bottling Co. of Egypt,director,0,,,,21,854
4096,1950,P00947,Boudet René,Boudet René,,,C02715,Sté. Eg. Minoterie et Silos et Sté. Crédit Alexandrin,Sté. Eg. Minoterie et Silos et Sté. Crédit Alexandrin,managing_director,0,,,,21,854
4097,1950,P00947,Boudet René,Boudet René,,,C01652,Marsa Matrouh Salt & Potash Cy,Marsa-Matrouh Salt & Potash Cy,director,0,,,,21,854
4098,1950,P00947,Boudet René,Boudet René,,,C02344,Déléguê Gérance Immobilière,Déléguê Gérance Immobilière,director,0,,,,21,854
4099,1950,P00948,Boulad Albert,Boulad Albert,,,C02576,Sidi Salem Company,Sidi Salem Company,president,0,,,,21,854
4100,1950,P01568,Boulad Joseph,Boulad Joseph,,,C02309,Delta Engineering Co,Delta Engineering Cy,director,0,,,,21,854
4101,1950,P00030,Boulad Khalil,Boulad Khalil,,,C01910,Sté. Immobilière de l'Avenue de la Reine Nazli,Sté Immobilière de l'Avenue de la Reine Nazli,president,0,,,,21,854
4102,1950,P00949,Boulos Fouad,Boulos Fouad,,,C01857,Société des Autobus de Charkieh,Société des Autobus de Charkieh,director,0,,,,21,854
4103,1950,P00949,Boulos Fouad,Boulos Fouad,,,C01519,Dakahlieh,Dakahlieh,director,0,,,,21,854
4104,1950,P00949,Boulos Fouad,Boulos Fouad,,,C01154,The United Bus Co,The United Bus Co,director,0,,,,21,854
4105,1950,P01569,Boushra Dr. E,Boushra Dr. E,,,C02183,AIRMEC,AIRMEC,director,0,,,,21,855
4106,1950,P00950,Bouvier André,Bouvier André,,,C01791,Société Egyptienne de Teinture,Société Egyptienne de Teinture,director,0,,,,21,855
4107,1950,P00950,Bouvier André,Bouvier André,,,C01427,Apprêt,Apprêt,director,0,,,,21,855
4108,1950,P00032,Boyé Jean André,Boyé Jean André,,,C01843,Société Royale d'Econorme Politique,Société Royale d'Economie Politique,council_member,0,,,,21,855
4109,1950,P00032,Boyé Jean André,Boyé Jean André,,,C00181,Société Royale de Papyrologie d'Egypte,Société Royale de Papyrologie d'Egypte,council_member,0,,,,21,855
4110,1950,P01570,Brahamsha Albert,Brahamsha Albert,,,C02220,Ammoniac & Chemical Co,Ammoniac & Chemical Co,president,0,,,,21,855
4111,1950,P00951,Brakha Maurice,Brahamsha Maurice,,,C02177,-Technique Ammoniac & Chemical Co,-Technique Ammoniac & Chemical Co,manager,0,,,,21,855
4112,1950,P00951,Brakha Maurice,Brahamsha Maurice,,,C02471,Manufactures Fortunato-Salloum,Manufactures Fortunato-Salloum,president,0,,,,21,855
4113,1950,P01571,Brailey L.C,Brailey L.C,,,C02580,Smelting Co . . (Egypt). S.A.E,Smelting Co . . (Egypt). S.A.E,managing_director,0,,,,21,855
4114,1950,P01572,Brancart Arnould,Brancart Arnould,,,C02646,Sté. California Texas des Pétroles,Sté. California Texas des Pétroles,director,0,,,,21,855
4115,1950,P01572,Brancart Arnould,Brancart Arnould,,,C02646,Sté. California Texas des Pétroles,Sté. California Texas des Pétroles,manager,0,,,,21,855
4116,1950,P01573,Brandenburg Edgard,Brandenburg Edgard,,,C02117,«Commerciale» Cie. Nationale pour le Commerce,«Commerciale» Cie. Nationale pour le Commerce,managing_director,0,,,,21,855
4117,1950,P01573,Brandenburg Edgard,Brandenburg Edgard,,,C01628,"Industrie, S.A.E",Industrie. S.A.E,managing_director,0,,,,21,855
4118,1950,P01574,Brooks N. E,Brooks N. E,,,C01707,Platrières de Ballah,Platrières de Ballah,director,0,,,,21,855
4119,1950,P01574,Brooks N. E,Brooks N. E,,,C01707,Platrières de Ballah,Platrières de Ballah,delegate,0,,,,21,855
4120,1950,P00954,Brown T. E,Brown T. E,,,C01531,"The Egyptian Aerated Water Company, Ltd",Egyptian Aerated Water Co. Ltd,director,0,,,,21,855
4121,1950,P00954,Brown T. E,Brown T. E,,,C01531,"The Egyptian Aerated Water Company, Ltd",Egyptian Aerated Water Co. Ltd,general_manager,0,,,,21,855
4122,1950,P01575,Buhagiar Joseph,Buhagiar Joseph,,,C02817,Trading Corp. of Egypt,Trading Corp. of Egypt,director,0,,,,21,855
4123,1950,P00955,Burckhardt C. L,Burckhardt C. L,,,C01646,Maison Reinhart .& Co,Maison Reinhart & Co,partner,0,,,,21,855
4124,1950,P00955,Burckhardt C. L,Burckhardt C. L,,,C01646,Maison Reinhart .& Co,Maison Reinhart & Co,manager,0,,,,21,855
4125,1950,P00955,Burckhardt C. L,Burckhardt C. L,,,C00162,Société Egyptienne de la Bourse Commerciale de Minet El Bassal,Société Egyptienne de la Bourse Commerciale de Minet El Bassal,vice_president,0,,,,21,855
4126,1950,P00955,Burckhardt C. L,Burckhardt C. L,,,C01674,National Metal Industries,National Metal Industries,vice_president,0,,,,21,855
4127,1950,P00955,Burckhardt C. L,Burckhardt C. L,,,C02852,i on de la Société Générale de Pressage et Dépôts,i on de la Société Générale de Pressage et Dépôts,director,0,,,,21,855
4128,1950,P00955,Burckhardt C. L,Burckhardt C. L,,,C02498,"National Ginning Co. of Egypt, S.A.E., de The Electricity andlee Supply Co., de la Cairo Sand Bricks Co. S.A.E., de la Fluviale S.A.E","National Ginning Co. of Egypt, S.A.E., de The Electricity andlee Supply Co., de la Cairo Sand Bricks Co. S.A.E., de la Fluviale S.A.E",director,0,,,,21,855
4129,1950,P00955,Burckhardt C. L,Burckhardt C. L,,,C01942,surveillance de la «HAMATA MINING» Company,Surveillance de Hamata Mining Co,council_member,0,,,,21,855
4130,1950,P01576,Burgoyne George Frederick,Burgoyne George Frederick,,,C02517,Nile Insurance Co,Nile Insurance Co,director,0,,,,21,855
4131,1950,P00956,Bustros Antoine M,Bustros Antoine M,,,C01468,Chemical Industries Development,"Chemical Industries Development, S.A.E",managing_director,0,,,,21,855
4132,1950,P00234,Buxton Robert V,Buxton Robert V,,,C00288,Anglo-Egyptian Oilfields,Anglo-Egyptian Oilfields,director,0,,,,21,855
4133,1950,P01577,Caias Pantazis,Caias Pantazis,,,C01915,Sté. Misr pour les Fourrages,Sté. Misr pour les Fourrages,director,0,,,,21,855
4134,1950,P01577,Caias Pantazis,Caias Pantazis,,,C02809,The Sud an Oil Mills Ltd,The Sud an Oil Mills Ltd,director,0,,,,21,855
4135,1950,P01577,Caias Pantazis,Caias Pantazis,,,C02516,Nile Commercial Co,Nile Commercial Co,director,0,,,,21,855
4136,1950,P01578,National Hotel Cairo,National Hotel Cairo,,,C02822,Union des Hôteliersd'Egypte,Union des Hôteliersd'Egypte,vice_president,0,,,,21,856
4137,1950,P01578,National Hotel Cairo,National Hotel Cairo,,,C02417,"Fédération des Industries d'Egypte (Chambre Hôtelière), Fondateur National","Fédération des Industries d'Egypte (Chambre Hôtelière), Fondateur National",president,0,,,,21,856
4138,1950,P01578,National Hotel Cairo,National Hotel Cairo,,,C02417,"Fédération des Industries d'Egypte (Chambre Hôtelière), Fondateur National","Fédération des Industries d'Egypte (Chambre Hôtelière), Fondateur National",vice_president,0,,,,21,856
4139,1950,P00959,Petroleum Co. S.A.E,Petroleum Co. S.A.E,,,C02763,Tarification du Tourisme Egyptien,Tarification du Tourisme Egyptien,liquidator,0,,,,21,856
4140,1950,P00959,Petroleum Co. S.A.E,Petroleum Co. S.A.E,,,C01626,Industrie d'Egypte,Industrie d'Egypte,liquidator,0,,,,21,856
4141,1950,P00959,Petroleum Co. S.A.E,Petroleum Co. S.A.E,,,C01626,Industrie d'Egypte,Industrie d'Egypte,committee_member,0,,,,21,856
4142,1950,P01579,Cambas Alexandre,Cambas Alexandre,,,C02374,Egyptian Motor Transport Co. et Selected Textile Industries Assoc. S.A.E,Egyptian Motor Transport Co. et Selected Textile Industries Assoc. S.A.E,director,0,,,,21,856
4143,1950,P01580,Camerana Mr. le Comte Dr. Giancarlo,Camerana Mr. le Comte Dr. Giancarlo,,,C02567,SAIDE,SAIDE,vice_president,0,,,,21,856
4144,1950,P00960,Camiglieri Raoul,Camiglieri Raoul,,,C01990,The Egyptian Petroleum Storage Co. et The Albert Mussa Agency & Stevedoring Co. S.A.E,The Egyptian Petroleum Storage Co. et The Albert Mussa Agency & Stevedoring Co. S.A.E,director,0,,,,21,856
4145,1950,P00960,Camiglieri Raoul,Camiglieri Raoul,,,C00210,Egyptian Bonded Warehouses Co. Ltd,Egyptian Bonded Warehouses Co. Ltd,general_manager,0,,,,21,856
4146,1950,P01581,Campbell The Hon. Cecil,Campbell The Hon. Cecil,,,C02856,"of British Chamber of Commerce of Egypt, Chairman of Local Board of Gresham","of British Chamber of Commerce of Egypt, Chairman of Local Board of Gresham",president,0,,,,21,856
4147,1950,P01034,Ltd,Assurance Society Ltd,,,C00102,National Bank of Egypt,National Bank of Egypt,director,0,,,,21,856
4148,1950,P00035,Campos Benvenuto,Campos Benvenuto,,,C00371,"General Society for Banking, Trading & Land Enterprises, S.A.E","General Society for Banking, Trading and Land Enterprises, S.A.E",president,0,,,,21,856
4149,1950,P00035,Campos Benvenuto,Campos Benvenuto,,,C00173,Société Générale d'Electricité,Société Générale d'Electricité,managing_director,0,,,,21,856
4150,1950,P00035,Campos Benvenuto,Campos Benvenuto,,,C00099,Mécanique,Mécanique,managing_director,0,,,,21,856
4151,1950,P00036,Campos Giuseppe,Campos Giuseppe,,,C00371,"General Society for Banking, Trading & Land Enterprises, S.A.E","General Society for Banking, Trading & Land Enterprises, S.A.E",president,0,,,,21,856
4152,1950,P00036,Campos Giuseppe,Campos Giuseppe,,,C00371,"General Society for Banking, Trading & Land Enterprises, S.A.E","General Society for Banking, Trading & Land Enterprises, S.A.E",managing_director,0,,,,21,856
4153,1950,P00241,Campos Hans,Campos Hans,,,C02424,General So~iety for,General So~iety for,director,0,,,,21,856
4154,1950,P01582,Candilidis Constantin,Candilidis Constantin,,,C02324,Dél. F1rosted Food & Cold Storage,Dél. F1rosted Food & Cold Storage,director,0,,,,21,856
4155,1950,P01583,Capatos Elie,Capatos Elie,,,C02766,"Technique et ACministrateur Su,?pléant de Kafr el Zayat Cotton Co","Technique et ACministrateur Su,?pléant de Kafr el Zayat Cotton Co",adviser,0,,,,21,856
4156,1950,P01584,Caplain,Caplain,,,C02290,Société Egyptienne de Constructions Modernes «Al Chams» S.A.E,Constructions Modernes Al Chams,director,0,,,,21,856
4157,1950,P00963,Caraggia Anastase,Caraggia Anastase,,,C02307,Dehydration Co. of Egypt,Dehydration Cy. of Egypt,vice_president,0,,,,21,856
4158,1950,P01437,United Enterprises,United Enterprises,,,C02866,«Al Mansur Construction Co. Ltd. Bagdad»,«Al Mansur Construction Co. Ltd. Bagdad»,director,0,,,,21,856
4159,1950,P01585,Cartareggia Filippo,Cartareggia Filippo,,,C02371,"Egyptian Foreign Trade & Travel Research Organization, S.A.E. en formation","Egyptian Foreign Trade & Travel Research Organization, S.A.E. en formation",director,0,,,,21,856
4160,1950,P01585,Cartareggia Filippo,Cartareggia Filippo,,,C02593,Société Egyptienne d'Expansion Commerciale et Industrielle «Sedex» S A.E. en formation,Société Egyptienne d'Expansion Commerciale et Industrielle «Sedex» S A.E. en formation,director,0,,,,21,856
4161,1950,P00243,Carton de Wiart Edmond Baron,Carton de Wiart Edmond Baron K.B.E,,,C00030,Banque Belge et Internationale en Egypte,Banque Belge et Internationale en Egypte,director,0,,,,21,856
4162,1950,P00038,Carver H. B,Carver F. E,,,C02251,Carver Cotton Co,Carver Cotton Co,managing_director,0,,,,21,856
4163,1950,P00038,Carver H. B,Carver H. B,,,C00571,Société Générale de Pressage,Société Générale de Pressage,president,0,,,,21,857
4164,1950,P00038,Carver H. B,Carver H. B,,,C00346,Dépôts,Dépôts,president,0,,,,21,857
4165,1950,P00964,Cassab Jacques,Cassab Jacques,,,C00132,Sidi Salem Co,Sidi Salem Co,director,0,,,,21,857
4166,1950,P00655,Cassar Paul,Cassar Paul,,,C02777,The Amalgamated lee Factories & Cold,The Amalgamated lee Factories & Cold,director,0,,,,21,857
4167,1950,P01586,Cassaveti Demetrius John,Cassaveti Demetrius John,,,C00320,Commercial Bank of the Near East,Commercial Bank of the Near East,director,0,,,,21,857
4168,1950,P00246,Castro Charles V,Castro Charles V,,,C02792,The Engineering Co. of,The Engineering Co. of,managing_director,0,,,,21,857
4169,1950,P00016,Egypt,Egypt,,,C02817,Trading Corp. of Egypt,Trading Corp. of Egypt,director,0,,,,21,857
4170,1950,P00966,Castro Léon Me,Castro Léon Me,,,C00186,Société des Biens de Rapport d'Egypte,Société des Biens de Rapport d'Egypte,vice_president,0,,,,21,857
4171,1950,P00966,Castro Léon Me,Castro Léon Me,,,C00186,Société des Biens de Rapport d'Egypte,Société des Biens de Rapport d'Egypte,director,0,,,,21,857
4172,1950,P00966,Castro Léon Me,Castro Léon Me,,,C00675,The Egyptian Land & Buildings Co,The Egyptian Land & Building Co,vice_president,0,,,,21,857
4173,1950,P00966,Castro Léon Me,Castro Léon Me,,,C00675,The Egyptian Land & Buildings Co,The Egyptian Land & Building Co,director,0,,,,21,857
4174,1950,P01587,Castro S,Castro S,,,C02469,Manufacture Nation. Couverture et Lainages,Manufacture Nation. Couverture et Lainages,director,0,,,,21,857
4175,1950,P00967,Casulli Alexandre M,Casulli Alexandre M,,,C00373,The Gharbieh Ginning Co,The Gharbieh Ginning Co. (S.A.),director,0,,,,21,857
4176,1950,P00248,Casulli Michel S,Casulli Michel S,,,C00373,The Gharbieh Ginning Co,The Gharbieh Ginning Co,president,0,,,,21,857
4177,1950,P00248,Casulli Michel S,Casulli Michel S,,,C00571,Société Générale de Pressage,Société Générale de Pressage,director,0,,,,21,857
4178,1950,P00248,Casulli Michel S,Casulli Michel S,,,C00346,Dépôts,Dépôts,director,0,,,,21,857
4179,1950,P00039,Cattaui Aslan,Cattaui Aslan Bey,bey,,C00231,Union Foncière d'Egypte,Union Foncière d'Egypte,managing_director,0,,,,21,857
4180,1950,P00039,Cattaui Aslan,Cattaui Aslan Bey,bey,,C02078,diverses Sociétés,diverses Sociétés,director,0,,,,21,857
4181,1950,P01588,Cattaui Mtre. Joseph Ed,Cattaui Mtre. Joseph Ed,,,C00668,The Egyptian Copper Works,Egyptian Copper Works,director,0,,,,21,857
4182,1950,P00044,Cattaui René,Cattaui René Bey,bey,,C00140,Société Anonyme de Wadi Kom Ombo,Société Anonyme de Wadi Kom Ombo,vice_president,0,,,,21,857
4183,1950,P00044,Cattaui René,Cattaui René Bey,bey,,C00140,Société Anonyme de Wadi Kom Ombo,Société Anonyme de Wadi Kom Ombo,managing_director,0,,,,21,857
4184,1950,P00044,Cattaui René,Cattaui René Bey,bey,,C00065,Crédit Foncier Egyptien,Crédit Foncier Egyptien,director,0,,,,21,857
4185,1950,P00044,Cattaui René,Cattaui René Bey,bey,,C00176,Société Générale des Sucreries,Société Générale des Sucreries,director,0,,,,21,857
4186,1950,P00044,Cattaui René,Cattaui René Bey,bey,,C00114,Raffinerie d'Egypte,Raffinerie d'Egypte,director,0,,,,21,857
4187,1950,P00044,Cattaui René,Cattaui René Bey,bey,,C02286,Conseil de la Société Royale d'Agriculture,Conseil de la Société Royale d'Agriculture,council_member,0,,,,21,857
4188,1950,P01589,Catzeflis Ed. Mtre,Catzeflis Ed. Mtre,,,C02655,Sté Eg. des Industries Textiles,Sté Eg. des Industries Textiles,president,0,,,,21,857
4189,1950,P01589,Catzeflis Ed. Mtre,Catzeflis Ed. Mtre,,,C02655,Sté Eg. des Industries Textiles,Sté Eg. des Industries Textiles,director,0,,,,21,857
4190,1950,P00658,Celier A,Célier A,,,C00065,Crédit Foncier Egyptien,Crédit Foncier Egyptien,director,0,,,,21,857
4191,1950,P00968,Ceysens Albert,Ceysens Albert,,,C02757,Sucreries d'Egypte,Sucreries d'Egypte,general_manager,0,,,,21,857
4192,1950,P00250,Chaaraoui Hassan,S.E. Chaaraoui Hassan Pacha,pasha,s.e.,C00537,"Société Egyptienne des Industries Chimiques, S.A.E","Société Egyptienne des Industries Chimiques, S.A.E",director,0,,,,21,858
4193,1950,P01590,Chaaraoui Mohamed,Chaaraoui Mohamed Bey,bey,,C02440,Imprimerie Misr,Imprimerie Misr,director,0,,,,21,858
4194,1950,P00969,Chahine Khalil,Chahine Khalil,,,C01741,S.A.E. de Capitalisation l'Epargne,S.A.E. de Capitalisation l'Epargne,director,0,,,,21,858
4195,1950,P01591,Chaker Ibrahim,Chaker Ibrahim,,,C02484,Misr Engineering Works & Transport Co,Misr Engineering Works & Transport Co,director,0,,,,21,858
4196,1950,P01592,Tourist Development Association,Tourist Development Association,,,C01730,S.A. des Wagons Lits Iran,S.A. des Wagons Lits Iran,director,0,,,,21,858
4197,1950,P01592,Tourist Development Association,Tourist Development Association,,,C01844,"Société Viticole et Vinicole d'Egypte, Représentant de la Cie. Internationale des Wagons-Lits en Egypte, en Palestine, Syrie, Irak et Iran","Société Viticole et Vinicole d'Egypte, Représentant de la Cie. Internationale des Wagons-Lits en Egypte, en Palestine, Syrie, Irak et Iran",president,0,,,,21,858
4198,1950,P01593,Chalhoub Joseph,Chalhoub Joseph,,,C02384,Egyptian Stevedoring and Shipping Co,Egyptian Stevedoring and Shipping Co,director,0,,,,21,858
4199,1950,P01594,Chalhoub Georges A,Chalhoub Georges A,,,C01650,"la. Manufacture Egyptienne de Bonneterie et Tricotage «El Nil», S.A.E",Manufacture Egyptienne de Bonneterie et Tricotage «El Nil»,director,0,,,,21,858
4200,1950,P00971,Chalom Me. Charles,Chalom Me. Charles,,,C00231,Union Foncière d'Egypte,Union Foncière d'Egypte,director,0,,,,21,858
4201,1950,P00971,Chalom Me. Charles,Chalom Me. Charles,,,C01457,·de la Cairo Agricultural,Cairo Agricultural Co,director,0,,,,21,858
4202,1950,P01595,Chalom Moise,Chalom Moise,,,C01510,«La Cotonnière»,«La Cotonnière»,director,0,,,,21,858
4203,1950,P00972,Chalom Rodolphe Bey Me,Chalom Rodolphe Bey Me,,,C02870,"«Fermag», Sté d'Alimentation Générale","«Fermag», Sté d'Alimentation Générale",director,0,,,,21,858
4204,1950,P01596,Chalom Victor,Chalom Victor,,,C01510,«La Cotonnière»,«La Cotonnière»,director,0,,,,21,858
4205,1950,P01597,Chami Sayed Hassan El,Chami Sayed Hassan El,,,C02379,Egyptian Road Construction et Eg. Rice and Flour Mills,Egyptian Road Construction et Eg. Rice and Flour Mills,director,0,,,,21,858
4206,1950,P00660,Champier Jean,Champier Jean,,,C01791,Société Egyptienne de Teinture,Société Egyptienne de Teinture,director,0,,,,21,858
4207,1950,P00660,Champier Jean,Champier Jean,,,C01427,Apprêt,Apprêt,director,0,,,,21,858
4208,1950,P01598,Charara Medhat,Charara Medhat,,,C02307,Dehydration Co. of Egypt,Dehydration Co. of Egypt,director,0,,,,21,858
4209,1950,P00973,Charara Mohamed,S.E. Charara Mohamed Pacha,pasha,s.e.,C01571,Farghaly Cotton & Investment Cy,Farghaly Cotton and Investment Cy,director,0,,,,21,858
4210,1950,P00973,Charara Mohamed,S.E. Charara Mohamed Pacha,pasha,s.e.,C02147,'Administration de la Misr Engineering Works & Transport Co,'Administration de la Misr Engineering Works & Transport Co,president,0,,,,21,858
4211,1950,P00975,Chedel A,Chedel A,,,C01671,National Ginning Cy,National Ginning Co,director,0,,,,21,858
4212,1950,P00976,Chedid Charles de Me,Chedid Charles de Me,,,C01674,National Metal Industries,National Metal Industries,director,0,,,,21,858
4213,1950,P01599,Chérif El Dine Chérif,Chérif El Dine Chérif,,,C02714,Sté. Eg. Maritime Commerciale,Sté. Eg. Maritime Commerciale,director,0,,,,21,858
4214,1950,P01600,Cherkesly Henri,Cherkesly Henri,,,C02438,Imperial Trading Co,Imperial Trading Co,director,0,,,,21,859
4215,1950,P00979,Chevalier Jean,Chevalier Jean,,,C01688,Nil Paris,Nil Paris,director,0,,,,21,859
4216,1950,P00980,Chikhani ·William,Chikhani William,,,C01634,Jardins et Vignobles d'Egypte,Jardins et Vignobles d'Egypte,director,0,,,,21,859
4217,1950,P01601,Child C,Child C,,,C02437,The Imperial Chemical Industries,Imperial Chemical Industries,director,0,,,,21,859
4218,1950,P01602,Chiniara Fouad,Chiniara Fouad,,,C02729,Sté. Gle. Travaux Publics Bâtiments et Industries Connexes (SOTRAC),Sté. Gle. Travaux Publics Bâtiments et Industries Connexes (SOTRAC),director,0,,,,21,859
4219,1950,P00046,Constantin Jean Choremi Assocjé de la Y.Iaison Choremi,Choremi E. S,,,C01653,The Mediterranean Co. for General Tracte ( Egypt) S.A,Mediterranean Co. for General Trade (Egypt) S.A,president,0,,,,21,859
4220,1950,P00253,Choremi Georges J,Choremi Georges J,,,C01653,The Mediterranean Co. for General Tracte ( Egypt) S.A,The Mediterranean Co. for General Trade (Egypt) S.A,director,0,,,,21,859
4221,1950,P00253,Choremi Georges J,Choremi Georges J,,,C01653,The Mediterranean Co. for General Tracte ( Egypt) S.A,The Mediterranean Co. for General Trade (Egypt) S.A,president,0,,,,21,859
4222,1950,P00662,Choremi Jean A,Choremi Jean A,,,C02769,The .E gyptian Independent Oil Co. S.A.E,The .E gyptian Independent Oil Co. S.A.E,director,0,,,,21,859
4223,1950,P01603,Choremi Nicolas,Choremi Nicolas,,,C02474,Mediterranean Co. for General Tfade,Mediterranean Co. for General Tfade,director,0,,,,21,859
4224,1950,P01604,Choucri Hassan Adm-Dél. de Sté. «Al-Gaafaria»,Choucri Hassan Adm-Dél. de Sté. «Al-Gaafaria»,,,C01527,The Eastern Electric Cy,Eastern Electric Co,director,0,,,,21,859
4225,1950,P01296,Belgique,Belgique,,,C02454,Khassa Royale,Khassa Royale,manager,0,,,,21,859
4226,1950,P01296,Belgique,Belgique,,,C02293,Crédit Agricole et Coopératif d'Egypte,Crédit Agricole et Coopératif d'Egypte,president,0,,,,21,859
4227,1950,P01296,Belgique,Belgique,,,C02293,Crédit Agricole et Coopératif d'Egypte,Crédit Agricole et Coopératif d'Egypte,managing_director,0,,,,21,859
4228,1950,P01296,Belgique,Belgique,,,C00336,Crédit Hypothécaire Agricole d'Egypte,Crédit Hypothécaire Agricole d'Egypte,president,0,,,,21,859
4229,1950,P01296,Belgique,Belgique,,,C00336,Crédit Hypothécaire Agricole d'Egypte,Crédit Hypothécaire Agricole d'Egypte,managing_director,0,,,,21,859
4230,1950,P01296,Belgique,Belgique,,,C00539,"Société Egyptienne de Filature et Tissage de la Laine, S.A.E",Société Egyptienne de Filature et Tissage de Laine S.A.E,president,0,,,,21,859
4231,1950,P01296,Belgique,Belgique,,,C02290,Société Egyptienne de Constructions Modernes «Al Chams» S.A.E,Société Egyptienne de Constructions Modernes «Al Chams» S.A.E,director,0,,,,21,859
4232,1950,P01296,Belgique,Belgique,,,C01834,Société Misr pour le Tissage de la Soie S.A.E,Société Misr pour le Tissage de la Soie S.A.E,managing_director,0,,,,21,859
4233,1950,P01296,Belgique,Belgique,,,C00065,Crédit Foncier Egyptien,Crédit Foncier Egyptien S.A.E,director,0,,,,21,859
4234,1950,P01296,Belgique,Belgique,,,C01438,Banque Misr S.A.E,Banque Misr S.A.E,director,0,,,,21,859
4235,1950,P01296,Belgique,Belgique,,,C02106,Sté. Misr pour la Filature et le Tissage S.A.E,Sté. Misr pour la Filature et le Tissage S.A.E,director,0,,,,21,859
4236,1950,P01296,Belgique,Belgique,,,C02679,Sté Misr pour la Rayonne S.A.E,Sté Misr pour la Rayonne S.A.E,director,0,,,,21,859
4237,1950,P01296,Belgique,Belgique,,,C01571,Farghaly Cotton & Investment Cy,Farghaly Cotton and Investment Cy. S.A.E,director,0,,,,21,859
4238,1950,P01296,Belgique,Belgique,,,C01520,"Delta Trading Co., S.A.E",Delta Trading Co. S.A.E,vice_president,0,,,,21,859
4239,1950,P01296,Belgique,Belgique,,,C02732,Sté. Générale de Pressage,Sté. Générale de Pressage,director,0,,,,21,859
4240,1950,P01296,Belgique,Belgique,,,C02345,Dépôts S.A.E,Dépôts S.A.E,director,0,,,,21,859
4241,1950,P01296,Belgique,Belgique,,,C00629,Technique de la Nitrate Corporation of Chile Ltd. (Egypt and Near East Branch),Technique de la Nitrate Corporation of Chile Ltd. (Egypt and Near East Branch),adviser,0,,,,21,859
4242,1950,P00981,Choucri Moustapha,Choucri Moustapha Bey,bey,,C01925,"Sté. Viticole et Vinicole d'Egypte, S.A.E",Sté. Viticole & Vinicoled'Egypte,director,0,,,,21,859
4243,1950,P01605,Choueri Georges Elias,Choueri Georges Elias,,,C02642,Sté. Autobus Routes Désert,Sté. Autobus Routes Désert,director,0,,,,21,859
4244,1950,P01606,Christou Tommy,Christou Tommy,,,C02673,Sté. Industrielle et Commerciale Laitière Mand ara,Sté. Industrielle et Commerciale Laitière Mand ara,director,0,,,,21,860
4245,1950,P00982,Cicurel Clément J,Cicurel Clément J,,,C01610,"Grands Magasins Cicurel, S.A.E","Grands Magasins Cicurel, S.A.E",managing_director,0,,,,21,860
4246,1950,P00982,Cicurel Clément J,Cicurel Clément J,,,C02124,"«Le Scribe Egyptien», S.A.E","«Le Scribe Egyptien», S.A.E",director,0,,,,21,860
4247,1950,P00914,Pressing Co,Pressing Co,,,C00016,Alexandria Insurance Co,The Alexandria Insurance Cy,director,0,,,,21,860
4248,1950,P00914,Pressing Co,Pressing Co,,,C02743,Sté. SELAR,Sté. SELAR,director,0,,,,21,860
4249,1950,P01607,Cicurel Elvira,Cicurel Elvira,,,C00381,Grands,Grands,director,0,,,,21,860
4250,1950,P00983,Cicurel Guy,Cicurel Guy,,,C02124,"«Le Scribe Egyptien», S.A.E","«Le Scribe Egyptien», S.A.E",director,0,,,,21,860
4251,1950,P00984,Cicurel Léon,Cicurel Léon,,,C01648,Maison d'Exportation de Coton Cicurel & Co,Maison d'Exportation de Coton Cicurel & Co,partner,0,,,,21,860
4252,1950,P00984,Cicurel Léon,Cicurel Léon,,,C00279,"Alexandria Pressing Co., S.A.E",· de The Alexandria Pressing Co. S.A.E,director,0,,,,21,860
4253,1950,P00985,Cicurel René,Cicurel René,,,C02124,"«Le Scribe Egyptien», S.A.E","«Le Scribe Egyptien», S.A.E",director,0,,,,21,860
4254,1950,P00985,Cicurel René,Cicurel René,,,C01610,"Grands Magasins Cicurel, S.A.E",Grands Magasins Cicurel,director,0,,,,21,860
4255,1950,P00986,Cicurel,Cicurel,,,C01610,"Grands Magasins Cicurel, S.A.E","Grands Magasins Ci curel, S.A.E",managing_director,0,,,,21,860
4256,1950,P00986,Cicurel,Cicurel,,,C01610,"Grands Magasins Cicurel, S.A.E","Grands Magasins Ci curel, S.A.E",president,0,,,,21,860
4257,1950,P00986,Cicurel,Cicurel,,,C00541,Société Egyptienne de Placements,Société Egyptienne de Placements,director,0,,,,21,860
4258,1950,P00986,Cicurel,Cicurel,,,C02302,"Crédit, S.A.E","Crédit, S.A.E",director,0,,,,21,860
4259,1950,P00258,Clark Henry,Clark Henry,,,C00113,Presses Libres Egyptiennes,Presses Libres Egyptiennes,director,0,,,,21,860
4260,1950,P00987,Cockinos Anastase,Cockinos Anastase,,,C02628,"Société des Entrepri ses M. Cockinos, S.A.E","Société des Entrepri ses M. Cockinos, S.A.E",managing_director,0,,,,21,860
4261,1950,P00987,Cockinos Anastase,Cockinos Anastase,,,C02834,« Wattcoe »,« Wattcoe »,director,0,,,,21,860
4262,1950,P01608,Cockinos Christo,Cockinos Christo,,,C02660,Sté Entreprises Cockinos,Sté Entreprises Cockinos,director,0,,,,21,860
4263,1950,P00666,Cockinos Miltiade,Cockinos Miltiade,,,C02632,"Sociétéd'Entreprises M. Cockinos, S.A.E","Sociétéd'Entreprises M. Cockinos, S.A.E",president,0,,,,21,860
4264,1950,P00260,Coen Edouard,Coen Edouard,,,C00391,Industrie Meunière d'Alexandrie,Industrie Meunière d'Alexandrie,managing_director,0,,,,21,860
4265,1950,P00261,Coen James,Coen James,,,C00391,Industrie Meunière d'Alexandrie,Industrie Meunière d' Alexandrie,managing_director,0,,,,21,860
4266,1950,P01609,Coen Maurice Comm,Coen Maurice Comm,,,C00391,Industrie Meunière d'Alexandrie,Industrie Meunière d'Alexandrie,president,0,,,,21,860
4267,1950,P00667,Cogels,Cogels,,,C00306,Caisse Hypothécaire d'Egypte,Caisse Hypothécaire d'Egypte,director,0,,,,21,860
4268,1950,P00051,Cohen Alfred N,Cohen Alfred N,,,C00613,Sociétéd'Avances Commerciales,Sociétéd'Avances Commerciales,president,0,,,,21,860
4269,1950,P00051,Cohen Alfred N,Cohen Alfred N,,,C00613,Sociétéd'Avances Commerciales,Sociétéd'Avances Commerciales,managing_director,0,,,,21,860
4270,1950,P00264,Cohen Aron,Cohen Aron,,,C02467,"Maison d'Ameublement B. Pontremoli, S.A.E. et Maison de la Petite Reine","Maison d'Ameublement B. Pontremoli, S.A.E. et Maison de la Petite Reine",director,0,,,,21,860
4271,1950,P00989,Cohen Daniel,Cohen Daniel,,,C02364,Egyptian Cotton & Trading Cy et Sté Commerciale d'Egypte,Egyptian Cotton & Trading Cy et Sté Commerciale d'Egypte,director,0,,,,21,860
4272,1950,P00989,Cohen Daniel,Cohen Daniel,,,C02285,Conseil de Surveillance « Moharrem Press »,Conseil de Surveillance « Moharrem Press »,member,0,,,,21,860
4273,1950,P00990,Cohen Fernand,Cohen Fernand,,,C01535,Egyptian Cotton & Trading Cy,Egyptian Cotton & Trading Cy,director,0,,,,21,860
4274,1950,P00266,Cohen,Cohen,,,C01893,Sté. Eg. de Minoterie et Silos,Sté Egypt. Minoterie & Silos,director,0,,,,21,860
4275,1950,P00992,Cohen Maurice,Cohen Maurice,,,C01609,Grands Magasins Chemla,Grands Magasins Chemla,managing_director,0,,,,21,860
4276,1950,P00668,Cohen Sir Robert Waley,Cohen Sir Robert Waley,,,C02226,The Anglo-Egyptian OH- fields,Anglo-Egyptian OH- fields,president,0,,,,21,861
4277,1950,P01610,Cohen Victor H,Cohen Victor H,,,C02466,Maison de la Petite Reine,Maison Petite Reine,president,0,,,,21,861
4278,1950,P01610,Cohen Victor H,Cohen Victor H,,,C02466,Maison de la Petite Reine,Maison Petite Reine,managing_director,0,,,,21,861
4279,1950,P00993,Cohenca Jacques,Cohenca Jacques,,,C01564,Etablissements Giacomo Cohenca Fils,Etablissements Giacomo Cohenca Fils,director,0,,,,21,861
4280,1950,P01611,Coilin R,Coilin R,,,C02690,Sté d'Entreprises Commerciales en Egypte,Sté d'Entreprises Commerciales en Egypte,director,0,,,,21,861
4281,1950,P00440,Peel Col. E. T,Cole,,,C01402,The Aboukir Cy,The Aboukir Cy,director,0,,,,21,861
4282,1950,P00440,Peel Col. E. T,Cole,,,C02458,Land Agency of Egypt,Land Agency of Egypt,president,0,,,,21,861
4283,1950,P01612,Coles,Coles,,,C02577,Simon Arzt Stores,Simon Arzt Stores,director,0,,,,21,861
4284,1950,P00270,Constant Benjamin,Constant Benjamin,,,C01681,Near,Near,president,0,,,,21,861
4285,1950,P00995,Constant Halford,Constant Halford,,,C00264,Near East,Near East,director,0,,,,21,861
4286,1950,P01613,Constantinidis Ant. G,Constantinidis Ant. G,,,C00449,S.A. des Immeubles d'Egypte,S.A. des Immeubles d'Egypte,director,0,,,,21,861
4287,1950,P01614,Constantinidis Macky,Constantinidis Macky,,,C00373,The Gharbieh Ginning Co,"Gharbieh Ginning Co., S.A",managing_director,0,,,,21,861
4288,1950,P01615,Conti Giovanni Ginoni,Prince Conti Giovanni Ginoni,,prince,C02204,Alexandria Glass & Por- celain Factory,Alexandria Glass & Por- celain Factory,vice_president,0,,,,21,861
4289,1950,P01616,Conty Louis,Conty Louis,,,C02659,Sté Egyptienne des Pétroles,Sté Egyptienne des Pétroles,director,0,,,,21,861
4290,1950,P01617,Thornhill Cooper F.S,Cooper,,,C02413,Ford Motor Co. (Egypt),Ford Motor Co. (Egypt),president,0,,,,21,861
4291,1950,P01618,Cooper F.S. Thornhill,Cooper F.S. Thornhill,,,C02327,Dél. Ford Motor Co. (Egypt),Dél. Ford Motor Co. (Egypt),director,0,,,,21,861
4292,1950,P01619,Couannier Pierre Henry,Couannier Pierre Henry,,,C00104,National Insurance Co. of Egypt,National Insurance Cy. of Egypt,manager,0,,,,21,861
4293,1950,P01619,Couannier Pierre Henry,Couannier Pierre Henry,,,C00104,National Insurance Co. of Egypt,National Insurance Cy. of Egypt,director,0,,,,21,861
4294,1950,P01620,Cosbar Basile,Cosbar Basile,,,C02821,Union des Commerçants en Textiles,Union des Commerçants en Textiles,director,0,,,,21,861
4295,1950,P00275,Cossery Edouard,Cossery Edouard Bey,bey,,C00849,"' d'Administration de la Société Egyptienne pour l'Exploitation des ·Mines et Canières, S.A.E","'Administration de la Société Egyptienne pour l'Exploitation des Mines et Carrières, S.A.E",council_member,0,,,,21,861
4296,1950,P01621,Cottas Nicolas,Cottas Nicolas,,,C02480,Mineral Waters & Wines and Spirits,Mineral Waters & Wines and Spirits,director,0,,,,21,861
4297,1950,P01622,Cousin,Cousin,,,C02651,Sté Egypt. d'Electricité,Sté Eg. d'Electricité,director,0,,,,21,861
4298,1950,P01623,Cozzika,Cozzika,,,C00224,The United Egyptian Nile Transport Co,United Egyptian Nile Transport,director,0,,,,21,861
4299,1950,P01623,Cozzika,Cozzika,,,C00104,National Insurance Co. of Egypt,National Insurance Co. of Egypt,director,0,,,,21,861
4300,1950,P01623,Cozzika,Cozzika,,,C00895,"The Alexandria Racing Club, S.A.E","The Alexandria Racing Club, S. A. E",director,0,,,,21,861
4301,1950,P01623,Cozzika,Cozzika,,,C01917,Sté. Nationale des Matières Plastiques,Sté Nationale des Matières Plastiques,director,0,,,,21,861
4302,1950,P01623,Cozzika,Cozzika,,,C02685,"Sté Nationale du Papier, S.A.E","Sté Nationale du Papier, S.A.E",vice_president,0,,,,21,861
4303,1950,P01623,Cozzika,Cozzika,,,C01386,Egyptian Company for- International Tracte«ECIT»,Egyptian Co. for International Trade« ECIT »,director,0,,,,21,861
4304,1950,P01623,Cozzika,Cozzika,,,C02360,Egyptian Aircraft Engineering Co,Egyptian Aircraft Engineering Co,director,0,,,,21,861
4305,1950,P00674,Cozzika Th. P,Cozzika Théodore Th,,,C00895,"The Alexandria Racing Club, S.A.E","The Alexandria Racing Club, S.A.E",director,0,,,,21,861
4306,1950,P01624,Crawford,Crawford,,,C02494,National Bank of Egypt et Crédit Agricole et Coo,National Bank of Egypt et Crédit Agricole et Coo,director,0,,,,21,861
4307,1950,P01625,Culberston William,Culberston William,,,C01966,The Alexandria Cotton Trading Co,Alexandria Cotton Trading Co,director,0,,,,21,861
4308,1950,P00280,Curie! Maurice E,Curiel Maurice E,,,C01164,Tractor & Engineering Co,Tractor & Engineer- ing Cy,managing_director,0,,,,21,861
4309,1950,P01626,Curmi Edward,Curmi Edward,,,C02262,Cherif Cotton & Trading Co,Cherif Cotton & Trading Co,director,0,,,,21,861
4310,1950,P01627,Curmi Richard,Curmi Richard,,,C00361,"Fabrique des Produits Chimiques, S.A.E",Fabrique des Produits Chimiques,director,0,,,,21,861
4311,1950,P01628,Curwen Christofer A.F,Curwen Christofer A.F,,,C02083,et Secrétaire de la . Sté. Edrei .& Co. Lt.d,et Secrétaire de la Sté Edrei& Co. Ltd,director,0,,,,21,861
4312,1950,P00676,Dabbah Maurice,Dabbah Maurice,,,C02288,Conseils d'Administration de The Cairo Suburban Building Land Co,Conseils d'Administration de The Cairo Suburban Building Land Co,member,0,,,,21,862
4313,1950,P00676,Dabbah Maurice,Dabbah Maurice,,,C00086,The Gharbieh Land Co,Gharbieh Land Co,member,0,,,,21,862
4314,1950,P00676,Dabbah Maurice,Dabbah Maurice,,,C00094,Koubbeh Gardens,Koubbeh Gardens,liquidator,0,,,,21,862
4315,1950,P01629,Dale Major G,Dale Major G,,,C00074,The Egyptian Delta Land & Investment Cy,Egyptian Delta Land & Invest- ment Co,director,0,,,,21,862
4316,1950,P01629,Dale Major G,Dale Major G,,,C00074,The Egyptian Delta Land & Investment Cy,Egyptian Delta Land & Invest- ment Co,general_manager,0,,,,21,862
4317,1950,P01630,Dale Henry,Dale Henry,,,C02438,Imperial Trading Co,Imperial Trading Co,president,0,,,,21,862
4318,1950,P01631,Dansey C.M,Dansey C.M,,,C02579,Smelting Co,Smelting Co,director,0,,,,21,862
4319,1950,P01632,Daramalli Ahmed,Daramalli Ahmed Bey,bey,,C01545,Egyptian Mining & Prospecting Co .. S.A.E,Egyptian Mining & Prospecting Co,director,0,,,,21,862
4320,1950,P01633,Darwiche Iskandar,Darwiche Iskandar,,,C01640,Lotus Navigation Cy,Lotus Navigation Co,director,0,,,,21,862
4321,1950,P01634,Davezac Guy,Davezac Guy,,,C00576,"Société Immobilière d'Alexandrie, S.A.F","Société Immobilière d'Alexandrie, S.A.F",manager,0,,,,21,862
4322,1950,P01634,Davezac Guy,Davezac Guy,,,C00576,"Société Immobilière d'Alexandrie, S.A.F","Société Immobilière d'Alexandrie, S.A.F",president,0,,,,21,862
4323,1950,P01001,Davies Thomas E. H,Davies Thomas E.H,,,C00656,The Choremi Benachi Cotton Co,Choremi Benachi Cotton Co,director,0,,,,21,862
4324,1950,P00282,Davis T. A,Davis T. A,,,C00571,Société Générale de Pressage,Société Générale de Pressage,manager,0,,,,21,862
4325,1950,P00282,Davis T. A,Davis T. A,,,C00571,Société Générale de Pressage,Société Générale de Pressage,president,0,,,,21,862
4326,1950,P00282,Davis T. A,Davis T. A,,,C00571,Société Générale de Pressage,Société Générale de Pressage,director,0,,,,21,862
4327,1950,P00282,Davis T. A,Davis T. A,,,C00346,Dépôts,Dépôts,manager,0,,,,21,862
4328,1950,P00282,Davis T. A,Davis T. A,,,C00346,Dépôts,Dépôts,president,0,,,,21,862
4329,1950,P00282,Davis T. A,Davis T. A,,,C00346,Dépôts,Dépôts,director,0,,,,21,862
4330,1950,P01002,Delacave Paul,Delacave Paul,,,C00042,Cairo-Heliopolis,Cairo Heliopolis,managing_director,0,,,,21,862
4331,1950,P01002,Delacave Paul,Delacave Paul,,,C00213,Egyptian Hotels,Egyptian Hotels,managing_director,0,,,,21,862
4332,1950,P01002,Delacave Paul,Delacave Paul,,,C02651,Sté Egypt. d'Electricité,Sté Egypt. d'Electricité,director,0,,,,21,862
4333,1950,P01003,Delany Arthur S,Delany Arthur S,,,C02797,The Marconi Radio Tele- graph Co. of Egypt,The Marconi Radio Tele- graph Co. of Egypt,president,0,,,,21,862
4334,1950,P01635,Delbourgo Daniel E,Delbourgo Daniel E,,,C02251,Carver Cotton Co,Carver Cotton Co,director,0,,,,21,862
4335,1950,P01636,Delemer Jean,Delemer Jean,,,C01698,Orient Linen Industry,Orient Linen Industry,director,0,,,,21,862
4336,1950,P01637,Delenda Mtre. Albert,Delenda Mtre. Albert,,,C02307,Dehydration Co. of Egypt,Dehydration Co. of Egypt,director,0,,,,21,862
4337,1950,P00287,Dellaporta Byron G,Dellaporta Byron G,,,C00276,Alexandria Commercial Co,Alexandria Commercial Co. S.A,president,0,,,,21,862
4338,1950,P00287,Dellaporta Byron G,Dellaporta Byron G,,,C00276,Alexandria Commercial Co,Alexandria Commercial Co. S.A,managing_director,0,,,,21,862
4339,1950,P00287,Dellaporta Byron G,Dellaporta Byron G,,,C00453,S.A. Immobilière des Terrains Ghizeh et Rodah,S.A. Immobilière des Terrains Guizeh-Rodah,president,0,,,,21,862
4340,1950,P00287,Dellaporta Byron G,Dellaporta Byron G,,,C00453,S.A. Immobilière des Terrains Ghizeh et Rodah,S.A. Immobilière des Terrains Guizeh-Rodah,managing_director,0,,,,21,862
4341,1950,P00287,Dellaporta Byron G,Dellaporta Byron G,,,C02716,Sté. Eg. d'Egrenage,Sté. Eg. d'Egrenage,president,0,,,,21,862
4342,1950,P00287,Dellaporta Byron G,Dellaporta Byron G,,,C00080,Entrepôts,Entrepôts,president,0,,,,21,862
4343,1950,P00287,Dellaporta Byron G,Dellaporta Byron G,,,C00016,Alexandria Insurance Co,Alexandria Insurance Co. S.A.E,vice_president,0,,,,21,862
4344,1950,P00287,Dellaporta Byron G,Dellaporta Byron G,,,C02840,del'Abou Zaabal & Kafr Zayat Fertilizer and Chemical Cy(AKFAC),del'Abou Zaabal & Kafr Zayat Fertilizer and Chemical Cy(AKFAC),vice_president,0,,,,21,862
4345,1950,P00287,Dellaporta Byron G,Dellaporta Byron G,,,C00127,S.A. des Presses Libres Egyptiennes,S.A. des Presses Libres Egyptiennes,director,0,,,,21,862
4346,1950,P00287,Dellaporta Byron G,Dellaporta Byron G,,,C02181,A lexandria Life Insurance Co. S.A.E,A lexandria Life Insurance Co. S.A.E,director,0,,,,21,862
4347,1950,P01638,Dello Strologo Georges,Dello Strologo Georges,,,C02282,Conseil Surveillance de The Angelil Trading Co,Conseil de Surveillance Angelil Trading Co,president,0,,,,21,862
4348,1950,P01638,Dello Strologo Georges,Dello Strologo Georges,,,C02313,Drossos Co. Ltd,Drossos Co. Ltd,president,0,,,,21,862
4349,1950,P01018,Artistes Français Paris,Agronomique de Paris,,,C00128,S.A. du Béhéra,S.A. du Béhéra,director,0,,,,21,862
4350,1950,P01018,Artistes Français Paris,Agronomique de Paris,,,C00096,Land Bank of Egypt,Land Bank of Egypt,managing_director,0,,,,21,862
4351,1950,P01639,Demonts Madame Laure,Demonts Madame Laure,,,C02241,Bassili Pacha Timber Co,Bassili Pacha Timber Co,director,0,,,,21,863
4352,1950,P01640,Demonts Roger,Demonts Roger,,,C02241,Bassili Pacha Timber Co,Bassili Pacha Timber Co,director,0,,,,21,863
4353,1950,P01641,Denham M,Denham M,,,C02848,et Secrétaire Sinai Mining Co,et Secrétaire Sinai Mining Co,director,0,,,,21,863
4354,1950,P01642,Dermarkar Mathieu,Dermarkar Mathieu,,,C02518,Nile Works,Nile Works,director,0,,,,21,863
4355,1950,P01643,Dervieu Jean,Dervieu Jean,,,C02489,Monts de Piétés Egyptiens,Monts de Piété Egyptiens,director,0,,,,21,863
4356,1950,P01006,Diab Emile,Diab Emile,,,C01454,Building & Engineering Supplies Co,Building & Engineering Supplies Co,president,0,,,,21,863
4357,1950,P01006,Diab Emile,Diab Emile,,,C01414,The Alexandria & Khartoum Trading Corp,Alexandria and Khartoum Trading Corp,director,0,,,,21,863
4358,1950,P01644,Diab Nicolas,Diab Nicolas,,,C01454,Building & Engineering Supplies Co,Building & Engineering Supplies Co. S. A. E,managing_director,0,,,,21,863
4359,1950,P01644,Diab Nicolas,Diab Nicolas,,,C02444,"The Industrial & Mechanical Supplies Co., S.A.E","The Industrial & Mechanical Supplies Co., S.A.E",director,0,,,,21,863
4360,1950,P00681,Dvac:ono Hector V,Diacono Hector V,,,C02048,"The United Storage Navigati,on & Commercial Cy","The United Storage Navigati,on & Commercial Cy",general_manager,0,,,,21,863
4361,1950,P00681,Dvac:ono Hector V,Diacono Hector V,,,C02048,"The United Storage Navigati,on & Commercial Cy","The United Storage Navigati,on & Commercial Cy",director,0,,,,21,863
4362,1950,P00856,Abdel Latif Moussa,Dicby Moussa Bey,bey,,C01126,The Anglo-Belgian Co,Anglo-Belgian Co,director,0,,,,21,863
4363,1950,P00856,Abdel Latif Moussa,Dicby Moussa Bey,bey,,C02784,The Egyp- tian Finance Cy,The Egyp- tian Finance Cy,director,0,,,,21,863
4364,1950,P01005,Dib Georges,Dib Georges,,,C02275,Commercial and Estates Co. of Egypt,Commercial & Estates Co. of Egypt,director,0,,,,21,863
4365,1950,P01005,Dib Georges,Dib Georges,,,C02275,Commercial and Estates Co. of Egypt,Commercial & Estates Co. of Egypt,manager,0,,,,21,863
4366,1950,P01645,Dilaveri Alexandre,Dilaveri Alexandre,,,C02387,Electrical Development Co,Electrical Development Co,director,0,,,,21,863
4367,1950,P01646,Dilaveri Antoine,Dilaveri Antoine,,,C02480,Mineral Waters & Wines and Spirits,Mineral Waters & Wines and Spirits,director,0,,,,21,863
4368,1950,P00682,Dïmopoulo D,Dimopoulo C,,,C02782,The Consolidated Landed In- terests (Egypt),The Consolidated Landed In- terests (Egypt),managing_director,0,,,,21,863
4369,1950,P00682,Dïmopoulo D,Dimopoulo C,,,C02048,"The United Storage Navigati,on & Commercial Cy",United Storage Navigation & Commercial Cy,director,0,,,,21,863
4370,1950,P00682,Dïmopoulo D,Dimopoulo D,,,C00224,The United Egyptian Nile Transport Co,The United Egyptian Nile Transport Co,managing_director,0,,,,21,863
4371,1950,P00682,Dïmopoulo D,Dimopoulo D,,,C02048,"The United Storage Navigati,on & Commercial Cy",United Storage Navigation& Commercial Cy,director,0,,,,21,863
4372,1950,P01647,Djanikian Boghos,Djanikian Boghos,,,C02444,"The Industrial & Mechanical Supplies Co., S.A.E",Industrial & Mechanical Supplies Co,managing_director,0,,,,21,863
4373,1950,P01008,Djeddah Eli~ N,Djeddah Elie N,,,C00078,The Egyptian Salt & Soda Cy. Ltd,Egyptian Salt & Soda Cy Ltd,director,0,,,,21,863
4374,1950,P01648,Djeddaoui Hassan,Djeddaoui Hassan,,,C02268,Cigarettes Nestor Gianaclis & Unitas Trading Co,Cigarettes Nestor Gianaclis & Unitas Trading Co,director,0,,,,21,863
4375,1950,P01648,Djeddaoui Hassan,Djeddaoui Hassan,,,C01167,"Unitas Trading & Financial Co., S.A.E",Unitas Trading & Financial Co,president,0,,,,21,863
4376,1950,P00683,Doligez Marcel Auguste Joseph,Doligez Marcel Auguste Joseph,,,C01791,Société Egyptienne de Teinture,Société Egyptienne de Teinture,director,0,,,,21,864
4377,1950,P00683,Doligez Marcel Auguste Joseph,Doligez Marcel Auguste Joseph,,,C01427,Apprêt,Apprêt,director,0,,,,21,864
4378,1950,P00684,Dorra Haim,Dorra Haim,,,C00548,Société Egyptienne de l'Industrie de Bonneterie,Société pour l'Industrie de Bonneterie,director,0,,,,21,864
4379,1950,P00684,Dorra Haim,Dorra Haim,,,C02615,"Société Misr pourl'Industrie Pharmaceutique, S.A.E","Société Misr pourl'Industrie Pharmaceutique, S.A.E",director,0,,,,21,864
4380,1950,P00684,Dorra Haim,Dorra Haim,,,C01894,Sté. Eg. de l'Industrie de la Bonneterie,Sté Eg. de l'Industrie de Bonneterie,director,0,,,,21,864
4381,1950,P01649,Doss Emile Tewfili:,Doss Emile Tewfili:,,,C02668,Sté Hinshelwood Paint & Oil Cy of Egypt,Sté Hinshelwood Paint & Oil Cy of Egypt,president,0,,,,21,864
4382,1950,P01649,Doss Emile Tewfili:,Doss Emile Tewfili:,,,C01923,"Sté. The Clothing ,& Equipment Cy. of Egypt",Sté The Clothing & Equipment Cy of Egypt,director,0,,,,21,864
4383,1950,P01012,Doss Mtre. Wahib,Doss Mtre Wahib Bey,bey,,C00675,The Egyptian Land & Buildings Co,The Egyptian Land & Buildings Co,president,0,,,,21,864
4384,1950,P01012,Doss Mtre. Wahib,Doss Mtre Wahib Bey,bey,,C00051,Commercial Bank of Egypt,Commercial Bank of Egypt,vice_president,0,,,,21,864
4385,1950,P01012,Doss Mtre. Wahib,Doss Mtre Wahib Bey,bey,,C01486,Commercial Insurance Cy. of Egypt,Commercial Insurance Cy of Egypt,vice_president,0,,,,21,864
4386,1950,P01012,Doss Mtre. Wahib,Doss Mtre Wahib Bey,bey,,C02611,Société Mi sr pour le Lin,Société Mi sr pour le Lin,director,0,,,,21,864
4387,1950,P01650,Dreyfus Richard,Dreyfus Richard,,,C02238,Banque Mosseri,Banque Mosseri,director,0,,,,21,864
4388,1950,P01651,Dnbied Pierre Neuchâtel,Dnbied Pierre Neuchâtel,,,C02843,dela Société Egyptienne de,dela Société Egyptienne de,director,0,,,,21,864
4389,1950,P01652,Dubray Alexandre,Dubray Alexandre,,,C02671,Sté. Immobilière de Zamalek,Sté. Immobilière de Zamalek,president,0,,,,21,864
4390,1950,P01653,Dubray Joseph,Dubray Joseph,,,C02671,Sté. Immobilière de Zamalek,Sté Immobilière de Zamalek,vice_president,0,,,,21,864
4391,1950,P01014,Dudler Joseph,Dudler Joseph,,,C00711,The Upper Egypt Ginning Co,Upper Egypt Mining Cy,managing_director,0,,,,21,864
4392,1950,P01015,Dukes Eric,Dukes Eric. M.A,,,C00453,S.A. Immobilière des Terrains Ghizeh et Rodah,S.A. Immobilière des Terrains Ghizeh & Rodah,vice_president,0,,,,21,864
4393,1950,P01015,Dukes Eric,Dukes Eric. M.A,,,C02686,Sté Orientale de Publicité,Sté Orientale de Publicité,director,0,,,,21,864
4394,1950,P01015,Dukes Eric,Dukes Eric. M.A,,,C01936,Sté. des Produits Centrifugés en Ciment,Sté des Produits Centrifugés en Ciment,director,0,,,,21,864
4395,1950,P01017,Edrei Elie,Edrei Elie,,,C01528,"«Edrei & Co., Ltd. »","«Edrei & Co., Ltd. »",president,0,,,,21,864
4396,1950,P01654,Edrei Max,Edrei Max,,,C00675,The Egyptian Land & Buildings Co,The Egyptian Land & Buildings Co,director,0,,,,21,864
4397,1950,P01654,Edrei Max,Edrei Max,,,C01946,Surveillance de la Manufacture Nationale de Couvertures et Lainages (A. Saltiel & Co.),Surveillance de la Manufacture Nationale de Couvertures et Lainages (A. Saltiel & Co.),council_member,0,,,,21,864
4398,1950,P01655,Eiche Roger,Eiche Roger,,,C02691,Sté de Publications Egyptiennes,Sté de Publications Egyptiennes,director,0,,,,21,865
4399,1950,P01656,Eid Jean,Eid Jean,,,C02637,Sté Agricole et Fermière FERMAG et Sté An. Agricole et Industrielle d'Egypte,Sté Agricole et Fermière FERMAG et Sté An. Agricole et Industrielle d'Egypte,director,0,,,,21,865
4400,1950,P01657,Eid Raymond,Eid Raymond,,,C02153,-Contrôleur en Egypte de la S.A. des Monts de Piété Egyptiens,-Contrôleur en Egypte de la S.A. des Monts de Piété Egyptiens,director,0,,,,21,865
4401,1950,P01657,Eid Raymond,Eid Raymond,,,C02298,Crédit d'Orient,Crédit d'Orient,vice_president,0,,,,21,865
4402,1950,P01657,Eid Raymond,Eid Raymond,,,C00306,Caisse Hypothécaire d'Egypte,Caisse Hypothécaired'Egypte,director,0,,,,21,865
4403,1950,P01657,Eid Raymond,Eid Raymond,,,C02043,Transport & Engineering Cy,Transport & Engineering Cy,director,0,,,,21,865
4404,1950,P00687,Totah Ibrahim Eid,Eid,,,C02411,Fish and Produce Assoc,Fish and Produce Assoc,director,0,,,,21,865
4405,1950,P01020,El Chaféi Abdel Salam,El Chaféi Abdel Salam,,,C02662,Sté Foncière d'Egypte,Sté Foncière d'Egypte,director,0,,,,21,865
4406,1950,P01020,El Chaféi Abdel Salam,El Chaféi Abdel Salam,,,C02662,Sté Foncière d'Egypte,Sté Foncière d'Egypte,president,0,,,,21,865
4407,1950,P01020,El Chaféi Abdel Salam,El Chaféi Abdel Salam,,,C02662,Sté Foncière d'Egypte,Sté Foncière d'Egypte,managing_director,0,,,,21,865
4408,1950,P01020,El Chaféi Abdel Salam,El Chaféi Abdel Salam,,,C02662,Sté Foncière d'Egypte,Sté Foncière d'Egypte,vice_president,0,,,,21,865
4409,1950,P01658,Elefthérion Gabriel,Elefthérion Gabriel,,,C02770,The Abu Zaabal & Kafr,The Abu Zaabal & Kafr,director,0,,,,21,865
4410,1950,P01658,Elefthérion Gabriel,Elefthérion Gabriel,,,C02770,The Abu Zaabal & Kafr,The Abu Zaabal & Kafr,general_manager,0,,,,21,865
4411,1950,P01659,El Zayat Fertilizer Co,El Zayat Fertilizer Co,,,C01832,Société Misr pour le Lin,Société Misr pour le Lin,managing_director,0,,,,21,865
4412,1950,P01660,Elia Bondi,Elia Bondi,,,C02665,Sté Gle Pressage et Dépôts et Sté Cotonnière d'Egypte,Sté Gle Pressage et Dépôts et Sté Cotonnière d'Egypte,director,0,,,,21,865
4413,1950,P01022,Eliakim Albert,Eliakim Albert,,,C01690,Nile Brewery,Nile Brewery,director,0,,,,21,865
4414,1950,P01661,El Masri Habib F'acha,S.E. El Masri Habib F'acha,,s.e.,C02024,The Union Cotton Cy. of Alexandria,The Union Cotton Cy of Alexandria,director,0,,,,21,865
4415,1950,P01661,El Masri Habib F'acha,S.E. El Masri Habib F'acha,,s.e.,C01442,Banque Zilkha,Banque Zilkha,director,0,,,,21,865
4416,1950,P01024,El-Menzalaoui Moustafa Me,El-Menzalaoui Moustafa Me,,,C01904,Sté. Egyptienne pour la Fabrication,Sté Egyptienne pour la Fabrication,director,0,,,,21,865
4417,1950,P01024,El-Menzalaoui Moustafa Me,El-Menzalaoui Moustafa Me,,,C01567,Exportation des Conserves,Exportation des Conserves,director,0,,,,21,865
4418,1950,P01024,El-Menzalaoui Moustafa Me,El-Menzalaoui Moustafa Me,,,C02638,"Sté Agricole et Urbaine « Le Fayoum ». Elo ui, Aziz, Ingénieur Diplômé de l) Ecole Royale Polytechnique de Guizeh) Le Caire","Sté Agricole et Urbaine « Le Fayoum ». Elo ui, Aziz, Ingénieur Diplômé de l) Ecole Royale Polytechnique de Guizeh) Le Caire",director,0,,,,21,865
4419,1950,P01024,El-Menzalaoui Moustafa Me,El-Menzalaoui Moustafa Me,,,C01851,"Société de Ciment Portland de Helouan, S.A.E","Société de Ciment Portland de Hélouan, S.A.E",director,0,,,,21,865
4420,1950,P01024,El-Menzalaoui Moustafa Me,El-Menzalaoui Moustafa Me,,,C00309,"Carrier-Egypt, S.A.E","Carrier-Egypt, S.A.E",director,0,,,,21,865
4421,1950,P01024,El-Menzalaoui Moustafa Me,El-Menzalaoui Moustafa Me,,,C00618,"The Standard Oil Co. of Egypt, S.A",Standard Oil Co. of Egypt,director,0,,,,21,865
4422,1950,P01024,El-Menzalaoui Moustafa Me,El-Menzalaoui Moustafa Me,,,C01658,"The Misr Concrète Development Co., S.A.E","Misr Concrete Development Co., .S.A.E",director,0,,,,21,865
4423,1950,P01662,HEL » S.A.E,HEL » S.A.E,,,C02361,Egyptian Aircraft Engineering Company ( S.A.E.),Egyptian Aircraft Engineering Company ( S.A.E.),managing_director,0,,,,21,865
4424,1950,P01663,Elstein S,Elstein S,,,C02162,-Dél. Les Grands Comptoirs d'Egypte,-Dél. Les Grands Comptoirs d'Egypte,director,0,,,,21,865
4425,1950,P01027,El Toukhy Hassan Ahmed,El Toukhy Hassan Ahmed,,,C00729,"Toukhy's Co. for Sundries & Toys, S.A.E","Toukhy's Co. for Sundries & Toys, S.A.E",president,0,,,,21,865
4426,1950,P01027,El Toukhy Hassan Ahmed,El Toukhy Hassan Ahmed,,,C00729,"Toukhy's Co. for Sundries & Toys, S.A.E","Toukhy's Co. for Sundries & Toys, S.A.E",managing_director,0,,,,21,865
4427,1950,P01028,Eman André,Dr. Eman André,,dr.,C01808,Société Générale de Placement Financier et Industriel,Société Générale de Placement Financier et Industriel,director,0,,,,21,866
4428,1950,P01029,Empain Baron Edouard,Empain Baron Edouard,,,C02436,Immobilière Masr El Guédida,Immobilière Masr El Guédida,president,0,,,,21,866
4429,1950,P01029,Empain Baron Edouard,Empain Baron Edouard,,,C00200,The Cairo Electric Railways and Heliopolis Oases Co,The Cairo Electric Railways and Heliopolis Oases Co,president,0,,,,21,866
4430,1950,P01029,Empain Baron Edouard,Empain Baron Edouard,,,C02771,The African Enterprise& Development Cy et Egyptian Hotels Ltd,The African Enterprise& Development Cy et Egyptian Hotels Ltd,president,0,,,,21,866
4431,1950,P01029,Empain Baron Edouard,Empain Baron Edouard,,,C00536,Société Egyptienne d'Electricité,Société Egyptienne d'Electricité,vice_president,0,,,,21,866
4432,1950,P01029,Empain Baron Edouard,Empain Baron Edouard,,,C00478,S.A. des Tramways du Caire,S.A. des Tramways du Caire,vice_president,0,,,,21,866
4433,1950,P01029,Empain Baron Edouard,Empain Baron Edouard,,,C02644,"Sté Belge Electro-rail, etc","Sté Belge Electro-rail, etc",president,0,,,,21,866
4434,1950,P00312,Empain Baron Louis,Empain Baron Louis,,,C02855,nombreu ses Sociétés belges et étrangères,nombreu ses Sociétés belges et étrangères,director,0,,,,21,866
4435,1950,P00313,Empedocles Gregory,Empedocles Gregory,,,C00320,Commercial Bank of the Near East,Commercial Bank of The Near East,director,0,,,,21,866
4436,1950,P01664,Enan Ahmed,Enan Ahmed,,,C02678,Sté Misr pour l'Industrie Pharmaceutique,Sté Misr pour l'Industrie Pharmaceutique,manager,0,,,,21,866
4437,1950,P01664,Enan Ahmed,Enan Ahmed,,,C02678,Sté Misr pour l'Industrie Pharmaceutique,Sté Misr pour l'Industrie Pharmaceutique,director,0,,,,21,866
4438,1950,P01664,Enan Ahmed,Enan Ahmed,,,C02838,autres Sociétés. r,autres Sociétés. r,manager,0,,,,21,866
4439,1950,P01664,Enan Ahmed,Enan Ahmed,,,C02838,autres Sociétés. r,autres Sociétés. r,director,0,,,,21,866
4440,1950,P01665,Enan Pacha Hussein Mahmoud,S.E. Enan Pacha Hussein Mahmoud,,s.e.,C01398,AKFAC,«AKFAC»,president,0,,,,21,866
4441,1950,P01665,Enan Pacha Hussein Mahmoud,S.E. Enan Pacha Hussein Mahmoud,,s.e.,C01398,AKFAC,«AKFAC»,director,0,,,,21,866
4442,1950,P01665,Enan Pacha Hussein Mahmoud,S.E. Enan Pacha Hussein Mahmoud,,s.e.,C00224,The United Egyptian Nile Transport Co,United Egyptian Nile Transport,president,0,,,,21,866
4443,1950,P01665,Enan Pacha Hussein Mahmoud,S.E. Enan Pacha Hussein Mahmoud,,s.e.,C00224,The United Egyptian Nile Transport Co,United Egyptian Nile Transport,director,0,,,,21,866
4444,1950,P01665,Enan Pacha Hussein Mahmoud,S.E. Enan Pacha Hussein Mahmoud,,s.e.,C01885,Sté. An. des Presses Libres Egyptiennes,Sté Presses Libres Egyptiennes,vice_president,0,,,,21,866
4445,1950,P01665,Enan Pacha Hussein Mahmoud,S.E. Enan Pacha Hussein Mahmoud,,s.e.,C01918,Sté. Nationale du Papier,Sté Nationale du Papier,director,0,,,,21,866
4446,1950,P01665,Enan Pacha Hussein Mahmoud,S.E. Enan Pacha Hussein Mahmoud,,s.e.,C02170,-Dél. de l' Alexandria Portland Cement Co,-Dél. de l' Alexandria Portland Cement Co,director,0,,,,21,866
4447,1950,P00690,Enan Saleh,S.E. Enan Saleh Pacha,pasha,s.e.,C02694,Sté du Ciment Portland Hélouan,Sté du Ciment Portland Hélouan,president,0,,,,21,866
4448,1950,P00690,Enan Saleh,S.E. Enan Saleh Pacha,pasha,s.e.,C02696,Sté « Egyptian Cement Products »,Sté « Egyptian Cement Products »,president,0,,,,21,866
4449,1950,P00690,Enan Saleh,S.E. Enan Saleh Pacha,pasha,s.e.,C02211,Alexandria Portland Cement Co,Alexandria Portland Cement Co,vice_president,0,,,,21,866
4450,1950,P00690,Enan Saleh,S.E. Enan Saleh Pacha,pasha,s.e.,C02675,Sté Misr Produits Pharmaceutiques,Sté Misr Produits Pharmaceutiques,director,0,,,,21,866
4451,1950,P00690,Enan Saleh,S.E. Enan Saleh Pacha,pasha,s.e.,C02408,Filature Misr de Kafr El Dawar,Filature Misr de Kafr El Dawar,director,0,,,,21,866
4452,1950,P00690,Enan Saleh,S.E. Enan Saleh Pacha,pasha,s.e.,C02688,Sté Sinaï Mining Co,Sté Sinaï Mining Co,president,0,,,,21,866
4453,1950,P00691,Epaulard P,Epaulard P,,,C01410,Agence du Crédit Lyonnais au Caire,Agence du Crédit Lyonnais au Caire,manager,0,,,,21,866
4454,1950,P01666,Erdoes Koleman,Erdoes Koleman,,,C02317,Dél. Cie Commerciale Cotonnière,Dél. Cie Commerciale Cotonnière,director,0,,,,21,866
4455,1950,P00315,Erfan Mohamed,Erfan Mohamed Bey,bey,,C00041,The Cairo Suburban Building Land Co,Cairo Suburban Building Lands,director,0,,,,21,866
4456,1950,P01667,Escher W,Escher W,,,C02666,Sté. Générale Pressage et Dépôts,Sté Générale Pressage et Dépôts,director,0,,,,21,866
4457,1950,P01032,Estabrook Edward Lewis,Estabrook Edward Lewis,,,C02808,The St~ndard Oil Co. of Egypt S.A,The St~ndard Oil Co. of Egypt S.A,director,0,,,,21,866
4458,1950,P01033,Eugenides Eugène,Eugenides Eugène,,,C01597,General Navigation Co. of Egypt,General Navigation Cy of Egypt,vice_president,0,,,,21,866
4459,1950,P00694,Ezri Raymond,Ezri Raymond,,,C00068,Dakahlieh Land Co,Dakahlieh Land Co,director,0,,,,21,866
4460,1950,P00694,Ezri Raymond,Ezri Raymond,,,C01874,Sté,Sté,director,0,,,,21,866
4461,1950,P01668,Travaux Publics,Travaux Publics,,,C02524,Officielprès l' Alexandria Water Cy Ltd,Officielprès l' Alexandria Water Cy Ltd,director,0,,,,21,866
4462,1950,P00695,Fahmi Gallini,S.E. Fahmy Gallini Pacha,pasha,s.e.,C01512,Crédit Agricole,Crédit Agricole,director,0,,,,21,867
4463,1950,P00695,Fahmi Gallini,S.E. Fahmy Gallini Pacha,pasha,s.e.,C01513,Crédit Hypothécaire Egyptien,Crédit Hypothécaire Egyptien,director,0,,,,21,867
4464,1950,P00695,Fahmi Gallini,S.E. Fahmy Gallini Pacha,pasha,s.e.,C02630,Société du Croissant Rouge,Société du Croissant Rouge,vice_president,0,,,,21,867
4465,1950,P00695,Fahmi Gallini,S.E. Fahmy Gallini Pacha,pasha,s.e.,C01776,Société Copte de Bienfaisance,Société Copte de Bienfaisance,member,0,,,,21,867
4466,1950,P00058,Fakhry Mahmoud,S.E. Fakhry Mahmoud Pacha,pasha,s.e.,C00200,The Cairo Electric Railways and Heliopolis Oases Co,The Cairo Electric Railways & Heliopolis Oases Co,vice_president,0,,,,21,867
4467,1950,P00058,Fakhry Mahmoud,S.E. Fakhry Mahmoud Pacha,pasha,s.e.,C00468,S.A. des Eaux du Caire,S.A. des Eaux du Caire,director,0,,,,21,867
4468,1950,P00058,Fakhry Mahmoud,S.E. Fakhry Mahmoud Pacha,pasha,s.e.,C02265,Cie du Canal de Suez,Cie du Canal de Suez,director,0,,,,21,867
4469,1950,P00696,Fanner William Rogers,Fanner William Rogers,,,C01177,"a. L. de l'Imperial Chemical Industries (Egypt), S.A",Imperial Chemical Industries(Egypt) S.A,president,0,,,,21,867
4470,1950,P00696,Fanner William Rogers,Fanner William Rogers,,,C00217,The General Accident Fire and Life Assurance Corporation Ltd,The General Accident Fire & Life Assurance Corporation Ltd,president,0,,,,21,867
4471,1950,P00696,Fanner William Rogers,Fanner William Rogers,,,C02807,"The Standard Oil Company of Egypt S.A., Carrier-Egypt S.A.E","The Standard Oil Company of Egypt S.A., Carrier-Egypt S.A.E",director,0,,,,21,867
4472,1950,P01669,Farah Dr. Antoine,Farah Dr. Antoine,,,C02518,Nile Works,Nile Works,director,0,,,,21,867
4473,1950,P01670,Farahat Vita,Farahat Vita,,,C02564,"S.E. de Tuyaux, Poteaux et Produits en Ciment Armé","S.E. de Tuyaux, Poteaux et Produits en Ciment Armé",director,0,,,,21,867
4474,1950,P01670,Farahat Vita,Farahat Vita,,,C02238,Banque Mosseri,Banque Mosseri,director,0,,,,21,867
4475,1950,P01671,Sarofim Farès,Farès,,,C02656,Sté Egypt. des Industries Chimiques,Sté Egypt. des Industries Chimiques,director,0,,,,21,867
4476,1950,P01672,Farès Henry,Farès Henry,,,C02779,"The Bassili Pacha Timber Cy., de la Sté Orientale Cinéma","The Bassili Pacha Timber Cy., de la Sté Orientale Cinéma",director,0,,,,21,867
4477,1950,P01672,Farès Henry,Farès Henry,,,C02693,"Sté des Industries Modernes du Bâtiment, S.A.E",Sté des Industries Modernes du Bâtiment,director,0,,,,21,867
4478,1950,P01035,Farès Youssef,Farès Youssef,,,C02287,Conseils d' Administration des S.A.E. suivantes,Conseils d' Administration des S.A.E. suivantes,council_member,0,,,,21,867
4479,1950,P01035,Farès Youssef,Farès Youssef,,,C02287,Conseils d' Administration des S.A.E. suivantes,Conseils d' Administration des S.A.E. suivantes,president,0,,,,21,867
4480,1950,P01035,Farès Youssef,Farès Youssef,,,C02847,"et A dm. Dél. Sté Orientale du Cinéma, S.A.E","et A dm. Dél. Sté Orientale du Cinéma, S.A.E",president,0,,,,21,867
4481,1950,P01035,Farès Youssef,Farès Youssef,,,C02693,"Sté des Industries Modernes du Bâtiment, S.A.E","Sté des Industries Modernes du Bâtiment, S.A.E",president,0,,,,21,867
4482,1950,P01035,Farès Youssef,Farès Youssef,,,C02287,Conseils d' Administration des S.A.E. suivantes,Conseils d'Administration des S.A.E. suivantes,member,0,,,,21,867
4483,1950,P01673,Farid Bey El Masri,S.E. Farid Bey El Masri,,s.e.,C02047,United Enterprises,United Enterprises,director,0,,,,21,867
4484,1950,P01037,Farghaly Abdel Aziz Ahmed,Farghaly Abdel Aziz Ahmed,,,C02326,Dél. Farghaly Cotton & Investment Cy,Dél. Farghaly Cotton & Investment Cy,director,0,,,,21,867
4485,1950,P01037,Farghaly Abdel Aziz Ahmed,Farghaly Abdel Aziz Ahmed,,,C02419,Gabbary Land Co,Gabbary Land Co,director,0,,,,21,867
4486,1950,P01674,Farghaly Aly Ahmed,Farghaly Aly Ahmed,,,C01885,Sté. An. des Presses Libres Egyptiennes,Sté An. des Presses Libres Egyptiennes,director,0,,,,21,868
4487,1950,P01674,Farghaly Aly Ahmed,Farghaly Aly Ahmed,,,C01571,Farghaly Cotton & Investment Cy,Farghaly Cotton and Investment Cy,delegate,0,,,,21,868
4488,1950,P01674,Farghaly Aly Ahmed,Farghaly Aly Ahmed,,,C00711,The Upper Egypt Ginning Co,Upper Egypt Ginning Co,director,0,,,,21,868
4489,1950,P01674,Farghaly Aly Ahmed,Farghaly Aly Ahmed,,,C02227,Associated Cotton Ginners of Egypt (Anglaise),Associated Cotton Ginners of Egypt (Anglaise),director,0,,,,21,868
4490,1950,P01675,Fathalla Bey El Borini,Fathalla Bey El Borini,,,C02394,F'abrique des Produits Chimiques,F'abrique des Produits Chimiques,director,0,,,,21,868
4491,1950,P01676,Fathi Mansour El Kekhia Mtre,Fathi Mansour El Kekhia Mtre,,,C02529,Pinto Cotton Co. et,Pinto Cotton Co. et,director,0,,,,21,868
4492,1950,P01677,Fauqueux Arthur,Fauqueux Arthur,,,C01497,"Comptoir Auxiliaire d'Entreprises, S.A.E","Comptoir Auxiliaire d'Entreprises, S.A.E",director,0,,,,21,868
4493,1950,P01678,Feith,Feith,,,C00462,S.A. des Bières Bomonti -& Pyramides,S.A. Bières Bomonti & Pyramides,director,0,,,,21,868
4494,1950,P01038,Feldman 1. R.,Feldman I. R. Bey,bey,,C02504,"National Theaters Cy, S.A.E","National Theaters Cy, S.A.E",director,0,,,,21,868
4495,1950,P00059,Fenderl Hugo,Fenderl Hugo,,,C01491,"Compagnie Commerciale Cotonnière, S.A.E. (Ex-Fenderl & Co.}","Compagnie Commerciale Cotonnière, S.A.E. (Ex-Fenderl & Co.)",vice_president,0,,,,21,868
4496,1950,P01679,Ferrier H. J. L,Ferrier H. J. L,,,C01683,Near East Pharmaceutical et Commercial Cy S.A.E,Near East Pharmaceutical & Commercial Co,director,0,,,,21,868
4497,1950,P01679,Ferrier H. J. L,Ferrier H. J. L,,,C00067,Crédit Immobilier Suisse-Egyptien,Crédit Immobilier Suisse-Egyptien,manager,0,,,,21,868
4498,1950,P00331,"Feyel""ick Jacques",Feyerlick Jacques,,,C00306,Caisse Hypothécaire d'Egypte,Caisse Hypothécaire d'Egypte,director,0,,,,21,868
4499,1950,P01680,Fils Henri,Fils Henri,,,C01497,"Comptoir Auxiliaire d'Entreprises, S.A.E","Comptoir Auxiliaire d'Entreprises, S.A.E",director,0,,,,21,868
4500,1950,P00060,Finney Harold E,Finney Harold E,,,C01963,The Alexandria &,Alexandria,director,0,,,,21,868
4501,1950,P01681,Flower Edmund W,Flower Edmund W,,,C02827,Universal Motor Company,Universal Motor Company,president,0,,,,21,868
4502,1950,P01681,Flower Edmund W,Flower Edmund W,,,C02827,Universal Motor Company,Universal Motor Company,director,0,,,,21,868
4503,1950,P01681,Flower Edmund W,Flower Edmund W,,,C02250,Cairo Motor Company,Cairo Motor Company,president,0,,,,21,868
4504,1950,P01681,Flower Edmund W,Flower Edmund W,,,C02250,Cairo Motor Company,Cairo Motor Company,director,0,,,,21,868
4505,1950,P01682,Foa Egizio,Foa Egizio,,,C02442,Indo-Egyptiana S.A.E,Indo-Egyptiana S.A.E,managing_director,0,,,,21,868
4506,1950,P01682,Foa Egizio,Foa Egizio,,,C02442,Indo-Egyptiana S.A.E,Indo-Egyptiana S.A.E,director,0,,,,21,868
4507,1950,P01683,Fornier Albert,Fornier Albert,,,C00353,"Egyptian Cotton Ginners & Exporters, S.A",Egyptian Cotton Ginners & Exporters,managing_director,0,,,,21,868
4508,1950,P01684,Foscolo Ugo,Foscolo Ugo,,,C00028,Banco Italo-Egiziano,Banco Italo- Egiziano,director,0,,,,21,868
4509,1950,P01684,Foscolo Ugo,Foscolo Ugo,,,C00028,Banco Italo-Egiziano,Banco Italo- Egiziano,vice_president,0,,,,21,868
4510,1950,P01685,Fouad El Gammal,S.E. Fouad El Gammal Bey,bey,s.e.,C00636,The Aboukir Co,The Aboukir Co. Ltd,general_manager,0,,,,21,868
4511,1950,P01043,Franck Alfred,Franck Alfred,,,C00200,The Cairo Electric Railways and Heliopolis Oases Co,"The Cairo Electric Railways and Heliopolis Oases Co., S.A",director,0,,,,21,869
4512,1950,P01686,Friedrich Rolf,Friedrich Rolf,,,C00040,The Cairo Sand Bricks Co. S. A,The Cairo Sand Bricks Co,managing_director,0,,,,21,869
4513,1950,P01686,Friedrich Rolf,Friedrich Rolf,,,C00067,Crédit Immobilier Suisse-Egyptien,Crédit Immobilier Suisse-Egyptien,director,0,,,,21,869
4514,1950,P01686,Friedrich Rolf,Friedrich Rolf,,,C02862,« Société d'Industriels Hollandais »,« Société d'Industriels Hollandais »,delegate,0,,,,21,869
4515,1950,P00440,Peel Col. E. T,Fryett Roland Théodore Lt. Col,,,C02321,Dél. Egyptian Markets,Dél. Egyptian Markets,director,0,,,,21,869
4516,1950,P00065,Fumaroli J,Fumaroli,,,C00384,"Gérance Immobilière, S.A.E","Gérance Immobilière, S.A.E",president,0,,,,21,869
4517,1950,P00065,Fumaroli J,Fumaroli,,,C01094,Société du Crédit AlPxandrin,Société du Crédit Alexandrin,president,0,,,,21,869
4518,1950,P00530,Sabry Hussein,Galal Bey Hussein,,,C01428,Associated Industries,Associated Industries,president,0,,,,21,869
4519,1950,P00530,Sabry Hussein,Galal Bey Hussein,,,C02024,The Union Cotton Cy. of Alexandria,The Union Cotton Cy of Alexandria,director,0,,,,21,869
4520,1950,P01687,Fayoum »,Fayoum »,,,C02260,"Chambre del'Industrie Huilière, Secrétaire Général des Pools des Egreneurs","Chambre del'Industrie Huilière, Secrétaire Général des Pools des Egreneurs",adviser,0,,,,21,869
4521,1950,P01047,Galal Moustapha,Galal Moustapha Bey,bey,,C01562,Etablissements Bamco,Etablissements Bamco,director,0,,,,21,869
4522,1950,P01048,Galanté Raymond,Galanté Raymond,,,C01618,Helwan Land Cy. p,Helwan Land Co,director,0,,,,21,869
4523,1950,P01049,Galanté Robert,Galanté Robert,,,C01618,Helwan Land Cy. p,Helwan Land Co,director,0,,,,21,869
4524,1950,P01688,Gamal El Dine El Abd,Gamal El Dine El Abd,,,C00742,Usines Textiles Al-Kahira,Usines Textiles Al Kahira,director,0,,,,21,869
4525,1950,P01689,Gamper,Gamper,,,C00030,Banque Belge et Internationale en Egypte,Banque Belge et Internationale en Egypte,director,0,,,,21,869
4526,1950,P01690,Gantès,Gantès,,,C01779,Société Eg. de Constructions Modernes « Al Chams »,Société Eg. de Constructions Modernes « Al Chams »,director,0,,,,21,869
4527,1950,P00333,Garboua Emile,Garboua Emile,,,C02664,Sté Franco-Egyptienne de Crédit,Sté Franco-Egyptienne de Crédit,director,0,,,,21,869
4528,1950,P00698,Garboua Maurice,Garboua Maurice,,,C01955,Technique de Tht~ Dakahlieh Land Co,Technique de The Dakahlieh Land Co,president,0,,,,21,869
4529,1950,P00698,Garboua Maurice,Garboua Maurice,,,C01955,Technique de Tht~ Dakahlieh Land Co,Technique de The Dakahlieh Land Co,manager,0,,,,21,869
4530,1950,P01691,Gardner John A. F,Gardner John A. F,,,C02270,Clothing & Equipment Co. of Egypt,Clothing & Equipment Co. of Egypt,president,0,,,,21,869
4531,1950,P01691,Gardner John A. F,Gardner John A. F,,,C02270,Clothing & Equipment Co. of Egypt,Clothing & Equipment Co. of Egypt,managing_director,0,,,,21,869
4532,1950,P01692,Gargour Me. G,Gargour Me. G,,,C02413,Ford Motor Co. (Egypt),Ford Motor Co. (Egypt),director,0,,,,21,869
4533,1950,P00069,Gasche Linus,Gasche Linus,,,C02146,'Administration de la Filature Nationale d'Egypte,'Administration de la Filature Nationale d'Egypte,president,0,,,,21,869
4534,1950,P00069,Gasche Linus,Gasche Linus,,,C02415,Fédération Egyptienne des Industries en Egypte,Fédération Egyptienne des Industries en Egypte,vice_president,0,,,,21,869
4535,1950,P00069,Gasche Linus,Gasche Linus,,,C00030,Banque Belge et Internationale en Egypte,la. Banque Belge et Internationale en Egypte,director,0,,,,21,869
4536,1950,P00069,Gasche Linus,Gasche Linus,,,C02399,"Faculté de Chimie Industrielle, Université Farouk 1er","Faculté de Chimie Industrielle, Université Farouk 1er",director,0,,,,21,869
4537,1950,P00699,Gasche Robert,Gasche Robert,,,C00081,Filature Nationale d'Egypte,"Filature Nationale d'Egypte, S.A.E",managing_director,0,,,,21,870
4538,1950,P00699,Gasche Robert,Gasche Robert,,,C00552,Société Egyptienne des Industries Textiles,"Société Egyptienne des Industries Textiles, S.A",managing_director,0,,,,21,870
4539,1950,P01693,Gattegno Silvio,Gattegno Silvio,,,C00467,S.A. des Drogueries d'Egypte,S.A. des Drogueries d'Egypte,director,0,,,,21,870
4540,1950,P01694,Gautier Victor,Gautier Victor,,,C00067,Crédit Immobilier Suisse-Egyptien,Crédit Immobilier Suisse-Egyptien,director,0,,,,21,870
4541,1950,P01695,Gazai Joseph G,Gazai Joseph G,,,C02385,El Gazai Import et Trading Co,El Gazai Import& Trading Co,president,0,,,,21,870
4542,1950,P01695,Gazai Joseph G,Gazai Joseph G,,,C02385,El Gazai Import et Trading Co,El Gazai Import& Trading Co,managing_director,0,,,,21,870
4543,1950,P01696,Gazis Georges,Gazis Georges,,,C02698,Sté. «The Egyptian Insurance & Commercial Agency (EICA)» «Tsekis & Co.»,Sté «The Egyptian Insurance & Commercial Agency (EICA) (Tsekis & Fils),partner,0,,,,21,870
4544,1950,P01696,Gazis Georges,Gazis Georges,,,C02698,Sté. «The Egyptian Insurance & Commercial Agency (EICA)» «Tsekis & Co.»,Sté «The Egyptian Insurance & Commercial Agency (EICA) (Tsekis & Fils),manager,0,,,,21,870
4545,1950,P01697,Gawhari Mohamed,Gawhari Mohamed Bey,bey,,C02402,Fayoum Light Rys,Fayoum Light Rys,director,0,,,,21,870
4546,1950,P01698,Geahel Michel,Geahel Michel,,,C01676,National Starch Cy,National Starch Co,director,0,,,,21,870
4547,1950,P01052,Geahel Pierre,Geahel Pierre,,,C01694,The North East Africa Trading Cy,The North East Africa Trading Cy,director,0,,,,21,870
4548,1950,P01699,Genissedis Spiro G,Genissedis Spiro G,,,C00077,The Egyptian Motor Transport Co,Egyptian Mo- tor Transport Co,president,0,,,,21,870
4549,1950,P01699,Genissedis Spiro G,Genissedis Spiro G,,,C00077,The Egyptian Motor Transport Co,Egyptian Mo- tor Transport Co,managing_director,0,,,,21,870
4550,1950,P01699,Genissedis Spiro G,Genissedis Spiro G,,,C02565,S.S. Genisserlis & Co,S.S. Genisserlis & Co,managing_director,0,,,,21,870
4551,1950,P01700,Georgitsis Spiro,Georgitsis Spiro,,,C00077,The Egyptian Motor Transport Co,Egyptian Motor Transport,director,0,,,,21,870
4552,1950,P01701,Geredini Me. Sami,Geredini Me. Sami,,,C02304,Dar El Hilal et Egyptian Press,Dar El Hilal et Egyptian Press,director,0,,,,21,870
4553,1950,P01702,Ghaleb Kamel Osman,S.E. Ghaleb Kamel Osman Pacha,pasha,s.e.,C00354,Egyptian Finance Cy,Egyptian Finance Co,president,0,,,,21,870
4554,1950,P01054,Ghandour Hachem,Ghandour Hachem,,,C01699,The Oriental Bond Stores,Oriental Bond Stores,director,0,,,,21,870
4555,1950,P01703,Gharbo Hassan Aly,Gharbo Hassan Aly,,,C01909,"Sté. Immobilière d'Alexandrie, S.A.F",Sté Immobilière d'Alexandrie S. A. F,director,0,,,,21,870
4556,1950,P01704,Ghazi Moustapha Mohamed,Ghazi Moustapha Mohamed,,,C00729,"Toukhy's Co. for Sundries & Toys, S.A.E","Toukhy's Co. for Sundries & Toys, S.A.E",director,0,,,,21,870
4557,1950,P01705,Gheriani Dr. Moustapha Ghaleb El,Gheriani Dr. Moustapha Ghaleb El,,,C01468,Chemical Industries Development,Chemical Industries Development,director,0,,,,21,870
4558,1950,P01705,Gheriani Dr. Moustapha Ghaleb El,Gheriani Dr. Moustapha Ghaleb El,,,C01468,Chemical Industries Development,Chemical Industries Development,general_manager,0,,,,21,870
4559,1950,P01706,GUes Bey R.H,GUes Bey R.H,,,C02585,Société Anonyme Egyptienne Financière et Immobilière (Cairo),Société Anonyme Egyptienne Financière et Immobilière (Cairo),managing_director,0,,,,21,870
4560,1950,P01706,GUes Bey R.H,GUes Bey R.H,,,C02684,Sté Nationale de Textile Memphis (Alexandrie),Sté Nationale de Textile Memphis (Alexandrie),director,0,,,,21,870
4561,1950,P00356,Ginsberg Richard,Ginsberg Richard,,,C01738,S.A.E. Peltours,S.A.E. Peltours,director,0,,,,21,870
4562,1950,P01707,Giovannoni Charles,Giovannoni Charles,,,C02449,J os y Film,J os y Film,director,0,,,,21,870
4563,1950,P01708,Girgis Pacha Fouad Ibrahim,S.E. Girgis Pacha Fouad Ibrahim,,s.e.,C02384,Egyptian Stevedoring and Shipping Co,Egyptian Stevedoring Co. & Shipping,president,0,,,,21,870
4564,1950,P01708,Girgis Pacha Fouad Ibrahim,S.E. Girgis Pacha Fouad Ibrahim,,s.e.,C02384,Egyptian Stevedoring and Shipping Co,Egyptian Stevedoring Co. & Shipping,managing_director,0,,,,21,870
4565,1950,P01708,Girgis Pacha Fouad Ibrahim,S.E. Girgis Pacha Fouad Ibrahim,,s.e.,C02502,"National Salt & Mining Co., de la Sahel, S.A.E","National Salt & Mining Co., de la Sahel, S.A.E",president,0,,,,21,870
4566,1950,P01708,Girgis Pacha Fouad Ibrahim,S.E. Girgis Pacha Fouad Ibrahim,,s.e.,C02683,Sté Nationale de Textile «Memphis» S.A.E,Sté Nationale de Textile Memphis,vice_president,0,,,,21,870
4567,1950,P01708,Girgis Pacha Fouad Ibrahim,S.E. Girgis Pacha Fouad Ibrahim,,s.e.,C02330,Dél. Moulins Al Mahmoudieh,Dél. Moulins Al Mahmoudieh,director,0,,,,21,870
4568,1950,P01709,Gmur Albert,Gmur Albert,,,C02211,Alexandria Portland Cement Co,Alexandria Portland Cement Co,director,0,,,,21,870
4569,1950,P00071,Goar Edwin N. J,Goar Edwin N. J,,,C00053,Communauté Israélite d'Alexandrie,Communauté Israélite d'Alexandrie,president,0,,,,21,870
4570,1950,P00071,Goar Edwin N. J,Goar Edwin N. J,,,C00016,Alexandria Insurance Co,The Alexandria Insurance Co,director,0,,,,21,870
4571,1950,P01055,Godber Frederick,Godber Frederick,,,C00288,Anglo-Egyptian Oilfields,Anglo-Egyptian Oilfields,director,0,,,,21,871
4572,1950,P01710,Goemans Lucien F,Goemans Lucien F,,,C02190,Adjoint United Enterprises S.A.E,Adjoint United Enterprises S.A.E,managing_director,0,,,,21,871
4573,1950,P01710,Goemans Lucien F,Goemans Lucien F,,,C00675,The Egyptian Land & Buildings Co,Egyptian Land & Building,director,0,,,,21,871
4574,1950,P01057,Goldstein Charles,Goldstein Charles,,,C02191,Adjoint de la « Nemco »,Adjoint de la « Nemco »,managing_director,0,,,,21,871
4575,1950,P01058,Goldstein-Gantes Ignace Me,Goldstein-Gantes Ignace Me,,,C01624,Import & Export Bank of Egypt,Import & Export Bank of Egypt,director,0,,,,21,871
4576,1950,P01058,Goldstein-Gantes Ignace Me,Goldstein-Gantes Ignace Me,,,C02861,« EFTRO »,« EFTRO »,director,0,,,,21,871
4577,1950,P01059,Goodwin E.A.H,Goodwin E.A.H,,,C01425,Anglo-Egyptian Soap .& Edible Products,Anglo-Egyptian Soap & Edible Products,president,0,,,,21,871
4578,1950,P01711,Goradesky Léon dit Liebel,Goradesky Léon dit Liebel,,,C02334,"Dél. Sté Commerciale Ex-Import, S.A.E","Dél. Sté Commerciale Ex-Import, S.A.E",director,0,,,,21,871
4579,1950,P01711,Goradesky Léon dit Liebel,Goradesky Léon dit Liebel,,,C01712,Rizerie Egyptienne Moderne,"Rizerie Egyptienne Moderne, S.A.E",managing_director,0,,,,21,871
4580,1950,P01062,Grad Isaac,Grad Isaac,,,C02421,General Chemical Industries «C. I. C .. »,General Chemical Industries «C. I. C .. »,director,0,,,,21,871
4581,1950,P01062,Grad Isaac,Grad Isaac,,,C02383,Egyptian Sisal Manufacturing Co. et « Al Gaafa- ria »,Egyptian Sisal Manufacturing Co. et « Al Gaafa- ria »,director,0,,,,21,871
4582,1950,P01712,Grandgeorge René,Grandgeorge René,,,C02206,Alexandria Glass & Porcelain Fac·tory,Alexandria Glass & Porcelain Fac·tory,director,0,,,,21,871
4583,1950,P01713,Granguillot Georges P,Granguillot Georges P,,,C01937,Sté. des Terrains de la Villed'Alexandrie,Sté des Terrains de la Ville d'Alexandrie,director,0,,,,21,871
4584,1950,P01714,Grassi Ing. Stanislao,Grassi Ing. Stanislao,,,C02764,Technique Salonica Cigarettes Company,Technique Salonica Cigarettes Company,director,0,,,,21,871
4585,1950,P01715,Grassi Dott. Ugo,Grassi Dott. Ugo,,,C00131,Salonica Cigarette Co,Salonica Cigarettes Cy,managing_director,0,,,,21,871
4586,1950,P01716,Grazia Jacques,Grazia Jacques,,,C00042,Cairo-Heliopolis,Cairo Heliopolis,director,0,,,,21,871
4587,1950,P01717,Green G,Green G,,,C02514,Nestor Gianaclis and Agricultural Cy,Nestor Gianaclis and Agricultural Cy,director,0,,,,21,871
4588,1950,P01718,Green Joshua,Green Joshua,,,C02846,en nom de la Maison Greens Commercial Agen ci es ( J. Green & Co.),en nom de la Maison Greens Commercial Agen ci es ( J. Green & Co.),manager,0,,,,21,871
4589,1950,P01718,Green Joshua,Green Joshua,,,C02846,en nom de la Maison Greens Commercial Agen ci es ( J. Green & Co.),en nom de la Maison Greens Commercial Agen ci es ( J. Green & Co.),partner,0,,,,21,871
4590,1950,P01719,Grego Oscar,Grego Oscar,,,C02229,"Banco Italo Egiziano et Industrie Fibres Textiles, S.A.E","Banco Italo Egiziano et Industrie Fibres Textiles, S.A.E",director,0,,,,21,871
4591,1950,P01720,Greiss Alphonse,Greiss Alphonse,,,C02432,Helwan Portland Cement Co,Helwan Portland Cement Co,director,0,,,,21,871
4592,1950,P01064,Grieve R,Grieve R,,,C02429,Grive & Irwin Ltd,Grive & Irwin Ltd,managing_director,0,,,,21,871
4593,1950,P01064,Grieve R,Grieve R,,,C02012,The Near East Cleaning Co. Ltd,The Near East Cleaning Co. Ltd,managing_director,0,,,,21,871
4594,1950,P01064,Grieve R,Grieve R,,,C02376,"Egyptian Plastics & Electrical Industries, S.A.E","Egyptian Plastics & Electrical Industries, S.A.E",director,0,,,,21,871
4595,1950,P00352,Groppi J,Groppi J,,,C00394,Industrie du Froid,Industrie du Froid,president,0,,,,21,871
4596,1950,P01065,Grunberg Jos. Julien,Grunberg Jos. Julien,,,C01562,Etablissements Bamco,Etablissements Bamco,managing_director,0,,,,21,871
4597,1950,P01065,Grunberg Jos. Julien,Grunberg Jos. Julien,,,C02496,National Bottling Co. of Egypt,National Bottling Co. of Egypt,managing_director,0,,,,21,871
4598,1950,P01065,Grunberg Jos. Julien,Grunberg Jos. Julien,,,C02207,Alexandria National Bottling Co,Alexandria National Bottling Co,director,0,,,,21,871
4599,1950,P01721,Guergaoui Philippe,Guergaoui Philippe,,,C02274,Commercial & Engineering Co. of Egypt & Middle East,Commercial & Engineering Co. of Egypt & Middle East,managing_director,0,,,,21,871
4600,1950,P01722,Guerin Pierre,Guerin Pierre,,,C02318,Dél. Crédit d'Orient,Dél. Crédit d'Orient,director,0,,,,21,871
4601,1950,P01066,Gueziri Dr. Moukhtar Zaki El,Gueziri Dr. Moukhtar Zaki El,,,C00391,Industrie Meunière d'Alexandrie,Industrie Meunièred'Alexandrie,director,0,,,,21,872
4602,1950,P01723,Guirguis Barsoum,Guirguis Barsoum,,,C02642,Sté. Autobus Routes Désert,Sté Autobus Routes Désert,director,0,,,,21,872
4603,1950,P00354,Guirguis Elias,Guirguis Elias,,,C00599,Société des Autobus de Béhéra,Société des Autobus de Béhéra,director,0,,,,21,872
4604,1950,P00354,Guirguis Elias,Guirguis Elias,,,C00372,Gharbieh,Gharbieh,director,0,,,,21,872
4605,1950,P01068,Guirguis Nassif Eff,Guirguis Nassif Eff,,,C00606,Société des Omnibus de Fayoum,Société des Omnibus de Fayoum,director,0,,,,21,872
4606,1950,P01724,Gurdjian A,Gurdjian A,,,C02335,Dél. Sté d'Entreprises Commerciales en Egypte,Dél. Sté d'Entreprises Commerciales en Egypte,president,0,,,,21,872
4607,1950,P01724,Gurdjian A,Gurdjian A,,,C02335,Dél. Sté d'Entreprises Commerciales en Egypte,Dél. Sté d'Entreprises Commerciales en Egypte,director,0,,,,21,872
4608,1950,P01069,Guttmann Isaac,Guttmann Isaac,,,C02836,Zeitoun Canning & Fc,Zeitoun Canning & Fc,director,0,,,,21,872
4609,1950,P01070,Gygi Dr. Hans,Gygi Dr. Hans,,,C02562,S.E. de Ciment Portland,S.E. de Ciment Portland,director,0,,,,21,872
4610,1950,P01725,Habachy Pacha Sir Saba,S.E. Habachy Pacha Sir Saba,,s.e.,C00028,Banco Italo-Egiziano,Banco Italo-Egiziano,president,0,,,,21,872
4611,1950,P01725,Habachy Pacha Sir Saba,S.E. Habachy Pacha Sir Saba,,s.e.,C01566,Etablissements Industriels pour la Soie et le Coton,Etablissements Industriels pour la Soie et le Coton,president,0,,,,21,872
4612,1950,P01726,Habib Fouad,Habib Fouad,,,C02430,Hadaek Al Ahram,Hadaek El Ahram,director,0,,,,21,872
4613,1950,P01727,Habib Hassan,S.E. Habib Hassan Bey,bey,s.e.,C02719,Sté. Eg. de Fabrication et Exportation des Conserves. Licencié en droit en 1809. Nichan El Nil 5e. Classe,Sté. Eg. de Fabrication et Exportation des Conserves. Licencié en droit en 1809. Nichan El Nil 5e. Classe,director,0,,,,21,872
4614,1950,P01728,Habib El Masri,S.E. Habib El Masri Pacha,pasha,s.e.,C02819,Union Cotton Co. of Alexandria et Banque Mosseri,Union Cotton Co. of Alexandria et Banque Mosseri,director,0,,,,21,872
4615,1950,P01729,Haddad Joseph,Haddad Joseph,,,C02309,Delta Engineering Co,Delta Engineering Cy,director,0,,,,21,872
4616,1950,P01730,Hafez Chehayeb,Hafez Chehayeb,,,C00216,Gabbari Land Co,Gabbari Land Co,director,0,,,,21,872
4617,1950,P01731,Hafez Hafez Sakr,Hafez Hafez Sakr,,,C02216,Alexandria Textile Trading Co,Alexandria Textile Trading Co,director,0,,,,21,872
4618,1950,P01732,Hafez Hassan,S.E. Hafez Hassan Pacha,pasha,s.e.,C02697,Sté «La Commerciale»,Sté «La Commerciale»,president,0,,,,21,872
4619,1950,P01731,Hafez Hafez Sakr,Hafez Sakr,,,C02216,Alexandria Textile Trading Co,Alexandria Textile Trading Co,president,0,,,,21,872
4620,1950,P01072,Haggag Zakaria,Haggag Zakaria,,,C01534,Egyptian Cotton & Trading Co,Egyptian Cotton & Trading Co,director,0,,,,21,872
4621,1950,P01073,Haim Henri,Haim Henri,,,C01839,Société Orientale de Publicité,Société Orientale de Publicité,managing_director,0,,,,21,872
4622,1950,P01073,Haim Henri,Haim Henri,,,C01839,Société Orientale de Publicité,Société Orientale de Publicité,general_manager,0,,,,21,872
4623,1950,P01074,Hakim Youssef,Hakim Youssef,,,C02123,«Koldair»,« Koldair »,director,0,,,,21,872
4624,1950,P01733,Halbouni Hisham,Halbouni Hisham,,,C02580,Smelting Co . . (Egypt). S.A.E,Smelting Co. (Egypt) S.A.E,director,0,,,,21,872
4625,1950,P01734,Hale Herbed Zucker,Hale Herbed Zucker,,,C02555,S.A.E. Scialli,S.A.E. Scialli,president,0,,,,21,872
4626,1950,P01735,Shenouda Halim,S.S. Halim,,,C02187,Ad m. Hadaek El Ahram,Ad m. Hadaek El Ahram,president,0,,,,21,873
4627,1950,P01736,Halim Eff,Halim Eff,,,C01858,Société des Autobus de Charkieh et Dakahlieh,Société des Autobus de Charkieh et Dakahlieh,director,0,,,,21,873
4628,1950,P01736,Halim Eff,Halim Eff,,,C01934,Sté. des Omnibus de Fayoum,Sté des Omnibus de Fayoum,director,0,,,,21,873
4629,1950,P01736,Halim Eff,Halim Eff,,,C00514,Société,The,director,0,,,,21,873
4630,1950,P01737,Hallet Robert,Hallet Robert,,,C02230,Banque Belge Alexandrie,Banque Belge Alexandrie,manager,0,,,,21,873
4631,1950,P00703,Halter Hans,Halter Hans,,,C02824,United Cold Storage,United Cold Storage,manager,0,,,,21,873
4632,1950,P00703,Halter Hans,Halter Hans,,,C02824,United Cold Storage,United Cold Storage,director,0,,,,21,873
4633,1950,P01738,Hamaoui' Félix Mtre,Hamaoui' Félix Mtre,,,C02430,Hadaek Al Ahram,Hadaek El Ahram,director,0,,,,21,873
4634,1950,P01078,Hamed el Alaily,Hamed El Alaily Bey,bey,,C01576,Fayoum Textile Cy,Fayoum Textile Co,director,0,,,,21,873
4635,1950,P01079,Hamed El Lozy,Hamed El Lozy Bey,bey,,C01527,The Eastern Electric Cy,The Eastern Electric Cy,vice_president,0,,,,21,873
4636,1950,P01739,Hamilton A,Hamilton A,,,C00912,Carrier-Egypt,Carrier-Egypt,director,0,,,,21,873
4637,1950,P01080,Hammad Mohamed Wassef,Hammad Mohamed Wassef,,,C01699,The Oriental Bond Stores,The Oriental Bond Stores,president,0,,,,21,873
4638,1950,P01080,Hammad Mohamed Wassef,Hammad Mohamed Wassef,,,C01699,The Oriental Bond Stores,The Oriental Bond Stores,managing_director,0,,,,21,873
4639,1950,P01081,Hammad Adel Mohamed,Hammad Adel Mohamed,,,C02393,Exchange Trading Co. «Hammad » S.A.E,Exchange Trading Co. «Hammad » S.A.E,president,0,,,,21,873
4640,1950,P01081,Hammad Adel Mohamed,Hammad Adel Mohamed,,,C01640,Lotus Navigation Cy,Lotus Navigation Cy,director,0,,,,21,873
4641,1950,P01081,Hammad Adel Mohamed,Hammad Adel Mohamed,,,C01640,Lotus Navigation Cy,Lotus Navigation Cy,managing_director,0,,,,21,873
4642,1950,P01740,Hammad Shawkat,Hammad Shawkat,,,C02382,Egyptian Shipping Co,Egyptian Shipping Cy,director,0,,,,21,873
4643,1950,P01740,Hammad Shawkat,Hammad Shawkat,,,C02539,S. A. E. L'Union Arabe,S. A. E. L'Union Arabe,director,0,,,,21,873
4644,1950,P01741,Hamza Abbas Dr,Hamza Abbas Dr,,,C01468,Chemical Industries Development,Chemical Industries Development,director,0,,,,21,873
4645,1950,P01742,Hamza Hassan,Hamza Hassan,,,C02533,Pyramids In- dustrial & Trading Co,Pyramids In- dustrial & Trading Co,director,0,,,,21,873
4646,1950,P01743,Hanan Albert,Hanan Albert,,,C01478,Clothing & Equipment Co,Clothing & Equipment Co,director,0,,,,21,873
4647,1950,P01744,Haneuse Louis,Haneuse Louis,,,C02172,-Dél. de la «Bolanachi»,-Dél. de la «Bolanachi»,director,0,,,,21,873
4648,1950,P01745,Hankey Hon. Baron,Hankey Hon. Baron,,,C02517,Nile Insurance Co,Nile Insurance Co,vice_president,0,,,,21,873
4649,1950,P01746,Hanna Charles,Hanna Charles Bey,bey,,C02648,Sté. Commerciale d'Egypte,Sté Commerciale d'Egypte,director,0,,,,21,873
4650,1950,P01747,Hanna Donald Judde,Hanna Donald Judde,,,C01922,Sté. Texas Egyptienne des Pétroles,Sté. Texas Egyptienne des Pétroles,director,0,,,,21,873
4651,1950,P00360,Hanna Mina,Hanna Mina,,,C00734,"Trading & Industrial Corp., S.A.E",Trading & Industrial Corp. S.A.E,director,0,,,,21,873
4652,1950,P01748,Harari Edgard,Harari Edgard,,,C02124,"«Le Scribe Egyptien», S.A.E","«Le Scribe Egyptien », S.A.E",director,0,,,,21,873
4653,1950,P01084,Harari Ernest Me,Harari Ernest Me,,,C01418,The Alexandria Spinning & Weaving Co,Alexandria Spinning & Weaving Co,managing_director,0,,,,21,873
4654,1950,P01084,Harari Ernest Me,Harari Ernest Me,,,C00074,The Egyptian Delta Land & Investment Cy,Egyptian Delta Land & Investment Co,director,0,,,,21,873
4655,1950,P01085,Harari Marc,Harari Marc,,,C02124,"«Le Scribe Egyptien», S.A.E","« Le Scribe Egyptien », S.A.E",managing_director,0,,,,21,873
4656,1950,P01085,Harari Marc,Harari Marc,,,C02124,"«Le Scribe Egyptien», S.A.E","« Le Scribe Egyptien », S.A.E",president,0,,,,21,873
4657,1950,P01086,Harari Raymond,Harari Raymond,,,C02124,"«Le Scribe Egyptien», S.A.E","«Le Scribe Egyptien», S.A.E",managing_director,0,,,,21,873
4658,1950,P00706,Hargreaves Clive R,Hargreaves Clive R,,,C02597,Société Egyptienne des In- dustries Textiles,Société Egyptienne des In- dustries Textiles,director,0,,,,21,874
4659,1950,P00706,Hargreaves Clive R,Hargreaves Clive R,,,C00081,Filature Nationale d'Egypte,Filature Nationale d'Egypte,director,0,,,,21,874
4660,1950,P01089,Hassan Abdalla,Hassan Abdalla Bey,bey,,C01359,"Al Chark, Société d'Entreprises Générales","«Al Chark», Sté d'Entreprises Générales",director,0,,,,21,874
4661,1950,P00808,Ancien Ministre Ancien Sénateur,S.E. El Lewa Hassan Pacha Abdel Wahab Sénateur,,s.e.,C00051,Commercial Bank of Egypt,Commercial Bank of Egypt,director,0,,,,21,874
4662,1950,P01749,Hassan Aboul Séoud Dr,Hassan Aboul Séoud Dr,,,C01468,Chemical Industries Development,Chemical Industries Development,director,0,,,,21,874
4663,1950,P01750,Hassan Aly Allouba,Hassan Aly Allouba Bey,bey,,C02680,Sté. Misrd'Assurances,Sté Misrd'Assurances,managing_director,0,,,,21,874
4664,1950,P01751,Sir Hassan Fahmy Rifaat,S.E. Sir Hassan Fahmy Rifaat Pacha,pasha,s.e.,C01011,S.A.E. Financière et Immobilière,S.A.E. Financière et Immobilière,director,0,,,,21,874
4665,1950,P01752,Hassan Fayek,S.E. Hassan Fayek Pacha,pasha,s.e.,C02551,S.A. du Béhéra et Alexandria Portland Cement Co,S.A. du Béhéra et Alexandria Portland Cement Co,director,0,,,,21,874
4666,1950,P01090,Hassan Fouad,Hassan Fouad Bey,bey,,C01634,Jardins et Vignobles d'Egypte,Jardins et Vignobles d'Egypte,president,0,,,,21,874
4667,1950,P01090,Hassan Fouad,Hassan Fouad Bey,bey,,C01634,Jardins et Vignobles d'Egypte,Jardins et Vignobles d'Egypte,director,0,,,,21,874
4668,1950,P01090,Hassan Fouad,Hassan Fouad Bey,bey,,C02761,Surveillance« Moharrem Press »,Surveillance« Moharrem Press »,council_member,0,,,,21,874
4669,1950,P01753,Hassan Kamel El Chichini,S.E. Hassan Kamel El Chichini Pacha,pasha,s.e.,C00064,Crédit Agricole d'Egypte,Crédit Agricole d'Egypte,president,0,,,,21,874
4670,1950,P01753,Hassan Kamel El Chichini,S.E. Hassan Kamel El Chichini Pacha,pasha,s.e.,C00064,Crédit Agricole d'Egypte,Crédit Agricole d'Egypte,managing_director,0,,,,21,874
4671,1950,P01091,Hassan Moukhtar Rasmi,S.E. Hassan Moukhtar Rasmi Pacha,pasha,s.e.,C02106,Sté. Misr pour la Filature et le Tissage S.A.E,Sté Misr Filature et Tissage,managing_director,0,,,,21,874
4672,1950,P01091,Hassan Moukhtar Rasmi,S.E. Hassan Moukhtar Rasmi Pacha,pasha,s.e.,C00032,Banque Misr,Banque Misr,director,0,,,,21,874
4673,1950,P01091,Hassan Moukhtar Rasmi,S.E. Hassan Moukhtar Rasmi Pacha,pasha,s.e.,C02233,Banque Industrielle,Banque Industrielle,director,0,,,,21,874
4674,1950,P01091,Hassan Moukhtar Rasmi,S.E. Hassan Moukhtar Rasmi Pacha,pasha,s.e.,C02534,Pyramids Industrial & Trading Company,Pyramids Industrial & Trading Company,president,0,,,,21,874
4675,1950,P00856,Abdel Latif Moussa,Hassan Moussa,,,C02676,"Sté Misr Transports & Na- vigation. Hassan Bey El N ahas, A dm. Transport & Engineering","Sté Misr Transports & Na- vigation. Hassan Bey El N ahas, A dm. Transport & Engineering",managing_director,0,,,,21,874
4676,1950,P01754,Hassan Sadek El Nokrachy,Hassan Sadek El Nokrachy Bey,bey,,C02180,<<La Fluviale»,<<La Fluviale»,director,0,,,,21,874
4677,1950,P01755,Hassan El Sayed Badraoui,S.E. Hassan El Sayed Badraoui Pacha,pasha,s.e.,C01918,Sté. Nationale du Papier,Sté Nationale du Papier,director,0,,,,21,874
4678,1950,P01092,Hassler Richard,Hassler Richard,,,C01674,National Metal Industries,National Metal Industries,director,0,,,,21,874
4679,1950,P01093,Hawa Georges,Hawa Georges,,,C00912,Carrier-Egypt,Carrier Egypt,director,0,,,,21,874
4680,1950,P01094,Hazan Victor,Hazan Victor,,,C00132,Sidi Salem Co,Sidi Salem Co,director,0,,,,21,874
4681,1950,P01094,Hazan Victor,Hazan Victor,,,C00231,Union Foncière d'Egypte,Union Foncière d'Egypte,director,0,,,,21,874
4682,1950,P01094,Hazan Victor,Hazan Victor,,,C01494,"Compagnie Immobilière d'Egypte, S.A.E. (en liqUIdation)","Compagnie Immobilière d'Egypte, S.A.E. (en liquidation)",director,0,,,,21,874
4683,1950,P01095,Heatheves H. B,Heatheves H. B,,,C00288,Anglo-Egyptian Oilfields,Anglo-Egyptian Oilfields,director,0,,,,21,874
4684,1950,P01096,Hefni Mahmoud Pacha Ancien Ministre,S.E. Hefni Mahmoud Pacha Ancien Ministre,,s.e.,C01924,Sté Usines el Chourbagui,Sté Usines Chourbagui,president,0,,,,21,874
4685,1950,P01756,Helier Edouard de,Helier Edouard de,,,C01874,Sté,Sté,director,0,,,,21,874
4686,1950,P01757,Hemsi Robert J,Hemsi Robert J,,,C02550,S.A. des Magasins E-,S.A. des Magasins E-,managing_director,0,,,,21,874
4687,1950,P01758,Henein Georges,Henein Georges,,,C01850,Société de Cigarettes Nestor Gianaclis,Cigarettes Nestor Gianaclis,director,0,,,,21,875
4688,1950,P01099,Herman Max M,Herman Max M,,,C00356,Egyptian Independent Oil Co,Egyptian Independent Oil Co. S. A. E,director,0,,,,21,875
4689,1950,P01759,Herrling Frederic,Herrling Frederic,,,C02828,Upper Egypt Ginning et Gharbieh Ginning Co,Upper Egypt Ginning et Gharbieh Ginning Co,director,0,,,,21,875
4690,1950,P00530,Sabry Hussein,S.E. Heykal Mohamed Hussein Pacha,pasha,s.e.,C02405,Fayoum Textile' Cy et Egyptian Delta Light Rys,Fayoum Textile' Cy et Egyptian Delta Light Rys,president,0,,,,21,875
4691,1950,P01100,Heyndrickx Pierre,Heyndricks Pierre,,,C02136,·la Sté. Egyptienne des Em· hallages Economiques,Sté. Egyptienne des Emballages Economiques,director,0,,,,21,875
4692,1950,P01100,Heyndrickx Pierre,Heyndricks Pierre,,,C02263,Cie Française de Mono-Service,Cie Française de Mono-Service,president,0,,,,21,875
4693,1950,P01760,Hilal Leonidas Gamil,Hilal Leonidas Gamil,,,C00702,"The Sheffield Smelting Co. (Egypt), S.A.E",The Sheffield Smelting Co. (Egypt) S.A,director,0,,,,21,875
4694,1950,P01101,Hirsch Siegmund,Hirsch Siegmund,,,C01136,The Egyptian Copper,The Egyptian Copper,managing_director,0,,,,21,875
4695,1950,P01761,Hislop D. K,Hislop D. K,,,C00226,The Upper Egypt Hotels,Upper Egypt Hotels Co,director,0,,,,21,875
4696,1950,P00710,Hoerni Robert,Hoerni Robert,,,C00067,Crédit Immobilier Suisse-Egyptien,Crédit Immobilier Suisse-Egyptien,director,0,,,,21,875
4697,1950,P01762,Hollings,Hollings,,,C02021,The Sinaï Mining Co. Ltd,The Sinaï Mining Co. Ltd,president,0,,,,21,875
4698,1950,P01103,Homsy Edgard,Homsy Edgard,,,C02121,"«Karnak», Cotton Spinning, Weaving .& Dyeing Cy","«Karnak» Cotton Spinning, Weaving& Dyeing Cy",director,0,,,,21,875
4699,1950,P01104,Homsy Riskallah,Homsy Riskallah,,,C02060,Zeitoun Canning & Food Cy,Zeitoun Canning & Food Cy,president,0,,,,21,875
4700,1950,P01104,Homsy Riskallah,Homsy Riskallah,,,C00231,Union Foncière d'Egypte,Union Foncière d'Egypte,director,0,,,,21,875
4701,1950,P01104,Homsy Riskallah,Homsy Riskallah,,,C01432,Auberges d'Egypte,Auberges d'Egypte,director,0,,,,21,875
4702,1950,P01104,Homsy Riskallah,Homsy Riskallah,,,C02583,Soc. Egyptienne de Constructions Modernes « Al Chams »,Soc. Egyptienne de Constructions Modernes « Al Chams »,managing_director,0,,,,21,875
4703,1950,P01104,Homsy Riskallah,Homsy Riskallah,,,C02121,"«Karnak», Cotton Spinning, Weaving .& Dyeing Cy","Karnak, Cotton Spinning, Weaving & Dyeing Co",director,0,,,,21,875
4704,1950,P01763,Hornstein Clément,Hornstein Clément,,,C02876,«SEDEX» S.A.E,«SEDEX» S.A.E,director,0,,,,21,875
4705,1950,P01764,Hourwitz A. lng,Hourwitz A. lng,,,C02667,Sté Générale d'Electricité et Mécanique,Sté Générale d'Electricité et Mécanique,director,0,,,,21,875
4706,1950,P01765,Hossni,Hossni,,,C02592,"Société Egyptienne d'Entreprises et Constructions ( S.E.D.E.C.), S.A.E","Société Egyptienne d'Entreprises et Constructions ( S.E.D.E.C.), S.A.E",director,0,,,,21,875
4707,1950,P01765,Hossni,Hossni,,,C02570,"Salon i ca Cigarettes Co., S. A. E","Salon i ca Cigarettes Co., S. A. E",director,0,,,,21,875
4708,1950,P01765,Hossni,Hossni,,,C02868,"«Delta» Stà Agricola Edile Egiziana, S.A.E","«Delta» Stà Agricola Edile Egiziana, S.A.E",director,0,,,,21,875
4709,1950,P01766,Hovaghimian A,Hovaghimian A,,,C01743,S.A.E. des Anciens Etablissements Hovaghimian,S.A.E. des Anciens Etablissements Hovaghimian,director,0,,,,21,875
4710,1950,P01767,Hubert Oscar,Hubert Oscar,,,C02193,Administration de la Société Angnyme Egyptienne de Constructions « Egyco »,Administration de la Société Angnyme Egyptienne de Constructions « Egyco »,council_member,0,,,,21,875
4711,1950,P01768,Huri Robert,Huri Robert,,,C00016,Alexandria Insurance Co,Alexandria Insurance Cy,director,0,,,,21,875
4712,1950,P01769,Hussein El Essely,Hussein El Essely Bey,bey,,C02650,Sté Eg. de Fabrication et Exportation de Conserves,Sté Eg. Fabrication et Exportation Conserves,director,0,,,,21,875
4713,1950,P00530,Sabry Hussein,S.E. Fahmy Hussein Bey,bey,s.e.,C02652,Sté Eg. de Filature et Tissage de Laine,Sté Eg. de Filature et Tissage de Laine,director,0,,,,21,876
4714,1950,P01770,Hussein Ilhamy,S.E. Hussein Ilhamy Pacha,pasha,s.e.,C02262,Cherif Cotton & Trading Co,Cherif Cotton & Trading Co,president,0,,,,21,876
4715,1950,P01770,Hussein Ilhamy,S.E. Hussein Ilhamy Pacha,pasha,s.e.,C02360,Egyptian Aircraft Engineering Co,Egyptian Aircraft Engineering Co,vice_president,0,,,,21,876
4716,1950,P01770,Hussein Ilhamy,S.E. Hussein Ilhamy Pacha,pasha,s.e.,C02496,National Bottling Co. of Egypt,National Bottling Co. of Egypt,director,0,,,,21,876
4717,1950,P01771,Hussein Kamal,Hussein Kamal Bey,bey,,C00355,The Egyptian General Omnibus Co,Egyptian General Omnibus,director,0,,,,21,876
4718,1950,P01108,Hussein Said,Hussein Said Bey,bey,,C02861,« EFTRO »,«EFTRO»,president,0,,,,21,876
4719,1950,P01108,Hussein Said,Hussein Said Bey,bey,,C02596,"Société Egyptienne de Tuyaux, Poteaux et Produits en Ciment Armé (Système Siegwart)","Société Egyptienne de Tuyaux, Poteaux et Produits en Ciment Armé (Système Siegwart)",director,0,,,,21,876
4720,1950,P01108,Hussein Said,Hussein Said Bey,bey,,C02653,Sté Eg. des Conserves Alimentaires,Sté Eg. des Conserves Alimentaires,president,0,,,,21,876
4721,1950,P01108,Hussein Said,Hussein Said Bey,bey,,C02552,S.A.E. de Constructions (Egyco),S.A.E. de Constructions (Egyco),director,0,,,,21,876
4722,1950,P01109,Hussein Samy,Hussein Samy Bey,bey,,C02478,Middle East Trading & Cotton Co,Middle East Trading K Cotton Co,president,0,,,,21,876
4723,1950,P01772,Hussein Zaki El Ibrachi,Hussein Zaki El Ibrachi,,,C02682,Sté Nationale d'Energie Electrique,Sté Nationale d'Energie Electrique,director,0,,,,21,876
4724,1950,P01773,Ibrahim Bayoumi Madlmur,Dr. Ibrahim Bayoumi Madlmur,,dr.,C01892,Sté. Eg. de Ciment Portland Tourah,Sté de Ciment Portland Tourah,director,0,,,,21,876
4725,1950,P01110,Ibrahim Fahmy,S.E. Ibrahim Fahmy Pacha,pasha,s.e.,C02662,Sté Foncière d'Egypte,Sté Foncière d'Egypte,director,0,,,,21,876
4726,1950,P01774,Ibrahim Bey Fouad Sid Ahmad,Ibrahim Bey Fouad Sid Ahmad,,,C02669,Sté Imm. Domaine de Siouf,Sté Imm. Domaine de Siouf,director,0,,,,21,876
4727,1950,P01775,Ibrahim Hilal,Ibrahim Hilal Bey,bey,,C02578,Sisal Manufacturing Co,Sisal Manufacturing Co,director,0,,,,21,876
4728,1950,P01776,Ibrahim Hamdi Seif El Nasr,Ibrahim Hamdi Seif El Nasr,,,C01690,Nile Brewery,Nile Brewery,director,0,,,,21,876
4729,1950,P01777,Ibrahim Rouchdy Kamha,Ibrahim Rouchdy Kamha Bey,bey,,C02430,Hadaek Al Ahram,Hadaek Al Ahram,director,0,,,,21,876
4730,1950,P01111,Imam Wakid,Imam Wakid,,,C01356,«Zama.»,«Zama.»,director,0,,,,21,876
4731,1950,P01112,Irwin F.J.R,Irwin F.J.R,,,C01612,Grieve & Irwin Ltd,Grieve & Irwin Ltd,president,0,,,,21,876
4732,1950,P01112,Irwin F.J.R,Irwin F.J.R,,,C02012,The Near East Cleaning Co. Ltd,The Near East Cleaning Cy Ltd,president,0,,,,21,876
4733,1950,P01112,Irwin F.J.R,Irwin F.J.R,,,C02799,The Merchants & Manufacturers Insurance Co. Ltd. London,The Merchants & Manufacturers Insurance Co. Ltd. London,director,0,,,,21,876
4734,1950,P01778,Isherwood Percy,Isherwood Percy,,,C01890,Sté. Eg. Financière pour le Commerce,Sté Eg. Financière pour le Commerce,director,0,,,,21,876
4735,1950,P01778,Isherwood Percy,Isherwood Percy,,,C01628,"Industrie, S.A.E","Industrie, S.A.E",director,0,,,,21,876
4736,1950,P01778,Isherwood Percy,Isherwood Percy,,,C02456,Lancashire Egyptian Co,Lancashire Egyptian Co,director,0,,,,21,876
4737,1950,P01779,Iskandar Said Eff,Iskandar Said Eff,,,C02031,"The Upper Egypt Bus Co., S.A.E","The Upper Egypt Bus, S.A.E",director,0,,,,21,876
4738,1950,P00716,Islam Aly,S.E. Islam Aly,,s.e.,C02397,Fabrique Islam Pacha,Fabrique Islam Pacha,president,0,,,,21,876
4739,1950,P00716,Islam Aly,S.E. Islam Aly,,s.e.,C01509,la. Société Coopérative Commerciale de Crédit,la. Société Coopérative Commerciale de Crédit,director,0,,,,21,876
4740,1950,P00716,Islam Aly,S.E. Islam Aly,,s.e.,C02631,Société pour la vente des Produits,Société pour la vente des Produits,director,0,,,,21,876
4741,1950,P01780,Ismail El Baroudy,Ismail El Baroudy,,,C00599,Société des Autobus de Béhéra,Société des Autobus de Béhéra,director,0,,,,21,876
4742,1950,P01780,Ismail El Baroudy,Ismail El Baroudy,,,C00372,Gharbieh,Gharbieh,director,0,,,,21,876
4743,1950,P01781,Ismalun René,Ismalun René,,,C00677,The Egyptian Petroleum Storage Co,Egyptian Petroleum Storage,president,0,,,,21,877
4744,1950,P01781,Ismalun René,Ismalun René,,,C01840,Société Pharos,Société «Pharos»,president,0,,,,21,877
4745,1950,P01781,Ismalun René,Ismalun René,,,C00210,Egyptian Bonded Warehouses Co. Ltd,Egyptian Bonded Warehouses Co. Ltd,vice_president,0,,,,21,877
4746,1950,P01781,Ismalun René,Ismalun René,,,C00096,Land Bank of Egypt,The Land Bank of Egypt,vice_president,0,,,,21,877
4747,1950,P01781,Ismalun René,Ismalun René,,,C00462,S.A. des Bières Bomonti -& Pyramides,S.A. des Bières Bomonti et Pyramides,director,0,,,,21,877
4748,1950,P01781,Ismalun René,Ismalun René,,,C00108,New Egyptian Co,New Egyptian Co,director,0,,,,21,877
4749,1950,P01781,Ismalun René,Ismalun René,,,C00128,S.A. du Béhéra,S.A. du Béhéra,director,0,,,,21,877
4750,1950,P01781,Ismalun René,Ismalun René,,,C01402,The Aboukir Cy,The Aboukir Cy,director,0,,,,21,877
4751,1950,P01781,Ismalun René,Ismalun René,,,C02645,Sté Belge-Egyptienne de l'Ezbékieh,Sté Belge-Egyptienne de l'Ezbékieh,director,0,,,,21,877
4752,1950,P01781,Ismalun René,Ismalun René,,,C02683,Sté Nationale de Textile «Memphis» S.A.E,Sté. Nationale de Textile Memphis,director,0,,,,21,877
4753,1950,P01782,Israel Léon,Israel Léon,,,C02441,Incorporated Industries,Incorporated Industries,managing_director,0,,,,21,877
4754,1950,P01783,Israel Ovadia,Israel Ovadia,,,C01712,Rizerie Egyptienne Moderne,Rizerie Egyptienne Moderne,director,0,,,,21,877
4755,1950,P01113,Israel Raymond,Israel Raymond,,,C01888,Sté. Commerciale Ex-Import,Sté Commerciale Ex-Import,director,0,,,,21,877
4756,1950,P01784,Israel Victor,Israel Victor,,,C02198,Alex. & Ramleh Ry Co. et Alexandria Transport & Industrial Cy,Alex. & Ramleh Ry Co. et Alexandria Transport & Industrial Cy,director,0,,,,21,877
4757,1950,P01785,Justice,Justice,,,C02842,del'Oriental Bond Stores,del'Oriental Bond Stores,president,0,,,,21,877
4758,1950,P01786,Izzel Dine Omar,Izzel Dine Omar,,,C01920,Sté. Orientale Cinéma,Sté Orientale Cinéma,director,0,,,,21,877
4759,1950,P01115,Jackson W,Jackson W,,,C00226,The Upper Egypt Hotels,The Upper Egypt Hotels,director,0,,,,21,877
4760,1950,P00083,Jacobs Emile,Jacobs Emile,,,C00306,Caisse Hypothécaire d'Egypte,Caisse Hypothécaire d'Egypte,president,0,,,,21,877
4761,1950,P00083,Jacobs Emile,Jacobs Emile,,,C00306,Caisse Hypothécaire d'Egypte,Caisse Hypothécaire d'Egypte,managing_director,0,,,,21,877
4762,1950,P00083,Jacobs Emile,Jacobs Emile,,,C00473,S.A. des Monts de Piété Egyptiens,S.A. des Monts de Piété Egyptiens,director,0,,,,21,877
4763,1950,P01787,Jacoel Sam,Jacoel Sam,,,C01550,Egyptian Rubber & Shoes Industry,Egyptian Rubber and Shoes Industry,managing_director,0,,,,21,877
4764,1950,P00717,Jacot-Descombes J. G,Jacot-Descombes J. G,,,C02200,Alex. Water Co,Alex. Water Co,vice_president,0,,,,21,877
4765,1950,P00717,Jacot-Descombes J. G,Jacot-Descombes J. G,,,C00079,The Electricity & lee Supply Co,The Electricity & lee Supply Co,managing_director,0,,,,21,877
4766,1950,P00717,Jacot-Descombes J. G,Jacot-Descombes J. G,,,C01942,surveillance de la «HAMATA MINING» Company,Surveillance de la Hamata Mining Cy,director,0,,,,21,877
4767,1950,P00717,Jacot-Descombes J. G,Jacot-Descombes J. G,,,C01942,surveillance de la «HAMATA MINING» Company,Surveillance de la Hamata Mining Cy,president,0,,,,21,877
4768,1950,P01116,Jameson J. A,Jameson J. A,,,C00288,Anglo-Egyptian Oilfields,Anglo-Egyptian Oilfields,director,0,,,,21,878
4769,1950,P01788,Jancovitch Jack,Jancovitch Jack,,,C00467,S.A. des Drogueries d'Egypte,S.A. des Drogueries d'Egypte,director,0,,,,21,878
4770,1950,P01788,Jancovitch Jack,Jancovitch Jack,,,C01682,Near East Finance Co,Near East Finance Co,director,0,,,,21,878
4771,1950,P00718,Jardine Robert,Jardine Robert,,,C00701,The Sheffield,The Sheffield,director,0,,,,21,878
4772,1950,P01789,Jays Georges Naldrett,S.E. Jays Georges Naldrett Pacha,pasha,s.e.,C00051,Commercial Bank of Egypt,Commercial Bank of Egypt,director,0,,,,21,878
4773,1950,P01790,Jensens N. M,Jensens N. M,,,C02210,Alexandria Porland Cement Co. et Helwan Portland Cernent Co,Alexandria Porland Cement Co. et Helwan Portland Cernent Co,director,0,,,,21,878
4774,1950,P01119,Jones Archibald Probart,Jones Archibald Probart,,,C01752,"Salvage ·& Marine Cy. of Egypt, S.A.E","Salvage & Marine Cy of Egypt, S.A.E",director,0,,,,21,878
4775,1950,P01791,Jullien L,Jullien L,,,C02532,Provident Ass. of Egypt,Provident Ass. of Egypt,director,0,,,,21,878
4776,1950,P01792,Kafraoui Pacha Dr. Abbas El,S.E. Kafraoui Pacha Dr. Abbas El,,s.e.,C02283,Conseil d'Ad m. Chemical Industries Development,Conseil d'Ad m. Chemical Industries Development,president,0,,,,21,878
4777,1950,P01793,Kahla Raymond,Kahla Raymond,,,C00074,The Egyptian Delta Land & Investment Cy,Egyptian Delta Land & Invest. Co,director,0,,,,21,878
4778,1950,P01120,Kamal el Dine el Chérif,Kamal El Dîne El Chérif,,,C01537,Egyptian Domestic & Foreign Trade Cy,Egyptian Domestic & Foreign Trade Cy,director,0,,,,21,878
4779,1950,P01794,Kamal Imam,Kamal Imam,,,C02414,Frosted Food & Cold Storage Co,Frosted Food & Cold Storage Co,director,0,,,,21,878
4780,1950,P01795,Kamel El Abd,Kamel El Abd,,,C02320,Dél. Egyptian Arab Bank,Dél. Egyptian Arab Bank,director,0,,,,21,878
4781,1950,P01796,Kamel Bey Habib,Kamel Bey Habib,,,C02515,"Nile Brewery, S.A.E","Nile Brewery, S.A.E",director,0,,,,21,878
4782,1950,P01797,Kamel Hussein Wassef,Kamel Hussein Wassef,,,C01920,Sté. Orientale Cinéma,Sté. Orientale Cinéma,director,0,,,,21,878
4783,1950,P00721,Kame.l Ibrahim,S.E. Kamel Ibrahim Bey,bey,s.e.,C01774,Société Co-opérative des Pétroles,Société Co-opérative des Pétroles,vice_president,0,,,,21,878
4784,1950,P00721,Kame.l Ibrahim,S.E. Kamel Ibrahim Bey,bey,s.e.,C00032,Banque Misr,Banque Misr,director,0,,,,21,878
4785,1950,P01798,Kamel Osman Pacha Ghaleb,S.E. Kamel Osman Pacha Ghaleb,,s.e.,C00354,Egyptian Finance Cy,Egyptian Finance Co,president,0,,,,21,878
4786,1950,P01799,Karam Georges T,Karam Georges T,,,C02275,Commercial and Estates Co. of Egypt,Commercial & Estates Co. of Egypt,vice_president,0,,,,21,878
4787,1950,P01800,Karam Théodore,Karam Théodore,,,C02275,Commercial and Estates Co. of Egypt,Commercial and Estates Co. of Egypt,president,0,,,,21,878
4788,1950,P01801,Karkegi Michel,Karkegi Michel,,,C01907,Sté. Franco-Egyptienne d'Importation,Sté. Franco-Egyptienne d'Importation,director,0,,,,21,879
4789,1950,P01802,Karkegi Nicolas,Karkegi Nicolas,,,C01907,Sté. Franco-Egyptienne d'Importation,Sté. Franco-Egyptienne d'Importation,director,0,,,,21,879
4790,1950,P01802,Karkegi Nicolas,Karkegi Nicolas,,,C02557,S.A.E. d'Urbanisme Hadaek El Ahram,S.A.E. d'Urbanisme Hadaek El Ahram,director,0,,,,21,879
4791,1950,P01803,Kelebdjian Hagop,Kelebdjian Hagop,,,C01743,S.A.E. des Anciens Etablissements Hovaghimian,S.A.E. des Anciens Etablissements Hovaghimian,director,0,,,,21,879
4792,1950,P01804,Keown-Boyd Str Alexander W . . K.B.E,Keown-Boyd Str Alexander W . . K.B.E,,,C02703,Sté. An. Eg. Financière& Immobilière,Sté. An. Eg. Financière& Immobilière,president,0,,,,21,879
4793,1950,P01804,Keown-Boyd Str Alexander W . . K.B.E,Keown-Boyd Str Alexander W . . K.B.E,,,C02744,Sté. d'Alexandrie pour le Commerce en Bois,Sté. d'Alexandrie pour le Commerce en Bois,vice_president,0,,,,21,879
4794,1950,P01804,Keown-Boyd Str Alexander W . . K.B.E,Keown-Boyd Str Alexander W . . K.B.E,,,C02372,Egyptian Jute Co,Egyptian Jute Co,vice_president,0,,,,21,879
4795,1950,P01804,Keown-Boyd Str Alexander W . . K.B.E,Keown-Boyd Str Alexander W . . K.B.E,,,C02400,Farghaly Cotton & Investment Co,Farghaly Cotton & Investment Co,director,0,,,,21,879
4796,1950,P01804,Keown-Boyd Str Alexander W . . K.B.E,Keown-Boyd Str Alexander W . . K.B.E,,,C02720,"Sté. Eg. de Tuyaux, Poteaux et Produits en Ciment Armé (Système Siegwart)","Sté. Eg. de Tuyaux, Poteaux et Produits en Ciment Armé (Système Siegwart)",director,0,,,,21,879
4797,1950,P01804,Keown-Boyd Str Alexander W . . K.B.E,Keown-Boyd Str Alexander W . . K.B.E,,,C00296,"Banque Mosséri, S.A.E",Banque Mosséri S.A.E,director,0,,,,21,879
4798,1950,P01804,Keown-Boyd Str Alexander W . . K.B.E,Keown-Boyd Str Alexander W . . K.B.E,,,C00083,Fédération Egyptienne des Industries,à la Fédération Egyptienne des Industries,adviser,0,,,,21,879
4799,1950,P01124,Kettaneh Charles,Kettaneh Charles,,,C02806,The North East Africa Trading Cy. S.A.E. et National Starch Cy,The North East Africa Trading Cy S.A.E. et National Starch Cy,director,0,,,,21,879
4800,1950,P01125,Kettaneh Désiré,Kettaneh Désiré,,,C02806,The North East Africa Trading Cy. S.A.E. et National Starch Cy,The North East Africa Trading Cy. S.A.E. et National Starch Cy,director,0,,,,21,879
4801,1950,P01805,Kfoury Alfred,Kfoury Alfred,,,C01414,The Alexandria & Khartoum Trading Corp,The Alexandria & Khartoum Trading Corp,director,0,,,,21,879
4802,1950,P01806,Kfoury Elie,Kfoury Elie,,,C00686,The Fayoum Light Railways Co,Fayoum Light Railways Co,director,0,,,,21,879
4803,1950,P00725,Kfoury Philippe,Kfoury Henry Philippe,,,C02365,Egyptian Delta Light Rys,Egyptian Delta Light Rys,director,0,,,,21,879
4804,1950,P01807,Kfoury Jean,Kfoury Jean,,,C01576,Fayoum Textile Cy,Fayoum Textile Cy,director,0,,,,21,879
4805,1950,P00723,Kfoury Joseph,Kfoury Joseph,,,C01931,Sté. des Biens de Rapport d'Egypte,Sté. des Biens de Rapport d'Egypte,vice_president,0,,,,21,879
4806,1950,P00723,Kfoury Joseph,Kfoury Joseph,,,C00606,Société des Omnibus de Fayoum,Société des Omnibus de Fayoum,director,0,,,,21,879
4807,1950,P00723,Kfoury Joseph,Kfoury Joseph,,,C01928,Sté. des Autobus de la Basse-Egypte,Sté. des Autobus de la Basse Egypte,director,0,,,,21,879
4808,1950,P00723,Kfoury Joseph,Kfoury Joseph,,,C02403,Fayoum Light Rys. Co,Fayoum Light Rys. Co,managing_director,0,,,,21,879
4809,1950,P00723,Kfoury Joseph,Kfoury Joseph,,,C00142,Société Anonyme des Chemins de Fer de la Basse-Egypte,Société Anonyme des Chemins de Fer de la Basse-Egypte,managing_director,0,,,,21,879
4810,1950,P00723,Kfoury Joseph,Kfoury Joseph,,,C02365,Egyptian Delta Light Rys,Egyptian Delta Light Rys,director,0,,,,21,879
4811,1950,P00723,Kfoury Joseph,Kfoury Joseph,,,C01576,Fayoum Textile Cy,Fayoum Textile Cy,managing_director,0,,,,21,879
4812,1950,P00724,Kfouri Michel,Kfoury Michel,,,C00606,Société des Omnibus de Fayoum,Société des Omnibus de Fayoum,director,0,,,,21,879
4813,1950,P01808,Kfoury Philippe Zaher,Kfoury Philippe Zaher,,,C02624,Société des Autobus de la Basse-Egypte,Société des Autobus de la Basse-Egypte,vice_president,0,,,,21,879
4814,1950,P01808,Kfoury Philippe Zaher,Kfoury Philippe Zaher,,,C02624,Société des Autobus de la Basse-Egypte,Société des Autobus de la Basse-Egypte,director,0,,,,21,879
4815,1950,P01808,Kfoury Philippe Zaher,Kfoury Philippe Zaher,,,C02365,Egyptian Delta Light Rys,Egyptian Delta Light Rys,managing_director,0,,,,21,879
4816,1950,P01809,Kfoury Robert,Kfoury Robert,,,C02642,Sté. Autobus Routes Désert,Sté. Autobus Routes Désert,director,0,,,,21,879
4817,1950,P01810,Khachaba Sayed Mohamed Pacha Député,S.E. Khachaba Sayed Mohamed Pacha Député,,s.e.,C02150,'Administration de la Société Misr pour l'Egrenage du Coton,'Administration de la Société Misr pour l'Egrenage du Coton,council_member,0,,,,21,879
4818,1950,P01810,Khachaba Sayed Mohamed Pacha Député,S.E. Khachaba Sayed Mohamed Pacha Député,,s.e.,C01823,Société Misr de Transport,Société Misr de Transport,council_member,0,,,,21,879
4819,1950,P01810,Khachaba Sayed Mohamed Pacha Député,S.E. Khachaba Sayed Mohamed Pacha Député,,s.e.,C01818,Société Misr de Filature,Société Misr de Filature,council_member,0,,,,21,879
4820,1950,P01810,Khachaba Sayed Mohamed Pacha Député,S.E. Khachaba Sayed Mohamed Pacha Député,,s.e.,C02038,"Tissage, S.A.E","Tissage, S.A.E",council_member,0,,,,21,879
4821,1950,P01810,Khachaba Sayed Mohamed Pacha Député,S.E. Khachaba Sayed Mohamed Pacha Député,,s.e.,C01837,Société Misr pour les Pêcheries,Société Misr pour les Pêcheries,council_member,0,,,,21,879
4822,1950,P01810,Khachaba Sayed Mohamed Pacha Député,S.E. Khachaba Sayed Mohamed Pacha Député,,s.e.,C00168,Société Foncière d'Egypte,Société Foncière d'Egypte,council_member,0,,,,21,879
4823,1950,P01810,Khachaba Sayed Mohamed Pacha Député,S.E. Khachaba Sayed Mohamed Pacha Député,,s.e.,C00563,"Société Egyptienne pour le Développement et le Commerce des Légumes, Fruits et Fleurs","Société Egyptienne pour le Développement et le Commerce des Légumes, Fruits et Fleurs",president,0,,,,21,879
4824,1950,P00727,Khalil Aly El Gazzar,Khalil Aly El Gazzar Bey,bey,,C01826,Société Misr pour l'Egrenage du Coton,Société Misr pour l'Egrenage du Coton,director,0,,,,21,880
4825,1950,P00727,Khalil Aly El Gazzar,Khalil Aly El Gazzar Bey,bey,,C02237,"Banque Misr, de la Société Mi sr pour le Tissage de Coton à Kafr el Dawar","Banque Misr, de la Société Mi sr pour le Tissage de Coton à Kafr el Dawar",director,0,,,,21,880
4826,1950,P01811,Kbairy Bey Ahmed,S.E. Kbairy Bey Ahmed,,s.e.,C02443,Indo-Egyptiana et S.A.E. Scialli,Indo-Egyptiana et S.A.E. Scialli,director,0,,,,21,880
4827,1950,P01127,Khairy Mahmoud,S.E. Khairy Mahmoud Pacha,pasha,s.e.,C01467,Chemical Industries Cy. <<C.I.C.n,Chemical Industries Cy. «C.I.C.>>,president,0,,,,21,880
4828,1950,P01127,Khairy Mahmoud,S.E. Khairy Mahmoud Pacha,pasha,s.e.,C02179,<<Food Products»,<<Food Products»,president,0,,,,21,880
4829,1950,P01127,Khairy Mahmoud,S.E. Khairy Mahmoud Pacha,pasha,s.e.,C02544,S.A. Immobili Ri unit i et Upper Egypt Ginning,S.A. Immobili Ri unit i et Upper Egypt Ginning,director,0,,,,21,880
4830,1950,P00387,Khalil Mohamed Mahmoud,S.E. Khalil Mohamed Mahmoud Bey,bey,s.e.,C00176,Société Générale des Sucreries,Société Générale des Sucreries,president,0,,,,21,880
4831,1950,P00387,Khalil Mohamed Mahmoud,S.E. Khalil Mohamed Mahmoud Bey,bey,s.e.,C00176,Société Générale des Sucreries,Société Générale des Sucreries,director,0,,,,21,880
4832,1950,P00387,Khalil Mohamed Mahmoud,S.E. Khalil Mohamed Mahmoud Bey,bey,s.e.,C00114,Raffinerie d'Egypte,Raffinerie d'Egypte,president,0,,,,21,880
4833,1950,P00387,Khalil Mohamed Mahmoud,S.E. Khalil Mohamed Mahmoud Bey,bey,s.e.,C00114,Raffinerie d'Egypte,Raffinerie d'Egypte,director,0,,,,21,880
4834,1950,P00387,Khalil Mohamed Mahmoud,S.E. Khalil Mohamed Mahmoud Bey,bey,s.e.,C00210,Egyptian Bonded Warehouses Co. Ltd,"Egyptian Bonded Warehouses Co., Ltd",president,0,,,,21,880
4835,1950,P00387,Khalil Mohamed Mahmoud,S.E. Khalil Mohamed Mahmoud Bey,bey,s.e.,C00705,"The Tractor & Engineering Co., S.A.E","Tractor and Engineering Co., S.A.E",president,0,,,,21,880
4836,1950,P00387,Khalil Mohamed Mahmoud,S.E. Khalil Mohamed Mahmoud Bey,bey,s.e.,C02865,"«Al Chark» (L'Orient), Cie. d'Assurances sur la Vie S.A.E","«Al Chark» (L'Orient), Cie. d'Assurances sur la Vie S.A.E",director,0,,,,21,880
4837,1950,P00387,Khalil Mohamed Mahmoud,S.E. Khalil Mohamed Mahmoud Bey,bey,s.e.,C00032,Banque Misr,Banque Misr,director,0,,,,21,880
4838,1950,P00387,Khalil Mohamed Mahmoud,S.E. Khalil Mohamed Mahmoud Bey,bey,s.e.,C00065,Crédit Foncier Egyptien,Crédit Foncier Egyptien,director,0,,,,21,880
4839,1950,P00387,Khalil Mohamed Mahmoud,S.E. Khalil Mohamed Mahmoud Bey,bey,s.e.,C01804,Société Financière .& Industrielle,Société Financière & Industrielle,director,0,,,,21,880
4840,1950,P00387,Khalil Mohamed Mahmoud,S.E. Khalil Mohamed Mahmoud Bey,bey,s.e.,C02407,Filature Misr Kafr,Filature Misr Kafr,director,0,,,,21,880
4841,1950,P01812,Khalil Mohamed Tewfik,Khalil Mohamed Tewfik Bey,bey,,C02236,"Banque Misr, Airmec., Commercial& Engineering Cy. of Egypt & Middle East Cy","Banque Misr, Airmec., Commercial& Engineering Cy. of Egypt & Middle East Cy",director,0,,,,21,880
4842,1950,P01128,Khattab Mohamed,Khattab Mohamed Bey,bey,,C01467,Chemical Industries Cy. <<C.I.C.n,Chemical Industries Cy. «C.I.C.»,managing_director,0,,,,21,880
4843,1950,P01128,Khattab Mohamed,Khattab Mohamed Bey,bey,,C02836,Zeitoun Canning & Fc,Zeitoun Canning Co,director,0,,,,21,880
4844,1950,P01128,Khattab Mohamed,Khattab Mohamed Bey,bey,,C00668,The Egyptian Copper Works,Egyptian Copper Works,president,0,,,,21,880
4845,1950,P01128,Khattab Mohamed,Khattab Mohamed Bey,bey,,C00668,The Egyptian Copper Works,Egyptian Copper Works,director,0,,,,21,880
4846,1950,P00728,Kher Georges J,Kher Georges J,,,C02175,-Général de la S.A. Agricole et Industrielle d'Egypte,-Général de la S.A. Agricole et Industrielle d'Egypte,managing_director,0,,,,21,880
4847,1950,P00728,Kher Georges J,Kher Georges M,,,C02296,Crédit Foncier d'Orient,Crédit Foncier d'Orient,director,0,,,,21,880
4848,1950,P01813,Khorshed Ahmed Khairy Ahmed,Khorshed Ahmed Khairy Ahmed,,,C02178,<<Engineering & Trading Enterprises,Engineering & Trading Entreprises,director,0,,,,21,880
4849,1950,P01814,Khorshed Hussein Ahmed,Khorshed Hussein Ahmed,,,C02178,<<Engineering & Trading Enterprises,Engineering of Trading Entreprises,director,0,,,,21,880
4850,1950,P01815,Khorshed Omar Seif El Dine,Khorshed Omar Seif El Dine,,,C02322,Dél. Engineering & Trading Entreprises,Dél. Engineering & Trading Entreprises,director,0,,,,21,880
4851,1950,P01130,Kirkman Robert,Kirkman Robert,,,C02794,"The Hinshel- wood Paint & Oil Co. of Egypt, S.A.E",The Hinshel- wood Paint & Oil Co. of Egypt. S.A.E,director,0,,,,21,880
4852,1950,P01131,Klaesi R,Klaesi R,,,C01942,surveillance de la «HAMATA MINING» Company,Surveillance de la Hamata Mining Co,council_member,0,,,,21,880
4853,1950,P01816,Klat Elie,Klat Elie,,,C00069,Delta Trading Co,Delta Trading Co,director,0,,,,21,880
4854,1950,P00090,Klat Jules,Klat Jules Bey,bey,,C00197,The Associated Cotton Ginners,The Associated Cotton Ginners,president,0,,,,21,880
4855,1950,P00090,Klat Jules,Klat Jules Bey,bey,,C00086,The Gharbieh Land Co,Gharbieh Land Cy,president,0,,,,21,880
4856,1950,P00090,Klat Jules,Klat Jules Bey,bey,,C00086,The Gharbieh Land Co,Gharbieh Land Cy,council_member,0,,,,21,880
4857,1950,P00090,Klat Jules,Klat Jules Bey,bey,,C00086,The Gharbieh Land Co,Gharbieh Land Cy,adviser,0,,,,21,880
4858,1950,P00090,Klat Jules,Klat Jules Bey,bey,,C00086,The Gharbieh Land Co,Gharbieh Land Cy,member,0,,,,21,880
4859,1950,P00090,Klat Jules,Klat Jules Bey,bey,,C00806,S.A. Pharos,S.A. Pharos,vice_president,0,,,,21,880
4860,1950,P00090,Klat Jules,Klat Jules Bey,bey,,C00212,The Egyptian Enterprise & Development Co,The Egyptian Enterprise & Development Cy,vice_president,0,,,,21,880
4861,1950,P00090,Klat Jules,Klat Jules Bey,bey,,C00210,Egyptian Bonded Warehouses Co. Ltd,The Egyptian Bonded Warehouses,director,0,,,,21,880
4862,1950,P00090,Klat Jules,Klat Jules Bey,bey,,C00128,S.A. du Béhéra,S.A. du Béhéra,director,0,,,,21,880
4863,1950,P00090,Klat Jules,Klat Jules Bey,bey,,C00121,S. A. du Wadi Kom Ombo,S.A. Wadi-Kom-Ombo,director,0,,,,21,880
4864,1950,P00090,Klat Jules,Klat Jules Bey,bey,,C00108,New Egyptian Co,The New Egyptian Co,director,0,,,,21,880
4865,1950,P00090,Klat Jules,Klat Jules Bey,bey,,C00125,S. A. des Entreprises Urbaines et Rurales,S.A. d'Entreprises Urbaines et Rurales,director,0,,,,21,880
4866,1950,P01817,Klat Ramez,Klat Ramez,,,C01912,Sté. Misr Rayonne,Sté. Misr Rayonne,director,0,,,,21,881
4867,1950,P01818,Koleas Nicolas,Koleas Nicolas,,,C00353,"Egyptian Cotton Ginners & Exporters, S.A",Egyptian Cotton Ginners and Exporters,director,0,,,,21,881
4868,1950,P01819,Kouhi N,Kouhi N,,,C02423,"General Motors N ear East, S.A.E","General Motors N ear East, S.A.E",director,0,,,,21,881
4869,1950,P01134,Krisc:hewsky Henry,Krischewsky Henry,,,C00296,"Banque Mosséri, S.A.E",Banque Mosseri. S.A.E,managing_director,0,,,,21,881
4870,1950,P01134,Krisc:hewsky Henry,Krischewsky Henry,,,C00544,Société Egyptienne de Tissage et Tricotage,Société Egyptienne de Tissage et Tricotage,managing_director,0,,,,21,881
4871,1950,P01134,Krisc:hewsky Henry,Krischewsky Henry,,,C01011,S.A.E. Financière et Immobilière,S.A.E. Financière et Immobilière,director,0,,,,21,881
4872,1950,P01134,Krisc:hewsky Henry,Krischewsky Henry,,,C01874,Sté,Sté,director,0,,,,21,881
4873,1950,P01820,Krustalia Michel,Krustalia Michel,,,C00393,"Industrie des Fibres Textiles, S.A.E",Industrie Fibres Textiles,director,0,,,,21,881
4874,1950,P01135,Kupper H,Kupper H,,,C00571,Société Générale de Pressage,Société Générale de Pressage,director,0,,,,21,881
4875,1950,P01135,Kupper H,Kupper H,,,C00346,Dépôts,Dépôts,director,0,,,,21,881
4876,1950,P01135,Kupper H,Kupper H,,,C01942,surveillance de la «HAMATA MINING» Company,Surveillance de la Hamata Mining Co,council_member,0,,,,21,881
4877,1950,P01821,Kyriakides,Kyriakides,,,C00356,Egyptian Independent Oil Co,Egyptian Independent Oil Co,director,0,,,,21,881
4878,1950,P01822,Kyriazis Apostolo,Kyriazis Apostolo,,,C01424,The Anglo-Egyptian Mining Co,Anglo Egyptian Mining,managing_director,0,,,,21,881
4879,1950,P01823,Labib Atallab Dr,Labib Atallab Dr,,,C01576,Fayoum Textile Cy,Fayoum Textile Cy,director,0,,,,21,881
4880,1950,P01138,Lackany Sanny,S.E. Lackany Sanny Bey,bey,s.e.,C00200,The Cairo Electric Railways and Heliopolis Oases Co,à la Cairo Electric Rys & Heliopolis Oases Co,adviser,0,,,,21,881
4881,1950,P01138,Lackany Sanny,S.E. Lackany Sanny Bey,bey,s.e.,C01442,Banque Zilkha,Banque Zilkha,director,0,,,,21,881
4882,1950,P01139,Lagnado Joseph S,Lagnado Joseph S,,,C01452,Béni Mazar Urbaine et Rurale,Béni Mazar Urbaine et Rurale,director,0,,,,21,881
4883,1950,P01140,Lagoudakis Eustache,Lagoudakis Eustache,,,C00299,Banque de Commerce N. Tepeghiosi & Co,Banque de Commerce N. Tepeghiosi & Co,president,0,,,,21,881
4884,1950,P01824,Lah~rrère L,Lah~rrère L,,,C00478,S.A. des Tramways du Caire,S.A. des Tramways du Caire,general_manager,0,,,,21,881
4885,1950,P01824,Lah~rrère L,Lah~rrère L,,,C00355,The Egyptian General Omnibus Co,Société «The Egyptian General Omnibus Co.»,managing_director,0,,,,21,881
4886,1950,P01825,Lambiotte O. Ellsworth,Lambiotte O. Ellsworth,,,C00030,Banque Belge et Internationale en Egypte,Banque Belge et Internationale en Egypte,managing_director,0,,,,21,881
4887,1950,P01825,Lambiotte O. Ellsworth,Lambiotte O. Ellsworth,,,C00078,The Egyptian Salt & Soda Cy. Ltd,Egyptian Salt & Soda Company Ltd,director,0,,,,21,881
4888,1950,P01825,Lambiotte O. Ellsworth,Lambiotte O. Ellsworth,,,C02758,Sud an Soap F'actory Ltd,Sud an Soap F'actory Ltd,director,0,,,,21,881
4889,1950,P01825,Lambiotte O. Ellsworth,Lambiotte O. Ellsworth,,,C00478,S.A. des Tramways du Caire,S.A. des Tramways du Caire,director,0,,,,21,881
4890,1950,P01826,Lancaster '\V. A,Lancaster '\V. A,,,C02308,Delta,Delta,president,0,,,,21,881
4891,1950,P01827,Trading Co,Trading Co,,,C00128,S.A. du Béhéra,S.A. du Béhéra,director,0,,,,21,881
4892,1950,P01827,Trading Co,Trading Co,,,C02741,Sté. Métallurgie Egyptienne,Sté. Métallurgie Egyptienne,director,0,,,,21,881
4893,1950,P01828,Lancker Robert de,Lancker Robert de,,,C00272,The African Enterprise & Development Co,The African Enterprise & Development Cy,director,0,,,,21,882
4894,1950,P01829,Landert Hans Ulrich,Landert Hans Ulrich,,,C02672,Sté Indust. et Commerciale Laitière Man- dara,Sté Indust. et Commerciale Laitière Man- dara,director,0,,,,21,882
4895,1950,P01830,Landert Jean,Landert Jean,,,C02673,Sté. Industrielle et Commerciale Laitière Mand ara,Sté Industrielle et Commerciale Laitière Mandara,director,0,,,,21,882
4896,1950,P01831,Lappas Aristide,Lappas Aristide,,,C01847,Société d'Alimentation Générale,Société d'Alimentation Générale,director,0,,,,21,882
4897,1950,P01143,Lappas Christodule,Lappas Christodule,,,C02441,Incorporated Industries,Incorporated Industries,director,0,,,,21,882
4898,1950,P00395,Lappas Georges,Lappas Georges,,,C00299,Banque de Commerce N. Tepeghiosi & Co,Banque de Commerce N. Tepeghiosi & Co,director,0,,,,21,882
4899,1950,P01832,Lappas Grégoire,Lappas Grégoire,,,C02323,Dél. F'rosted Food & Cold Storage Co. S.A.E,Dél. F'rosted Food & Cold Storage Co. S.A.E,director,0,,,,21,882
4900,1950,P00093,Lascaris Mario,Lascaris Mario A,,,C02143,'Administration de la Banque d'Athènes en Egypte,'Administration de la Banque d'Athènes en Egypte,president,0,,,,21,882
4901,1950,P00093,Lascaris Mario,Lascaris Mario A,,,C01998,The Gabbari Land Company,The Gabbari Land Company,president,0,,,,21,882
4902,1950,P00093,Lascaris Mario,Lascaris Mario A,,,C02775,The Alexandria Transport & Industrial Cy,The Alexandria Transport & Industrial Cy,vice_president,0,,,,21,882
4903,1950,P00093,Lascaris Mario,Lascaris Mario A,,,C02289,Conseils d'Administration des S.A.E. d'Assurances «Al Chark». Crédit Agricole et Coopératif,Conseils d'Administration des S.A.E. d'Assurances «Al Chark». Crédit Agricole et Coopératif,member,0,,,,21,882
4904,1950,P01833,Lavison Mr. le Comte,Lavison Mr. le Comte,,,C01545,Egyptian Mining & Prospecting Co .. S.A.E,Egyptian Mining & Prospecting Co,director,0,,,,21,882
4905,1950,P01834,Lazarevitch Tod01·,Lazarevitch Tod01·,,,C02325,Dél. Fabrique des Produits Chimiques,Dél. Fabrique des Produits Chimiques,director,0,,,,21,882
4906,1950,P01145,Lebnan Bakhos,Lebnan Bakhos,,,C00231,Union Foncière d'Egypte,Union Foncière d'Egypte,director,0,,,,21,882
4907,1950,P01145,Lebnan Bakhos,Lebnan Bakhos,,,C01870,Sté. Agricole et Fermière «Fermagn,Sté Agricole et Fermière «Fermag»,director,0,,,,21,882
4908,1950,P01835,Lebon Marcel,Lebon Marcel,,,C01477,"Cie. d'Eclairage par le Gaz, Lebon et Cie","Cie. d'Eclairage par le Gaz, Lebon et Cie",president,0,,,,21,882
4909,1950,P01836,Lebovich Maurice,Lebovich Maurice,,,C02270,Clothing & Equipment Co. of Egypt,Clothing & Equipment Cy. of Egypt,managing_director,0,,,,21,882
4910,1950,P00399,Lee Lee Roger Malcolm,Lee Lee Roger Malcolm,,,C00552,Société Egyptienne des Industries Textiles,Société Egyptienne des Industries Textiles. S.A.E,director,0,,,,21,882
4911,1950,P00400,Lees Sir William Clare,Lees Sir William Clare,,,C00552,Société Egyptienne des Industries Textiles,Société Egyptienne des Industries Textiles,director,0,,,,21,882
4912,1950,P00731,Lefrère Lucien,Lefrère Lucien,,,C01514,Crédit Lyonnais (Le Caire),Crédit Lyonnais (Le Caire),director,0,,,,21,882
4913,1950,P00731,Lefrère Lucien,Lefrère Lucien,,,C01514,Crédit Lyonnais (Le Caire),Crédit Lyonnais (Le Caire),manager,0,,,,21,882
4914,1950,P00731,Lefrère Lucien,Lefrère Lucien,,,C00189,Syndicat des Obligataires de la Société Générale des Sucreries,Syndicat des Obligataires dé la Société Générale des Sucreries,director,0,,,,21,882
4915,1950,P00731,Lefrère Lucien,Lefrère Lucien,,,C00114,Raffinerie d'Egypte,Raffinerie d'Egypte,director,0,,,,21,882
4916,1950,P01146,Leheta Ibrahim,Leheta Ibrahim Bey,bey,,C02776,"The Amalgamated lee Fac- tories and Cold Stores, S.A.E. et Simon Arzt Stores","The Amalgamated lee Fac- tories and Cold Stores, S.A.E. et Simon Arzt Stores",director,0,,,,21,882
4917,1950,P01837,Lemoine Gilbert,Lemoine Gilbert,,,C02205,Alexandria Glass & Porcelain Factory,Alexandria Glass & Porcelain Factory,director,0,,,,21,882
4918,1950,P01838,Levi Emilio,Levi Emilio,,,C02214,Alexandria Textile Co,Alexandria Textile Co,director,0,,,,21,882
4919,1950,P01839,Levi Gino,Levi Gino,,,C02214,Alexandria Textile Co,Alexandria Textile Co,director,0,,,,21,882
4920,1950,P00403,Levi 1. G,Levi 1. G,,,C02635,Statistique Egyptienne,Statistique Egyptienne,general_manager,0,,,,21,883
4921,1950,P00404,Levi Nellos A,Levi Nellos A,,,C00742,Usines Textiles Al-Kahira,Usines Textiles Al-Kahira,director,0,,,,21,883
4922,1950,P00733,Levi Rolf,Levi Rolf,,,C00734,"Trading & Industrial Corp., S.A.E",Trading Industrial Corp. S.A.E,director,0,,,,21,883
4923,1950,P01840,Levy Isaac,Levy Isaac,,,C01566,Etablissements Industriels pour la Soie et le Coton,Etablissements Industriels pour la Soie et le Coton,director,0,,,,21,883
4924,1950,P01149,Lévy Joseph M,Levy Joseph M,,,C01418,The Alexandria Spinning & Weaving Co,The Alexandria Spinning & Weaving Co,president,0,,,,21,883
4925,1950,P00403,Levi 1. G,Levi,,,C01418,The Alexandria Spinning & Weaving Co,The Alexandria Spinning & Weaving Co,vice_president,0,,,,21,883
4926,1950,P01841,Levy Sion,Levy Sion,,,C02821,Union des Commerçants en Textiles,Union des Commerçants en Textiles,director,0,,,,21,883
4927,1950,P00095,Lian Alfred,Lian Alfred,,,C02381,"Egyptian Salt and Soda Cy. Ltd., de la Société Financière & Industrielle d'Egypte","Egyptian Salt and Soda Cy. Ltd., de la Société Financière & Industrielle d'Egypte",president,0,,,,21,883
4928,1950,P00095,Lian Alfred,Lian Alfred,,,C00449,S.A. des Immeubles d'Egypte,S.A. des Immeubles d'Egypte,vice_president,0,,,,21,883
4929,1950,P00095,Lian Alfred,Lian Alfred,,,C00642,The Alexandria Navigation Co,The Alexandria Navigation Co,director,0,,,,21,883
4930,1950,P00095,Lian Alfred,Lian Alfred,,,C01956,"Teinturerie Franco-Egyptienne, S.A.K","Teinturerie Franco-Egyptienne, S.A.E",director,0,,,,21,883
4931,1950,P00095,Lian Alfred,Lian Alfred,,,C00016,Alexandria Insurance Co,Alexandria Insurance Co,director,0,,,,21,883
4932,1950,P01842,Lienardy Georges,Lienardy Georges,,,C02425,"Gevaert Orient, S.A.E","Gevaert-Orient, S.A.E",director,0,,,,21,883
4933,1950,P01151,Lifschitz Paul,Lifschitz Paul,,,C02404,Fayoum Textile et Studios «Al Ahram»,Fayoum Textile et Studios «Al Ahram»,director,0,,,,21,883
4934,1950,P01152,Lisbona Mayer,Lisbona Mayer,,,C02378,Egyptian Rice Mills,Egyptian Rice Mills,managing_director,0,,,,21,883
4935,1950,P01152,Lisbona Mayer,Lisbona Mayer,,,C02801,The N ear East Produce Trading Cy,The N ear East Produce Trading Cy,managing_director,0,,,,21,883
4936,1950,P01843,Lind Marcel,Lind Marcel,,,C01909,"Sté. Immobilière d'Alexandrie, S.A.F","Sté. Immobilière d'Alexandrie, S.A.F",manager,0,,,,21,883
4937,1950,P01843,Lind Marcel,Lind Marcel,,,C01909,"Sté. Immobilière d'Alexandrie, S.A.F","Sté. Immobilière d'Alexandrie, S.A.F",managing_director,0,,,,21,883
4938,1950,P01153,Liverant Joseph,Liverant Joseph,,,C01359,"Al Chark, Société d'Entreprises Générales","«Al Chark», Sté. d'Entreprises Générales",director,0,,,,21,883
4939,1950,P01844,Lombard Georges,Lombard Georges,,,C00067,Crédit Immobilier Suisse-Egyptien,Crédit Immobilier Suisse-Egyptien,director,0,,,,21,883
4940,1950,P00736,Lombardo Cesare,Lombardo Cesare,,,C02626,"Société des Autobus du Nord, de la Sté. des Autobus du Caire","Société des Autobus du Nord, de la Sté. des Autobus du Caire",director,0,,,,21,883
4941,1950,P00736,Lombardo Cesare,Lombardo Cesare,,,C02643,Sté. des Autobus d'Alexandrie,Sté. des Autobus d'Alexandrie,director,0,,,,21,883
4942,1950,P00736,Lombardo Cesare,Lombardo Cesare,,,C02380,Egyptian Road Transports Cy,Egyptian Road Transports Cy,director,0,,,,21,883
4943,1950,P01154,Lopez Ercole J,Lopez Ercole J,,,C01989,The Egyptian Independent,The Egyptian Independent,managing_director,0,,,,21,883
4944,1950,P01845,S.S. Loutfallah,S.S. Loutfallah,,,C02780,The Cairo Agricultural Co. S.A.E,The Cairo Agricultural Co. S.A.E,vice_president,0,,,,21,883
4945,1950,P01846,Loutfi Faiz Ahmed,Loutfi Faiz Ahmed,,,C02711,Sté. Commerciale et Financière «Al Masria)),Sté. Commerciale et Financière «Al Masria»,director,0,,,,21,883
4946,1950,P01847,Loutfi Nasser,Loutfi Nasser,,,C02425,"Gevaert Orient, S.A.E","Gevaert Orient, S.A.E",director,0,,,,21,883
4947,1950,P00097,Lowe A. J,Lowe A. J,,,C00481,S.A.E. Carba,S.A.E. Carba,president,0,,,,21,884
4948,1950,P00097,Lowe A. J,Lowe A. J,,,C02203,The Alexandria Engineering Works,Alexandria Engineering Works,president,0,,,,21,884
4949,1950,P00097,Lowe A. J,Lowe A. J,,,C02146,'Administration de la Filature Nationale d'Egypte,'Administration de la Filature Nationale d'Egypte,council_member,0,,,,21,884
4950,1950,P00097,Lowe A. J,Lowe A. J,,,C01936,Sté. des Produits Centrifugés en Ciment,Sté. des Produits Centrifugés en Ciment,council_member,0,,,,21,884
4951,1950,P00097,Lowe A. J,Lowe A. J,,,C00667,"The Egyptian Copper Works, S.A.E","Egyptian Copper Works, S.A.E",council_member,0,,,,21,884
4952,1950,P01155,Lozy Taher El,Lozy Taher El Bey,bey,,C00102,National Bank of Egypt,National Bank of Egypt,director,0,,,,21,884
4953,1950,P01155,Lozy Taher El,Lozy Taher El Bey,bey,,C01930,Sté. des Autobus du Nord,Sté. Autobus du Nord,president,0,,,,21,884
4954,1950,P01155,Lozy Taher El,Lozy Taher El Bey,bey,,C01549,Egyptian Road Transport Company S.A.E,Egyptian Road Transport Company S.A.E,president,0,,,,21,884
4955,1950,P01155,Lozy Taher El,Lozy Taher El Bey,bey,,C02186,Abu Zaabal& Kafr el Zayat Fertiliser and Chemical Cy. «Akfac»,Abu Zaabal& Kafr el Zayat Fertiliser and Chemical Cy. «Akfac»,director,0,,,,21,884
4956,1950,P01155,Lozy Taher El,Lozy Taher El Bey,bey,,C02353,Eg. Delta Land & Investment Co,Eg. Delta Land & Investment Co,vice_president,0,,,,21,884
4957,1950,P01848,Luce Pierre,Luce Pierre,,,C00040,The Cairo Sand Bricks Co. S. A,Cairo Sand Bricks Co. S.A.E,manager,0,,,,21,884
4958,1950,P01849,Luchsinger~ J,Luchsinger~ J,,,C02649,Sté. Cotonnière d'Egypte,Sté Cotonnière d'Egypte,director,0,,,,21,884
4959,1950,P01849,Luchsinger~ J,Luchsinger~ J,,,C02649,Sté. Cotonnière d'Egypte,Sté Cotonnière d'Egypte,manager,0,,,,21,884
4960,1950,P01850,Ludvigsen Axel,Ludvigsen Axel,,,C02217,American Eastern Trading & Shipping Company,American Eastern Trading & Shipping Company,vice_president,0,,,,21,884
4961,1950,P00415,Lumbroso J,Lumbroso J,,,C00277,Alexandria Exchange Co,The Alexandria Exchange Co. Ltd,president,0,,,,21,884
4962,1950,P00415,Lumbroso J,Lumbroso M,,,C00277,Alexandria Exchange Co,Alexandria Exchange Co,director,0,,,,21,884
4963,1950,P01157,Lynch F. C,Lynch F. C,,,C01596,"General Motors Near East, B.A",General Motors Near East,managing_director,0,,,,21,884
4964,1950,P01851,Mac Coy R.T,Mac Coy R.T,,,C02646,Sté. California Texas des Pétroles,Sté California Texas Pétroles,director,0,,,,21,884
4965,1950,P00737,Mac Culloch Norman G,Mac Culloch Norman G,,,C00552,Société Egyptienne des Industries Textiles,Société Egyptienne des Industries Textiles,director,0,,,,21,884
4966,1950,P01159,Mac Cullock Joseph Paul,Mac Cullock Joseph Paul,,,C00524,Société California Egyptienne des Pétroles,"Société California Egyptienne des Pétroles, S.A.E",director,0,,,,21,884
4967,1950,P01852,MacEwen \Villiam G,MacEwen \Villiam G,,,C02804,The Nile Ginning,The Nile Ginning,managing_director,0,,,,21,884
4968,1950,P01853,Mac Gill H.A.H,Mac Gill H.A.H,,,C02767,Textile Machinery Plat t Eros,Textile Machinery Platt Bros,director,0,,,,21,884
4969,1950,P01854,Mackay D. R,Mackay D. R,,,C02437,The Imperial Chemical Industries,Imperial Chemical Industries,vice_president,0,,,,21,884
4970,1950,P01854,Mackay D. R,Mackay D. R,,,C02437,The Imperial Chemical Industries,Imperial Chemical Industries,managing_director,0,,,,21,884
4971,1950,P01854,Mackay D. R,Mackay D. R,,,C00668,The Egyptian Copper Works,Egyptian Copper Works,director,0,,,,21,884
4972,1950,P00738,Mackenzie W,Mackenzie W,,,C02465,"Maison Peel & Co. Ltd., Egyptian Engineering Stores","Maison Peel & Co. Ltd., Egyptian Engineering Stores",director,0,,,,21,884
4973,1950,P00738,Mackenzie W,Mackenzie W,,,C02482,Minieh Ginning Co. Ltd,Minieh Ginning Co. Ltd,director,0,,,,21,884
4974,1950,P01855,Président de «Fluviale»,Président de «Fluviale»,,,C02517,Nile Insurance Co,Nile Insurance Co,director,0,,,,21,884
4975,1950,P01856,Madkour Gomaa,Madkour Gomaa Bey,bey,,C01712,Rizerie Egyptienne Moderne,Rizerie Egyptienne Moderne,director,0,,,,21,884
4976,1950,P01857,Madkour Dr. Ibrahim Bayoumi,Madkour Dr. Ibrahim Bayoumi,,,C02232,Banque Belge et Sté Eg. Ciment Portland Tourah,Banque Belge et Sté Eg. Ciment Portland Tourah,director,0,,,,21,884
4977,1950,P01858,Maggiar André,Maggiar André,,,C00473,S.A. des Monts de Piété Egyptiens,S.A. des Monts de Piété Egyptiens,president,0,,,,21,884
4978,1950,P01858,Maggiar André,Maggiar André,,,C00473,S.A. des Monts de Piété Egyptiens,S.A. des Monts de Piété Egyptiens,managing_director,0,,,,21,884
4979,1950,P01859,Maggiar Georges,Maggiar Georges,,,C00473,S.A. des Monts de Piété Egyptiens,S.A. des Monts de Piété Egyptiens,director,0,,,,21,884
4980,1950,P01860,Mahmoud Maher,S.E. Maher,,s.e.,C02235,Banque Misr et Crédit Foncier Egyptien,Banque Misr et Crédit Foncier Egyptien,director,0,,,,21,884
4981,1950,P01161,Mahfouz Rachouan,S.E. Mahfouz Rachouan Pacha,pasha,s.e.,C02707,Sté. Autqbus Routes du Désert et Sté. des Omnibus de Fayoum,Sté. Autqbus Routes du Désert et Sté. des Omnibus de Fayoum,president,0,,,,21,885
4982,1950,P01161,Mahfouz Rachouan,S.E. Mahfouz Rachouan Pacha,pasha,s.e.,C02500,National Petroleum Co. of Egypt,National Petroleum Co. of Egypt,president,0,,,,21,885
4983,1950,P01161,Mahfouz Rachouan,S.E. Mahfouz Rachouan Pacha,pasha,s.e.,C01474,Cie. Générale des Pétroles ( COGEP),Cie. Générale des Pétroles ( COGEP),director,0,,,,21,885
4984,1950,P01861,Mahieu Dr. Maurice,Mahieu Dr. Maurice,,,C01468,Chemical Industries Development,Chemical Industries Development,director,0,,,,21,885
4985,1950,P01163,Mahmoud Aly Allouba,Mahmoud Aly Allouba Bey,bey,,C01812,"Société Industrielle et Commerciale d'Egypte (S.I.C.O.), S.A.E",Société Industrielle et Commerciale d'Egypte (S.I.C.O.),director,0,,,,21,885
4986,1950,P01862,Mahmoud El Attal,Mahmoud El Attal Bey,bey,,C02372,Egyptian Jute Co,Egyptian Jute Co,general_manager,0,,,,21,885
4987,1950,P01862,Mahmoud El Attal,Mahmoud El Attal Bey,bey,,C02372,Egyptian Jute Co,Egyptian Jute Co,director,0,,,,21,885
4988,1950,P01863,Mahmoud Bakhaty Me,Mahmoud Bakhaty Me,,,C02483,Minoterie & Silos,Minoterie & Silos,director,0,,,,21,885
4989,1950,P01864,Mahmoud Chaker Mohamed,S.E. Mahmoud Chaker Mohamed Pacha,pasha,s.e.,C02455,"Koldair, de SE DEC","Koldair, de SE DEC",president,0,,,,21,885
4990,1950,P01864,Mahmoud Chaker Mohamed,S.E. Mahmoud Chaker Mohamed Pacha,pasha,s.e.,C02373,Egyptian Mining & Prospecting Co. et Studio Al Ahram,Egyptian Mining & Prospecting Co. et Studio Al Ahram,president,0,,,,21,885
4991,1950,P01864,Mahmoud Chaker Mohamed,S.E. Mahmoud Chaker Mohamed Pacha,pasha,s.e.,C02689,Sté Sucreries d'Egypte,Sté Sucreries d'Egypte,director,0,,,,21,885
4992,1950,P01864,Mahmoud Chaker Mohamed,S.E. Mahmoud Chaker Mohamed Pacha,pasha,s.e.,C01537,Egyptian Domestic & Foreign Trade Cy,Egyptian Domestic & Foreign Trade Company,director,0,,,,21,885
4993,1950,P01865,Mahmoud Fahmy Hussein Me,Mahmoud Fahmy Hussein Me,,,C01683,Near East Pharmaceutical et Commercial Cy S.A.E,Near East Pharmaceutical & Commercial Co,director,0,,,,21,885
4994,1950,P01866,Mahmoud Fadel Sélim,S.E. Mahmoud Fadel Sélim Bey,bey,s.e.,C02043,Transport & Engineering Cy,Transport & Engineering Co,director,0,,,,21,885
4995,1950,P01867,Mahmoud Hassan,S.E. Mahmoud Hassan Pacha,pasha,s.e.,C01966,The Alexandria Cotton Trading Co,Alexandria Cotton Trading,vice_president,0,,,,21,885
4996,1950,P01867,Mahmoud Hassan,S.E. Mahmoud Hassan Pacha,pasha,s.e.,C02860,surveillance du Coca-Cola (Alex.),surveillance du Coca-Cola (Alex.),president,0,,,,21,885
4997,1950,P01868,Mahmoud el Shishini,Dr. Mahmoud el Shishini Bey,bey,dr.,C01651,Marconi Radio Telegraph Cy,Marconi Radio Telegraph Co,director,0,,,,21,885
4998,1950,P01869,Mahmoud el Tahry,Mahmoud el Tahry,,,C02123,«Koldair»,«Koldair»,managing_director,0,,,,21,885
4999,1950,P01860,Mahmoud Maher,Mahmoud Maher Bey,bey,,C02497,National Electro Medical & Chemical Cy. ( N emco),National Electro Medical & Chemical Cy. ( N emco),managing_director,0,,,,21,885
5000,1950,P01870,Mahmoud Hassanein Makhlouf Mtre,Mahmoud Hassanein Makhlouf Mtre,,,C01562,Etablissements Bamco,Etablissements Bamco,director,0,,,,21,885
5001,1950,P01165,Mahmoud Mohasseb,Mahmoud Mohasseb Bey,bey,,C01931,Sté. des Biens de Rapport d'Egypte,Sté. - Biens de Rapport d'Egypte,director,0,,,,21,885
5002,1950,P01165,Mahmoud Mohasseb,Mahmoud Mohasseb Bey,bey,,C00226,The Upper Egypt Hotels,Upper Egypt Hotels,director,0,,,,21,885
5003,1950,P01871,Mahmoud Sabet,S.E. Mahmoud Sabet Pacha,pasha,s.e.,C01872,Studios Al Ahram,Studios Al Ahram,director,0,,,,21,885
5004,1950,P01872,Mahmoud Sabry Mahboub,Mahmoud Sabry Mahboub Bey,bey,,C00206,The Eastern Automobiles Supplies & Transport Co,Eastern Automobile Supplies & Transport Co,director,0,,,,21,885
5005,1950,P01873,Mahmoud Samy,S.E. Mahmoud Samy Pacha,pasha,s.e.,C01908,"Sté. Générale de Placement Financie,l' et Industriel",Sté. Générale de Placement Financier et Industriel,director,0,,,,21,885
5006,1950,P01874,Mahmond Tewfik Ilefnaoui,S.E. Mahmond Tewfik Ilefnaoui Pacha,pasha,s.e.,C00168,Société Foncière d'Egypte,Société Foncière d'Egypte,director,0,,,,21,885
5007,1950,P01875,Mahmoud Bey El Toayar,Mahmoud Bey El Toayar,,,C02553,S.A.E. «L'Epargne>>,S.A.E. «L'Epargne>>,director,0,,,,21,885
5008,1950,P00741,Maksud Emile,Maksud Emile,,,C01540,"The Egyptian Engineering Stores, ~.A.E","The Egyptian Engineering Stores, ~.A.E",director,0,,,,21,885
5009,1950,P01876,Maksud Henri Mtre,Maksud Henri Mtre,,,C01909,"Sté. Immobilière d'Alexandrie, S.A.F","Sté. Immobilière d'Alexandrie, S.A.E",vice_president,0,,,,21,886
5010,1950,P01877,Maksud René A,Maksud René A,,,C01112,Sté. Eg. d'Entreprises Urbaines et Rurales,Sté. Eg. Entreprises Urbaines et Rurales,director,0,,,,21,886
5011,1950,P01167,Malcolm Major,Malcolm Major,,,C02009,"The Misr Shipping Co., S.A.E",The Misr Shipping Co. S.A.E,director,0,,,,21,886
5012,1950,P01878,XA»,XA»,,,C02563,S.E. de Filature et Tissage de Laine,S.E. de Filature et Tissage de Laine,director,0,,,,21,886
5013,1950,P00426,Malone Peter,Malone Peter,,,C02794,"The Hinshel- wood Paint & Oil Co. of Egypt, S.A.E","The Hinshel- wood Paint & Oil Co. of Egypt, S.A.E",president,0,,,,21,886
5014,1950,P01879,Mamane Albert,Mamane Albert,,,C02573,Selected Textile Industries Ass,Selected Textile Industries Ass,director,0,,,,21,886
5015,1950,P01880,Manouk Joseph,Manouk Joseph,,,C02671,Sté. Immobilière de Zamalek,Sté. Immobilière de Zamalek,director,0,,,,21,886
5016,1950,P01881,Mansour Badrawi,Mansour Badrawi Bey,bey,,C01402,The Aboukir Cy,Aboukir Cy. Ltd,director,0,,,,21,886
5017,1950,P01169,Mansour Gamal el Dîne,Mansour Gamal el Dine,,,C02736,Sté. Mi.sr pour la Rayonne,Sté. Mi.sr pour la Rayonne,director,0,,,,21,886
5018,1950,P01170,Dr. Mohamed Sabry Mansour,Mansour Mansour,,,C01772,Société Bolanachi,Société Bolanachi,director,0,,,,21,886
5019,1950,P01882,Mansour Sabry,Mansour Sabry Bey,bey,,C02783,"The Cotton Spinning, Weaving & Dyeing«Karnak»","The Cotton Spinning, Weaving & Dyeing«Karnak»",director,0,,,,21,886
5020,1950,P01883,Maraghi Bey Hassan Rachad El,Maraghi Bey Hassan Rachad El,,,C02164,-Dél. Sté. Autobus Caire,-Dél. Sté. Autobus Caire,director,0,,,,21,886
5021,1950,P01884,Marcarian Aram Drentz,Marcarian Aram Drentz,,,C02262,Cherif Cotton & Trading Co,Cherif Cotton & Trading Co,managing_director,0,,,,21,886
5022,1950,P01885,Miralai T. A. Marcou,Miralai T. A. Marcou Bey,bey,,C01772,Société Bolanachi,Bolanachi,director,0,,,,21,886
5023,1950,P01172,Maret Baron Guy de,Maret Baron Guy de,,,C00086,The Gharbieh Land Co,Gharbieh Land Cy,director,0,,,,21,886
5024,1950,P01173,Marii Sayed,Marii Sayed Bey,bey,,C01398,AKFAC,AKFAC,director,0,,,,21,886
5025,1950,P01886,Marryat Brigadier,Marryat Brigadier,,,C01154,The United Bus Co,United Bus Co,director,0,,,,21,886
5026,1950,P01174,Martin R. C,Martin G. A,,,C00462,S.A. des Bières Bomonti -& Pyramides,S.A. des Bières Bomonti et Pyramides,director,0,,,,21,886
5027,1950,P01174,Martin R. C,Martin R. C,,,C00354,Egyptian Finance Cy,Egyptian Finance Co,director,0,,,,21,886
5028,1950,P01887,Martz Dr. Ernst,Martz Dr. Ernst,,,C01892,Sté. Eg. de Ciment Portland Tourah,Sté. Eg. de Ciment Portland Tourah,president,0,,,,21,886
5029,1950,P01888,Mathias E.L.A. O.B.E,Mathias E.L.A. O.B.E,,,C00416,"Marconi Radio Telegraph Co. of Egypt, S.A.E",Marconi Radio Telegraph Co. of Egypt,managing_director,0,,,,21,886
5030,1950,P01177,Mathieu A,Mathieu A,,,C02531,Platières de Ballah,Platières de Ballah,director,0,,,,21,886
5031,1950,P00433,Matossian Joseph O,Matossian Joseph O,,,C00348,"Eastern Co., S.A.E","Eastern Co., S.A.E",vice_president,0,,,,21,886
5032,1950,P00433,Matossian Joseph O,Matossian Joseph O,,,C02199,Alex. Glass & Porcelain Factory,Alex. Glass & Porcelain Factory,director,0,,,,21,886
5033,1950,P00434,Matossian Vincent O,Matossian Vincent O,,,C02746,Sté. de Bienfaisance Arménienne-Catholique d'Alexandrie,Sté. de Bienfaisance Arménienne-Catholique d'Alexandrie,president,0,,,,21,887
5034,1950,P00434,Matossian Vincent O,Matossian Vincent O,,,C02526,Patriarcal Arménien Catholique d'Alexandrie,Patriarcal Arménien Catholique d'Alexandrie,vice_president,0,,,,21,887
5035,1950,P01889,Matouk Bichara,Matouk Bichara,,,C02331,Dél. Near East Finance S.A.E,Dél. Near East Finance S.A.E,president,0,,,,21,887
5036,1950,P01889,Matouk Bichara,Matouk Bichara,,,C02331,Dél. Near East Finance S.A.E,Dél. Near East Finance S.A.E,director,0,,,,21,887
5037,1950,P01889,Matouk Bichara,Matouk Bichara,,,C01925,"Sté. Viticole et Vinicole d'Egypte, S.A.E","Sté. Viticole et Vinicole d'Egypte, S.A.E",director,0,,,,21,887
5038,1950,P01890,Matouk Fouad,Matouk Fouad,,,C02509,Near East Finance S.A.E .. Mattalon,Near East Finance S.A.E .. Mattalon,director,0,,,,21,887
5039,1950,P01890,Matouk Fouad,Matouk Fouad,,,C00445,Rosetta & Alexandria Rice Mills,Rosetta & Alexandria Rice Mills Co,director,0,,,,21,887
5040,1950,P00437,Mavro Mike,Mavro Mike,,,C00742,Usines Textiles Al-Kahira,Usines Textiles Al Kahira,vice_president,0,,,,21,887
5041,1950,P00437,Mavro Mike,Mavro Mike,,,C00534,Société Egyptienne Financière pour le Commerce,Société Egyptienne Financière pour le Commerce,director,0,,,,21,887
5042,1950,P00437,Mavro Mike,Mavro Mike,,,C00090,Industrie,Industrie,director,0,,,,21,887
5043,1950,P00437,Mavro Mike,Mavro Mike,,,C00527,Société Commerciale,«Commerciale»,director,0,,,,21,887
5044,1950,P00437,Mavro Mike,Mavro Mike,,,C02169,"-Dél. de ASTRA, etc","-Dél. de ASTRA, etc",director,0,,,,21,887
5045,1950,P01891,Mavros,Mavros,,,C02657,Sté Egyptienne Maritime ~Commerciale,Sté Egyptienne Maritime ~Commerciale,director,0,,,,21,887
5046,1950,P01179,Mawas Maurice,Mawas Maurice,,,C01744,S.A.E. des Chaussures Bata,S.A.E. «Chaussures Bata»,director,0,,,,21,887
5047,1950,P01180,Mawas Zaki,Mawas Zaki,,,C00514,Société,Société,director,0,,,,21,887
5048,1950,P01892,Maxwell Robert H,Maxwell Robert H,,,C02360,Egyptian Aircraft Engineering Co,Egyptian Aircraft Engineering Co,director,0,,,,21,887
5049,1950,P01893,Mazloum Hassan Pacha ·,S.E. Mazloum Hassan Pacha ·,,s.e.,C00111,Postes Egyptiennes,Postes Egyptiennes,general_manager,0,,,,21,887
5050,1950,P01893,Mazloum Hassan Pacha ·,S.E. Mazloum Hassan Pacha ·,,s.e.,C00544,Société Egyptienne de Tissage et Tricotage,Société Egyptienne de Tissage et Tricotage,president,0,,,,21,887
5051,1950,P01893,Mazloum Hassan Pacha ·,S.E. Mazloum Hassan Pacha ·,,s.e.,C00231,Union Foncière d'Egypte,Union Foncière d'Egypte,president,0,,,,21,887
5052,1950,P01893,Mazloum Hassan Pacha ·,S.E. Mazloum Hassan Pacha ·,,s.e.,C00030,Banque Belge et Internationale en Egypte,Banque Belge et Internationale en Egypte,vice_president,0,,,,21,887
5053,1950,P01893,Mazloum Hassan Pacha ·,S.E. Mazloum Hassan Pacha ·,,s.e.,C00064,Crédit Agricole d'Egypte,Crédit Agricole d'Egypte,director,0,,,,21,887
5054,1950,P01893,Mazloum Hassan Pacha ·,S.E. Mazloum Hassan Pacha ·,,s.e.,C02658,Sté Egyptienne de Constructions Modernes «Al Chams»,Sté Egyptienne de Constructions Modernes «Al Chams»,director,0,,,,21,887
5055,1950,P01893,Mazloum Hassan Pacha ·,S.E. Mazloum Hassan Pacha ·,,s.e.,C00176,Société Générale des Sucreries,Société Générale des Sucreries,director,0,,,,21,887
5056,1950,P01893,Mazloum Hassan Pacha ·,S.E. Mazloum Hassan Pacha ·,,s.e.,C00114,Raffinerie d'Egypte,Raffinerie d'Egypte,director,0,,,,21,887
5057,1950,P01893,Mazloum Hassan Pacha ·,S.E. Mazloum Hassan Pacha ·,,s.e.,C01638,"The Khedivial Mail Line, S.A.E",Khedivial Mail Line Co. S.A.E,director,0,,,,21,887
5058,1950,P01894,Mazloum Mahmoud Aly,Mazloum Mahmoud Aly,,,C02249,"Cairo Agricultural Co., Egyptian F1inance Co","Cairo Agricultural Co., Egyptian F1inance Co",director,0,,,,21,887
5059,1950,P01895,Mazloum Mohamed Aly,Mazloum Mohamed Aly,,,C00074,The Egyptian Delta Land & Investment Cy,Egyptian Delta Land & Investment Co,director,0,,,,21,887
5060,1950,P01896,Mboria Dr. Lefter,Mboria Dr. Lefter,,,C02346,Dé}. Studio Al Ahram,Dé}. Studio Al Ahram,director,0,,,,21,887
5061,1950,P01184,Menaché Albert,Menaché Albert,,,C01566,Etablissements Industriels pour la Soie et le Coton,Etablissements Industriels pour la Soie et le Coton,director,0,,,,21,887
5062,1950,P01186,Menaché Maurice M,Menaché Maurice C,,,C02247,Bénf Mazar Urbaine et Ru- rale,Bénf Mazar Urbaine et Ru- rale,director,0,,,,21,887
5063,1950,P01186,Menaché Maurice M,Menaché Maurice M,,,C02535,Raison Sociale Menaché Cousins,Raison Sociale Menaché Cousins,managing_director,0,,,,21,887
5064,1950,P01186,Menaché Maurice M,Menaché Maurice M,,,C01593,"The General Engineering .& Refrigeration Co. «Gerco"", S.A.E","General Engineering and Refrigeration Co., GERCO S.A.E",director,0,,,,21,887
5065,1950,P01186,Menaché Maurice M,Menaché Maurice M,,,C01452,Béni Mazar Urbaine et Rurale,Béni Mazar Urbaine & Rurale,director,0,,,,21,887
5066,1950,P01897,Menasce Robert de,Menasce Robert de,,,C02747,Sté. de Crédit,Sté. de Crédit,managing_director,0,,,,21,888
5067,1950,P01897,Menasce Robert de,Menasce Robert de,,,C02272,Commerce,Commerce,managing_director,0,,,,21,888
5068,1950,P01898,Mendoza Clément,Mendoza Clément,,,C00128,S.A. du Béhéra,S.A. du Béhéra,director,0,,,,21,888
5069,1950,P01899,Merret Herbert J. P,Sir Merret Herbert J. P,,sir,C01164,Tractor & Engineering Co,Tractor & Engineering Co,director,0,,,,21,888
5070,1950,P01900,Mertens Jean,Mertens Jean,,,C02541,S.A. Belge-Egyptienne,S.A. Belgo-Egyptienne,director,0,,,,21,888
5071,1950,P01901,Mesureur Paul,Mesureur Paul,,,C00272,The African Enterprise & Development Co,African Enterprise & Development Co,director,0,,,,21,888
5072,1950,P01188,Metaxas Ménélas,Metaxas Ménélas,,,C01480,Comité de Surveillance de The E- gyptian Delta Rice Mills Co. (N. Yamodis & Co.),Comité de Surveillance de The E- gyptian Delta Rice Mills Co. (N. Yamodis & Co.),president,0,,,,21,888
5073,1950,P01902,Metwalli Youssef,Metwalli Youssef,,,C02255,Centrocommission Al Chark Trading Co,Centrocommission Al Chark Trading Co,director,0,,,,21,888
5074,1950,P01903,Metzger AJbert,Metzger AJbert,,,C00213,Egyptian Hotels,Egyptian Hotels,director,0,,,,21,888
5075,1950,P01190,Meyvis Louis,Meyvis Louis,,,C01499,Comptoir Belga,Comptoir Belga,managing_director,0,,,,21,888
5076,1950,P01190,Meyvis Louis,Meyvis Louis,,,C01499,Comptoir Belga,Comptoir Belga,manager,0,,,,21,888
5077,1950,P01904,Michailidis Michel Stavro,Michailidis Michel Stavro,,,C02560,S.A.E. «Marbre,S.A.E. «Marbre,director,0,,,,21,888
5078,1950,P01905,Michailidis Paul Stavro,Michailidis Paul Stavro,,,C02561,S.A.E. «Marbres et Couleurs»,S.A.E. «Marbres et Couleurs»,director,0,,,,21,888
5079,1950,P01906,Mieli Charles,Mieli Charles,,,C02818,"Tuyaux, Poteaux. 'Miel i, Marcello, Ad m. Salonica Cigarettes Cy","Tuyaux, Poteaux. 'Miel i, Marcello, Ad m. Salonica Cigarettes Cy",director,0,,,,21,888
5080,1950,P00446,Mills A. E,Mills A. E,,,C00571,Société Générale de Pressage,Société Générale de Pressage,managing_director,0,,,,21,888
5081,1950,P00446,Mills A. E,Mills A. E,,,C00346,Dépôts,Dépôts,managing_director,0,,,,21,888
5082,1950,P00446,Mills A. E,Mills A. E,,,C00441,Port-Said Salt Association Ltd,Port-Said Salt Association Ltd,director,0,,,,21,888
5083,1950,P00446,Mills A. E,Mills F,,,C02767,Textile Machinery Plat t Eros,Textile Machinery Platt Bros,director,0,,,,21,888
5084,1950,P00103,Minost Emile,Minost Emile,,,C02295,Crédit Foncier Egyptien et Cie. Canal de Suez,Crédit Foncier Egyptien et Cie. Canal de Suez,general_manager,0,,,,21,888
5085,1950,P00103,Minost Emile,Minost Emile,,,C02295,Crédit Foncier Egyptien et Cie. Canal de Suez,Crédit Foncier Egyptien et Cie. Canal de Suez,director,0,,,,21,888
5086,1950,P01907,Mirshak Antoine,Mirshak Antoine,,,C02519,Nile Works Co,Nile Works Co,director,0,,,,21,888
5087,1950,P01908,Mirshali Camille,Mirshali Camille,,,C02519,Nile Works Co,Nile Works Co,director,0,,,,21,888
5088,1950,P01909,Misitano Ing. Lorenzo,Misitano Ing. Lorenzo,,,C02552,S.A.E. de Constructions (Egyco),S.A.E. Constructions <<Egyco»,director,0,,,,21,888
5089,1950,P00447,Misrahi Albert,Misrahi Albert,,,C02584,Socifté de Mé-,Socifté de Mé-,director,0,,,,21,888
5090,1950,P01910,Misrahi Behor S,Misrahi Behor S,,,C02368,"Egyptian Flax & Textile Co., S.A.E. et S.A. des Immeubles de l'Est","Egyptian Flax & Textile Co., S.A.E. et S.A. des Immeubles de l'Est",director,0,,,,21,888
5091,1950,P01911,Misrahi Bondi,Misrahi Bondi,,,C02864,«AIRMEC» et Commercial & Engineering Cy. of Egypt and Middle East Co,«Airmec» et Commercial & Engineering Co. of Egypt & Middl~ East,director,0,,,,21,888
5092,1950,P01912,Misrahi Clément Me,Misrahi Clément Me,,,C02314,Dél. Albert Mussa Agency & Stevedoring Co,Dél. Albert Mussa Agency & Stevedoring Co,director,0,,,,21,888
5093,1950,P00448,Misrahi Isaac J,Misrahi Isaac J,,,C01941,Sun Life Insurance Co. of Canada,Sun Life Insurance Co. of Canada,manager,0,,,,21,888
5094,1950,P00448,Misrahi Isaac J,Misrahi Isaac J,,,C02795,"The Hinshelwood ~aint & Oil Co. of Egypt, S.A.E","The Hinshelwood ~aint & Oil Co. of Egypt, S.A.E",director,0,,,,21,888
5095,1950,P00448,Misrahi Isaac J,Misrahi Isaac J,,,C01649,"Maison de la Petite Reine, S.A.E","Maison Petite Reine, S.A.E",director,0,,,,21,888
5096,1950,P00448,Misrahi Isaac J,Misrahi Isaac J,,,C02410,Financial,Financial,director,0,,,,21,888
5097,1950,P01913,Mitarachi ManoU,Mitarachi ManoU,,,C00353,"Egyptian Cotton Ginners & Exporters, S.A",Egyptian Cotton Ginners & Exporters,managing_director,0,,,,21,888
5098,1950,P01913,Mitarachi ManoU,Mitarachi ManoU,,,C00353,"Egyptian Cotton Ginners & Exporters, S.A",Egyptian Cotton Ginners & Exporters,general_manager,0,,,,21,888
5099,1950,P01193,Mitchell Gaston,Mitchell Gaston,,,C02831,Usines Le- bon et Cie. en Egypte. ·,Usines Le- bon et Cie. en Egypte. ·,general_manager,0,,,,21,889
5100,1950,P01194,Moberly Charles Henry Doward,Moberly Charles Henry Doward,,,C02278,Commercial Bank of the N ear East,Commercial Bank of the N ear East,director,0,,,,21,889
5101,1950,P01914,Modai Raphael,Modai Raphael,,,C02722,Sté. Eg. · pour la Fabrication,Sté. Eg. · pour la Fabrication,director,0,,,,21,889
5102,1950,P01914,Modai Raphael,Modai Raphael,,,C01567,Exportation des Conserves,Exportation des Conserves,director,0,,,,21,889
5103,1950,P01914,Modai Raphael,Modai Raphael,,,C02705,Sté. Anonyme « Egyptian Flax & Textile Cy. »,Sté. Anonyme « Egyptian Flax & Textile Cy. »,director,0,,,,21,889
5104,1950,P01195,Moghazi Mohamed Abd Rabbou,S.E. Moghazi Mohamed Abd Rabbou Pacha,pasha,s.e.,C01889,Sté. Cotonnière «Maarad)),Sté. Cotonnière «Maarad»,director,0,,,,21,889
5105,1950,P01915,Mohamed Abdel Aziz Taalat Harb,Mohamed Abdel Aziz Taalat Harb Bey,bey,,C01828,Société Misr pour l'Industrie et le Commerce des Huiles,Société Misr pour l'Industrie et le Commerce des Huiles,managing_director,0,,,,21,889
5106,1950,P01915,Mohamed Abdel Aziz Taalat Harb,Mohamed Abdel Aziz Taalat Harb Bey,bey,,C01828,Société Misr pour l'Industrie et le Commerce des Huiles,Société Misr pour l'Industrie et le Commerce des Huiles,general_manager,0,,,,21,889
5107,1950,P01915,Mohamed Abdel Aziz Taalat Harb,Mohamed Abdel Aziz Taalat Harb Bey,bey,,C01764,Société Agricole et Urbaine «Le Fayoum»,Société Agricole et Urbaine «Le Fayoum»,president,0,,,,21,889
5108,1950,P01915,Mohamed Abdel Aziz Taalat Harb,Mohamed Abdel Aziz Taalat Harb Bey,bey,,C01764,Société Agricole et Urbaine «Le Fayoum»,Société Agricole et Urbaine «Le Fayoum»,managing_director,0,,,,21,889
5109,1950,P01915,Mohamed Abdel Aziz Taalat Harb,Mohamed Abdel Aziz Taalat Harb Bey,bey,,C02194,African,African,director,0,,,,21,889
5110,1950,P01916,Enterprise & Development Co,Enterprise & Development Co,,,C01915,Sté. Misr pour les Fourrages,Sté Misr pour les Fourrages,director,0,,,,21,889
5111,1950,P01916,Enterprise & Development Co,Enterprise & Development Co,,,C01896,Sté. Eg. des Emballages Economiques,Sté Eg. des Emballages Economiques,vice_president,0,,,,21,889
5112,1950,P01916,Enterprise & Development Co,Enterprise & Development Co,,,C02223,The Anglo-American Nile Co,The Anglo-American Nile Co,director,0,,,,21,889
5113,1950,P01916,Enterprise & Development Co,Enterprise & Development Co,,,C02622,Société de Collectivité Financière,Société de Collectivité Financière,director,0,,,,21,889
5114,1950,P01916,Enterprise & Development Co,Enterprise & Development Co,,,C02712,Sté. Coopérative des Pétroles,Sté. Coopérative des Pétroles,director,0,,,,21,889
5115,1950,P01916,Enterprise & Development Co,Enterprise & Development Co,,,C02292,Coopérative d'Héliopolis,Coopérative d'Héliopolis,managing_director,0,,,,21,889
5116,1950,P01916,Enterprise & Development Co,Enterprise & Development Co,,,C02850,et Trésorier de l'Union des Coopératives de la Ville du Caire,et Trésorier de l'Union des Coopératives de la Ville du Caire,director,0,,,,21,889
5117,1950,P01916,Enterprise & Development Co,Enterprise & Development Co,,,C02291,Coopérative Centrale de la Ville du Caire,Coopérative Centrale de la Ville du Caire,director,0,,,,21,889
5118,1950,P01916,Enterprise & Development Co,Enterprise & Development Co,,,C02257,Chambre de l'Industrie Huilière Egyptienne,Chambre de l'Industrie Huilière Egyptienne,president,0,,,,21,889
5119,1950,P01916,Enterprise & Development Co,Enterprise & Development Co,,,C02258,Chambre de l'Industrie Savonnière Egyptienne,Chambre de l'Industrie Savonnière Egyptienne,member,0,,,,21,889
5120,1950,P01916,Enterprise & Development Co,Enterprise & Development Co,,,C02259,Chambre de l'Industrie Touristique Egyptienne,Chambre de l'Industrie Touristique Egyptienne,member,0,,,,21,889
5121,1950,P01916,Enterprise & Development Co,Enterprise & Development Co,,,C00083,Fédération Egyptienne des Industries,Fédération Egyptienne des Industries,member,0,,,,21,889
5122,1950,P01916,Enterprise & Development Co,Enterprise & Development Co,,,C02521,Oeuvre Fouad 1er,Oeuvre Fouad 1er,president,0,,,,21,889
5123,1950,P01916,Enterprise & Development Co,Enterprise & Development Co,,,C02522,Oeuvre de la Princesse Fawzia,Oeuvre de la Princesse Fadia,president,0,,,,21,889
5124,1950,P01916,Enterprise & Development Co,Enterprise & Development Co,,,C02522,Oeuvre de la Princesse Fawzia,Oeuvre de la Princesse Fawzia,president,0,,,,21,889
5125,1950,P01916,Enterprise & Development Co,Enterprise & Development Co,,,C02243,"Bibliothèque Princesse Férial, Sécrétaire général de l'Oeuvre de la Princesse Férial","Bibliothèque Princesse Férial, Sécrétaire général de l'Oeuvre de la Princesse Férial",president,0,,,,21,889
5126,1950,P01916,Enterprise & Development Co,Enterprise & Development Co,,,C02434,"Hôpital Férial, Trésorier de l'Union Egyptienne pour la Protection de l'Enfance","Hôpital Férial, Trésorier de l'Union Egyptienne pour la Protection de l'Enfance",director,0,,,,21,889
5127,1950,P01917,Mohamed Abdel Khalek Hassouna Pacha Ancien Ministre,S.E. Mohamed Abdel Khalek Hassouna Pacha Ancien Ministre,,s.e.,C02542,"S.A. Imm. Terrains Guizeh et Rodah, de la Sico","S.A. Imm. Terrains Guizeh et Rodah, de la Sico",director,0,,,,21,889
5128,1950,P01918,Mohamed Abdel Khalek Saber,Mohamed Abdel Khalek Saber Bey,bey,,C02365,Egyptian Delta Light Rys,Egyptian Delta Light Rys,director,0,,,,21,889
5129,1950,P01198,Mohamed Abdel Moneim El Dib,Mohamed Abdel Moneim El Dib Bey,bey,,C02680,Sté. Misrd'Assurances,Sté. Misrd'Assurances,director,0,,,,21,889
5130,1950,P01198,Mohamed Abdel Moneim El Dib,Mohamed Abdel Moneim El Dib Bey,bey,,C01821,Société Misr de Tabacs et Cigarettes,Société Misr de Tabacs et Cigarettes,director,0,,,,21,889
5131,1950,P01198,Mohamed Abdel Moneim El Dib,Mohamed Abdel Moneim El Dib Bey,bey,,C01918,Sté. Nationale du Papier,Sté. Nationale du Papier,director,0,,,,21,889
5132,1950,P01919,Mohamed Adel Rifaat,Mohamed Adel Rifaat,,,C02824,United Cold Storage,United Cold Storage,director,0,,,,21,889
5133,1950,P01200,Mohaf!led Aly Namazi,S.E. Mohamed Aly Namazi Pacha,pasha,s.e.,C02300,Crédit d'Orient S.A.E. A dm. du Anglo Belgian,Crédit d'Orient S.A.E. A dm. du Anglo Belgian,president,0,,,,21,889
5134,1950,P01920,Mohamed Aly Rifaat Dr,Mohamed Aly Rifaat Dr,,,C02500,National Petroleum Co. of Egypt,National Petroleum Co. of Egypt,director,0,,,,21,890
5135,1950,P01201,Mohamed Amine Chohayeb,Mohamed Amine Chohayeb Bey,bey,,C01439,Banque Mi sr d'Alexandrie,Banque Mi sr d'Alexandrie,president,0,,,,21,890
5136,1950,P01201,Mohamed Amine Chohayeb,Mohamed Amine Chohayeb Bey,bey,,C01439,Banque Mi sr d'Alexandrie,Banque Mi sr d'Alexandrie,manager,0,,,,21,890
5137,1950,P01201,Mohamed Amine Chohayeb,Mohamed Amine Chohayeb Bey,bey,,C00096,Land Bank of Egypt,Land Bank of Egypt,director,0,,,,21,890
5138,1950,P01921,Mohamed Chafei El Labbane,S.E. Mohamed Chafei El Labbane Bey,bey,s.e.,C00051,Commercial Bank of Egypt,Commercial Bank of Egypt,adviser,0,,,,21,890
5139,1950,P01921,Mohamed Chafei El Labbane,S.E. Mohamed Chafei El Labbane Bey,bey,s.e.,C00051,Commercial Bank of Egypt,Commercial Bank of Egypt,manager,0,,,,21,890
5140,1950,P01921,Mohamed Chafei El Labbane,S.E. Mohamed Chafei El Labbane Bey,bey,s.e.,C00051,Commercial Bank of Egypt,Commercial Bank of Egypt,managing_director,0,,,,21,890
5141,1950,P01921,Mohamed Chafei El Labbane,S.E. Mohamed Chafei El Labbane Bey,bey,s.e.,C02152,-Contrôleur Général de la Commercial Insurance Cy. of Egypt. S.A.E,-Contrôleur Général de la Commercial Insurance Cy. of Egypt. S.A.E,director,0,,,,21,890
5142,1950,P01921,Mohamed Chafei El Labbane,S.E. Mohamed Chafei El Labbane Bey,bey,s.e.,C02627,"Société des Biens de Rapport d'Egypte, S.A.E","Société des Biens de Rapport d'Egypte, S.A.E",managing_director,0,,,,21,890
5143,1950,P01921,Mohamed Chafei El Labbane,S.E. Mohamed Chafei El Labbane Bey,bey,s.e.,C01634,Jardins et Vignobles d'Egypte,Jardins et Vignobles d'Egypte,director,0,,,,21,890
5144,1950,P01202,Mohamed Chafik,Mohamed Chafik,,,C00215,The Electric Light & Power Supply Cy,Electric Light & Power Supply Co,director,0,,,,21,890
5145,1950,P01922,Mohamed Chafik Gabr,Mohamed Chafik Gabr,,,C01690,Nile Brewery,Nile Brewery,director,0,,,,21,890
5146,1950,P00530,Sabry Hussein,S.E. Mohamed Fahmy Hussein Pacha,pasha,s.e.,C00016,Alexandria Insurance Co,Alexandria Insurance Co,director,0,,,,21,890
5147,1950,P01923,Mohamed Fabmy Soliman,Mohamed Fabmy Soliman Bey,bey,,C02486,Misr Engineering Works and Egyptian Works and Constructions,Misr Engineering Works and Egyptian Works and Constructions,director,0,,,,21,890
5148,1950,P01203,Mohamed Fathy Sabry,Mohamed Fathy Sabry Bey,bey,,C01858,Société des Autobus de Charkieh et Dakahlieh,Société des Autobus de Charkieh et Dakahlieh,director,0,,,,21,890
5149,1950,P01203,Mohamed Fathy Sabry,Mohamed Fathy Sabry Bey,bey,,C02814,The Upper Egypt Bus Co,The Upper Egypt Bus Co,director,0,,,,21,890
5150,1950,P01203,Mohamed Fathy Sabry,Mohamed Fathy Sabry Bey,bey,,C01934,Sté. des Omnibus de Fayoum,Sté. des Omnibus de Fayoum,director,0,,,,21,890
5151,1950,P01924,Mohamed Fouad Loutfi,Mohamed Fouad Loutfi Bey,bey,,C00010,Administration des Contributions Directes,Administration des Contributions Directes,general_manager,0,,,,21,890
5152,1950,P01924,Mohamed Fouad Loutfi,Mohamed Fouad Loutfi Bey,bey,,C00064,Crédit Agricole d'Egypte,Crédit Agricole d'Egypte,director,0,,,,21,890
5153,1950,P01205,Mohamed Hachem Pacha Dr,S.E. Mohamed Hachem Pacha Dr,,s.e.,C02872,"«Karnak», Cotton","«Karnak», Cotton",director,0,,,,21,890
5154,1950,P01206,Mohamed Bey Hamada,Mohamed Bey Hamada,,,C02503,"National Starch Co., S.A.E","National Starch Co., S.A.E",managing_director,0,,,,21,890
5155,1950,P01206,Mohamed Bey Hamada,Mohamed Bey Hamada,,,C02520,"North Africa Trading Co., S.A.E","North Africa Trading Co., S.A.E",managing_director,0,,,,21,890
5156,1950,P01206,Mohamed Bey Hamada,Mohamed Bey Hamada,,,C01527,The Eastern Electric Cy,Eastern Electric Cy,director,0,,,,21,890
5157,1950,P01925,Mohamed Hassan El Abd,S.E. Mohamed Hassan El Abd Pacha,pasha,s.e.,C02609,Société Mi sr des Mines et Carrières,Société Mi sr des Mines et Carrières,director,0,,,,21,890
5158,1950,P01926,Mohamed Hassan el Achmaoui,S.E. Mohamed Hassan el Achmaoui Pacha,pasha,s.e.,C02501,National Salt & Mining Co,National Salt & Mining Co,director,0,,,,21,890
5159,1950,P01927,Mohamed Hosni Naguib,Mohamed Hosni Naguib Bey,bey,,C02740,Sté. Misr pour le Théâtre et le Cinéma,Sté. Misr pour le Théâtre et le Cinéma,director,0,,,,21,890
5160,1950,P01928,Mohamed Hussein el Gammal,Mohamed Hussein el Gammal Bey,bey,,C01912,Sté. Misr Rayonne,Sté Misr Rayonne,managing_director,0,,,,21,891
5161,1950,P01928,Mohamed Hussein el Gammal,Mohamed Hussein el Gammal Bey,bey,,C02737,"Sté. Misr Filature et Tissage Fin en Coton Egyptien de Kafr el Dawar, de la Beida Dyers","Sté. Misr Filature et Tissage Fin en Coton Egyptien de Kafr el Dawar, de la Beida Dyers",managing_director,0,,,,21,891
5162,1950,P01928,Mohamed Hussein el Gammal,Mohamed Hussein el Gammal Bey,bey,,C02737,"Sté. Misr Filature et Tissage Fin en Coton Egyptien de Kafr el Dawar, de la Beida Dyers","Sté. Misr Filature et Tissage Fin en Coton Egyptien de Kafr el Dawar, de la Beida Dyers",general_manager,0,,,,21,891
5163,1950,P01929,Mohamed Ibrahim Elwan,Mohamed Ibrahim Elwan,,,C02476,Menzaleh Canal & Navigation et Menzaleh Canal ( Shipping),Menzaleh Canal & Navigation Co. et Menzaleh Shipping,director,0,,,,21,891
5164,1950,P01930,Mohamed Izzet,Mohamed Izzet Bey,bey,,C02352,Eg. Cy. for International Trade «Ecit» et Astra & Halles Centrales d'Egypte,Eg. Cy. for International Trade «Ecit» et Astra & Halles Centrales d'Egypte,director,0,,,,21,891
5165,1950,P01931,Mohamed Kamal Ibrahim,Mohamed Kamal Ibrahim,,,C01924,Sté Usines el Chourbagui,Sté Usines el Chourbagui,director,0,,,,21,891
5166,1950,P01932,Mohamed Kamal El Kheshen,Mohamed Kamal El Kheshen Bey,bey,,C02047,United Enterprises,United Enterprises,director,0,,,,21,891
5167,1950,P01933,Mohamed Loutfi Mahmoud,Mohamed Loutfi Mahmoud Bey,bey,,C01802,Société Egyptienne pour le Tannage,Société Egyptienne pour le Tannage,council_member,0,,,,21,891
5168,1950,P01933,Mohamed Loutfi Mahmoud,Mohamed Loutfi Mahmoud Bey,bey,,C01627,"Industrie du Cuir, S.A.E",Industrie du Cuir S.A.E,council_member,0,,,,21,891
5169,1950,P01934,Mohamed Mohamed Bidair,S.E. Mohamed Mohamed Bidair Pacha,pasha,s.e.,C02666,Sté. Générale Pressage et Dépôts,Sté. Générale Pressage et Dépôts,director,0,,,,21,891
5170,1950,P01210,Mohamed Mohamed 1Kira,Mohamed Mohamed Kira,,,C02537,Rizerie Egyptienne Moderne et Middle East Trading & Cotton Co,Rizerie Egyptienne Moderne et Middle East Trading & Cotton Co,director,0,,,,21,891
5171,1950,P01935,Mohamed Mokhtar el Chérif,Mohamed Mokhtar el Chérif,,,C01537,Egyptian Domestic & Foreign Trade Cy,Egyptian Domestic & Foreign Trade Cy,director,0,,,,21,891
5172,1950,P01936,Méhamed Mounir el Chourbagui,Méhamed Mounir el Chourbagui,,,C01924,Sté Usines el Chourbagui,Sté. Usines Chourbagui,director,0,,,,21,891
5173,1950,P01214,Mohamed Salem Salem,S.E. Mohamed Neguib Salem Pacha,pasha,s.e.,C02436,Immobilière Masr El Guédida,Immobilière Masr el Guédida,vice_president,0,,,,21,891
5174,1950,P01937,Mohamed Raafat,S.E. Mohamed Raafat Bey,bey,s.e.,C02523,Officiel de The Alexandria Water Co,Officiel de The Alexandria Water Co,director,0,,,,21,891
5175,1950,P01196,Mohamed Abbas Rached,Mohamed Rached Bey,bey,,C00711,The Upper Egypt Ginning Co,Upper Egypt Ginning,director,0,,,,21,891
5176,1950,P01938,Mohamed Ragheb,Mohamed Ragheb Bey,bey,,C02303,Daira Sultan Hussein,Daira Sultan Hussein,manager,0,,,,21,891
5177,1950,P01938,Mohamed Ragheb,Mohamed Ragheb Bey,bey,,C01706,"Pinto Cotton Co., S.A.E",Pinto Cotton Co. S.A.E,managing_director,0,,,,21,891
5178,1950,P01938,Mohamed Ragheb,Mohamed Ragheb Bey,bey,,C02487,"Misr Navigation Co. de M.L. Franco & Co. (S. Pinto & Co. Succrs), de la Société Orientale de Navigation, de Food Products, S.A.E","Misr Navigation Co. de M.L. Franco & Co. (S. Pinto & Co. Succrs), de la Société Orientale de Navigation, de Food Products, S.A.E",director,0,,,,21,891
5179,1950,P01939,Dr. :Mohamed Sabry Chohayeb,S.E. Dr. :Mohamed Sabry Chohayeb Pacha,pasha,s.e.,C02546,S.A. Pieux Vibro,S.A. Pieux Vibro,president,0,,,,21,891
5180,1950,P01170,Dr. Mohamed Sabry Mansour,S.E. Dr. Mohamed Sabry Mansour Bey,bey,s.e.,C02753,Sté. «Al Chams» S.A.E,Sté«Al Chams» S.A.E,general_manager,0,,,,21,891
5181,1950,P01940,Mohamed Said Loutfi,S.E. Mohamed Said Loutfi Pacha,pasha,s.e.,C00416,"Marconi Radio Telegraph Co. of Egypt, S.A.E",Marconi Radio Telegraph Co. of Egypt,president,0,,,,21,891
5182,1950,P01940,Mohamed Said Loutfi,S.E. Mohamed Said Loutfi Pacha,pasha,s.e.,C00416,"Marconi Radio Telegraph Co. of Egypt, S.A.E",Marconi Radio Telegraph Co. of Egypt,managing_director,0,,,,21,891
5183,1950,P01940,Mohamed Said Loutfi,S.E. Mohamed Said Loutfi Pacha,pasha,s.e.,C00416,"Marconi Radio Telegraph Co. of Egypt, S.A.E",Marconi Radio Telegraph Co. of Egypt,director,0,,,,21,891
5184,1950,P01211,Mohamed Sakr,Mohamed Sakr Bey,bey,,C02043,Transport & Engineering Cy,Transport & Engineering Cy,director,0,,,,21,891
5185,1950,P01212,Mohamed Salah el Dine,Mohamed Salah el Dine Bey,bey,,C02043,Transport & Engineering Cy,Transport and Engineering Cy,director,0,,,,21,891
5186,1950,P01212,Mohamed Salah el Dine,Mohamed Salah el Dine Bey,bey,,C02830,"Usines El Chorbagui, S.A.E","Usines El Chorbagui, S.A.E",director,0,,,,21,891
5187,1950,P01214,Mohamed Salem Salem,Mohamed Salem Salem,,,C02623,Société des Au.tobus de Charkieh et Dakahlieh,Société des Au.tobus de Charkieh et Dakahlieh,director,0,,,,21,892
5188,1950,P01214,Mohamed Salem Salem,Mohamed Salem Salem,,,C02029,The Upper Bus Co,The Upper Bus Co,director,0,,,,21,892
5189,1950,P00856,Abdel Latif Moussa,Mohamed Sameh Moussa Bey,bey,,C02043,Transport & Engineering Cy,Transport & Engineering Cy,director,0,,,,21,892
5190,1950,P01941,Mohamed Sayed Yassine,Mohamed Sayed Yassine Bey,bey,,C02484,Misr Engineering Works & Transport Co,Misr Engineering Works& Transport Co,director,0,,,,21,892
5191,1950,P01941,Mohamed Sayed Yassine,Mohamed Sayed Yassine Bey,bey,,C01912,Sté. Misr Rayonne,Sté. Misr pour la Rayonne,director,0,,,,21,892
5192,1950,P01942,Mohamed Seif el Dine el Chourbagui,Mohamed Seif el Dine el Chourbagui,,,C02832,Usines el Chourbagui,Usines el Chourbagui,director,0,,,,21,892
5193,1950,P01215,Mohamed Sobhi el Chorbagui,Mohamed Sobhl el Chorbagui,,,C02173,-Dél. des Usines,-Dél. des Usines,vice_president,0,,,,21,892
5194,1950,P01215,Mohamed Sobhi el Chorbagui,Mohamed Sobhl el Chorbagui,,,C02173,-Dél. des Usines,-Dél. des Usines,director,0,,,,21,892
5195,1950,P01943,Mohamed Talaat Awni,Mohamed Talaat Awni,,,C02255,Centrocommission Al Chark Trading Co,Centrocommission Al Chark Trading Co,director,0,,,,21,892
5196,1950,P00530,Sabry Hussein,Mohamed Younes el Hussein,,,C02320,Dél. Egyptian Arab Bank,Dél. Egyptian Arab Bank,director,0,,,,21,892
5197,1950,P01216,Mohamed Youssef El Abd,Mohamed Youssef El Abd Bey,bey,,C02125,«Nemco»,«Nemco»,director,0,,,,21,892
5198,1950,P01944,Mohamed Youssef Ghorab,Mohamed Youssef Ghorab,,,C01915,Sté. Misr pour les Fourrages,Sté. Misr pour les Fourrages,director,0,,,,21,892
5199,1950,P01945,Mohamed Zald Kamal,S.E. Mohamed Zald Kamal Pacha,pasha,s.e.,C00606,Société des Omnibus de Fayoum,Société des Omnibus de Fayoum,director,0,,,,21,892
5200,1950,P01218,Mohsin Shawki,Mohsin Shawki,,,C01581,Frosted Food & Cold Stora~e Cy,Frosted Food & Cold Storage Cy,director,0,,,,21,892
5201,1950,P01218,Mohsin Shawki,Mohsin Shawki,,,C02339,Dél. United Cold Storage Cy,Dél. United Cold Storage Cy,director,0,,,,21,892
5202,1950,P00747,Monchicourt André G,Monchicourt André G,,,C00473,S.A. des Monts de Piété Egyptiens,S.A. des Monts de Piété Egyptiens,managing_director,0,,,,21,892
5203,1950,P00747,Monchicourt André G,Monchicourt André P,,,C02189,Adjoint Monts de Piété Egyptiens,Adjoint Monts de Piété Egyptiens,managing_director,0,,,,21,892
5204,1950,P01220,Moore Léon,Moore Léon,,,C02348,Eastern Cy,Eastern Cy,director,0,,,,21,892
5205,1950,P01946,Moraitinis G,Moraitinis G,,,C00027,"The Associated Cotton Gin· ners of Egypt, Ltd",The Associated Cotton Ginners of Egypt Ltd,director,0,,,,21,892
5206,1950,P01947,Morgenstern Albert,Morgenstern Albert,,,C02125,«Nemco»,«Nemco»,director,0,,,,21,892
5207,1950,P01221,Morpurgo Georges,Morpurgo Georges,,,C01488,Commercial & Agency Cy. of Egypt Ltd,Commercial & Agency Cy. of Egypt Ltd,managing_director,0,,,,21,892
5208,1950,P01221,Morpurgo Georges,Morpurgo Georges,,,C01968,The Alexandria Manufacturing Co. Ltd,Alexandria Manufacturing Cy,managing_director,0,,,,21,892
5209,1950,P01221,Morpurgo Georges,Morpurgo Georges,,,C02363,Egyptian Chemical & Drug Industries Ltd,Egyptian Chemical & Drug Industries Ltd,director,0,,,,21,892
5210,1950,P01221,Morpurgo Georges,Morpurgo Georges,,,C01790,Société Egyptienne de Conserves alimentaires,Société Egyptienne de Conserves Alimentaires,director,0,,,,21,892
5211,1950,P00749,Morpurgo Gustave,Morpurgo Gustave,,,C01706,"Pinto Cotton Co., S.A.E","Pinto Cotton Co., S.A.E",director,0,,,,21,892
5212,1950,P00749,Morpurgo Gustave,Morpurgo Gustave,,,C01945,Surveillance de la M. L. Franco & Co. - S. Pinto & Co. Succrs,Surveillance de la M. L. Franco & Co. - S. Pinto & Co. Succrs,council_member,0,,,,21,892
5213,1950,P00750,Mosseri Albert Vita,Mosseri Albert Vita,,,C00398,«Josy,«Josy,director,0,,,,21,892
5214,1950,P00463,Film,Film»,,,C00411,Maison de Banque J. N. Mosseri Figli & Co,Maison de Banque J. N. Mosseri Figli & Co,partner,0,,,,21,892
5215,1950,P00753,Mosseri E. Humbert J,Mosseri E. Humbert J,,,C01710,Portugal au Caire,Portugal au Caire,manager,0,,,,21,892
5216,1950,P01948,Mosseri Félix N,Mosseri Félix N,,,C02811,"The Tractor& Engineering Company, S.A.E","The Tractor& Engineering Company, S.A.E",managing_director,0,,,,21,892
5217,1950,P01948,Mosseri Félix N,Mosseri Félix N,,,C00667,"The Egyptian Copper Works, S.A.E","The Egyptian Copper Works, S.A.E",director,0,,,,21,892
5218,1950,P00751,Mosseri Guido J,Mosseri Guido J,,,C02234,Banque J. N. Mosseri Figli & Co,Banque J. N. Mosseri Figli & Co,partner,0,,,,21,893
5219,1950,P00751,Mosseri Guido J,Mosseri Guido J,,,C02234,Banque J. N. Mosseri Figli & Co,Banque J. N. Mosseri Figli & Co,manager,0,,,,21,893
5220,1950,P00751,Mosseri Guido J,Mosseri Guido J,,,C00305,Cairo Land and Financial Co. S.A.E,Cairo Land and Financial Co. S.A.E,director,0,,,,21,893
5221,1950,P00751,Mosseri Guido J,Mosseri Guido J,,,C00024,The Anglo-Belgian Co. of Egypt Ltd,The Anglo-Belgian Co. of Egypt Ltd,president,0,,,,21,893
5222,1950,P00751,Mosseri Guido J,Mosseri Guido J,,,C00026,The Anglo-Egyptian Land Allotment Co,The Anglo-Egyptian Land Allotment Co,director,0,,,,21,893
5223,1950,P00751,Mosseri Guido J,Mosseri Guido J,,,C00686,The Fayoum Light Railways Co,The Fayoum Light Railways Co,director,0,,,,21,893
5224,1950,P00751,Mosseri Guido J,Mosseri Guido J,,,C01716,S.A. Astra et Halles Centrales,S.A. Astra et Halles Centrales,director,0,,,,21,893
5225,1950,P00752,Mosseri Henri Victor,Mosseri Henry S. Victor,,,C02416,Fédération Internationale des Techniciens Agronomes,Fédération Internationale des Techniciens Agronomes,director,0,,,,21,893
5226,1950,P00752,Mosseri Henri Victor,Mosseri Henry S. Victor,,,C00026,The Anglo-Egyptian Land Allotment Co,Anglo-Egyptian Land Allotment Co,managing_director,0,,,,21,893
5227,1950,P00752,Mosseri Henri Victor,Mosseri Henry S. Victor,,,C00086,The Gharbieh Land Co,The Gharbieh Land Co,director,0,,,,21,893
5228,1950,P00752,Mosseri Henri Victor,Mosseri Henry S. Victor,,,C01164,Tractor & Engineering Co,The Tractor and Engineering Co,director,0,,,,21,893
5229,1950,P00752,Mosseri Henri Victor,Mosseri Henry S. Victor,,,C00121,S. A. du Wadi Kom Ombo,S.A. de Wadi-Kom Ombo,director,0,,,,21,893
5230,1950,P00752,Mosseri Henri Victor,Mosseri Henry S. Victor,,,C01126,The Anglo-Belgian Co,The Anglo-Belgian Co,director,0,,,,21,893
5231,1950,P00752,Mosseri Henri Victor,Mosseri Henry S. Victor,,,C00668,The Egyptian Copper Works,The Egyptian Copper Works,director,0,,,,21,893
5232,1950,P00752,Mosseri Henri Victor,Mosseri Henry S. Victor,,,C00169,Société Foncière du Domaine de Cheikh Fadl,Société Foncière du Domaine de Cheikh Fadl,director,0,,,,21,893
5233,1950,P00467,Mosseri Joseph Vita,Mosseri Joseph Vita,,,C01864,Sociétés,Sociétés,director,0,,,,21,893
5234,1950,P00109,Mosseri Maurice N,Mosseri Maurice N,,,C00087,Grands Hôtels d'Egypte,Grands Hôtels d'Egypte,president,0,,,,21,893
5235,1950,P00109,Mosseri Maurice N,Mosseri Maurice N,,,C00087,Grands Hôtels d'Egypte,Grands Hôtels d'Egypte,managing_director,0,,,,21,893
5236,1950,P00109,Mosseri Maurice N,Mosseri Maurice N,,,C00189,Syndicat des Obligataires de la Société Générale des Sucreries,Syndicat des Obligataires de la Société Générale des Sucreries,president,0,,,,21,893
5237,1950,P00109,Mosseri Maurice N,Mosseri Maurice N,,,C00443,Raffineried'Egypte,Raffineried'Egypte,president,0,,,,21,893
5238,1950,P00109,Mosseri Maurice N,Mosseri Maurice N,,,C02598,Société Egyptienne des Industries Electriques et Mécaniques,Société Egyptienne des Industries Electriques et Mécaniques,president,0,,,,21,893
5239,1950,P00109,Mosseri Maurice N,Mosseri Maurice N,,,C00026,The Anglo-Egyptian Land Allotment Co,Anglo Egyptian Land Allotment Co,vice_president,0,,,,21,893
5240,1950,P00109,Mosseri Maurice N,Mosseri Maurice N,,,C00544,Société Egyptienne de Tissage et Tricotage,Société Egyptienne de Tissage et Tricotage,director,0,,,,21,893
5241,1950,P00109,Mosseri Maurice N,Mosseri Maurice N,,,C01622,Immobilia d'Egypte,Immobilia d'Egypte,director,0,,,,21,893
5242,1950,P00109,Mosseri Maurice N,Mosseri Maurice N,,,C02419,Gabbary Land Co,Gabbary Land Co,director,0,,,,21,893
5243,1950,P00109,Mosseri Maurice N,Mosseri Maurice N,,,C02491,N atipnal Insurance Co. of Egypt,N atipnal Insurance Co. of Egypt,director,0,,,,21,893
5244,1950,P01949,Moukhtar Bey El Gammal,Moukhtar Bey El Gammal,,,C01893,Sté. Eg. de Minoterie et Silos,Sté de Minoterie et Silos,director,0,,,,21,893
5245,1950,P01950,Moulin André,Moulin André,,,C02489,Monts de Piétés Egyptiens,Monts de Piété Egyptiens,director,0,,,,21,893
5246,1950,P01906,Mieli Charles,Mouly Charles,,,C02466,Maison de la Petite Reine,Maison de la Petite Reine,director,0,,,,21,893
5247,1950,P01951,Mounir Zaki,Mounir Zaki,,,C02436,Immobilière Masr El Guédida,Immobilière Masr el Guedida,director,0,,,,21,893
5248,1950,P00856,Abdel Latif Moussa,Mourad Moussa,,,C02639,Sté Al Wadi pour les métaux et les Bijoux,Sté Al Wadi pour les métaux et les Bijoux,president,0,,,,21,893
5249,1950,P01224,Moursi Ahmed Awad,Moursi Ahmed Awad,,,C02582,So- ciété d'Entreprises M. Cockinos S.A.E,So- ciété d'Entreprises M. Cockinos S.A.E,director,0,,,,21,893
5250,1950,P01952,Moussa Abdel Latif,Moussa Abdel Latif,,,C01961,"The Albert Mussa Agency ,& Stevedoring Co., S.A.E",Albert Mussa Agency and Stevedoring Co,director,0,,,,21,893
5251,1950,P01953,Moussa Sameh,Moussa Sameh,,,C02436,Immobilière Masr El Guédida,Immobilière Masr el Guedida,director,0,,,,21,893
5252,1950,P01954,Moussalli Maurice,Moussalli Maurice,,,C02438,Imperial Trading Co,Imperial Tradin~ Co,director,0,,,,21,893
5253,1950,P01955,Moustapha el Chourbagui,Moustapha el Chourbagui Bey,bey,,C02125,«Nemco»,Nemco,director,0,,,,21,893
5254,1950,P01956,Moustapha el Menzaloui,Moustapha el Menzaloui,,,C02650,Sté Eg. de Fabrication et Exportation de Conserves,Sté Eg. de Fabrication et Exportation de Conserves,director,0,,,,21,893
5255,1950,P01957,Moustapha Hussein Fahmy,Moustapha Hussein Fahmy,,,C02444,"The Industrial & Mechanical Supplies Co., S.A.E",Industrial & Mechanical Supplies Co,director,0,,,,21,893
5256,1950,P01958,Moustapha Sami Dr,Moustapha Sami Dr,,,C02320,Dél. Egyptian Arab Bank,Dél. Egyptian Arab Bank,director,0,,,,21,893
5257,1950,P01959,Muhlberg Jacques,Muhlberg Jacques,,,C00026,The Anglo-Egyptian Land Allotment Co,Anglo Egyptian Land Allotment,manager,0,,,,21,894
5258,1950,P01959,Muhlberg Jacques,Muhlberg Jacques,,,C02367,Egyptian Finance et Simon Arzt Stores,Egyptian Finance et Simon Arzt Stores,director,0,,,,21,894
5259,1950,P00755,Muller E,Muller E,,,C01925,"Sté. Viticole et Vinicole d'Egypte, S.A.E",Sté Viticole et Vinicole d'Egypte,director,0,,,,21,894
5260,1950,P01960,Muntz Allan,Muntz Allan,,,C01655,"Misr Airwork, S.A.E","Misr Airwork, S.A.E",director,0,,,,21,894
5261,1950,P00758,Mussa Albert,Mussa Albert,,,C02649,Sté. Cotonnière d'Egypte,Sté. Cotonnière d'Egypte,president,0,,,,21,894
5262,1950,P00758,Mussa Albert,Mussa Albert,,,C02649,Sté. Cotonnière d'Egypte,Sté. Cotonnière d'Egypte,managing_director,0,,,,21,894
5263,1950,P00759,Mustaki Armand,Mustaki Armand,,,C00297,Banque d'Athènes,Banque d'Athènes S.A,director,0,,,,21,894
5264,1950,P00759,Mustaki Armand,Mustaki Armand,,,C00391,Industrie Meunière d'Alexandrie,"Industrie Meunière d'Alexandrie, S.A.E",director,0,,,,21,894
5265,1950,P00759,Mustaki Armand,Mustaki Armand,,,C02600,Société Egyptienned'Entreprises Urbaines et Rurales,Société Egyptienned'Entreprises Urbaines et Rurales,director,0,,,,21,894
5266,1950,P01961,Mustaki William,Mustaki William,,,C02202,Alexandria Cotton Trading Company S.A.E,Alexandria Cotton Trading Company S.A.E,managing_director,0,,,,21,894
5267,1950,P01961,Mustaki William,Mustaki William,,,C00534,Société Egyptienne Financière pour le Commerce,Société Egyptienne Financière pour le Commerce,managing_director,0,,,,21,894
5268,1950,P01961,Mustaki William,Mustaki William,,,C01628,"Industrie, S.A.E",Industrie S.A.E,managing_director,0,,,,21,894
5269,1950,P01961,Mustaki William,Mustaki William,,,C02281,Compagnie Commerciale Cotonnière S.A.E,Compagnie Commerciale Cotonnière S.A.E,director,0,,,,21,894
5270,1950,P01961,Mustaki William,Mustaki William,,,C00279,"Alexandria Pressing Co., S.A.E",Alexandria Pressing Cy. S.A.E,director,0,,,,21,894
5271,1950,P01961,Mustaki William,Mustaki William,,,C02457,Lancashire Egyptian Cy. Ltd. (Manchester),Lancashire Egyptian Cy. Ltd. (Manchester),director,0,,,,21,894
5272,1950,P01962,Nabih Mohamed Kamel,S.E. Nabih Mohamed Kamel Pacha,pasha,s.e.,C00401,Kafr El Zayat Land Co,Kafr el Zayat Land Cy,president,0,,,,21,894
5273,1950,P01962,Nabih Mohamed Kamel,S.E. Nabih Mohamed Kamel Pacha,pasha,s.e.,C00401,Kafr El Zayat Land Co,Kafr el Zayat Land Cy,director,0,,,,21,894
5274,1950,P01962,Nabih Mohamed Kamel,S.E. Nabih Mohamed Kamel Pacha,pasha,s.e.,C01637,Khedivial Mail Line Co,Khedivial Mail Line,director,0,,,,21,894
5275,1950,P01962,Nabih Mohamed Kamel,S.E. Nabih Mohamed Kamel Pacha,pasha,s.e.,C00541,Société Egyptienne de Placements,Société Egyptienne de Placements,managing_director,0,,,,21,894
5276,1950,P01962,Nabih Mohamed Kamel,S.E. Nabih Mohamed Kamel Pacha,pasha,s.e.,C00334,Crédit,Crédit,managing_director,0,,,,21,894
5277,1950,P01962,Nabih Mohamed Kamel,S.E. Nabih Mohamed Kamel Pacha,pasha,s.e.,C02604,"Société Générale Immobilière. N acamuli, Georges, A dm. Sté de Placements","Société Générale Immobilière. N acamuli, Georges, A dm. Sté de Placements",managing_director,0,,,,21,894
5278,1950,P01962,Nabih Mohamed Kamel,S.E. Nabih Mohamed Kamel Pacha,pasha,s.e.,C02301,Crédit et Sté. Générale Immobilière,Crédit et Sté. Générale Immobilière,managing_director,0,,,,21,894
5279,1950,P00762,Nachaat Hassan,S.E. Nachaat Hassan Pacha,pasha,s.e.,C02342,"Dél. de la Société Nationale du Papier, S.A.E","Dél. de la Société Nationale du Papier, S.A.E",president,0,,,,21,894
5280,1950,P00762,Nachaat Hassan,S.E. Nachaat Hassan Pacha,pasha,s.e.,C02342,"Dél. de la Société Nationale du Papier, S.A.E","Dél. de la Société Nationale du Papier, S.A.E",director,0,,,,21,894
5281,1950,P00762,Nachaat Hassan,S.E. Nachaat Hassan Pacha,pasha,s.e.,C01838,"Société Nationale de Matières Plastiques, S.A.E",Société Nationale de Matières Plastiques S.A.E,president,0,,,,21,894
5282,1950,P00762,Nachaat Hassan,S.E. Nachaat Hassan Pacha,pasha,s.e.,C02499,National Insurance S.A.E,National Insurance S.A.E,director,0,,,,21,894
5283,1950,P00762,Nachaat Hassan,S.E. Nachaat Hassan Pacha,pasha,s.e.,C01698,Orient Linen Industry,"Orient Linen Industry, S.A.E",director,0,,,,21,894
5284,1950,P00762,Nachaat Hassan,S.E. Nachaat Hassan Pacha,pasha,s.e.,C02682,Sté Nationale d'Energie Electrique,Sté. Nationaled'Energie Electrique,director,0,,,,21,894
5285,1950,P00476,Nachaty Youssef Dr,Nachati Youssef Dr,,,C02591,"Société Egyp- tienne des Industries Chimiques, S.A.E","Société Egyp- tienne des Industries Chimiques, S.A.E",managing_director,0,,,,21,894
5286,1950,P01963,Nada Mtre. Marcel,Nada Mtre. Marcel,,,C01640,Lotus Navigation Cy,Lotus Navigation Co,director,0,,,,21,894
5287,1950,P01964,Naggar Fathallah,Naggar Fathallah,,,C02671,Sté. Immobilière de Zamalek,Sté. Immobilière de Zamalek,director,0,,,,21,894
5288,1950,P01965,Naggar Gaston Me,Naggar Gaston Me,,,C02123,«Koldair»,Koldair,director,0,,,,21,894
5289,1950,P01966,Naggar Jacques,Naggar Jacques,,,C02239,Banque Suarès,Banque Suarès,president,0,,,,21,894
5290,1950,P01966,Naggar Jacques,Naggar Jacques,,,C02239,Banque Suarès,Banque Suarès,managing_director,0,,,,21,894
5291,1950,P01967,Nabas Albert Chaker,Nabas Albert Chaker,,,C02671,Sté. Immobilière de Zamalek,Sté Immobilière de Zamalek,director,0,,,,21,895
5292,1950,P00477,Nahas Michel,Nabas Michel,,,C02603,"Société Franco-Egyptienne de Soieries, S.A.E","Société Franco-Egyptienne de Soieries, S.A.E",president,0,,,,21,895
5293,1950,P00478,Nahas Robert,Nabas Robert,,,C02603,"Société Franco-Egyptienne de Soieries, S.A.E","Société Franco-Egyptienne de Soieries, S.A.E",director,0,,,,21,895
5294,1950,P01968,Nabas Youssef Bey Dr,Nabas Youssef Bey Dr,,,C01609,Grands Magasins Chemla,Grands Magasins Chemla,director,0,,,,21,895
5295,1950,P01968,Nabas Youssef Bey Dr,Nabas Youssef Bey Dr,,,C00132,Sidi Salem Co,Sidi Salem Co,director,0,,,,21,895
5296,1950,P00479,Nahman Armand V,Nahman Armand V,,,C01587,The Garbieh Ginning Co. (S.A.),Garbieh Ginning Co. S.A.E,director,0,,,,21,895
5297,1950,P00479,Nahman Armand V,Nahman Armand V,,,C00017,Alexandria Pressing Co,Alexandria Pressing Co,director,0,,,,21,895
5298,1950,P00479,Nahman Armand V,Nahman Armand V,,,C00711,The Upper Egypt Ginning Co,The Upper Egypt Ginning Co,director,0,,,,21,895
5299,1950,P00479,Nahman Armand V,Nahman Armand V,,,C00610,Société des Terres Rares d'Egypte,Société des Terres Rares d'Egypte,director,0,,,,21,895
5300,1950,P00479,Nahman Armand V,Nahman Armand V,,,C02616,Société Misr «la Fluviale» S.A.E,Société Misr «la Fluviale» S.A.E,director,0,,,,21,895
5301,1950,P01230,Nlahman Raphael,Nahman Raphael,,,C02605,Société Généraled'Electricité,Société Généraled'Electricité,director,0,,,,21,895
5302,1950,P01230,Nlahman Raphael,Nahman Raphael,,,C02490,"Mécanique, de la Rosetta & Alexandria Rice Mill s","Mécanique, de la Rosetta & Alexandria Rice Mill s",director,0,,,,21,895
5303,1950,P01969,Nasr Max Anis,Nasr Max Anis,,,C00071,Eastern Export Cy,Eastern Export Cy,director,0,,,,21,895
5304,1950,P01969,Nasr Max Anis,Nasr Max Anis,,,C00071,Eastern Export Cy,Eastern Export Cy,managing_director,0,,,,21,895
5305,1950,P01970,Neguib Iskandar Dr,Neguib Iskandar Dr,,,C02060,Zeitoun Canning & Food Cy,Zeitoun Canning & Food Cy,director,0,,,,21,895
5306,1950,P01971,Neguib Salha,Neguib Salha Bey,bey,,C02485,Misr Engineering Works & Transport Co. et Pyramids Industrial & Trading Co,Misr Engineering Works & Transport Co. et Pyramids Industrial & Trading Co,director,0,,,,21,895
5307,1950,P01233,Neison Georges,Nelson Georges,,,C02794,"The Hinshel- wood Paint & Oil Co. of Egypt, S.A.E","The Hinshel- wo~d Paint & Oil Co. of Egypt, S.A.E",director,0,,,,21,895
5308,1950,P01972,Nemetallah Dr,Nemetallah Dr,,,C01468,Chemical Industries Development,Chemical Industries Development,director,0,,,,21,895
5309,1950,P00764,Neuville Paul,Neuville Paul,,,C01949,Surveillance de la Sté. des Plâtres d'Albâtre,Surveillance de la Sté. des Plâtres d'Albâtre,council_member,0,,,,21,895
5310,1950,P00484,Nichols D,Nichols D,,,C00599,Société des Autobus de Béhéra,Société des Autobus du Béhéra,director,0,,,,21,895
5311,1950,P00484,Nichols D,Nichols D,,,C00372,Gharbieh,Gharbieh,director,0,,,,21,895
5312,1950,P01973,Noun Edouat·d Me,Noun Edouat·d Me,,,C01911,Sté. Industrielle du Moyen Orient,Sté. Industrielle du Moyen-Orient,vice_president,0,,,,21,895
5313,1950,P00117,Nubar Arakel,S.E. Nubar Arakel Pacha,pasha,s.e.,C00468,S.A. des Eaux du Caire,S.A. des Eaux du Caire,director,0,,,,21,895
5314,1950,P00117,Nubar Arakel,S.E. Nubar Arakel Pacha,pasha,s.e.,C02781,The Cairo Electric Railw ays and Helio polis Oases Co,The Cairo Electric Railw ays and Helio polis Oases Co,director,0,,,,21,895
5315,1950,P00117,Nubar Arakel,S.E. Nubar Arakel Pacha,pasha,s.e.,C01473,Cie. FrigorifiquJd'Egypte. ·,Cie. Frigorifique d'Egypte,director,0,,,,21,895
5316,1950,P01974,Nyegaard Anton,Nyegaard Anton,,,C02433,"Helwan Portland Cement Cy., S.A.E","Helwan Portland Cement Cy., S.A.E",managing_director,0,,,,21,895
5317,1950,P01975,Oettinger W,Oettinger W,,,C02536,"Responsable de «Hamata Mining Cy.», (W. Oettinger & Co.)","Responsable de «Hamata Mining Cy.», (W. Oettinger & Co.)",partner,0,,,,21,895
5318,1950,P01975,Oettinger W,Oettinger W,,,C02536,"Responsable de «Hamata Mining Cy.», (W. Oettinger & Co.)","Responsable de «Hamata Mining Cy.», (W. Oettinger & Co.)",manager,0,,,,21,895
5319,1950,P01976,Olgiati Pierre,Olgiati Pierre,,,C02505,Nationale-Vie de Paris,Nationale-Vie de Paris,president,0,,,,21,896
5320,1950,P01976,Olgiati Pierre,Olgiati Pierre,,,C02505,Nationale-Vie de Paris,Nationale-Vie de Paris,general_manager,0,,,,21,896
5321,1950,P01977,Magasins Chemla»,Magasins Chemla»,,,C00514,Société,Société Anonyme Egyptienne,vice_president,0,,,,21,896
5322,1950,P00515,Land Co,Land & Buildings Co,,,C01143,The Kafr El Zayat Cotton Co,Kafr el Zayat Cotton Co,director,0,,,,21,896
5323,1950,P01978,Orriss P. G,Orriss P. G,,,C02160,-Dél. Fish and Produce A.ssoc,-Dél. Fish and Produce A.ssoc,director,0,,,,21,896
5324,1950,P01979,Owens A. L,Owens A. L,,,C02634,Standard Oil Cy. p,Standard Oil Cy. p,manager,0,,,,21,896
5325,1950,P01980,Pace Me. Umberto,Pace Me. Umberto,,,C02495,"National Botling Co. of Egypt, Etablissements Banco","National Botling Co. of Egypt, Etablissements Banco",director,0,,,,21,896
5326,1950,P01981,Papachristou Stefano,Papachristou Stefano,,,C02573,Selected Textile Industries Ass,Selected Textile Industries,managing_director,0,,,,21,896
5327,1950,P01982,Papadopoulo Paul Yanni,Papadopoulo Paul Yanni,,,C02692,Sté. des Engrais Organiques,Sté des Engrais Organiques,director,0,,,,21,896
5328,1950,P01983,Papastratos Epaminondas,Papastratos Epaminondas,,,C01850,Société de Cigarettes Nestor Gianaclis,Cigarettes Nestor Gianaclis,director,0,,,,21,896
5329,1950,P01984,Papayannopoulo Riga,Papayannopoulo Riga,,,C02493,N ear East Cotton Export Co,N ear East Cotton Export Co,director,0,,,,21,896
5330,1950,P01985,Papaya lnopoulo X,Papaya lnopoulo X,,,C02508,Near East Cotton Export Co,Near East Cotton Export Co,director,0,,,,21,896
5331,1950,P01986,Papazian Aram Sarkis,Papazian Aram Sarkis,,,C02500,National Petroleum Co. of Egypt,National Petroleum Co. of Egypt,director,0,,,,21,896
5332,1950,P01987,Papazian Torcom Sarkis,Papazian Torcom Sarkis,,,C02500,National Petroleum Co. of Egypt,National Petroleum Co. of Egypt,managing_director,0,,,,21,896
5333,1950,P01988,Pardo Maître 1,Pardo Maître 1,,,C02162,-Dél. Les Grands Comptoirs d'Egypte,-Dél. Les Grands Comptoirs d'Egypte,director,0,,,,21,896
5334,1950,P01989,Parein Victor,Parein Victor,,,C02425,"Gevaert Orient, S.A.E","Gevaert-Orient, S.A.E",director,0,,,,21,896
5335,1950,P01990,Pastroudis Athanase,Pastroudis Athanase,,,C02430,Hadaek Al Ahram,Hadaek el Ahram,director,0,,,,21,896
5336,1950,P01991,Pathy Alexandre,Pathy Alexandre,,,C02245,Bottling Co. of Tantah,Bottling Co. of Tantah,director,0,,,,21,896
5337,1950,P00769,Pathy Georges,Pathy Georges,,,C00600,Société des Autobus du Caire,Société des Autobus du Caire,director,0,,,,21,896
5338,1950,P00769,Pathy Georges,Pathy Georges,,,C01597,General Navigation Co. of Egypt,General Navigation Co. of Egypt,managing_director,0,,,,21,896
5339,1950,P00769,Pathy Georges,Pathy Georges,,,C01479,Coca-Cola Bottling Co. of Alexandria,Coca-Cola Bottling Co. of Alexandria,manager,0,,,,21,896
5340,1950,P00769,Pathy Georges,Pathy Georges,,,C02158,-Dél. Bottling Co of Tantah,-Dél. Bottling Co of Tantah,director,0,,,,21,896
5341,1950,P01992,Pathy Ladislas,Pathy Ladislas,,,C00642,The Alexandria Navigation Co,Alexandria Navigation Cy. S.A.E,managing_director,0,,,,21,896
5342,1950,P01992,Pathy Ladislas,Pathy Ladislas,,,C02209,Alexandria Navigation Company (London) Ltd,Alexandria Navigation Company (London) Ltd,managing_director,0,,,,21,896
5343,1950,P01992,Pathy Ladislas,Pathy Ladislas,,,C02608,"Société Industrielle et Commerciale d'Egypte ( SICO), S.A.E","Société Industrielle et Commerciale d'Egypte ( SICO), S.A.E",managing_director,0,,,,21,896
5344,1950,P01992,Pathy Ladislas,Pathy Ladislas,,,C02677,Sté Misr de Navigation Maritime,Sté Misr de Navigation Maritime,director,0,,,,21,896
5345,1950,P01992,Pathy Ladislas,Pathy Ladislas,,,C00016,Alexandria Insurance Co,Alexandria Insurance Co.· S.A.E,director,0,,,,21,896
5346,1950,P01992,Pathy Ladislas,Pathy Ladislas,,,C02380,Egyptian Road Transports Cy,Egyptian Road Transport,director,0,,,,21,896
5347,1950,P01240,Pavlica Dussan,Pavlica Dusan,,,C02396,Fa- brique de Produits Chimiques,Fa- brique de Produits Chimiques,managing_director,0,,,,21,897
5348,1950,P01241,Paxton Lloyd,Paxton Lloyd,,,C00618,"The Standard Oil Co. of Egypt, S.A",The Standard Oil Co. of Egypt,director,0,,,,21,897
5349,1950,P01993,Peccei Dr. Aurelio,Peccei Dr. Aurelio,,,C02567,SAIDE,SAIDE,director,0,,,,21,897
5350,1950,P01994,Peel Sir E. T,Peel Sir E. T,,,C00571,Société Générale de Pressage,Société Générale de Pressage,director,0,,,,21,897
5351,1950,P01994,Peel Sir E. T,Peel Sir E. T,,,C00346,Dépôts,Dépôts,director,0,,,,21,897
5352,1950,P01994,Peel Sir E. T,Peel Sir E. T,,,C02481,Mini eh Ginning Cy. Ltd,Mini eh Ginning Cy. Ltd,director,0,,,,21,897
5353,1950,P00118,Pegna E,Pegna E,,,C00210,Egyptian Bonded Warehouses Co. Ltd,Egyptian Bonded Warehouses Co,director,0,,,,21,897
5354,1950,P00118,Pegna E,Pegna E,,,C01840,Société Pharos,Société Pharos,director,0,,,,21,897
5355,1950,P00118,Pegna E,Pegna E,,,C00677,The Egyptian Petroleum Storage Co,The Egyptian Petroleum Storage,director,0,,,,21,897
5356,1950,P01995,Pegna Tullio,Pegna Tullio,,,C00192,The Alexandria Central Buildings,Alexandria Central Buildings,director,0,,,,21,897
5357,1950,P01242,Peillon Paul,Peillon Paul,,,C01752,"Salvage ·& Marine Cy. of Egypt, S.A.E",Salvage & Marine Cy. of Egypt. S.A.E,director,0,,,,21,897
5358,1950,P01996,Perier Gilbert,Perier Gilbert,,,C02541,S.A. Belge-Egyptienne,S.A. Belge-Egyptienne,director,0,,,,21,897
5359,1950,P01997,Peter Louis lng,Peter Louis lng,,,C02552,S.A.E. de Constructions (Egyco),S.A.E. de Constructions «Egyco»,director,0,,,,21,897
5360,1950,P01998,Philippides Dimitri,Philippides Dimitri,,,C00401,Kafr El Zayat Land Co,Kafr el Zayat Land Co,director,0,,,,21,897
5361,1950,P01999,Pialopoulo Simon M,Pialopoulo Simon M,,,C02574,Selected Textile Industries Assoc. S.A.E,Selected Textile Industries Assoc. S.A.E,president,0,,,,21,897
5362,1950,P01999,Pialopoulo Simon M,Pialopoulo Simon M,,,C02574,Selected Textile Industries Assoc. S.A.E,Selected Textile Industries Assoc. S.A.E,managing_director,0,,,,21,897
5363,1950,P01247,Picciotto Fernand de,Picciotto Fernand de,,,C02869,«Etablissements In- dustriels pour la Soie et le Coton»,«Etablissements In- dustriels pour la Soie et le Coton»,managing_director,0,,,,21,897
5364,1950,P01248,Picciotto Henri,Picciotto Henri de,,,C02877,«Sibur» et Clothing & Equipment Co,«Sibur» et Clothing & Equipment Co,director,0,,,,21,897
5365,1950,P01249,Picciotto Joseph,Picciotto Joseph,,,C01557,El Tawil Spinning & Weaving Cy,El Tawil Spinning & Weaving Cy,director,0,,,,21,897
5366,1950,P01250,Picciotto Léon,Picoiotto Léon,,,C01564,Etablissements Giacomo Cohenca Fils,Etablissements Giacomo Cohenca Fils,director,0,,,,21,897
5367,1950,P00772,Pierrakos Nicolas,Pierrakos Nicolas,,,C00589,"Société Viticole et Vinicole d'Egypte, S.A.E",Société Viticole et· Vinicole d'Egypte S.A.E,vice_president,0,,,,21,897
5368,1950,P00772,Pierrakos Nicolas,Pierrakos Nicolas,,,C00589,"Société Viticole et Vinicole d'Egypte, S.A.E",Société Viticole et· Vinicole d'Egypte S.A.E,managing_director,0,,,,21,897
5369,1950,P00772,Pierrakos Nicolas,Pierrakos Nicolas,,,C02513,«Nestor Gianaclis (Agricultural & Commercial) Limited,«Nestor Gianaclis (Agricultural & Commercial) Limited,president,0,,,,21,897
5370,1950,P02000,Pilavachi Mme. Catherine,Pilavachi Mme. Catherine,,,C02845,e d'Honneur de la Crown Brewery,e d'Honneur de la Crown Brewery,president,0,,,,21,897
5371,1950,P02001,Pinckard William Henderson,Pinckard William Henderson,,,C01922,Sté. Texas Egyptienne des Pétroles,Sté. Texas Egyptienne des Pétroles,president,0,,,,21,897
5372,1950,P02001,Pinckard William Henderson,Pinckard William Henderson,,,C02646,Sté. California Texas des Pétroles,Sté. California Texas des Pétroles,president,0,,,,21,897
5373,1950,P00499,Pinto Cav. Attilio,Pinto Attilio,,,C02530,"Pinto Cotton Co., Industrie Fibres Textiles","Pinto Cotton Co., Industrie Fibres Textiles",director,0,,,,21,897
5374,1950,P01253,Pinto Bruno B. Corn. Liverpool,Pinto Bruno B. Corn. Liverpool,,,C01706,"Pinto Cotton Co., S.A.E",Pinto Cotton Co. S.A.E,director,0,,,,21,897
5375,1950,P01253,Pinto Bruno B. Corn. Liverpool,Pinto Bruno B. Corn. Liverpool,,,C01002,"S.A. Immobili Riuniti, S.A.E","S.A. Immobili Riuniti, S.A.E",director,0,,,,21,897
5376,1950,P01253,Pinto Bruno B. Corn. Liverpool,Pinto Bruno B. Corn. Liverpool,,,C02445,Industrie Fibres,Industrie Fibres,director,0,,,,21,897
5377,1950,P02002,Textiles,Textiles,,,C02460,"M.L. Franco & Co., (S. Pinto & Co. Succrs.)","M.L. Franco & Co., (S. Pinto & Co. Succrs.)",general_manager,0,,,,21,897
5378,1950,P02002,Textiles,Textiles,,,C02528,"Pinto & Co., Caire et Alexandrie","Pinto & Co., Caire et Alexandrie",general_manager,0,,,,21,897
5379,1950,P00121,Pinto Silvio,Pinto Silvio,,,C02545,"S.A. Immobili Riu ni ti, S.A.E","S.A. Immobili Riu ni ti, S.A.E",president,0,,,,21,897
5380,1950,P00121,Pinto Silvio,Pinto Silvio,,,C01706,"Pinto Cotton Co., S.A.E",Pinto Cotton Co. S.A.E,vice_president,0,,,,21,897
5381,1950,P00121,Pinto Silvio,Pinto Silvio,,,C00393,"Industrie des Fibres Textiles, S.A.E",Industrie Fibres Textiles,vice_president,0,,,,21,897
5382,1950,P00121,Pinto Silvio,Pinto Silvio,,,C00393,"Industrie des Fibres Textiles, S.A.E",Industrie Fibres Textiles,managing_director,0,,,,21,897
5383,1950,P00121,Pinto Silvio,Pinto Silvio,,,C02752,Sté. en commandite par actions M.L. F'ranco and Co. (S. Pinto & Co. Suce.),Sté. en commandite par actions M.L. F'ranco and Co. (S. Pinto & Co. Suce.),manager,0,,,,21,897
5384,1950,P00121,Pinto Silvio,Pinto Silvio,,,C00711,The Upper Egypt Ginning Co,Upper Egypt Ginning,director,0,,,,21,897
5385,1950,P00500,Pinto,Pinto,,,C01706,"Pinto Cotton Co., S.A.E",Pinto Cotton Co. S.A.E,director,0,,,,21,898
5386,1950,P00500,Pinto,Pinto,,,C02586,"Société Anonyme des Immeubles Réunis, S.A.E","Société Anonyme des Immeubles Réunis, S.A.E",director,0,,,,21,898
5387,1950,P00500,Pinto,Pinto,,,C00711,The Upper Egypt Ginning Co,The Upper Egypt Ginning Co~ S.A.E,managing_director,0,,,,21,898
5388,1950,P00500,Pinto,Pinto,,,C02473,Maü,Maü,manager,0,,,,21,898
5389,1950,P02003,Podesta,Podesta,,,C01907,Sté. Franco-Egyptienne d'Importation,"Sté. Franco-Egyptienned'Importation, S.A.E",managing_director,0,,,,21,898
5390,1950,P01328,Conseil,Polack Edwin Mtre. Avocat Conseil,,,C02282,Conseil Surveillance de The Angelil Trading Co,Conseil Surveillance de The Angelil Trading Co,member,0,,,,21,898
5391,1950,P01259,Politi Elie 1,Politi Elie 1,,,C02276,Commercial Bank of Egypt S.A.E,Commercial Bank of Egypt S.A.E,managing_director,0,,,,21,898
5392,1950,P01259,Politi Elie 1,Politi Elie 1,,,C02280,Commerciàl Insurance Co of Egypt ( S.A.E.),Commerciàl Insurance Co of Egypt ( S.A.E.),managing_director,0,,,,21,898
5393,1950,P01259,Politi Elie 1,Politi Elie 1,,,C02787,"The Egyptian Land and Buildings Co., S.A.E. et Sté. Biens de Rapport d'Egypte","The Egyptian Land and Buildings Co., S.A.E. et Sté. Biens de Rapport d'Egypte",managing_director,0,,,,21,898
5394,1950,P01259,Politi Elie 1,Politi Elie 1,,,C01634,Jardins et Vignobles d'Egypte,Jardins et Vignobles d'Egypte,director,0,,,,21,898
5395,1950,P01259,Politi Elie 1,Politi Elie 1,,,C02873,«L'Informateur des Actions»,«L'Informateur des Actions»,director,0,,,,21,898
5396,1950,P01260,Pollet-Thiriez Pierre,Pollet Pierre,,,C00539,"Société Egyptienne de Filature et Tissage de la Laine, S.A.E","Société Egyptienne de Filature et Tissage de la Laine, S.A.E",director,0,,,,21,898
5397,1950,P00503,Pollet Raymond,Pollet Raymond,,,C00539,"Société Egyptienne de Filature et Tissage de la Laine, S.A.E","Société Egyptienne de Filature et Tissage de Laine, S.A.E",managing_director,0,,,,21,898
5398,1950,P00777,Pollet Robert,Pollet Robert,,,C00539,"Société Egyptienne de Filature et Tissage de la Laine, S.A.E","Société Egyptienne de Filature et Tissage de Laine, S.A.E",managing_director,0,,,,21,898
5399,1950,P01260,Pollet-Thiriez Pierre,Pollet-Thiriez Pierre,,,C02581,"So- ciété Egyptienne de Filature et Tissage de Laine, S.A.E","So- ciété Egyptienne de Filature et Tissage de Laine, S.A.E",director,0,,,,21,898
5400,1950,P02004,Polvara Luigi,Polvara Luigi,,,C01956,"Teinturerie Franco-Egyptienne, S.A.K","Teinturerie Franco-Egyptienne, S.A.E",director,0,,,,21,898
5401,1950,P01263,Portos Emile,Portos Emile,,,C01647,Maison V. Toriel & Co,Maison V. Toriel & Co,manager,0,,,,21,898
5402,1950,P02005,Pringo Stephane,Pringo Stephane,,,C01545,Egyptian Mining & Prospecting Co .. S.A.E,The Egyptian Mining and Prospecting Co,director,0,,,,21,898
5403,1950,P01265,Psacharopoulo Georges,Psacharopoulo Georges,,,C02810,The Sudan Soap Factory Ltd,The Sudan Soap Factory Ltd,managing_director,0,,,,21,898
5404,1950,P01265,Psacharopoulo Georges,Psacharopoulo Georges,,,C02810,The Sudan Soap Factory Ltd,The Sudan Soap Factory Ltd,director,0,,,,21,898
5405,1950,P02006,Khartoum,Khartoum,,,C02256,Chambre de l'Industrie Huilière,Chambre de l'Industrie Huilière,vice_president,0,,,,21,898
5406,1950,P02006,Khartoum,Khartoum,,,C02256,Chambre de l'Industrie Huilière,Chambre de l'Industrie Huilière,president,0,,,,21,898
5407,1950,P01266,Psaltis A. M,Psaltis A. M,,,C00739,Union des Agriculteurs d'Egypte,Union des Agriculteurs d'Egypte,director,0,,,,21,898
5408,1950,P02007,Pulli Bey Antoine,Pulli Bey Antoine,,,C02208,Alexandria National Bottling Co. et National Bottling Co. of Egypt,Alexandria National Bottling Co. et National Bottling Co. of Egypt,director,0,,,,21,898
5409,1950,P02008,Pupikofer Me. Maxime,Pupikofer Me. Maxime,,,C01520,"Delta Trading Co., S.A.E",Delta Trading Co. S.A.E,manager,0,,,,21,899
5410,1950,P02008,Pupikofer Me. Maxime,Pupikofer Me. Maxime,,,C01520,"Delta Trading Co., S.A.E",Delta Trading Co. S.A.E,director,0,,,,21,899
5411,1950,P02008,Pupikofer Me. Maxime,Pupikofer Me. Maxime,,,C02741,Sté. Métallurgie Egyptienne,Sté. Métallurgie Egyptienne,director,0,,,,21,899
5412,1950,P02008,Pupikofer Me. Maxime,Pupikofer Me. Maxime,,,C02310,Delta Engineering Co. S.A.E,Delta Engineering Co. S.A.E,director,0,,,,21,899
5413,1950,P02008,Pupikofer Me. Maxime,Pupikofer Me. Maxime,,,C02825,United Nile Engineering Co. S.A.E,United Nile Engineering Co. S.A.E,director,0,,,,21,899
5414,1950,P02009,Rabbath Georges,Rabbath Georges,,,C02180,<<La Fluviale»,«La Fluviale»,director,0,,,,21,899
5415,1950,P02009,Rabbath Georges,Rabbath Georges,,,C00128,S.A. du Béhéra,S.A. du Béhéra. ·,director,0,,,,21,899
5416,1950,P02009,Rabbath Georges,Rabbath Georges,,,C00128,S.A. du Béhéra,S.A. du Béhéra. ·,general_manager,0,,,,21,899
5417,1950,P01268,Rabbath Henri,Rabbath Henri,,,C02681,Sté Métallurgie Egyptienne et S.A. du Béhéra,Sté Métallurgie Egyptienne et S.A. du Béhéra,president,0,,,,21,899
5418,1950,P01268,Rabbath Henri,Rabbath Henri,,,C02742,Sté. Nationale de Transport et Tourisme Karnak,Sté. Nationale de Transport et Tourisme Karnak,managing_director,0,,,,21,899
5419,1950,P01268,Rabbath Henri,Rabbath Henri,,,C02742,Sté. Nationale de Transport et Tourisme Karnak,Sté. Nationale de Transport et Tourisme Karnak,director,0,,,,21,899
5420,1950,P02010,Rachad Adel,Rachad Adel,,,C02745,Sté. d'Alimentation Générale,Sté. d'Alimentation Générale,director,0,,,,21,899
5421,1950,P01196,Mohamed Abbas Rached,Rached,,,C01920,Sté. Orientale Cinéma,Sté Orientale Cinéma,director,0,,,,21,899
5422,1950,P00451,Mohamccl Abbas Rachid,Rachid,,,C01551,Egyptian Shipping,Egyptian Shipping,director,0,,,,21,899
5423,1950,P01270,Rachid Moustafa,Rachid Moustafa Bey,bey,,C01096,"Société pour la Vente des Produits Egyptiens, S.A.E",Société pour la Vente des Produits Egyptiens S.A.E,director,0,,,,21,899
5424,1950,P02011,Radi Abou Seü Radi,S.E. Radi Abou Seü Radi Bey,bey,s.e.,C02724,Sté. Egyptienne d'Electricité et Sté. Ass. «Al Chark»,Sté. Egyptienne d'Electricité et Sté. Ass. «Al Chark»,adviser,0,,,,21,899
5425,1950,P02011,Radi Abou Seü Radi,S.E. Radi Abou Seü Radi Bey,bey,s.e.,C02724,Sté. Egyptienne d'Electricité et Sté. Ass. «Al Chark»,Sté. Egyptienne d'Electricité et Sté. Ass. «Al Chark»,director,0,,,,21,899
5426,1950,P01271,Raemy Bernard de,Raemy Bernard de,,,C00039,Cairo Sand Bricks,Cairo Sand Bricks,director,0,,,,21,899
5427,1950,P00856,Abdel Latif Moussa,Rafih Abdel Aziz Moussa,,,C02573,Selected Textile Industries Ass,Selected Textile Industries Ass,director,0,,,,21,899
5428,1950,P01272,Raftopoulos A. S,Raftopoulos A. S,,,C02754,"Sté. «Cigarettes Nestor Gianaclis, S.A.E.»","Sté. «Cigarettes Nestor Gianaclis, S.A.E.»",managing_director,0,,,,21,899
5429,1950,P01272,Raftopoulos A. S,Raftopoulos A. S,,,C01167,"Unitas Trading & Financial Co., S.A.E",Unitas Trading & Financial Co. S.A.E,managing_director,0,,,,21,899
5430,1950,P02012,Ragheb Ahmed,Ragheb Ahmed Bey,bey,,C02738,Sté. Misr Transport et Navigation,Sté. Misr Transport et Navigation,director,0,,,,21,899
5431,1950,P00508,Ragheb Hanna,Ragheb Hanna Bey,bey,,C02148,'Administration de la National Contracting Co. of Egypt,'Administration de la National Contracting Co. of Egypt,council_member,0,,,,21,899
5432,1950,P02013,Ragheb Samy,S.E. Ragheb Samy Pacha,pasha,s.e.,C02178,<<Engineering & Trading Enterprises,<<Engineering & Trading Enterprises,president,0,,,,21,899
5433,1950,P02014,Ralli Alec,Ralli Alec,,,C02319,Dél. Eg. Cotton Ginners & Exporters,Dél. Eg. Cotton Ginners & Exporters,director,0,,,,21,899
5434,1950,P02015,Ramadan Mohamed Hafez,S.E. Ramadan Mohamed Hafez Pacha,pasha,s.e.,C02723,Sté. Egyptienne Financière pour le Commerce,Sté. Egyptienne Financière pour le Commerce,president,0,,,,21,899
5435,1950,P02015,Ramadan Mohamed Hafez,S.E. Ramadan Mohamed Hafez Pacha,pasha,s.e.,C02723,Sté. Egyptienne Financière pour le Commerce,Sté. Egyptienne Financière pour le Commerce,vice_president,0,,,,21,899
5436,1950,P02015,Ramadan Mohamed Hafez,S.E. Ramadan Mohamed Hafez Pacha,pasha,s.e.,C00090,Industrie,Industrie,president,0,,,,21,899
5437,1950,P02015,Ramadan Mohamed Hafez,S.E. Ramadan Mohamed Hafez Pacha,pasha,s.e.,C00090,Industrie,Industrie,vice_president,0,,,,21,899
5438,1950,P02015,Ramadan Mohamed Hafez,S.E. Ramadan Mohamed Hafez Pacha,pasha,s.e.,C02418,«Gerco»,Gerco,director,0,,,,21,899
5439,1950,P02016,Raminger A,Raminger A,,,C02267,Cie. du Gaz Lebon et Cie,Cie. du Gaz Lebon et Cie,manager,0,,,,21,899
5440,1950,P02016,Raminger A,Raminger A,,,C02391,Etablis-,Etablis-,director,0,,,,21,899
5441,1950,P00510,Ramlot Paul,Ramlot Paul,,,C00030,Banque Belge et Internationale en Egypte,"Banque Belge et Internationale en Egypte, S.A.E",director,0,,,,21,900
5442,1950,P02017,Ramzi Ismail,S.E. Ramzi Ismail Pacha,pasha,s.e.,C00353,"Egyptian Cotton Ginners & Exporters, S.A",Egyptian Cotton Ginners & Exporters,director,0,,,,21,900
5443,1950,P02018,Ranger Jan Joseph,Ranger Jan Joseph,,,C02683,Sté Nationale de Textile «Memphis» S.A.E,Sté. Nationale de Textile MEMPHIS,director,0,,,,21,900
5444,1950,P02019,Rason Dr. M. P. Olivetti,Rason Dr. M. P. Olivetti,,,C02568,"SEDEC, et Alexandria Glass & Porcelain Factory","SEDEC, et Alexandria Glass & Porcelain Factory",director,0,,,,21,900
5445,1950,P02020,Rathle André,Rathle André,,,C02714,Sté. Eg. Maritime Commerciale,Sté. Eg. Maritime Commerciale,director,0,,,,21,900
5446,1950,P00125,Raybaud Max,Raybaud Max,,,C00061,Crown Brewery,Crown-Brewery,director,0,,,,21,900
5447,1950,P01273,Rpes William Edward,Rees William Edward,,,C01447,Behrend Commercial Cy,Behrend Commercial Cy,director,0,,,,21,900
5448,1950,P00856,Abdel Latif Moussa,Refih Abdel Aziz Moussa,,,C02573,Selected Textile Industries Ass,Selected Textiles Industries,director,0,,,,21,900
5449,1950,P02021,Reid Miles Belfrage,Reid Miles Belfrage,,,C01164,Tractor & Engineering Co,Tractor & Engineering Co,director,0,,,,21,900
5450,1950,P02022,Reinhart,Reinhart,,,C00426,"The National Ginning Co. of Egypt, S.A.E",The National Ginning Co. of Egypt. S.A.E,president,0,,,,21,900
5451,1950,P02023,Renson Joseph,Renson Joseph,,,C00213,Egyptian Hotels,Egyptian Hotels Ltd,managing_director,0,,,,21,900
5452,1950,P01275,Reynolds A,Reynolds A,,,C02437,The Imperial Chemical Industries,The Imperial Chemical Industries,managing_director,0,,,,21,900
5453,1950,P01275,Reynolds A,Reynolds A,,,C00224,The United Egyptian Nile Transport Co,The United Egyptian Nile Transport Co,director,0,,,,21,900
5454,1950,P02024,Rezzos Jean,Rezzos Jean,,,C02240,Banque Tepeghiosi,Banque Tepeghiosi,manager,0,,,,21,900
5455,1950,P02024,Rezzos Jean,Rezzos Jean,,,C02240,Banque Tepeghiosi,Banque Tepeghiosi,partner,0,,,,21,900
5456,1950,P02025,Riaz Moustapha,Riaz Moustapha Bey,bey,,C02155,-Direc. Général de la National Insurance Co. of Egypt (pour le Caire),-Direc. Général de la National Insurance Co. of Egypt (pour le Caire),director,0,,,,21,900
5457,1950,P02025,Riaz Moustapha,Riaz Moustapha Bey,bey,,C02366,"Egyptian Engineering & Marine Co., Sté. Commerciale et Financière «Al Masria» S.A.E","Egyptian Engineering & Marine Co., Sté. Commerciale et Financière «Al Masria» S.A.E",director,0,,,,21,900
5458,1950,P02026,Ribot Georges,Ribot Georges,,,C02489,Monts de Piétés Egyptiens,Monts de Piétés Egyptiens,director,0,,,,21,900
5459,1950,P00783,Richard Edouard,Richard Edouard,,,C00693,"The Manure Co. of Egypt, S.A","The Manure Co. of Egypt, S.A",director,0,,,,21,900
5460,1950,P01278,Richards G. P,Richards G. P,,,C01817,Société Misr d'Assurances,Société Misr d'Assurances,director,0,,,,21,900
5461,1950,P02027,Richès André,Richès André,,,C02507,Near East Commercial Corporation,Near East Commercial Corporation,managing_director,0,,,,21,900
5462,1950,P01279,Richès Gustave,Richès Gustave,,,C01502,Comptoir Commercial Economique,"Comptoir Commercial Eco- nomique, S.A.E",managing_director,0,,,,21,900
5463,1950,P01279,Richès Gustave,Richès Gustave,,,C01692,The Nile Textile Cy. S.A.E,The Nile Textile Cy. S.A.E,managing_director,0,,,,21,900
5464,1950,P01279,Richès Gustave,Richès Gustave,,,C01486,Commercial Insurance Cy. of Egypt,Commercial Insurance Cy. of Egypt,director,0,,,,21,900
5465,1950,P01281,Richès Victor,Richès Victor,,,C02024,The Union Cotton Cy. of Alexandria,The Union Cotton Cy. of Alexandria,director,0,,,,21,900
5466,1950,P02028,Rifaat Dr. Mohamed Aly,Rifaat Dr. Mohamed Aly,,,C02864,«AIRMEC» et Commercial & Engineering Cy. of Egypt and Middle East Co,«AIRMEC» et Commercial & Engineering Cy. of Egypt and Middle East Co,president,0,,,,21,900
5467,1950,P00784,Riley E. C,Riley E. C,,,C02422,"General Mo tors· N ear East, S.A","General Mo tors N ear East, S.A",director,0,,,,21,900
5468,1950,P01282,Rivelli Jean N,Rivelli Jean N,,,C01963,The Alexandria &,The Alexandria &,manager,0,,,,21,900
5469,1950,P01282,Rivelli Jean N,Rivelli Jean N,,,C01963,The Alexandria &,The Alexandria &,director,0,,,,21,900
5470,1950,P02029,Rivot Pierre,Rivot Pierre,,,C02392,Etablissements Giacomo Cohenca et Sté Eg. d'Electricité,Etablissements Giacomo Cohenca et Sté Eg. d'Electricité,director,0,,,,21,900
5471,1950,P00785,Roberts Stanley P,Roberts Stanley P,,,C01661,The Misr Shipping S.A.E,The Misr Shipping S.A.E,director,0,,,,21,901
5472,1950,P01283,Rodocanachi K. G,Rodocanachi C,,,C00277,Alexandria Exchange Co,Alexandria Exchange Cy,director,0,,,,21,901
5473,1950,P01283,Rodocanachi K. G,Rodocanachi K. G,,,C00139,Société Anonyme de Nettoyage et Pressage du Coton,Société Anonyme de Nettoyage et Pressage de Coton,director,0,,,,21,901
5474,1950,P02030,Rodosli Richard,Rodosli Richard,,,C02496,National Bottling Co. of Egypt,National Bottling Co. of Egypt,director,0,,,,21,901
5475,1950,P01284,Rodriguez Eddie,Rodriguez Eddie,,,C01539,Egyptian Engineering & Marine Cy,Egyptian Engineering & Marine Cy,managing_director,0,,,,21,901
5476,1950,P02031,Rofé Charles Me,Rofé Charles Me,,,C01845,"Société Viticole et Vinicole d'Egypte, de Frosted Food & Cold Storage Cy","Société Viticole et Vinicoled'Egypte, de Frosted Food & Cold Storage Cy",director,0,,,,21,901
5477,1950,P01286,Roger-Machart Ch,Roger-Machart Ch,,,C00065,Crédit Foncier Egyptien,Crédit Foncier Egyptien,managing_director,0,,,,21,901
5478,1950,P01286,Roger-Machart Ch,Roger-Machart Ch,,,C02556,S.A.E. d'Assurances Al Chark,S.A.E. d'Assurances Al Chark,director,0,,,,21,901
5479,1950,P01286,Roger-Machart Ch,Roger-Machart Ch,,,C00064,Crédit Agricole d'Egypte,Crédit Agricole d'Egypte,director,0,,,,21,901
5480,1950,P02032,Rolin Baron Daniel,Rolin Baron Daniel,,,C00212,The Egyptian Enterprise & Development Co,The Egyptian Enterprise and Development Co,director,0,,,,21,901
5481,1950,P02033,Rolin Baron Jacques,Rolin Baron Jacques,,,C00305,Cairo Land and Financial Co. S.A.E,Cairo Land & Financial Co,managing_director,0,,,,21,901
5482,1950,P02033,Rolin Baron Jacques,Rolin Baron Jacques,,,C00212,The Egyptian Enterprise & Development Co,Egyptian Enterprise & Development Co,director,0,,,,21,901
5483,1950,P02033,Rolin Baron Jacques,Rolin Baron Jacques,,,C02540,S.A. Anc. Entreprises L. Rolin & Co,S.A. Anc. Entreprises L. Rolin & Co,managing_director,0,,,,21,901
5484,1950,P02033,Rolin Baron Jacques,Rolin Baron Jacques,,,C00215,The Electric Light & Power Supply Cy,Electric Light & Power Supply,director,0,,,,21,901
5485,1950,P02034,Rolny Arnost,Rolny Arnost,,,C02687,Sté. ROLNY,Sté Rolny,vice_president,0,,,,21,901
5486,1950,P02035,Rolo Ibram,Rolo Ibram,,,C02213,"Alexandria Racing Club, S.A.E., Egyptian Engineering Stores","Alexandria Racing Club, S.A.E., Egyptian Engineering Stores",director,0,,,,21,901
5487,1950,P00790,Rolo Jacques R,Rolo Jacques R,,,C02420,Garbieh,Garbieh,director,0,,,,21,901
5488,1950,P00130,Rolo Max,Rolo Max,,,C02786,The Egyptian Engineering Stores ( Formerly,The Egyptian Engineering Stores ( Formerly,president,0,,,,21,901
5489,1950,P00131,Rolo Robert J,Rolo Robert J,,,C00053,Communauté Israélite d'Alexandrie,Communauté Israélite d) Alexandrie,president,0,,,,21,901
5490,1950,P00131,Rolo Robert J,Rolo Robert J,,,C00153,Société Cotonnière Maarad,Société Cotonnière Maarad,president,0,,,,21,901
5491,1950,P00131,Rolo Robert J,Rolo Robert J,,,C00514,Société,The,president,0,,,,21,901
5492,1950,P02036,Upper Egypt Ginning Co,Upper Egypt Ginning Co,,,C00030,Banque Belge et Internationale en Egypte,Banque Belge et Internationale en Egypte,director,0,,,,21,901
5493,1950,P02036,Upper Egypt Ginning Co,Upper Egypt Ginning Co,,,C00108,New Egyptian Co,New Egyptian Co,director,0,,,,21,901
5494,1950,P02036,Upper Egypt Ginning Co,Upper Egypt Ginning Co,,,C01698,Orient Linen Industry,Orient Line n Industry,director,0,,,,21,901
5495,1950,P02036,Upper Egypt Ginning Co,Upper Egypt Ginning Co,,,C00152,Société Belgo-Egyptienne de l'Ezbékieh,Société Belgo-Egyptienne de l'Ezbékieh,director,0,,,,21,901
5496,1950,P02036,Upper Egypt Ginning Co,Upper Egypt Ginning Co,,,C00458,"S.A. des Fibres Textiles, S.A.E","S.A. des Fibres Textiles, S.A.E",director,0,,,,21,901
5497,1950,P02036,Upper Egypt Ginning Co,Upper Egypt Ginning Co,,,C00425,National Contracting Co. of Egypt,National Contracting Co. of Egypt,director,0,,,,21,901
5498,1950,P01289,Rolo Simon E,Rolo Simon E,,,C01545,Egyptian Mining & Prospecting Co .. S.A.E,Egyptian Mining & Prospecting Cy,director,0,,,,21,901
5499,1950,P02037,Rom Fran~ois,Rom Fran~ois,,,C00041,The Cairo Suburban Building Land Co,Cairo Suburban Building Land Co,president,0,,,,21,901
5500,1950,P02038,Président Gharbieh Land Cy,Président Gharbieh Land Cy,,,C02171,-Dél. de la Société Anonyme Belgo-Egyptienne,-Dél. de la Société Anonyme Belgo-Egyptienne,president,0,,,,21,901
5501,1950,P02038,Président Gharbieh Land Cy,Président Gharbieh Land Cy,,,C02171,-Dél. de la Société Anonyme Belgo-Egyptienne,-Dél. de la Société Anonyme Belgo-Egyptienne,director,0,,,,21,901
5502,1950,P02039,Romano Albert M,Romano Albert M,,,C02251,Carver Cotton Co,Carver Cotton Co,director,0,,,,21,901
5503,1950,P01290,Rosenberg M. M,Rosenberg M. M,,,C01429,"Associated Industries, S.A.E","Associated Industries, S.A.E",managing_director,0,,,,21,901
5504,1950,P01291,Rossano Charles,Rossano Charles,,,C00129,"S.A. de Nettoyage et Pressage de Coton, S.A.E","S.A. de Nettoyage et Pressage de Coton, S.A.E",director,0,,,,21,901
5505,1950,P01291,Rossano Charles,Rossano Charles,,,C02439,Import & Export,Import & Export,director,0,,,,21,901
5506,1950,P01292,Rossano Fernand,Rossano Fernand,,,C01534,Egyptian Cotton & Trading Co,Egyptian Cotton & Trading Co,director,0,,,,21,902
5507,1950,P01293,Rossetto Victor,Rossetto Victor,,,C01864,Sociétés,Sociétés,director,0,,,,21,902
5508,1950,P01294,Rouchdy Ahmed,Rouchdy Ahmed Bey,bey,,C00355,The Egyptian General Omnibus Co,Egyptian General Omnibus Co,director,0,,,,21,902
5509,1950,P01294,Rouchdy Ahmed,Rouchdy Ahmed Bey,bey,,C02839,dans la Sté. d'Entreprises Ahmed Abboud & Co,dans la Sté. d'Entreprises Ahmed Abboud & Co,member,0,,,,21,902
5510,1950,P01294,Rouchdy Ahmed,Rouchdy Ahmed Bey,bey,,C02839,dans la Sté. d'Entreprises Ahmed Abboud & Co,dans la Sté. d'Entreprises Ahmed Abboud & Co,partner,0,,,,21,902
5511,1950,P01295,Rouchdy Mohamed,Rouchdy Mohamed Bey,bey,,C00032,Banque Misr,Banque Misr,managing_director,0,,,,21,902
5512,1950,P01295,Rouchdy Mohamed,Rouchdy Mohamed Bey,bey,,C02166,-Dél. Sté. Misr Théâtre et Cinéma,-Dél. Sté. Misr Théâtre et Cinéma,president,0,,,,21,902
5513,1950,P01295,Rouchdy Mohamed,Rouchdy Mohamed Bey,bey,,C02166,-Dél. Sté. Misr Théâtre et Cinéma,-Dél. Sté. Misr Théâtre et Cinéma,director,0,,,,21,902
5514,1950,P01295,Rouchdy Mohamed,Rouchdy Mohamed Bey,bey,,C02800,The Misr Concrete Development Co. et Sté. Misr Produits Pharmaceutiques S.A.E,The Misr Concrete Development Co. et Sté. Misr Produits Pharmaceutiques S.A.E,president,0,,,,21,902
5515,1950,P01295,Rouchdy Mohamed,Rouchdy Mohamed Bey,bey,,C02461,MISRAIR,MISRAIR,managing_director,0,,,,21,902
5516,1950,P01295,Rouchdy Mohamed,Rouchdy Mohamed Bey,bey,,C02461,MISRAIR,MISRAIR,general_manager,0,,,,21,902
5517,1950,P01295,Rouchdy Mohamed,Rouchdy Mohamed Bey,bey,,C01802,Société Egyptienne pour le Tannage,Société Egyptienne pour le Tannage,director,0,,,,21,902
5518,1950,P01295,Rouchdy Mohamed,Rouchdy Mohamed Bey,bey,,C01627,"Industrie du Cuir, S.A.E",Industrie du Cuir S.A.E,director,0,,,,21,902
5519,1950,P01295,Rouchdy Mohamed,Rouchdy Mohamed Bey,bey,,C01509,la. Société Coopérative Commerciale de Crédit,Coopérative Commerciale de Crédit,director,0,,,,21,902
5520,1950,P01295,Rouchdy Mohamed,Rouchdy Mohamed Bey,bey,,C00064,Crédit Agricole d'Egypte,Crédit Agricole d'Egypte,director,0,,,,21,902
5521,1950,P02040,Russi W. F,Russi W. F,,,C01488,Commercial & Agency Cy. of Egypt Ltd,Commercial & Agency Cy. of Egypt,director,0,,,,21,902
5522,1950,P00132,Rom François,Rustom François P,,,C00541,Société Egyptienne de Placements,Société Egyptienne de Placements,president,0,,,,21,902
5523,1950,P00132,Rom François,Rustom François P,,,C00334,Crédit,Crédit,president,0,,,,21,902
5524,1950,P00132,Rom François,Rustom François P,,,C02730,Sté. Générale Immobilière,Sté. Générale Immobilière,president,0,,,,21,902
5525,1950,P02041,Rustom Paul,Rustom Paul,,,C02730,Sté. Générale Immobilière,Sté. Générale Immobilière,director,0,,,,21,902
5526,1950,P02042,Rutim~yer R. L,Rutim~yer R. L,,,C00698,"The Nile Ginning Co., S.A.E. (Minia). s",Nile Ginning Co. S.A.E. (Minia),managing_director,0,,,,21,902
5527,1950,P01298,Rye Edward,Rye Edward,,,C01698,Orient Linen Industry,Orient Linen Industry. s,director,0,,,,21,902
5528,1950,P00526,Saab Comte Aziz de,Saab Comte Aziz de,,,C00086,The Gharbieh Land Co,The Gharbieh Land Co,director,0,,,,21,902
5529,1950,P00526,Saab Comte Aziz de,Saab Comte Aziz de,,,C00027,"The Associated Cotton Gin· ners of Egypt, Ltd",The Associated Cotton Ginners of Egypt Ltd,director,0,,,,21,902
5530,1950,P00527,Saab Comte Sélim de,Saab Comte Sélim de,,,C00231,Union Foncière d'Egypte,Union foncière d'Egypte,director,0,,,,21,902
5531,1950,P02043,Saad Alexandre C,Saad Alexandre C,,,C02043,Transport & Engineering Cy,Transport & Engineering Cy,director,0,,,,21,902
5532,1950,P02043,Saad Alexandre C,Saad Alexandre C,,,C02013,The New National Trading,The New National Trading,director,0,,,,21,902
5533,1950,P02044,Saad Antoun,Saad Antoun,,,C02749,"Sté. des Engrais Organiques, S.A.E","Sté. des Engrais Organiques, S.A.E",director,0,,,,21,902
5534,1950,P02045,Saad el Labbane Bey Député,Saad el Labbane Bey Député,,,C01469,"Chemical, Industrial & Trading Gy","Chemical, Industrial & Trading Cy",director,0,,,,21,903
5535,1950,P02046,Saad Wadie,Saad Wadie,,,C02043,Transport & Engineering Cy,Transport & Engineering Cy,managing_director,0,,,,21,903
5536,1950,P00528,Sabri Yacoub,Sabri Yacoub Bey,bey,,C00086,The Gharbieh Land Co,Gharbieh Land Co,director,0,,,,21,903
5537,1950,P00529,Sabry Chérif,S.E. Sabry Chérif Pacha,pasha,s.e.,C02717,Sté. Eg. d'Engrais,Sté. Eg. d'Engrais,president,0,,,,21,903
5538,1950,P00529,Sabry Chérif,S.E. Sabry Chérif Pacha,pasha,s.e.,C02447,Industries Chimiques,Industries Chimiques,president,0,,,,21,903
5539,1950,P00529,Sabry Chérif,S.E. Sabry Chérif Pacha,pasha,s.e.,C02517,Nile Insurance Co,Nile Insurance Co,president,0,,,,21,903
5540,1950,P00529,Sabry Chérif,S.E. Sabry Chérif Pacha,pasha,s.e.,C01571,Farghaly Cotton & Investment Cy,Farghaly Cotton & Investment Cy,vice_president,0,,,,21,903
5541,1950,P00529,Sabry Chérif,S.E. Sabry Chérif Pacha,pasha,s.e.,C00102,National Bank of Egypt,National Bank of Egypt,director,0,,,,21,903
5542,1950,P00529,Sabry Chérif,S.E. Sabry Chérif Pacha,pasha,s.e.,C01476,Cie. Universelle du Canal Maritime de Suez,Cie. Universelle du Canal Maritime de Suez,director,0,,,,21,903
5543,1950,P00529,Sabry Chérif,S.E. Sabry Chérif Pacha,pasha,s.e.,C00056,Société Anonyme des Eaux du Caire,Société Anonyme des Eaux du Caire,director,0,,,,21,903
5544,1950,P00529,Sabry Chérif,S.E. Sabry Chérif Pacha,pasha,s.e.,C00054,Compagnie Frigorifique d'Egypte,Compagnie Frigorifique d'Egypte,director,0,,,,21,903
5545,1950,P00529,Sabry Chérif,S.E. Sabry Chérif Pacha,pasha,s.e.,C01788,Société Egyptienne de Ciment Portland Tourah,Société de Ciment Portland Tourah,director,0,,,,21,903
5546,1950,P02047,Sabry Fathi,Sabry Fathi Bey,bey,,C01550,Egyptian Rubber & Shoes Industry,Egyptian Rubber & Shoes Industries,managing_director,0,,,,21,903
5547,1950,P00530,Sabry Hussein,S.E. Sabry Hussein Pacha,pasha,s.e.,C02594,"Société Egyptienne de Constructions, S.A.E. (Egyco)","Société Egyptienne de Constructions, S.A.E. (Egyco)",president,0,,,,21,903
5548,1950,P00530,Sabry Hussein,S.E. Sabry Hussein Pacha,pasha,s.e.,C01143,The Kafr El Zayat Cotton Co,The Kafr El Zayat Cotton Co,president,0,,,,21,903
5549,1950,P00530,Sabry Hussein,S.E. Sabry Hussein Pacha,pasha,s.e.,C01694,The North East Africa Trading Cy,The North East Africa Trading Cy. S.A.E,president,0,,,,21,903
5550,1950,P02048,Vice-Président de The Khedivial Mail Line,Vice-Président de The Khedivial Mail Line,,,C01652,Marsa Matrouh Salt & Potash Cy,Marsa Matrouh Salt & Potash Cy,president,0,,,,21,903
5551,1950,P02048,Vice-Président de The Khedivial Mail Line,Vice-Président de The Khedivial Mail Line,,,C02452,Josy Filin,Josy Filin,director,0,,,,21,903
5552,1950,P01302,Sachs Freddy,Sachs Freddy,,,C02747,Sté. de Crédit,Sté. de Crédit,vice_president,0,,,,21,903
5553,1950,P01302,Sachs Freddy,Sachs Freddy,,,C02273,Commerce et Moulins Al Mahmoudieh,Commerce et Moulins Al Mahmoudieh,vice_president,0,,,,21,903
5554,1950,P02049,Saddik Aida,Saddik Aida,,,C02699,"Sté, «SOTRAC»","Sté, «SOTRAC»",director,0,,,,21,903
5555,1950,P01303,Saddik Hassan,Saddik Hassan,,,C02711,Sté. Commerciale et Financière «Al Masria)),Sté. Commerciale et Financière «Al Masria»,director,0,,,,21,903
5556,1950,P02050,Officier Couronne Belge,Officier Couronne Belge,,,C01624,Import & Export Bank of Egypt,Import & Export Bank of Egypt S.A.E,president,0,,,,21,903
5557,1950,P02050,Officier Couronne Belge,Officier Couronne Belge,,,C01624,Import & Export Bank of Egypt,Import & Export Bank of Egypt S.A.E,managing_director,0,,,,21,903
5558,1950,P02050,Officier Couronne Belge,Officier Couronne Belge,,,C02269,Clo.thing & Equipment Co,Clo.thing & Equipment Co,president,0,,,,21,903
5559,1950,P02050,Officier Couronne Belge,Officier Couronne Belge,,,C01535,Egyptian Cotton & Trading Cy,Egyptian Cotton & Trading Cy,vice_president,0,,,,21,903
5560,1950,P02050,Officier Couronne Belge,Officier Couronne Belge,,,C01674,National Metal Industries,National Metal Industries,director,0,,,,21,903
5561,1950,P02050,Officier Couronne Belge,Officier Couronne Belge,,,C01656,Misr Car and Engineering Co,Misr Car and Engineering Co,director,0,,,,21,903
5562,1950,P00808,Ancien Ministre Ancien Sénateur,S.E. Sadek Wahba Pacha Sénateur,,s.e.,C01450,"Beida Dyers, S.A.E","Beida Dyers, S.A",vice_president,0,,,,21,903
5563,1950,P00808,Ancien Ministre Ancien Sénateur,S.E. Sadek Wahba Pacha Sénateur,,s.e.,C00667,"The Egyptian Copper Works, S.A.E",The Egyptian Copper Works S.A.E,president,0,,,,21,903
5564,1950,P00808,Ancien Ministre Ancien Sénateur,S.E. Sadek Wahba Pacha Sénateur,,s.e.,C02382,Egyptian Shipping Co,Egyptian Shipping Cy,director,0,,,,21,903
5565,1950,P00808,Ancien Ministre Ancien Sénateur,S.E. Sadek Wahba Pacha Sénateur,,s.e.,C01818,Société Misr de Filature,Société Misr de Filature,director,0,,,,21,903
5566,1950,P00808,Ancien Ministre Ancien Sénateur,S.E. Sadek Wahba Pacha Sénateur,,s.e.,C02036,Tissage Fin en Coton Egyptien (Usines Kafr El Dawar),Tissage Fin en Coton Egyptien (Usines Kafr El Dawar),director,0,,,,21,903
5567,1950,P00808,Ancien Ministre Ancien Sénateur,S.E. Sadek Wahba Pacha Sénateur,,s.e.,C00102,National Bank of Egypt,National Bank of Egypt,director,0,,,,21,903
5568,1950,P00808,Ancien Ministre Ancien Sénateur,S.E. Sadek Wahba Pacha Sénateur,,s.e.,C01833,Société Misr pour le Théâtre et le Cinéma,Société Misr pour le Théâtre et le Cinéma,director,0,,,,21,903
5569,1950,P00808,Ancien Ministre Ancien Sénateur,S.E. Sadek Wahba Pacha Sénateur,,s.e.,C01818,Société Misr de Filature,Société Misr de Filature,director,0,,,,21,903
5570,1950,P00808,Ancien Ministre Ancien Sénateur,S.E. Sadek Wahba Pacha Sénateur,,s.e.,C02038,"Tissage, S.A.E",Tissage S.A.E,director,0,,,,21,903
5571,1950,P02051,Sadek Mahmoud Younes,S.E. Sadek Mahmoud Younes Pacha,pasha,s.e.,C02532,Provident Ass. of Egypt,Provident Ass. of Egypt,president,0,,,,21,904
5572,1950,P00532,Sadik Henein,S.E. Saddik Henein Pacha,pasha,s.e.,C00468,S.A. des Eaux du Caire,S.A. des Eaux du Caire,managing_director,0,,,,21,904
5573,1950,P00532,Sadik Henein,S.E. Saddik Henein Pacha,pasha,s.e.,C00054,Compagnie Frigorifique d'Egypte,Compagnie Frigorifique d'Egypte,managing_director,0,,,,21,904
5574,1950,P00532,Sadik Henein,S.E. Saddik Henein Pacha,pasha,s.e.,C00102,National Bank of Egypt,National Bank of Egypt,director,0,,,,21,904
5575,1950,P00532,Sadik Henein,S.E. Saddik Henein Pacha,pasha,s.e.,C01850,Société de Cigarettes Nestor Gianaclis,Société de Cigarettes Nestor Gianaclis,president,0,,,,21,904
5576,1950,P02052,Said Mahmoud,S.E. Said Mahmoud Bey,bey,s.e.,C02231,Banque Belge et Egyptian Engineering Stores,Banque Belge et Egyptian Engineering Stores,director,0,,,,21,904
5577,1950,P02053,Saikali Fouad,Saikali Fouad,,,C02519,Nile Works Co,Nile Works Co,president,0,,,,21,904
5578,1950,P01306,Sakellarios Nicolas,Sakellarios Nicolas,,,C01634,Jardins et Vignobles d'Egypte,Jardins et Vignobles d'Egypte,director,0,,,,21,904
5579,1950,P01307,Salah el Dîne El Chourbagui·,Salah el Dine El Chourbagui,,,C01883,Sté. Al Chark pour la Filature et le Tissage,Sté. Al Chark pour la Filature et le Tissage,director,0,,,,21,904
5580,1950,P02054,Salama Marcel,Salama Marcel,,,C00426,"The National Ginning Co. of Egypt, S.A.E",National Ginning Co. of Egypt,director,0,,,,21,904
5581,1950,P01308,Salama Marco,Salama Marco,,,C00413,"Maison « Les Fils de Zaketto Salama& Co. """,Maison «Les Fils de Zaketto Salama & Co.»,manager,0,,,,21,904
5582,1950,P01308,Salama Marco,Salama Marco,,,C00371,"General Society for Banking, Trading & Land Enterprises, S.A.E","General Society for Banking, Trading and Land Enterprises. SAE",director,0,,,,21,904
5583,1950,P01309,Salama Max J,Salama Max J,,,C01447,Behrend Commercial Cy,Behrend Commercial Cy,managing_director,0,,,,21,904
5584,1950,P01309,Salama Max J,Salama Max J,,,C00391,Industrie Meunière d'Alexandrie,Industrie Meunière d'Alexandrie,director,0,,,,21,904
5585,1950,P00537,Salama Salvatore,Salama Salvatore,,,C00445,Rosetta & Alexandria Rice Mills,Rosetta & Alexandria Rice Mills,president,0,,,,21,904
5586,1950,P00537,Salama Salvatore,Salama Salvatore,,,C00445,Rosetta & Alexandria Rice Mills,Rosetta & Alexandria Rice Mills,managing_director,0,,,,21,904
5587,1950,P00537,Salama Salvatore,Salama Salvatore,,,C01447,Behrend Commercial Cy,Behrend Commercial Cy,president,0,,,,21,904
5588,1950,P00537,Salama Salvatore,Salama Salvatore,,,C02052,Usines Réunies d'Egrenage,Usines Réunies d'Egrenage,president,0,,,,21,904
5589,1950,P00537,Salama Salvatore,Salama Salvatore,,,C01615,Huileries,Huileries,president,0,,,,21,904
5590,1950,P00537,Salama Salvatore,Salama Salvatore,,,C01624,Import & Export Bank of Egypt,Import & Export Bank of Egypt,vice_president,0,,,,21,904
5591,1950,P00537,Salama Salvatore,Salama Salvatore,,,C00162,Société Egyptienne de la Bourse Commerciale de Minet El Bassal,Société Egyptienne de la Bourse Commerciale de Minet El Bassal,director,0,,,,21,904
5592,1950,P00537,Salama Salvatore,Salama Salvatore,,,C01790,Société Egyptienne de Conserves alimentaires,Société Egyptienne de Conserves alimentaires,president,0,,,,21,904
5593,1950,P00537,Salama Salvatore,Salama Salvatore,,,C01425,Anglo-Egyptian Soap .& Edible Products,Anglo-Egyptian Soap & Edible Products,director,0,,,,21,904
5594,1950,P02055,Salem Albert,Salem Albert,,,C00467,S.A. des Drogueries d'Egypte,S.A. des Drogueries d'Egypte,managing_director,0,,,,21,904
5595,1950,P01310,Salem Maurice O,Salem Maurice O,,,C01759,Soc. d'Avances Commerciales,Soc. d'Avances Commerciales,director,0,,,,21,904
5596,1950,P01310,Salem Maurice O,Salem Maurice O,,,C01609,Grands Magasins Chemla,Grands Magasins Chemla,director,0,,,,21,904
5597,1950,P00539,Salem Ovadia,Salem Ovadia,,,C01606,Gr. Mag·. Chemla,Gr. Mag. Chemla,vice_president,0,,,,21,904
5598,1950,P00539,Salem Ovadia,Salem Ovadia,,,C00182,Société d'Avances Commerciales,Société d'Avances Commerciales,managing_director,0,,,,21,904
5599,1950,P00539,Salem Ovadia,Salem Ovadia,,,C00467,S.A. des Drogueries d'Egypte,S.A. des Drogueries d'Egypte,director,0,,,,21,904
5600,1950,P00539,Salem Ovadia,Salem Ovadia,,,C01832,Société Misr pour le Lin,·Société Misr pour le Lin,director,0,,,,21,904
5601,1950,P00539,Salem Ovadia,Salem Ovadia,,,C01836,Société Misr pour les Huiles,Société Misr pour les Huiles,director,0,,,,21,904
5602,1950,P00539,Salem Ovadia,Salem Ovadia,,,C02575,Sid i Salem,Sid i Salem,director,0,,,,21,904
5603,1950,P00539,Salem Ovadia,Salem Ovadia,,,C01911,Sté. Industrielle du Moyen Orient,Sté. Industrielle du Moyen-Orient,director,0,,,,21,904
5604,1950,P02056,Salfati Cesare,Salfati Cesare,,,C02159,-Dél. Egyptian Flax & Textile Cy,-Dél. Egyptian Flax & Textile Cy,director,0,,,,21,904
5605,1950,P02056,Salfati Cesare,Salfati Cesare,,,C00126,S. A. des Immeubles de l'Est,S.A. Immeubles de l'Est,director,0,,,,21,904
5606,1950,P02057,Salib Hanna El Agami,Salib Hanna El Agami,,,C02239,Banque Suarès,Banque Suarès,director,0,,,,21,904
5607,1950,P02058,Salloum Armando,Salloum Armando,,,C02329,Dél. Manufacture des Textiles Egyptiens «Matexa»,Dél. Manufacture des Textiles Egyptiens «Matexa»,director,0,,,,21,905
5608,1950,P02059,Salloum Orlando,Salloum Orlando,,,C02329,Dél. Manufacture des Textiles Egyptiens «Matexa»,Dél. Manufacture des Textiles Egyptiens «Matexa»,director,0,,,,21,905
5609,1950,P02060,Salmona Mayer,Salmona Mayer,,,C02221,Anglo Continental Cotton Co,Anglo Continental Cotton Co,director,0,,,,21,905
5610,1950,P00136,Salvago Constantin M,Salvago Constantin M,,,C00052,Communauté Hellénique d'Alexandrie,Communauté Hellénique d'Alexandrie,vice_president,0,,,,21,905
5611,1950,P00136,Salvago Constantin M,Salvago Constantin M,,,C00139,Société Anonyme de Nettoyage et Pressage du Coton,Société Anonyme de Nettoyage et Pressage de Coton,vice_president,0,,,,21,905
5612,1950,P02061,Samaan EJnile Michel,Samaan EJnile Michel,,,C02305,Dar el Hilal,Dar el Hilal,director,0,,,,21,905
5613,1950,P02062,Samakiah Mohamed Kamel,Samakiah Mohamed Kamel,,,C02641,Sté. Arabe Filature et Tissage,Sté Arabe Filature et Tissage,director,0,,,,21,905
5614,1950,P02063,Samakiah Mohamed Khairy,Samakiah Mohamed Khairy,,,C02641,Sté. Arabe Filature et Tissage,Sté. Arabe Filature et Tissage,director,0,,,,21,905
5615,1950,P02064,Samakiah,Samakiah,,,C02587,Société Arabe de Filature,Société Arabe de Filature,president,0,,,,21,905
5616,1950,P02064,Samakiah,Samakiah,,,C02815,Tissage,Tissage,president,0,,,,21,905
5617,1950,P00856,Abdel Latif Moussa,Sameh Moussa,,,C01539,Egyptian Engineering & Marine Cy,Egyptian Engineering and Marine Co,director,0,,,,21,905
5618,1950,P02065,Sami Fanons,Sami Fanons Bey,bey,,C01915,Sté. Misr pour les Fourrages,Sté. Misr pour les Fourrages,director,0,,,,21,905
5619,1950,P01311,Sami Off,Sami Off,,,C02701,Sté. Al Chark Filature,Sté. Al Chark Filature,director,0,,,,21,905
5620,1950,P01311,Sami Off,Sami Off,,,C02815,Tissage,Tissage,director,0,,,,21,905
5621,1950,P00440,Peel Col. E. T,Samson Col. A.O,,,C00129,"S.A. de Nettoyage et Pressage de Coton, S.A.E",S.A. Nettoyage et Pressage Coton,managing_director,0,,,,21,905
5622,1950,P02066,Sandalian Stepan Aram,Sandalian Stepan Aram,,,C02750,"Sté. des Industries du Bâtiment, S.A.E","Sté. des Industries du Bâtiment, S.A.E",director,0,,,,21,905
5623,1950,P02067,Sarantides Alex. A,Sarantides Alex. A,,,C00127,S.A. des Presses Libres Egyptiennes,S.A. Presses Libres Egyptiennes,director,0,,,,21,905
5624,1950,P01314,Sariyanni Demosthène A,Sariyanni Demosthène A,,,C01471,Choremi Benachi Cotton Gy,Choremi Benachi Cotton Cy,director,0,,,,21,905
5625,1950,P01315,Sarofim Shalaby,Sarofim Shalaby Bey,bey,,C01624,Import & Export Bank of Egypt,Import and Export Bank of Egypt,director,0,,,,21,905
5626,1950,P01315,Sarofim Shalaby,Sarofim Shalaby Bey,bey,,C02859,solidairement responsable de la <<Société Générale Egyptienne pour le Commerce,solidairement responsable de la <<Société Générale Egyptienne pour le Commerce,partner,0,,,,21,905
5627,1950,P01315,Sarofim Shalaby,Sarofim Shalaby Bey,bey,,C02448,Industrie» (Shalaby Saro- fim & Co.). ',Industrie» (Shalaby Saro- fim & Co.). ',partner,0,,,,21,905
5628,1950,P01671,Sarofim Farès,Sarofim Farès Bey,bey,,C02817,Trading Corp. of Egypt,Trading Corp. of Egypt,director,0,,,,21,905
5629,1950,P02068,Sarris G. G,Sarris G. G,,,C02649,Sté. Cotonnière d'Egypte,Sté. Cotonnière d'Egypte,director,0,,,,21,905
5630,1950,P02068,Sarris G. G,Sarris G. G,,,C02649,Sté. Cotonnière d'Egypte,Sté. Cotonnière d'Egypte,manager,0,,,,21,905
5631,1950,P02069,Sarruf Néguib,Sarruf Néguib Bey,bey,,C02571,Salvage and Marine Cy. of,Salvage and Marine Cy. of,director,0,,,,21,905
5632,1950,P02070,Sassoli,Sassoli,,,C02567,SAIDE,SAIDE,director,0,,,,21,905
5633,1950,P02071,Sasson Maurice,Sasson Maurice,,,C02222,Anglo Continental Cotton Cy,Anglo Continental Cotton Cy,managing_director,0,,,,21,905
5634,1950,P01316,Savon G. L,Savon G. L,,,C00233,United Egyptian Salt Ltd,United Egyptian Salt Ltd,managing_director,0,,,,21,905
5635,1950,P01316,Savon G. L,Savon G. L,,,C00233,United Egyptian Salt Ltd,United Egyptian Salt Ltd,director,0,,,,21,905
5636,1950,P01316,Savon G. L,Savon G. L,,,C02095,"la«Almina>>,S.A.E","«Almina», S.A.E.»",director,0,,,,21,905
5637,1950,P00542,Saxby Ch. W,Saxby Ch. H,,,C02625,"Société des Autobus du Nord, S.A.E. de la Société des Omnibus de Fayoum","Société des Autobus du Nord, S.A.E. de la Société des Omnibus de Fayoum",director,0,,,,21,906
5638,1950,P00542,Saxby Ch. W,Saxby Ch. H,,,C00600,Société des Autobus du Caire,Société des Autobus du Caire,director,0,,,,21,906
5639,1950,P02072,Sayed El Lozy,Sayed El Lozy Bey,bey,,C01527,The Eastern Electric Cy,Eastern Electric Co,president,0,,,,21,906
5640,1950,P02072,Sayed El Lozy,Sayed El Lozy Bey,bey,,C01527,The Eastern Electric Cy,Eastern Electric Co,managing_director,0,,,,21,906
5641,1950,P02072,Sayed El Lozy,Sayed El Lozy Bey,bey,,C02739,Sté. Misr pour )e Tissage de la Soie,Sté. Misr pour )e Tissage de la Soie,managing_director,0,,,,21,906
5642,1950,P02072,Sayed El Lozy,Sayed El Lozy Bey,bey,,C01816,Société Misr Rayonne,Société Misr pour la Rayonne,director,0,,,,21,906
5643,1950,P02073,El Sayed Mohamed Badraoui Pacha Député,S.E. El Sayed Mohamed Badraoui Pacha Député,,s.e.,C01371,"'Administration de la Société Nationale de Papier, S.A.E","'Administration de la Société Nationale du Papier, S.A.E",council_member,0,,,,21,906
5644,1950,P02073,El Sayed Mohamed Badraoui Pacha Député,S.E. El Sayed Mohamed Badraoui Pacha Député,,s.e.,C01917,Sté. Nationale des Matières Plastiques,Sté. Nationale d~s Matières Plastiques,council_member,0,,,,21,906
5645,1950,P01320,Scamvouyeras Panayotti,Scamvouyeras Panayotti,,,C01634,Jardins et Vignobles d'Egypte,Jardins et Vignobles d'Egypte,director,0,,,,21,906
5646,1950,P01321,Schaechter H,Schaechter H,,,C02261,Chemical Industries Develop- ment,Chemical Industries Develop- ment,director,0,,,,21,906
5647,1950,P01321,Schaechter H,Schaechter H,,,C02261,Chemical Industries Develop- ment,Chemical Industries Develop- ment,general_manager,0,,,,21,906
5648,1950,P02074,Schaller Roger,Schaller Roger,,,C02192,"Adjoint «La Nationale» Crédit et Réassurances, Paris","Adjoint «La Nationale» Crédit et Réassurances, Paris",manager,0,,,,21,906
5649,1950,P02075,Scharff Walter,Scharff Walter,,,C02488,«Moharrem Press»,«Moharrem Press»,president,0,,,,21,906
5650,1950,P02075,Scharff Walter,Scharff Walter,,,C02488,«Moharrem Press»,«Moharrem Press»,managing_director,0,,,,21,906
5651,1950,P02075,Scharff Walter,Scharff Walter,,,C02488,«Moharrem Press»,«Moharrem Press»,manager,0,,,,21,906
5652,1950,P02075,Scharff Walter,Scharff Walter,,,C02617,Société Nationale du Papier,Société Nationale du Papier,director,0,,,,21,906
5653,1950,P01322,Schasca O,Schasca O,,,C00299,Banque de Commerce N. Tepeghiosi & Co,Banque de Commerce N. Tepeghiosi & Co,manager,0,,,,21,906
5654,1950,P02076,Schehada Albert,Schehada Albert,,,C02733,Sté. Générale de Travaux,Sté. Générale de Travaux,managing_director,0,,,,21,906
5655,1950,P02077,Schehada Fouad,Schehada Fouad,,,C02731,Sté. Générale de,Sté. Générale de,president,0,,,,21,906
5656,1950,P02077,Schehada Fouad,Schehada Fouad,,,C02731,Sté. Générale de,Sté. Générale de,managing_director,0,,,,21,906
5657,1950,P02078,Schemeil Raymond Me,Schemeil Raymond Me,,,C00128,S.A. du Béhéra,S.A. du Béhéra,director,0,,,,21,906
5658,1950,P02078,Schemeil Raymond Me,Schemeil Raymond Me,,,C00069,Delta Trading Co,Delta Trading Co,director,0,,,,21,906
5659,1950,P02078,Schemeil Raymond Me,Schemeil Raymond Me,,,C02196,"Ahram, S.A.E","Ahram, S.A.E",director,0,,,,21,906
5660,1950,P02078,Schemeil Raymond Me,Schemeil Raymond Me,,,C01742,S.A.E. de Métallurgie,S.A.E. de Métallurgie,director,0,,,,21,906
5661,1950,P02078,Schemeil Raymond Me,Schemeil Raymond Me,,,C00088,Gérance Immobilière,Gérance Immobilière,director,0,,,,21,906
5662,1950,P01324,Schmidheiny Ernst,Schmidheiny Ernst,,,C00118,S.E. de Ciment Portland Tourah,S.E. de Ciment Porland Tourah,director,0,,,,21,906
5663,1950,P00794,Schmidheiny Max,Schmidheiny Max,,,C01788,Société Egyptienne de Ciment Portland Tourah,Société Egyptienne de Ciment Portland Tourah,managing_director,0,,,,21,906
5664,1950,P01326,Schoenman Juljan,Schoenman Juljan,,,C02554,S.A.E. Moulins «Al Mahmou- dieh»,S.A.E. Moulins «Al Mahmou- dieh»,director,0,,,,21,906
5665,1950,P01327,Sc::houten Fernand,Schoùten Fernand,,,C02425,"Gevaert Orient, S.A.E","Gevaert-Orient, S.A.E",director,0,,,,21,906
5666,1950,P02079,Schuller Edouard,Schuller Edouard,,,C00693,"The Manure Co. of Egypt, S.A",Manure Co. of Egypt,director,0,,,,21,906
5667,1950,P00795,Scott Frank Douglas,Scott Frank Douglas,,,C01902,Sté. Egyptienne des Bois d Matériaux ( SEBEM),Sté Egyptienne des Bois et Matériaux «SEBEM»,director,0,,,,21,906
5668,1950,P02080,Scovil W. G,Scovil W. G,,,C02513,«Nestor Gianaclis (Agricultural & Commercial) Limited,Nestor Gianaclis Agricultural & Commercial Cy,director,0,,,,21,906
5669,1950,P02081,Sebahi Abdel Hamid,Sebahi Abdel Hamid,,,C02674,Sté. Industrielle «Spahi» de Filés et Textile s,Sté Industrielle «Spahi» de Filés et Textiles,director,0,,,,21,906
5670,1950,P02082,Sebahi Loutfi,Sebahi Loutfi,,,C02165,-Dél. Sté. Industrielle «Spahi» de Filés et Textiles,-Dél. Sté. Industrielle «Spahi» de Filés et Textiles,director,0,,,,21,907
5671,1950,P02083,Sebahi Moustapha,Sebahi Moustapha,,,C02674,Sté. Industrielle «Spahi» de Filés et Textile s,Sté. Industrielle «Spahi» de Filés et Textiles,president,0,,,,21,907
5672,1950,P02084,Sebahi Taher,Sebahi Taher,,,C02674,Sté. Industrielle «Spahi» de Filés et Textile s,Sté. Industrielle «Spahi» de Filés et Textile s,vice_president,0,,,,21,907
5673,1950,P02085,Seddik Ahmed,S.E. Seddik Ahmed Pacha,pasha,s.e.,C02851,fOffice des Territoires Occupés ou Contrôlés)· Grand Officier de la Couronne de Belgique,fOffice des Territoires Occupés ou Contrôlés)· Grand Officier de la Couronne de Belgique,general_manager,0,,,,21,907
5674,1950,P02085,Seddik Ahmed,S.E. Seddik Ahmed Pacha,pasha,s.e.,C01539,Egyptian Engineering & Marine Cy,The Egyptian Engineering & Marine Cy,president,0,,,,21,907
5675,1950,P02085,Seddik Ahmed,S.E. Seddik Ahmed Pacha,pasha,s.e.,C00215,The Electric Light & Power Supply Cy,The Electric Light & Power Supply Cy,president,0,,,,21,907
5676,1950,P02085,Seddik Ahmed,S.E. Seddik Ahmed Pacha,pasha,s.e.,C02382,Egyptian Shipping Co,Egyptian Shipping Co,managing_director,0,,,,21,907
5677,1950,P02085,Seddik Ahmed,S.E. Seddik Ahmed Pacha,pasha,s.e.,C02183,AIRMEC,Airmec,director,0,,,,21,907
5678,1950,P02085,Seddik Ahmed,S.E. Seddik Ahmed Pacha,pasha,s.e.,C01636,Josy Film,Josy Film,director,0,,,,21,907
5679,1950,P01329,Sedky Aziz,Sedky Aziz Bey,bey,,C02390,Etab. Giacomo Cohen ca,Etab. Giacomo Cohen ca,director,0,,,,21,907
5680,1950,P02086,Sednaoui Joseph,S.E. Sednaoui Joseph Pacha,pasha,s.e.,C02525,Orient Linen Industry Partner de la Maison S. & S. Sednaoui Ltd,Orient Linen Industry Partner de la Maison S. & S. Sednaoui Ltd,director,0,,,,21,907
5681,1950,P01332,Sekaly Achille,Sekaly Achille Bey,bey,,C01553,Egyptian Sisal Manufacturing Cy,Egyptian Sisal Manufacturing Cy,managing_director,0,,,,21,907
5682,1950,P01332,Sekaly Achille,Sekaly Achille Bey,bey,,C01550,Egyptian Rubber & Shoes Industry,Egyptian Rubber & Shoes Industry,director,0,,,,21,907
5683,1950,P01332,Sekaly Achille,Sekaly Achille Bey,bey,,C01695,Nouveaux Hôtels d'Egypte,Nouveaux Hôtels d'Egypte,director,0,,,,21,907
5684,1950,P02087,Sélhq Ahmed,Sélhq Ahmed Bey,bey,,C02837,"au Ministère des Finances, Ancien Alternate Governor for International Bank for Reconstruction and Development","au Ministère des Finances, Ancien Alternate Governor for International Bank for Reconstruction and Development",general_manager,0,,,,21,907
5685,1950,P02087,Sélhq Ahmed,Sélhq Ahmed Bey,bey,,C02572,Secrétaire Général Banque Belge,Secrétaire Général Banque Belge,director,0,,,,21,907
5686,1950,P02087,Sélhq Ahmed,Sélhq Ahmed Bey,bey,,C02409,"Filature Nationale, Sté. Immobilière Masr el Guedida, Chemlar Banque Industrielle","Filature Nationale, Sté. Immobilière Masr el Guedida, Chemlar Banque Industrielle",director,0,,,,21,907
5687,1950,P01333,Sellas André,Sellas André,,,C00373,The Gharbieh Ginning Co,Gharbieh Gin- / ning Co,director,0,,,,21,907
5688,1950,P02088,Senaity Maître Adly El,Senaity Maître Adly El,,,C02214,Alexandria Textile Co,Alexandria Textile Co,director,0,,,,21,907
5689,1950,P02089,Setton A. C,Setton A. C,,,C00215,The Electric Light & Power Supply Cy,Electric Light & Power Supply,director,0,,,,21,907
5690,1950,P01334,Setton César J,Setton César J,,,C02412,Fish and Produce Assoc. of Egypt,Fish and Produce Assoc. of Egypt,president,0,,,,21,907
5691,1950,P01334,Setton César J,Setton César J,,,C02418,«Gerco»,GERCO,director,0,,,,21,907
5692,1950,P01334,Setton César J,Setton César J,,,C01877,Sté. Agr. et Urbaine «Le Fayoum». ·,Sté. Agr. et Urbaine «Le Fayoum»,director,0,,,,21,907
5693,1950,P02090,Servaye Léon,Servaye Léon,,,C00478,S.A. des Tramways du Caire,S.A. des Tramways du' Caire,managing_director,0,,,,21,907
5694,1950,P02090,Servaye Léon,Servaye Léon,,,C00536,Société Egyptienne d'Electricité,Société Egyptienne d'Electricité,director,0,,,,21,907
5695,1950,P01335,Sevastopulo Ambroise,Sevastopulo Ambroise,,,C01666,Nat. Ins. Co. of Egypt (Ace. Inc. et Risques Divers),Nat. Ins. Co. of Egypt (Ace. Inc. et Risques Divers),managing_director,0,,,,21,907
5696,1950,P02091,Shafferman David,Shafferman David,,,C02351,Eg-yptian Plastics & Electrical Industries,Eg-yptian Plastics & Electrical Industries,president,0,,,,21,907
5697,1950,P02091,Shafferman David,Shafferman David,,,C02351,Eg-yptian Plastics & Electrical Industries,Eg-yptian Plastics & Electrical Industries,managing_director,0,,,,21,907
5698,1950,P02092,Shafferman Harry,Shafferman Harry,,,C02376,"Egyptian Plastics & Electrical Industries, S.A.E",Egyptian Plastics and Electrical Industries,vice_president,0,,,,21,907
5699,1950,P02092,Shafferman Harry,Shafferman Harry,,,C02376,"Egyptian Plastics & Electrical Industries, S.A.E",Egyptian Plastics and Electrical Industries,managing_director,0,,,,21,907
5700,1950,P00551,Shamà Me. André,Shamà Me. André,,,C02343,Dél. de la Sté. Imm. Domaine de Siouf,Dél. de la Sté. Imm. Domaine de Siouf,director,0,,,,21,908
5701,1950,P00551,Shamà Me. André,Shamà Me. André,,,C00371,"General Society for Banking, Trading & Land Enterprises, S.A.E","General Society for Banking, Trading & Land Enterprises S.A.E",director,0,,,,21,908
5702,1950,P00551,Shamà Me. André,Shamà Me. André,,,C02605,Société Généraled'Electricité,Société Généraled'Electricité,director,0,,,,21,908
5703,1950,P00551,Shamà Me. André,Shamà Me. André,,,C00099,Mécanique,Mécanique,director,0,,,,21,908
5704,1950,P01336,Shamsy Aly,S.E. Shamsy Aly Pacha,pasha,s.e.,C00102,National Bank of Egypt,National Bank of Egypt,president,0,,,,21,908
5705,1950,P01336,Shamsy Aly,S.E. Shamsy Aly Pacha,pasha,s.e.,C00468,S.A. des Eaux du Caire,S.A. des Eaux du Caire,president,0,,,,21,908
5706,1950,P01336,Shamsy Aly,S.E. Shamsy Aly Pacha,pasha,s.e.,C00054,Compagnie Frigorifique d'Egypte,Compagnie Frigorifique d'Egypte,president,0,,,,21,908
5707,1950,P01336,Shamsy Aly,S.E. Shamsy Aly Pacha,pasha,s.e.,C01788,Société Egyptienne de Ciment Portland Tourah,Société Egyptienne de Ciment Porland Tourah,director,0,,,,21,908
5708,1950,P02093,Sharples Frank,Sharples Frank,,,C01912,Sté. Misr Rayonne,Sté Misr Rayonne,director,0,,,,21,908
5709,1950,P02094,Sheid F,Sheid F,,,C02690,Sté d'Entreprises Commerciales en Egypte,Sté. Entreprises Commerciales en Egypte,director,0,,,,21,908
5710,1950,P01735,Shenouda Halim,Shenouda Halim,,,C01467,Chemical Industries Cy. <<C.I.C.n,Chemical Industries ( C.I.C.),director,0,,,,21,908
5711,1950,P02095,Sheridan André,Sheridan André,,,C00463,S.A. des Chemins de Fer de la Basse-Egypte,S.A. Chemins de Fer Basse-Egypte,director,0,,,,21,908
5712,1950,P00799,Sheriff Robert,Sheriff Robert,,,C01154,The United Bus Co,The United Bus Co,director,0,,,,21,908
5713,1950,P02096,Sherine Fouad,S.E. Sherine Fouad Pacha,pasha,s.e.,C02362,"Egyptian Arab Bank, S.A.E","Egyptian Arab Bank, S.A.E",director,0,,,,21,908
5714,1950,P02097,Shoucair Frédéric,Shoucair Frédéric,,,C02559,S.A.E. «Al Ahram»,S.A.E. «Al Ahram»,director,0,,,,21,908
5715,1950,P02098,Sicouri Louis,Sicouri Louis,,,C02728,Sté. Gle. Pressage et Dépôts,Sté. Gle. Pressage et Dépôts,president,0,,,,21,908
5716,1950,P02098,Sicouri Louis,Sicouri Louis,,,C02728,Sté. Gle. Pressage et Dépôts,Sté. Gle. Pressage et Dépôts,director,0,,,,21,908
5717,1950,P02099,Sicouri Sam,Sicouri Sam,,,C02221,Anglo Continental Cotton Co,Anglo-Contipental Cotton Co,director,0,,,,21,908
5718,1950,P01329,Sedky Aziz,Sidki Aziz Bey,bey,,C01896,Sté. Eg. des Emballages Economiques,Sté. Eg. Emballages Economiques,director,0,,,,21,908
5719,1950,P00800,Simaika Wassef,S.E. Simaika Wassef Pacha,pasha,s.e.,C00854,'Administration de l'Alex.andria Navigation Co,'Administration de l'Alexandria Navigation Co,council_member,0,,,,21,908
5720,1950,P00800,Simaika Wassef,S.E. Simaika Wassef Pacha,pasha,s.e.,C01957,"Textile de Choubrah, S.A.E","Textile de Choubrah, S.A.E",council_member,0,,,,21,908
5721,1950,P00800,Simaika Wassef,S.E. Simaika Wassef Pacha,pasha,s.e.,C01720,S.A. des Anciens Etablissements D.C.~. Brooks,S.A. des Anciens Etablissements D.C.M. Brooks,council_member,0,,,,21,908
5722,1950,P02100,Simha,Simha,,,C01608,Grands Mag. Chemla,Grands Mag. Chemla,managing_director,0,,,,21,908
5723,1950,P02100,Simha,Simha,,,C01608,Grands Mag. Chemla,Grands Mag. Chemla,manager,0,,,,21,908
5724,1950,P00554,Sinadino Aug. Th,Sinadino Aug. Th,,,C02464,"Maison Choremi, Benachi Cotton Co","Maison Choremi, Benachi Cotton Co",president,0,,,,21,908
5725,1950,P00554,Sinadino Aug. Th,Sinadino Aug. Th,,,C02419,Gabbary Land Co,Gabbary Land Co,vice_president,0,,,,21,908
5726,1950,P00554,Sinadino Aug. Th,Sinadino Aug. Th,,,C01885,Sté. An. des Presses Libres Egyptiennes,Sté. An. des Presses Libres Egyptiennes,director,0,,,,21,908
5727,1950,P00554,Sinadino Aug. Th,Sinadino Aug. Th,,,C00297,Banque d'Athènes,Banque d'Athènes,director,0,,,,21,908
5728,1950,P01338,Sinigaglia Carlo,Sinigaglia Carlo,,,C00449,S.A. des Immeubles d'Egypte,S.A. des Immeubles d'Egypte,director,0,,,,21,908
5729,1950,P01338,Sinigaglia Carlo,Sinigaglia Carlo,,,C02547,S.A. des Chemins de Fer Keneh-Assouan et S.A. Chemins de Fer Basse-Egypte,S.A. des Chemins de Fer Keneh-Assouan et S.A. Chemins de Fer Basse-Egypte,director,0,,,,21,908
5730,1950,P00530,Sabry Hussein,S.E. Sirry Hussein Pacha,pasha,s.e.,C02418,«Gerco»,«Gerco»,president,0,,,,21,908
5731,1950,P00530,Sabry Hussein,S.E. Sirry Hussein Pacha,pasha,s.e.,C02418,«Gerco»,«Gerco»,director,0,,,,21,908
5732,1950,P00530,Sabry Hussein,S.E. Sirry Hussein Pacha,pasha,s.e.,C02753,Sté. «Al Chams» S.A.E,Sté. «Al Chams» S.A.E,president,0,,,,21,908
5733,1950,P00530,Sabry Hussein,S.E. Sirry Hussein Pacha,pasha,s.e.,C02753,Sté. «Al Chams» S.A.E,Sté. «Al Chams» S.A.E,director,0,,,,21,908
5734,1950,P02101,Skakal Vlastimil,Skakal Vlastimil,,,C02254,Centro Commission Al Chark Trading Co,Centro-Commission Al Chark Trading Co,director,0,,,,21,908
5735,1950,P02102,Smelhaus Zdenek,Smelhaus Zdenek,,,C02254,Centro Commission Al Chark Trading Co,Centro Commission Al Chark Trading Co,director,0,,,,21,908
5736,1950,P02103,Smouha Wing Commander Edward R,Smouha Wing Commander Edward R,,,C02251,Carver Cotton Co,Carver Cotton Co,director,0,,,,21,908
5737,1950,P02104,Smouha Ellis H. Mtre,Smouha Ellis H. Mtre,,,C02251,Carver Cotton Co,Carver Cotton Co,vice_president,0,,,,21,908
5738,1950,P01343,Smouha Joseph,Smouha Joseph,,,C01448,Beida,Beida,director,0,,,,21,908
5739,1950,P01344,S.S. le Nabil Soliman Daoud,S.S. le Nabil Soliman Daoud,,,C02461,MISRAIR,MISRAIR,vice_president,0,,,,21,908
5740,1950,P01344,S.S. le Nabil Soliman Daoud,S.S. le Nabil Soliman Daoud,,,C02700,Sté. Agricole «Le Fayoum»,Sté. Agricole «Le Fayoum»,president,0,,,,21,908
5741,1950,P02105,Soliman Bey Osman,Soliman Bey Osman,,,C00076,Egyptian Markets,Egyptian Markets,director,0,,,,21,909
5742,1950,P01345,Sorbara Salvator,Sorbara Salvator,,,C01811,"Société Immobilière de Zamalek, S.A.E","Société Immobilière de Zamalek, S.A.E",director,0,,,,21,909
5743,1950,P02106,Souki Philip D,Souki Philip D,,,C01428,Associated Industries,Associated Industries,managing_director,0,,,,21,909
5744,1950,P02107,Sourour Hassan Me . Député de Manchieh,Sourour Hassan Me . Député de Manchieh,,,C00356,Egyptian Independent Oil Co,The Egyptian Independent Oil Co. S.A.E,director,0,,,,21,909
5745,1950,P02108,Soussa Albert,Soussa Albert,,,C02633,"Sociétés, Industriel","Sociétés, Industriel",director,0,,,,21,909
5746,1950,P02109,Soussa F. G,Soussa F. G,,,C02710,Sté. Commerciale Belgo Egyptienne,Sté. Commerciale Belgo-Egyptienne,director,0,,,,21,909
5747,1950,P02110,Soussi Léon,Soussi Léon,,,C02826,Universal Modern Office Equipment Co. (L. Soussi & Co.),Universal Modern Office Equipment Co. (L. Soussi & Co.),managing_director,0,,,,21,909
5748,1950,P02111,Spathis Ulisse,Spathis Ulisse,,,C02479,"Mineral Water & Wines and Spirits. S.E. Sir C.W. Spinks (Pacha),, Major General (El Ferik) K.B.E","Mineral Water & Wines and Spirits. S.E. Sir C.W. Spinks (Pacha),, Major General (El Ferik) K.B.E",director,0,,,,21,909
5749,1950,P02111,Spathis Ulisse,Spathis Ulisse,,,C00358,"Egyptian \\'orks & Constructions Co., S.A.E",Egyptian Works & Constructions,president,0,,,,21,909
5750,1950,P02111,Spathis Ulisse,Spathis Ulisse,,,C01744,S.A.E. des Chaussures Bata,S.A.E. des Chaussures Bata,president,0,,,,21,909
5751,1950,P02111,Spathis Ulisse,Spathis Ulisse,,,C00667,"The Egyptian Copper Works, S.A.E",The Egyptian Copper Works S.A.E,director,0,,,,21,909
5752,1950,P02112,Spiridis Spiro,Spiridis Spiro,,,C00061,Crown Brewery,«Crown Brewery» S.A.B,managing_director,0,,,,21,909
5753,1950,P02113,Spiteri Mario S,Spiteri Mario S,,,C02218,American Eastern Trading and Shipping Co. S.A.E,American Eastern Trading and Shipping Co. S.A.E,vice_president,0,,,,21,909
5754,1950,P02113,Spiteri Mario S,Spiteri Mario S,,,C02790,The Egyptian Stevedoring & Shipping Go. S.A.E,The Egyptian Stevedoring & Shipping Go. S.A.E,vice_president,0,,,,21,909
5755,1950,P02114,Stagni Giovanni,Stagni Giovanni,,,C02316,Dél. Alexandria Timber Trading Co,Dél. Alexandria Timber Trading Co,director,0,,,,21,909
5756,1950,P02114,Stagni Giovanni,Stagni Giovanni,,,C00028,Banco Italo-Egiziano,Banco Italo-Egiziano,director,0,,,,21,909
5757,1950,P00806,Stiassny Ewald,Stiassny Ewald,,,C01744,S.A.E. des Chaussures Bata,S.A.E. «Chaussures Bata»,director,0,,,,21,909
5758,1950,P00567,Stoffel Arrigo,Stoffel Arrigo,,,C00028,Banco Italo-Egiziano,Banco Italo-Egiziano. ·,manager,0,,,,21,909
5759,1950,P00567,Stoffel Arrigo,Stoffel Arrigo,,,C00028,Banco Italo-Egiziano,Banco Italo-Egiziano. ·,vice_president,0,,,,21,909
5760,1950,P02115,Strens Louis de,Strens Louis de,,,C02702,Sté. An. Agricole et Industrielle,Sté. An. Agricole et Industrielle,director,0,,,,21,909
5761,1950,P02116,Suarès Carlo,Suarès Carlo,,,C02239,Banque Suarès,Banque Suarès,managing_director,0,,,,21,909
5762,1950,P00146,Sultan Dr. Fouad,Sultan Dr. Fouad Bey,bey,,C00036,Banque du Crédit Agricole d'Egypte,"Banque du Crédit Agricole d'Egypte, S.A.E",president,0,,,,21,909
5763,1950,P00146,Sultan Dr. Fouad,Sultan Dr. Fouad Bey,bey,,C00036,Banque du Crédit Agricole d'Egypte,"Banque du Crédit Agricole d'Egypte, S.A.E",director,0,,,,21,909
5764,1950,P00146,Sultan Dr. Fouad,Sultan Dr. Fouad Bey,bey,,C00301,"Banque de Crédit Hypothécaire Agricole d'Egypte, S.A.E","Banque du Crédit Hypothécaire Agricole d'Egypte, S.A.E",president,0,,,,21,909
5765,1950,P00146,Sultan Dr. Fouad,Sultan Dr. Fouad Bey,bey,,C00301,"Banque de Crédit Hypothécaire Agricole d'Egypte, S.A.E","Banque du Crédit Hypothécaire Agricole d'Egypte, S.A.E",director,0,,,,21,909
5766,1950,P00146,Sultan Dr. Fouad,Sultan Dr. Fouad Bey,bey,,C00445,Rosetta & Alexandria Rice Mills,Rosetta & Alexandria Rice Mills,president,0,,,,21,909
5767,1950,P00146,Sultan Dr. Fouad,Sultan Dr. Fouad Bey,bey,,C00445,Rosetta & Alexandria Rice Mills,Rosetta & Alexandria Rice Mills,director,0,,,,21,909
5768,1950,P00146,Sultan Dr. Fouad,Sultan Dr. Fouad Bey,bey,,C00563,"Société Egyptienne pour le Développement et le Commerce des Légumes, Fruits et Fleurs","Société Egyptienne pour le Développement et le Commerce des Légumes, Fruits et Fleurs",president,0,,,,21,909
5769,1950,P00146,Sultan Dr. Fouad,Sultan Dr. Fouad Bey,bey,,C00563,"Société Egyptienne pour le Développement et le Commerce des Légumes, Fruits et Fleurs","Société Egyptienne pour le Développement et le Commerce des Légumes, Fruits et Fleurs",director,0,,,,21,909
5770,1950,P00146,Sultan Dr. Fouad,Sultan Dr. Fouad Bey,bey,,C02606,"Société Hongro-Egyptienne pour le Commerce, S.A","Société Hongro-Egyptienne pour le Commerce, S.A",president,0,,,,21,909
5771,1950,P00146,Sultan Dr. Fouad,Sultan Dr. Fouad Bey,bey,,C02606,"Société Hongro-Egyptienne pour le Commerce, S.A","Société Hongro-Egyptienne pour le Commerce, S.A",director,0,,,,21,909
5772,1950,P00146,Sultan Dr. Fouad,Sultan Dr. Fouad Bey,bey,,C01452,Béni Mazar Urbaine et Rurale,Béni-Mazar Urbaine et Rurale,director,0,,,,21,909
5773,1950,P02117,Sultan Mohamed,Sultan Mohamed Bey,bey,,C01566,Etablissements Industriels pour la Soie et le Coton,Etablissements Industriels pour la Soie et le Coton,president,0,,,,21,909
5774,1950,P01349,Sursocl\ Nicolas Alexandre,Sursock Nicolas Alexandre,,,C00449,S.A. des Immeubles d'Egypte,S.A. des Immeubles d'Egypte,president,0,,,,21,910
5775,1950,P01349,Sursocl\ Nicolas Alexandre,Sursock Nicolas Alexandre,,,C00020,The Alexandria vVater Co. Ltd,Alexandria Water Co,director,0,,,,21,910
5776,1950,P02118,Sursock Victor,Sursock Victor Bey,bey,,C01457,·de la Cairo Agricultural,Cairo Agricultural Cy,director,0,,,,21,910
5777,1950,P00148,Sursock Vladimir,Sursock Vladimir,,,C01143,The Kafr El Zayat Cotton Co,Kafr El Zayat Cotton Co,vice_president,0,,,,21,910
5778,1950,P00148,Sursock Vladimir,Sursock Vladimir,,,C01400,"Abou Zaabal ,& Kafr el Zayat Fertiliser· & Chemieal CY-.. (AKFAC)",Abou Zaabal and Kafr el Zayat Fertiliser & Chemical Cy. (AKFAC),vice_president,0,,,,21,910
5779,1950,P02119,Susu Pacha Major Général Dr. Basile J,S.E. Susu Pacha Major Général Dr. Basile J,,s.e.,C01468,Chemical Industries Development,Chemical Industries Development,vice_president,0,,,,21,910
5780,1950,P02120,Syllaidis Byron D,Syllaidis Byron D,,,C02834,« Wattcoe »,WATTCOE,managing_director,0,,,,21,910
5781,1950,P02121,Tabit Khalil,Tabit Khalil Bey,bey,,C01650,"la. Manufacture Egyptienne de Bonneterie et Tricotage «El Nil», S.A.E",Manufacture Egyptienne de Bonneterie et Tricotage El-Nil S.A.E,president,0,,,,21,910
5782,1950,P01350,Tagher Albert Bey Me,Tagher Albert Bey Me,,,C00711,The Upper Egypt Ginning Co,Upper Egypt Mining Co,director,0,,,,21,910
5783,1950,P01351,Tagher François,Tagher François,,,C01566,Etablissements Industriels pour la Soie et le Coton,«Etablissements Industriels pour la Soie et le Coton»,managing_director,0,,,,21,910
5784,1950,P01351,Tagher François,Tagher François,,,C01359,"Al Chark, Société d'Entreprises Générales",«Al Chark» Sté. d'Entreprises Générales,director,0,,,,21,910
5785,1950,P02122,Tagher Homère,Tagher Homère,,,C01566,Etablissements Industriels pour la Soie et le Coton,Etablissements Industriels Soie et Coton,director,0,,,,21,910
5786,1950,P00572,Tagher Oscar,Tagher Oscar,,,C02149,'Administration de la Société Califor,'Administration de la Société Califor,vice_president,0,,,,21,910
5787,1950,P00572,Tagher Oscar,Tagher Oscar,,,C00644,"The Amalgamated lee Factories & Cold Stores, S.A.E",The Amalgamated lee Factories & Cold Stores,vice_president,0,,,,21,910
5788,1950,P00572,Tagher Oscar,Tagher Oscar,,,C00587,Société Texas Egyptienne des Pétroles,Société Texas Egyptienne des Pétroles,vice_president,0,,,,21,910
5789,1950,P00572,Tagher Oscar,Tagher Oscar,,,C01580,Ford Motor Cy. (Egypt) S.A.E,Ford Motor Co. (Egypt) S.A.E,director,0,,,,21,910
5790,1950,P00572,Tagher Oscar,Tagher Oscar,,,C00636,The Aboukir Co,Aboukir Co,director,0,,,,21,910
5791,1950,P00572,Tagher Oscar,Tagher Oscar,,,C01961,"The Albert Mussa Agency ,& Stevedoring Co., S.A.E",The Albert Mussa Agency & Stevedoring Co,director,0,,,,21,910
5792,1950,P00572,Tagher Oscar,Tagher Oscar,,,C02203,The Alexandria Engineering Works,The Alexandria Engineering Works,director,0,,,,21,910
5793,1950,P00572,Tagher Oscar,Tagher Oscar,,,C02607,Société Industrielle et Commerciale Laitière « Mandara»,Société Industrielle et Commerciale Laitière « Mandara»,director,0,,,,21,910
5794,1950,P00572,Tagher Oscar,Tagher Oscar,,,C01597,General Navigation Co. of Egypt,The General Navigation Co. of Egypt,director,0,,,,21,910
5795,1950,P02123,Tagher,Tagher,,,C01864,Sociétés,Sociétés,director,0,,,,21,910
5796,1950,P02124,Taher Mahmoud Hamdi,S.E. Taher Mahmoud Hamdi Pacha,pasha,s.e.,C01550,Egyptian Rubber & Shoes Industry,Egyptian Rubber & Shoes Industry,president,0,,,,21,911
5797,1950,P02124,Taher Mahmoud Hamdi,S.E. Taher Mahmoud Hamdi Pacha,pasha,s.e.,C01566,Etablissements Industriels pour la Soie et le Coton,Etablissements Industriels pour la Soie et le Coton,director,0,,,,21,911
5798,1950,P02124,Taher Mahmoud Hamdi,S.E. Taher Mahmoud Hamdi Pacha,pasha,s.e.,C01695,Nouveaux Hôtels d'Egypte,Nouveaux Hôtels d'Egypte,director,0,,,,21,911
5799,1950,P02124,Taher Mahmoud Hamdi,S.E. Taher Mahmoud Hamdi Pacha,pasha,s.e.,C02618,"Société Royale d'Agriculture, de la Société Royale des Etudes Historiques, Comité National des Sports du Cercle Royal d'Escrime, du Club El-Fouroussia, des Fédérations Egyptiennes Equestres","Société Royale d'Agriculture, de la Société Royale des Etudes Historiques, Comité National des Sports du Cercle Royal d'Escrime, du Club El-Fouroussia, des Fédérations Egyptiennes Equestres",manager,0,,,,21,911
5800,1950,P02124,Taher Mahmoud Hamdi,S.E. Taher Mahmoud Hamdi Pacha,pasha,s.e.,C02618,"Société Royale d'Agriculture, de la Société Royale des Etudes Historiques, Comité National des Sports du Cercle Royal d'Escrime, du Club El-Fouroussia, des Fédérations Egyptiennes Equestres","Société Royale d'Agriculture, de la Société Royale des Etudes Historiques, Comité National des Sports du Cercle Royal d'Escrime, du Club El-Fouroussia, des Fédérations Egyptiennes Equestres",president,0,,,,21,911
5801,1950,P02124,Taher Mahmoud Hamdi,S.E. Taher Mahmoud Hamdi Pacha,pasha,s.e.,C02389,Escrime,Escrime,manager,0,,,,21,911
5802,1950,P02124,Taher Mahmoud Hamdi,S.E. Taher Mahmoud Hamdi Pacha,pasha,s.e.,C02389,Escrime,Escrime,president,0,,,,21,911
5803,1950,P02124,Taher Mahmoud Hamdi,S.E. Taher Mahmoud Hamdi Pacha,pasha,s.e.,C02311,Diverses Oeuvres Sociales,Diverses Oeuvres Sociales,president,0,,,,21,911
5804,1950,P02124,Taher Mahmoud Hamdi,S.E. Taher Mahmoud Hamdi Pacha,pasha,s.e.,C02566,SAI DE,SAI DE,director,0,,,,21,911
5805,1950,P02124,Taher Mahmoud Hamdi,S.E. Taher Mahmoud Hamdi Pacha,pasha,s.e.,C02360,Egyptian Aircraft Engineering Co,Egyptian Aircraft Engineering Co,president,0,,,,21,911
5806,1950,P02125,Tahio Ahmed Labib,Tahio Ahmed Labib,,,C02384,Egyptian Stevedoring and Shipping Co,Egyptian Stevedoring & Shipping Co,director,0,,,,21,911
5807,1950,P02125,Tahio Ahmed Labib,Tahio Ahmed Labib,,,C02384,Egyptian Stevedoring and Shipping Co,Egyptian Stevedoring & Shipping Co,general_manager,0,,,,21,911
5808,1950,P01356,Takla Berti Kamel,Takla Berti Kamel Bey,bey,,C02120,"«Food Products,, S.A.E",«Food Products» S.A.E,director,0,,,,21,911
5809,1950,P02126,Takla Bichara,Takla Bichara,,,C02197,"Al Ahram, S.A.E","Al Ahram, S.A.E",director,0,,,,21,911
5810,1950,P02127,Tambay Joseph,Tambay Joseph,,,C00212,The Egyptian Enterprise & Development Co,Egyptian Enterprise and Development Cy,director,0,,,,21,911
5811,1950,P02127,Tambay Joseph,Tambay Joseph,,,C00212,The Egyptian Enterprise & Development Co,Egyptian Enterprise and Development Cy,general_manager,0,,,,21,911
5812,1950,P02128,Tancred C.H. Capt,Tancred C.H. Capt,,,C00355,The Egyptian General Omnibus Co,Egyptian General Omnibus,director,0,,,,21,911
5813,1950,P02129,Tanielian Berge,Tanielian Berge,,,C02573,Selected Textile Industries Ass,Selected Textile Industries,vice_president,0,,,,21,911
5814,1950,P02129,Tanielian Berge,Tanielian Berge,,,C02821,Union des Commerçants en Textiles,Union des Commerçants en Textiles,managing_director,0,,,,21,911
5815,1950,P00808,Ancien Ministre Ancien Sénateur,S.E. Tarraf Aly Pacha Sénateur,,s.e.,C01707,Platrières de Ballah,Platrières de Ballah,president,0,,,,21,911
5816,1950,P00808,Ancien Ministre Ancien Sénateur,S.E. Tarraf Aly Pacha Sénateur,,s.e.,C02333,Dél. S.A. des Tramways du Caire,Dél. S.A. des Tramways du Caire,director,0,,,,21,911
5817,1950,P00808,Ancien Ministre Ancien Sénateur,S.E. Tarraf Aly Pacha Sénateur,,s.e.,C02793,The Gabbary Petroleum Co,The Gabbary Petroleum Co,director,0,,,,21,911
5818,1950,P00808,Ancien Ministre Ancien Sénateur,S.E. Tarraf Aly Pacha Sénateur,,s.e.,C02767,Textile Machinery Plat t Eros,Textile Machinery Plat t Eros,president,0,,,,21,911
5819,1950,P00808,Ancien Ministre Ancien Sénateur,S.E. Tarraf Aly Pacha Sénateur,,s.e.,C00355,The Egyptian General Omnibus Co,Egyptian General Omnibus Co,director,0,,,,21,911
5820,1950,P00808,Ancien Ministre Ancien Sénateur,S.E. Tarraf Aly Pacha Sénateur,,s.e.,C00355,The Egyptian General Omnibus Co,Egyptian General Omnibus Co,vice_president,0,,,,21,911
5821,1950,P01359,Tawil Pierre,Tawil Pierre,,,C01460,Capitalisation Egyptienne S.A.E,Capitalisation Egyptienne S.A.E,director,0,,,,21,911
5822,1950,P01359,Tawil Pierre,Tawil Pierre,,,C00226,The Upper Egypt Hotels,The Upper Egypt Hotels Co. Ltd,director,0,,,,21,911
5823,1950,P01359,Tawil Pierre,Tawil Pierre,,,C02017,The Pyramids Gardens,The Pyramids Gardens,director,0,,,,21,911
5824,1950,P02130,Taylor Ewart John,Taylor Ewart John,,,C00348,"Eastern Co., S.A.E",Eastern Co. S.A.E,president,0,,,,21,911
5825,1950,P01360,Tepeghiosi Nicolas,Tepeghiosi Nicolas,,,C00299,Banque de Commerce N. Tepeghiosi & Co,Banque de Commerce N. Tepeghio.si& Co,manager,0,,,,21,911
5826,1950,P01360,Tepeghiosi Nicolas,Tepeghiosi Nicolas,,,C00226,The Upper Egypt Hotels,The Upper Egypt Hotels Co,director,0,,,,21,911
5827,1950,P02131,Terni Auguste,Terni Auguste,,,C02643,Sté. des Autobus d'Alexandrie,Sté Autobus d'Alexandrie,director,0,,,,21,911
5828,1950,P02132,Tewfik Amine,Tewfik Amine Bey,bey,,C02683,Sté Nationale de Textile «Memphis» S.A.E,Sté Nationale de Textile Memphis,director,0,,,,21,911
5829,1950,P01361,Théodorakis A. O,Théodorakis A. D,,,C00027,"The Associated Cotton Gin· ners of Egypt, Ltd",The Associated Cotton Ginners of Egypt Ltd,director,0,,,,21,911
5830,1950,P02133,Thibault Jacques,Thibault Jacques,,,C02555,S.A.E. Scialli,S.A.E. Scialli,director,0,,,,21,911
5831,1950,P01362,Thomaidis Constantin B,Thomaidis Constantin B,,,C02726,Sté. Egyptienne des Bois et Matériaux (SEBEM) et Sté pour l'Industrie,Sté. Egyptienne des Bois et Matériaux (SEBEM) et Sté pour l'Industrie,director,0,,,,21,911
5832,1950,P01362,Thomaidis Constantin B,Thomaidis Constantin B,,,C02195,Agriculture<<Al Gaafaria»,Agriculture<<Al Gaafaria»,director,0,,,,21,911
5833,1950,P01363,Thomaidis Ivan Evangelo B,Thomaidis Ivan Evangelo B,,,C01902,Sté. Egyptienne des Bois d Matériaux ( SEBEM),Sté. Egyptiennedss Bois et Matériaux (SEBEM),managing_director,0,,,,21,912
5834,1950,P01363,Thomaidis Ivan Evangelo B,Thomaidis Ivan Evangelo B,,,C02695,Sté pour l'Industrie etl'Agriculture «Al Gaafaria»,Sté pour l'Industrie etl'Agriculture «Al Gaafaria»,director,0,,,,21,912
5835,1950,P02134,Thomoglou Nicolas,Thomoglou Nicolas,,,C02225,Anglo-Egyptian Mining et Egyptian Plastics(Shaffermann),Anglo-Egyptian Mining et Egyptian Plastics(Shaffermann),director,0,,,,21,912
5836,1950,P01617,Thornhill Cooper F.S,Thornhill Cooper F.S,,,C01580,Ford Motor Cy. (Egypt) S.A.E,Ford Motor Co. (Egypt) S.A.E,managing_director,0,,,,21,912
5837,1950,P00809,Tilche Joseph,Tilche Joseph,,,C02747,Sté. de Crédit,Sté. de Crédit,president,0,,,,21,912
5838,1950,P00809,Tilche Joseph,Tilche Joseph,,,C02272,Commerce,Commerce,president,0,,,,21,912
5839,1950,P00809,Tilche Joseph,Tilche Joseph,,,C01737,"S.A.E. Moulins «Al-Mahmoudieh""",S.A.E. Moulins «Al-Mahmoudieh»,managing_director,0,,,,21,912
5840,1950,P00809,Tilche Joseph,Tilche Joseph,,,C02871,«Fluviale» S.A.E,«Fluviale» S.A.E,director,0,,,,21,912
5841,1950,P02135,Topalian H. D,Topalian H. D,,,C02648,Sté. Commerciale d'Egypte,Sté. Commerciale d'Egypte,vice_president,0,,,,21,912
5842,1950,P02135,Topalian H. D,Topalian H. D,,,C02648,Sté. Commerciale d'Egypte,Sté. Commerciale d'Egypte,managing_director,0,,,,21,912
5843,1950,P02135,Topalian H. D,Topalian H. D,,,C02488,«Moharrem Press»,Moharrem-Press,manager,0,,,,21,912
5844,1950,P02135,Topalian H. D,Topalian H. D,,,C02683,Sté Nationale de Textile «Memphis» S.A.E,Sté Nationale de Textile «Memphis» S.A.E,director,0,,,,21,912
5845,1950,P02136,Topalian Nerses,Topalian Nerses,,,C02683,Sté Nationale de Textile «Memphis» S.A.E,Sté. Nationale de Textile Memphis,director,0,,,,21,912
5846,1950,P02136,Topalian Nerses,Topalian Nerses,,,C02683,Sté Nationale de Textile «Memphis» S.A.E,Sté. Nationale de Textile Memphis,managing_director,0,,,,21,912
5847,1950,P02137,Torazzi Dr. Cesare,Torazzi Dr. Cesare,,,C02567,SAIDE,SAIDE,director,0,,,,21,912
5848,1950,P02138,Toriel André,Toriel André,,,C02052,Usines Réunies d'Egrenage,Usines Réuniesd'Egrenage,president,0,,,,21,912
5849,1950,P02138,Toriel André,Toriel André,,,C02052,Usines Réunies d'Egrenage,Usines Réuniesd'Egrenage,managing_director,0,,,,21,912
5850,1950,P02138,Toriel André,Toriel André,,,C02052,Usines Réunies d'Egrenage,Usines Réuniesd'Egrenage,director,0,,,,21,912
5851,1950,P02138,Toriel André,Toriel André,,,C01615,Huileries,Huileries,president,0,,,,21,912
5852,1950,P02138,Toriel André,Toriel André,,,C01615,Huileries,Huileries,managing_director,0,,,,21,912
5853,1950,P02138,Toriel André,Toriel André,,,C01615,Huileries,Huileries,director,0,,,,21,912
5854,1950,P02138,Toriel André,Toriel André,,,C01624,Import & Export Bank of Egypt,Import and Export Bk. of Egypt,president,0,,,,21,912
5855,1950,P02138,Toriel André,Toriel André,,,C01624,Import & Export Bank of Egypt,Import and Export Bk. of Egypt,managing_director,0,,,,21,912
5856,1950,P02138,Toriel André,Toriel André,,,C01624,Import & Export Bank of Egypt,Import and Export Bk. of Egypt,director,0,,,,21,912
5857,1950,P01365,Toriel Eliott,Toriel Elliot,,,C01562,Etablissements Bamco,Etablissements «Bamco»,director,0,,,,21,912
5858,1950,P01366,Toriel Henri,Toriel Henri,,,C02812,The Union Cotton Company of Alexandria,The Union Cotton Company of Alexandria,vice_president,0,,,,21,912
5859,1950,P01366,Toriel Henri,Toriel Henri,,,C02052,Usines Réunies d'Egrenage,Usines Réunies d'Egrenage,director,0,,,,21,912
5860,1950,P01366,Toriel Henri,Toriel Henri,,,C01615,Huileries,Huileries,director,0,,,,21,912
5861,1950,P02139,Toriel René,Toriel René,,,C02024,The Union Cotton Cy. of Alexandria,The Union Cotton Cy. of Alexandria,vice_president,0,,,,21,912
5862,1950,P00811,Toriel Victor,Toriel Victor,,,C01805,Société Franco-Egyptienne de Crédit,Société Franco-Egyptienne de Crédit,president,0,,,,21,912
5863,1950,P00811,Toriel Victor,Toriel Victor,,,C01805,Société Franco-Egyptienne de Crédit,Société Franco-Egyptienne de Crédit,managing_director,0,,,,21,912
5864,1950,P00811,Toriel Victor,Toriel Victor,,,C02052,Usines Réunies d'Egrenage,Usines Réuniesd'Egrenage,vice_president,0,,,,21,912
5865,1950,P00811,Toriel Victor,Toriel Victor,,,C01615,Huileries,Huileries,vice_president,0,,,,21,912
5866,1950,P00811,Toriel Victor,Toriel Victor,,,C00068,Dakahlieh Land Co,Dakahlieh Land Co,managing_director,0,,,,21,912
5867,1950,P00811,Toriel Victor,Toriel Victor,,,C00017,Alexandria Pressing Co,Alexandria Pressing Co,director,0,,,,21,912
5868,1950,P00811,Toriel Victor,Toriel Victor,,,C02833,V. Toriel & Co. et V. E. Toriel. (lm.-Exp.),V. Toriel & Co. et V. E. Toriel. (lm.-Exp.),manager,0,,,,21,912
5869,1950,P00687,Totah Ibrahim Eid,Totah Ibrahim Eid,,,C02386,El Tawil Spinning and Weaving Company,El Tawil Spinning and Weaving Company,vice_president,0,,,,21,912
5870,1950,P02140,Totah Raphael,Totah Raphael,,,C02398,Fabrique du Riz de la National Starch Cy,Fabrique du Riz de la National Starch Cy,director,0,,,,21,912
5871,1950,P02140,Totah Raphael,Totah Raphael,,,C02398,Fabrique du Riz de la National Starch Cy,Fabrique du Riz de la National Starch Cy,manager,0,,,,21,912
5872,1950,P00687,Totah Ibrahim Eid,Totah Youssef Eid,,,C01557,El Tawil Spinning & Weaving Cy,El Tawil Spinning & Weaving Cy,director,0,,,,21,912
5873,1950,P02141,Toutounji Elie,Toutounji Elie,,,C02385,El Gazai Import et Trading Co,El Gazai Import et Trading Co,director,0,,,,21,912
5874,1950,P02142,Toutounji Georges,Toutounji Georges,,,C02167,-Dél. Sudan Import & Export Cy,-Dél. Sudan Import & Export Cy,director,0,,,,21,912
5875,1950,P01368,Toutounji Joseph,Toutounji Joseph,,,C01975,The Bottled Gas. Co,The Bottled Gas. Co,president,0,,,,21,912
5876,1950,P01368,Toutounji Joseph,Toutounji Joseph,,,C02759,Sudan Import & Export Cy,Sudan Import& Export Co,president,0,,,,21,912
5877,1950,P02143,Toutounji Sami,Toutounji Sami,,,C02759,Sudan Import & Export Cy,Sudan Import & Export Cy,director,0,,,,21,912
5878,1950,P02143,Toutounji Sami,Toutounji Sami,,,C02759,Sudan Import & Export Cy,Sudan Import & Export Cy,general_manager,0,,,,21,912
5879,1950,P02144,Trachana N,Trachana N,,,C00097,The Menzaleh Canal Navigation Co,Menzaleh Canal & Navigation Cy,director,0,,,,21,912
5880,1950,P02145,Trembley,Trembley,,,C01788,Société Egyptienne de Ciment Portland Tourah,-de la Société Egyptienne de Ciment Portland Tourah,director,0,,,,21,912
5881,1950,P02145,Trembley,Trembley,,,C00514,Société,The,president,0,,,,21,912
5882,1950,P02146,Tripos André,Tripos André,,,C02698,Sté. «The Egyptian Insurance & Commercial Agency (EICA)» «Tsekis & Co.»,Sté. «The Egyptian Insurance & Commercial Agency (EICA)» «Tsekis & Co.»,partner,0,,,,21,913
5883,1950,P02146,Tripos André,Tripos André,,,C02698,Sté. «The Egyptian Insurance & Commercial Agency (EICA)» «Tsekis & Co.»,Sté. «The Egyptian Insurance & Commercial Agency (EICA)» «Tsekis & Co.»,manager,0,,,,21,913
5884,1950,P01370,Triulzi E. W,Triulzi E. W,,,C02422,"General Mo tors· N ear East, S.A","General Mo tors· N ear East, S.A",director,0,,,,21,913
5885,1950,P00813,Tsekis Charles,Tsekis Charles,,,C02698,Sté. «The Egyptian Insurance & Commercial Agency (EICA)» «Tsekis & Co.»,Sté. «The Egyptian Insurance & Commercial Agency (EICA) «Tsekis & Co.»,partner,0,,,,21,913
5886,1950,P00813,Tsekis Charles,Tsekis Charles,,,C02698,Sté. «The Egyptian Insurance & Commercial Agency (EICA)» «Tsekis & Co.»,Sté. «The Egyptian Insurance & Commercial Agency (EICA) «Tsekis & Co.»,manager,0,,,,21,913
5887,1950,P00813,Tsekis Charles,Tsekis Charles,,,C01812,"Société Industrielle et Commerciale d'Egypte (S.I.C.O.), S.A.E","Société Industrielle et Commerciale d'Egypte (S.I.C.O.), S.A.E",manager,0,,,,21,913
5888,1950,P00813,Tsekis Charles,Tsekis Charles,,,C02755,Sté. «L. Pathy & Co.». u,Sté. «L. Pathy & Co.». u,manager,0,,,,21,913
5889,1950,P00814,Urban H,Urban H,,,C02651,Sté Egypt. d'Electricité,Sté. Eg. d'Electricité,vice_president,0,,,,21,913
5890,1950,P02147,Vaena Isaac J,Vaena Isaac J,,,C01712,Rizerie Egyptienne Moderne,Rizerie Egyptienne Moderne,managing_director,0,,,,21,913
5891,1950,P01371,Vallet Jean,Vallet Jean,,,C01357,' de la Société Egyptienne de Teinturerie,Société Egyptienne de Teinturerie,director,0,,,,21,913
5892,1950,P01371,Vallet Jean,Vallet Jean,,,C01427,Apprêt,Apprêt,director,0,,,,21,913
5893,1950,P02148,Valticos Michel Me,Valticos Michel Me,,,C00132,Sidi Salem Co,Sidi Salem Cy,director,0,,,,21,913
5894,1950,P00815,Van Damme L,Van Damme L,,,C02156,-D~recteur de la Banque Belge et Internationale en Egypte,-D~recteur de la Banque Belge et Internationale en Egypte,director,0,,,,21,913
5895,1950,P00815,Van Damme L,Van Damme L,,,C00065,Crédit Foncier Egyptien,Crédit Foncier Egyptien,director,0,,,,21,913
5896,1950,P00816,Van Den Bosch Paul,Van Den Bosch Paul,,,C00306,Caisse Hypothécaire d'Egypte,Caisse Hypothécaired'Egypte,managing_director,0,,,,21,913
5897,1950,P00816,Van Den Bosch Paul,Van Den Bosch Paul,,,C02297,Crédit Foncier d'Orient «Egypte»,Crédit Foncier d'Orient «Egypte»,director,0,,,,21,913
5898,1950,P02149,Vaucher Georges,Vaucher Georges,,,C02430,Hadaek Al Ahram,Hadaek El Abram,director,0,,,,21,913
5899,1950,P01372,Vickery J. C,Vickery J. C,,,C01973,The Amalgamated lee Factories &,The Amalgamated lee Factories &,director,0,,,,21,913
5900,1950,P01373,Vidon Aslan,Vidon Aslan,,,C01354,«Sibur)),«Sibur»,director,0,,,,21,913
5901,1950,P01373,Vidon Aslan,Vidon Aslan,,,C01359,"Al Chark, Société d'Entreprises Générales",«Al Chark» Sté. d'Entreprises Générales,vice_president,0,,,,21,913
5902,1950,P01373,Vidon Aslan,Vidon Aslan,,,C02388,Electrical Development Co. of Egypt,Electrical Development Co. of Egypt,director,0,,,,21,913
5903,1950,P01374,Vidon Joseph,Vidon Joseph,,,C01359,"Al Chark, Société d'Entreprises Générales","Al Chark, Société d'Entreprises Générales",managing_director,0,,,,21,913
5904,1950,P01376,Vïncendon Jacques,Vincendon Jacques,,,C01725,S.A. des Immeubles d'Egypte et Secrétaire Général d.e la Land Bank of Egypt,S.A. des Immeubles d'Egypte et Secrétaire Général d.e la Land Bank of Egypt,director,0,,,,21,913
5905,1950,P00818,Vincenot Marcel,Vincenot Marcel,,,C00065,Crédit Foncier Egyptien,Crédit Foncier Egyptien,president,0,,,,21,913
5906,1950,P00818,Vincenot Marcel,Vincenot Marcel,,,C00065,Crédit Foncier Egyptien,Crédit Foncier Egyptien,managing_director,0,,,,21,913
5907,1950,P00818,Vincenot Marcel,Vincenot Marcel,,,C00055,Compagnie d'Assurances «Al Charkl). w,Compagnie d'Assurances «Al Chark»,president,0,,,,21,913
5908,1950,P00818,Vincenot Marcel,Vincenot Marcel,,,C00055,Compagnie d'Assurances «Al Charkl). w,Compagnie d'Assurances «Al Chark»,managing_director,0,,,,21,913
5909,1950,P00818,Vincenot Marcel,Vincenot Marcel,,,C00102,National Bank of Egypt,National Bank of Egypt,director,0,,,,21,913
5910,1950,P00818,Vincenot Marcel,Vincenot Marcel,,,C02670,Sté Immobilière Masr el Guedida,Sté Immobilière Masr el Guedida,vice_president,0,,,,21,913
5911,1950,P02150,Visvikis P,Visvikis P,,,C02849,et Secrétaire du Conseil d'Administration de la Near East Cotton Export Co,et Secrétaire du Conseil d'Administration de la Near East Cotton Export Co,general_manager,0,,,,21,913
5912,1950,P02151,Vitale Comm. Aldo,Vitale Comm. Aldo,,,C00131,Salonica Cigarette Co,Salonica Cigarettes Co,director,0,,,,21,913
5913,1950,P00819,Vivante Alfred,Vivante Alfred,,,C01008,S.A.E. de l'Industrie Fibres Textiles,S.A.E. Industrie Fibres Textiles,director,0,,,,21,913
5914,1950,P00820,Vivante Sabino Mtre,Vivante Sabino Mtre,,,C01112,Sté. Eg. d'Entreprises Urbaines et Rurales,Sté. Eg. d'Entreprises Urbaines et Rurales,director,0,,,,21,914
5915,1950,P02152,Vlabovitch Elie,Vlabovitch Elie,,,C00361,"Fabrique des Produits Chimiques, S.A.E",Fabrique des Produits Chimiques,director,0,,,,21,914
5916,1950,P02153,Vocht Félix de,Vocht Félix de,,,C02299,Crédit d'Orient (Egypte),Crédit d'Orient (Egypte),director,0,,,,21,914
5917,1950,P02154,Vraila Demètre,Vraila Demètre,,,C01380,- de la Banque,Banque de,director,0,,,,21,914
5918,1950,P02155,Wagner,Wagner,,,C01892,Sté. Eg. de Ciment Portland Tourah,Sté. Eg. de Ciment Portland Tourah,president,0,,,,21,914
5919,1950,P02155,Wagner,Wagner,,,C01892,Sté. Eg. de Ciment Portland Tourah,Sté. Eg. de Ciment Portland Tourah,managing_director,0,,,,21,914
5920,1950,P02155,Wagner,Wagner,,,C01892,Sté. Eg. de Ciment Portland Tourah,Sté. Eg. de Ciment Portland Tourah,director,0,,,,21,914
5921,1950,P00824,Wahba E. H,Wahba E. H,,,C02422,"General Mo tors· N ear East, S.A",General Mo- tor N ear East S.A,director,0,,,,21,914
5922,1950,P02156,Wakil Mtre. G,Wakil Mtre. G,,,C02656,Sté Egypt. des Industries Chimiques,Sté. Eg. des Industries Chimiques,president,0,,,,21,914
5923,1950,P02157,Wasfy Dr. Albert,Wasfy Dr. Albert,,,C02691,Sté de Publications Egyptiennes,Sté. Publications Egyptiennes,director,0,,,,21,914
5924,1950,P01377,Watouri Joseph,Watouri Joseph,,,C01693,Nile Textile Cy,Nile Textile Co,managing_director,0,,,,21,914
5925,1950,P01377,Watouri Joseph,Watouri Joseph,,,C01502,Comptoir Commercial Economique,Comptoir Commercial Economique,director,0,,,,21,914
5926,1950,P00827,Weissenberg Harold,Weissenberg Harold,,,C00644,"The Amalgamated lee Factories & Cold Stores, S.A.E","The Amalgamated lee Factories & Cold Stores, S.A.E",president,0,,,,21,914
5927,1950,P00829,Wibaut P,Wibaut P,,,C02647,"Sté Chemins de Fer,Basse-Egypte","Sté Chemins de Fer,Basse-Egypte",vice_president,0,,,,21,914
5928,1950,P00829,Wibaut P,Wibaut P,,,C00355,The Egyptian General Omnibus Co,The Egyptian General Omnibus Co. S.A.E,director,0,,,,21,914
5929,1950,P01379,Wilkinson Peter,Wilkinson Peter,,,C01694,The North East Africa Trading Cy,The North East Africa Trading Cy. S.A.E,managing_director,0,,,,21,914
5930,1950,P02158,Wilshaw Sir Edward,Wilshaw Sir Edward,,,C00416,"Marconi Radio Telegraph Co. of Egypt, S.A.E",Marconi Radio Telegraph Co. of Egypt,director,0,,,,21,914
5931,1950,P00664,Choukri,Wissa Choukry G. Bey,bey,,C02212,"Alexandria Racing Club, S.A.E., de l'Egyptian Mining & Prospecting Co. S.A.E","Alexandria Racing Club, S.A.E., de l'Egyptian Mining & Prospecting Co. S.A.E",director,0,,,,21,914
5932,1950,P02159,Wissa Fahmy,Wissa Fahmy Bey,bey,,C02512,Near East Produce Trading Cy,Near East Produce Trading Cy,director,0,,,,21,914
5933,1950,P02160,Wissa Léon,Wissa Léon Bey,bey,,C02683,Sté Nationale de Textile «Memphis» S.A.E,Sté Nationale de Textile Memphis,director,0,,,,21,914
5934,1950,P02161,Wissa Zaki,Wissa Zaki Bey,bey,,C01817,Société Misr d'Assurances,Société Misr d'Assurances,director,0,,,,21,914
5935,1950,P02161,Wissa Zaki,Wissa Zaki Bey,bey,,C01880,Sté. Agricole et Urbaine «Le Fayoum»,Sté. Agricole et Urbaine «Le Fayoum»,director,0,,,,21,914
5936,1950,P00832,Wistenetzki Oscar,Wistenetzki Oscar,,,C02805,"The Nile Ginning Co. S.A.E. Wittert Van Hoogland Jonkheer O.A.E.E.L., Chevalier de l)Ordre Sou-","The Nile Ginning Co. S.A.E. Wittert Van Hoogland Jonkheer O.A.E.E.L., Chevalier de l)Ordre Sou-",director,0,,,,21,914
5937,1950,P01381,Woodhead W. G,Woodhead W. G,,,C02791,The Egypttian Aerated Water Co. Ltd. et Menzaleh Canal & Navigation Cy,The Egypttian Aerated Water Co. Ltd. et Menzaleh Canal & Navigation Cy,director,0,,,,21,915
5938,1950,P02162,Woollam,Woollam,,,C01398,AKFAC,AKFAC,director,0,,,,21,915
5939,1950,P02163,Wynne A. C,Wynne A. C,,,C02506,Near East Cleaning Co. Ltd et Grieve & Irwin Ltd. x,Near East Cleaning Co. Ltd et Grieve & Irwin Ltd. x,director,0,,,,21,915
5940,1950,P02164,Yamodis Antoine N,Yamodis Antoine N,,,C01943,Surveillance de The Egyptian Delta Rice Mills Co. (N. Yiamodis and Co.),Surveillance de The Egyptian Delta Rice Mills Co. (N. Yiamodis and Co.),council_member,0,,,,21,915
5941,1950,P00604,Yamodis Nicolas,Yamodis Nicolas,,,C01943,Surveillance de The Egyptian Delta Rice Mills Co. (N. Yiamodis and Co.),Surveillance de The Egyptian Delta Rice Mills Co. (N. Yamodis and Co.),managing_director,0,,,,21,915
5942,1950,P00604,Yamodis Nicolas,Yamodis Nicolas,,,C01943,Surveillance de The Egyptian Delta Rice Mills Co. (N. Yiamodis and Co.),Surveillance de The Egyptian Delta Rice Mills Co. (N. Yamodis and Co.),council_member,0,,,,21,915
5943,1950,P02165,Yansouni Jean,Yansouni Jean,,,C02219,Amerioan Eastern Trading and Engineering Co,Amerioan Eastern Trading and Engineering Co,director,0,,,,21,915
5944,1950,P01383,Yassine Mohamed Sayed,Yassine Mohamed Sayed Bey,bey,,C01816,Société Misr Rayonne,Société Misr Rayonne,director,0,,,,21,915
5945,1950,P02166,Yassa Louis,Yassa Louis Bey,bey,,C02372,Egyptian Jute Co,Egyptian Jute Co,director,0,,,,21,915
5946,1950,P01384,Yassine Serag El Dîne Bey Propriétaire Foncier,Yassine Serag El Dîne Bey Propriétaire Foncier,,,C02475,Mena Milk Products (Yassine Serag El Dîne & Co.),Mena Milk Products (Yassine Serag El Dîne & Co.),partner,0,,,,21,915
5947,1950,P01384,Yassine Serag El Dîne Bey Propriétaire Foncier,Yassine Serag El Dîne Bey Propriétaire Foncier,,,C02475,Mena Milk Products (Yassine Serag El Dîne & Co.),Mena Milk Products (Yassine Serag El Dîne & Co.),manager,0,,,,21,915
5948,1950,P01384,Yassine Serag El Dîne Bey Propriétaire Foncier,Yassine Serag El Dîne Bey Propriétaire Foncier,,,C02475,Mena Milk Products (Yassine Serag El Dîne & Co.),Mena Milk Products (Yassine Serag El Dîne & Co.),director,0,,,,21,915
5949,1950,P01384,Yassine Serag El Dîne Bey Propriétaire Foncier,Yassine Serag El Dîne Bey Propriétaire Foncier,,,C01511,"Cotonnière, S.A.E .. Commanditaire de The Middle East Industrial & Tradin~ Co. ·","Cotonnière, S.A.E., Commanditaire de The Middle East Industrial and Trading Co",partner,0,,,,21,915
5950,1950,P01384,Yassine Serag El Dîne Bey Propriétaire Foncier,Yassine Serag El Dîne Bey Propriétaire Foncier,,,C01511,"Cotonnière, S.A.E .. Commanditaire de The Middle East Industrial & Tradin~ Co. ·","Cotonnière, S.A.E., Commanditaire de The Middle East Industrial and Trading Co",manager,0,,,,21,915
5951,1950,P01384,Yassine Serag El Dîne Bey Propriétaire Foncier,Yassine Serag El Dîne Bey Propriétaire Foncier,,,C01511,"Cotonnière, S.A.E .. Commanditaire de The Middle East Industrial & Tradin~ Co. ·","Cotonnière, S.A.E., Commanditaire de The Middle East Industrial and Trading Co",director,0,,,,21,915
5952,1950,P02167,Yazbeck R,Yazbeck R,,,C01497,"Comptoir Auxiliaire d'Entreprises, S.A.E",Comptoir Auxiliaire d'Entreprises,director,0,,,,21,915
5953,1950,P00607,Yehia Aly Emine,S.E. Yehia Aly Emin Pacha,pasha,s.e.,C00083,Fédération Egyptienne des Industries,Fédération Egyptienne des Industries,vice_president,0,,,,21,915
5954,1950,P00607,Yehia Aly Emine,S.E. Yehia Aly Emin Pacha,pasha,s.e.,C02538,"Rotary International, Chicago","Rotary International, Chicago",director,0,,,,21,915
5955,1950,P00607,Yehia Aly Emine,S.E. Yehia Aly Emin Pacha,pasha,s.e.,C01380,- de la Banque,Banque,director,0,,,,21,915
5956,1950,P02168,Yehia el Alaily Bey Dr,Yehia el Alaily Bey Dr,,,C00121,S. A. du Wadi Kom Ombo,S.A. Wadi Kom Ombo,director,0,,,,21,916
5957,1950,P02168,Yehia el Alaily Bey Dr,Yehia el Alaily Bey Dr,,,C00121,S. A. du Wadi Kom Ombo,S.A. Wadi Kom Ombo,general_manager,0,,,,21,916
5958,1950,P02168,Yehia el Alaily Bey Dr,Yehia el Alaily Bey Dr,,,C01540,"The Egyptian Engineering Stores, ~.A.E",Egyptian Engineering Stores,director,0,,,,21,916
5959,1950,P02169,Yousri Soliman,Yousri Soliman Bey,bey,,C02735,Sté. Industrie Fibres Textiles,Sté. Industrie Fibres Textiles,adviser,0,,,,21,916
5960,1950,P02169,Yousri Soliman,Yousri Soliman Bey,bey,,C02735,Sté. Industrie Fibres Textiles,Sté. Industrie Fibres Textiles,director,0,,,,21,916
5961,1950,P02170,Youssef Bahgat,Youssef Bahgat Bey,bey,,C02451,Jimprimerie Mi.sr,Jimprimerie Mi.sr,director,0,,,,21,916
5962,1950,P02170,Youssef Bahgat,Youssef Bahgat Bey,bey,,C02451,Jimprimerie Mi.sr,Jimprimerie Mi.sr,general_manager,0,,,,21,916
5963,1950,P02171,Youssef El Abd,Youssef El Abd Bey,bey,,C02125,«Nemco»,NEMCO,director,0,,,,21,916
5964,1950,P02172,Youssef Ahmed El Tawil,Youssef Ahmed El Tawil,,,C01557,El Tawil Spinning & Weaving Cy,El Tawil Spinning & Weaving Co. z,director,0,,,,21,916
5965,1950,P01385,Zabal Wadih,Zabal Wadih,,,C01650,"la. Manufacture Egyptienne de Bonneterie et Tricotage «El Nil», S.A.E","la. Manufacture Egyptienne de Bonneterie et Tricotage «El Nil», S.A.E",managing_director,0,,,,21,916
5966,1950,P00836,Znccar Joseph E,Zaccar Joseph E,,,C00742,Usines Textiles Al-Kahira,Usines Textiles «Al Kahira»,director,0,,,,21,916
5967,1950,P02173,Zaghikian Marcel,Zaghikian Marcel,,,C02248,C. Sender & Co. Ltd,C. Sender & Co. Ltd,director,0,,,,21,916
5968,1950,P02174,Zaidan Emile,Zaidan Emile Bey,bey,,C02304,Dar El Hilal et Egyptian Press,Dar el Hilal et Egyptian Press,president,0,,,,21,916
5969,1950,P02175,Zaidan Mohamed,Zaidan Mohamed,,,C02642,Sté. Autobus Routes Désert,Sté Autobus Routes Désert,director,0,,,,21,916
5970,1950,P02176,Me. Zananiri Fernand,Me. Zananiri Fernand,,,C02043,Transport & Engineering Cy,Transport & Engineering,director,0,,,,21,916
5971,1950,P02176,Me. Zananiri Fernand,Me. Zananiri Fernand,,,C02510,"Near East Finance, S.A.E. Near East Pharmaceutical & Commercial Co","Near East Finance, S.A.E. Near East Pharmaceutical & Commercial Co",director,0,,,,21,916
5972,1950,P02177,Zananiri Georges,S.E. Zananiri Georges Pacha,pasha,s.e.,C01884,Sté. An. Eg. de Capitalisation L'Epargne,Sté. An. Eg. de Capitalisation L'Epargne,president,0,,,,21,916
5973,1950,P02177,Zananiri Georges,S.E. Zananiri Georges Pacha,pasha,s.e.,C00067,Crédit Immobilier Suisse-Egyptien,Crédit Immobilier Suisse-Egyptien,director,0,,,,21,916
5974,1950,P02177,Zananiri Georges,S.E. Zananiri Georges Pacha,pasha,s.e.,C02760,Surveillance de la Société d'Assurances sur la vie «La,Surveillance de la Société d'Assurances sur la vie «La,committee_member,0,,,,21,916
5975,1950,P01390,Zarbhanelian Mardig,Zarbhanelian Mardig,,,C01634,Jardins et Vignobles d'Egypte,Jardins et Vignobles d'Egypte,vice_president,0,,,,21,916
5976,1950,P01390,Zarbhanelian Mardig,Zarbhanelian Mardig,,,C02683,Sté Nationale de Textile «Memphis» S.A.E,Sté. Nationale de Textile «Memphis»,director,0,,,,21,916
5977,1950,P01389,Zarmati L. M,Zarmati L. M,,,C01707,Platrières de Ballah,Plâtrières de Ballah,director,0,,,,21,916
5978,1950,P02178,Zarmati Victor,Zarmati Victor,,,C01402,The Aboukir Cy,Aboukir Cy,director,0,,,,21,916
5979,1950,P02179,Zarpanely Pierre,Zarpanely Pierre,,,C01931,Sté. des Biens de Rapport d'Egypte,Sté. Biens de Rapport d'Egypte,director,0,,,,21,916
5980,1950,P02180,Zeitouni César Raphael Ezra,Zeitouni César Raphael Ezra,,,C02573,Selected Textile Industries Ass,Selected Textile Industries,director,0,,,,21,916
5981,1950,P02181,Sudan Oil Mills Ltd. Khartoum Sudan,Sudan Oil Mills Ltd. Khartoum Sudan,,,C02145,"'Administration de la Cyprus Hotels Ltd., Nicosie (Chypre)","'Administration de la Cyprus Hotels Ltd., Nicosie (Chypre)",president,0,,,,21,917
5982,1950,P02182,Zervudachi Paul,Zervudachi Paul,,,C02205,Alexandria Glass & Porcelain Factory,Alexandria Glass & Porcelain Factory,director,0,,,,21,917
5983,1950,P02183,Zilkha Abdulla K,Zilkha Abdulla K,,,C01443,"Banque Zilkha, S.A.E","Banque Zilkha, S.A.E",director,0,,,,21,917
5984,1950,P01393,Zilkha,Zilkha K. A,,,C01443,"Banque Zilkha, S.A.E",Banque Zilkha S.A.E,president,0,,,,21,917
5985,1950,P01395,Zilkha Maurice,Zilkha Maurice,,,C01443,"Banque Zilkha, S.A.E",Banque Zilkha S.A.E,managing_director,0,,,,21,917
5986,1950,P01395,Zilkha Maurice,Zilkha Maurice,,,C02511,Near East Produce Trading Co. S.A.E,Near East Produce Trading Co. S.A.E,director,0,,,,21,917
5987,1950,P02184,Zulficar Farid,S.E. Zulficar Farid Bey,bey,s.e.,C02388,Electrical Development Co. of Egypt,Electrical Development Co. of Egypt,director,0,,,,21,917
5988,1950,P01397,Zulfikar Samir,S.E. Zulficar Samir Bey,bey,s.e.,C01359,"Al Chark, Société d'Entreprises Générales",«Al Chark» Sté. Entreprises Générales,director,0,,,,21,917
5989,1950,P02185,Zulficar Yussouf,S.E. Zulficar Yussouf Pacha,pasha,s.e.,C02772,"The Alexandria Cotton Trading Co., de la Land Bank of Egypt","The Alexandria Cotton Trading Co., de la Land Bank of Egypt",president,0,,,,21,917
5990,1950,P02185,Zulficar Yussouf,S.E. Zulficar Yussouf Pacha,pasha,s.e.,C00102,National Bank of Egypt,National Bank of Egypt,vice_president,0,,,,21,917
5991,1950,P02185,Zulficar Yussouf,S.E. Zulficar Yussouf Pacha,pasha,s.e.,C00102,National Bank of Egypt,National Bank of Egypt,director,0,,,,21,917
5992,1950,P02185,Zulficar Yussouf,S.E. Zulficar Yussouf Pacha,pasha,s.e.,C01918,Sté. Nationale du Papier,Sté. Nationale du Papier,vice_president,0,,,,21,917
5993,1950,P02185,Zulficar Yussouf,S.E. Zulficar Yussouf Pacha,pasha,s.e.,C01918,Sté. Nationale du Papier,Sté. Nationale du Papier,director,0,,,,21,917
5994,1950,P02185,Zulficar Yussouf,S.E. Zulficar Yussouf Pacha,pasha,s.e.,C01964,The Alexandria & Khartoum Trading Corporation,The Alexandria & Khartoum Trading Corporation,vice_president,0,,,,21,917
5995,1950,P02185,Zulficar Yussouf,S.E. Zulficar Yussouf Pacha,pasha,s.e.,C01964,The Alexandria & Khartoum Trading Corporation,The Alexandria & Khartoum Trading Corporation,director,0,,,,21,917
