year,next_year,person_id,origin,office,seats,mates,pairs,open_share,effective_size,constraint,survives,seats_next,new_seats,growth,seat_cat
1932,1938,P00001,arab_egyptian,False,1,9,36,0.0,0.9999999999999984,0.3636852514725259,False,0,0,-1,1
1932,1938,P00002,arab_egyptian,False,1,9,36,0.0,0.9999999999999984,0.3636852514725259,True,1,1,0,1
1932,1938,P00003,arab_egyptian,False,1,2,1,0.0,1.0,1.125,False,0,0,-1,1
1932,1938,P00004,european,False,4,13,78,0.5641025641025641,9.527777777777779,0.22019985037626894,False,0,0,-4,4
1932,1938,P00005,local_minority,False,2,5,10,0.6,3.3999999999999995,0.4502317008468524,False,0,0,-2,2
1932,1938,P00006,local_minority,False,2,3,3,0.0,1.4,0.7449876543209879,False,0,0,-2,2
1932,1938,P00007,local_minority,False,2,3,3,0.0,1.4,0.7449876543209879,False,0,0,-2,2
1932,1938,P00008,local_minority,False,7,7,21,0.8095238095238095,5.944444444444445,0.3241030330742265,True,3,2,-4,5
1932,1938,P00009,unknown,False,1,5,10,0.0,1.7999999999999998,0.5016884288150523,False,0,0,-1,1
1932,1938,P00010,local_minority,False,1,0,0,,,,False,0,0,-1,1
1932,1938,P00011,local_minority,False,1,9,36,0.0,2.222222222222221,0.307135893934034,False,0,0,-1,1
1932,1938,P00012,local_minority,False,2,4,6,0.6666666666666666,3.125,0.3890451388888889,False,0,0,-2,2
1932,1938,P00013,local_minority,False,2,0,0,,,,False,0,0,-2,2
1932,1938,P00014,arab_egyptian,False,2,3,3,0.0,1.3333333333333335,0.6420307382212144,False,0,0,-2,2
1932,1938,P00015,arab_egyptian,False,6,2,1,1.0,2.0,0.5555555555555556,False,0,0,-6,5
1932,1938,P00016,arab_egyptian,True,1,9,36,0.0,0.9999999999999984,0.3636852514725259,False,0,0,-1,1
1932,1938,P00017,unknown,False,1,1,0,,1.0,1.0,False,0,0,-1,1
1932,1938,P00018,arab_egyptian,True,2,9,36,0.0,0.9999999999999984,0.3636852514725259,True,1,1,-1,2
1932,1938,P00019,arab_egyptian,False,3,12,66,0.3939393939393939,6.333333333333332,0.21552814402357218,False,0,0,-3,3
1932,1938,P00020,local_minority,False,1,3,3,0.0,1.0,0.7441975308641977,False,0,0,-1,1
1932,1938,P00021,unknown,False,1,2,1,0.0,1.3333333333333335,0.7214527546937519,False,0,0,-1,1
1932,1938,P00022,local_minority,False,1,0,0,,,,False,0,0,-1,1
1932,1938,P00023,european,False,6,5,10,0.8,4.416666666666666,0.3311238662131519,False,0,0,-6,5
1932,1938,P00024,unknown,False,1,0,0,,,,False,0,0,-1,1
1932,1938,P00025,european,False,7,21,210,0.7857142857142857,17.67948717948718,0.13211704869964416,False,0,0,-7,5
1932,1938,P00026,unknown,False,1,0,0,,,,False,0,0,-1,1
1932,1938,P00027,unknown,False,1,0,0,,,,False,0,0,-1,1
1932,1938,P00029,unknown,False,3,8,28,0.6428571428571429,5.777777777777778,0.2645630198708704,False,0,0,-3,3
1932,1938,P00030,european,False,1,4,6,0.0,1.0,0.7122395833333331,False,0,0,-1,1
1932,1938,P00031,european,False,1,1,0,,1.0,1.0,False,0,0,-1,1
1932,1938,P00032,unknown,False,1,1,0,,1.0,1.0,False,0,0,-1,1
1932,1938,P00033,unknown,False,2,3,3,0.0,1.0,0.925925925925926,False,0,0,-2,2
1932,1938,P00034,unknown,False,2,3,3,0.0,1.0,0.925925925925926,True,1,1,-1,2
1932,1938,P00035,european,False,1,1,0,,1.0,1.0,False,0,0,-1,1
1932,1938,P00036,european,False,4,4,6,0.6666666666666666,3.125,0.376752614268848,True,2,1,-2,4
1932,1938,P00037,local_minority,False,1,3,3,0.0,1.0,0.481154667981591,False,0,0,-1,1
1932,1938,P00038,local_minority,False,2,2,1,0.0,1.25,0.750625,False,0,0,-2,2
1932,1938,P00039,local_minority,False,2,3,3,0.0,1.0,0.925925925925926,False,0,0,-2,2
1932,1938,P00040,local_minority,False,1,1,0,,1.0,1.0,True,1,0,0,1
1932,1938,P00041,local_minority,True,6,6,15,0.5333333333333333,3.7142857142857144,0.35137073854672585,False,0,0,-6,5
1932,1938,P00042,local_minority,False,1,2,1,0.0,1.0,1.125,True,1,1,0,1
1932,1938,P00043,arab_egyptian,False,1,0,0,,,,False,0,0,-1,1
1932,1938,P00044,local_minority,False,4,13,78,0.6153846153846154,9.67857142857143,0.19271836624977218,False,0,0,-4,4
1932,1938,P00045,arab_egyptian,True,2,0,0,,,,True,5,5,3,2
1932,1938,P00046,local_minority,True,1,0,0,,,,True,1,1,0,1
1932,1938,P00047,local_minority,False,1,3,3,0.0,1.0,0.7441975308641977,True,1,0,0,1
1932,1938,P00048,local_minority,False,1,2,1,0.0,1.0,0.865,False,0,0,-1,1
1932,1938,P00049,local_minority,False,2,0,0,,,,False,0,0,-2,2
1932,1938,P00050,european,False,1,1,0,,1.0,1.0,False,0,0,-1,1
1932,1938,P00051,european,False,1,1,0,,1.0,1.0,False,0,0,-1,1
1932,1938,P00052,european,False,1,2,1,0.0,1.0,1.125,False,0,0,-1,1
1932,1938,P00053,european,False,1,2,1,0.0,1.0,1.125,False,0,0,-1,1
1932,1938,P00054,arab_egyptian,False,8,13,78,0.6923076923076923,10.282051282051281,0.15991662863166362,False,0,0,-8,5
1932,1938,P00055,european,False,3,5,10,0.0,2.1999999999999997,0.39043657276234706,False,0,0,-3,3
1932,1938,P00056,arab_egyptian,True,1,0,0,,,,False,0,0,-1,1
1932,1938,P00057,unknown,False,2,7,21,0.38095238095238093,4.0,0.313063453592729,False,0,0,-2,2
1932,1938,P00058,european,False,1,3,3,0.0,1.3333333333333335,0.5302067586293776,True,3,2,2,1
1932,1938,P00059,european,False,10,24,276,0.7463768115942029,19.30357142857143,0.11963297079990971,True,10,5,0,5
1932,1938,P00060,unknown,False,2,6,15,0.26666666666666666,2.8571428571428568,0.4537972551420073,True,2,1,0,2
1932,1938,P00061,unknown,False,1,4,6,0.0,2.041666666666667,0.3571280768224449,True,2,2,1,1
1932,1938,P00062,unknown,False,2,2,1,0.0,1.0,1.125,False,0,0,-2,2
1932,1938,P00063,european,False,3,3,3,0.6666666666666666,2.5555555555555554,0.48422591566635886,True,3,3,0,3
1932,1938,P00064,arab_egyptian,True,1,9,36,0.0,0.9999999999999984,0.3636852514725259,False,0,0,-1,1
1932,1938,P00065,arab_egyptian,False,1,9,36,0.0,0.9999999999999984,0.3636852514725259,True,2,2,1,1
1932,1938,P00066,unknown,False,1,1,0,,1.0,1.0,False,0,0,-1,1
1932,1938,P00067,european,False,1,5,10,0.0,1.7999999999999998,0.40128681452857284,True,7,6,6,1
1932,1938,P00068,unknown,False,4,2,1,1.0,2.0,0.5,False,0,0,-4,4
1932,1938,P00069,local_minority,False,1,9,36,0.0,2.222222222222221,0.30713589393403407,True,2,2,1,1
1932,1938,P00070,european,False,1,2,1,0.0,1.0,1.125,False,0,0,-1,1
1932,1938,P00071,european,True,2,4,6,0.0,1.0,0.7122395833333331,False,0,0,-2,2
1932,1938,P00072,arab_egyptian,True,1,9,36,0.0,0.9999999999999984,0.3636852514725259,False,0,0,-1,1
1932,1938,P00073,unknown,False,2,2,1,0.0,1.3333333333333335,0.8680555555555554,False,0,0,-2,2
1932,1938,P00074,unknown,False,1,2,1,0.0,1.0,1.0850694444444442,False,0,0,-1,1
1932,1938,P00075,arab_egyptian,True,1,2,1,0.0,1.0,0.9344444444444444,False,0,0,-1,1
1932,1938,P00076,unknown,False,1,4,6,0.0,1.0,0.7122395833333331,False,0,0,-1,1
1932,1938,P00077,unknown,False,3,4,6,0.6666666666666666,3.2,0.47361111111111115,False,0,0,-3,3
1932,1938,P00078,unknown,False,1,1,0,,1.0,1.0,False,0,0,-1,1
1932,1938,P00079,unknown,False,2,0,0,,,,False,0,0,-2,2
1932,1938,P00080,european,False,3,7,21,0.47619047619047616,4.75,0.3070732905989837,False,0,0,-3,3
1932,1938,P00081,european,False,1,5,10,0.0,2.1999999999999997,0.39043657276234706,False,0,0,-1,1
1932,1938,P00082,european,False,3,8,28,0.6071428571428571,5.812500000000001,0.2369910296474172,False,0,0,-3,3
1932,1938,P00083,unknown,False,1,0,0,,,,False,0,0,-1,1
1932,1938,P00084,unknown,False,2,0,0,,,,False,0,0,-2,2
1932,1938,P00085,local_minority,False,5,15,105,0.6095238095238096,10.266666666666666,0.17719257100656813,False,0,0,-5,5
1932,1938,P00086,unknown,False,2,6,15,0.2,2.75,0.43607063210959324,False,0,0,-2,2
1932,1938,P00087,unknown,False,1,2,1,0.0,1.25,0.6776147959183674,False,0,0,-1,1
1932,1938,P00088,unknown,False,1,6,15,0.0,2.944444444444444,0.39296979065442617,False,0,0,-1,1
1932,1938,P00089,unknown,False,2,1,0,,1.0,1.0,True,9,7,7,2
1932,1938,P00090,unknown,False,2,8,28,0.35714285714285715,4.685185185185185,0.3335555830246911,True,2,0,0,2
1932,1938,P00091,local_minority,False,3,3,3,0.6666666666666666,2.666666666666667,0.3854595336076817,True,2,1,-1,3
1932,1938,P00092,european,False,7,16,120,0.7333333333333333,12.868421052631577,0.16569598096388943,True,2,1,-5,5
1932,1938,P00094,local_minority,False,1,1,0,,1.0,1.0,False,0,0,-1,1
1932,1938,P00095,european,False,4,3,3,0.6666666666666666,2.3333333333333335,0.41916666666666663,False,0,0,-4,4
1932,1938,P00096,european,False,2,6,15,0.3333333333333333,3.333333333333334,0.3172682650750416,True,4,4,2,2
1932,1938,P00097,arab_egyptian,False,1,2,1,0.0,1.0,0.865,False,0,0,-1,1
1932,1938,P00098,local_minority,False,2,6,15,0.0,2.8095238095238098,0.3853622463970837,False,0,0,-2,2
1932,1938,P00099,unknown,False,1,1,0,,1.0,1.0,False,0,0,-1,1
1932,1938,P00100,arab_egyptian,True,3,15,105,0.5904761904761905,9.433333333333334,0.19216068294900204,True,12,9,9,3
1932,1938,P00101,local_minority,False,4,6,15,0.7333333333333333,4.666666666666667,0.2605574845679012,False,0,0,-4,4
1932,1938,P00102,european,False,2,13,78,0.44871794871794873,6.653846153846153,0.2265190762005005,True,4,3,2,2
1932,1938,P00103,arab_egyptian,False,3,6,15,0.5333333333333333,3.666666666666667,0.4652777777777777,False,0,0,-3,3
1932,1938,P00104,european,False,4,12,66,0.696969696969697,9.226190476190478,0.21177494538643588,False,0,0,-4,4
1932,1938,P00105,european,False,1,1,0,,1.0,1.0,False,0,0,-1,1
1932,1938,P00106,local_minority,True,3,2,1,0.0,1.0,0.7107859672794736,True,13,13,10,3
1932,1938,P00107,local_minority,False,1,0,0,,,,False,0,0,-1,1
1932,1938,P00109,local_minority,False,1,2,1,0.0,1.0,0.9027777777777779,False,0,0,-1,1
1932,1938,P00110,local_minority,True,1,4,6,0.0,1.0,0.7122395833333331,False,0,0,-1,1
1932,1938,P00111,unknown,False,2,4,6,0.6666666666666666,3.25,0.3765434559240363,False,0,0,-2,2
1932,1938,P00112,unknown,False,1,3,3,0.0,1.3333333333333335,0.5700960550777401,False,0,0,-1,1
1932,1938,P00113,local_minority,False,2,3,3,0.0,1.0,0.925925925925926,False,0,0,-2,2
1932,1938,P00114,european,False,2,4,6,0.3333333333333333,2.3,0.528503669712461,True,2,0,0,2
1932,1938,P00115,european,False,13,17,136,0.7720588235294118,14.363636363636363,0.14978952254965025,True,18,9,5,5
1932,1938,P00116,local_minority,False,1,0,0,,,,True,3,3,2,1
1932,1938,P00117,european,False,2,10,45,0.2,3.9000000000000004,0.2617516469581405,False,0,0,-2,2
1932,1938,P00118,european,False,2,2,1,0.0,1.0,0.8469444444444445,False,0,0,-2,2
1932,1938,P00119,local_minority,False,4,2,1,1.0,2.0,0.5,False,0,0,-4,4
1932,1938,P00120,local_minority,False,5,10,45,0.6444444444444445,7.45,0.2056380464315904,True,8,6,3,5
1932,1938,P00121,unknown,False,3,6,15,0.3333333333333333,3.3333333333333344,0.388319986741253,False,0,0,-3,3
1932,1938,P00122,local_minority,True,3,9,36,0.0,2.222222222222221,0.307135893934034,False,0,0,-3,3
1932,1938,P00123,local_minority,False,2,2,1,0.0,1.0,0.6247222222222223,True,3,1,1,2
1932,1938,P00124,european,False,1,1,0,,1.0,1.0,True,1,0,0,1
1932,1938,P00125,european,False,3,11,55,0.32727272727272727,5.272727272727273,0.23489169680728123,False,0,0,-3,3
1932,1938,P00126,european,False,7,4,6,1.0,4.0,0.25,False,0,0,-7,5
1932,1938,P00127,european,False,4,8,28,0.7857142857142857,6.5,0.2322341900887574,False,0,0,-4,4
1932,1938,P00128,european,False,3,2,1,0.0,1.0,0.7799408284023668,False,0,0,-3,3
1932,1938,P00129,local_minority,False,1,3,3,0.0,1.0,0.7441975308641977,False,0,0,-1,1
1932,1938,P00130,local_minority,False,8,19,171,0.6900584795321637,14.428571428571427,0.13519128920078877,False,0,0,-8,5
1932,1938,P00131,unknown,False,2,2,1,0.0,1.0,0.9027777777777779,False,0,0,-2,2
1932,1938,P00132,unknown,False,1,1,0,,1.0,1.0,False,0,0,-1,1
1932,1938,P00133,arab_egyptian,True,1,2,1,0.0,1.0,0.87890625,False,0,0,-1,1
1932,1938,P00134,local_minority,False,5,16,120,0.65,12.071428571428573,0.18031969924113586,False,0,0,-5,5
1932,1938,P00135,local_minority,False,4,5,10,0.0,2.1999999999999997,0.36240646962927187,True,10,10,6,4
1932,1938,P00136,european,False,1,0,0,,,,False,0,0,-1,1
1932,1938,P00137,unknown,False,3,4,6,0.5,2.5,0.3879253472222222,False,0,0,-3,3
1932,1938,P00138,local_minority,False,1,2,1,0.0,1.0,0.87890625,False,0,0,-1,1
1932,1938,P00139,local_minority,False,2,0,0,,,,True,1,1,-1,2
1932,1938,P00140,local_minority,False,1,2,1,0.0,1.0,1.125,True,1,0,0,1
1932,1938,P00141,local_minority,False,2,11,55,0.2909090909090909,4.791666666666667,0.2620968733743242,True,2,0,0,2
1932,1938,P00142,local_minority,False,1,2,1,0.0,1.0,1.125,False,0,0,-1,1
1932,1938,P00143,local_minority,False,1,2,1,0.0,1.0,1.125,False,0,0,-1,1
1932,1938,P00144,local_minority,False,1,0,0,,,,True,2,2,1,1
1932,1938,P00145,local_minority,False,2,3,3,0.0,1.3333333333333335,0.6420307382212143,False,0,0,-2,2
1932,1938,P00146,arab_egyptian,False,2,10,45,0.17777777777777778,2.600000000000001,0.31319740667689394,True,5,4,3,2
1932,1938,P00147,local_minority,False,2,4,6,0.0,1.625,0.40364055993863684,True,2,0,0,2
1932,1938,P00148,local_minority,False,1,1,0,,1.0,1.0,False,0,0,-1,1
1932,1938,P00149,arab_egyptian,False,4,10,45,0.7333333333333333,8.05,0.21241253534311727,False,0,0,-4,4
1932,1938,P00150,local_minority,False,2,0,0,,,,True,3,3,1,2
1932,1938,P00151,local_minority,False,2,1,0,,1.0,1.0,False,0,0,-2,2
1932,1938,P00152,local_minority,False,3,6,15,0.3333333333333333,3.3333333333333335,0.3172682650750416,False,0,0,-3,3
1932,1938,P00153,european,False,5,2,1,0.0,1.0,0.70703125,False,0,0,-5,5
1932,1938,P00154,european,False,1,1,0,,1.0,1.0,True,1,1,0,1
1932,1938,P00155,european,False,1,1,0,,1.0,1.0,True,9,8,8,1
1932,1938,P00156,european,False,2,4,6,0.0,1.8750000000000002,0.36387929300906563,True,3,1,1,2
1932,1938,P00158,unknown,False,3,1,0,,1.0,1.0,True,4,4,1,3
1932,1938,P00159,unknown,False,1,2,1,0.0,1.0,0.8469444444444445,False,0,0,-1,1
1932,1938,P00160,european,False,1,5,10,0.0,1.9000000000000001,0.3792484529014366,False,0,0,-1,1
1932,1938,P00161,local_minority,False,1,3,3,0.0,1.3333333333333335,0.5637860082304527,False,0,0,-1,1
1932,1938,P00162,unknown,False,1,0,0,,,,False,0,0,-1,1
1932,1938,P00163,arab_egyptian,False,1,2,1,0.0,1.0,0.5898274497175596,False,0,0,-1,1
1938,1942,P00002,arab_egyptian,False,1,0,0,,,,True,1,1,0,1
1938,1942,P00008,local_minority,False,3,0,0,,,,True,4,3,1,3
1938,1942,P00018,arab_egyptian,False,1,0,0,,,,False,0,0,-1,1
1938,1942,P00028,local_minority,True,6,9,36,0.75,7.601851851851851,0.17869277971918962,True,1,1,-5,5
1938,1942,P00034,unknown,False,1,2,1,0.0,1.0,1.125,True,2,1,1,1
1938,1942,P00036,european,True,2,8,28,0.42857142857142855,5.125,0.2517163902819148,True,5,5,3,2
1938,1942,P00040,local_minority,False,1,1,0,,1.0,1.0,True,1,0,0,1
1938,1942,P00042,local_minority,False,1,1,0,,1.0,1.0,True,1,1,0,1
1938,1942,P00045,arab_egyptian,True,5,11,55,0.6181818181818182,8.238095238095237,0.2283806319280998,False,0,0,-5,5
1938,1942,P00046,local_minority,True,1,2,1,0.0,1.0,0.6209977324263039,False,0,0,-1,1
1938,1942,P00047,local_minority,False,1,4,6,0.0,2.125,0.5518444896449703,True,1,0,0,1
1938,1942,P00058,european,False,3,8,28,0.5714285714285714,5.666666666666667,0.35129855682090216,False,0,0,-3,3
1938,1942,P00059,european,False,10,13,78,0.6538461538461539,10.157894736842104,0.21464863685541724,False,0,0,-10,5
1938,1942,P00060,unknown,False,2,1,0,,1.0,1.0,False,0,0,-2,2
1938,1942,P00061,unknown,False,2,1,0,,1.0,1.0,False,0,0,-2,2
1938,1942,P00063,european,False,3,2,1,0.0,1.0,0.686530612244898,False,0,0,-3,3
1938,1942,P00065,arab_egyptian,True,2,0,0,,,,True,1,1,-1,2
1938,1942,P00067,european,False,7,13,78,0.717948717948718,10.536458333333332,0.2057636017053305,True,6,3,-1,5
1938,1942,P00069,local_minority,False,2,0,0,,,,True,3,2,1,2
1938,1942,P00089,unknown,False,9,12,66,0.7878787878787878,10.038461538461538,0.17159761979281005,True,6,4,-3,5
1938,1942,P00090,unknown,False,2,7,21,0.23809523809523808,3.8125,0.4082696464002267,True,2,0,0,2
1938,1942,P00091,local_minority,False,2,4,6,0.0,1.8055555555555556,0.569197255375823,True,2,1,0,2
1938,1942,P00092,european,False,2,1,0,,1.0,1.0,False,0,0,-2,2
1938,1942,P00093,local_minority,False,5,8,28,0.5357142857142857,5.545454545454546,0.29720988603231446,True,4,0,-1,5
1938,1942,P00096,european,False,4,1,0,,1.0,1.0,True,7,6,3,4
1938,1942,P00100,arab_egyptian,True,12,25,300,0.84,21.994791666666664,0.115376779362346,True,13,8,1,5
1938,1942,P00102,european,False,4,8,28,0.5357142857142857,5.888888888888889,0.2840957248797557,True,3,2,-1,4
1938,1942,P00106,local_minority,False,13,13,78,0.7948717948717948,10.904761904761907,0.1945602237493637,False,0,0,-13,5
1938,1942,P00108,local_minority,False,1,2,1,0.0,1.25,0.8469444444444445,True,2,2,1,1
1938,1942,P00114,european,False,2,3,3,0.0,1.5,0.5926326474977043,True,2,0,0,2
1938,1942,P00115,european,False,18,26,325,0.7876923076923077,22.03030303030303,0.12124535422343759,False,0,0,-18,5
1938,1942,P00116,local_minority,False,3,10,45,0.3111111111111111,5.923611111111112,0.2699532853303305,True,3,0,0,3
1938,1942,P00120,local_minority,False,8,20,190,0.8105263157894737,16.8375,0.13024864723312113,True,1,1,-7,5
1938,1942,P00123,local_minority,False,3,1,0,,1.0,1.0,True,3,2,0,3
1938,1942,P00124,european,False,1,3,3,0.0,1.3333333333333335,0.6717804305683093,True,1,0,0,1
1938,1942,P00135,local_minority,False,10,14,91,0.7362637362637363,11.399999999999999,0.17901688440042587,False,0,0,-10,5
1938,1942,P00139,local_minority,False,1,1,0,,1.0,1.0,False,0,0,-1,1
1938,1942,P00140,local_minority,False,1,3,3,0.0,1.0,0.808641975308642,False,0,0,-1,1
1938,1942,P00141,local_minority,False,2,9,36,0.5,5.981481481481481,0.2552855816602301,False,0,0,-2,2
1938,1942,P00144,local_minority,False,2,6,15,0.26666666666666666,2.7142857142857144,0.4238403269471053,True,1,1,-1,2
1938,1942,P00146,arab_egyptian,False,5,12,66,0.7424242424242424,9.654761904761905,0.20908944958191608,True,1,1,-4,5
1938,1942,P00147,local_minority,False,2,3,3,0.0,1.8333333333333335,0.43715676374716544,False,0,0,-2,2
1938,1942,P00150,local_minority,False,3,0,0,,,,True,11,10,8,3
1938,1942,P00154,european,False,1,0,0,,,,True,3,3,2,1
1938,1942,P00155,european,False,9,11,55,0.7636363636363637,9.140625,0.1883155405263668,False,0,0,-9,5
1938,1942,P00156,european,False,3,5,10,0.0,2.4444444444444446,0.4498398406058338,False,0,0,-3,3
1938,1942,P00158,unknown,False,4,3,3,0.6666666666666666,2.3333333333333335,0.4982853223593964,True,10,8,6,4
1938,1942,P00164,arab_egyptian,True,1,3,3,0.0,1.0,0.808641975308642,False,0,0,-1,1
1938,1942,P00165,arab_egyptian,False,1,3,3,0.0,1.3333333333333335,0.7471655328798186,True,2,2,1,1
1938,1942,P00166,arab_egyptian,False,6,10,45,0.6222222222222222,7.449999999999999,0.21739262831868864,True,6,3,0,5
1938,1942,P00168,arab_egyptian,False,1,1,0,,1.0,1.0,False,0,0,-1,1
1938,1942,P00169,arab_egyptian,False,2,1,0,,1.0,1.0,True,6,5,4,2
1938,1942,P00170,arab_egyptian,False,1,0,0,,,,False,0,0,-1,1
1938,1942,P00172,arab_egyptian,False,1,4,6,0.0,1.5625,0.5972640306122449,False,0,0,-1,1
1938,1942,P00174,unknown,False,1,0,0,,,,False,0,0,-1,1
1938,1942,P00175,local_minority,False,1,0,0,,,,False,0,0,-1,1
1938,1942,P00177,local_minority,False,2,5,10,0.0,1.6,0.523191836734694,False,0,0,-2,2
1938,1942,P00178,local_minority,False,1,0,0,,,,False,0,0,-1,1
1938,1942,P00179,local_minority,False,1,0,0,,,,True,1,1,0,1
1938,1942,P00181,unknown,False,1,0,0,,,,False,0,0,-1,1
1938,1942,P00182,unknown,False,2,0,0,,,,False,0,0,-2,2
1938,1942,P00183,unknown,False,1,2,1,0.0,1.0,0.9225,True,1,0,0,1
1938,1942,P00184,european,False,3,11,55,0.6363636363636364,8.196969696969697,0.21034383697507472,True,17,14,14,3
1938,1942,P00185,european,False,2,11,55,0.4909090909090909,7.242424242424243,0.21102479087922837,True,5,5,3,2
1938,1942,P00187,local_minority,False,2,0,0,,,,True,3,3,1,2
1938,1942,P00188,unknown,False,1,2,1,0.0,1.0,1.125,False,0,0,-1,1
1938,1942,P00189,arab_egyptian,False,1,1,0,,1.0,1.0,True,1,0,0,1
1938,1942,P00190,unknown,False,3,0,0,,,,False,0,0,-3,3
1938,1942,P00191,local_minority,False,1,0,0,,,,True,1,1,0,1
1938,1942,P00193,unknown,False,1,8,28,0.0,3.218749999999999,0.34379181278735904,False,0,0,-1,1
1938,1942,P00194,unknown,True,2,5,10,0.4,2.5999999999999996,0.5300000000000001,False,0,0,-2,2
1938,1942,P00195,unknown,True,3,8,28,0.5357142857142857,5.4375,0.23984597318525414,False,0,0,-3,3
1938,1942,P00196,unknown,False,1,0,0,,,,False,0,0,-1,1
1938,1942,P00197,unknown,False,1,3,3,0.0,1.5,0.717939027462837,False,0,0,-1,1
1938,1942,P00198,unknown,False,1,0,0,,,,True,1,0,0,1
1938,1942,P00199,local_minority,False,1,3,3,0.0,1.0,0.925925925925926,False,0,0,-1,1
1938,1942,P00201,unknown,False,1,0,0,,,,True,1,0,0,1
1938,1942,P00202,arab_egyptian,True,1,0,0,,,,False,0,0,-1,1
1938,1942,P00203,arab_egyptian,False,1,1,0,,1.0,1.0,False,0,0,-1,1
1938,1942,P00204,unknown,False,1,3,3,0.0,1.5555555555555556,0.6073731575963719,False,0,0,-1,1
1938,1942,P00205,unknown,False,9,14,91,0.8351648351648352,12.489583333333332,0.1516126034272428,False,0,0,-9,5
1938,1942,P00206,unknown,False,1,0,0,,,,False,0,0,-1,1
1938,1942,P00207,unknown,False,1,0,0,,,,False,0,0,-1,1
1938,1942,P00208,european,False,1,0,0,,,,False,0,0,-1,1
1938,1942,P00209,unknown,False,1,5,10,0.0,0.9999999999999998,0.5872777777777779,True,1,0,0,1
1938,1942,P00210,european,False,1,6,15,0.0,2.541666666666667,0.4942957923910304,True,2,1,1,1
1938,1942,P00211,unknown,False,2,0,0,,,,False,0,0,-2,2
1938,1942,P00213,arab_egyptian,False,1,1,0,,1.0,1.0,False,0,0,-1,1
1938,1942,P00214,local_minority,False,1,0,0,,,,True,4,4,3,1
1938,1942,P00215,local_minority,False,1,0,0,,,,True,1,1,0,1
1938,1942,P00216,unknown,False,1,3,3,0.0,1.0,0.925925925925926,False,0,0,-1,1
1938,1942,P00217,unknown,False,1,3,3,0.0,1.0,0.925925925925926,True,1,1,0,1
1938,1942,P00218,unknown,False,3,5,10,0.5,3.433333333333333,0.37970873859185555,False,0,0,-3,3
1938,1942,P00219,local_minority,False,2,0,0,,,,False,0,0,-2,2
1938,1942,P00221,european,False,2,8,28,0.5357142857142857,4.75,0.3759027777777778,True,1,0,-1,2
1938,1942,P00222,european,False,2,0,0,,,,False,0,0,-2,2
1938,1942,P00223,unknown,False,1,1,0,,1.0,1.0,False,0,0,-1,1
1938,1942,P00224,unknown,False,1,5,10,0.0,0.9999999999999998,0.6480000000000001,True,1,0,0,1
1938,1942,P00226,local_minority,False,1,2,1,0.0,1.3333333333333335,0.656494140625,False,0,0,-1,1
1938,1942,P00227,unknown,False,2,6,15,0.0,2.53125,0.49869490504535147,True,1,1,-1,2
1938,1942,P00228,unknown,False,2,3,3,0.6666666666666666,2.5,0.40666729654824885,False,0,0,-2,2
1938,1942,P00229,european,False,1,5,10,0.0,2.533333333333333,0.45256802367105403,False,0,0,-1,1
1938,1942,P00231,european,False,1,2,1,0.0,1.5,0.5956317712270094,False,0,0,-1,1
1938,1942,P00232,unknown,False,1,0,0,,,,False,0,0,-1,1
1938,1942,P00233,unknown,False,1,6,15,0.0,2.166666666666667,0.3776127152919631,False,0,0,-1,1
1938,1942,P00234,unknown,False,1,0,0,,,,True,1,1,0,1
1938,1942,P00235,unknown,False,2,3,3,0.6666666666666666,2.3333333333333335,0.3945770839710233,False,0,0,-2,2
1938,1942,P00236,unknown,False,1,0,0,,,,True,1,1,0,1
1938,1942,P00237,european,False,1,4,6,0.0,1.0,0.765625,True,1,0,0,1
1938,1942,P00238,unknown,False,1,0,0,,,,False,0,0,-1,1
1938,1942,P00239,unknown,False,1,1,0,,1.0,1.0,True,1,0,0,1
1938,1942,P00240,local_minority,False,1,2,1,0.0,1.25,0.5985828037110088,False,0,0,-1,1
1938,1942,P00241,unknown,False,1,6,15,0.0,2.166666666666667,0.3776127152919631,True,1,1,0,1
1938,1942,P00242,european,False,1,2,1,0.0,1.25,0.5907826672335601,False,0,0,-1,1
1938,1942,P00243,unknown,False,1,0,0,,,,False,0,0,-1,1
1938,1942,P00244,unknown,False,1,0,0,,,,True,1,1,0,1
1938,1942,P00245,unknown,False,1,0,0,,,,False,0,0,-1,1
1938,1942,P00246,local_minority,False,1,1,0,,1.0,1.0,False,0,0,-1,1
1938,1942,P00247,unknown,False,1,6,15,0.0,1.0000000000000004,0.5026620370370369,False,0,0,-1,1
1938,1942,P00248,local_minority,False,1,0,0,,,,True,1,1,0,1
1938,1942,P00249,unknown,False,1,2,1,0.0,1.6666666666666667,0.548095703125,False,0,0,-1,1
1938,1942,P00250,local_minority,False,1,3,3,0.0,1.0,0.925925925925926,False,0,0,-1,1
1938,1942,P00251,local_minority,False,17,33,528,0.8882575757575758,30.226190476190478,0.09547058996460545,True,19,9,2,5
1938,1942,P00252,local_minority,False,1,1,0,,1.0,1.0,False,0,0,-1,1
1938,1942,P00253,local_minority,False,9,8,28,0.5714285714285714,5.3999999999999995,0.3022456526946178,False,0,0,-9,5
1938,1942,P00254,arab_egyptian,False,1,2,1,0.0,1.0,1.125,False,0,0,-1,1
1938,1942,P00255,local_minority,False,2,4,6,0.0,1.8333333333333335,0.4933777602838011,False,0,0,-2,2
1938,1942,P00256,unknown,False,1,3,3,0.0,1.0,0.925925925925926,False,0,0,-1,1
1938,1942,P00257,local_minority,False,1,2,1,0.0,1.0,1.125,True,1,0,0,1
1938,1942,P00258,local_minority,False,1,1,0,,1.0,1.0,False,0,0,-1,1
1938,1942,P00259,unknown,False,1,1,0,,1.0,1.0,False,0,0,-1,1
1938,1942,P00260,european,False,1,3,3,0.0,1.0,0.925925925925926,False,0,0,-1,1
1938,1942,P00261,european,False,1,2,1,0.0,1.25,0.865,True,1,0,0,1
1938,1942,P00262,unknown,False,1,5,10,0.0,2.0500000000000003,0.44089319057011367,False,0,0,-1,1
1938,1942,P00263,unknown,False,1,4,6,0.0,1.0,0.7332812499999999,True,1,0,0,1
1938,1942,P00264,unknown,False,1,4,6,0.0,1.0,0.7332812499999999,True,1,0,0,1
1938,1942,P00265,unknown,False,1,4,6,0.0,1.0,0.7332812499999999,False,0,0,-1,1
1938,1942,P00266,unknown,False,1,3,3,0.0,1.0,0.925925925925926,True,1,1,0,1
1938,1942,P00267,local_minority,False,1,3,3,0.0,1.0,0.925925925925926,True,1,0,0,1
1938,1942,P00268,local_minority,False,1,2,1,0.0,1.0,1.3888888888888886,False,0,0,-1,1
1938,1942,P00269,local_minority,False,1,4,6,0.0,1.0,0.765625,True,1,1,0,1
1938,1942,P00270,local_minority,False,1,3,3,0.0,1.0,0.925925925925926,False,0,0,-1,1
1938,1942,P00271,unknown,False,2,1,0,,1.0,1.0,True,1,1,-1,2
1938,1942,P00272,unknown,False,1,2,1,0.0,1.0,0.87890625,False,0,0,-1,1
1938,1942,P00273,unknown,False,1,0,0,,,,True,1,1,0,1
1938,1942,P00274,unknown,False,1,1,0,,1.0,1.0,False,0,0,-1,1
1938,1942,P00275,unknown,False,1,1,0,,1.0,1.0,False,0,0,-1,1
1938,1942,P00276,local_minority,False,1,1,0,,1.0,1.0,False,0,0,-1,1
1938,1942,P00277,european,True,1,2,1,0.0,1.0,1.125,False,0,0,-1,1
1938,1942,P00278,unknown,True,1,3,3,0.0,1.0,0.925925925925926,False,0,0,-1,1
1938,1942,P00279,unknown,True,1,2,1,0.0,1.0,0.9225,False,0,0,-1,1
1938,1942,P00280,unknown,True,1,2,1,0.0,1.0,1.125,False,0,0,-1,1
1938,1942,P00281,european,False,2,8,28,0.0,3.0277777777777777,0.34318438311283433,True,1,1,-1,2
1938,1942,P00282,unknown,False,1,1,0,,1.0,1.0,False,0,0,-1,1
1938,1942,P00283,local_minority,False,1,0,0,,,,True,1,1,0,1
1938,1942,P00285,european,False,1,0,0,,,,True,1,1,0,1
1938,1942,P00286,european,False,2,5,10,0.6,3.4000000000000004,0.4398250000000001,True,1,1,-1,2
1938,1942,P00287,unknown,False,1,0,0,,,,False,0,0,-1,1
1938,1942,P00288,unknown,False,1,0,0,,,,False,0,0,-1,1
1938,1942,P00289,european,False,2,3,3,0.6666666666666666,2.3333333333333335,0.5017361111111112,True,2,2,0,2
1938,1942,P00290,unknown,False,1,0,0,,,,True,1,0,0,1
1938,1942,P00291,unknown,False,1,0,0,,,,False,0,0,-1,1
1938,1942,P00293,local_minority,False,5,6,15,0.26666666666666666,3.2222222222222223,0.4602823154196225,True,3,3,-2,5
1938,1942,P00294,unknown,False,1,1,0,,1.0,1.0,False,0,0,-1,1
1938,1942,P00296,european,False,1,3,3,0.0,1.0,0.808641975308642,False,0,0,-1,1
1938,1942,P00297,unknown,False,2,3,3,0.0,1.0,0.808641975308642,False,0,0,-2,2
1938,1942,P00298,unknown,False,1,5,10,0.0,0.9999999999999998,0.6289777777777779,False,0,0,-1,1
1938,1942,P00299,unknown,False,1,3,3,0.0,1.5555555555555556,0.6073731575963719,False,0,0,-1,1
1938,1942,P00300,unknown,False,3,0,0,,,,False,0,0,-3,3
1938,1942,P00301,unknown,False,1,1,0,,1.0,1.0,False,0,0,-1,1
1938,1942,P00302,unknown,False,1,0,0,,,,True,1,1,0,1
1938,1942,P00303,unknown,False,1,0,0,,,,False,0,0,-1,1
1938,1942,P00305,unknown,False,1,0,0,,,,False,0,0,-1,1
1938,1942,P00306,local_minority,False,1,4,6,0.0,1.0,0.6605902777777777,False,0,0,-1,1
1938,1942,P00308,arab_egyptian,False,1,1,0,,1.0,1.0,False,0,0,-1,1
1938,1942,P00309,unknown,False,1,0,0,,,,False,0,0,-1,1
1938,1942,P00310,arab_egyptian,False,1,1,0,,1.0,1.0,False,0,0,-1,1
1938,1942,P00311,arab_egyptian,False,1,7,21,0.0,1.000000000000001,0.49271137026239054,False,0,0,-1,1
1938,1942,P00312,arab_egyptian,False,1,7,21,0.0,1.000000000000001,0.49271137026239054,False,0,0,-1,1
1938,1942,P00313,arab_egyptian,False,1,7,21,0.0,1.000000000000001,0.49271137026239054,False,0,0,-1,1
1938,1942,P00314,arab_egyptian,False,1,7,21,0.0,1.000000000000001,0.49271137026239054,True,1,0,0,1
1938,1942,P00315,arab_egyptian,False,1,7,21,0.0,1.000000000000001,0.49271137026239054,False,0,0,-1,1
1938,1942,P00316,arab_egyptian,False,1,7,21,0.0,1.000000000000001,0.49271137026239054,False,0,0,-1,1
1938,1942,P00317,arab_egyptian,False,1,7,21,0.0,1.000000000000001,0.49271137026239054,False,0,0,-1,1
1938,1942,P00318,european,False,2,8,28,0.0,3.218749999999999,0.34379181278735904,False,0,0,-2,2
1938,1942,P00319,european,False,1,0,0,,,,False,0,0,-1,1
1938,1942,P00320,unknown,False,1,1,0,,1.0,1.0,True,1,0,0,1
1938,1942,P00321,arab_egyptian,False,2,1,0,,1.0,1.0,True,2,1,0,2
1938,1942,P00322,unknown,False,1,3,3,0.0,1.0,0.925925925925926,False,0,0,-1,1
1938,1942,P00323,arab_egyptian,False,1,5,10,0.0,1.8,0.48407933030019284,False,0,0,-1,1
1938,1942,P00324,arab_egyptian,False,3,4,6,0.0,1.0,0.641875,True,2,0,-1,3
1938,1942,P00327,arab_egyptian,False,2,2,1,0.0,1.0,1.125,False,0,0,-2,2
1938,1942,P00328,unknown,False,1,3,3,0.0,1.0,0.78125,False,0,0,-1,1
1938,1942,P00329,unknown,False,1,4,6,0.0,1.0,0.6605902777777777,False,0,0,-1,1
1938,1942,P00330,unknown,False,1,4,6,0.0,1.0,0.765625,True,1,0,0,1
1938,1942,P00331,unknown,False,3,6,15,0.5333333333333333,3.666666666666667,0.39899149321497807,False,0,0,-3,3
1938,1942,P00332,local_minority,False,1,0,0,,,,False,0,0,-1,1
1938,1942,P00336,unknown,False,8,9,36,0.3888888888888889,5.216666666666667,0.27903610087450803,False,0,0,-8,5
1938,1942,P00337,unknown,False,1,0,0,,,,False,0,0,-1,1
1938,1942,P00338,unknown,False,1,0,0,,,,False,0,0,-1,1
1938,1942,P00339,european,False,1,3,3,0.0,1.0,0.925925925925926,True,1,1,0,1
1938,1942,P00340,unknown,False,1,4,6,0.0,1.0,0.765625,False,0,0,-1,1
1938,1942,P00341,local_minority,False,1,3,3,0.0,1.5,0.717939027462837,True,1,1,0,1
1938,1942,P00342,unknown,False,1,2,1,0.0,1.0,0.87890625,False,0,0,-1,1
1938,1942,P00343,unknown,False,1,0,0,,,,False,0,0,-1,1
1938,1942,P00344,unknown,False,1,2,1,0.0,1.375,0.8294444444444444,False,0,0,-1,1
1938,1942,P00345,european,False,1,5,10,0.0,0.9999999999999998,0.6480000000000001,True,1,0,0,1
1938,1942,P00346,unknown,False,1,1,0,,1.0,1.0,False,0,0,-1,1
1938,1942,P00348,arab_egyptian,False,1,7,21,0.0,1.000000000000001,0.49271137026239054,False,0,0,-1,1
1938,1942,P00349,arab_egyptian,False,4,4,6,0.0,1.4285714285714288,0.476299122954967,False,0,0,-4,4
1938,1942,P00350,unknown,False,1,4,6,0.0,1.0,0.765625,False,0,0,-1,1
1938,1942,P00351,unknown,False,1,0,0,,,,False,0,0,-1,1
1938,1942,P00352,european,False,1,1,0,,1.0,1.0,False,0,0,-1,1
1938,1942,P00353,european,False,2,6,15,0.6,4.000000000000001,0.462962962962963,False,0,0,-2,2
1938,1942,P00354,european,False,1,0,0,,,,False,0,0,-1,1
1938,1942,P00355,unknown,False,1,4,6,0.0,1.0,0.641875,False,0,0,-1,1
1938,1942,P00356,unknown,False,1,3,3,0.0,1.0,0.925925925925926,True,1,1,0,1
1938,1942,P00357,unknown,False,1,0,0,,,,False,0,0,-1,1
1938,1942,P00358,unknown,False,1,2,1,0.0,1.0,0.67640625,False,0,0,-1,1
1938,1942,P00359,arab_egyptian,True,3,1,0,,1.0,1.0,False,0,0,-3,3
1938,1942,P00360,european,False,1,0,0,,,,True,1,0,0,1
1938,1942,P00361,unknown,False,1,4,6,0.0,1.0,0.7332812499999999,False,0,0,-1,1
1938,1942,P00362,local_minority,False,1,0,0,,,,False,0,0,-1,1
1938,1942,P00364,local_minority,False,1,0,0,,,,True,1,1,0,1
1938,1942,P00365,unknown,False,2,5,10,0.0,1.8,0.4634825396825398,False,0,0,-2,2
1938,1942,P00366,arab_egyptian,False,1,0,0,,,,False,0,0,-1,1
1938,1942,P00367,unknown,False,3,2,1,0.0,1.0,0.9225,False,0,0,-3,3
1938,1942,P00369,unknown,False,4,7,21,0.5714285714285714,4.880952380952381,0.3015036692716954,False,0,0,-4,4
1938,1942,P00370,arab_egyptian,False,7,18,153,0.7516339869281046,14.733333333333333,0.15232715183319878,False,0,0,-7,5
1938,1942,P00371,unknown,False,1,3,3,0.0,1.3333333333333335,0.7471655328798186,False,0,0,-1,1
1938,1942,P00372,unknown,False,1,8,28,0.0,3.218749999999999,0.34379181278735904,False,0,0,-1,1
1938,1942,P00373,unknown,False,1,1,0,,1.0,1.0,False,0,0,-1,1
1938,1942,P00374,arab_egyptian,False,2,1,0,,1.0,1.0,False,0,0,-2,2
1938,1942,P00376,unknown,False,1,3,3,0.0,1.3333333333333335,0.6368981003213957,False,0,0,-1,1
1938,1942,P00377,unknown,False,1,2,1,0.0,1.25,0.8469444444444445,False,0,0,-1,1
1938,1942,P00378,unknown,False,1,5,10,0.0,0.9999999999999998,0.6289777777777779,True,1,0,0,1
1938,1942,P00379,arab_egyptian,False,1,1,0,,1.0,1.0,False,0,0,-1,1
1938,1942,P00380,unknown,True,1,1,0,,1.0,1.0,False,0,0,-1,1
1938,1942,P00381,unknown,False,1,3,3,0.0,1.5,0.5203645833333334,False,0,0,-1,1
1938,1942,P00382,unknown,False,1,1,0,,1.0,1.0,False,0,0,-1,1
1938,1942,P00383,unknown,False,1,5,10,0.0,0.9999999999999998,0.6480000000000001,False,0,0,-1,1
1938,1942,P00384,unknown,False,4,3,3,0.6666666666666666,2.5,0.48187934027777785,False,0,0,-4,4
1938,1942,P00385,european,False,1,1,0,,1.0,1.0,True,1,1,0,1
1938,1942,P00386,unknown,False,1,0,0,,,,False,0,0,-1,1
1938,1942,P00387,unknown,False,6,0,0,,,,False,0,0,-6,5
1938,1942,P00388,arab_egyptian,False,2,6,15,0.0,1.0000000000000004,0.5026620370370369,True,1,1,-1,2
1938,1942,P00389,european,False,3,1,0,,1.0,1.0,False,0,0,-3,3
1938,1942,P00390,unknown,False,3,6,15,0.3333333333333333,3.4166666666666665,0.3085912098156335,False,0,0,-3,3
1938,1942,P00393,unknown,False,1,1,0,,1.0,1.0,False,0,0,-1,1
1938,1942,P00394,unknown,False,1,4,6,0.0,1.5625,0.5972640306122449,False,0,0,-1,1
1938,1942,P00395,unknown,False,1,4,6,0.0,1.5625,0.5972640306122449,False,0,0,-1,1
1938,1942,P00396,unknown,False,1,5,10,0.0,0.9999999999999998,0.5872777777777779,False,0,0,-1,1
1938,1942,P00397,european,False,1,0,0,,,,False,0,0,-1,1
1938,1942,P00399,unknown,False,2,2,1,0.0,1.0,0.9116735537190084,False,0,0,-2,2
1938,1942,P00400,unknown,False,1,3,3,0.0,1.3333333333333335,0.7471655328798186,False,0,0,-1,1
1938,1942,P00401,european,False,1,0,0,,,,False,0,0,-1,1
1938,1942,P00402,unknown,False,1,1,0,,1.0,1.0,False,0,0,-1,1
1938,1942,P00403,unknown,False,1,1,0,,1.0,1.0,False,0,0,-1,1
1938,1942,P00404,european,False,1,0,0,,,,False,0,0,-1,1
1938,1942,P00405,unknown,False,2,2,1,0.0,1.25,0.8447265625,False,0,0,-2,2
1938,1942,P00406,unknown,False,1,5,10,0.0,2.1999999999999997,0.445401530612245,False,0,0,-1,1
1938,1942,P00407,unknown,False,1,5,10,0.0,2.1999999999999997,0.445401530612245,True,1,0,0,1
1938,1942,P00408,unknown,False,2,5,10,0.1,2.229166666666667,0.44767596874429005,True,1,1,-1,2
1938,1942,P00409,european,False,1,5,10,0.0,0.9999999999999998,0.6289777777777779,True,1,0,0,1
1938,1942,P00410,european,False,1,5,10,0.0,0.9999999999999998,0.6289777777777779,True,1,0,0,1
1938,1942,P00411,local_minority,False,1,1,0,,1.0,1.0,True,3,3,2,1
1938,1942,P00412,local_minority,False,1,5,10,0.0,0.9999999999999998,0.6289777777777779,False,0,0,-1,1
1938,1942,P00413,local_minority,False,1,0,0,,,,False,0,0,-1,1
1938,1942,P00414,unknown,False,2,5,10,0.1,2.229166666666667,0.44767596874429005,True,1,1,-1,2
1938,1942,P00415,european,False,1,0,0,,,,True,5,5,4,1
1938,1942,P00416,european,False,2,2,1,0.0,1.0,1.125,True,1,1,-1,2
1938,1942,P00417,unknown,False,1,5,10,0.0,0.9999999999999998,0.6480000000000001,False,0,0,-1,1
1938,1942,P00418,unknown,False,1,1,0,,1.0,1.0,False,0,0,-1,1
1938,1942,P00419,european,False,3,1,0,,1.0,1.0,True,3,2,0,3
1938,1942,P00420,unknown,False,1,3,3,0.0,1.0,0.808641975308642,False,0,0,-1,1
1938,1942,P00422,unknown,False,1,0,0,,,,False,0,0,-1,1
1938,1942,P00423,local_minority,False,1,0,0,,,,True,2,2,1,1
1938,1942,P00425,unknown,False,1,0,0,,,,False,0,0,-1,1
1938,1942,P00426,european,False,1,5,10,0.0,2.1999999999999997,0.445401530612245,False,0,0,-1,1
1938,1942,P00427,unknown,False,1,3,3,0.0,1.0,0.7402469135802467,True,1,0,0,1
1938,1942,P00428,unknown,False,1,0,0,,,,False,0,0,-1,1
1938,1942,P00429,arab_egyptian,True,1,5,10,0.0,1.6,0.523191836734694,False,0,0,-1,1
1938,1942,P00430,arab_egyptian,False,1,1,0,,1.0,1.0,True,2,1,1,1
1938,1942,P00431,arab_egyptian,False,1,3,3,0.0,1.3333333333333335,0.7471655328798186,False,0,0,-1,1
1938,1942,P00432,unknown,False,1,0,0,,,,False,0,0,-1,1
1938,1942,P00433,european,False,1,4,6,0.0,1.0,0.641875,False,0,0,-1,1
1938,1942,P00435,unknown,False,1,2,1,0.0,1.25,0.8447265625,False,0,0,-1,1
1938,1942,P00436,unknown,False,2,0,0,,,,False,0,0,-2,2
1938,1942,P00437,arab_egyptian,False,2,3,3,0.0,1.6,0.647265306122449,False,0,0,-2,2
1938,1942,P00438,unknown,False,1,5,10,0.0,1.8,0.4634825396825398,True,2,1,1,1
1938,1942,P00439,unknown,False,1,3,3,0.0,1.0,0.925925925925926,False,0,0,-1,1
1938,1942,P00440,local_minority,False,1,3,3,0.0,1.0,0.925925925925926,False,0,0,-1,1
1938,1942,P00441,local_minority,False,1,3,3,0.0,1.0,0.925925925925926,True,1,0,0,1
1938,1942,P00442,local_minority,False,1,3,3,0.0,1.3333333333333335,0.6717804305683092,True,1,0,0,1
1938,1942,P00443,unknown,False,1,3,3,0.0,1.3333333333333335,0.7471655328798186,True,1,0,0,1
1938,1942,P00444,local_minority,False,3,2,1,0.0,1.0,0.9116735537190084,True,2,1,-1,3
1938,1942,P00445,unknown,False,1,2,1,0.0,1.0,0.9225,False,0,0,-1,1
1938,1942,P00446,unknown,False,1,1,0,,1.0,1.0,False,0,0,-1,1
1938,1942,P00447,european,False,3,0,0,,,,True,3,3,0,3
1938,1942,P00448,local_minority,False,5,10,45,0.5555555555555556,7.153846153846155,0.3149327431565565,True,3,0,-2,5
1938,1942,P00449,arab_egyptian,False,1,1,0,,1.0,1.0,True,1,1,0,1
1938,1942,P00450,arab_egyptian,False,1,5,10,0.0,1.6,0.523191836734694,True,1,1,0,1
1938,1942,P00451,european,False,2,3,3,0.0,1.0,0.78125,False,0,0,-2,2
1938,1942,P00452,european,False,1,2,1,0.0,1.0,0.7530864197530864,True,1,0,0,1
1938,1942,P00453,local_minority,False,1,0,0,,,,True,3,3,2,1
1938,1942,P00454,local_minority,False,2,6,15,0.3333333333333333,2.666666666666667,0.4484027777777777,True,5,4,3,2
1938,1942,P00455,local_minority,False,4,6,15,0.6,4.0,0.3721064814814815,True,3,1,-1,4
1938,1942,P00456,unknown,False,1,0,0,,,,False,0,0,-1,1
1938,1942,P00457,arab_egyptian,False,1,0,0,,,,True,2,2,1,1
1938,1942,P00458,arab_egyptian,False,2,5,10,0.6,3.4,0.4792000000000001,True,1,1,-1,2
1938,1942,P00459,unknown,False,1,2,1,0.0,1.0,0.9225,False,0,0,-1,1
1938,1942,P00461,unknown,False,1,1,0,,1.0,1.0,False,0,0,-1,1
1938,1942,P00462,unknown,False,1,1,0,,1.0,1.0,False,0,0,-1,1
1938,1942,P00463,unknown,False,1,1,0,,1.0,1.0,True,1,1,0,1
1938,1942,P00464,european,False,2,5,10,0.0,2.533333333333333,0.45256802367105403,True,1,1,-1,2
1938,1942,P00466,unknown,False,1,2,1,0.0,1.25,0.5655658284023668,False,0,0,-1,1
1938,1942,P00467,unknown,False,1,1,0,,1.0,1.0,False,0,0,-1,1
1938,1942,P00468,unknown,False,1,0,0,,,,False,0,0,-1,1
1938,1942,P00473,local_minority,False,1,1,0,,1.0,1.0,True,1,0,0,1
1938,1942,P00475,unknown,False,1,3,3,0.0,1.0,0.925925925925926,False,0,0,-1,1
1938,1942,P00476,unknown,False,1,3,3,0.0,1.0,0.925925925925926,False,0,0,-1,1
1938,1942,P00477,unknown,True,4,5,10,0.6,3.6,0.4533884297520662,False,0,0,-4,4
1938,1942,P00478,european,False,6,14,91,0.6483516483516484,10.619791666666668,0.1826837035522523,True,5,2,-1,5
1938,1942,P00479,unknown,False,1,2,1,0.0,1.0,0.87890625,False,0,0,-1,1
1938,1942,P00480,local_minority,False,1,0,0,,,,False,0,0,-1,1
1938,1942,P00481,local_minority,False,2,0,0,,,,False,0,0,-2,2
1938,1942,P00482,arab_egyptian,False,1,2,1,0.0,1.0,1.125,False,0,0,-1,1
1938,1942,P00483,local_minority,False,1,3,3,0.0,1.5,0.717939027462837,True,1,1,0,1
1938,1942,P00484,local_minority,False,4,12,66,0.6818181818181818,9.307692307692307,0.21459544440069836,True,5,2,1,4
1938,1942,P00485,local_minority,False,1,0,0,,,,True,1,0,0,1
1938,1942,P00486,unknown,False,1,0,0,,,,False,0,0,-1,1
1938,1942,P00487,european,False,1,5,10,0.0,0.9999999999999998,0.5872777777777779,False,0,0,-1,1
1938,1942,P00488,european,False,2,2,1,0.0,1.0,1.125,True,2,1,0,2
1938,1942,P00489,unknown,False,1,3,3,0.0,1.0,0.925925925925926,False,0,0,-1,1
1938,1942,P00490,unknown,False,1,3,3,0.0,1.0,0.925925925925926,False,0,0,-1,1
1938,1942,P00491,unknown,False,1,2,1,0.0,1.0,1.125,False,0,0,-1,1
1938,1942,P00492,local_minority,False,2,6,15,0.0,2.53125,0.49869490504535147,False,0,0,-2,2
1938,1942,P00493,unknown,False,1,0,0,,,,False,0,0,-1,1
1938,1942,P00495,unknown,False,1,6,15,0.0,1.0000000000000004,0.5026620370370369,False,0,0,-1,1
1938,1942,P00496,european,False,1,2,1,0.0,1.0,0.9225,False,0,0,-1,1
1938,1942,P00497,unknown,False,1,2,1,0.0,1.375,0.8294444444444444,False,0,0,-1,1
1938,1942,P00498,local_minority,False,1,0,0,,,,False,0,0,-1,1
1938,1942,P00499,unknown,False,3,4,6,0.5,2.75,0.3707407407407407,False,0,0,-3,3
1938,1942,P00500,local_minority,True,1,0,0,,,,True,9,9,8,1
1938,1942,P00501,unknown,False,1,0,0,,,,False,0,0,-1,1
1938,1942,P00502,unknown,False,1,0,0,,,,False,0,0,-1,1
1938,1942,P00503,unknown,False,2,0,0,,,,False,0,0,-2,2
1938,1942,P00505,local_minority,False,3,3,3,0.0,1.0,0.925925925925926,True,3,0,0,3
1938,1942,P00506,local_minority,False,6,9,36,0.5277777777777778,6.277777777777779,0.21437547899855242,False,0,0,-6,5
1938,1942,P00508,local_minority,False,1,2,1,0.0,1.0,0.6353402366863905,False,0,0,-1,1
1938,1942,P00509,european,False,1,0,0,,,,True,1,1,0,1
1938,1942,P00510,european,False,2,3,3,0.0,1.6,0.647265306122449,False,0,0,-2,2
1938,1942,P00511,unknown,False,1,3,3,0.0,1.0,0.925925925925926,False,0,0,-1,1
1938,1942,P00512,unknown,False,1,3,3,0.0,1.0,0.925925925925926,True,1,1,0,1
1938,1942,P00513,european,False,1,1,0,,1.0,1.0,False,0,0,-1,1
1938,1942,P00514,local_minority,True,1,3,3,0.0,1.8333333333333335,0.5651349852071006,False,0,0,-1,1
1938,1942,P00515,local_minority,False,1,3,3,0.0,1.0,0.925925925925926,True,1,0,0,1
1938,1942,P00516,european,False,1,6,15,0.0,2.1666666666666665,0.3776127152919631,True,1,1,0,1
1938,1942,P00517,unknown,False,1,3,3,0.0,1.0,0.925925925925926,True,1,1,0,1
1938,1942,P00518,unknown,False,1,1,0,,1.0,1.0,False,0,0,-1,1
1938,1942,P00519,unknown,False,1,6,15,0.0,2.541666666666667,0.4942957923910304,True,1,1,0,1
1938,1942,P00520,european,False,11,2,1,1.0,2.0,0.5,False,0,0,-11,5
1938,1942,P00521,local_minority,False,1,0,0,,,,False,0,0,-1,1
1938,1942,P00522,unknown,False,5,6,15,0.2,2.9375,0.416928675179456,False,0,0,-5,5
1938,1942,P00523,unknown,False,7,9,36,0.6388888888888888,6.666666666666666,0.24619058269907934,False,0,0,-7,5
1938,1942,P00524,unknown,False,2,5,10,0.0,2.0500000000000003,0.44089319057011367,False,0,0,-2,2
1938,1942,P00525,unknown,False,1,4,6,0.0,2.125,0.5518444896449703,False,0,0,-1,1
1938,1942,P00526,unknown,False,5,9,36,0.5833333333333334,6.227272727272727,0.2963927927421915,False,0,0,-5,5
1938,1942,P00527,unknown,False,1,0,0,,,,False,0,0,-1,1
1938,1942,P00529,arab_egyptian,False,1,0,0,,,,False,0,0,-1,1
1938,1942,P00532,unknown,False,1,0,0,,,,False,0,0,-1,1
1938,1942,P00533,arab_egyptian,False,1,1,0,,1.0,1.0,False,0,0,-1,1
1938,1942,P00534,unknown,False,1,4,6,0.0,1.8333333333333335,0.49337776028380104,True,1,1,0,1
1938,1942,P00537,unknown,True,13,27,351,0.8290598290598291,23.672222222222224,0.10730471430379124,True,1,1,-12,5
1938,1942,P00538,local_minority,False,1,0,0,,,,False,0,0,-1,1
1938,1942,P00539,unknown,True,1,0,0,,,,False,0,0,-1,1
1938,1942,P00540,arab_egyptian,True,5,4,6,0.5,2.8,0.39576749311294773,True,3,3,-2,5
1938,1942,P00541,unknown,True,1,0,0,,,,False,0,0,-1,1
1938,1942,P00542,arab_egyptian,False,3,3,3,0.6666666666666666,2.6666666666666665,0.40200618821747447,True,2,2,-1,3
1938,1942,P00543,arab_egyptian,True,1,3,3,0.0,1.3333333333333335,0.7471655328798186,False,0,0,-1,1
1938,1942,P00544,local_minority,False,2,1,0,,1.0,1.0,True,1,1,-1,2
1938,1942,P00545,local_minority,False,1,2,1,0.0,1.0,1.125,False,0,0,-1,1
1938,1942,P00546,local_minority,True,6,14,91,0.7142857142857143,10.900000000000002,0.17340796605505443,True,5,1,-1,5
1938,1942,P00547,arab_egyptian,False,1,4,6,0.0,1.0,0.6418750000000001,False,0,0,-1,1
1938,1942,P00548,arab_egyptian,False,2,2,1,0.0,1.3333333333333335,1.0030864197530862,True,3,3,1,2
1938,1942,P00550,unknown,False,3,7,21,0.23809523809523808,3.9000000000000004,0.4032100907029478,False,0,0,-3,3
1938,1942,P00551,european,False,2,5,10,0.4,3.05,0.44113945578231306,True,3,1,1,2
1938,1942,P00552,unknown,False,1,2,1,0.0,1.0,0.87890625,True,1,1,0,1
1938,1942,P00553,unknown,False,1,0,0,,,,False,0,0,-1,1
1938,1942,P00555,unknown,False,1,0,0,,,,False,0,0,-1,1
1938,1942,P00556,unknown,False,1,0,0,,,,False,0,0,-1,1
1938,1942,P00557,unknown,False,1,0,0,,,,False,0,0,-1,1
1938,1942,P00558,arab_egyptian,False,1,0,0,,,,False,0,0,-1,1
1938,1942,P00559,unknown,False,1,5,10,0.0,2.05,0.44089319057011367,False,0,0,-1,1
1938,1942,P00560,unknown,False,1,3,3,0.0,1.0,0.925925925925926,False,0,0,-1,1
1938,1942,P00561,local_minority,False,1,2,1,0.0,1.0,1.125,True,3,2,2,1
1938,1942,P00563,unknown,False,1,0,0,,,,False,0,0,-1,1
1938,1942,P00564,local_minority,False,1,0,0,,,,False,0,0,-1,1
1938,1942,P00565,european,False,1,2,1,0.0,1.0,0.87890625,False,0,0,-1,1
1938,1942,P00566,unknown,False,1,3,3,0.0,1.0,0.78125,True,1,0,0,1
1938,1942,P00567,european,False,1,3,3,0.0,1.5833333333333335,0.45469092498110353,False,0,0,-1,1
1938,1942,P00569,arab_egyptian,False,1,0,0,,,,False,0,0,-1,1
1938,1942,P00570,arab_egyptian,False,1,2,1,0.0,1.0,1.125,True,1,0,0,1
1938,1942,P00571,local_minority,False,1,3,3,0.0,1.0,0.808641975308642,False,0,0,-1,1
1938,1942,P00573,arab_egyptian,False,2,5,10,0.6,3.6999999999999997,0.3967534722222223,False,0,0,-2,2
1938,1942,P00574,local_minority,False,1,4,6,0.0,1.0,0.6605902777777777,False,0,0,-1,1
1938,1942,P00575,local_minority,False,1,0,0,,,,False,0,0,-1,1
1938,1942,P00576,unknown,False,2,4,6,0.5,2.9583333333333335,0.38456028133688525,False,0,0,-2,2
1938,1942,P00577,unknown,False,1,6,15,0.0,1.0000000000000004,0.5026620370370369,False,0,0,-1,1
1938,1942,P00578,unknown,False,1,2,1,0.0,1.0,0.67640625,False,0,0,-1,1
1938,1942,P00579,local_minority,False,1,3,3,0.0,1.3333333333333335,0.6101316452506929,False,0,0,-1,1
1938,1942,P00580,local_minority,False,1,3,3,0.0,1.3333333333333335,0.6101316452506929,True,2,2,1,1
1938,1942,P00581,unknown,False,2,2,1,1.0,2.0,0.5,False,0,0,-2,2
1938,1942,P00582,local_minority,False,5,8,28,0.8571428571428571,7.0,0.26859374999999996,True,1,1,-4,5
1938,1942,P00583,local_minority,False,1,5,10,0.0,0.9999999999999998,0.5872777777777779,False,0,0,-1,1
1938,1942,P00584,arab_egyptian,False,8,6,15,0.5333333333333333,4.0,0.3635010119750379,True,4,1,-4,5
1938,1942,P00587,unknown,False,1,0,0,,,,False,0,0,-1,1
1938,1942,P00588,unknown,False,1,8,28,0.0,3.21875,0.34379181278735904,False,0,0,-1,1
1938,1942,P00590,unknown,False,1,0,0,,,,False,0,0,-1,1
1938,1942,P00591,unknown,False,9,12,66,0.6818181818181818,9.339285714285714,0.19094885419122562,False,0,0,-9,5
1938,1942,P00592,unknown,False,3,2,1,0.0,1.3333333333333335,1.0030864197530862,False,0,0,-3,3
1938,1942,P00593,unknown,False,1,2,1,0.0,1.25,0.865,False,0,0,-1,1
1938,1942,P00594,european,False,1,0,0,,,,True,1,1,0,1
1938,1942,P00595,unknown,False,1,5,10,0.0,0.9999999999999998,0.6480000000000001,False,0,0,-1,1
1938,1942,P00596,unknown,False,2,5,10,0.0,1.7999999999999998,0.4634825396825398,False,0,0,-2,2
1938,1942,P00597,unknown,False,1,0,0,,,,False,0,0,-1,1
1938,1942,P00598,unknown,False,1,2,1,0.0,1.0,0.87890625,True,1,1,0,1
1938,1942,P00599,unknown,False,2,0,0,,,,False,0,0,-2,2
1938,1942,P00601,unknown,False,1,3,3,0.0,1.0,0.925925925925926,False,0,0,-1,1
1938,1942,P00602,unknown,False,1,6,15,0.0,1.0000000000000004,0.5026620370370369,False,0,0,-1,1
1938,1942,P00603,unknown,False,1,6,15,0.0,1.0000000000000004,0.5026620370370369,False,0,0,-1,1
1938,1942,P00604,local_minority,False,1,0,0,,,,False,0,0,-1,1
1938,1942,P00606,unknown,False,1,0,0,,,,False,0,0,-1,1
1938,1942,P00607,local_minority,False,1,1,0,,1.0,1.0,False,0,0,-1,1
1938,1942,P00608,unknown,False,1,0,0,,,,False,0,0,-1,1
1938,1942,P00609,unknown,False,2,5,10,0.6,3.6,0.348587962962963,False,0,0,-2,2
1938,1942,P00610,unknown,False,2,2,1,0.0,1.0,1.125,False,0,0,-2,2
1938,1942,P00611,european,False,3,7,21,0.5714285714285714,4.87037037037037,0.34958967853778794,True,3,1,0,3
1938,1942,P00613,unknown,False,1,3,3,0.0,1.0,0.7402469135802467,False,0,0,-1,1
1938,1942,P00614,unknown,False,1,3,3,0.0,1.0,0.925925925925926,False,0,0,-1,1
1938,1942,P00617,unknown,False,3,1,0,,1.0,1.0,False,0,0,-3,3
1938,1942,P00618,arab_egyptian,False,9,10,45,0.5555555555555556,7.153846153846153,0.3149327431565565,True,1,0,-8,5
1938,1942,P00619,european,False,1,1,0,,1.0,1.0,True,1,0,0,1
1938,1942,P00620,unknown,False,1,0,0,,,,False,0,0,-1,1
1938,1942,P00621,local_minority,False,6,6,15,0.3333333333333333,2.666666666666667,0.47777777777777775,True,1,1,-5,5
1938,1942,P00622,unknown,True,1,5,10,0.0,0.9999999999999998,0.6480000000000001,False,0,0,-1,1
1938,1942,P00623,unknown,False,1,0,0,,,,False,0,0,-1,1
1938,1942,P00624,unknown,False,2,0,0,,,,False,0,0,-2,2
1938,1942,P00625,unknown,False,2,0,0,,,,False,0,0,-2,2
1938,1942,P00626,unknown,False,1,1,0,,1.0,1.0,False,0,0,-1,1
1938,1942,P00627,unknown,True,1,1,0,,1.0,1.0,False,0,0,-1,1
1942,1947,P00002,arab_egyptian,False,1,0,0,,,,False,0,0,-1,1
1942,1947,P00003,arab_egyptian,False,2,6,15,0.6,4.000000000000001,0.38108969513731417,False,0,0,-2,2
1942,1947,P00007,local_minority,False,1,0,0,,,,True,1,1,0,1
1942,1947,P00008,local_minority,False,4,0,0,,,,True,4,4,0,4
1942,1947,P00010,local_minority,False,2,1,0,,1.0,1.0,False,0,0,-2,2
1942,1947,P00011,local_minority,False,4,10,45,0.0,3.1999999999999997,0.24041050926834606,False,0,0,-4,4
1942,1947,P00020,local_minority,False,1,10,45,0.0,1.8000000000000005,0.28992952500062563,False,0,0,-1,1
1942,1947,P00024,unknown,False,1,0,0,,,,True,1,1,0,1
1942,1947,P00028,local_minority,False,1,0,0,,,,True,7,7,6,1
1942,1947,P00030,european,False,1,0,0,,,,True,1,1,0,1
1942,1947,P00033,unknown,False,2,1,0,,1.0,1.0,True,3,2,1,2
1942,1947,P00034,unknown,False,2,5,10,0.6,3.4000000000000004,0.45104938271604944,True,3,2,1,2
1942,1947,P00036,european,True,5,5,10,0.1,2.166666666666667,0.36839157408525536,True,4,1,-1,5
1942,1947,P00037,local_minority,False,1,1,0,,1.0,1.0,True,2,1,1,1
1942,1947,P00039,local_minority,False,1,2,1,0.0,1.0,0.668641975308642,False,0,0,-1,1
1942,1947,P00040,local_minority,False,1,4,6,0.0,1.5,0.6801215277777778,False,0,0,-1,1
1942,1947,P00042,local_minority,True,1,1,0,,1.0,1.0,True,2,2,1,1
1942,1947,P00047,local_minority,False,1,10,45,0.0,1.8000000000000005,0.28992952500062563,True,3,2,2,1
1942,1947,P00049,local_minority,False,1,0,0,,,,True,1,1,0,1
1942,1947,P00056,arab_egyptian,True,1,0,0,,,,True,2,2,1,1
1942,1947,P00057,unknown,False,1,2,1,0.0,1.25,0.828369140625,False,0,0,-1,1
1942,1947,P00065,arab_egyptian,False,1,4,6,0.0,1.0,0.765625,True,2,2,1,1
1942,1947,P00067,european,False,6,12,66,0.6666666666666666,9.263888888888888,0.1713206221962545,True,7,5,1,5
1942,1947,P00069,local_minority,False,3,11,55,0.16363636363636364,4.5,0.21467532306319317,False,0,0,-3,3
1942,1947,P00073,unknown,False,1,0,0,,,,False,0,0,-1,1
1942,1947,P00080,european,False,3,14,91,0.6153846153846154,9.688888888888888,0.20988024592758023,False,0,0,-3,3
1942,1947,P00081,european,False,2,1,0,,1.0,1.0,True,3,2,1,2
1942,1947,P00085,local_minority,False,6,25,300,0.6866666666666666,18.32692307692307,0.1117468568874,False,0,0,-6,5
1942,1947,P00089,unknown,False,6,8,28,0.4642857142857143,5.083333333333334,0.2916894087741944,True,8,7,2,5
1942,1947,P00090,unknown,False,2,8,28,0.5357142857142857,5.208333333333332,0.2832085116359486,False,0,0,-2,2
1942,1947,P00091,local_minority,False,2,2,1,0.0,1.0,1.125,False,0,0,-2,2
1942,1947,P00093,local_minority,False,4,10,45,0.5111111111111111,6.766666666666668,0.30252487874048106,True,4,1,0,4
1942,1947,P00094,local_minority,False,9,7,21,0.7619047619047619,5.9375,0.246849869524363,True,10,4,1,5
1942,1947,P00096,european,False,7,13,78,0.7692307692307693,10.738095238095239,0.1610369531097695,True,6,1,-1,5
1942,1947,P00100,arab_egyptian,True,13,38,703,0.9061166429587483,34.775000000000006,0.0703718927920932,True,15,8,2,5
1942,1947,P00102,european,False,3,10,45,0.4444444444444444,5.909090909090909,0.25673446605988265,False,0,0,-3,3
1942,1947,P00108,local_minority,False,2,7,21,0.47619047619047616,3.8571428571428577,0.4128117913832199,True,12,11,10,2
1942,1947,P00114,european,False,2,3,3,0.0,1.8333333333333335,0.608737521701389,False,0,0,-2,2
1942,1947,P00116,local_minority,False,3,9,36,0.3888888888888889,4.9,0.26023411105073196,True,3,0,0,3
1942,1947,P00117,european,False,5,13,78,0.3717948717948718,7.566666666666666,0.18351303499751911,True,4,0,-1,5
1942,1947,P00120,local_minority,False,1,2,1,0.0,1.25,0.6602255917159764,True,2,1,1,1
1942,1947,P00123,local_minority,False,3,1,0,,1.0,1.0,False,0,0,-3,3
1942,1947,P00124,european,True,1,4,6,0.0,1.5,0.6470182742214533,True,1,0,0,1
1942,1947,P00129,local_minority,False,2,13,78,0.38461538461538464,6.307692307692307,0.20749949346899932,True,1,1,-1,2
1942,1947,P00130,local_minority,False,6,20,190,0.7157894736842105,15.52272727272727,0.14606700917565113,True,8,8,2,5
1942,1947,P00131,unknown,False,4,13,78,0.6538461538461539,9.588235294117647,0.24981756986563688,True,8,4,4,4
1942,1947,P00133,arab_egyptian,True,2,0,0,,,,False,0,0,-2,2
1942,1947,P00136,european,False,2,3,3,0.0,1.6666666666666667,0.5528973765432099,True,3,3,1,2
1942,1947,P00138,local_minority,True,2,5,10,0.6,3.6,0.398928073635766,True,1,1,-1,2
1942,1947,P00144,local_minority,False,1,2,1,0.0,1.25,0.6296005917159764,False,0,0,-1,1
1942,1947,P00146,arab_egyptian,False,1,0,0,,,,True,12,12,11,1
1942,1947,P00150,local_minority,False,11,21,210,0.8238095238095238,18.200000000000006,0.12347236127819554,False,0,0,-11,5
1942,1947,P00154,european,False,3,7,21,0.14285714285714285,3.333333333333334,0.41779045138888893,False,0,0,-3,3
1942,1947,P00158,unknown,False,10,10,45,0.6888888888888889,7.923076923076924,0.20348863095349598,False,0,0,-10,5
1942,1947,P00165,arab_egyptian,False,2,0,0,,,,True,8,8,6,2
1942,1947,P00166,arab_egyptian,True,6,4,6,0.6666666666666666,3.125,0.4580251736111111,True,6,4,0,5
1942,1947,P00167,arab_egyptian,False,1,4,6,0.0,1.0,0.6974649234693876,False,0,0,-1,1
1942,1947,P00169,arab_egyptian,False,6,6,15,0.3333333333333333,3.0,0.41344184027777775,True,12,8,6,5
1942,1947,P00171,arab_egyptian,False,2,1,0,,1.0,1.0,True,3,1,1,2
1942,1947,P00179,local_minority,False,1,4,6,0.0,1.375,0.54729474852071,True,1,1,0,1
1942,1947,P00183,unknown,False,1,4,6,0.0,1.5000000000000002,0.5822143554687499,False,0,0,-1,1
1942,1947,P00184,european,False,17,28,378,0.8835978835978836,25.296875,0.10191082079039264,True,12,9,-5,5
1942,1947,P00185,european,False,5,13,78,0.6666666666666666,10.0,0.15587274691211073,True,6,5,1,5
1942,1947,P00186,local_minority,False,1,2,1,0.0,1.0,1.125,True,1,1,0,1
1942,1947,P00187,local_minority,False,3,5,10,0.6,3.5,0.4664694280078896,False,0,0,-3,3
1942,1947,P00189,arab_egyptian,False,1,2,1,0.0,1.0,0.7709750566893423,False,0,0,-1,1
1942,1947,P00191,local_minority,False,1,0,0,,,,False,0,0,-1,1
1942,1947,P00198,unknown,False,1,3,3,0.0,1.0,0.925925925925926,True,1,0,0,1
1942,1947,P00201,unknown,False,1,0,0,,,,False,0,0,-1,1
1942,1947,P00209,unknown,False,1,3,3,0.0,1.0,0.925925925925926,True,1,0,0,1
1942,1947,P00210,european,False,2,4,6,0.3333333333333333,2.5,0.38814921926128143,False,0,0,-2,2
1942,1947,P00214,local_minority,False,4,14,91,0.6703296703296703,10.214285714285715,0.1883516283766684,False,0,0,-4,4
1942,1947,P00215,local_minority,False,1,4,6,0.0,1.0,0.6544164540816326,False,0,0,-1,1
1942,1947,P00217,unknown,False,1,3,3,0.0,1.0,0.925925925925926,True,1,0,0,1
1942,1947,P00221,european,False,1,3,3,0.0,1.0,0.925925925925926,True,4,3,3,1
1942,1947,P00224,unknown,False,1,3,3,0.0,1.0,0.925925925925926,True,1,0,0,1
1942,1947,P00225,unknown,False,1,4,6,0.0,1.0,0.6865234375,False,0,0,-1,1
1942,1947,P00227,unknown,False,1,0,0,,,,False,0,0,-1,1
1942,1947,P00234,unknown,False,1,4,6,0.0,1.0,0.6865234375,False,0,0,-1,1
1942,1947,P00236,unknown,False,1,0,0,,,,False,0,0,-1,1
1942,1947,P00237,european,False,1,5,10,0.0,0.9999999999999998,0.6480000000000001,True,1,1,0,1
1942,1947,P00239,unknown,False,1,2,1,0.0,1.0,0.8888888888888888,False,0,0,-1,1
1942,1947,P00241,unknown,False,1,5,10,0.0,1.4,0.43512222222222224,True,1,1,0,1
1942,1947,P00244,unknown,False,1,3,3,0.0,1.0,0.7733950617283949,True,1,0,0,1
1942,1947,P00248,local_minority,False,1,1,0,,1.0,1.0,True,1,1,0,1
1942,1947,P00251,local_minority,False,19,54,1431,0.9133473095737247,50.197740112994346,0.045899333287568796,True,22,12,3,5
1942,1947,P00257,local_minority,False,1,4,6,0.0,1.0,0.6544164540816326,True,1,1,0,1
1942,1947,P00261,european,False,1,0,0,,,,True,1,1,0,1
1942,1947,P00263,unknown,False,1,5,10,0.0,0.9999999999999998,0.5394467455621302,True,1,0,0,1
1942,1947,P00264,unknown,False,1,5,10,0.0,0.9999999999999998,0.5394467455621302,True,1,0,0,1
1942,1947,P00266,unknown,False,1,2,1,0.0,1.0,0.9027777777777779,True,1,1,0,1
1942,1947,P00267,local_minority,False,1,2,1,0.0,1.0,1.125,True,1,0,0,1
1942,1947,P00269,local_minority,False,1,2,1,0.0,1.0,1.125,False,0,0,-1,1
1942,1947,P00271,unknown,False,1,0,0,,,,False,0,0,-1,1
1942,1947,P00273,unknown,False,1,2,1,0.0,1.0,1.0069444444444444,False,0,0,-1,1
1942,1947,P00281,european,False,1,1,0,,1.0,1.0,False,0,0,-1,1
1942,1947,P00283,local_minority,False,1,0,0,,,,True,1,1,0,1
1942,1947,P00285,european,False,1,4,6,0.0,1.0,0.6544164540816326,True,2,2,1,1
1942,1947,P00286,european,False,1,1,0,,1.0,1.0,False,0,0,-1,1
1942,1947,P00289,european,False,2,5,10,0.4,3.1333333333333333,0.3609970165289257,False,0,0,-2,2
1942,1947,P00290,unknown,False,1,5,10,0.0,1.4000000000000001,0.43997664264917014,False,0,0,-1,1
1942,1947,P00293,local_minority,False,3,16,120,0.48333333333333334,9.812500000000002,0.16130943917745777,False,0,0,-3,3
1942,1947,P00302,unknown,False,1,1,0,,1.0,1.0,True,1,1,0,1
1942,1947,P00314,arab_egyptian,False,1,2,1,0.0,1.0,1.125,True,1,0,0,1
1942,1947,P00320,unknown,False,1,2,1,0.0,1.0,1.125,False,0,0,-1,1
1942,1947,P00321,arab_egyptian,False,2,1,0,,1.0,1.0,True,1,1,-1,2
1942,1947,P00324,arab_egyptian,False,2,4,6,0.0,1.0,0.765625,True,1,0,-1,2
1942,1947,P00326,arab_egyptian,False,6,11,55,0.6545454545454545,8.115384615384617,0.19529529865702575,False,0,0,-6,5
1942,1947,P00330,unknown,False,1,5,10,0.0,0.9999999999999998,0.6480000000000001,False,0,0,-1,1
1942,1947,P00339,european,False,1,2,1,0.0,1.0,0.9027777777777779,True,1,1,0,1
1942,1947,P00341,local_minority,False,1,5,10,0.0,0.9999999999999998,0.6156081632653063,False,0,0,-1,1
1942,1947,P00345,european,False,1,3,3,0.0,1.0,0.925925925925926,True,1,0,0,1
1942,1947,P00356,unknown,False,1,0,0,,,,False,0,0,-1,1
1942,1947,P00360,european,False,1,1,0,,1.0,1.0,True,1,0,0,1
1942,1947,P00364,local_minority,False,1,2,1,0.0,1.0,1.125,False,0,0,-1,1
1942,1947,P00368,local_minority,False,1,0,0,,,,True,1,1,0,1
1942,1947,P00378,unknown,False,1,7,21,0.0,1.000000000000001,0.42822033519091557,False,0,0,-1,1
1942,1947,P00385,european,False,1,0,0,,,,True,1,0,0,1
1942,1947,P00388,arab_egyptian,False,1,0,0,,,,False,0,0,-1,1
1942,1947,P00407,unknown,False,1,1,0,,1.0,1.0,False,0,0,-1,1
1942,1947,P00408,unknown,False,1,3,3,0.0,1.3333333333333335,0.5986775636180397,False,0,0,-1,1
1942,1947,P00409,european,False,1,7,21,0.0,1.000000000000001,0.42822033519091557,True,1,0,0,1
1942,1947,P00410,european,False,1,7,21,0.0,1.000000000000001,0.42822033519091557,True,1,0,0,1
1942,1947,P00411,local_minority,False,3,0,0,,,,False,0,0,-3,3
1942,1947,P00414,unknown,False,1,3,3,0.0,1.3333333333333335,0.5986775636180397,False,0,0,-1,1
1942,1947,P00415,european,False,5,0,0,,,,False,0,0,-5,5
1942,1947,P00416,european,False,1,0,0,,,,True,1,0,0,1
1942,1947,P00419,european,False,3,5,10,0.4,3.2142857142857144,0.36517699672461573,False,0,0,-3,3
1942,1947,P00421,arab_egyptian,True,3,1,0,,1.0,1.0,True,2,1,-1,3
1942,1947,P00423,local_minority,False,2,5,10,0.6,3.5999999999999996,0.3859854208560759,True,2,0,0,2
1942,1947,P00427,unknown,False,1,2,1,0.0,1.0,1.125,True,1,0,0,1
1942,1947,P00430,arab_egyptian,False,2,8,28,0.5714285714285714,5.333333333333334,0.3270618672520661,False,0,0,-2,2
1942,1947,P00438,unknown,False,2,7,21,0.0,1.8571428571428579,0.40235833689338885,True,2,0,0,2
1942,1947,P00441,local_minority,False,1,3,3,0.0,1.0,0.925925925925926,True,2,2,1,1
1942,1947,P00442,local_minority,False,1,4,6,0.0,1.5,0.6470182742214533,False,0,0,-1,1
1942,1947,P00443,unknown,False,1,7,21,0.0,1.4285714285714295,0.4418457486722129,False,0,0,-1,1
1942,1947,P00444,local_minority,False,2,0,0,,,,True,3,2,1,2
1942,1947,P00447,european,False,3,13,78,0.38461538461538464,7.346153846153847,0.17005134951161516,True,1,1,-2,3
1942,1947,P00448,local_minority,False,3,23,253,0.6126482213438735,15.416666666666668,0.12937796902919746,True,1,0,-2,3
1942,1947,P00449,arab_egyptian,False,1,1,0,,1.0,1.0,True,1,1,0,1
1942,1947,P00450,arab_egyptian,False,1,0,0,,,,False,0,0,-1,1
1942,1947,P00452,european,False,1,3,3,0.0,1.6666666666666667,0.5528973765432099,True,1,0,0,1
1942,1947,P00453,local_minority,False,3,13,78,0.3974358974358974,7.551282051282051,0.16770150602086803,True,3,1,0,3
1942,1947,P00454,local_minority,False,5,3,3,0.6666666666666666,2.5,0.48866213151927435,False,0,0,-5,5
1942,1947,P00455,local_minority,False,3,9,36,0.2222222222222222,3.4444444444444438,0.3051382621397744,False,0,0,-3,3
1942,1947,P00457,arab_egyptian,False,2,7,21,0.5714285714285714,4.428571428571429,0.36251700680272103,False,0,0,-2,2
1942,1947,P00458,arab_egyptian,False,1,8,28,0.0,2.3125,0.3570794853424481,False,0,0,-1,1
1942,1947,P00460,european,False,3,5,10,0.6,3.8888888888888893,0.3550542534722222,False,0,0,-3,3
1942,1947,P00463,unknown,False,1,1,0,,1.0,1.0,False,0,0,-1,1
1942,1947,P00464,european,False,1,0,0,,,,False,0,0,-1,1
1942,1947,P00469,unknown,False,1,0,0,,,,False,0,0,-1,1
1942,1947,P00473,local_minority,False,1,1,0,,1.0,1.0,True,1,0,0,1
1942,1947,P00478,european,False,5,12,66,0.5909090909090909,8.153846153846153,0.21623627402130627,False,0,0,-5,5
1942,1947,P00483,local_minority,False,1,0,0,,,,True,1,1,0,1
1942,1947,P00484,local_minority,False,5,17,136,0.5808823529411765,11.029411764705882,0.15464567112945607,True,3,2,-2,5
1942,1947,P00485,local_minority,False,1,2,1,0.0,1.25,0.7530864197530864,False,0,0,-1,1
1942,1947,P00488,european,False,2,2,1,0.0,1.0,1.0069444444444444,True,2,1,0,2
1942,1947,P00500,local_minority,False,9,21,210,0.7238095238095238,16.854166666666668,0.1171130508211507,False,0,0,-9,5
1942,1947,P00505,local_minority,False,3,2,1,0.0,1.0,1.125,False,0,0,-3,3
1942,1947,P00509,european,False,1,0,0,,,,True,1,1,0,1
1942,1947,P00512,unknown,False,1,0,0,,,,False,0,0,-1,1
1942,1947,P00515,local_minority,False,1,0,0,,,,False,0,0,-1,1
1942,1947,P00516,european,False,1,5,10,0.0,1.3999999999999997,0.43512222222222224,True,1,1,0,1
1942,1947,P00517,unknown,False,1,1,0,,1.0,1.0,False,0,0,-1,1
1942,1947,P00519,unknown,False,1,1,0,,1.0,1.0,False,0,0,-1,1
1942,1947,P00534,unknown,False,1,4,6,0.0,1.375,0.4728505979938272,True,1,1,0,1
1942,1947,P00536,arab_egyptian,False,3,6,15,0.0,2.0833333333333335,0.3492829015116179,True,7,6,4,3
1942,1947,P00537,unknown,False,1,6,15,0.0,2.111111111111111,0.44352093604155984,True,1,1,0,1
1942,1947,P00540,arab_egyptian,True,3,2,1,0.0,1.0,0.9027777777777779,True,4,3,1,3
1942,1947,P00542,arab_egyptian,False,2,4,6,0.0,1.0,0.765625,True,3,2,1,2
1942,1947,P00544,local_minority,False,1,0,0,,,,True,3,3,2,1
1942,1947,P00546,local_minority,True,5,12,66,0.5454545454545454,7.730769230769229,0.20903597868984422,True,7,4,2,5
1942,1947,P00548,arab_egyptian,False,3,1,0,,1.0,1.0,True,9,9,6,3
1942,1947,P00551,european,False,3,11,55,0.41818181818181815,6.25,0.23415741495657166,False,0,0,-3,3
1942,1947,P00552,unknown,False,1,0,0,,,,False,0,0,-1,1
1942,1947,P00561,local_minority,False,3,4,6,0.5,2.5,0.5299999999999999,True,3,0,0,3
1942,1947,P00566,unknown,False,1,1,0,,1.0,1.0,False,0,0,-1,1
1942,1947,P00568,unknown,False,1,2,1,0.0,1.0,0.9225,True,1,0,0,1
1942,1947,P00570,arab_egyptian,False,1,4,6,0.0,1.0,0.6544164540816326,False,0,0,-1,1
1942,1947,P00580,local_minority,False,2,4,6,0.0,2.375,0.35376474120353535,False,0,0,-2,2
1942,1947,P00582,local_minority,False,1,3,3,0.0,1.0,0.925925925925926,False,0,0,-1,1
1942,1947,P00584,arab_egyptian,False,4,7,21,0.6190476190476191,5.5,0.2750219048394097,True,1,1,-3,4
1942,1947,P00594,european,False,1,0,0,,,,True,3,3,2,1
1942,1947,P00598,unknown,False,1,0,0,,,,False,0,0,-1,1
1942,1947,P00611,european,False,3,2,1,0.0,1.0,1.125,False,0,0,-3,3
1942,1947,P00612,local_minority,True,3,4,6,0.5,3.0833333333333335,0.3006033347943604,False,0,0,-3,3
1942,1947,P00618,arab_egyptian,False,1,1,0,,1.0,1.0,False,0,0,-1,1
1942,1947,P00619,european,False,1,1,0,,1.0,1.0,True,1,0,0,1
1942,1947,P00621,local_minority,False,1,0,0,,,,False,0,0,-1,1
1942,1947,P00628,arab_egyptian,False,1,6,15,0.0,1.4166666666666667,0.36975604445739196,True,2,1,1,1
1942,1947,P00629,arab_egyptian,False,1,2,1,0.0,1.0,0.8228402366863904,False,0,0,-1,1
1942,1947,P00630,arab_egyptian,False,2,2,1,0.0,1.25,0.625869140625,False,0,0,-2,2
1942,1947,P00631,arab_egyptian,False,1,2,1,0.0,1.1666666666666667,0.7816,False,0,0,-1,1
1942,1947,P00632,arab_egyptian,True,1,0,0,,,,True,6,6,5,1
1942,1947,P00633,arab_egyptian,False,1,3,3,0.0,1.0,0.808641975308642,False,0,0,-1,1
1942,1947,P00634,arab_egyptian,True,5,19,171,0.6549707602339181,14.087719298245615,0.1265868552071645,False,0,0,-5,5
1942,1947,P00635,arab_egyptian,False,1,3,3,0.0,1.4444444444444446,0.5886134430727021,False,0,0,-1,1
1942,1947,P00636,arab_egyptian,False,1,0,0,,,,False,0,0,-1,1
1942,1947,P00637,arab_egyptian,False,1,4,6,0.0,1.0,0.765625,True,1,0,0,1
1942,1947,P00638,arab_egyptian,False,1,2,1,0.0,1.0,1.125,True,5,5,4,1
1942,1947,P00639,arab_egyptian,False,2,3,3,0.6666666666666666,2.3333333333333335,0.6111111111111112,False,0,0,-2,2
1942,1947,P00640,arab_egyptian,False,1,0,0,,,,True,1,1,0,1
1942,1947,P00641,arab_egyptian,False,1,4,6,0.0,1.375,0.48735410034364984,False,0,0,-1,1
1942,1947,P00642,arab_egyptian,False,1,0,0,,,,True,1,1,0,1
1942,1947,P00643,arab_egyptian,True,4,8,28,0.5357142857142857,5.583333333333333,0.24081613033899368,False,0,0,-4,4
1942,1947,P00645,arab_egyptian,False,3,9,36,0.2222222222222222,3.9444444444444438,0.29855993021079624,True,3,1,0,3
1942,1947,P00646,arab_egyptian,True,1,0,0,,,,False,0,0,-1,1
1942,1947,P00647,arab_egyptian,False,1,3,3,0.0,1.3333333333333335,0.7607422017678427,True,1,1,0,1
1942,1947,P00649,local_minority,False,1,2,1,0.0,1.25,0.87890625,True,1,0,0,1
1942,1947,P00650,local_minority,False,2,3,3,0.0,1.5,0.7266172839506172,True,2,1,0,2
1942,1947,P00651,local_minority,False,1,0,0,,,,False,0,0,-1,1
1942,1947,P00652,local_minority,False,3,1,0,,1.0,1.0,False,0,0,-3,3
1942,1947,P00653,unknown,False,1,5,10,0.0,0.9999999999999998,0.6156081632653063,True,1,1,0,1
1942,1947,P00654,local_minority,False,1,0,0,,,,False,0,0,-1,1
1942,1947,P00655,local_minority,False,3,21,210,0.6428571428571429,15.047619047619042,0.13018375256489498,True,4,2,1,3
1942,1947,P00657,arab_egyptian,True,5,9,36,0.7222222222222222,7.277777777777779,0.1934999373877737,True,8,7,3,5
1942,1947,P00658,arab_egyptian,True,2,2,1,0.0,1.3333333333333335,0.6061469184027779,True,5,4,3,2
1942,1947,P00659,unknown,False,1,0,0,,,,False,0,0,-1,1
1942,1947,P00660,unknown,False,1,5,10,0.0,0.9999999999999998,0.6480000000000001,True,1,0,0,1
1942,1947,P00661,arab_egyptian,False,2,0,0,,,,False,0,0,-2,2
1942,1947,P00662,unknown,False,1,1,0,,1.0,1.0,False,0,0,-1,1
1942,1947,P00663,unknown,False,1,0,0,,,,False,0,0,-1,1
1942,1947,P00664,unknown,False,2,0,0,,,,False,0,0,-2,2
1942,1947,P00665,unknown,False,1,0,0,,,,False,0,0,-1,1
1942,1947,P00666,unknown,False,1,3,3,0.0,1.0,0.831111111111111,True,1,1,0,1
1942,1947,P00667,arab_egyptian,False,1,3,3,0.0,1.0,0.925925925925926,True,1,1,0,1
1942,1947,P00669,unknown,False,2,3,3,0.6666666666666666,2.3333333333333335,0.5347222222222222,False,0,0,-2,2
1942,1947,P00670,unknown,False,1,4,6,0.0,1.0,0.6974649234693876,False,0,0,-1,1
1942,1947,P00671,arab_egyptian,False,1,0,0,,,,False,0,0,-1,1
1942,1947,P00672,arab_egyptian,True,1,0,0,,,,False,0,0,-1,1
1942,1947,P00673,unknown,False,1,1,0,,1.0,1.0,False,0,0,-1,1
1942,1947,P00674,local_minority,False,1,5,10,0.0,1.4,0.5376840277777778,True,1,1,0,1
1942,1947,P00675,unknown,False,3,5,10,0.0,0.9999999999999998,0.6156081632653063,False,0,0,-3,3
1942,1947,P00676,local_minority,False,1,1,0,,1.0,1.0,False,0,0,-1,1
1942,1947,P00677,european,False,1,0,0,,,,False,0,0,-1,1
1942,1947,P00678,unknown,False,1,4,6,0.0,1.0,0.765625,False,0,0,-1,1
1942,1947,P00679,arab_egyptian,False,3,8,28,0.5357142857142857,4.875,0.3062970496383958,False,0,0,-3,3
1942,1947,P00680,arab_egyptian,False,1,3,3,0.0,1.4444444444444446,0.5886134430727021,True,1,0,0,1
1942,1947,P00681,unknown,False,1,2,1,0.0,1.25,0.8321005917159764,False,0,0,-1,1
1942,1947,P00682,european,False,1,3,3,0.0,1.0,0.925925925925926,False,0,0,-1,1
1942,1947,P00683,unknown,False,1,7,21,0.0,1.4285714285714295,0.44080955851728437,False,0,0,-1,1
1942,1947,P00684,unknown,False,1,0,0,,,,False,0,0,-1,1
1942,1947,P00685,arab_egyptian,False,1,0,0,,,,True,5,5,4,1
1942,1947,P00686,unknown,False,1,2,1,0.0,1.5,0.5452255917159764,False,0,0,-1,1
1942,1947,P00687,arab_egyptian,False,1,2,1,0.0,1.0,1.0069444444444444,False,0,0,-1,1
1942,1947,P00688,european,False,1,3,3,0.0,1.7777777777777777,0.6163435570987654,False,0,0,-1,1
1942,1947,P00689,arab_egyptian,False,1,1,0,,1.0,1.0,True,3,2,2,1
1942,1947,P00690,arab_egyptian,False,1,0,0,,,,False,0,0,-1,1
1942,1947,P00691,arab_egyptian,False,1,2,1,0.0,1.0,1.125,False,0,0,-1,1
1942,1947,P00692,european,False,3,5,10,0.7,4.0,0.5,True,2,1,-1,3
1942,1947,P00693,unknown,False,1,0,0,,,,True,1,0,0,1
1942,1947,P00694,unknown,False,1,0,0,,,,False,0,0,-1,1
1942,1947,P00695,local_minority,False,1,10,45,0.0,1.8000000000000005,0.28992952500062563,False,0,0,-1,1
1942,1947,P00696,unknown,False,1,1,0,,1.0,1.0,False,0,0,-1,1
1942,1947,P00697,unknown,False,1,2,1,0.0,1.0,1.125,False,0,0,-1,1
1942,1947,P00698,european,False,2,2,1,0.0,1.25,0.8210463947141626,True,5,5,3,2
1942,1947,P00699,unknown,False,2,4,6,0.0,1.666666666666667,0.4745720428719008,False,0,0,-2,2
1942,1947,P00700,unknown,False,1,3,3,0.0,1.0,0.925925925925926,True,1,0,0,1
1942,1947,P00701,unknown,False,1,3,3,0.0,1.0,0.925925925925926,True,1,0,0,1
1942,1947,P00702,unknown,False,1,3,3,0.0,1.3333333333333335,0.4491494082840236,False,0,0,-1,1
1942,1947,P00703,european,False,1,3,3,0.0,1.0,0.925925925925926,True,1,1,0,1
1942,1947,P00704,unknown,False,1,3,3,0.0,1.0,0.7733950617283949,True,1,0,0,1
1942,1947,P00705,arab_egyptian,False,1,0,0,,,,True,2,2,1,1
1942,1947,P00706,european,False,2,7,21,0.0,1.8571428571428579,0.40235833689338885,False,0,0,-2,2
1942,1947,P00707,unknown,False,1,0,0,,,,True,1,1,0,1
1942,1947,P00708,arab_egyptian,False,1,0,0,,,,True,1,1,0,1
1942,1947,P00709,unknown,False,1,0,0,,,,True,1,1,0,1
1942,1947,P00710,european,False,2,6,15,0.5333333333333333,3.916666666666667,0.3148560690050104,True,2,1,0,2
1942,1947,P00711,unknown,False,1,2,1,0.0,1.0,1.125,False,0,0,-1,1
1942,1947,P00712,unknown,False,1,1,0,,1.0,1.0,False,0,0,-1,1
1942,1947,P00713,unknown,False,1,0,0,,,,False,0,0,-1,1
1942,1947,P00716,local_minority,False,2,7,21,0.0,1.000000000000001,0.42822033519091557,False,0,0,-2,2
1942,1947,P00718,unknown,False,1,0,0,,,,False,0,0,-1,1
1942,1947,P00719,unknown,False,1,0,0,,,,False,0,0,-1,1
1942,1947,P00720,european,False,1,7,21,0.0,1.8571428571428579,0.37873108735101324,False,0,0,-1,1
1942,1947,P00721,european,False,1,0,0,,,,True,2,2,1,1
1942,1947,P00722,local_minority,False,1,4,6,0.0,1.5,0.6470182742214533,False,0,0,-1,1
1942,1947,P00723,unknown,False,1,2,1,0.0,1.0,1.125,False,0,0,-1,1
1942,1947,P00724,european,False,5,4,6,0.16666666666666666,2.6,0.39528940972222226,False,0,0,-5,5
1942,1947,P00725,unknown,False,1,1,0,,1.0,1.0,False,0,0,-1,1
1942,1947,P00726,local_minority,False,1,0,0,,,,True,2,2,1,1
1942,1947,P00727,local_minority,False,1,1,0,,1.0,1.0,True,1,0,0,1
1942,1947,P00728,unknown,False,1,1,0,,1.0,1.0,False,0,0,-1,1
1942,1947,P00729,unknown,False,1,0,0,,,,False,0,0,-1,1
1942,1947,P00730,european,False,1,1,0,,1.0,1.0,True,2,2,1,1
1942,1947,P00731,unknown,False,1,2,1,0.0,1.0,1.125,False,0,0,-1,1
1942,1947,P00732,unknown,False,1,0,0,,,,True,2,2,1,1
1942,1947,P00733,european,False,1,2,1,0.0,1.0,1.125,True,1,0,0,1
1942,1947,P00734,unknown,False,1,5,10,0.0,1.4,0.43512222222222224,True,1,1,0,1
1942,1947,P00735,unknown,False,1,7,21,0.0,1.4285714285714295,0.44080955851728437,False,0,0,-1,1
1942,1947,P00736,unknown,False,1,7,21,0.0,1.4285714285714295,0.44080955851728437,False,0,0,-1,1
1942,1947,P00737,unknown,False,2,3,3,0.6666666666666666,2.5555555555555554,0.3637196180555555,False,0,0,-2,2
1942,1947,P00739,unknown,False,1,4,6,0.0,1.0,0.765625,False,0,0,-1,1
1942,1947,P00740,unknown,False,3,5,10,0.0,1.4,0.5376840277777778,True,3,1,0,3
1942,1947,P00741,unknown,False,1,2,1,0.0,1.0,1.125,False,0,0,-1,1
1942,1947,P00742,european,False,1,2,1,0.0,1.25,0.8210463947141626,False,0,0,-1,1
1942,1947,P00743,european,False,1,2,1,0.0,1.0,1.125,True,1,0,0,1
1942,1947,P00744,unknown,False,1,1,0,,1.0,1.0,True,1,0,0,1
1942,1947,P00745,unknown,False,1,0,0,,,,False,0,0,-1,1
1942,1947,P00746,unknown,False,1,0,0,,,,True,1,0,0,1
1942,1947,P00747,unknown,False,1,2,1,0.0,1.0,1.125,False,0,0,-1,1
1942,1947,P00748,local_minority,False,1,4,6,0.0,1.375,0.54729474852071,False,0,0,-1,1
1942,1947,P00749,local_minority,False,2,5,10,0.0,1.7999999999999998,0.3896411833735528,False,0,0,-2,2
1942,1947,P00750,unknown,False,1,4,6,0.0,2.25,0.3370320638020834,False,0,0,-1,1
1942,1947,P00751,unknown,False,2,5,10,0.0,2.1999999999999997,0.42135655991735543,False,0,0,-2,2
1942,1947,P00753,unknown,False,1,0,0,,,,True,2,2,1,1
1942,1947,P00754,local_minority,False,1,2,1,0.0,1.0,1.125,False,0,0,-1,1
1942,1947,P00755,local_minority,False,1,2,1,0.0,1.0,1.125,True,1,0,0,1
1942,1947,P00756,local_minority,False,1,4,6,0.0,1.375,0.4728505979938272,True,2,2,1,1
1942,1947,P00757,unknown,False,2,1,0,,1.0,1.0,False,0,0,-2,2
1942,1947,P00758,unknown,False,1,3,3,0.0,1.0,0.925925925925926,False,0,0,-1,1
1942,1947,P00759,local_minority,False,1,7,21,0.0,1.4285714285714295,0.44080955851728437,True,1,0,0,1
1942,1947,P00760,unknown,False,1,7,21,0.0,1.8571428571428579,0.37873108735101324,True,1,0,0,1
1942,1947,P00761,local_minority,False,1,10,45,0.0,1.7999999999999998,0.28992952500062563,False,0,0,-1,1
1942,1947,P00762,unknown,True,3,0,0,,,,True,9,9,6,3
1942,1947,P00763,local_minority,False,1,1,0,,1.0,1.0,True,2,1,1,1
1942,1947,P00764,local_minority,False,1,10,45,0.0,1.8000000000000005,0.28992952500062563,True,1,0,0,1
1942,1947,P00765,local_minority,False,3,1,0,,1.0,1.0,False,0,0,-3,3
1942,1947,P00766,unknown,False,1,1,0,,1.0,1.0,True,1,1,0,1
1942,1947,P00767,unknown,False,1,0,0,,,,True,1,1,0,1
1942,1947,P00768,unknown,False,1,5,10,0.0,0.9999999999999998,0.5394467455621302,False,0,0,-1,1
1942,1947,P00769,local_minority,False,1,5,10,0.0,0.9999999999999998,0.6480000000000001,True,1,0,0,1
1942,1947,P00770,unknown,False,1,1,0,,1.0,1.0,False,0,0,-1,1
1942,1947,P00771,unknown,False,1,1,0,,1.0,1.0,True,1,0,0,1
1942,1947,P00772,unknown,False,1,4,6,0.0,1.0,0.6865234375,False,0,0,-1,1
1942,1947,P00773,european,False,1,1,0,,1.0,1.0,False,0,0,-1,1
1942,1947,P00774,unknown,False,1,4,6,0.0,1.625,0.38227955709229394,True,1,0,0,1
1942,1947,P00776,unknown,False,1,1,0,,1.0,1.0,False,0,0,-1,1
1942,1947,P00777,local_minority,False,3,18,153,0.6013071895424836,12.08333333333333,0.14397272218841342,True,6,3,3,3
1942,1947,P00778,european,False,1,1,0,,1.0,1.0,False,0,0,-1,1
1942,1947,P00779,european,False,1,3,3,0.0,1.3333333333333335,0.6633851997954561,True,1,0,0,1
1942,1947,P00780,unknown,False,1,0,0,,,,True,2,2,1,1
1942,1947,P00781,local_minority,False,2,2,1,1.0,2.0,0.5,False,0,0,-2,2
1942,1947,P00782,unknown,False,1,3,3,0.0,1.0,0.925925925925926,False,0,0,-1,1
1942,1947,P00783,unknown,False,1,2,1,0.0,1.0,1.125,False,0,0,-1,1
1942,1947,P00784,unknown,False,2,1,0,,1.0,1.0,False,0,0,-2,2
1942,1947,P00785,european,False,2,2,1,0.0,1.25,0.8210463947141626,True,1,1,-1,2
1942,1947,P00786,european,False,1,3,3,0.0,1.6666666666666667,0.588256172839506,True,1,1,0,1
1942,1947,P00787,unknown,False,2,5,10,0.6,3.4000000000000004,0.4916666666666667,True,9,8,7,2
1942,1947,P00788,unknown,False,1,8,28,0.0,1.75,0.3653423711821095,False,0,0,-1,1
1942,1947,P00789,unknown,False,1,2,1,0.0,1.25,0.87890625,False,0,0,-1,1
1942,1947,P00790,european,False,1,3,3,0.0,1.3333333333333335,0.7441975308641977,False,0,0,-1,1
1942,1947,P00791,unknown,False,1,5,10,0.0,1.533333333333333,0.4650429952957761,False,0,0,-1,1
1942,1947,P00792,unknown,False,1,1,0,,1.0,1.0,False,0,0,-1,1
1942,1947,P00793,unknown,False,1,1,0,,1.0,1.0,False,0,0,-1,1
1942,1947,P00794,european,False,2,12,66,0.5303030303030303,7.499999999999999,0.22249131897855567,False,0,0,-2,2
1942,1947,P00795,european,False,1,0,0,,,,True,1,1,0,1
1942,1947,P00796,unknown,False,1,7,21,0.0,1.000000000000001,0.42822033519091557,True,1,0,0,1
1942,1947,P00797,local_minority,False,1,0,0,,,,True,3,3,2,1
1942,1947,P00798,unknown,False,1,0,0,,,,False,0,0,-1,1
1942,1947,P00799,unknown,False,2,2,1,0.0,1.25,0.8210463947141626,False,0,0,-2,2
1942,1947,P00800,unknown,False,1,3,3,0.0,1.0,0.925925925925926,True,1,1,0,1
1942,1947,P00801,arab_egyptian,False,1,3,3,0.0,1.0,0.925925925925926,True,1,1,0,1
1942,1947,P00802,local_minority,True,9,9,36,0.6944444444444444,6.944444444444445,0.25086536732205456,True,13,8,4,5
1942,1947,P00803,local_minority,True,1,1,0,,1.0,1.0,True,4,3,3,1
1942,1947,P00804,european,False,4,2,1,0.0,1.0,1.125,True,5,3,1,4
1942,1947,P00805,european,False,2,8,28,0.25,3.125,0.35982959816157867,False,0,0,-2,2
1942,1947,P00806,unknown,False,1,0,0,,,,False,0,0,-1,1
1942,1947,P00807,unknown,False,1,1,0,,1.0,1.0,False,0,0,-1,1
1942,1947,P00808,unknown,False,1,0,0,,,,False,0,0,-1,1
1942,1947,P00809,local_minority,False,3,6,15,0.5333333333333333,4.0,0.4054633246527778,False,0,0,-3,3
1942,1947,P00810,arab_egyptian,False,1,2,1,0.0,1.0,1.0069444444444444,False,0,0,-1,1
1942,1947,P00811,arab_egyptian,False,3,4,6,0.5,2.5,0.5299999999999999,True,3,0,0,3
1942,1947,P00812,arab_egyptian,False,1,4,6,0.0,1.0,0.765625,False,0,0,-1,1
1942,1947,P00813,arab_egyptian,False,1,0,0,,,,False,0,0,-1,1
1942,1947,P00814,local_minority,False,1,8,28,0.0,1.75,0.3653423711821095,False,0,0,-1,1
1942,1947,P00815,arab_egyptian,False,1,1,0,,1.0,1.0,True,3,3,2,1
1942,1947,P00816,unknown,False,2,1,0,,1.0,1.0,False,0,0,-2,2
1942,1947,P00817,arab_egyptian,False,2,0,0,,,,True,2,2,0,2
1942,1947,P00818,arab_egyptian,False,2,2,1,0.0,1.0,1.125,False,0,0,-2,2
1942,1947,P00819,arab_egyptian,False,1,0,0,,,,False,0,0,-1,1
1942,1947,P00820,european,False,3,10,45,0.4666666666666667,5.8,0.2350275244086883,False,0,0,-3,3
1942,1947,P00821,european,False,7,17,136,0.7132352941176471,13.070175438596493,0.1632039985960826,False,0,0,-7,5
1942,1947,P00822,european,False,1,2,1,0.0,1.0,1.125,False,0,0,-1,1
1942,1947,P00823,unknown,False,1,4,6,0.0,1.4166666666666667,0.5205586352379493,False,0,0,-1,1
1942,1947,P00824,unknown,False,1,2,1,0.0,1.0,1.125,True,1,1,0,1
1942,1947,P00825,unknown,False,1,8,28,0.0,1.75,0.3653423711821095,False,0,0,-1,1
1942,1947,P00826,unknown,False,2,5,10,0.0,1.4,0.5376840277777778,False,0,0,-2,2
1942,1947,P00827,unknown,False,3,10,45,0.35555555555555557,4.866666666666668,0.2682627244462177,False,0,0,-3,3
1942,1947,P00828,local_minority,False,1,0,0,,,,True,1,1,0,1
1942,1947,P00829,arab_egyptian,True,2,0,0,,,,True,2,2,0,2
1942,1947,P00830,european,False,4,2,1,0.0,1.0,1.125,True,3,2,-1,4
1942,1947,P00831,unknown,False,1,0,0,,,,False,0,0,-1,1
1942,1947,P00832,arab_egyptian,False,16,30,435,0.8666666666666667,26.703125,0.08247194056562943,False,0,0,-16,5
1942,1947,P00833,unknown,False,1,3,3,0.0,1.0,0.925925925925926,False,0,0,-1,1
1942,1947,P00834,unknown,False,1,0,0,,,,False,0,0,-1,1
1942,1947,P00835,unknown,False,1,1,0,,1.0,1.0,False,0,0,-1,1
1942,1947,P00836,unknown,False,1,3,3,0.0,1.0,0.925925925925926,True,1,0,0,1
1942,1947,P00837,european,False,2,2,1,0.0,1.25,0.828369140625,False,0,0,-2,2
1942,1947,P00838,european,False,1,0,0,,,,False,0,0,-1,1
1942,1947,P00839,european,False,2,8,28,0.25,3.5,0.311082683628185,True,2,2,0,2
1942,1947,P00840,unknown,False,1,7,21,0.0,2.000000000000001,0.39311959128199303,False,0,0,-1,1
1942,1947,P00841,unknown,False,1,2,1,0.0,1.0,1.125,False,0,0,-1,1
1942,1947,P00842,european,False,1,5,10,0.0,0.9999999999999998,0.6480000000000001,False,0,0,-1,1
1942,1947,P00843,unknown,False,1,1,0,,1.0,1.0,False,0,0,-1,1
1942,1947,P00844,european,False,4,10,45,0.5333333333333333,6.7727272727272725,0.24743516701101925,False,0,0,-4,4
1942,1947,P00845,local_minority,False,1,0,0,,,,True,1,0,0,1
1942,1947,P00846,local_minority,False,1,1,0,,1.0,1.0,False,0,0,-1,1
1942,1947,P00847,european,False,1,3,3,0.0,1.0,0.925925925925926,False,0,0,-1,1
1942,1947,P00848,unknown,False,1,2,1,0.0,1.0,1.125,False,0,0,-1,1
1942,1947,P00849,unknown,False,1,1,0,,1.0,1.0,True,1,0,0,1
1942,1947,P00850,local_minority,False,1,6,15,0.0,2.111111111111111,0.44352093604155984,False,0,0,-1,1
1942,1947,P00851,unknown,False,1,2,1,0.0,1.0,1.125,False,0,0,-1,1
1942,1947,P00852,unknown,False,1,5,10,0.0,0.9999999999999998,0.6480000000000001,False,0,0,-1,1
1942,1947,P00853,european,False,3,2,1,1.0,2.0,0.5,True,2,2,-1,3
1942,1947,P00854,unknown,False,1,3,3,0.0,1.0,0.8311111111111109,False,0,0,-1,1
1942,1947,P00856,european,False,1,1,0,,1.0,1.0,True,3,2,2,1
1942,1947,P00857,arab_egyptian,True,1,5,10,0.0,0.9999999999999998,0.5394467455621302,True,1,0,0,1
1942,1947,P00858,unknown,False,1,2,1,0.0,1.25,0.87890625,False,0,0,-1,1
1942,1947,P00859,local_minority,False,1,0,0,,,,False,0,0,-1,1
1942,1947,P00860,local_minority,False,1,8,28,0.0,2.3125,0.3570794853424481,True,1,0,0,1
1942,1947,P00861,unknown,False,1,0,0,,,,False,0,0,-1,1
1942,1947,P00862,unknown,False,1,7,21,0.0,2.000000000000001,0.39311959128199303,False,0,0,-1,1
1942,1947,P00863,unknown,False,1,3,3,0.0,1.3333333333333335,0.7441975308641977,False,0,0,-1,1
1942,1947,P00864,unknown,False,1,0,0,,,,False,0,0,-1,1
1942,1947,P00865,local_minority,False,1,0,0,,,,False,0,0,-1,1
1942,1947,P00866,local_minority,False,3,12,66,0.5151515151515151,7.615384615384615,0.2485278397407934,False,0,0,-3,3
1942,1947,P00867,unknown,False,1,7,21,0.0,1.8571428571428579,0.40235833689338885,True,1,0,0,1
1942,1947,P00869,european,False,1,0,0,,,,False,0,0,-1,1
1942,1947,P00870,european,False,1,0,0,,,,False,0,0,-1,1
1942,1947,P00871,local_minority,False,5,2,1,1.0,2.0,0.5,True,1,0,-4,5
1942,1947,P00872,unknown,False,1,6,15,0.0,2.083333333333334,0.34928290151161784,True,1,1,0,1
1942,1947,P00873,local_minority,False,1,10,45,0.0,1.8000000000000005,0.28992952500062563,False,0,0,-1,1
1942,1947,P00874,local_minority,False,8,11,55,0.6727272727272727,8.423076923076922,0.2221041731043058,True,7,4,-1,5
1942,1947,P00875,local_minority,False,3,3,3,0.0,1.3333333333333335,0.6633851997954561,False,0,0,-3,3
1942,1947,P00876,unknown,False,1,7,21,0.0,1.4285714285714295,0.4418457486722129,False,0,0,-1,1
1942,1947,P00877,european,False,1,0,0,,,,True,2,2,1,1
1942,1947,P00878,unknown,False,3,2,1,0.0,1.25,0.87890625,False,0,0,-3,3
1942,1947,P00879,unknown,False,1,0,0,,,,True,1,1,0,1
1942,1947,P00880,unknown,False,1,7,21,0.0,1.8571428571428579,0.37873108735101324,True,1,0,0,1
1942,1947,P00881,unknown,False,1,5,10,0.0,0.9999999999999998,0.5970430839002269,False,0,0,-1,1
1942,1947,P00882,arab_egyptian,False,5,10,45,0.6444444444444445,7.233333333333333,0.19229782732934134,False,0,0,-5,5
1942,1947,P00883,arab_egyptian,False,1,0,0,,,,False,0,0,-1,1
1942,1947,P00884,arab_egyptian,False,1,4,6,0.0,1.0,0.765625,True,4,4,3,1
1942,1947,P00885,unknown,False,1,4,6,0.0,1.0,0.6974649234693876,False,0,0,-1,1
1942,1947,P00886,european,False,1,2,1,0.0,1.25,0.8321005917159764,False,0,0,-1,1
1942,1947,P00887,unknown,False,1,3,3,0.0,1.777777777777778,0.6529947916666665,False,0,0,-1,1
1942,1947,P00888,unknown,False,1,0,0,,,,False,0,0,-1,1
1942,1947,P00889,local_minority,False,1,0,0,,,,True,2,2,1,1
1942,1947,P00890,local_minority,False,2,0,0,,,,False,0,0,-2,2
1942,1947,P00891,unknown,False,1,7,21,0.0,1.4285714285714295,0.44080955851728437,True,1,0,0,1
1942,1947,P00892,unknown,False,1,2,1,0.0,1.0,1.125,False,0,0,-1,1
1942,1947,P00893,unknown,False,1,5,10,0.0,2.0,0.4534357565511412,True,1,0,0,1
1942,1947,P00894,unknown,False,1,1,0,,1.0,1.0,False,0,0,-1,1
1942,1947,P00895,unknown,False,1,3,3,0.0,1.0,0.925925925925926,True,1,0,0,1
1942,1947,P00896,unknown,False,1,2,1,0.0,1.0,1.125,False,0,0,-1,1
1942,1947,P00897,unknown,False,1,3,3,0.0,1.5,0.7266172839506172,False,0,0,-1,1
1942,1947,P00898,local_minority,False,1,2,1,0.0,1.0,1.125,False,0,0,-1,1
1942,1947,P00899,local_minority,False,1,2,1,0.0,1.0,1.125,False,0,0,-1,1
1942,1947,P00900,unknown,False,1,0,0,,,,False,0,0,-1,1
1942,1947,P00901,unknown,False,1,4,6,0.0,1.0,0.765625,False,0,0,-1,1
1942,1947,P00902,arab_egyptian,False,1,0,0,,,,True,1,1,0,1
1942,1947,P00903,arab_egyptian,True,1,0,0,,,,False,0,0,-1,1
1942,1947,P00904,unknown,False,1,2,1,0.0,1.0,1.125,False,0,0,-1,1
1942,1947,P00905,european,False,2,6,15,0.6,4.333333333333334,0.2811870537717608,True,7,7,5,2
1942,1947,P00906,european,False,1,1,0,,1.0,1.0,False,0,0,-1,1
1942,1947,P00907,local_minority,False,1,3,3,0.0,1.3333333333333335,0.7607422017678427,False,0,0,-1,1
1942,1947,P00908,arab_egyptian,False,3,5,10,0.6,3.5,0.3408383822278912,True,7,7,4,3
1942,1947,P00909,arab_egyptian,False,2,2,1,0.0,1.0,1.0069444444444444,False,0,0,-2,2
1942,1947,P00910,local_minority,False,5,7,21,0.7619047619047619,5.916666666666666,0.28117099951790625,False,0,0,-5,5
1942,1947,P00911,european,False,6,12,66,0.6818181818181818,9.222222222222223,0.1795377453392638,True,4,2,-2,5
1942,1947,P00912,unknown,False,1,4,6,0.0,1.0,0.765625,False,0,0,-1,1
1942,1947,P00913,european,False,1,1,0,,1.0,1.0,False,0,0,-1,1
1942,1947,P00914,arab_egyptian,True,1,0,0,,,,False,0,0,-1,1
1942,1947,P00915,arab_egyptian,True,1,0,0,,,,True,2,2,1,1
1942,1947,P00916,local_minority,False,1,2,1,0.0,1.0,1.125,False,0,0,-1,1
1942,1947,P00917,unknown,False,1,1,0,,1.0,1.0,False,0,0,-1,1
1942,1947,P00919,local_minority,False,4,8,28,0.0,2.3125,0.3570794853424481,False,0,0,-4,4
1942,1947,P00920,local_minority,False,1,8,28,0.0,2.3125,0.3570794853424481,True,2,2,1,1
1942,1947,P00921,arab_egyptian,True,1,3,3,0.0,1.0,0.808641975308642,True,9,9,8,1
1942,1947,P00922,arab_egyptian,False,1,1,0,,1.0,1.0,False,0,0,-1,1
1942,1947,P00923,arab_egyptian,True,8,15,105,0.7904761904761904,12.708333333333332,0.14532158573124582,True,10,5,2,5
1942,1947,P00924,unknown,False,1,1,0,,1.0,1.0,False,0,0,-1,1
1942,1947,P00925,unknown,False,1,2,1,0.0,1.25,0.7314342403628118,False,0,0,-1,1
1942,1947,P00927,unknown,False,1,2,1,0.0,1.0,1.125,False,0,0,-1,1
1942,1947,P00928,european,False,1,0,0,,,,False,0,0,-1,1
1942,1947,P00929,unknown,False,1,1,0,,1.0,1.0,False,0,0,-1,1
1942,1947,P00930,unknown,False,3,3,3,0.6666666666666666,2.3333333333333335,0.506235827664399,False,0,0,-3,3
1942,1947,P00931,european,False,2,8,28,0.39285714285714285,4.125,0.25803663686913364,True,3,3,1,2
1942,1947,P00932,european,False,1,7,21,0.0,1.4285714285714295,0.4418457486722129,True,1,0,0,1
1942,1947,P00933,european,False,2,6,15,0.3333333333333333,3.6111111111111116,0.30255223695966277,True,2,1,0,2
1942,1947,P00934,unknown,False,1,1,0,,1.0,1.0,True,2,1,1,1
1942,1947,P00935,european,False,1,3,3,0.0,1.3333333333333335,0.7338888888888888,True,1,1,0,1
1942,1947,P00936,unknown,False,1,0,0,,,,False,0,0,-1,1
1942,1947,P00937,european,False,2,8,28,0.0,1.7777777777777768,0.34849967102549334,False,0,0,-2,2
1942,1947,P00938,unknown,False,2,1,0,,1.0,1.0,False,0,0,-2,2
1942,1947,P00939,local_minority,False,2,1,0,,1.0,1.0,True,1,1,-1,2
1942,1947,P00940,unknown,False,1,0,0,,,,False,0,0,-1,1
1942,1947,P00941,european,False,2,2,1,0.0,1.0,0.871141975308642,True,4,3,2,2
1942,1947,P00942,arab_egyptian,False,1,2,1,0.0,1.0,0.9225,True,1,0,0,1
1942,1947,P00943,unknown,False,1,0,0,,,,False,0,0,-1,1
1942,1947,P00944,unknown,False,1,4,6,0.0,1.875,0.3543582328041378,False,0,0,-1,1
1942,1947,P00945,local_minority,False,1,7,21,0.0,1.000000000000001,0.42822033519091557,False,0,0,-1,1
1942,1947,P00946,local_minority,False,1,1,0,,1.0,1.0,False,0,0,-1,1
1942,1947,P00947,european,False,1,0,0,,,,False,0,0,-1,1
1942,1947,P00948,unknown,False,1,3,3,0.0,1.0,0.925925925925926,True,1,0,0,1
1942,1947,P00949,unknown,False,1,1,0,,1.0,1.0,False,0,0,-1,1
1942,1947,P00950,european,False,1,0,0,,,,True,1,1,0,1
1942,1947,P00951,unknown,False,1,7,21,0.0,1.4285714285714295,0.44080955851728437,False,0,0,-1,1
1942,1947,P00952,unknown,False,1,1,0,,1.0,1.0,False,0,0,-1,1
1942,1947,P00953,arab_egyptian,False,3,9,36,0.4722222222222222,5.722222222222222,0.23342200507337912,True,2,1,-1,3
1942,1947,P00955,unknown,False,1,3,3,0.0,1.3333333333333335,0.7287808641975309,True,1,0,0,1
1942,1947,P00956,european,False,1,3,3,0.0,1.3333333333333335,0.44163765112905684,True,1,1,0,1
1942,1947,P00957,unknown,False,1,1,0,,1.0,1.0,False,0,0,-1,1
1942,1947,P00958,european,False,3,3,3,0.0,1.3333333333333335,0.7338888888888888,True,2,1,-1,3
1942,1947,P00959,unknown,False,1,4,6,0.0,1.5000000000000002,0.5822143554687499,False,0,0,-1,1
1942,1947,P00960,unknown,False,1,4,6,0.0,1.5000000000000002,0.5822143554687499,True,1,1,0,1
1942,1947,P00961,arab_egyptian,True,1,0,0,,,,True,1,0,0,1
1942,1947,P00962,arab_egyptian,False,1,3,3,0.0,1.3333333333333335,0.7287808641975309,True,1,1,0,1
1942,1947,P00963,arab_egyptian,False,1,3,3,0.0,1.0,0.808641975308642,False,0,0,-1,1
1942,1947,P00964,unknown,False,1,1,0,,1.0,1.0,False,0,0,-1,1
1942,1947,P00966,european,False,1,4,6,0.0,1.0,0.765625,False,0,0,-1,1
1942,1947,P00968,unknown,False,1,5,10,0.0,0.9999999999999998,0.5970430839002269,False,0,0,-1,1
1942,1947,P00969,local_minority,False,2,4,6,0.3333333333333333,2.5999999999999996,0.607568,False,0,0,-2,2
1942,1947,P00970,unknown,False,1,0,0,,,,False,0,0,-1,1
1942,1947,P00971,european,False,1,1,0,,1.0,1.0,False,0,0,-1,1
1942,1947,P00972,unknown,False,2,5,10,0.4,2.9,0.3517231131505857,True,1,0,-1,2
1942,1947,P00973,european,False,2,0,0,,,,False,0,0,-2,2
1942,1947,P00974,local_minority,False,1,0,0,,,,False,0,0,-1,1
1942,1947,P00975,unknown,False,1,0,0,,,,True,1,1,0,1
1942,1947,P00976,arab_egyptian,False,1,5,10,0.0,0.9999999999999998,0.6156081632653063,True,1,1,0,1
1942,1947,P00978,unknown,False,1,2,1,0.0,1.0,1.125,False,0,0,-1,1
1942,1947,P00979,local_minority,False,1,0,0,,,,True,4,4,3,1
1942,1947,P00980,unknown,False,1,0,0,,,,False,0,0,-1,1
1942,1947,P00982,local_minority,False,1,2,1,0.0,1.0,1.125,True,1,0,0,1
1942,1947,P00984,unknown,False,1,2,1,0.0,1.0,1.125,False,0,0,-1,1
1942,1947,P00985,local_minority,False,1,2,1,0.0,1.0,1.125,True,3,2,2,1
1942,1947,P00986,unknown,False,1,0,0,,,,False,0,0,-1,1
1942,1947,P00987,european,False,1,2,1,0.0,1.0,0.6382418987362519,True,1,0,0,1
1942,1947,P00988,unknown,False,1,0,0,,,,False,0,0,-1,1
1942,1947,P00989,unknown,False,1,0,0,,,,True,1,1,0,1
1942,1947,P00990,arab_egyptian,False,1,6,15,0.0,1.4166666666666667,0.36975604445739196,True,1,0,0,1
1942,1947,P00991,arab_egyptian,False,1,0,0,,,,True,3,3,2,1
1942,1947,P00992,arab_egyptian,False,1,2,1,0.0,1.0,1.125,False,0,0,-1,1
1942,1947,P00993,arab_egyptian,False,2,4,6,0.3333333333333333,2.4,0.631301775147929,True,2,1,0,2
1942,1947,P00995,arab_egyptian,False,2,2,1,0.0,1.0,1.125,False,0,0,-2,2
1942,1947,P00996,arab_egyptian,False,1,2,1,0.0,1.0,0.8350694444444444,False,0,0,-1,1
1942,1947,P00997,arab_egyptian,False,2,1,0,,1.0,1.0,True,2,0,0,2
1942,1947,P01000,arab_egyptian,False,1,8,28,0.0,2.3125,0.3570794853424481,True,1,0,0,1
1942,1947,P01001,arab_egyptian,True,1,3,3,0.0,1.0,0.925925925925926,True,1,0,0,1
1942,1947,P01003,local_minority,False,1,1,0,,1.0,1.0,False,0,0,-1,1
1942,1947,P01004,unknown,False,1,0,0,,,,False,0,0,-1,1
1942,1947,P01005,local_minority,False,2,4,6,0.6666666666666666,3.125,0.3552548459084037,True,1,1,-1,2
1942,1947,P01006,unknown,False,1,2,1,0.0,1.25,0.65328125,False,0,0,-1,1
1942,1947,P01007,local_minority,False,2,3,3,0.6666666666666666,2.5,0.4982853223593964,False,0,0,-2,2
1942,1947,P01008,local_minority,False,1,5,10,0.0,2.0,0.45343575655114127,True,1,0,0,1
1942,1947,P01009,local_minority,False,5,7,21,0.7619047619047619,5.888888888888889,0.23597557935059768,False,0,0,-5,5
1942,1947,P01010,local_minority,False,4,7,21,0.5714285714285714,4.976190476190476,0.2641235490857466,True,3,2,-1,4
1942,1947,P01011,unknown,False,1,3,3,0.0,1.0,0.925925925925926,False,0,0,-1,1
1942,1947,P01012,unknown,False,1,3,3,0.0,1.0,0.925925925925926,True,1,1,0,1
1942,1947,P01013,local_minority,True,5,4,6,0.0,1.5,0.6470182742214533,False,0,0,-5,5
1942,1947,P01014,unknown,False,1,1,0,,1.0,1.0,False,0,0,-1,1
1942,1947,P01015,european,False,1,1,0,,1.0,1.0,True,2,2,1,1
1942,1947,P01016,european,False,1,3,3,0.0,1.6666666666666667,0.588256172839506,True,1,1,0,1
1942,1947,P01017,unknown,False,1,1,0,,1.0,1.0,False,0,0,-1,1
1942,1947,P01018,unknown,False,1,3,3,0.0,1.0,0.7733950617283949,False,0,0,-1,1
1942,1947,P01019,european,False,1,1,0,,1.0,1.0,False,0,0,-1,1
1942,1947,P01020,unknown,False,1,4,6,0.0,1.0,0.765625,False,0,0,-1,1
1942,1947,P01021,local_minority,False,5,13,78,0.5128205128205128,7.615384615384615,0.23485076327963356,True,6,4,1,5
1942,1947,P01022,local_minority,False,2,6,15,0.0,2.5833333333333335,0.36906853119260785,True,3,2,1,2
1942,1947,P01023,local_minority,False,3,1,0,,1.0,1.0,False,0,0,-3,3
1942,1947,P01024,arab_egyptian,False,1,4,6,0.0,1.375,0.48735410034364984,False,0,0,-1,1
1942,1947,P01025,unknown,False,1,4,6,0.0,1.0,0.6974649234693876,False,0,0,-1,1
1942,1947,P01026,local_minority,False,2,9,36,0.3888888888888889,4.777777777777778,0.29692138702812926,True,3,2,1,2
1942,1947,P01027,arab_egyptian,False,1,1,0,,1.0,1.0,False,0,0,-1,1
1942,1947,P01028,european,False,1,6,15,0.0,2.5833333333333335,0.36906853119260785,False,0,0,-1,1
1942,1947,P01029,european,False,1,3,3,0.0,1.0,0.925925925925926,False,0,0,-1,1
1942,1947,P01030,unknown,False,1,3,3,0.0,1.0,0.925925925925926,False,0,0,-1,1
1942,1947,P01031,unknown,False,1,1,0,,1.0,1.0,False,0,0,-1,1
1942,1947,P01032,european,False,2,6,15,0.3333333333333333,2.6666666666666674,0.45528344671201804,True,1,1,-1,2
1942,1947,P01033,local_minority,False,1,2,1,0.0,1.0,0.9027777777777779,False,0,0,-1,1
1942,1947,P01034,unknown,False,1,1,0,,1.0,1.0,False,0,0,-1,1
1942,1947,P01035,unknown,False,1,3,3,0.0,1.3333333333333335,0.5646062902923881,False,0,0,-1,1
1942,1947,P01036,local_minority,False,1,0,0,,,,False,0,0,-1,1
1942,1947,P01037,local_minority,False,2,4,6,0.3333333333333333,2.4333333333333336,0.42493418721655335,False,0,0,-2,2
1942,1947,P01038,unknown,False,1,1,0,,1.0,1.0,False,0,0,-1,1
1942,1947,P01039,unknown,False,2,1,0,,1.0,1.0,False,0,0,-2,2
1942,1947,P01040,unknown,False,2,0,0,,,,False,0,0,-2,2
1942,1947,P01041,unknown,False,1,0,0,,,,False,0,0,-1,1
1942,1947,P01042,local_minority,False,1,2,1,0.0,1.0,1.125,False,0,0,-1,1
1942,1947,P01043,unknown,False,1,5,10,0.0,2.133333333333333,0.38053048437980924,False,0,0,-1,1
1942,1947,P01044,local_minority,False,2,7,21,0.5714285714285714,4.7857142857142865,0.3101770604936189,True,3,2,1,2
1942,1947,P01045,unknown,False,1,0,0,,,,True,1,1,0,1
1942,1947,P01046,unknown,False,1,6,15,0.0,2.5833333333333335,0.36906853119260785,False,0,0,-1,1
1942,1947,P01047,unknown,False,2,3,3,0.0,1.0,0.925925925925926,True,2,1,0,2
1942,1947,P01048,local_minority,False,1,0,0,,,,False,0,0,-1,1
1942,1947,P01049,local_minority,False,1,0,0,,,,True,1,1,0,1
1942,1947,P01050,unknown,False,1,0,0,,,,False,0,0,-1,1
1942,1947,P01051,local_minority,False,1,5,10,0.0,0.9999999999999998,0.6156081632653063,True,1,1,0,1
1942,1947,P01052,unknown,False,1,2,1,0.0,1.0,1.125,True,2,2,1,1
1942,1947,P01053,european,False,1,0,0,,,,True,1,1,0,1
1942,1947,P01054,european,False,2,1,0,,1.0,1.0,True,1,1,-1,2
1942,1947,P01055,european,False,1,0,0,,,,False,0,0,-1,1
1942,1947,P01056,unknown,False,1,2,1,0.0,1.0,1.125,True,1,0,0,1
1942,1947,P01057,european,False,2,5,10,0.0,1.533333333333333,0.4650429952957761,False,0,0,-2,2
1942,1947,P01058,unknown,False,1,1,0,,1.0,1.0,False,0,0,-1,1
1942,1947,P01059,unknown,False,1,2,1,0.0,1.0,1.0069444444444444,False,0,0,-1,1
1942,1947,P01060,unknown,False,1,2,1,0.0,1.25,0.9027777777777779,False,0,0,-1,1
1942,1947,P01061,arab_egyptian,False,1,0,0,,,,False,0,0,-1,1
1942,1947,P01062,european,False,1,3,3,0.0,1.777777777777778,0.6163435570987654,True,2,1,1,1
1942,1947,P01063,local_minority,False,1,0,0,,,,True,2,2,1,1
1942,1947,P01064,unknown,False,1,0,0,,,,False,0,0,-1,1
1942,1947,P01065,unknown,False,1,1,0,,1.0,1.0,False,0,0,-1,1
1942,1947,P01066,european,False,2,2,1,0.0,1.0,1.125,False,0,0,-2,2
1942,1947,P01067,unknown,False,1,0,0,,,,True,1,0,0,1
1942,1947,P01068,unknown,False,1,7,21,0.0,2.000000000000001,0.39311959128199303,False,0,0,-1,1
1942,1947,P01069,unknown,False,1,1,0,,1.0,1.0,True,1,1,0,1
1942,1947,P01070,unknown,True,2,0,0,,,,False,0,0,-2,2
1942,1947,P01071,unknown,False,1,1,0,,1.0,1.0,True,1,1,0,1
1942,1947,P01072,european,False,1,2,1,0.0,1.0,1.125,True,1,0,0,1
1942,1947,P01074,local_minority,False,1,2,1,0.0,1.0,0.9225,False,0,0,-1,1
1942,1947,P01075,unknown,False,1,3,3,0.0,1.0,0.925925925925926,True,1,1,0,1
1942,1947,P01076,local_minority,False,1,4,6,0.0,1.375,0.38616977646706574,False,0,0,-1,1
1942,1947,P01077,local_minority,False,2,6,15,0.26666666666666666,3.0,0.31619984924218836,True,1,0,-1,2
1942,1947,P01078,local_minority,False,3,9,36,0.5277777777777778,5.555555555555555,0.22516124596171075,True,1,1,-2,3
1942,1947,P01079,local_minority,False,2,6,15,0.26666666666666666,3.0,0.41559532929295984,True,1,1,-1,2
1942,1947,P01080,unknown,False,1,4,6,0.0,1.0,0.6865234375,False,0,0,-1,1
1942,1947,P01081,unknown,False,1,2,1,0.0,1.0,1.125,False,0,0,-1,1
1942,1947,P01082,unknown,False,1,7,21,0.0,1.4285714285714295,0.44184574867221293,False,0,0,-1,1
1942,1947,P01083,unknown,True,2,5,10,0.0,1.4000000000000001,0.43997664264917014,False,0,0,-2,2
1942,1947,P01084,unknown,False,2,1,0,,1.0,1.0,False,0,0,-2,2
1942,1947,P01085,unknown,False,1,0,0,,,,True,1,0,0,1
1942,1947,P01086,unknown,False,1,0,0,,,,False,0,0,-1,1
1942,1947,P01087,local_minority,False,1,4,6,0.0,1.0,0.765625,False,0,0,-1,1
1942,1947,P01088,arab_egyptian,True,13,24,276,0.8514492753623188,21.006410256410255,0.09304908357851675,True,15,13,2,5
1942,1947,P01089,local_minority,False,1,2,1,0.0,1.0,1.0069444444444444,False,0,0,-1,1
1942,1947,P01090,local_minority,False,3,3,3,0.6666666666666666,2.3333333333333335,0.6111111111111112,False,0,0,-3,3
1942,1947,P01091,arab_egyptian,True,10,12,66,0.7575757575757576,9.923076923076923,0.17072637802862478,False,0,0,-10,5
1942,1947,P01092,local_minority,False,1,3,3,0.0,1.0,0.7733950617283949,True,1,0,0,1
1942,1947,P01094,unknown,False,1,0,0,,,,False,0,0,-1,1
1942,1947,P01095,unknown,False,8,19,171,0.783625730994152,15.974999999999998,0.1213554660878267,False,0,0,-8,5
1942,1947,P01096,unknown,False,1,0,0,,,,False,0,0,-1,1
1942,1947,P01097,arab_egyptian,False,1,0,0,,,,True,2,2,1,1
1942,1947,P01098,arab_egyptian,False,2,1,0,,1.0,1.0,True,2,0,0,2
1942,1947,P01100,local_minority,False,1,4,6,0.0,1.0,0.765625,False,0,0,-1,1
1942,1947,P01101,unknown,False,1,3,3,0.0,1.0,0.925925925925926,True,1,1,0,1
1942,1947,P01102,unknown,False,1,1,0,,1.0,1.0,False,0,0,-1,1
1942,1947,P01104,unknown,False,1,2,1,0.0,1.0,1.0069444444444444,False,0,0,-1,1
1942,1947,P01105,european,False,2,0,0,,,,False,0,0,-2,2
1942,1947,P01106,arab_egyptian,True,18,28,378,0.8756613756613757,25.578125,0.07569124253236191,False,0,0,-18,5
1942,1947,P01107,arab_egyptian,False,1,4,6,0.0,1.0,0.765625,True,1,0,0,1
1942,1947,P01108,unknown,False,1,5,10,0.0,1.8,0.38964118337355286,True,1,0,0,1
1942,1947,P01109,unknown,False,1,3,3,0.0,1.0,0.8311111111111109,False,0,0,-1,1
1942,1947,P01110,arab_egyptian,False,3,7,21,0.5238095238095238,4.142857142857143,0.3617233560090703,False,0,0,-3,3
1942,1947,P01111,unknown,False,1,7,21,0.0,1.8571428571428579,0.40235833689338885,True,1,0,0,1
1942,1947,P01112,unknown,False,1,3,3,0.0,1.3333333333333335,0.7441975308641977,False,0,0,-1,1
1942,1947,P01113,unknown,False,1,0,0,,,,False,0,0,-1,1
1942,1947,P01114,unknown,False,1,2,1,0.0,1.25,0.9027777777777779,True,1,0,0,1
1942,1947,P01115,arab_egyptian,True,2,7,21,0.47619047619047616,4.285714285714286,0.2866004676032148,False,0,0,-2,2
1942,1947,P01116,european,False,1,0,0,,,,True,1,1,0,1
1942,1947,P01118,european,False,1,0,0,,,,False,0,0,-1,1
1942,1947,P01119,european,False,1,0,0,,,,True,2,2,1,1
1942,1947,P01120,local_minority,False,1,1,0,,1.0,1.0,False,0,0,-1,1
1942,1947,P01121,unknown,False,1,3,3,0.0,1.0,0.925925925925926,True,1,0,0,1
1942,1947,P01122,local_minority,False,1,5,10,0.0,1.3999999999999997,0.5376840277777778,True,1,1,0,1
1942,1947,P01123,local_minority,False,1,0,0,,,,False,0,0,-1,1
1942,1947,P01124,unknown,False,1,0,0,,,,True,1,0,0,1
1942,1947,P01125,arab_egyptian,False,1,7,21,0.0,1.4285714285714295,0.4408095585172844,True,1,1,0,1
1942,1947,P01126,unknown,False,1,7,21,0.0,2.000000000000001,0.39311959128199303,False,0,0,-1,1
1942,1947,P01127,unknown,False,1,0,0,,,,False,0,0,-1,1
1942,1947,P01128,unknown,False,1,3,3,0.0,1.0,0.925925925925926,False,0,0,-1,1
1942,1947,P01129,unknown,False,1,3,3,0.0,1.0,0.925925925925926,True,1,0,0,1
1942,1947,P01130,unknown,False,4,7,21,0.0,1.8571428571428579,0.40235833689338885,False,0,0,-4,4
1942,1947,P01131,arab_egyptian,False,2,2,1,0.0,1.0,1.125,False,0,0,-2,2
1942,1947,P01132,local_minority,False,4,8,28,0.5357142857142857,5.333333333333333,0.22870614514288495,True,2,1,-2,4
1942,1947,P01133,local_minority,False,2,4,6,0.0,1.5,0.6801215277777778,False,0,0,-2,2
1942,1947,P01135,local_minority,False,2,0,0,,,,True,7,7,5,2
1942,1947,P01136,unknown,False,1,7,21,0.0,1.4285714285714295,0.44184574867221293,False,0,0,-1,1
1942,1947,P01137,european,False,1,3,3,0.0,1.0,0.925925925925926,True,1,0,0,1
1942,1947,P01138,unknown,False,1,2,1,0.0,1.0,0.871141975308642,True,1,1,0,1
1942,1947,P01139,local_minority,False,1,1,0,,1.0,1.0,True,1,0,0,1
1942,1947,P01140,unknown,False,1,1,0,,1.0,1.0,False,0,0,-1,1
1942,1947,P01141,local_minority,False,2,3,3,0.0,1.3333333333333335,0.7338888888888888,True,4,4,2,2
1942,1947,P01142,local_minority,False,1,1,0,,1.0,1.0,False,0,0,-1,1
1942,1947,P01143,local_minority,False,1,1,0,,1.0,1.0,True,3,3,2,1
1942,1947,P01144,local_minority,False,10,18,153,0.7973856209150327,15.1,0.12515558159043774,False,0,0,-10,5
1942,1947,P01145,local_minority,False,3,1,0,,1.0,1.0,True,6,5,3,3
1942,1947,P01146,arab_egyptian,False,1,1,0,,1.0,1.0,False,0,0,-1,1
1942,1947,P01147,local_minority,False,3,2,1,0.0,1.0,1.125,False,0,0,-3,3
1942,1947,P01148,local_minority,False,1,3,3,0.0,1.3333333333333335,0.7287808641975309,True,1,0,0,1
1942,1947,P01149,unknown,False,3,10,45,0.4444444444444444,5.749999999999999,0.2476772912505493,False,0,0,-3,3
1942,1947,P01150,unknown,False,1,0,0,,,,False,0,0,-1,1
1942,1947,P01151,european,False,1,1,0,,1.0,1.0,True,2,2,1,1
1942,1947,P01152,unknown,False,4,8,28,0.5357142857142857,5.833333333333334,0.24191353465207638,True,4,1,0,4
1942,1947,P01153,unknown,False,1,1,0,,1.0,1.0,True,1,0,0,1
1942,1947,P01154,local_minority,False,1,0,0,,,,False,0,0,-1,1
1942,1947,P01155,unknown,False,1,2,1,0.0,1.0,0.9225,True,1,1,0,1
1942,1947,P01156,european,False,1,0,0,,,,True,1,1,0,1
1942,1947,P01157,european,False,3,5,10,0.0,2.1999999999999997,0.42135655991735543,True,2,0,-1,3
1942,1947,P01158,european,False,1,4,6,0.0,1.0,0.765625,False,0,0,-1,1
1942,1947,P01159,unknown,False,1,3,3,0.0,1.3333333333333335,0.5646062902923881,False,0,0,-1,1
1942,1947,P01160,unknown,True,2,5,10,0.0,2.0,0.45343575655114127,False,0,0,-2,2
1942,1947,P01161,unknown,False,1,0,0,,,,True,1,1,0,1
1942,1947,P01162,unknown,False,1,5,10,0.0,0.9999999999999998,0.5970430839002269,False,0,0,-1,1
1942,1947,P01163,arab_egyptian,False,1,4,6,0.0,1.0,0.765625,True,1,1,0,1
1942,1947,P01164,unknown,False,1,0,0,,,,True,1,1,0,1
1942,1947,P01165,european,False,2,3,3,0.3333333333333333,2.0,0.7847222222222222,False,0,0,-2,2
1942,1947,P01166,unknown,False,1,7,21,0.0,1.4285714285714295,0.44184574867221293,True,1,0,0,1
1942,1947,P01167,unknown,False,1,4,6,0.0,1.0,0.765625,True,1,0,0,1
1942,1947,P01168,european,False,1,0,0,,,,False,0,0,-1,1
1942,1947,P01169,local_minority,False,1,2,1,0.0,1.0,1.125,False,0,0,-1,1
1942,1947,P01170,unknown,False,1,2,1,0.0,1.0,1.125,False,0,0,-1,1
1942,1947,P01171,european,False,1,5,10,0.0,0.9999999999999998,0.5970430839002269,False,0,0,-1,1
1942,1947,P01172,unknown,False,1,2,1,0.0,1.0,1.125,True,1,1,0,1
1942,1947,P01173,unknown,False,1,4,6,0.0,1.0,0.765625,False,0,0,-1,1
1942,1947,P01174,unknown,False,1,2,1,0.0,1.0,1.125,False,0,0,-1,1
1942,1947,P01175,european,False,1,0,0,,,,True,2,2,1,1
1942,1947,P01176,unknown,False,1,0,0,,,,False,0,0,-1,1
1942,1947,P01177,unknown,False,2,3,3,0.6666666666666666,2.3333333333333335,0.6111111111111112,False,0,0,-2,2
1942,1947,P01178,unknown,False,1,3,3,0.0,1.0,0.925925925925926,False,0,0,-1,1
1942,1947,P01179,arab_egyptian,False,3,1,0,,1.0,1.0,False,0,0,-3,3
1942,1947,P01181,local_minority,False,1,4,6,0.0,1.0,0.765625,False,0,0,-1,1
1942,1947,P01182,unknown,False,1,2,1,0.0,1.0,1.125,False,0,0,-1,1
1942,1947,P01183,arab_egyptian,True,3,1,0,,1.0,1.0,True,6,6,3,3
1942,1947,P01184,unknown,False,1,8,28,0.0,1.75,0.3653423711821096,False,0,0,-1,1
1942,1947,P01185,unknown,False,1,5,10,0.0,1.533333333333333,0.4650429952957761,False,0,0,-1,1
1942,1947,P01186,arab_egyptian,True,4,6,15,0.7333333333333333,4.777777777777778,0.2694270070586105,False,0,0,-4,4
1942,1947,P01187,unknown,False,2,5,10,0.3,2.666666666666667,0.591435185185185,False,0,0,-2,2
1942,1947,P01188,unknown,False,2,5,10,0.3,2.666666666666667,0.591435185185185,True,1,0,-1,2
1942,1947,P01190,unknown,True,3,6,15,0.6,4.333333333333334,0.3815586419753087,False,0,0,-3,3
1942,1947,P01192,unknown,False,1,3,3,0.0,1.0,0.925925925925926,False,0,0,-1,1
1942,1947,P01193,arab_egyptian,False,2,11,55,0.4909090909090909,6.090909090909091,0.2610040572702911,False,0,0,-2,2
1942,1947,P01194,arab_egyptian,False,1,0,0,,,,False,0,0,-1,1
1947,1950,P00007,local_minority,False,1,0,0,,,,True,2,2,1,1
1947,1950,P00008,local_minority,False,4,10,45,0.4888888888888889,6.641025641025642,0.2920273984727211,True,6,3,2,4
1947,1950,P00018,arab_egyptian,False,2,9,36,0.0,2.1111111111111107,0.33105245319758614,True,2,0,0,2
1947,1950,P00024,unknown,False,1,1,0,,1.0,1.0,True,1,0,0,1
1947,1950,P00028,local_minority,False,7,11,55,0.6181818181818182,7.93452380952381,0.22474805292248076,True,9,3,2,5
1947,1950,P00030,european,False,1,0,0,,,,False,0,0,-1,1
1947,1950,P00033,unknown,False,3,6,15,0.2,3.090909090909091,0.5459660466422299,True,3,0,0,3
1947,1950,P00034,unknown,False,3,6,15,0.2,3.090909090909091,0.5459660466422299,True,1,0,-2,3
1947,1950,P00036,european,False,4,5,10,0.0,1.2666666666666664,0.46791219708109755,True,3,1,-1,4
1947,1950,P00037,local_minority,True,2,8,28,0.0,3.572916666666667,0.31047138459937984,True,2,0,0,2
1947,1950,P00042,local_minority,True,2,5,10,0.3,2.8472222222222223,0.37663896254072277,True,4,2,2,2
1947,1950,P00044,local_minority,False,1,3,3,0.0,1.0,0.7651851851851852,True,1,0,0,1
1947,1950,P00047,local_minority,False,3,15,105,0.6285714285714286,11.15625,0.15816398307837093,True,2,1,-1,3
1947,1950,P00049,local_minority,False,1,2,1,0.0,1.25,0.6840277777777777,True,1,0,0,1
1947,1950,P00056,arab_egyptian,True,2,9,36,0.4166666666666667,5.05,0.28958779006203034,True,3,1,1,2
1947,1950,P00058,european,False,3,2,1,0.0,1.0,1.125,True,3,3,0,3
1947,1950,P00063,european,False,1,0,0,,,,True,2,2,1,1
1947,1950,P00065,arab_egyptian,True,2,3,3,0.0,1.3333333333333335,0.6426080246913579,True,4,4,2,2
1947,1950,P00067,european,False,7,19,171,0.6900584795321637,14.769841269841272,0.1389632146598134,True,4,3,-3,5
1947,1950,P00081,european,False,3,12,66,0.5303030303030303,8.020833333333334,0.19360668043821821,True,2,1,-1,3
1947,1950,P00089,unknown,False,8,15,105,0.7047619047619048,11.815789473684212,0.20549999501218505,True,9,3,1,5
1947,1950,P00093,local_minority,False,4,6,15,0.26666666666666666,3.2708333333333335,0.43505257444298806,False,0,0,-4,4
1947,1950,P00094,local_minority,False,10,22,231,0.8181818181818182,18.951388888888893,0.11137989559193978,True,6,2,-4,5
1947,1950,P00096,european,False,6,12,66,0.7121212121212122,10.047619047619047,0.19175930278758552,True,5,0,-1,5
1947,1950,P00100,arab_egyptian,True,15,59,1711,0.8854471069549971,53.81250000000001,0.05851452388790129,False,0,0,-15,5
1947,1950,P00108,local_minority,False,12,26,325,0.7538461538461538,21.335784313725494,0.13076308782772864,True,9,3,-3,5
1947,1950,P00116,local_minority,False,3,9,36,0.4166666666666667,5.363636363636364,0.27409579992414057,True,3,0,0,3
1947,1950,P00117,european,False,4,4,6,0.3333333333333333,2.9000000000000004,0.3681909818405664,True,3,0,-1,4
1947,1950,P00120,local_minority,False,2,2,1,0.0,1.0,0.8240923369128498,True,4,2,2,2
1947,1950,P00124,european,True,1,1,0,,1.0,1.0,True,1,0,0,1
1947,1950,P00129,local_minority,False,1,0,0,,,,True,1,0,0,1
1947,1950,P00130,local_minority,False,8,29,406,0.7906403940886699,24.5390625,0.09018842671146104,True,8,2,0,5
1947,1950,P00131,unknown,False,8,12,66,0.6515151515151515,9.215686274509803,0.23721728592046448,True,3,1,-5,5
1947,1950,P00135,local_minority,False,9,14,91,0.7252747252747253,11.725490196078432,0.18602767726891925,True,2,2,-7,5
1947,1950,P00136,european,False,3,2,1,0.0,1.5833333333333335,0.5582571570294785,True,2,1,-1,3
1947,1950,P00138,local_minority,True,1,1,0,,1.0,1.0,False,0,0,-1,1
1947,1950,P00146,arab_egyptian,False,12,28,378,0.8544973544973545,24.744791666666668,0.0965247975488469,True,6,0,-6,5
1947,1950,P00148,local_minority,False,4,10,45,0.7777777777777778,7.999999999999999,0.2136271256160867,True,2,0,-2,4
1947,1950,P00155,european,False,1,4,6,0.0,1.5,0.4752541994978465,False,0,0,-1,1
1947,1950,P00165,arab_egyptian,False,8,12,66,0.803030303030303,9.958333333333334,0.1758389628999748,True,9,1,1,5
1947,1950,P00166,arab_egyptian,False,6,17,136,0.75,13.965686274509803,0.13295502853258556,False,0,0,-6,5
1947,1950,P00168,arab_egyptian,False,1,0,0,,,,True,1,1,0,1
1947,1950,P00169,arab_egyptian,False,12,13,78,0.8205128205128205,11.333333333333334,0.13127600757522095,True,1,1,-11,5
1947,1950,P00171,arab_egyptian,False,3,5,10,0.4,3.0,0.36703424521246913,True,3,0,0,3
1947,1950,P00179,local_minority,False,1,6,15,0.0,2.5,0.36057977104004935,True,1,0,0,1
1947,1950,P00184,european,False,12,14,91,0.7032967032967034,11.131578947368421,0.2085255606507493,True,2,2,-10,5
1947,1950,P00185,european,False,6,21,210,0.6571428571428571,16.478260869565215,0.1158200641490663,True,2,0,-4,5
1947,1950,P00186,local_minority,False,1,0,0,,,,True,1,1,0,1
1947,1950,P00198,unknown,False,1,6,15,0.0,1.666666666666667,0.4218474687705457,False,0,0,-1,1
1947,1950,P00199,local_minority,False,1,2,1,0.0,1.0,1.125,True,2,2,1,1
1947,1950,P00209,unknown,False,1,2,1,0.0,1.0,0.871141975308642,True,1,0,0,1
1947,1950,P00217,unknown,False,1,1,0,,1.0,1.0,True,1,0,0,1
1947,1950,P00219,local_minority,True,1,0,0,,,,True,4,4,3,1
1947,1950,P00221,european,False,4,9,36,0.5277777777777778,6.055555555555555,0.22812857716956292,True,2,1,-2,4
1947,1950,P00224,unknown,False,1,5,10,0.0,0.9999999999999998,0.5264852071005918,True,1,0,0,1
1947,1950,P00237,european,False,1,1,0,,1.0,1.0,True,1,1,0,1
1947,1950,P00241,unknown,False,1,0,0,,,,False,0,0,-1,1
1947,1950,P00244,unknown,False,1,5,10,0.0,1.8,0.6276892561983471,True,1,1,0,1
1947,1950,P00248,local_minority,False,1,0,0,,,,True,1,1,0,1
1947,1950,P00251,local_minority,False,22,53,1378,0.8962264150943396,49.06878306878309,0.0539083387376478,True,10,7,-12,5
1947,1950,P00254,arab_egyptian,False,1,1,0,,1.0,1.0,True,1,0,0,1
1947,1950,P00257,local_minority,False,1,3,3,0.0,1.0,0.7651851851851852,True,1,0,0,1
1947,1950,P00261,european,False,1,2,1,0.0,1.0,1.125,True,1,0,0,1
1947,1950,P00263,unknown,False,1,4,6,0.0,1.0,0.7122395833333331,True,1,0,0,1
1947,1950,P00264,unknown,False,1,4,6,0.0,1.0,0.7122395833333331,True,1,0,0,1
1947,1950,P00266,unknown,False,1,3,3,0.0,1.0,0.7546296296296298,False,0,0,-1,1
1947,1950,P00267,local_minority,False,1,2,1,0.0,1.0,1.125,True,1,1,0,1
1947,1950,P00283,local_minority,False,1,0,0,,,,True,1,0,0,1
1947,1950,P00285,european,False,2,5,10,0.0,1.2666666666666664,0.46791219708109755,True,1,1,-1,2
1947,1950,P00295,european,False,3,5,10,0.6,3.6000000000000005,0.33950980058724173,False,0,0,-3,3
1947,1950,P00302,unknown,False,1,0,0,,,,False,0,0,-1,1
1947,1950,P00314,arab_egyptian,False,1,1,0,,1.0,1.0,True,1,0,0,1
1947,1950,P00319,european,False,1,1,0,,1.0,1.0,True,1,1,0,1
1947,1950,P00321,arab_egyptian,False,1,0,0,,,,True,6,6,5,1
1947,1950,P00323,arab_egyptian,False,1,5,10,0.0,2.2333333333333334,0.472612864112567,True,1,1,0,1
1947,1950,P00324,arab_egyptian,False,1,0,0,,,,False,0,0,-1,1
1947,1950,P00339,european,False,1,3,3,0.0,1.0,0.7546296296296298,True,1,0,0,1
1947,1950,P00345,european,False,1,5,10,0.0,0.9999999999999998,0.5264852071005918,False,0,0,-1,1
1947,1950,P00348,arab_egyptian,False,1,1,0,,1.0,1.0,False,0,0,-1,1
1947,1950,P00360,european,False,1,0,0,,,,True,1,0,0,1
1947,1950,P00362,local_minority,False,2,2,1,0.0,1.5,0.8103780864197531,True,2,0,0,2
1947,1950,P00368,local_minority,False,1,0,0,,,,True,1,0,0,1
1947,1950,P00385,european,False,1,0,0,,,,False,0,0,-1,1
1947,1950,P00403,unknown,False,1,1,0,,1.0,1.0,True,1,0,0,1
1947,1950,P00406,unknown,False,1,2,1,0.0,1.0,0.8038903061224489,True,1,1,0,1
1947,1950,P00409,european,False,1,5,10,0.0,1.4000000000000001,0.5599360000000002,False,0,0,-1,1
1947,1950,P00410,european,False,1,5,10,0.0,1.4000000000000001,0.5599360000000002,True,1,1,0,1
1947,1950,P00416,european,False,1,0,0,,,,False,0,0,-1,1
1947,1950,P00421,arab_egyptian,True,2,4,6,0.3333333333333333,2.666666666666667,0.4998625134552473,True,6,4,4,2
1947,1950,P00423,local_minority,False,2,4,6,0.6666666666666666,3.3125,0.4208312307766243,True,1,0,-1,2
1947,1950,P00427,unknown,False,1,1,0,,1.0,1.0,False,0,0,-1,1
1947,1950,P00438,unknown,False,2,6,15,0.0,2.527777777777778,0.3986834731867283,False,0,0,-2,2
1947,1950,P00440,local_minority,False,1,2,1,0.0,1.0,1.125,True,2,1,1,1
1947,1950,P00441,local_minority,False,2,0,0,,,,True,2,0,0,2
1947,1950,P00444,local_minority,False,3,2,1,0.0,1.0,1.0069444444444444,True,5,4,2,3
1947,1950,P00447,european,False,1,1,0,,1.0,1.0,True,4,3,3,1
1947,1950,P00448,local_minority,False,1,6,15,0.0,2.25,0.3323148663249189,False,0,0,-1,1
1947,1950,P00449,arab_egyptian,False,1,4,6,0.0,1.8750000000000002,0.5042070103024773,False,0,0,-1,1
1947,1950,P00452,european,False,1,0,0,,,,True,4,3,3,1
1947,1950,P00453,local_minority,False,3,5,10,0.6,3.6000000000000005,0.33431423611111116,True,1,1,-2,3
1947,1950,P00473,local_minority,False,1,1,0,,1.0,1.0,True,1,1,0,1
1947,1950,P00483,local_minority,False,1,0,0,,,,True,1,1,0,1
1947,1950,P00484,local_minority,False,3,4,6,0.0,1.6666666666666667,0.6737424307958477,True,5,3,2,3
1947,1950,P00488,european,False,2,2,1,0.0,1.5,0.8103780864197531,True,2,0,0,2
1947,1950,P00508,local_minority,False,4,12,66,0.5151515151515151,7.538461538461537,0.2453116611090799,False,0,0,-4,4
1947,1950,P00509,european,False,1,4,6,0.0,1.375,0.6351932322485206,True,1,0,0,1
1947,1950,P00514,local_minority,True,2,4,6,0.0,1.5625,0.6211299189814815,True,2,0,0,2
1947,1950,P00516,european,False,1,8,28,0.0,2.78125,0.27601909017911275,True,2,1,1,1
1947,1950,P00534,unknown,False,1,8,28,0.0,3.572916666666666,0.31047138459937984,True,1,0,0,1
1947,1950,P00535,local_minority,False,1,6,15,0.0,2.2222222222222228,0.405349173078538,True,1,0,0,1
1947,1950,P00536,arab_egyptian,False,7,21,210,0.7095238095238096,16.69444444444444,0.12816561643177035,True,9,4,2,5
1947,1950,P00537,unknown,False,1,1,0,,1.0,1.0,True,4,4,3,1
1947,1950,P00540,arab_egyptian,True,4,12,66,0.3333333333333333,7.30952380952381,0.18813510718814952,True,4,0,0,4
1947,1950,P00542,arab_egyptian,False,3,12,66,0.42424242424242425,6.527777777777778,0.21979940071333673,False,0,0,-3,3
1947,1950,P00544,local_minority,False,3,6,15,0.4,3.2727272727272725,0.44845020065391256,False,0,0,-3,3
1947,1950,P00546,local_minority,False,7,20,190,0.8,17.006666666666668,0.15069110225734464,True,8,1,1,5
1947,1950,P00548,arab_egyptian,False,9,11,55,0.7090909090909091,8.48611111111111,0.24295717592592586,True,7,1,-2,5
1947,1950,P00561,local_minority,False,3,6,15,0.2,3.0909090909090904,0.5459660466422299,True,4,1,1,3
1947,1950,P00568,unknown,False,1,2,1,0.0,1.25,0.6840277777777777,False,0,0,-1,1
1947,1950,P00584,arab_egyptian,False,1,0,0,,,,False,0,0,-1,1
1947,1950,P00594,european,False,3,13,78,0.6666666666666666,9.307692307692307,0.2071335319137517,True,2,1,-1,3
1947,1950,P00615,unknown,False,1,0,0,,,,True,1,1,0,1
1947,1950,P00619,european,False,1,1,0,,1.0,1.0,False,0,0,-1,1
1947,1950,P00628,arab_egyptian,False,2,4,6,0.3333333333333333,2.375,0.44660864559220675,True,1,0,-1,2
1947,1950,P00632,arab_egyptian,True,6,8,28,0.6428571428571429,5.833333333333333,0.28544689181206395,True,5,2,-1,5
1947,1950,P00637,arab_egyptian,False,1,2,1,0.0,1.3333333333333335,0.8395083102493075,True,8,7,7,1
1947,1950,P00638,arab_egyptian,False,5,10,45,0.6666666666666666,8.116666666666667,0.1689388714560184,True,2,1,-3,5
1947,1950,P00640,arab_egyptian,False,1,0,0,,,,True,1,1,0,1
1947,1950,P00642,arab_egyptian,False,1,9,36,0.0,2.1111111111111107,0.33105245319758614,True,1,0,0,1
1947,1950,P00645,arab_egyptian,False,3,7,21,0.5714285714285714,4.9375,0.37711650053539936,True,3,0,0,3
1947,1950,P00647,arab_egyptian,False,1,3,3,0.0,1.3333333333333335,0.7289137517146776,True,1,0,0,1
1947,1950,P00649,local_minority,False,1,4,6,0.0,2.25,0.42160177891274236,False,0,0,-1,1
1947,1950,P00650,local_minority,False,2,1,0,,1.0,1.0,True,2,0,0,2
1947,1950,P00653,unknown,False,1,6,15,0.0,2.5,0.36057977104004935,True,2,1,1,1
1947,1950,P00655,local_minority,False,4,24,276,0.7355072463768116,19.35333333333333,0.11524214941664694,True,4,2,0,4
1947,1950,P00656,local_minority,False,1,5,10,0.0,1.7999999999999998,0.6276892561983471,False,0,0,-1,1
1947,1950,P00657,arab_egyptian,True,8,17,136,0.6838235294117647,13.596491228070173,0.1414281114953188,False,0,0,-8,5
1947,1950,P00658,arab_egyptian,True,5,9,36,0.6944444444444444,7.066666666666666,0.22170201861439845,True,1,1,-4,5
1947,1950,P00660,unknown,False,1,5,10,0.0,0.9999999999999998,0.6480000000000001,True,1,0,0,1
1947,1950,P00666,unknown,False,1,1,0,,1.0,1.0,False,0,0,-1,1
1947,1950,P00667,arab_egyptian,False,1,9,36,0.0,2.1111111111111107,0.33105245319758614,True,1,0,0,1
1947,1950,P00674,local_minority,False,1,0,0,,,,True,2,2,1,1
1947,1950,P00680,arab_egyptian,False,1,1,0,,1.0,1.0,True,1,0,0,1
1947,1950,P00685,arab_egyptian,True,5,7,21,0.7142857142857143,5.285714285714286,0.22430086344504624,False,0,0,-5,5
1947,1950,P00689,arab_egyptian,False,3,6,15,0.5333333333333333,3.666666666666667,0.3967978395061728,True,1,0,-2,3
1947,1950,P00692,european,False,2,1,0,,1.0,1.0,False,0,0,-2,2
1947,1950,P00693,unknown,False,1,1,0,,1.0,1.0,True,1,0,0,1
1947,1950,P00698,european,False,5,20,190,0.7157894736842105,16.210144927536234,0.1319051751626963,True,2,0,-3,5
1947,1950,P00700,unknown,False,1,2,1,0.0,1.0,1.125,True,1,0,0,1
1947,1950,P00701,unknown,False,1,1,0,,1.0,1.0,True,1,1,0,1
1947,1950,P00703,european,False,1,6,15,0.0,2.25,0.379756460102961,True,1,0,0,1
1947,1950,P00704,unknown,False,1,3,3,0.0,1.3333333333333335,0.5767201874080914,False,0,0,-1,1
1947,1950,P00705,arab_egyptian,False,2,1,0,,1.0,1.0,True,2,0,0,2
1947,1950,P00707,unknown,False,1,1,0,,1.0,1.0,True,1,1,0,1
1947,1950,P00708,arab_egyptian,False,1,0,0,,,,True,2,2,1,1
1947,1950,P00709,unknown,False,1,3,3,0.0,1.3333333333333335,0.6007881346709185,False,0,0,-1,1
1947,1950,P00710,european,False,2,4,6,0.0,2.25,0.40393654934630097,True,1,0,-1,2
1947,1950,P00714,local_minority,False,1,0,0,,,,False,0,0,-1,1
1947,1950,P00721,european,False,2,3,3,0.0,1.5,0.8645833333333333,True,2,0,0,2
1947,1950,P00726,local_minority,False,2,5,10,0.0,1.533333333333333,0.525278698979592,True,4,3,2,2
1947,1950,P00727,local_minority,False,1,4,6,0.0,1.0,0.5633680555555556,True,1,0,0,1
1947,1950,P00730,european,False,2,3,3,0.0,1.3333333333333335,0.9969135802469138,True,2,1,0,2
1947,1950,P00732,unknown,False,2,2,1,0.0,1.0,1.0069444444444444,False,0,0,-2,2
1947,1950,P00733,european,False,1,0,0,,,,True,1,0,0,1
1947,1950,P00734,unknown,False,1,8,28,0.0,2.78125,0.27601909017911275,False,0,0,-1,1
1947,1950,P00740,unknown,False,3,7,21,0.3333333333333333,3.939393939393939,0.3201683339393684,False,0,0,-3,3
1947,1950,P00743,european,False,1,1,0,,1.0,1.0,False,0,0,-1,1
1947,1950,P00744,unknown,False,1,2,1,0.0,1.0,1.0069444444444444,False,0,0,-1,1
1947,1950,P00746,unknown,False,1,1,0,,1.0,1.0,True,1,1,0,1
1947,1950,P00753,unknown,False,2,0,0,,,,False,0,0,-2,2
1947,1950,P00755,local_minority,False,1,1,0,,1.0,1.0,False,0,0,-1,1
1947,1950,P00756,local_minority,False,2,10,45,0.3111111111111111,5.643939393939394,0.2791062881358373,True,2,1,0,2
1947,1950,P00759,local_minority,False,1,4,6,0.0,1.5625,0.6211299189814814,True,1,0,0,1
1947,1950,P00760,unknown,False,1,6,15,0.0,1.6666666666666672,0.43457372113216264,False,0,0,-1,1
1947,1950,P00762,unknown,True,9,22,231,0.8528138528138528,19.724358974358978,0.1145472227341294,False,0,0,-9,5
1947,1950,P00763,local_minority,False,2,3,3,0.0,1.5,0.8645833333333333,True,2,0,0,2
1947,1950,P00764,local_minority,False,1,6,15,0.0,2.25,0.3323148663249189,True,1,0,0,1
1947,1950,P00766,unknown,False,1,2,1,0.0,1.0,1.125,False,0,0,-1,1
1947,1950,P00767,unknown,False,1,2,1,0.0,1.0,1.125,True,1,0,0,1
1947,1950,P00769,local_minority,False,1,5,10,0.0,0.9999999999999998,0.6480000000000001,True,1,0,0,1
1947,1950,P00771,unknown,False,1,0,0,,,,True,1,1,0,1
1947,1950,P00774,unknown,False,1,4,6,0.0,1.666666666666667,0.3638945817257424,False,0,0,-1,1
1947,1950,P00775,unknown,True,1,0,0,,,,True,1,0,0,1
1947,1950,P00777,local_minority,False,6,27,351,0.7948717948717948,23.068452380952383,0.09059702501643487,True,1,0,-5,5
1947,1950,P00779,european,True,1,9,36,0.0,3.925925925925926,0.23726435463913367,False,0,0,-1,1
1947,1950,P00780,unknown,False,2,7,21,0.2857142857142857,3.2857142857142856,0.34763909971702184,False,0,0,-2,2
1947,1950,P00785,european,False,1,2,1,0.0,1.25,0.6625000000000001,True,1,0,0,1
1947,1950,P00786,european,False,1,0,0,,,,False,0,0,-1,1
1947,1950,P00787,unknown,False,9,18,153,0.7712418300653595,15.359649122807019,0.11938769005347699,False,0,0,-9,5
1947,1950,P00795,european,False,1,3,3,0.0,1.0,0.8657407407407405,True,1,0,0,1
1947,1950,P00796,unknown,False,1,5,10,0.0,1.4000000000000001,0.5599360000000002,False,0,0,-1,1
1947,1950,P00797,local_minority,False,3,4,6,0.5,2.5,0.5833333333333333,True,3,1,0,3
1947,1950,P00800,unknown,False,1,4,6,0.0,1.666666666666667,0.49406285430839003,False,0,0,-1,1
1947,1950,P00801,arab_egyptian,False,1,4,6,0.0,1.666666666666667,0.49406285430839003,False,0,0,-1,1
1947,1950,P00802,local_minority,True,13,21,210,0.7428571428571429,17.16666666666667,0.13153658129732557,False,0,0,-13,5
1947,1950,P00803,local_minority,True,4,8,28,0.6428571428571429,6.15,0.3389123263888889,True,4,1,0,4
1947,1950,P00804,european,False,5,3,3,0.6666666666666666,2.5,0.5294754155124654,True,3,0,-2,5
1947,1950,P00811,arab_egyptian,False,3,4,6,0.5,2.75,0.41609918436441984,False,0,0,-3,3
1947,1950,P00815,arab_egyptian,False,3,3,3,0.6666666666666666,2.5,0.552517361111111,True,7,5,4,3
1947,1950,P00817,arab_egyptian,False,2,4,6,0.5,2.5,0.5833333333333333,False,0,0,-2,2
1947,1950,P00824,unknown,False,1,2,1,0.0,1.0,0.9225,True,1,0,0,1
1947,1950,P00828,local_minority,False,1,2,1,0.0,1.25,0.8427768166089966,True,2,1,1,1
1947,1950,P00829,arab_egyptian,True,2,9,36,0.0,2.1111111111111107,0.33105245319758614,True,3,1,1,2
1947,1950,P00830,european,False,3,5,10,0.8,4.2,0.40000000000000013,True,3,2,0,3
1947,1950,P00836,unknown,False,1,2,1,0.0,1.0,1.125,False,0,0,-1,1
1947,1950,P00839,european,False,2,0,0,,,,True,1,1,-1,2
1947,1950,P00845,local_minority,False,1,0,0,,,,True,1,0,0,1
1947,1950,P00849,unknown,False,1,0,0,,,,False,0,0,-1,1
1947,1950,P00853,european,False,2,2,1,1.0,2.0,0.5,False,0,0,-2,2
1947,1950,P00856,european,False,3,1,0,,1.0,1.0,True,3,1,0,3
1947,1950,P00857,arab_egyptian,True,1,4,6,0.0,1.0,0.7122395833333331,True,1,0,0,1
1947,1950,P00860,local_minority,False,1,4,6,0.0,2.0,0.5180180579176115,True,1,0,0,1
1947,1950,P00867,unknown,False,1,6,15,0.0,2.527777777777778,0.3986834731867283,False,0,0,-1,1
1947,1950,P00871,local_minority,False,1,0,0,,,,True,1,1,0,1
1947,1950,P00872,unknown,False,1,9,36,0.0,3.925925925925926,0.23726435463913367,False,0,0,-1,1
1947,1950,P00874,local_minority,False,7,19,171,0.7134502923976608,15.006172839506172,0.16360392326181764,False,0,0,-7,5
1947,1950,P00877,european,False,2,6,15,0.26666666666666666,4.0,0.36013456122467735,True,2,1,0,2
1947,1950,P00879,unknown,False,1,0,0,,,,False,0,0,-1,1
1947,1950,P00880,unknown,False,1,6,15,0.0,1.6666666666666667,0.43457372113216264,False,0,0,-1,1
1947,1950,P00884,arab_egyptian,True,4,6,15,0.6666666666666666,4.333333333333334,0.27060519647099734,True,4,3,0,4
1947,1950,P00889,local_minority,False,2,0,0,,,,False,0,0,-2,2
1947,1950,P00891,unknown,False,1,4,6,0.0,1.5625,0.6211299189814814,True,1,0,0,1
1947,1950,P00893,unknown,False,1,4,6,0.0,2.1666666666666665,0.470430558552953,True,1,0,0,1
1947,1950,P00895,unknown,False,1,5,10,0.0,0.9999999999999998,0.5264852071005918,True,1,0,0,1
1947,1950,P00902,arab_egyptian,False,1,0,0,,,,True,4,4,3,1
1947,1950,P00905,european,False,7,3,3,0.6666666666666666,2.3333333333333335,0.6111111111111112,True,3,1,-4,5
1947,1950,P00908,arab_egyptian,True,7,7,21,0.6190476190476191,5.5,0.27700998218802897,True,3,3,-4,5
1947,1950,P00911,european,False,4,7,21,0.5714285714285714,5.0476190476190474,0.23370241761880317,True,3,3,-1,4
1947,1950,P00915,arab_egyptian,True,2,0,0,,,,True,2,1,0,2
1947,1950,P00920,local_minority,False,2,1,0,,1.0,1.0,True,1,1,-1,2
1947,1950,P00921,arab_egyptian,True,9,12,66,0.696969696969697,9.677777777777777,0.17132820800131052,True,8,1,-1,5
1947,1950,P00923,arab_egyptian,True,10,18,153,0.738562091503268,14.770833333333334,0.13242569497965143,True,8,2,-2,5
1947,1950,P00931,european,False,3,6,15,0.3333333333333333,2.6060606060606055,0.40242044772607555,True,2,0,-1,3
1947,1950,P00932,european,False,1,4,6,0.0,1.0,0.6470182742214533,False,0,0,-1,1
1947,1950,P00933,european,False,2,5,10,0.6,3.8333333333333335,0.34796236012615783,False,0,0,-2,2
1947,1950,P00934,unknown,False,2,6,15,0.5333333333333333,4.500000000000001,0.3312930420898738,False,0,0,-2,2
1947,1950,P00935,european,False,1,1,0,,1.0,1.0,False,0,0,-1,1
1947,1950,P00939,local_minority,False,1,0,0,,,,True,2,2,1,1
1947,1950,P00941,european,False,4,9,36,0.3888888888888889,5.462962962962964,0.22917228548195356,True,4,1,0,4
1947,1950,P00942,arab_egyptian,False,1,1,0,,1.0,1.0,True,1,1,0,1
1947,1950,P00948,unknown,False,1,5,10,0.0,0.9999999999999998,0.5264852071005918,False,0,0,-1,1
1947,1950,P00950,european,False,1,0,0,,,,True,3,3,2,1
1947,1950,P00953,arab_egyptian,False,2,1,0,,1.0,1.0,True,5,4,3,2
1947,1950,P00955,unknown,False,1,2,1,0.0,1.25,0.8469444444444445,False,0,0,-1,1
1947,1950,P00956,european,False,1,2,1,0.0,1.1666666666666667,0.5660115898211135,True,1,0,0,1
1947,1950,P00958,european,False,2,0,0,,,,True,2,2,0,2
1947,1950,P00960,unknown,False,1,1,0,,1.0,1.0,False,0,0,-1,1
1947,1950,P00961,arab_egyptian,True,1,0,0,,,,True,3,3,2,1
1947,1950,P00962,arab_egyptian,False,1,0,0,,,,True,1,1,0,1
1947,1950,P00972,unknown,False,1,5,10,0.0,1.9999999999999996,0.3846921161976858,True,2,1,1,1
1947,1950,P00975,unknown,False,1,0,0,,,,True,1,1,0,1
1947,1950,P00976,arab_egyptian,False,1,5,10,0.0,2.0,0.39310748579267096,True,1,1,0,1
1947,1950,P00979,local_minority,False,4,7,21,0.5238095238095238,4.523809523809524,0.3241613520408163,True,3,1,-1,4
1947,1950,P00982,local_minority,False,1,3,3,0.0,1.3333333333333335,0.6907793209876542,False,0,0,-1,1
1947,1950,P00985,local_minority,False,3,6,15,0.0,1.9722222222222225,0.44536373939043206,False,0,0,-3,3
1947,1950,P00987,european,False,1,1,0,,1.0,1.0,False,0,0,-1,1
1947,1950,P00989,unknown,False,1,0,0,,,,True,1,1,0,1
1947,1950,P00990,arab_egyptian,True,1,3,3,0.0,1.3333333333333335,0.5844531249999999,True,1,0,0,1
1947,1950,P00991,arab_egyptian,False,3,8,28,0.5714285714285714,5.770833333333333,0.22897602677942638,True,3,1,0,3
1947,1950,P00993,arab_egyptian,False,2,0,0,,,,False,0,0,-2,2
1947,1950,P00997,arab_egyptian,False,2,4,6,0.3333333333333333,2.3,0.639050925925926,True,3,1,1,2
1947,1950,P01000,arab_egyptian,False,1,4,6,0.0,2.0,0.5180180579176115,False,0,0,-1,1
1947,1950,P01001,arab_egyptian,True,1,5,10,0.0,1.4000000000000001,0.4972086419753086,False,0,0,-1,1
1947,1950,P01002,unknown,False,1,0,0,,,,True,1,0,0,1
1947,1950,P01005,local_minority,False,1,0,0,,,,True,1,1,0,1
1947,1950,P01008,local_minority,False,1,4,6,0.0,2.1666666666666665,0.47043055855295296,True,2,1,1,1
1947,1950,P01010,local_minority,False,3,11,55,0.5454545454545454,7.575757575757576,0.22075558307298182,True,3,2,0,3
1947,1950,P01012,unknown,False,1,0,0,,,,False,0,0,-1,1
1947,1950,P01015,european,False,2,9,36,0.5555555555555556,5.833333333333333,0.2932554183813443,True,1,0,-1,2
1947,1950,P01016,european,False,1,0,0,,,,False,0,0,-1,1
1947,1950,P01021,local_minority,False,6,6,15,0.5333333333333333,3.861111111111111,0.3988178833490414,True,3,1,-3,5
1947,1950,P01022,local_minority,False,3,4,6,0.5,2.875,0.3760578789734243,False,0,0,-3,3
1947,1950,P01026,local_minority,False,3,9,36,0.5,6.055555555555555,0.307861773561451,True,2,1,-1,3
1947,1950,P01032,european,False,1,1,0,,1.0,1.0,False,0,0,-1,1
1947,1950,P01044,local_minority,False,3,12,66,0.4696969696969697,7.9444444444444455,0.18511628623429102,False,0,0,-3,3
1947,1950,P01045,unknown,False,1,0,0,,,,False,0,0,-1,1
1947,1950,P01047,unknown,False,2,5,10,0.0,1.4000000000000001,0.4972086419753086,True,2,1,0,2
1947,1950,P01049,local_minority,False,1,0,0,,,,False,0,0,-1,1
1947,1950,P01051,local_minority,False,1,4,6,0.0,1.8750000000000002,0.5042070103024773,False,0,0,-1,1
1947,1950,P01052,unknown,False,2,0,0,,,,False,0,0,-2,2
1947,1950,P01053,european,False,1,4,6,0.0,1.375,0.6351932322485206,False,0,0,-1,1
1947,1950,P01054,european,False,1,4,6,0.0,1.375,0.6351932322485206,True,1,0,0,1
1947,1950,P01056,unknown,False,1,2,1,0.0,1.0,1.125,False,0,0,-1,1
1947,1950,P01062,european,False,2,2,1,0.0,1.0,0.6164714406472648,True,1,0,-1,2
1947,1950,P01063,local_minority,False,2,1,0,,1.0,1.0,True,2,1,0,2
1947,1950,P01067,unknown,False,1,1,0,,1.0,1.0,True,1,0,0,1
1947,1950,P01069,unknown,False,1,0,0,,,,True,1,0,0,1
1947,1950,P01071,unknown,False,1,1,0,,1.0,1.0,True,1,1,0,1
1947,1950,P01072,european,False,1,3,3,0.0,1.0,0.8657407407407406,True,1,0,0,1
1947,1950,P01075,unknown,False,1,0,0,,,,False,0,0,-1,1
1947,1950,P01077,local_minority,False,1,4,6,0.0,1.6666666666666667,0.6737424307958477,True,1,0,0,1
1947,1950,P01078,local_minority,False,1,4,6,0.0,2.25,0.40393654934630097,False,0,0,-1,1
1947,1950,P01079,local_minority,False,1,6,15,0.0,2.500000000000001,0.3605797710400494,True,1,1,0,1
1947,1950,P01085,unknown,False,1,0,0,,,,False,0,0,-1,1
1947,1950,P01088,arab_egyptian,True,15,33,528,0.9015151515151515,30.40656565656566,0.06941487095765002,True,14,8,-1,5
1947,1950,P01092,local_minority,False,1,5,10,0.0,1.8,0.6276892561983471,True,1,0,0,1
1947,1950,P01097,arab_egyptian,False,2,3,3,0.0,1.777777777777778,0.5283869092458462,False,0,0,-2,2
1947,1950,P01098,arab_egyptian,False,2,5,10,0.0,2.071428571428572,0.4057796906273835,False,0,0,-2,2
1947,1950,P01101,unknown,False,1,0,0,,,,False,0,0,-1,1
1947,1950,P01107,arab_egyptian,True,1,9,36,0.0,2.1111111111111107,0.33105245319758614,False,0,0,-1,1
1947,1950,P01108,unknown,False,1,4,6,0.0,1.666666666666667,0.6737424307958477,True,1,0,0,1
1947,1950,P01111,unknown,False,1,6,15,0.0,2.5277777777777777,0.39868347318672837,False,0,0,-1,1
1947,1950,P01114,unknown,False,1,1,0,,1.0,1.0,True,1,0,0,1
1947,1950,P01116,european,False,1,0,0,,,,False,0,0,-1,1
1947,1950,P01119,european,False,2,0,0,,,,True,2,2,0,2
1947,1950,P01121,unknown,False,1,1,0,,1.0,1.0,False,0,0,-1,1
1947,1950,P01122,local_minority,False,1,0,0,,,,True,1,0,0,1
1947,1950,P01124,unknown,False,1,1,0,,1.0,1.0,True,1,0,0,1
1947,1950,P01125,arab_egyptian,True,1,0,0,,,,True,1,1,0,1
1947,1950,P01129,unknown,False,1,6,15,0.0,1.6666666666666667,0.42184746877054563,False,0,0,-1,1
1947,1950,P01132,local_minority,False,2,8,28,0.0,3.7083333333333335,0.26408843331479515,True,2,1,0,2
1947,1950,P01135,local_minority,False,7,6,15,0.8,5.166666666666667,0.253463672583017,False,0,0,-7,5
1947,1950,P01137,european,False,1,2,1,0.0,1.0,1.125,True,1,0,0,1
1947,1950,P01138,unknown,False,1,2,1,0.0,1.0,0.871141975308642,True,1,0,0,1
1947,1950,P01139,local_minority,False,1,1,0,,1.0,1.0,True,1,0,0,1
1947,1950,P01141,local_minority,False,4,6,15,0.5333333333333333,3.666666666666666,0.40397538914784853,True,4,3,0,4
1947,1950,P01143,local_minority,False,3,4,6,0.0,1.3333333333333335,0.5397472704395322,True,3,1,0,3
1947,1950,P01145,local_minority,False,6,13,78,0.7051282051282052,10.07843137254902,0.20342737870257488,True,5,0,-1,5
1947,1950,P01148,local_minority,False,1,2,1,0.0,1.25,0.8469444444444445,False,0,0,-1,1
1947,1950,P01151,european,False,2,3,3,0.0,1.3333333333333335,0.9969135802469138,True,2,0,0,2
1947,1950,P01152,unknown,False,4,14,91,0.6153846153846154,10.351190476190478,0.15249986194022905,True,2,0,-2,4
1947,1950,P01153,unknown,False,1,3,3,0.0,1.0,0.7546296296296298,True,2,1,1,1
1947,1950,P01155,unknown,False,1,1,0,,1.0,1.0,True,1,0,0,1
1947,1950,P01156,european,False,1,0,0,,,,True,1,0,0,1
1947,1950,P01157,european,False,2,4,6,0.0,1.8666666666666665,0.43948886507265633,True,4,2,2,2
1947,1950,P01161,unknown,False,1,1,0,,1.0,1.0,False,0,0,-1,1
1947,1950,P01163,arab_egyptian,False,1,3,3,0.0,1.0,0.925925925925926,True,1,0,0,1
1947,1950,P01164,unknown,False,1,1,0,,1.0,1.0,True,1,0,0,1
1947,1950,P01166,unknown,False,1,4,6,0.0,1.0,0.6470182742214533,True,2,1,1,1
1947,1950,P01167,unknown,False,1,1,0,,1.0,1.0,False,0,0,-1,1
1947,1950,P01172,unknown,False,1,3,3,0.0,1.0,0.8657407407407406,True,1,1,0,1
1947,1950,P01175,european,False,2,7,21,0.38095238095238093,4.535714285714286,0.2876555701536219,False,0,0,-2,2
1947,1950,P01183,arab_egyptian,False,6,15,105,0.5904761904761905,10.270833333333332,0.17957013250224577,False,0,0,-6,5
1947,1950,P01188,unknown,False,1,3,3,0.0,1.0,0.5265845321905926,False,0,0,-1,1
1947,1950,P01195,arab_egyptian,False,1,3,3,0.0,1.4444444444444446,0.7546296296296297,True,1,0,0,1
1947,1950,P01196,arab_egyptian,False,1,3,3,0.0,1.0,0.8657407407407405,False,0,0,-1,1
1947,1950,P01197,arab_egyptian,False,1,0,0,,,,True,1,1,0,1
1947,1950,P01198,arab_egyptian,False,1,3,3,0.0,1.0,0.7218651158045097,False,0,0,-1,1
1947,1950,P01199,arab_egyptian,False,1,2,1,0.0,1.0,0.7002777777777778,True,1,1,0,1
1947,1950,P01200,arab_egyptian,False,1,2,1,0.0,1.0,0.8634567901234568,True,1,1,0,1
1947,1950,P01201,arab_egyptian,False,1,5,10,0.0,0.9999999999999998,0.6480000000000001,True,1,0,0,1
1947,1950,P01202,arab_egyptian,False,1,4,6,0.0,1.0,0.765625,False,0,0,-1,1
1947,1950,P01203,unknown,False,1,3,3,0.0,1.0,0.7218651158045097,False,0,0,-1,1
1947,1950,P01204,arab_egyptian,False,2,6,15,0.5333333333333333,3.666666666666667,0.3921044408733802,False,0,0,-2,2
1947,1950,P01205,arab_egyptian,False,1,2,1,0.0,1.0,0.7825,True,3,3,2,1
1947,1950,P01206,arab_egyptian,False,1,1,0,,1.0,1.0,False,0,0,-1,1
1947,1950,P01207,arab_egyptian,True,3,9,36,0.19444444444444445,3.777777777777777,0.30907543237270807,False,0,0,-3,3
1947,1950,P01208,arab_egyptian,False,2,1,0,,1.0,1.0,True,1,1,-1,2
1947,1950,P01209,arab_egyptian,False,1,4,6,0.0,1.0,0.765625,False,0,0,-1,1
1947,1950,P01210,arab_egyptian,True,1,0,0,,,,True,3,3,2,1
1947,1950,P01211,arab_egyptian,False,1,5,10,0.0,0.9999999999999998,0.6480000000000001,True,1,0,0,1
1947,1950,P01212,arab_egyptian,False,1,3,3,0.0,1.0,0.925925925925926,True,1,1,0,1
1947,1950,P01213,arab_egyptian,False,1,5,10,0.0,0.9999999999999998,0.6480000000000001,True,1,0,0,1
1947,1950,P01214,arab_egyptian,False,2,3,3,0.6666666666666666,2.3333333333333335,0.6111111111111112,True,2,0,0,2
1947,1950,P01215,unknown,False,1,1,0,,1.0,1.0,False,0,0,-1,1
1947,1950,P01216,arab_egyptian,False,4,16,120,0.7666666666666667,12.927083333333334,0.17711886935763888,False,0,0,-4,4
1947,1950,P01217,unknown,False,1,0,0,,,,True,1,1,0,1
1947,1950,P01219,european,False,1,5,10,0.0,0.9999999999999998,0.6480000000000001,True,1,0,0,1
1947,1950,P01220,local_minority,False,3,2,1,0.0,1.3333333333333335,0.8125,True,5,3,2,3
1947,1950,P01221,unknown,False,1,0,0,,,,True,1,1,0,1
1947,1950,P01222,local_minority,False,6,12,66,0.5757575757575758,8.576923076923077,0.1979790924702544,False,0,0,-6,5
1947,1950,P01223,local_minority,False,1,2,1,0.0,1.0,0.9027777777777779,True,1,1,0,1
1947,1950,P01224,arab_egyptian,False,1,3,3,0.0,1.0,0.8657407407407405,True,1,0,0,1
1947,1950,P01225,arab_egyptian,False,1,1,0,,1.0,1.0,True,2,2,1,1
1947,1950,P01226,arab_egyptian,False,1,5,10,0.0,0.9999999999999998,0.6156081632653062,False,0,0,-1,1
1947,1950,P01227,local_minority,False,1,3,3,0.0,1.0,0.925925925925926,True,1,0,0,1
1947,1950,P01228,unknown,False,1,0,0,,,,True,1,0,0,1
1947,1950,P01229,unknown,False,1,4,6,0.0,1.375,0.5383715986394558,True,3,2,2,1
1947,1950,P01230,arab_egyptian,False,1,4,6,0.0,1.375,0.5383715986394558,True,1,0,0,1
1947,1950,P01231,local_minority,False,3,3,3,0.6666666666666666,2.5833333333333335,0.4753300754458162,True,1,1,-2,3
1947,1950,P01232,arab_egyptian,False,1,4,6,0.0,1.375,0.5383715986394558,True,1,0,0,1
1947,1950,P01233,local_minority,False,3,5,10,0.4,3.0,0.3614286217445558,True,3,0,0,3
1947,1950,P01234,unknown,False,1,2,1,0.0,1.0,0.9027777777777779,True,1,0,0,1
1947,1950,P01235,european,False,2,1,0,,1.0,1.0,True,2,1,0,2
1947,1950,P01236,unknown,False,1,0,0,,,,False,0,0,-1,1
1947,1950,P01237,unknown,False,1,2,1,0.0,1.25,0.8337673611111112,False,0,0,-1,1
1947,1950,P01238,unknown,False,1,5,10,0.0,1.4000000000000001,0.5064798185941044,True,1,0,0,1
1947,1950,P01239,unknown,False,1,5,10,0.0,1.533333333333333,0.525278698979592,False,0,0,-1,1
1947,1950,P01240,local_minority,False,1,2,1,0.0,1.0,1.125,True,1,1,0,1
1947,1950,P01241,unknown,False,1,8,28,0.0,3.7083333333333335,0.2640884333147952,True,1,0,0,1
1947,1950,P01243,unknown,False,3,5,10,0.0,1.8571428571428574,0.6345763339349344,False,0,0,-3,3
1947,1950,P01244,unknown,False,2,6,15,0.3333333333333333,3.166666666666667,0.49900226757369603,True,2,1,0,2
1947,1950,P01245,unknown,False,1,5,10,0.0,1.6,0.5000111111111112,True,1,0,0,1
1947,1950,P01246,european,False,1,2,1,0.0,1.0,1.125,True,1,0,0,1
1947,1950,P01248,arab_egyptian,False,1,0,0,,,,True,3,3,2,1
1947,1950,P01249,arab_egyptian,False,1,0,0,,,,True,2,2,1,1
1947,1950,P01250,unknown,False,1,3,3,0.0,1.0,0.925925925925926,False,0,0,-1,1
1947,1950,P01251,unknown,False,6,13,78,0.7948717948717948,11.100000000000001,0.19348349901114142,False,0,0,-6,5
1947,1950,P01252,european,False,1,0,0,,,,True,1,1,0,1
1947,1950,P01253,arab_egyptian,False,2,7,21,0.47619047619047616,3.8571428571428577,0.4084183673469387,False,0,0,-2,2
1947,1950,P01254,unknown,False,1,2,1,0.0,1.3333333333333335,0.8395083102493075,False,0,0,-1,1
1947,1950,P01255,unknown,False,2,2,1,1.0,2.0,0.5,True,3,1,1,2
1947,1950,P01256,local_minority,False,1,1,0,,1.0,1.0,False,0,0,-1,1
1947,1950,P01257,local_minority,False,3,1,0,,1.0,1.0,True,2,2,-1,3
1947,1950,P01259,unknown,False,1,2,1,0.0,1.3333333333333335,0.8469444444444445,False,0,0,-1,1
1947,1950,P01260,arab_egyptian,False,1,2,1,0.0,1.0,0.953125,False,0,0,-1,1
1947,1950,P01261,unknown,False,1,0,0,,,,False,0,0,-1,1
1947,1950,P01262,unknown,False,1,3,3,0.0,1.0,0.7651851851851852,True,1,0,0,1
1947,1950,P01263,european,False,2,2,1,0.0,1.375,0.6555471453287196,False,0,0,-2,2
1947,1950,P01264,european,False,3,6,15,0.0,2.527777777777778,0.3986834731867283,True,2,0,-1,3
1947,1950,P01267,unknown,False,2,3,3,0.0,1.3333333333333335,0.5857084297839505,False,0,0,-2,2
1947,1950,P01268,unknown,False,7,19,171,0.6374269005847953,14.586666666666666,0.14227300163425868,False,0,0,-7,5
1947,1950,P01270,unknown,False,1,8,28,0.0,2.3125,0.35465224037056153,True,1,1,0,1
1947,1950,P01271,arab_egyptian,True,9,26,325,0.7815384615384615,21.88271604938272,0.09331250349411609,False,0,0,-9,5
1947,1950,P01272,unknown,False,1,1,0,,1.0,1.0,False,0,0,-1,1
1947,1950,P01273,european,True,3,0,0,,,,True,4,1,1,3
1947,1950,P01274,unknown,False,1,4,6,0.0,1.0,0.765625,True,2,1,1,1
1947,1950,P01275,local_minority,False,1,2,1,0.0,1.375,0.8194926697530864,False,0,0,-1,1
1947,1950,P01276,local_minority,False,1,2,1,0.0,1.375,0.8194926697530864,False,0,0,-1,1
1947,1950,P01277,unknown,False,1,1,0,,1.0,1.0,True,2,1,1,1
1947,1950,P01278,unknown,False,1,1,0,,1.0,1.0,False,0,0,-1,1
1947,1950,P01279,unknown,False,1,0,0,,,,True,3,2,2,1
1947,1950,P01280,arab_egyptian,False,3,1,0,,1.0,1.0,True,3,1,0,3
1947,1950,P01281,local_minority,False,3,3,3,0.6666666666666666,2.3333333333333335,0.6111111111111112,True,1,1,-2,3
1947,1950,P01282,unknown,False,1,0,0,,,,False,0,0,-1,1
1947,1950,P01283,european,False,7,20,190,0.7684210526315789,16.34666666666667,0.14598249861776416,True,4,2,-3,5
1947,1950,P01284,local_minority,False,1,1,0,,1.0,1.0,True,1,0,0,1
1947,1950,P01286,unknown,False,1,0,0,,,,True,1,1,0,1
1947,1950,P01287,unknown,False,2,5,10,0.6,3.5,0.33295963718820865,False,0,0,-2,2
1947,1950,P01288,unknown,False,1,0,0,,,,True,1,1,0,1
1947,1950,P01289,unknown,False,1,8,28,0.0,2.78125,0.27601909017911275,False,0,0,-1,1
1947,1950,P01290,unknown,False,1,4,6,0.0,1.0,0.5633680555555556,True,1,0,0,1
1947,1950,P01291,unknown,False,1,0,0,,,,False,0,0,-1,1
1947,1950,P01292,local_minority,False,1,4,6,0.0,1.666666666666667,0.5253504774305555,True,2,2,1,1
1947,1950,P01294,local_minority,False,2,4,6,0.0,1.7999999999999998,0.6165138408304499,True,1,0,-1,2
1947,1950,P01295,local_minority,False,1,1,0,,1.0,1.0,True,1,0,0,1
1947,1950,P01296,local_minority,False,2,0,0,,,,True,1,1,-1,2
1947,1950,P01297,arab_egyptian,False,2,2,1,0.0,1.25,0.8337673611111112,True,2,0,0,2
1947,1950,P01298,arab_egyptian,True,4,3,3,0.6666666666666666,2.3333333333333335,0.6111111111111112,False,0,0,-4,4
1947,1950,P01299,unknown,False,1,4,6,0.0,1.375,0.5558439814814815,True,1,0,0,1
1947,1950,P01300,local_minority,False,1,6,15,0.0,2.25,0.37975646010296094,True,1,0,0,1
1947,1950,P01301,local_minority,False,1,6,15,0.0,1.5555555555555562,0.4971783914091606,False,0,0,-1,1
1947,1950,P01302,unknown,False,1,1,0,,1.0,1.0,False,0,0,-1,1
1947,1950,P01304,unknown,False,1,3,3,0.0,1.0,0.925925925925926,True,1,0,0,1
1947,1950,P01305,arab_egyptian,False,1,5,10,0.0,1.4000000000000001,0.4972086419753086,True,1,0,0,1
1947,1950,P01306,local_minority,False,1,3,3,0.0,1.3333333333333335,0.9969135802469138,True,1,0,0,1
1947,1950,P01307,local_minority,False,2,3,3,0.0,1.5,0.8645833333333333,True,2,0,0,2
1947,1950,P01308,local_minority,False,1,1,0,,1.0,1.0,True,4,3,3,1
1947,1950,P01309,unknown,False,1,4,6,0.0,1.0,0.7122395833333331,False,0,0,-1,1
1947,1950,P01310,local_minority,False,1,4,6,0.0,1.5,0.624838934298209,True,1,1,0,1
1947,1950,P01311,local_minority,False,1,4,6,0.0,1.5,0.624838934298209,True,1,0,0,1
1947,1950,P01312,local_minority,False,1,0,0,,,,False,0,0,-1,1
1947,1950,P01313,local_minority,False,1,2,1,0.0,1.0,0.7309027777777779,True,1,0,0,1
1947,1950,P01314,unknown,False,1,1,0,,1.0,1.0,True,1,0,0,1
1947,1950,P01315,unknown,False,1,1,0,,1.0,1.0,False,0,0,-1,1
1947,1950,P01316,unknown,False,1,3,3,0.0,1.0,0.925925925925926,False,0,0,-1,1
1947,1950,P01317,unknown,False,1,8,28,0.0,3.7083333333333335,0.26408843331479515,False,0,0,-1,1
1947,1950,P01318,unknown,False,1,0,0,,,,False,0,0,-1,1
1947,1950,P01321,unknown,False,1,4,6,0.0,1.9166666666666667,0.4340323564379018,False,0,0,-1,1
1947,1950,P01323,unknown,False,2,1,0,,1.0,1.0,False,0,0,-2,2
1947,1950,P01324,unknown,False,1,0,0,,,,True,1,1,0,1
1947,1950,P01325,arab_egyptian,False,3,1,0,,1.0,1.0,True,2,0,-1,3
1947,1950,P01326,unknown,False,1,5,10,0.0,1.9999999999999996,0.38469211619768573,False,0,0,-1,1
1947,1950,P01327,unknown,False,2,3,3,0.0,1.3333333333333335,0.6426080246913579,True,1,0,-1,2
1947,1950,P01328,unknown,False,2,3,3,0.0,1.5,0.8645833333333333,False,0,0,-2,2
1947,1950,P01329,unknown,False,1,2,1,0.0,1.0,0.8447265625,False,0,0,-1,1
1947,1950,P01330,local_minority,False,2,5,10,0.4,3.133333333333333,0.37366213151927447,False,0,0,-2,2
1947,1950,P01331,unknown,False,1,2,1,0.0,1.25,0.8524408284023668,False,0,0,-1,1
1947,1950,P01332,unknown,False,1,8,28,0.0,2.3125,0.35465224037056153,True,1,0,0,1
1947,1950,P01333,unknown,True,1,0,0,,,,False,0,0,-1,1
1947,1950,P01334,unknown,False,1,0,0,,,,True,1,1,0,1
1947,1950,P01336,local_minority,False,1,4,6,0.0,1.0,0.765625,False,0,0,-1,1
1947,1950,P01337,arab_egyptian,False,1,0,0,,,,True,1,1,0,1
1947,1950,P01338,arab_egyptian,False,2,3,3,0.0,1.4444444444444446,0.7546296296296298,False,0,0,-2,2
1947,1950,P01339,unknown,False,1,1,0,,1.0,1.0,True,1,0,0,1
1947,1950,P01340,arab_egyptian,False,2,4,6,0.6666666666666666,3.0,0.48822027089072545,False,0,0,-2,2
1947,1950,P01341,arab_egyptian,False,1,0,0,,,,False,0,0,-1,1
1947,1950,P01342,unknown,False,1,2,1,0.0,1.0,1.0069444444444444,True,1,0,0,1
1947,1950,P01343,european,False,3,2,1,1.0,2.0,0.5,True,6,5,3,3
1947,1950,P01344,unknown,False,1,5,10,0.0,0.9999999999999998,0.5539027777777779,False,0,0,-1,1
1947,1950,P01345,unknown,False,1,1,0,,1.0,1.0,True,1,0,0,1
1947,1950,P01346,arab_egyptian,False,1,0,0,,,,True,3,3,2,1
1947,1950,P01348,arab_egyptian,False,1,2,1,0.0,1.0,1.125,True,2,2,1,1
1947,1950,P01349,arab_egyptian,True,3,4,6,0.0,2.25,0.3713816162570889,False,0,0,-3,3
1947,1950,P01350,unknown,True,1,0,0,,,,True,1,1,0,1
1947,1950,P01351,european,False,1,2,1,0.0,1.0,1.125,False,0,0,-1,1
1947,1950,P01352,european,False,1,2,1,0.0,1.0,1.0069444444444444,False,0,0,-1,1
1947,1950,P01353,unknown,False,1,6,15,0.0,1.6666666666666667,0.43457372113216264,True,1,0,0,1
1947,1950,P01354,unknown,False,2,1,0,,1.0,1.0,False,0,0,-2,2
1947,1950,P01355,unknown,False,1,0,0,,,,False,0,0,-1,1
1947,1950,P01356,unknown,False,1,2,1,0.0,1.0,1.0069444444444444,False,0,0,-1,1
1947,1950,P01357,arab_egyptian,False,1,2,1,0.0,1.0,1.125,True,1,0,0,1
1947,1950,P01358,local_minority,False,1,3,3,0.0,1.3333333333333335,0.6303254713394895,True,1,0,0,1
1947,1950,P01359,local_minority,False,1,3,3,0.0,1.3333333333333335,0.6303254713394895,True,1,0,0,1
1947,1950,P01360,unknown,False,1,0,0,,,,False,0,0,-1,1
1947,1950,P01361,european,False,3,7,21,0.42857142857142855,5.041666666666667,0.3052380919829764,True,2,1,-1,3
1947,1950,P01362,unknown,False,1,0,0,,,,False,0,0,-1,1
1947,1950,P01363,unknown,False,1,4,6,0.0,1.0,0.581690484389348,True,1,0,0,1
1947,1950,P01364,local_minority,False,1,2,1,0.0,1.25,0.6594864540466392,True,1,0,0,1
1947,1950,P01365,unknown,False,1,5,10,0.0,0.9999999999999998,0.6480000000000001,True,1,0,0,1
1947,1950,P01366,local_minority,False,1,0,0,,,,False,0,0,-1,1
1947,1950,P01367,local_minority,False,3,8,28,0.17857142857142858,4.363636363636363,0.2617077108899387,False,0,0,-3,3
1947,1950,P01368,unknown,False,1,0,0,,,,True,1,1,0,1
1947,1950,P01369,unknown,False,1,4,6,0.0,2.0,0.44198443812473975,True,2,1,1,1
1947,1950,P01370,unknown,False,1,1,0,,1.0,1.0,True,1,0,0,1
1947,1950,P01371,local_minority,False,1,1,0,,1.0,1.0,False,0,0,-1,1
1947,1950,P01372,local_minority,False,1,5,10,0.0,1.4000000000000001,0.5064798185941044,False,0,0,-1,1
1947,1950,P01373,unknown,False,1,2,1,0.0,1.0,0.8447265625,True,2,2,1,1
1947,1950,P01374,unknown,False,2,5,10,0.4,3.333333333333334,0.3343119710602157,False,0,0,-2,2
1947,1950,P01375,local_minority,False,1,2,1,0.0,1.0,1.125,True,3,2,2,1
1947,1950,P01376,local_minority,False,2,6,15,0.3333333333333333,3.000000000000001,0.3914399092970521,False,0,0,-2,2
1947,1950,P01377,unknown,False,1,2,1,0.0,1.0,1.125,True,1,1,0,1
1947,1950,P01378,unknown,False,1,6,15,0.0,1.666666666666667,0.4218474687705457,False,0,0,-1,1
1947,1950,P01379,unknown,True,1,1,0,,1.0,1.0,False,0,0,-1,1
1947,1950,P01380,arab_egyptian,False,1,4,6,0.0,1.5,0.624838934298209,True,1,0,0,1
1947,1950,P01381,local_minority,False,1,0,0,,,,True,1,0,0,1
1947,1950,P01382,unknown,False,3,7,21,0.5238095238095238,5.0,0.40006207832927404,False,0,0,-3,3
1947,1950,P01384,european,False,1,0,0,,,,False,0,0,-1,1
1947,1950,P01385,arab_egyptian,False,1,5,10,0.0,0.9999999999999998,0.6156081632653062,True,1,0,0,1
1947,1950,P01386,arab_egyptian,False,2,4,6,0.6666666666666666,3.125,0.43009801657288427,True,1,0,-1,2
1947,1950,P01387,arab_egyptian,False,1,2,1,0.0,1.0,0.7171556122448979,True,2,1,1,1
1947,1950,P01388,local_minority,False,1,3,3,0.0,1.0,0.925925925925926,False,0,0,-1,1
1947,1950,P01389,local_minority,False,1,3,3,0.0,1.0,0.925925925925926,True,2,1,1,1
1947,1950,P01390,local_minority,False,1,0,0,,,,True,1,1,0,1
1947,1950,P01391,local_minority,False,1,3,3,0.0,1.3333333333333335,0.9969135802469138,True,1,0,0,1
1947,1950,P01392,arab_egyptian,False,1,5,10,0.0,0.9999999999999998,0.5539027777777779,True,1,0,0,1
1947,1950,P01393,arab_egyptian,False,1,3,3,0.0,1.0,0.925925925925926,True,1,0,0,1
1947,1950,P01394,unknown,False,1,6,15,0.0,2.25,0.37975646010296094,True,1,0,0,1
1947,1950,P01395,unknown,False,1,5,10,0.0,1.5999999999999999,0.6586267573696145,True,1,1,0,1
1947,1950,P01396,unknown,False,1,5,10,0.0,0.9999999999999998,0.6480000000000001,True,1,0,0,1
1947,1950,P01397,arab_egyptian,False,1,1,0,,1.0,1.0,True,1,0,0,1
1947,1950,P01398,unknown,False,1,1,0,,1.0,1.0,True,1,1,0,1
1947,1950,P01399,local_minority,False,1,1,0,,1.0,1.0,False,0,0,-1,1
1947,1950,P01400,unknown,False,2,0,0,,,,True,2,1,0,2
1947,1950,P01401,unknown,False,1,1,0,,1.0,1.0,False,0,0,-1,1
1947,1950,P01402,local_minority,False,1,2,1,0.0,1.0,1.125,True,1,0,0,1
1947,1950,P01403,local_minority,False,2,8,28,0.0,3.5092592592592595,0.30494201600029847,True,5,3,3,2
1947,1950,P01404,unknown,False,1,8,28,0.0,2.3125,0.35465224037056153,False,0,0,-1,1
1947,1950,P01405,european,False,1,0,0,,,,False,0,0,-1,1
1947,1950,P01406,arab_egyptian,False,1,3,3,0.0,1.0,0.925925925925926,True,1,1,0,1
1947,1950,P01407,unknown,False,1,0,0,,,,True,1,0,0,1
1947,1950,P01408,local_minority,False,1,1,0,,1.0,1.0,True,1,0,0,1
1947,1950,P01409,unknown,False,1,0,0,,,,False,0,0,-1,1
1947,1950,P01410,european,False,1,2,1,0.0,1.0,0.871141975308642,True,1,0,0,1
1947,1950,P01411,unknown,False,1,5,10,0.0,1.5999999999999999,0.6586267573696145,True,1,0,0,1
1947,1950,P01412,unknown,False,1,5,10,0.0,0.9999999999999998,0.6480000000000001,True,1,0,0,1
1947,1950,P01413,unknown,False,2,3,3,0.0,1.3333333333333335,0.6907793209876542,False,0,0,-2,2
1947,1950,P01414,unknown,False,1,2,1,0.0,1.0,0.9225,False,0,0,-1,1
1947,1950,P01415,european,False,1,1,0,,1.0,1.0,True,1,0,0,1
1947,1950,P01416,arab_egyptian,False,1,3,3,0.0,1.0,0.7218651158045097,True,1,0,0,1
1947,1950,P01417,arab_egyptian,False,1,1,0,,1.0,1.0,False,0,0,-1,1
1947,1950,P01419,local_minority,False,1,0,0,,,,True,1,1,0,1
1947,1950,P01420,local_minority,False,1,4,6,0.0,1.0,0.581690484389348,True,1,1,0,1
1947,1950,P01421,arab_egyptian,False,1,3,3,0.0,1.0,0.925925925925926,True,3,2,2,1
1947,1950,P01422,arab_egyptian,False,1,3,3,0.0,1.0,0.925925925925926,True,3,2,2,1
1947,1950,P01423,unknown,False,2,1,0,,1.0,1.0,False,0,0,-2,2
1947,1950,P01424,unknown,False,1,2,1,0.0,1.0,0.871141975308642,True,1,0,0,1
1947,1950,P01425,unknown,False,1,1,0,,1.0,1.0,False,0,0,-1,1
1947,1950,P01426,unknown,False,1,3,3,0.0,1.0,0.925925925925926,False,0,0,-1,1
1947,1950,P01427,unknown,False,4,6,15,0.7333333333333333,4.666666666666667,0.3617592592592593,False,0,0,-4,4
1947,1950,P01428,arab_egyptian,False,1,5,10,0.0,0.9999999999999998,0.6156081632653062,False,0,0,-1,1
1947,1950,P01429,arab_egyptian,False,1,2,1,0.0,1.0,1.0069444444444444,False,0,0,-1,1
1947,1950,P01430,unknown,False,1,0,0,,,,True,1,1,0,1
1947,1950,P01431,local_minority,False,1,5,10,0.0,1.533333333333333,0.525278698979592,True,1,0,0,1
1947,1950,P01432,local_minority,False,1,1,0,,1.0,1.0,True,1,0,0,1
1947,1950,P01433,unknown,False,1,2,1,0.0,1.0,1.0069444444444444,True,1,1,0,1
1947,1950,P01434,european,False,3,3,3,0.0,1.75,0.43514992537804276,False,0,0,-3,3
1947,1950,P01435,local_minority,False,1,5,10,0.0,1.4000000000000001,0.5599360000000002,False,0,0,-1,1
1947,1950,P01436,local_minority,False,1,3,3,0.0,1.0,0.925925925925926,True,1,0,0,1
1947,1950,P01437,local_minority,False,1,3,3,0.0,1.0,0.925925925925926,False,0,0,-1,1
1947,1950,P01438,unknown,False,1,5,10,0.0,0.9999999999999998,0.6156081632653062,True,1,1,0,1
1947,1950,P01439,local_minority,False,1,0,0,,,,True,2,1,1,1
1947,1950,P01440,unknown,False,2,0,0,,,,True,1,1,-1,2
1947,1950,P01441,unknown,False,1,4,6,0.0,1.5625,0.6211299189814814,True,1,0,0,1
1947,1950,P01443,arab_egyptian,False,1,5,10,0.0,0.9999999999999998,0.6480000000000001,False,0,0,-1,1
1947,1950,P01444,unknown,False,1,1,0,,1.0,1.0,True,1,0,0,1
1947,1950,P01445,unknown,False,1,2,1,0.0,1.0,1.125,False,0,0,-1,1
1947,1950,P01447,arab_egyptian,False,1,3,3,0.0,1.0,0.808641975308642,False,0,0,-1,1
1947,1950,P01448,arab_egyptian,False,1,0,0,,,,True,2,2,1,1
1947,1950,P01449,arab_egyptian,False,1,2,1,0.0,1.5833333333333335,0.5566561646712875,False,0,0,-1,1
1947,1950,P01450,unknown,False,1,3,3,0.0,1.0,0.8657407407407406,True,1,0,0,1
1947,1950,P01452,arab_egyptian,False,1,3,3,0.0,1.3333333333333335,0.6262254364818467,True,1,0,0,1
1947,1950,P01453,arab_egyptian,False,1,0,0,,,,True,1,0,0,1
1947,1950,P01454,unknown,False,1,0,0,,,,False,0,0,-1,1
1947,1950,P01455,unknown,False,1,6,15,0.0,2.2222222222222223,0.405349173078538,True,1,0,0,1
1947,1950,P01456,arab_egyptian,False,1,0,0,,,,True,1,0,0,1
1947,1950,P01457,european,False,1,6,15,0.0,1.666666666666667,0.4218474687705457,False,0,0,-1,1
1947,1950,P01458,unknown,False,1,2,1,0.0,1.0,0.9027777777777779,False,0,0,-1,1
1947,1950,P01459,european,False,1,2,1,0.0,1.0,0.9225,True,1,0,0,1
1947,1950,P01460,unknown,False,1,3,3,0.0,1.0,0.808641975308642,False,0,0,-1,1
1947,1950,P01461,unknown,False,1,3,3,0.0,1.0,0.925925925925926,False,0,0,-1,1
1947,1950,P01462,unknown,False,1,2,1,0.0,1.0,0.6560060835629018,False,0,0,-1,1
1947,1950,P01463,local_minority,False,1,6,15,0.0,1.9722222222222225,0.44536373939043206,True,1,0,0,1
1947,1950,P01464,unknown,False,1,5,10,0.0,1.533333333333333,0.525278698979592,False,0,0,-1,1
1947,1950,P01465,unknown,False,1,0,0,,,,True,1,0,0,1
1947,1950,P01466,unknown,False,1,3,3,0.0,1.3333333333333335,0.4647912218581878,False,0,0,-1,1
1947,1950,P01467,unknown,False,1,0,0,,,,True,1,0,0,1
1947,1950,P01468,local_minority,False,3,2,1,0.0,1.25,0.8427768166089966,False,0,0,-3,3
1947,1950,P01469,arab_egyptian,False,1,1,0,,1.0,1.0,True,3,3,2,1
1947,1950,P01470,arab_egyptian,False,1,2,1,0.0,1.0,1.125,False,0,0,-1,1
1947,1950,P01471,arab_egyptian,False,1,0,0,,,,False,0,0,-1,1
1947,1950,P01472,arab_egyptian,False,1,9,36,0.0,2.1111111111111107,0.33105245319758614,True,1,1,0,1
1947,1950,P01473,arab_egyptian,False,2,6,15,0.3333333333333333,4.111111111111112,0.2601522119052794,True,3,2,1,2
1947,1950,P01474,arab_egyptian,False,1,1,0,,1.0,1.0,True,1,1,0,1
1947,1950,P01475,arab_egyptian,False,1,2,1,0.0,1.0,1.125,True,1,1,0,1
1947,1950,P01476,arab_egyptian,False,3,4,6,0.0,1.0,0.581690484389348,True,3,2,0,3
1947,1950,P01477,arab_egyptian,False,1,0,0,,,,True,1,1,0,1
1947,1950,P01478,arab_egyptian,False,1,2,1,0.0,1.0,1.125,False,0,0,-1,1
1947,1950,P01480,arab_egyptian,False,1,3,3,0.0,1.0,0.925925925925926,True,1,1,0,1
1947,1950,P01482,arab_egyptian,False,1,6,15,0.0,1.5555555555555562,0.49717839140916054,True,1,0,0,1
1947,1950,P01483,arab_egyptian,False,1,6,15,0.0,1.5555555555555562,0.49717839140916054,True,2,1,1,1
1947,1950,P01484,arab_egyptian,False,1,0,0,,,,False,0,0,-1,1
1947,1950,P01485,arab_egyptian,False,1,1,0,,1.0,1.0,True,1,1,0,1
1947,1950,P01486,arab_egyptian,False,1,1,0,,1.0,1.0,True,1,0,0,1
1947,1950,P01487,unknown,False,1,2,1,0.0,1.0,0.6056588613406796,True,2,1,1,1
1947,1950,P01488,unknown,False,1,4,6,0.0,1.375,0.5558439814814815,False,0,0,-1,1
1947,1950,P01489,european,False,1,2,1,0.0,1.0,0.7799408284023668,True,1,1,0,1
1947,1950,P01490,local_minority,False,1,1,0,,1.0,1.0,True,4,3,3,1
1947,1950,P01491,local_minority,False,1,1,0,,1.0,1.0,True,1,1,0,1
1947,1950,P01493,local_minority,False,5,4,6,0.8333333333333334,3.5,0.3296692528114187,False,0,0,-5,5
1947,1950,P01494,european,False,1,1,0,,1.0,1.0,False,0,0,-1,1
1947,1950,P01497,unknown,False,2,6,15,0.5333333333333333,3.666666666666667,0.37770061728395055,False,0,0,-2,2
1947,1950,P01498,european,False,1,0,0,,,,False,0,0,-1,1
1947,1950,P01499,unknown,False,2,2,1,0.0,1.0,1.125,False,0,0,-2,2
1947,1950,P01500,unknown,False,1,0,0,,,,False,0,0,-1,1
1947,1950,P01502,unknown,False,1,5,10,0.0,1.6,0.5000111111111112,False,0,0,-1,1
1947,1950,P01505,unknown,False,9,12,66,0.6363636363636364,9.200000000000001,0.1781093779154154,False,0,0,-9,5
1947,1950,P01506,unknown,False,1,1,0,,1.0,1.0,True,1,0,0,1
1947,1950,P01507,european,False,1,2,1,0.0,1.0,0.9225,True,1,0,0,1
1947,1950,P01508,unknown,False,1,1,0,,1.0,1.0,True,1,0,0,1
1947,1950,P01509,unknown,False,1,5,10,0.0,1.6,0.5000111111111112,False,0,0,-1,1
1947,1950,P01510,unknown,False,2,1,0,,1.0,1.0,False,0,0,-2,2
1947,1950,P01511,local_minority,False,1,2,1,0.0,1.3333333333333335,0.8469444444444445,False,0,0,-1,1
1947,1950,P01512,local_minority,False,1,6,15,0.0,1.9722222222222225,0.44536373939043206,True,1,0,0,1
1947,1950,P01513,local_minority,False,3,3,3,0.6666666666666666,2.3333333333333335,0.5123456790123456,False,0,0,-3,3
1947,1950,P01514,local_minority,False,1,3,3,0.0,1.0,0.925925925925926,True,1,0,0,1
1947,1950,P01515,local_minority,False,1,2,1,0.0,1.0,0.8679016620498614,False,0,0,-1,1
1947,1950,P01516,local_minority,False,3,4,6,0.3333333333333333,2.666666666666667,0.5113818483781852,True,3,0,0,3
1947,1950,P01518,unknown,False,1,0,0,,,,False,0,0,-1,1
1947,1950,P01519,unknown,False,1,2,1,0.0,1.25,0.8524408284023668,False,0,0,-1,1
1947,1950,P01520,local_minority,False,1,4,6,0.0,1.6666666666666667,0.5253504774305555,True,5,4,4,1
1947,1950,P01521,european,False,1,4,6,0.0,1.375,0.6351932322485206,True,2,1,1,1
1947,1950,P01522,unknown,False,1,2,1,0.0,1.0,1.125,False,0,0,-1,1
1947,1950,P01524,unknown,False,1,2,1,0.0,1.375,0.7014371141975309,False,0,0,-1,1
1947,1950,P01525,local_minority,False,1,4,6,0.0,1.0,0.765625,False,0,0,-1,1
1947,1950,P01526,unknown,True,2,6,15,0.3333333333333333,3.000000000000001,0.38489797668038406,True,1,0,-1,2
1947,1950,P01527,local_minority,False,1,2,1,0.0,1.0,0.9027777777777779,False,0,0,-1,1
1947,1950,P01528,local_minority,False,1,0,0,,,,True,2,2,1,1
1947,1950,P01529,arab_egyptian,False,2,2,1,0.0,1.1666666666666667,0.5642274341709472,False,0,0,-2,2
1947,1950,P01530,arab_egyptian,False,1,3,3,0.0,1.4444444444444446,0.7546296296296298,True,1,0,0,1
1947,1950,P01531,unknown,False,1,3,3,0.0,1.4444444444444446,0.6633959800020404,True,1,0,0,1
1947,1950,P01532,unknown,False,1,4,6,0.0,1.375,0.5558439814814815,False,0,0,-1,1
1947,1950,P01533,unknown,False,1,1,0,,1.0,1.0,False,0,0,-1,1
1947,1950,P01534,unknown,False,1,0,0,,,,True,2,2,1,1
1947,1950,P01535,arab_egyptian,False,1,2,1,0.0,1.0,1.125,False,0,0,-1,1
1947,1950,P01536,european,False,1,0,0,,,,True,3,3,2,1
1947,1950,P01537,unknown,False,1,2,1,0.0,1.0,0.7825,False,0,0,-1,1
1947,1950,P01538,european,False,1,0,0,,,,True,1,1,0,1
1947,1950,P01539,unknown,False,1,0,0,,,,True,1,1,0,1
1947,1950,P01540,local_minority,False,3,7,21,0.47619047619047616,3.722222222222222,0.3629221757026621,True,2,1,-1,3
1947,1950,P01541,unknown,False,1,1,0,,1.0,1.0,True,1,0,0,1
1947,1950,P01542,unknown,False,2,9,36,0.0,2.1111111111111107,0.33105245319758614,True,3,2,1,2
1947,1950,P01544,local_minority,False,5,8,28,0.6785714285714286,6.520833333333333,0.20363688102251962,True,2,1,-3,5
1947,1950,P01545,local_minority,False,1,4,6,0.0,1.5,0.624838934298209,True,1,0,0,1
1947,1950,P01546,unknown,False,1,0,0,,,,True,1,1,0,1
1947,1950,P01547,arab_egyptian,True,2,4,6,0.0,1.0,0.6470182742214533,True,2,1,0,2
1947,1950,P01548,arab_egyptian,False,7,15,105,0.580952380952381,10.456140350877194,0.17304925514401986,True,8,3,1,5
1947,1950,P01549,european,False,1,3,3,0.0,1.3333333333333335,0.5857084297839505,True,1,0,0,1
1947,1950,P01550,local_minority,False,2,6,15,0.0,1.5555555555555562,0.49717839140916054,False,0,0,-2,2
1947,1950,P01551,local_minority,False,1,1,0,,1.0,1.0,True,1,0,0,1
1947,1950,P01552,local_minority,False,1,6,15,0.0,1.5555555555555562,0.49717839140916054,False,0,0,-1,1
1947,1950,P01553,local_minority,False,2,3,3,0.6666666666666666,2.5,0.4955555555555555,True,4,3,2,2
1947,1950,P01554,arab_egyptian,False,1,6,15,0.0,2.25,0.37975646010296094,True,1,1,0,1
1947,1950,P01555,unknown,True,17,38,703,0.8591749644381224,34.326530612244895,0.07291392361425257,False,0,0,-17,5
1947,1950,P01556,local_minority,False,1,3,3,0.0,1.0,0.925925925925926,True,1,0,0,1
1947,1950,P01557,arab_egyptian,False,1,5,10,0.0,0.9999999999999998,0.6480000000000001,True,1,0,0,1
1947,1950,P01558,local_minority,False,1,3,3,0.0,1.4444444444444446,0.6633959800020405,True,2,1,1,1
1947,1950,P01559,arab_egyptian,False,2,4,6,0.6666666666666666,3.125,0.4396701388888889,True,2,0,0,2
1947,1950,P01560,arab_egyptian,False,1,5,10,0.0,0.9999999999999998,0.6480000000000001,True,2,2,1,1
1947,1950,P01561,unknown,False,1,8,28,0.0,2.3125,0.3546522403705616,False,0,0,-1,1
1947,1950,P01562,unknown,False,1,0,0,,,,True,1,0,0,1
1947,1950,P01563,local_minority,False,1,4,6,0.0,2.0,0.4419844381247397,True,1,0,0,1
1947,1950,P01564,arab_egyptian,False,2,5,10,0.0,2.0000000000000004,0.3859838594788624,True,2,0,0,2
1947,1950,P01565,unknown,False,1,3,3,0.0,1.0,0.925925925925926,True,1,0,0,1
1947,1950,P01566,unknown,False,1,3,3,0.0,1.0,0.925925925925926,True,1,1,0,1
1947,1950,P01567,unknown,False,4,3,3,0.0,1.5,0.5078215274382702,False,0,0,-4,4
1947,1950,P01568,european,False,1,0,0,,,,True,1,1,0,1
1947,1950,P01569,unknown,False,1,4,6,0.0,1.8750000000000002,0.5042070103024773,False,0,0,-1,1
1947,1950,P01570,unknown,False,1,2,1,0.0,1.25,0.7469444444444444,True,1,0,0,1
1947,1950,P01571,unknown,False,1,3,3,0.0,1.0,0.808641975308642,True,1,1,0,1
1947,1950,P01572,unknown,False,2,0,0,,,,False,0,0,-2,2
1947,1950,P01573,arab_egyptian,False,1,0,0,,,,True,2,2,1,1
1947,1950,P01574,unknown,True,1,0,0,,,,False,0,0,-1,1
1947,1950,P01575,local_minority,False,2,5,10,0.0,1.8571428571428574,0.6345763339349344,True,3,1,1,2
1947,1950,P01576,local_minority,False,2,1,0,,1.0,1.0,True,3,2,1,2
1947,1950,P01577,unknown,False,2,0,0,,,,True,1,0,-1,2
1947,1950,P01578,arab_egyptian,False,3,14,91,0.43956043956043955,8.422222222222222,0.19463321486362337,True,4,2,1,3
1947,1950,P01579,local_minority,False,1,0,0,,,,False,0,0,-1,1
1947,1950,P01580,unknown,False,3,16,120,0.475,10.932291666666666,0.14377483162359872,False,0,0,-3,3
1947,1950,P01581,arab_egyptian,False,1,1,0,,1.0,1.0,False,0,0,-1,1
1947,1950,P01582,arab_egyptian,False,1,0,0,,,,True,2,1,1,1
1947,1950,P01583,local_minority,False,5,4,6,0.8333333333333334,3.5,0.43923611111111105,False,0,0,-5,5
1947,1950,P01584,local_minority,False,1,8,28,0.0,2.3125,0.3546522403705616,True,1,0,0,1
1947,1950,P01585,local_minority,False,1,6,15,0.0,1.9722222222222223,0.44536373939043206,True,2,1,1,1
1947,1950,P01586,local_minority,False,1,6,15,0.0,1.9722222222222223,0.44536373939043206,False,0,0,-1,1
1947,1950,P01587,arab_egyptian,False,1,0,0,,,,False,0,0,-1,1
1947,1950,P01588,arab_egyptian,False,2,5,10,0.0,1.8571428571428574,0.6345763339349344,False,0,0,-2,2
1947,1950,P01589,arab_egyptian,False,1,0,0,,,,False,0,0,-1,1
1947,1950,P01590,local_minority,False,1,0,0,,,,True,1,0,0,1
1947,1950,P01591,unknown,False,1,4,6,0.0,1.0,0.6470182742214533,False,0,0,-1,1
1947,1950,P01592,arab_egyptian,False,1,0,0,,,,True,5,5,4,1
1947,1950,P01593,local_minority,False,1,5,10,0.0,1.4000000000000001,0.5064798185941044,False,0,0,-1,1
1947,1950,P01594,local_minority,False,3,0,0,,,,True,3,1,0,3
1947,1950,P01595,local_minority,False,1,2,1,0.0,1.0,1.125,True,2,2,1,1
1947,1950,P01596,local_minority,False,1,2,1,0.0,1.0,1.125,True,3,3,2,1
1947,1950,P01597,local_minority,False,1,2,1,0.0,1.0,1.125,False,0,0,-1,1
1947,1950,P01598,local_minority,False,1,2,1,0.0,1.0,1.125,True,1,0,0,1
1947,1950,P01599,local_minority,False,1,3,3,0.0,1.0,0.925925925925926,True,2,1,1,1
1947,1950,P01600,arab_egyptian,False,1,3,3,0.0,1.0,0.925925925925926,False,0,0,-1,1
1947,1950,P01601,local_minority,False,5,7,21,0.38095238095238093,3.75,0.4166720920138889,True,2,1,-3,5
1947,1950,P01602,local_minority,False,1,5,10,0.0,0.9999999999999998,0.6156081632653062,False,0,0,-1,1
1947,1950,P01603,unknown,False,1,3,3,0.0,1.0,0.925925925925926,True,1,0,0,1
1947,1950,P01604,unknown,False,1,1,0,,1.0,1.0,False,0,0,-1,1
1947,1950,P01605,local_minority,False,2,6,15,0.3333333333333333,2.666666666666667,0.4248784722222223,True,3,1,1,2
1947,1950,P01606,unknown,False,1,5,10,0.0,0.9999999999999998,0.5539027777777779,True,1,0,0,1
1947,1950,P01607,unknown,False,1,2,1,0.0,1.3333333333333335,0.5729000000000001,False,0,0,-1,1
1947,1950,P01608,unknown,False,2,7,21,0.5714285714285714,4.857142857142858,0.3075744173409008,True,1,0,-1,2
1947,1950,P01609,unknown,False,1,2,1,0.0,1.0,0.7847222222222223,True,2,1,1,1
1947,1950,P01610,local_minority,False,2,1,0,,1.0,1.0,False,0,0,-2,2
1947,1950,P01611,arab_egyptian,False,1,3,3,0.0,1.3333333333333335,0.6262254364818467,True,1,0,0,1
1947,1950,P01612,arab_egyptian,False,2,0,0,,,,True,2,1,0,2
1947,1950,P01613,unknown,False,1,5,10,0.0,1.4000000000000001,0.5599360000000002,True,1,1,0,1
1947,1950,P01614,unknown,False,1,1,0,,1.0,1.0,False,0,0,-1,1
1947,1950,P01615,local_minority,True,1,6,15,0.0,1.5555555555555562,0.49717839140916054,False,0,0,-1,1
1947,1950,P01616,local_minority,True,2,10,45,0.5555555555555556,6.199999999999999,0.2845313663137839,True,1,1,-1,2
1947,1950,P01617,local_minority,False,1,0,0,,,,True,2,2,1,1
1947,1950,P01618,unknown,False,4,4,6,0.3333333333333333,2.166666666666667,0.3936757780859512,False,0,0,-4,4
1947,1950,P01619,local_minority,False,1,8,28,0.0,3.572916666666666,0.31047138459937984,True,1,1,0,1
1947,1950,P01620,local_minority,False,1,2,1,0.0,1.0,0.953125,True,2,1,1,1
1947,1950,P01621,arab_egyptian,False,1,0,0,,,,False,0,0,-1,1
1947,1950,P01622,arab_egyptian,False,1,5,10,0.0,0.9999999999999998,0.5539027777777779,True,1,0,0,1
