company_id,label,name_key,years_present,n_waves,name_variants
C00001,Alexandria Insurance Co,alexandria insurance co,1932;1938;1942;1947;1950,5,"A lexandria Insurance ;; A- lexandria Insurance Co ;; Alex andr-ia Insurance ;; Alexandria Insumnce Co ;; Alexandria Insurance ;; Alexandria Insurance Co ;; Alexandria Insurance Co. (S.A.E.) ;; Alexandria Insurance Co. S.A.E ;; Alexandria Insurance Co., S. A. E ;; Alexandria Insurance Co., S.A.E ;; Alexandria Insurance Co.· S.A.E ;; Alexandria Insurance Cy ;; Alexandria lnsumncc Co ;; Alexandria lnsurance Co ;; Alexandria. Insurance Co. S.A.E ;; Alexauclria Insurance Cy ;; PA- lexandria Insurance Co ;; The Alex andria Insurance Cy ;; The Alexanclria Insurance Co., S.A.E ;; The Alexandria Insurance Co ;; The Alexandria Insurance Co., S.A.E ;; The Alexandria Insurance Company ;; The Alexandria Insurance Cy ;; The Alexandria Insurance Cy., S. A. E ;; The Alexandria Insurance Gy ;; lAlexandria Insurance Co"
C00002,Affaires Judiciaires Mixtes,affaires judiciaires mixtes,1932,1,Affaires Judiciaires Mixtes
C00003,The Agricultural Bank of Egypt,agricultural bank egypt,1932,1,Agricultural Bank of Egypt ;; The Agricultural Bank of Egypt
C00004,"« Al-Chark » (L'Orient), Société Anonyme Egyptienne cl' Assurances sur la Vie",al chark orient cl assurances sur vie,1932;1938;1942;1950,4,"Al Chark (L'Orient) Société Anonyme Egyptienne d'Assurances sur la Vie ;; Al Chark 1(L'Orient), Société Anonyme Egyptienne d'Assurances sur la Vie ;; Al Chark(L'Orient) Société Anonyme Egyptienne d'Assurances sur la Vie ;; tt Al-Chark n(L'Orient), S.A.E. d'Assumnces sur la Vic ;; « Al Chark » (L'Orient), Société Anonyme Egyptienne d'Assurance sur la Vie ;; « Al-Chark » (L'Orient), Société Anonyme Egyptienne cl' Assurances sur la Vie ;; «Al Chark» (L'Orient) Société Anonyme Egyptienne d'Assurance sur la Vie ;; «Al Chark» (L'Orient), Cie. d'Assurances sur la Vie S.A.E ;; «Al-Chark» (L'ORIENT), S.A.E. d'Assurances sur la Vie"
C00005,"The Alexa11- dria & Ramleh Raih,·ay Co. Ltd",alexa11 dria ramleh raih ay co,1932;1938;1942;1947;1950,5,"Alcxandria & 1\.amleh Railway Co ;; Alexa'1- dria .& Ramleh Raihvays Co ;; Alexandia & Ramleh Railways Co ;; Alexandria & Hamleh Hailways Co ;; Alexandria & Ramleh RaihYay Cy Ltd ;; Alexandria & Ramleh Rail ways Co ;; Alexandria & Ramleh Rail- ways Co ;; Alexandria & Ramleh Railways Co ;; Alexandria & Ramleh Railways Co. Lid ;; Alexandria & Ramleh Railways Co. Ud ;; Alexandria & Ramleh Railways Cy. Ltd ;; Alexandria & Ramlel1 Railways Co ;; Alexandria .& Ramleh Railways Co ;; Alexandria& Ramleh Railways Co ;; Alexandria& Ramleh Railways Co. Ltd ;; Alexandrie & Ramleh Rail ways Cy. Ltd ;; PAlexandria & Ramileh Ralwax Co ;; The Alexa11- dria & Ramleh Raih,·ay Co. Ltd ;; The Alexandria & Ramleh Hailways Co ;; The Alexandria & Ramleh Railways Co. Ltd ;; The Alexandria & Ramleh Railways Gy ;; lPAlexandria & Ramleh Railwavs Co"
C00006,Alexandria Commercial Co,alexandria commercial co,1932;1938;1942;1947;1950,5,"Alcxandria Commercial Co., S.A ;; Alexan- dria Commercial Co. S.A ;; Alexandria Commercial Co ;; Alexandria Commercial Co. S.A ;; Alexandria Commercial Co., S.A.E ;; Alexandria Commercial Cy"
C00007,The Alexandria Navigation Co,alexandria navigation co,1932;1938;1942;1947;1950,5,"Alexandria Navigalion Co. S.A.E ;; Alexandria Navigation Co ;; Alexandria Navigation Co., S.A.E ;; Alexandria Navigation Company, S.A .E ;; Alexandria Navigation Cy. S.A.E ;; Alexandria Navigation Cy., S. A. E ;; The Alexandria Navi- gation Co ;; The Alexandria Navigation Co ;; The Alexandria Navigation Co. S.A.E ;; The Alexandria Navigation Cy"
C00008,Alexandria Pressing Co,alexandria pressing co,1932;1938;1942;1947;1950,5,"Alexandria Pres- sing Co ;; Alexandria Pressing ;; Alexandria Pressing Co ;; Alexandria Pressing Co. S.A.E ;; Alexandria Pressing Co., S.A.E ;; Alexandria Pressing Co., de Nil ;; Alexandria Pressing Cy. S.A.E ;; Alexandria Racing ;; Alexandrin Pressing Cy ;; Alexandrin. Pressing Co, S.A.E ;; FAlexan- dria Pressing Co., S.A.E ;; The Alcxandria Pressing Co., S.A.E ;; The Alexan- dria Pressing Co., S.A.E ;; The Alexandria Pressing Co ;; The Alexandria Pressing Co. S.A.E ;; The Alexandria Pressing Co., S.A.E ;; The Alexandria Racing ;; The Alexandrie Pressing Cy ;; the Alexandria Pressing Co ;; the Alexandria Racing"
C00009,Alexandria Water Company,alexandria water company,1932;1938;1942;1947;1950,5,"Alexandria Waler Co ;; Alexandria Walter Company ;; Alexandria Water ;; Alexandria Water Co ;; Alexandria Water Company ;; Alexandria Water Cy ;; Alexandria \\Tater Gy. Ltd ;; Alexandria\Vater Co ;; PAlexandria Water Co. Ad ;; The Alexandria 'Vater Cy ;; The Alexandria Waler Co. Lit ;; The Alexandria Waler Company ;; The Alexandria Watcr Co., Ud ;; The Alexandria Watel' Co ;; The Alexandria Water Co ;; The Alexandria Water Co. Lid ;; The Alexandria Water Co. Ltd ;; The Alexandria Water Cy ;; The Alexandria Water Cy. Ltd ;; The Alexandria \Vater Co ;; The Alexandria vVater Co. Ltd"
C00010,Alexandria Exchange Co,alexandria exchange co,1932;1938;1942;1947;1950,5,Alexan- dria Exchange Co ;; Alexandria Ex- change Co ;; Alexandria Exchange Co ;; Alexandria Exchange Cy ;; Alexandria Exchange Cy. - ;; Alexandria Rxchange Co ;; Alexandrin Exchangc Company ;; Alexandrin Exchange Co ;; The Alexan- dria Exchange Co. Ltd ;; The Alexandria Exchange Co. Ltd ;; The Alexandrin Ex change Co. Ltd ;; lexandria Exchange Co
C00011,Alliance Française,alliance francaise,1932,1,Alliance Française
C00012,Anglo-Belgian Co. of Egypt,anglo belgian co egypt,1932;1938;1942;1947;1950,5,"Anglo Belgian Co of Egypt et ;; Anglo Belgian Company of Egypt, Limited ;; Anglo-Belgian Co ;; Anglo-Belgian Co of Egypt Ltd ;; Anglo-Belgian Co. of Egypt ;; Anglo-Belgian Co. of Egypt Ltd ;; The Anglo-Belgian Co ;; The Anglo-Belgian Co. of Egypt Lid ;; The Anglo-Belgian Co. of Egypt Ltd"
C00013,- Hon de The Anglo-American Nile & Tourist Co,hon anglo american nile tourist co,1932;1938;1942,3,"- Hon de The Anglo-American Nile & Tourist Co ;; Anglo- American Nile & Tourist Co ;; Anglo-American Nile & Tourist Cy ;; Anglo-American Nile et Tou rist Co ;; Anglo-American Nilo & TourisL Co ;; L\nglo American ile & Tourist Co ;; The Anglo-Amc rican Tilc & Toul'isl Co ;; The Anglo-Ame- rican Nile & Tourist Co ;; The Anglo-American Nile & Tourist Co ;; i\nglo-Amel'ican ?'-l""ile & Tourist Co"
C00014,The Anglo-Egyptian Land Allotment Co,anglo egyptian land allotment co,1932;1938;1942;1947;1950,5,Anglo Egyptian Land Allotment ;; Anglo Egyptian Land Allotment Co ;; Anglo-Egyp- lian Land Allotment Co ;; Anglo-Egyptian Land Allotment ;; Anglo-Egyptian Land Allotment Co ;; FAnglo-Egyptian Land Allotment ;; The Anglo- Egyptian Land Allotment Co ;; The Anglo-Egyplian Land Allotment Co ;; The Anglo-Egyptian Land Allotment Co ;; The Anglo-Egyptian Land Allotment Cy ;; Thü Anglo-Egyptian Land Allotment Co ;; lAnglo Egyptian Land Allot- ment
C00015,The Associated Cotton Ginners,associated cotton ginners,1932;1938;1942;1947;1950,5,"Associated Cotton Gin ners of Egypt, Ltd ;; The Associaled Colton Gin- ners of Egypt, Lid ;; The Associatecl Cotton Ginners ;; The Associated Collon Ginners of Egypt, Ltd ;; The Associated Cotton Ginners ;; The Associated Cotton Ginners of Egypt Ltd ;; The Associated Cotton Ginners of Egypt, Ltd ;; The Associated Cotton Gin· ners of Egypt, Ltd"
C00016,Banco Italo-Egiziano,banco italo egiziano,1932;1938;1950,3,"Banco Ilalo-Egiziano ;; Banco Italo- Egiziano ;; Banco Italo-Egiziano ;; Banco Italo-Egiziano. · ;; Banco llalo Egiziano. ,Ja ;; elu Banco Italo-Egiziano. p ;; elu Banco ltalo-Egiziano"
C00017,Banco Ilalo-Egiziano ct de The Electric Light & Power Supply,banco ilalo egiziano ct electric light power supply,1932,1,Banco Ilalo-Egiziano ct de The Electric Light & Power Supply
C00018,Banque Belge et Internationale en Egypte,banque belge internationale egypte,1932;1938;1942;1947;1950,5,"Banque Belge & Internationale en Egypte ;; Banque Belge ct Internationale en Egypte ;; Banque Belge el Internalionale en Egypte ;; Banque Belge el Internationale en Egypte ;; Banque Belge et In ternationale en Egypte ;; Banque Belge et In- ternationale en Egypte ;; Banque Belge et Intemalionale en Egypte, S.A.E ;; Banque Belge et Intemationale en Egypte, S.A.E ;; Banque Belge et Internatio- nale en Egypte ;; Banque Belge et Internationale en Egypte ;; Banque Belge et Internationale en Egypte, S.A.E ;; Danquc Belgect Internationale en Egypte, S.A.E"
C00019,Banque Hypothécaire,banque hypothecaire,1932,1,Banque Hypothécaire
C00020,Banque Misr,banque misr,1932;1938;1942;1947;1950,5,"Banque Misr ;; Banque Misr S.A.E ;; Banque Misr, S.A.E"
C00021,"Banque Misr ct de toutes les institutions financières, commerciales et Industrielles, fondées par la Banque Misr, en Egypte et à l'Etranger",banque misr ct toutes institutions financieres commerciales industrielles fondees par banque misr egypte etranger,1932,1,"Banque Misr ct de toutes les institutions financières, commerciales et Industrielles, fondées par la Banque Misr, en Egypte et à l'Etranger ;; toutes les institutions financières, commerciales et industrielles fondées par la Banque Misr en Egypte et à l'Etranger"
C00022,Banque d'Athènes à Alexandrie,banque athenes alexandrie,1932;1938,2,Banque d'Athènes à Alexandrie
C00023,Banque du Crédit Agricole d'Egypte,banque credit agricole egypte,1932;1938;1942;1947;1950,5,"Ban- que du Crédit Agricole d'Egypte ;; Banque de Crédit Agricole ;; Banque de Crédit Agricole d'Egypte ;; Banque du C1·édit Agricole d'Egypte ;; Banque du Crédit Agricole d'Egypte ;; Banque du Crédit Agricole d'Egypte, S.A.E ;; Banque elu Crédit Agricole d'Egypte"
C00024,Banque de Crédit Agricole d'Egyple,banque credit agricole egyple,1932;1942,2,Banque de Crédit Agricole d'Egyple ;; Banque du Crédit Agricole d'Egyple
C00025,"Banque Mosséri, S.A.E",banque mosseri s e,1932;1938;1942;1947;1950,5,"Banque Mc,sséri, S.A.E ;; Banque Mos- séri, S.A.E ;; Banque Mosseri ;; Banque Mosseri, S.A.E ;; Banque Mosseri,S.A.E ;; Banque Mosseri. S.A.E ;; Banque Mosséri ;; Banque Mosséri S.A.E ;; Banque Mosséri, S.A.E ;; BanqueMosseri et Co ;; Danque Mosscri, S.A.E"
C00026,Société Egyptienne de la Bourse Commerciale de Minet El Bassal,bourse commerciale minet el bassal,1932;1938;1942;1947;1950,5,"Bourse Commerciale de Minet El Bassa! ;; Bourse Commerciale de Minet El Bassal ;; Bourse Commerciale de Minet-el-Bassal ;; Bourse Comunerciale de Minet EL Bassal ;; S.E. de la Bourse Commerciale de Minet El Bassal ;; S.E. de la Bourse Con- merciale de Minet EI Bassal ;; Société Egyptienne de Ja Bourse Commerciale de ~li net El Bass al ;; Société Egyptienne de la 13ourse Commerciale de Minet El Bassal ;; Société Egyptienne de la Bourse Commerciale de Minet El B<,tssal ;; Société Egyptienne de la Bourse Commerciale de Minet El Bassa! ;; Société Egyptienne de la Bourse Commerciale de Minet El Bassal ;; Société Egyptienne de la Bourse Commerciale de Minet El nassal ;; Sociétê Egyptienne de la Bourse Commerciale de Minet el Bassal ;; Sté. Eg. de la Bour..>e Commerciale de Minet el Bassal ;; cl~ la Bourse Commercialecle Minet El JJassal"
C00027,lu Bomse de Minet El Bassal,lu bomse minet el bassal,1932;1938;1942;1947,4,Bourse de Minet El Bas&al ;; Bourse de Minet El Bass al ;; Bourse de Minet El Bassa! ;; Bourse de Minet El Bassal ;; Bourse de Minet El T3assal ;; Bourse de Minet· EJ-Bassal ;; lu Bomse de Minet El Bassal
C00028,Bourse des Marchandises,bourse marchandises,1932;1938,2,Bourse des Marchandises
C00029,Building Lands of Egypt,building lands egypt,1932;1938;1942;1947;1950,5,'fhe Building Lands of Egypt ;; Building Lands ;; Building Lands of Egypt ;; The Building Lands ;; The Building Lands Co ;; The Building Lands Cy ;; The Building Lands of Egypt
C00030,Cairo Sand Bricks,cairo sand bricks,1932;1938;1942;1947;1950,5,"Cairo Sand Bricks ;; Cairo Sand Bricks Co ;; Cairo Sand Bricks Co. S.A.E ;; Cairo Sand Bricks Co., S.A.E ;; Cairo Sand Bricks Co., S.i\.E ;; The Cairo Sand Bricks Co ;; The Cairo Sand Bricks Co. S. A ;; The Cairo Sand Bricks Co., S.A"
C00031,The Cairo Suburban Building Land Co,cairo suburban building land co,1932;1938;1942;1947;1950,5,Cairo Suburban Building Land Co ;; Cairo Suburban Building Lands ;; Cairo Suburban Buildings Lands Co ;; The Caim Suburban 13uilding Lands Co ;; The Cairo Suburban Buil- ding Land Co ;; The Cairo Suburban Building Land Co ;; The Cairo Suburban Building Lands ;; lu Cuira Suburban Building Lands Co
C00032,Cairo-Heliopolis,cairo heliopolis,1932;1942;1950,3,Cairo Heliopolis ;; Cairo-Heliopolis
C00033,Car ver Br os & Co Ltd,car ver br os co,1932;1947,2,Car ver Br os & Co Ltd ;; Carver Bros r& Co. Ltd
C00034,Cass·t di Sconto e di. Risparmio,cass t di sconto e di risparmio,1932,1,Cassa di Sconto et di Risparmio ;; Cassa di Scontoe di Risparmio ;; Cass·t di Sconto e di. Risparmio
C00035,Société Anonyme du Chemin de Fer Ken eh-Assouan,chemin fer ken eh assouan,1932;1938;1947,3,Chemins de Fer Keneh-Assouan ;; S. A. des Chemins de Fer Keneh-Assouan ;; S.A. des Chemins de Fer Kéneh-Assouan ;; S.A. des Cllemms de fer 1\.éneh-Assouan ;; Société Anonyme du Chemin de Fer Ken eh-Assouan ;; Société des Chemins du Fer Ecneh-Assouan
C00036,Chemins de Fer de la S. A. de W a di Kom Ombo,chemins fer s w di kom ombo,1932,1,Chemins de Fer de la S. A. de W a di Kom Ombo
C00037,Compagnie d'Assurances «Al Charkl). w,assurances al charkl w,1932;1938;1942;1947;1950,5,"Cie d'Assurances << Al Chark )) ;; Cie. d'Assurances «Al Chark» ;; Compagnie d'Assurances ""Al Chark "" ;; Compagnie d'Assurances «Al Chark)) ;; Compagnie d'Assurances «Al Charkl). w ;; Compagnie d'Assurances «Al Chark» ;; Compagnie d’Assurances «Al- Chark» ;; S.A.E. d'Assurances Al Chark ;; Société d'Assurances cc Al-Chark u ;; Société d'Assurances «Al Chark» S.A.E ;; Sté. Assurances «Al Chark»"
C00038,Clothing & Equipment Co,clothing equipment co,1932;1947;1950,3,"Clo.thing & Equipment Co ;; Clothing & Equipment Co ;; Clothing & Equipment Co. of Egypt ;; Clothing & Equipment Company S. A ;; Clothing & Equipment Cy. of Egypt ;; Sté The Clothing & Equipment Cy of Egypt ;; Sté. The Clothing ,& Equipment Cy. of Egypt"
C00039,Comite de Londres de The Mortgage Co. Ltd,comite londres mortgage co,1932,1,Comite de Londres de The Mortgage Co. Ltd
C00040,Commer ce Egyptienne,commer ce egyptienne,1932,1,Commer ce Egyptienne
C00041,Commerce,commerce,1932;1938;1950,3,Commerce
C00042,Commerce Hellénique d'Alexandrie,commerce hellenique alexandrie,1932;1938;1942;1947;1950,5,Commerce Hellénique d'Alexandrie ;; Communauté Hellénique d'Ale- . xandrie ;; Communauté Hellénique d'Alexandrie ;; Comnunaulé Hellénique d'Ale- randrie ;; let Communauté Hellénique d'Alexandrie
C00043,Commercial Bank of Egypt,commercial bank egypt,1932;1938;1942;1947;1950,5,Commercial Bank of ;; Commercial Bank of Egypt ;; Commercial Bank of Egypt S.A.E ;; Commercial-Bank of Egypt ;; The Commercial Bank of Egypt ;; The Commercial Dank of Egypt ;; ln Coml1lercial Bank of Egypt ;; lu Commercial Bank of Egypt ;; là Commercial Bank of Egypt
C00044,Commerciale Suisse d'Alexandrie,commerciale suisse alexandrie,1932,1,Commerciale Suisse d'Alexandrie
C00045,"Commerciale Suisse, Siège du Caire",commerciale suisse siege caire,1932,1,"Commerciale Suisse, Siège du Caire"
C00046,Communauté Israélite d'Alexandrie,communaute israelite alexandrie,1932;1938;1942;1947;1950,5,"Communauté Israélite d'Alexandrie ;; Communauté Israélite d) Alexandrie ;; cle la Communauté Israélite d'il/exandJ""ie"
C00047,Compagnie Frigorifique d'Egypte,frigorifique egypte,1932;1938;1942;1947;1950,5,Cie. FrigorifiquJ d'Egypte. · ;; Cie. Frigorifique d'Egypte ;; Compagnie Frigorifique cl 'Egypte ;; Compagnie Frigorifique d'Egypte
C00048,Société Anonyme des Eaux du Caire,eaux caire,1932;1938;1942;1947;1950,5,Compagnie des Eaux du Caire ;; Eaux du Caire ;; S.A. des Eaux du Caire ;; Société Anonyme d.es Eaux du Caire ;; Société Anonyme des Eaux du Caire ;; ln S.A. des Eaux du Caire ;; lu S. A. des Eaux du Caire
C00049,"Constructions Modernes, S. A. E",constructions modernes s e,1932;1938,2,"Constructions Modernes ;; Constructions Modernes u ;; Constructions Modernes, S. A. E"
C00050,Consultatif de l'Agriculture,consultatif agriculture,1932;1938,2,Consultatif de l'Agriculture
C00051,Consultatif des Réassurances et Assurances directes au Ministère du Travail,consultatif reassurances assurances directes ministere travail,1932,1,Consultatif des Réassurances et Assurances directes au Ministère du Travail
C00052,Crown Brewery,crown brewery,1932;1938;1942;1947;1950,5,"Cro\Yn Brewery ;; Crow-Brewery ;; Crown Brewerv, SA ;; Crown Brewery ;; Crown Brewery, S.A ;; Crown-Brewery ;; Ja Crown-Brewery ;; de‘a Crown Brewery ;; «Crown Brewery» S.A.B"
C00053,Crown Egypt Co,crown egypt co,1932,1,Crown Egypt Co
C00054,"Crownegypt Co., S.A.E",crownegypt co s e,1932;1938;1942,3,"Crownegvpl Co., S.A.E ;; Crownegypt Co., S.A.E ;; Crownegypt Cu ;; The Crownegypt Co"
C00055,Crédit Agricole d'Egypte,credit agricole egypte,1932;1938;1942;1947;1950,5,Crédit Agrico!e d'Egypte ;; Crédit Agricole ;; Crédit Agricole cl 'Egypte ;; Crédit Agricole d'Egypte ;; Grédil Agricole d'Egypte
C00056,Crédit Foncier Egyptien,credit foncier egyptien,1932;1938;1942;1947;1950,5,Crédil Foncier Egyplien ;; Crédil Foncier Egyptien ;; Crédit Fonciel' Egyptien ;; Crédit Foncier Egyplien ;; Crédit Foncier Egyptien ;; Crédit Foncier Egyptien S.A.E ;; elu Crédit Foncier Egyptien
C00057,Crédit Foncier Egyptien. Ismalum René. Chevalier de la Légion d'Honneur,credit foncier egyptien ismalum rene chevalier legion honneur,1932,1,Crédit Foncier Egyptien. Ismalum René. Chevalier de la Légion d'Honneur
C00058,Crédit Immobilier Suisse-Egyptien,credit immobilier suisse egyptien,1932;1938;1942;1947;1950,5,Crédil Immobilier Suisse-Egvyptien ;; Crédit Im- mobilier Suisse-Egyptien ;; Crédit Immobilier .Suisse-Egyptien ;; Crédit Immobilier Suis e-Egyptien ;; Crédit Immobilier Suisse Egyp_tien ;; Crédit Immobilier Suisse-Egvptien ;; Crédit Immobilier Suisse-Egyplien ;; Crédit Immobilier Suisse-Egyptien ;; Crédit Immobilier Suisse-Egyptien. v ;; Crédit Immollilier Suissc-Egypticll ;; Crédit lmmobilic1· Suisse-Egyptien ;; Crérht Immobilier Suisse-Egyptien
C00059,Dakahlieh Land Co,dakahlieh land co,1932;1938;1942;1947;1950,5,"Dakablieh Land Co. S.A.E ;; Dakahlich Land Co., S. A. E ;; Dakahlieh 'Land Co ;; Dakahlieh Lahd Co ;; Dakahlieh Land Co ;; Dakahlieh Land Co., S.A.E ;; Dakahlieh Land Cy ;; Dakahlieh Land Cy., S.A.E"
C00060,"Delta Trading Co., S.A.E",delta trading co s e,1932;1938;1942;1947;1950,5,"Della Trading Co ;; Delta Trading Co ;; Delta Trading Co. S.A.E ;; Delta Trading Co., S.A.E ;; Delta Trading Cy ;; Delta Trading· Co"
C00061,Députés,deputes,1932;1942,2,Députés
C00062,Eastern Export Cy,eastern export cy,1932;1942;1950,3,"Easlern Export Co., S.A ;; Easlern Export Cy. S. A ;; Eastern Export Co ;; Eastern Export Co., S.A.E ;; Eastern Export Cy ;; Eastern Export Cy., S. A"
C00063,Ecole Française de Droit du Caire,ecole francaise droit caire,1932;1942,2,Ecole Française de Droit du Caire
C00064,Egyptian Consolidated Land Ltd,egyptian consolidated land,1932;1938,2,Egyptian Consolidaled Land Ud ;; Egyptian Consolidated Land Ltd
C00065,The Egyptian Delta Land & Investment Cy,egyptian delta land investment cy,1932;1938;1942;1947;1950,5,Egyptian Deita Land & Investment Co ;; Egyptian Della Land & Invest- ment Co ;; Egyptian Delta Land & Invest- ment Co ;; Egyptian Delta Land & Invest. Co ;; Egyptian Delta Land & Investment ;; Egyptian Delta Land & Investment Co ;; Egyptian Delta Land & Investment Cy ;; The Egyplian Delta Land and Investement CY ;; The Egyptian Delta Land & Investment Co ;; The Egyptian Delta Land & Investment Co. Ltd ;; The Egyptian Delta Land & Investment Cy ;; The Egyptian Delta Land .& Investment Co ;; The Egyptian Delta Land and Investment Cy
C00066,Egyptian Joint Cotton Committee,egyptian joint cotton committee,1932,1,Egyptian Joint Cotton Committee
C00067,Egyptian Markets,egyptian markets,1932;1942;1947;1950,4,Dél. Egyptian Markets ;; Egyptian Markets ;; The Egvptian Markets Ltd ;; The Egyptia11 Markets Ltd ;; The Egyptian Markets
C00068,The Egyptian'1\Œotor Transport Co,egyptian 1 oeotor transport co,1932;1938;1942;1950,4,Egyptian Mo- tor Transport Co ;; Egyptian Motor Transport ;; Egyptian Motor Transport Co ;; The Egvplian Molor Transport Co ;; The Egyptian Motor Transport Co ;; The Egyptian'1\Œotor Transport Co
C00069,Egyptian Salt & Soda,egyptian salt soda,1932;1938;1942;1947;1950,5,"Egyptian Salt & Soda ;; Egyptian Salt & Soda Company Ltd ;; Egyptian Salt & Soda Cy ;; Egyptian Salt & Soda Cy Ltd ;; Egyptian Salt & Soda Cy. Ltd ;; Egyptian Salt .& Soda Co. Ltd ;; Egyptian Salt,& Soda Company Ltd ;; Egyptian Salt.& Soda Co ;; Egyptlian Sall& Soda Company Lid ;; The Egyptian Salkt& Soda Cy ;; The Egyptian Salt & Soda ;; The Egyptian Salt & Soda Co. Ltd ;; The Egyptian Salt & Soda Cy. Ltd ;; The Egyptian Salt & Soda Cy. Ud"
C00070,The Electricity & lee Supply Co,electricity lee supply co,1932;1938;1942;1947;1950,5,"E- leetricitx & Ice Supply Co ;; Electricitr and Ice Supply Co. S.A.E ;; Electricity & lee Supply Co ;; The E- lectricity & Ice Supply Co ;; The Eiectricity & lee Supply Co ;; The Eleclricity & Ice Supply Co ;; The Eleclricity & lee Supply Co ;; The Eleclricity ,& lee Supply Co ;; The Electricily & Ice Supply Co ;; The Electricity & lee Supply Co ;; The Electricity and Ice Supply Co ;; The Electricity and lee Supply Co"
C00071,Entrepôts,entrepots,1932;1938;1942;1947;1950,5,Entrep6ls ;; Entrepôls ;; Entrepôts
C00072,Filature Nationale d'Egypte,filature nationale egypte,1932;1938;1942;1947;1950,5,"Filatme Nationale cl 'Egypte, S. A.E ;; Filature 1ationale d'Egypte ;; Filature Nationale d'Egypte ;; Filature Nationale d'Egypte, S.A.E ;; Ja Filature Nationale d'Egypte ;; dé la Filature Nationale d'Egypte"
C00073,Fédération Egyptienne des Industries,federation egyptienne industries,1932;1938;1942;1947;1950,5,Fédéralion Egvplienne des Industries ;; Fédération Egvptienne des Industries ;; Fédération Egyplienne des Industries ;; Fédération Egyptienne des Industries ;; Fédération Egyptienne des Industries en Egypte ;; Fédération Egyptienne des Industries en E~gypte ;; Fédération Egyptienne düs Industries ;; Fédération Egyptlienne dés Industries ;; à la Fédéralion Egyplienne des Industries ;; à la Fédération Egyptienne des Industries
C00074,Fédération des Industries en Egypte,federation industries egypte,1932,1,Fédération des Industries en Egypte
C00075,Gabbari Land Co,gabbari land co,1932;1938;1942;1947;1950,5,Gabbari Land ;; Gabbari Land Co ;; Gabbary Land ;; Gabbary Land Co ;; Gabbhari Land Co ;; Ja Gabbari Land Co ;; The Gabbari Land Co ;; The Gabbari Land Company ;; The Gabbari Land Cy ;; The Gabbari Lands ;; The Gabbarv Land Co ;; The Gabbary Land Cy
C00076,The Gharbieh Land Co,gharbieh land co,1932;1938;1942;1947;1950,5,Gharbieh Land Co ;; Gharbieh Land Co. · ;; Gharbieh Land Cy ;; Gharbieh Land Cy.' ;; Ja Gharbieh Land Co ;; The Garbieh Land Co ;; The Ghar- bieh Land Co ;; The Gharbieh Land Co ;; The Gharuieh Land Co ;; iGharbieh Land Cy ;; la(1harbieh Land Co ;; Çl-harbieh Land. Co. ·
C00077,S. A. Les Grands Hôtelscl'Egyptc,s grands hotelscl egyptc,1932;1942,2,Grands Hôtels d'Egyple ;; Grands-Hôtels d'Egyple ;; S. A. Les Grands Hôtelscl'Egyptc
C00078,Société Générale Immobilière d'Egypte,generale immobiliere egypte,1932;1938;1942;1947;1950,5,"Gérance Immo- bilière ;; Gérance Immobiliè- re ;; Gérance Immobilière ;; Gérance Immobilière, S.A.E ;; Gérance Immobilière. S.A.E ;; Société Gé- nérale Immobilière d'Egypte ;; Société Générale Im- mobilière d'Egypte, S.A.E ;; Société Générale Immobilière ;; Société Générale Immobilière d'Egypte ;; Société Générale Immobilière d'Egypte, S.A.E ;; Société Générale Immobilièt-e ;; Sté. Générale Immobilière ;; ln. Société Générale Immobilière d'Egypte"
C00079,Gérance Immobilière ct de la Yiodern Buildings,gerance immobiliere ct yiodern buildings,1932,1,Gérance Immobilière ct de la Yiodern Buildings
C00080,Industrie,industrie,1932;1938;1942;1947;1950,5,"Industrie ;; Industrie S.A.E ;; Industrie d'Egypte ;; Industrie, S.A.E ;; Industrie. S.A.E ;; Industrie» ;; Sté pour l'Industrie"
C00081,"Josy Film, S.A.E",josy film s e,1932;1938;1942;1947,4,"J os y Film, S. A. E ;; Josv Film, S.A.E ;; Josy Film, S.A.E ;; la«Josv Film», S.A.E ;; la«Josy Film"", S.A.E"
C00082,The Kafr El Zayat Cotton Co,kafr el zayat cotton co,1932;1938;1942;1947;1950,5,Ka fr El Zayat Cotton Company ;; Kafr El Zaval Cotton Co ;; Kafr El Zay at CoLLan Co ;; Kafr El Zay at Cotton Company ;; Kafr El Zay at Cotton Cy ;; Kafr El Zayat Colton Co ;; Kafr El Zayat Cotton Co ;; Kafr el Zayat Collan Co ;; Kafr el Zayat Cotton Co ;; The Kafr El Za- val Cotton Co ;; The Kafr El Zayal Cotton Co ;; The Kafr El Zayat Cotton Co ;; The Kafr el Zayat Cotton Co. Ltd ;; The Kaîfr EI Zayat Colton Co
C00083,Koubbeh Gardens,koubbeh gardens,1932;1938;1942;1947;1950,5,1\oubbch Gardcns ;; Koubbeh Gardens
C00084,Land Bank of Egypt,land bank egypt,1932;1938;1942;1947;1950,5,Land Bank ;; Land Bank of Egypt ;; Land Dank of Egypt ;; The Land Bank of Egypt
C00085,Maison Bellrend & Co. Ltd,maison bellrend co,1932;1938,2,Maison Bchrend & Co Ltd ;; Maison Bellrend & Co. Ltd
C00086,The Menzaleh Canal Navigation Co,menzaleh canal navigation co,1932;1938;1950,3,Menzaleh Canal & Navigation Cy ;; Menzaleh Canal Navigation ;; The Menzaleh Canal Navigation Co
C00087,The Mortgage Co. of Egypt Ltd,mortgage co egypt,1932;1938,2,Mortgage Cy ;; The Mortgage Co. of Egypt ;; The Mortgage Co. of Egypt Ltd
C00088,Mécanique,mecanique,1932;1942;1947;1950,4,Mécanique
C00089,"National Bank of Egypl, The Agr.icultural Bank of Egypt el elu Crédil Foncier Egyptien",national bank egypl agr icultural bank egypt el elu credil foncier egyptien,1932,1,"National Bank of Egypl, The Agr.icultural Bank of Egypt el elu Crédil Foncier Egyptien"
C00090,"National Bank of Egypt, The Agricultural Bank of Egypt",national bank egypt agricultural bank egypt,1932,1,"National Bank of Egypt, The Agricultural Bank of Egypt"
C00091,National Bank of Egypt,national bank egypt,1932;1938;1942;1947;1950,5,National Bank of E ;; National Bank of Egypt ;; National Bank of Egypt. s ;; Nationnl Bank of Egypt ;; Nationul Bank of Egypt ;; The National Bank of Egypt
C00092,National Insurance Co,national insurance co,1932;1938;1942;1947;1950,5,N atipnal Insurance Co. of Egypt ;; Naitonal Insurance Cy. of Egypt ;; Nalional Insurance Co ;; Nalional Insurance Co. of Egypt ;; National In- surance Co ;; National Insmance Co. of Egypt ;; National Insurance Co ;; National Insurance Co. 9f ;; National Insurance Co. of Egypt ;; National Insurance Co. or Egypt ;; National Insurance Company of Egypt ;; National Insurance Cy ;; National Insurance Cy of Egypt ;; National Insurance Cy. of Egypt ;; National Insurance S.A.E ;; National Jnsurance Co ;; The National Insurance Co. of Egypt ;; The National Insurance Cy ;; la_National Insurance Co. of Egypt
C00093,National Petroleum Cy,national petroleum cy,1932;1938;1942;1947;1950,5,Nalional Petro!eum Co ;; National Peh·oleum Cy ;; National Petroleum Co ;; National Petroleum Co. of Egypt ;; National Petroleum Cy ;; National Petroléum Co ;; The National PeLroleum Co ;; The National Petroleum Co ;; The National Petroleum Cy
C00094,New Egyptian Co,new egyptian co,1932;1938;1942;1947;1950,5,New Egvyplian Co ;; New Egyptian Co ;; New Egyptian Cy ;; New-Egyptian Cy ;; The New Egyptian Co ;; The New Egyptian Cy ;; The rcw Egyptian Co
C00095,New Egyptian Co et S. A. des Bières Bomonti et Pyramides,new egyptian co s bieres bomonti pyramides,1932,1,New Egyptian Co et S. A. des Bières Bomonti et Pyramides
C00096,Omnibus du Caire,omnibus caire,1932,1,Omnibus du Caire
C00097,Palestine Hotels Co. Ltd,palestine hotels co,1932;1938;1942;1947,4,Palestine Hotels Co. Ltd ;; Palestine Hotels Lid ;; Palestine Hotels Ltd ;; The Palestine Hotels ;; The Palestine IIotels
C00098,Port-Said Salt Assoc,port said salt assoc,1932,1,Port-Said Salt Assoc
C00099,Postes Egyptiennes,postes egyptiennes,1932;1942;1947;1950,4,Postes Egyp- liennes ;; Postes Egyptiennes
C00100,"Pressage du Coton. S.E. Sir Ismail Sirry Pacha K.C.M.G., Anci('n",pressage coton s e sir ismail sirry pacha k c m g anci n,1932,1,"Pressage du Coton. S.E. Sir Ismail Sirry Pacha K.C.M.G., Anci('n"
C00101,S.A. des Presses Libres Egyptiennes,s presses libres egyptiennes,1932;1938;1942;1947;1950,5,Presses Libres Egypliennes ;; Presses Libres Egyptiennes ;; S. A. des Presses Libres Egyptiennes ;; S.A. Presses Libres Egyptiennes ;; S.A. des Presses Libres Egvpliennes ;; S.A. des Presses Libres Egyp- liennes ;; S.A. des Presses Libres Egyptiennes ;; Sté An. des Presses Libres Egyptiennes ;; Sté Presses Libres Egyptiennes ;; Sté. An. des Presses Libres Egyptiennes ;; Sté. An. ries Presses Libres Egyptiennes ;; lu S. A. des Presses Libres Egyplie11ncs
C00102,Raffinerie d'Egypte,raffinerie egypte,1932;1938;1942;1947;1950,5,Haffinerie d'Egypte ;; Raffinerie d'Egypte
C00103,Rosetta & Alexandria Rice Mills,rosetta alexandria rice mills,1932;1938;1942;1947;1950,5,"H.oseLLa & Alexandria Hice Mills ;; Hosetta& Alexandria Hice Mills ;; Ja Rosel- la & Alexandria Rice Mills ;; RoseL ta & Alexan d ria Hice Mills ;; Rosella & Ale- xandria Rice Mills ;; Rosella & Alexandria Rice Mills ;; Rosella& Alexandria Rice Mills ;; Rosetta & Ale- xandria Rice Mills ;; Rosetta & Alex andria Riec MiJJs ;; Rosetta & Alexandria Rice Mille Co., S.A.E ;; Rosetta & Alexandria Rice Mills ;; Rosetta & Alexandria Rice Mills Co ;; Rosetta & Alexandria Rice Mills Co., S.A.E ;; Rosetta & Alexandria Riec Mills ;; Rosetta ,& Alexandria Rice Mills ;; Rosetta and Alexandria Rice Mills ;; Rosetta r& Alexandria Ri ce Mills ;; Rosetta& Alexandria Rice Mills ;; Rosetto. & Alexandrin Rice Mills"
C00104,Réunion des Compagnies d'Assurances sur la Vie,reunion compagnies assurances sur vie,1932;1938,2,Réunion des Compagnies d'Assumnces sur la Vic ;; Réunion des Compagnies d'Assurances sur la Vie
C00105,S.A. Agricole et Industrielle d'Egypte,s agricole industrielle egypte,1932;1938;1942;1947;1950,5,S. A. Agricole et Industrielle d'Egypte ;; S.A. Agricole el Industrielle d'Egypte ;; S.A. Agricole et Industrielle d'Egypte ;; Société Anonyme Agrico1e et Industrielle d'Egypte ;; Sté. Agricole et Industrielle d'Egypte ;; Sté. An. Agricole et Industrielle ;; clc la S.A. Agricole et Industrielle d 'Egypte
C00106,Société Egyptienne de Ciment Portland Tourah,ciment portland tourah,1932;1938;1942;1947;1950,5,"S. A. Ciment Portland, Tourab ;; S.A. de Ciment Portland Tourah ;; S.E. de Ciment Porland Tourah ;; S.E. de Ciment Portland Tourah ;; S.E. de Ciment Portland-Tourah ;; SE. de Ciment Portland Tourah ;; Société Egyptienne de Ciment Porland Tourah ;; Société Egyptienne de Ciment Portland Tourah ;; Société de Ciment Portland Tourah ;; Société de Ciment. Portland Tom·ah ;; Sté de Ciment Portland Tourah ;; Sté. Eg. de Ciment Portland Tourah ;; cle la Société Egyptienne de Ciment Portland Tourah"
C00107,"Fiat Oriente, S.A.E",fiat oriente s e,1932;1938;1947,3,"Fiat Oriente, S.A.E ;; S. A. E. Fiat Oriente"
C00108,Société Anonyme Immobilière du Domaine de Siouf,immobiliere domaine siouf,1932;1938;1942;1947;1950,5,S. A. Immobilière du Domaine de Siouf ;; S.A. Immo- bilière du Domaine de Siouf ;; S.A. Immobilière du Domai- ne de Siouf. | ;; S.A. Immobilière du Domaine de Si ouf ;; S.A. Immobilière du Domaine de Siouf ;; S.A. Immobilière elu Domaine de Siouf ;; Société Anonyme Immobilière du Domaine de Siouf ;; Société Immobilière du Do- maine de Siouf ;; Société Immobilière du Domaine de Siouf ;; Société Immobilièreelu Domaine de Siouf
C00109,Société Anonyme de Wadi Kom Ombo,wadi kom ombo,1932;1938;1942;1947;1950,5,A. de Wadi Kom Ombo ;; S. A. Wadi Kom Ombo ;; S. A. de Wadi- Kom-Ombo ;; S. A. du Wadi Kom Ombo ;; S.A. Wadi Kom Ombo ;; S.A. Wadi-Kom-Ombo ;; S.A. de Wadi Kom Ombo ;; S.A. de Wadi- Kom-Ombo ;; S.A. de Wadi-Kom Ombo ;; S.A. de Wadi-Kom-Ombo ;; S.A. de \Vadi Kom Ombo ;; S.A. du Wadi Kom Ombo ;; SA. de Wadi Kom Ombo ;; Société Anonyme de Wadi Kom Ombo ;; Société Anonyme de Wadi Kom- Ombo ;; Ta SA. de Wadi Kom-Ombo
C00110,Société Anonyme de Nettoyage,nettoyage,1932;1938;1947,3,S. A. de Nettoyage ;; Société Anonyme de Nettoyage
C00111,Sté. Gle. Pressage et Dépôts,ste gle pressage depots,1932;1950,2,S. A. de Pressage et Dépôts ;; Sté. Gle. Pressage et Dépôts
C00112,Société Egyptienne d'Entreprises Urbaines et Rurales,entreprises urbaines rurales,1932;1938;1942;1947;1950,5,S. A. des Entreprises Urbaines et Rurales ;; S.A. d'Entreprises Urbaines et Rurales ;; Société Egyptienne d'Entreprises Urbaines et Rurales ;; Société Egyptienne des Entreprises Urbaines et Rurales ;; Société Egyptienne çl'Entrcprises Urbaines cl Hurales ;; Sté d'Entreprises Urbaines el Rurales ;; Sté d'Entreprises Urbaines et Rurales ;; Sté. Eg. Entreprises Urbaines et Rurales ;; Sté. Eg. d'Entreprises Urbaines et Rurales ;; Sté.· d'Entreprises Urbaines et Rurales
C00113,Société Anonyme des Immeubles de l'Est,immeubles est,1932;1938;1950,3,S. A. des Immeubles cl.e l'Est ;; S. A. des Immeubles de l'Est ;; S.A. Immeubles de l'Est ;; Société Anonyme des Immeubles de l'Est
C00114,S.A. du Béhéra,s behera,1932;1938;1942;1947;1950,5,S. . du Béhéra ;; S. A. du Béhéra ;; S.A. du Béhé- ra ;; S.A. du Béhéra ;; S.A. du Béhéra. · ;; de· la S.A. du Béhéra
C00115,"S.A. de Nettoyage et Pressage de Coton, S.A.E",s nettoyage pressage coton s e,1932;1938;1942;1947;1950,5,"S. A. du Nettoyage et Pressage du Coton ;; S.A. Nettoyage et Pressage Coton ;; S.A. de Netto- vase et Pressage du Coton ;; S.A. de Nettovage el Pressage de Coton ;; S.A. de Nettoyage cl Prcssngc de Colon ;; S.A. de Nettoyage et Pressage de Coton ;; S.A. de Nettoyage et Pressage de Coton, S.A.E ;; S.A. de Nettoyage et Pressage du Coton ;; Société Anonyme de Nettoyage et Pressage de Coton ;; Société Anonyme de Nettoyage et Pressage du Coton"
C00116,S.A.I. des Terrains Ghizeh et Rodah,s i terrains ghizeh rodah,1932;1938;1942;1947,4,S.A. des Terrains Guizeh& Rodab ;; S.A. des Terrains Guizeh-Rodah ;; S.A. des Terrains de Guizeh- Rodah ;; S.A. des Terrains de Guizeh-Rodah ;; S.A.I. des Terrains Ghizeh et Rodah ;; S.E. des Terrains Glüzeh-Rodah
C00117,Salonica Cigarette Co,salonica cigarette co,1932;1938;1942;1950,4,"Sa- lonica Cigarelte Co ;; Salon i ca Cigarettes Co., S. A. E ;; Salonica Cigarelte Co ;; Salonica Cigarette Co ;; Salonica Cigarette Co., S. A. E ;; Salonica Cigarettes Co ;; Salonica Cigarettes Cy"
C00118,Sidi Salem Co,sidi salem co,1932;1938;1942;1947;1950,5,"Si di Salem Co ;; Sid i Salem ;; Sidi Salem Co ;; Sidi Salem Co. XX ;; Sidi Salem Co. of Egypt ;; Sidi Salem Co. of Egypt, S.A.E ;; Sidi Salem Company ;; Sidi Salem Cy ;; The Si di Salem of Egypt"
C00119,Société <( Maarad l>,maarad,1932,1,Société <( Maarad l>
C00120,Société Anonyme Agricole et Industrielle d'Egyptc,agricole industrielle egyptc,1932;1942,2,S.A. Agricole el Industrielle d'Egvple ;; S.A. Agricoleel Industrielle d'Egvple ;; Société Anonyme Agricole et Industrielle d'Egyptc
C00121,"Société Immobilière d'Alexandrie, S.A.F",immobiliere alexandrie s f,1932;1938;1942;1947;1950,5,"S.A. Immobilière d'Alexandrie ;; S.A.E. Immobilière cl' Alexandrie ;; Société Anonyme Immobilière d'Alexandrie ;; Société Immobilière d'Alexan- drie, S.A.E ;; Société Immobilière d'Alexandrie ;; Société Immobilière d'Alexandrie, S.A.E ;; Société Immobilière d'Alexandrie, S.A.F ;; Société Immobilière d'Alexandrie, S.A.F. y ;; Société Immobilière d'A~exandrie ;; Société TImmobilière d'A- lexandrie, S.A.F ;; Société lmmo·· bilière d'Alexandrie ;; Sté Immobilière d'Alexandrie S. A. F ;; Sté. Immobilière d'Alexandrie, S.A.E ;; Sté. Immobilière d'Alexandrie, S.A.F"
C00122,Société Anonyme des Anciennes Entreprises L. Rolin et Co,anciennes entreprises rolin co,1932;1938;1942;1947,4,"S.A. des Anciennes Entrepri ses L. Rolin ,& Co ;; S.A. des Anciennes Entrepri- ses L. Rolin & Co ;; S.A. des Anciennes Entreprises L. Rolin & Co ;; Société Anonyme des Anciennes Entreprises L. Rolin & Co ;; Société Anonyme des Anciennes Entreprises L. Rolin et Co"
C00123,Société Anonyme des Chemins de Fer de la Basse Egypte,chemins fer basse egypte,1932;1938;1942;1947;1950,5,"S.A. Chemins de Fer Basse-Egypte ;; S.A. des Chemins de Fer de la Basse Egypte ;; S.A. des Chemins de Fer de la Basse- Egypte ;; S.A. des Chemins de Fer de la Basse-Egypte ;; S.A., des Chemins de Fer de la Bass~-Egypte ;; Société Anonyme des Chemins de Fer de la Basse Egypte ;; Société Anonyme des Chemins de Fer de la Basse-Egypte ;; Sté Chemins de Fer,Basse-Egypte"
C00124,Société Anonyme des Ciments d'Egypte,ciments egypte,1932,1,Société Anonyme des Ciments d'Egypte
C00125,Société Anonyme des Immeubles d'Egyptc,immeubles egyptc,1932;1938;1942;1947,4,S. A. des Immeubles d'EgypLe ;; S.A. des Immeubles d'E · gyp te ;; S.A. des Immeubles d'E- gypte ;; SA. des Immeubles d'Egvple ;; Société Anonyme des Immeubles d'Egyptc
C00126,S.A. des Immeubles d'Egypte,s immeubles egypte,1932;1938;1942;1947;1950,5,S.A. des Immeubles d'Egypte ;; S.A. des Immeubles de l'E~t ;; Société Anonyme des Immeubles d'Egypte
C00127,Tramways d'Alexandrie,tramways alexandrie,1932;1938;1942;1947,4,S.A. des Tram- ways d'Alexandrie ;; S.A. des Tram\vavs d'Alexandrie ;; S.A. des Tramways d'Alexandrie ;; Société Anonyme des Tramways d'Alexandrie ;; Société des Tramways d'Alexandrie ;; Tramways d'Alexandrie ;; Tramways d'Alexandrie (Egypte) ;; a S.A. des Tram- ways d'Alexandrie
C00128,S.A. des Tramways du Caire,s tramways caire,1932;1938;1942;1947;1950,5,S.A. des Tramwavs du Caire ;; S.A. des Tramways du Caire ;; S.A. des Tramways du' Caire ;; SA. des Tramways du Caire ;; Société Anonyme des Tramways du CaiJ·e ;; Société Anonyme des Tramways du Caire ;; Société Anonyme des Trann\ ays du Caire ;; Tramways du Caire ;; la S.A. des Tramways du. Caire ;; •la S.A. des Tramways du Caire
C00129,Société Anonyme du Béhéra,behera,1932;1938;1942,3,SA. du Béhéra ;; Société Anonyme du Béhéra
C00130,Société Belge-Egyptienne de l'Ezbékieh,belge egyptienne ezbekieh,1932;1938;1942;1947;1950,5,Société Belge- Egyptienne de l'Ezbékieh ;; Société Belge-Egvplienne de l'Ezhbékienh ;; Société Belge-Egyplienne de l'Ezbékieh ;; Société Belge-Egyptienne de l 'Kzbékieh ;; Société Belge-Egyptienne de l' Ezbékieh ;; Société Belge-Egyptienne de l'Ezb6kieh ;; Société Belge-Egyptienne de l'Ezbékieh ;; Société Belgo-Egvptienne de l'Ezhékieh ;; Société Belgo-Egyplienne de l'Ezbékieh ;; Société Belgo-Egyptienne de l' Ezkébieh ;; Société Belgo-Egyptienne de l'Ezbékieh ;; Sté Belge-Egyptienne de l'Ezbékieh
C00131,Société Cotonnière Maarad,cotonniere maarad,1932;1938;1942;1947;1950,5,"Société Colonnière Maarad ;; Société Colonnière«Maarad» ;; Société Cotonnière "" Maaracl ""· ;; Société Cotonnière ""Maarad ;; Société Cotonnière Maa- rad ;; Société Cotonnière Maarad ;; Société Cotonnière Maarad. · ;; Société Cotonnière « Maarad )) ;; Société Cotonnière «Maarad"" ;; Société Cotonnière «Maarad» ;; Société Cotou- nière «Maarad» ;; Sté. Cotonnière «Maarad)) ;; Sté. Cotonnière «Maarad»"
C00132,Société Delta (Società Edile Egiziana),delta societa edile egiziana,1932;1938,2,Société Delta (Società Edile Egiziana)
C00133,Société Egyptienne d'Egrenage,egrenage,1932;1938;1947;1950,4,S.A.E. d'Egrenage ;; S.E. d'Egrenage ;; Société Egyptienne d'Egrenage ;; Société d'Egrenage ;; Sté. Eg. d'Egrenage
C00134,S.E. d'Irrigation,s e irrigation,1932;1938;1942,3,S.E. d'Irrigation ;; Société Egyptienne d'Irrigation
C00135,Société Egyptienne de Ciment Portland Tourah-Le Caire,ciment portland tourah caire,1932;1942,2,S.E. de Ciment Portland Tourah. Le Caire ;; Société Egyptienne de Ciment Portland Tourah-Le Caire
C00136,Société Egyptienne de Pétrole (S.A.E.),petrole s e,1932,1,Société Egyptienne de Pétrole (S.A.E.)
C00137,Société Egyptienne de Pétrole (S.E. P.),petrole s e p,1932,1,Société Egyptienne de Pétrole (S.E. P.)
C00138,Société Egyptienne des Madina,madina,1932,1,Société Egyptienne des Madina
C00139,Société Egyptienne des Pétroles,petroles,1932;1938;1947,3,Société Egyptienne des Pétroles ;; Société Egyptienne des Pétroles (S.A.E.) ;; Société Egyptienne des Pétroles (S.E. P.) ;; Société Egyptienne. des Pétroles
C00140,Société Financière et Industrielle d'Egypte,financiere industrielle egypte,1932;1938;1942;1947;1950,5,Société Financière & Industrielle ;; Société Financière .& Industrielle ;; Société Financière el Industrielle d'Egypte ;; Société Financière et Industrielle d'Egypte
C00141,Société Foncière d'Egypte,fonciere egypte,1932;1938;1947;1950,4,Société Co·· tonnière d'Egypte ;; Société Foncière ;; Société Foncière d'Egypte ;; Société Foncière du ;; Sté Foncière d'Egypte
C00142,Société Foncière du Domaine de Cheikh Fadl,fonciere domaine cheikh fadl,1932;1938;1942;1947;1950,5,Société Foncière du Domaine de Cheikh Fadl ;; Société Foncière elu Domaine de Cheikh Fuell ;; Sté Foncière Domaine Cheikh Fadl
C00143,Société Franco-Egyptienne d'Importation,franco egyptienne importation,1932;1938;1942;1947;1950,5,"Société F'ranco-Egyptienne d'Importation S.A.E ;; Société Franco-Egvplienne d'Impor- lation ;; Société Franco-Egvplienne d'Importa- tion ;; Société Franco-Egypt1enne d'Importation ;; Société Franco-Egyptienne d 'Tmpol'lution ;; Société Franco-Egyptienne d'Importation ;; Sté. Franco Egyptienne d'Importation, S.A.E ;; Sté. Franco-Egyptienne d'Importation ;; Sté. Franco-Egyptienne d'Importation, S.A.E"
C00144,Société Ghizeh et Rodah,ghizeh rodah,1932,1,Société Ghizeh et Rodah
C00145,Société Générale d'Electricité,generale electricite,1932;1942;1947;1950,4,Société Gé .. nérale d'Electricité ;; Société Général'3 d'Electricité ;; Société Générale d 'Electricité ;; Société Générale d'Electricité ;; Société Générale d’Electricité ;; p.i. de la. Société G~­ néra.le d'Electricité
C00146,Société Générale d'Irrigation,generale irrigation,1932,1,Société Générale d'Irrigation
C00147,Société Générale de Pressage el de Dépôts,generale pressage el depots,1932;1938;1942;1950,4,Société Gé- nérale de Pressage el de Dépôts ;; Société Générale de Pres- sage el de Dépôts ;; Société Générale de Pressage cl de Dépôts ;; Société Générale de Pressage ct de DépOLs ;; Société Générale de Pressage el de Dé- pôts ;; Société Générale de Pressage el de Dépôts ;; Société Générale de Pressage et Dépôts ;; Société Générale des Pressages et Dépôts ;; Sté Générale Pressage et Dépôts ;; Sté. Générale Pressage et Dépôts ;; i on de la Société Générale de Pressage et Dépôts
C00148,Société Générale des Sucreries,generale sucreries,1932;1938;1942;1947;1950,5,Société <Générale des Sucreries ;; Société Générale des Sucreries ;; Société Générale des Suneries ;; Société<Générale des Sucreries
C00149,"Société Immobilière elu Domaine de Siouf. Baron Louis de Benoist d'Erquennes, Agent Supérieur de la Compagnf<> Universelle du Canal Maritime de Suez",immobiliere elu domaine siouf baron louis benoist erquennes agent superieur compagnf universelle canal maritime suez,1932,1,"Société Immobilière elu Domaine de Siouf. Baron Louis de Benoist d'Erquennes, Agent Supérieur de la Compagnf<> Universelle du Canal Maritime de Suez"
C00150,Société Misr pour l'Exportation du Coton (ex-Lindemann),misr exportation coton ex lindemann,1932;1942;1947,3,Société Misr pour 1 Exportation du Colon (ex-Lindemann) ;; Société Misr pour l'Exportation du Coton (ex-Lindemann)
C00151,Société Orientale de Publicité,orientale publicite,1932;1942;1947;1950,4,Société Orienta le de Publicité ;; Société Orientale de Pu- blicilé ;; Société Orientale de Publicité ;; Société Orientale de Publicité (S.A.E.) ;; Sté Orientale de Publicité
C00152,Société Royale de Papyrologie d'Egypte,royale papyrologie egypte,1932;1947;1950,3,Société Royale de Papyrologie d'Egypte
C00153,Société d'Avances Commerciales,avances commerciales,1932;1938;1942;1947;1950,5,Soc. d'Avances Commerciales ;; Société d'Avances Commerciales
C00154,Société d'Economie Politique,economie politique,1932;1938;1947,3,Economie Politique ;; Société d'Economie Politique
C00155,Société des Automobiles,automobiles,1932,1,Société des Automobiles
C00156,Société des Automobiles et Omnibus du Caire,automobiles omnibus caire,1932,1,Société des Automobiles et Omnibus du Caire
C00157,Société des Biens de Rapport d'Egypte,biens rapport egypte,1932;1942;1947;1950,4,"Société des Biens de Rapport d'Egypte ;; Société des Biens de Rapport d'Egypte, S.A.E ;; Sté. - Biens de Rapport d'Egypte ;; Sté. Biens de Rapport d'Egypte ;; Sté. des Biens de Rapport d'Egypte ;; p. i. de la Société des Biens de Rapport d'Egypte"
C00158,Société Anonyme des Halles Centrales d'Egypte,halles centrales egypte,1932;1942,2,S.A. des Halles Centrales d'Egypte ;; Société Anonyme des Halles Centrales d'Egypte ;; Société des Halles Centrales
C00159,So- ciété Foncière du Domaine de Cheikh Fadl,so ciete fonciere domaine cheikh fadl,1932;1942,2,So- ciété Foncière du Domaine de Cheikh Fadl ;; SociétéFoncière du Domaine de Cheikh Fadl
C00160,Syndicat des Obligataires de la Société Générale des Sucreries,syndicat obligataires generale sucreries,1932;1947;1950,3,Syndicat des Obligataires de la Société Générale des Sucreries ;; Syndicat des Obligataires dé la Société Générale des Sucreries
C00161,Technique de la Société Générale d'Irrigation,technique generale irrigation,1932,1,Technique de la Société Générale d'Irrigation
C00162,The Alexandria Central Buildings,alexandria central buildings,1932;1938;1942;1947;1950,5,Alexandria Central Buildings ;; Alexandria Central Buildings Co ;; The Alexand1·ia Ccnlnll l3uildiugs ;; The Alexandria Central Buildings ;; The Alexandria Central Buildings Co
C00163,The Anglo-Egyptian Land Allotment Company etde la Fayoum Light Railways,anglo egyptian land allotment company etde fayoum light railways,1932,1,The Anglo-Egyptian Land Allotment Company etde la Fayoum Light Railways
C00164,The Cairo Electric Railways and Heliopolis Oases Co,cairo electric railways heliopolis oases co,1932;1938;1942;1947;1950,5,"Cairo Electric Railways & IIeliopolis Oases Co ;; The Ca11'll Electric Railways & Hellopolis Oases Co., S.A ;; The Caire Electric Railways & Heliopolis Oases Co., S.A ;; The Cairo Electl'ic Railways & Heliopolis Oases Co ;; The Cairo Electric Raihvays & Heliopolis Oases Co., S.A.E ;; The Cairo Electric Rail ways & Helio polis Oases Cy ;; The Cairo Electric Rail ways & Heliopolis Oases Co ;; The Cairo Electric Rail- ways and Heliopolis Oases Co ;; The Cairo Electric Railw ays & Heliopolis Oases Co ;; The Cairo Electric Railw ays and Helio polis Oases Co ;; The Cairo Electric Railw ays and Heliopolis Oases Co ;; The Cairo Electric Railwavs & Heliopolis Oases Co., S.A ;; The Cairo Electric Railways & Heliopolis Oa- ses Co ;; The Cairo Electric Railways & Heliopolis Oascs Co ;; The Cairo Electric Railways & Heliopolis Oases Co ;; The Cairo Electric Railways & Ileliopolis Oases Cy ;; The Cairo Electric Railways and Heliopolis Oases Co ;; The Cairo Electric Railways and Heliopolis Oases Co., S.A ;; The Cairo Electric Railways& Heliopolis Oases Co ;; The Cairo Electric Railways& Heliopolis Oases Co., S.A.E ;; The Cairo Electric Railways.& Heliopolis Oases Co ;; The Cairo Electric Rallways & Heliopolis Oases Cy ;; The Cairo Electric Raïilways & He- liopolis Oases C0., S.A ;; The Cairo Electric RaïlWays & Heliopolis Oases Co., S.A ;; The Cairo Electric Raïlways& Heliopolis OUases Co ;; ln Cniro Elcclric !\ailways & Heliopolis Oaser"
C00165,The Cairo Elec- trie Railwavs & Heliopolis Oases Co. el de The African En- terprises & Development Co,cairo elec trie railwavs heliopolis oases co el african terprises development co,1932;1942;1947,3,"The Cairo Elec- trie Railwavs & Heliopolis Oases Co. el de The African En- terprises & Development Co ;; The Cairo Electric Railways & Helio polis Oases Cy.~ de l'African Enterprise et Development Cy ;; The Cairo Electric Railways ,& Heliopolis Oases Co. et The African Enterprise .& Development Cy"
C00166,The Cairo Suburban,cairo suburban,1932;1942,2,The Cairo Suburban
C00167,Com- mercial & Estates Co. of Egypt,com mercial estates co egypt,1932;1942;1950,3,Com- mercial & Estates Co. of Egypt ;; Commercial & Estates Co. of Egypt ;; Commercial and Estates Co. of Egypt ;; The Commercial & Estales Co ;; The Commercial & Estates Co
C00168,The Commercial Bank of Egypt et Société Egyptienne d'Entreprises Urbaines et Rurales,commercial bank egypt entreprises urbaines rurales,1932,1,The Commercial Bank of Egypt et Société Egyptienne d'Entreprises Urbaines et Rurales
C00169,The Delta Land & Investment Cy,delta land investment cy,1932;1950,2,Eg. Delta Land & Investment Co ;; The Delta Land & Investment Cy
C00170,The Eastern Automobiles Supplies & Transport Co,eastern automobiles supplies transport co,1932;1950,2,Eastern Automobile Supplies & Transport Co ;; The Eastern Automobiles Supplies & Transport Co
C00171,Egyptian Bonded Warehouses Co. Ltd,egyptian bonded warehouses co,1932;1938;1942;1947;1950,5,"Egvptian Bonded Wa- rehouses Co. Ltd ;; Egyptian Bonded Warehouses Co ;; Egyptian Bonded Warehouses Co. Ltd ;; Egyptian Bonded Warehouses Co., Ltd ;; Egyptian Bonded \""tare·· houses Co. Ltd ;; Egyptian Bonded vVarehouses Co ;; The Egypban Bonded 'iVarehouses Cy. Ltd ;; The Egyptian Bonclecl \Varehouses ;; The Egyptian Bonded Warehouses ;; The Egyptian Bonded Warehouses Co ;; The Egyptian Bonded Warehouses Cy ;; The Egyptian' Bonded Warehouses"
C00172,The Egypt and Sudan Export Co,egypt sudan export co,1932,1,The Egypt and Sudan Export Co
C00173,The Egyptian Boncled Warehouses Cy Ltcl,egyptian boncled warehouses cy ltcl,1932;1942,2,Egyptian Bon- ded Warehouses Co. Lid ;; The Egyptian Boncled Warehouses Cy Ltcl
C00174,The Egyptian Cotton Cy,egyptian cotton cy,1932;1938;1942;1947,4,The Egyptian Colton Co ;; The Egyptian Cotton ;; The Egyptian Cotton Cy
C00175,The Egyptian Enterprise & Development Co,egyptian enterprise development co,1932;1938;1942;1947;1950,5,Egyp- lion Enterprise & Development Co ;; Egyplian Enteq)]'ise & De1·elopmenl Co ;; Egyplian Enterprise & Development Co ;; Egyptian Enterprise & Development Co ;; Egyptian Enterprise .& Development Co ;; Egyptian Enterprise and Development Cy ;; FEgyptian En- lerprise & Development ;; The Egvplian Enterprise & Develop- ment Co ;; The Egvptian Enterprise & Development Co ;; The Egyplian Enterpl'ise & Developmcnt Co ;; The Egyptian Enterprise & Development Co ;; The Egyptian Enterprise & Development Cy ;; The Egyptian Enterprise .& Development Co ;; The Egyptian Enterprise and Development Co ;; l 'Egyptian Enterprise & Development
C00176,Egyptian Hotels,egyptian hotels,1932;1938;1947;1950,4,Egyptian Hotels ;; Egyptian Hotels Ltd ;; The Egyptian Hotels ;; The Egyptian Hotels Ltd ;; The Egyptian Hotels Ud ;; The Egyptian IIoLels Ud ;; The Egyptian Ilotcls
C00177,The Egyptian Produce Trading Cy. S. A. E,egyptian produce trading cy s e,1932;1938;1942,3,"Egvptian Produce Trading Co ;; Egyptian Produce Trading Cy ;; The Egyptian Produce Trading Cy ;; The Egyptian Produce Trading Cy. S. A. E ;; The Egyptian Produce Trading Cy., S.A.E"
C00178,The Electric Light & Power Supply Cy,electric light power supply cy,1932;1942;1947;1950,4,"Electric Lighl & Power Supply Co ;; Electric Light & Power Supply ;; Electric Light & Power Supply Co ;; Electrie Light & Power Supply Co ;; The Elec- tric Light & Power Supply Co ;; The Electric Light & Power Supply ;; The Electric Light & Power Supply Co ;; The Electric Light & Power Supply Cy ;; The Electric Light& Power Supply Co., S.A.E ;; The Electric Light-& Power Supply Co., S.A.E"
C00179,The Ge- neral Accident Fire and Life Assurance Corporalion LH,ge neral accident fire life assurance corporalion lh,1932;1942;1950,3,The Ge- neral Accident Fire and Life Assurance Corporalion LH ;; The General Accident Fire & Life Assurance Corporation Ltd ;; The General Accident Fire and Life Assurance Corporation Ltd
C00180,The Kafr El Z,kafr el z,1932,1,The Kafr El Z
C00181,The Manure Co. of Egypt,manure co egypt,1932;1938;1950,3,Manure Co. of Egypt ;; The Man ure Cy ;; The Manure Co. of Egypt
C00182,The Union Cotton Company of Alexandria,union cotton company alexandria,1932;1942;1947;1950,4,The Union Cotton Co of Alexandria ;; The Union Cotton Company of Alexandria ;; The Union Cotton Cy of Alexandria ;; The Union Cotton Cy. of Alexandria ;; Union Cotton Co. of Alexandri
C00183,The Union Cotton Cy,union cotton cy,1932,1,The Union Cotton Cy
C00184,The United Egyptian Nile Transport Co,united egyptian nile transport co,1932;1938;1942;1947;1950,5,Dél. United Egyptian Nile Transport Company ;; The UniLed Egyptian r-\ile Tra nsporl Co ;; The United Egyplian Nile Transport Co ;; The United Egyptian Nile Transport Co ;; The nited Egyptian Nile Transport Co ;; United Egyptian Nilc Transport Co ;; United Egyptian Nile Transport ;; United Egyptian Nile Transport Co ;; United Egyptian Nile Transport Cy
C00185,The Upper Egypt Hotels,upper egypt hotels,1932;1938;1947;1950,4,"The Uppe1· Egypt Hotels Co ;; The Upper Egypt Hotcls Cy ;; The Upper Egypt Hotels ;; The Upper Egypt Hotels Co ;; The Upper Egypt Hotels Co. Ltd ;; The Upper Egypt Hotels Co., S.A ;; Upper Egypt Hotels ;; Upper Egypt Hotels Co ;; Upper Egypt Ratels"
C00186,"Tilbury Contracting & Dredging Co (Egypt), Ltd",tilbury contracting dredging co egypt,1932,1,"Tilbury Contracting & Dredging Co (Egypt), Ltd"
C00187,Tramways d'Alexandrie et Présiclen t de la Société Franco-Egyptienne d'Importation 1(S. A. E.),tramways alexandrie presiclen t franco egyptienne importation 1 s e,1932,1,Tramways d'Alexandrie et Présiclen t de la Société Franco-Egyptienne d'Importation 1(S. A. E.)
C00188,Tramways d'Alexandrie. Aghion Max,tramways alexandrie aghion max,1932,1,Tramways d'Alexandrie. Aghion Max
C00189,"Tramways du Caire, ainsi que de nombreuses autres Sociétés Belges et Etrangères",tramways caire ainsi que nombreuses autres societes belges etrangeres,1932,1,"Tramways du Caire, ainsi que de nombreuses autres Sociétés Belges et Etrangères"
C00190,Union Foncière d'Egypte,union fonciere egypte,1932;1938;1942;1947;1950,5,Union Foncièra d'Egypte ;; Union Foncière d'Egypte ;; Union foncière d'Egypte ;; de. l'Unfon Foncière cl 'Egypte ;; l.Jnion Fonci(•rc cl'Egypte ;; nion Foncière d'Egypte
C00191,Union des Agriculteurs d'Egypte,union agriculteurs egypte,1932;1938;1942;1947;1950,5,Union des Agriculleurs d'Egypte ;; Union des Agriculteurs ;; Union des Agriculteurs d'Egypte
C00192,United Egyptian Salt,united egyptian salt,1932;1942;1947;1950,4,"The United Egyplian Salt ;; The United Egyptian Salt Ltd ;; United Egyptian Salt ;; United Egyptian Salt Ltd ;; United Egyptian Salt, Ltd ;; Uniteil Egyplian Sall ;; UnittJcl Egyptian Salt"
C00193,"Usines 1\élinies d'Egrenage ct cl'IIuilcrics, S.A.E",usines 1 elinies egrenage ct cl iiuilcrics s e,1932;1938,2,"Usines 1\élinies d'Egrenage ct cl'IIuilcrics, S.A.E ;; Usines Héunies d'Egrenage ct d'Huileries ;; Usines Réunies d'Egrenage etrl'Huileries"
C00194,\dmin.istration de l'Anglo-Egyptian Land Allotment Co,dmin istration anglo egyptian land allotment co,1932,1,\dmin.istration de l'Anglo-Egyptian Land Allotment Co
C00195,en Droit,droit,1932;1938,2,en Droit
C00196,The Sinaï Mining Co. Ltd,sinai mining co,1932;1942;1947;1950,4,Sté Sinaï Mining Co ;; The Sinai Mining Co Lid ;; The Sinai Mining Co. LI ;; The Sinai Mining Co. Lid ;; The Sinai Mining Co. Ltd ;; The Sinaï Mining Co. Ltd ;; en Egypte de The Sinaï Mining Cy ;; en Egypte de la Sinai Mining Co. Ltd ;; en Egypte de la Sinaï Mining Co. Ltd
C00197,en Egypte des Agences du CrédH Lyonnais,egypte agences credh lyonnais,1932,1,en Egypte des Agences du CrédH Lyonnais
C00198,intérêtséconomiques exotiques de la ville d'Alexandrie,interetseconomiques exotiques ville alexandrie,1932,1,intérêtséconomiques exotiques de la ville d'Alexandrie
C00199,la« Ganz S. A. E,ganz s e,1932,1,la« Ganz S. A. E
C00200,Banque d'Athènes,banque athenes,1932;1938;1942;1947;1950,5,"B&nque d'Athènes ;; Ban- que d'Athènes ;; Banque d' AthènHs ;; Banque d' Athènes, S.A ;; Banque d'Athènes ;; Banque d'Athènes S.A ;; Banque d'Athènes en ;; Banque d'Athènes en Egypte ;; Banque d'Athènes, S.A ;; Banque d’Athè- nes ;; Banquecl' Athènes ;; Ja Banque d’Athè- nes ;; pour l'Egypte de la Banque d'Athènes"
C00201,suivantes Sociétés,suivantes societes,1932,1,suivantes Sociétés
C00202,"- lion de la Banque Misr, S.A.E",lion banque misr s e,1932;1938;1942,3,"- lion de la Banque Misr, S.A.E ;; lion de~ la Danque Misr ;; tian de la Banque )1isr"
C00203,~u Comptoir des Ciments,u comptoir ciments,1932;1938;1942;1947,4,Comploir des Ciments ;; Comptoir d<'s Ciments ;; Comptoir des Ciments ;; ~u Comptoir des Ciments
C00204,"«La Nationale l>, Compagnie Aunonyme d'Assurances sur la Vie à Paris",nationale aunonyme assurances sur vie paris,1932,1,"«La Nationale l>, Compagnie Aunonyme d'Assurances sur la Vie à Paris"
C00205,üsociation dll Commerce d'lm.portation,usociation dll commerce lm portation,1932,1,üsociation dll Commerce d'lm.portation
C00206,!Jl du Comite de Sunrcillancc de The Egyptian Della Hicc Mills Co,jl comite sunrcillancc egyptian della hicc mills co,1938;1942,2,!Jl du Comite de Sunrcillancc de The Egyptian Della Hicc Mills Co ;; Comite de Surveillance de The Egvplian Della Rice Mills Co ;; Surveillance de The Egyptian Delta Rice Mills Co
C00207,""" Asatra », S. A. E",asatra s e,1938,1,""" Asatra », S. A. E"
C00208,""" Nationale n, Société Anonymecl'Assun",nationale n anonymecl assun,1938,1,""" Nationale n, Société Anonymecl'Assun"
C00209,"""é de la Marconi Radio Telegraph Co. of Egypt, S.A.E",e marconi radio telegraph co egypt s e,1938;1947;1950,3,"""é de la Marconi Radio Telegraph Co. of Egypt, S.A.E ;; Marconi Radio Telegraph Co ;; Marconi Radio Telegraph Co. of Egypt ;; Marconi Radio Telegraph Co. of Egypt, S.A.E ;; Marconi Radio Telegraph Co. of Egypt. · ;; Marconi Radio Telegraph Cy ;; Marconi Radio Telegraph Cy. of Egypt, S.A ;; The Marconi Hadio Telegraph Co. of Egypt, S. A ;; The Marconi Radio Tele- graph Co. of Egypt ;; The Marconi Radio'f elegraph Co. of Egypt"
C00210,& Engineering Co,engineering co,1938;1942;1947;1950,4,"& Engineer- ing Cy ;; & Engineering ;; & Engineering Co ;; & Engineering Co. S.A.E ;; & Engineering Co. of ;; & Engineering Co. of Egypt ;; & Engineering Co., S.A.E ;; & Engineering Company, S.A.E ;; & Engineering Cy ;; & Engineering Cy of Egypt ;; & Engineering Cy., S.A.E ;; The Engineering Co. of ;; The Engineering Co. of Egypt ;; The Engineering Co. of Egypt, S. A. E ;; and Engineering Co ;; and Engineering Co. S.A.E ;; and Engineering Co., S.A.E ;; ·& Engineering Co"
C00211,"'' Bcsso"" S.A. pe1· l'Esporlazionc(Milnno)",bcsso s pe1 esporlazionc milnno,1938,1,"'' Bcsso"" S.A. pe1· l'Esporlazionc(Milnno)"
C00212,'aLion de la Société r\nonyme des Bières Bomonti & Pymmiclcs,alion r nonyme bieres bomonti pymmiclcs,1938,1,'aLion de la Société r\nonyme des Bières Bomonti & Pymmiclcs
C00213,Near East,near east,1938;1950,2,'la· Near East ;; Near East
C00214,-1Jéiégu6 clc la Société Française des Comlmsliblcs Liquides,1jeiegu6 clc francaise comlmsliblcs liquides,1938,1,-1Jéiégu6 clc la Société Française des Comlmsliblcs Liquides
C00215,-Dircc,dircc,1938,1,-Dircc
C00216,-Dit·ecteur de la S.A. des Anc,dit ecteur s anc,1938,1,-Dit·ecteur de la S.A. des Anc
C00217,-Dél6gué de,del6gue,1938,1,-Dél6gué de
C00218,"-Dél6gué de la Nile Oil Co., S.A.E",del6gue nile oil co s e,1938,1,"-Dél6gué de la Nile Oil Co., S.A.E"
C00219,-Généml des Postes Egyptiennes,geneml postes egyptiennes,1938,1,-Généml des Postes Egyptiennes
C00220,-Propriélaire du Journal «Al-Ah- ram»,proprielaire journal al ah ram,1938;1942,2,-Propriélaire du Journal «Al-Ah- ram» ;; -Propriétaire du Journal «Al-Abram»
C00221,Abuza & Co,abuza co,1938,1,Abuza & Co
C00222,Aclminislrulion cie l'Egyplinn General Omnibus,aclminislrulion cie egyplinn general omnibus,1938,1,Aclminislrulion cie l'Egyplinn General Omnibus
C00223,Aclnünislration de la Société Egyptiennecl 'Entreprises U t·baincs cL Rurales,aclnunislration egyptiennecl entreprises u t baincs cl rurales,1938,1,Aclnünislration de la Société Egyptiennecl 'Entreprises U t·baincs cL Rurales
C00224,"Admli1istration du Banco Italo-Egiziano. ""Vallacc, Duu('an, 13u·rrister at Lem•",admli1istration banco italo egiziano vallacc duu an 13u rrister at lem,1938,1,"Admli1istration du Banco Italo-Egiziano. ""Vallacc, Duu('an, 13u·rrister at Lem•"
C00225,Adn1inisLraiion de The Cairo Elcclric Hailways & Heliopolis Oascs Co. cL de la S.A. des Eaux du Caire,adn1inislraiion cairo elcclric hailways heliopolis oascs co cl s eaux caire,1938,1,Adn1inisLraiion de The Cairo Elcclric Hailways & Heliopolis Oascs Co. cL de la S.A. des Eaux du Caire
C00226,The African Enterprise & Development Co,african enterprise development co,1938;1950,2,African Enterprise & Development Co ;; African Enterprise& Development Co ;; The African Enterprise & Development Co ;; The African Enterprise & Development Cy
C00227,Agence du Crédit Lyonnais à Alexandrie,agence credit lyonnais alexandrie,1938,1,Agence du Crédit Lyonnais à Alexandrie
C00228,Alexandria Navigation Co. ct Commissairrfln Gouvernement Egyptien à l'Exposition Internationale 1937 de Paris,alexandria navigation co ct commissairrfln gouvernement egyptien exposition internationale 1937 paris,1938,1,Alexandria Navigation Co. ct Commissairrfln Gouvernement Egyptien à l'Exposition Internationale 1937 de Paris
C00229,Alexandria Transport Co,alexandria transport co,1938;1942;1947;1950,4,"Alexandria Transport Co ;; Alexandria Transport Co., S.A.E ;; PAlexandria Transport Co ;; The Alcxandria Transport Cy., S.A.E ;; The Alexandria Transport Co"
C00230,"Alexandrin. Na\'igntion Co., S.i\..E. el de l'Alexunclria Navigation Co. (l.onrlon) Lld",alexandrin na igntion co s i e el alexunclria navigation co onrlon lld,1938,1,"Alexandrin. Na\'igntion Co., S.i\..E. el de l'Alexunclria Navigation Co. (l.onrlon) Lld"
C00231,Ang\o-Belgia..n Co. of Egypt Ltd,ang o belgia n co egypt,1938,1,Ang\o-Belgia..n Co. of Egypt Ltd
C00232,Anglo-Egyptian Oilfields,anglo egyptian oilfields,1938;1942;1947;1950,4,(he Anglo- Egvplian Oilfields ;; Ang'lo-Egyptian Oilfields ;; Anglo Egyp.tian Oilfields ;; Anglo Egyptian Oilfields ;; Anglo-Egyplian Oil- fields ;; Anglo-Egyplian Oilfields ;; Anglo-Egyptian OH- fields ;; Anglo-Egyptian Oilfields ;; Anglo-Egyptio.n Oilfields ;; FAnglo-Egvplian Oilfields ;; The Anglo-Egyptian OH- fields ;; cte 'T'he Anglo-Egyptian Oilfields ;; lAn- glo-Egvptian Oilfields ;; lAnglo-Egyplian Oil- fields
C00233,Anglo-Egyptian Motor,anglo egyptian motor,1938;1942,2,Anglo Egyplian Molor ;; Anglo-Egyptian Motor
C00234,Assicurazioni Generali (Trieste),assicurazioni generali trieste,1938,1,Assicurazioni Generali (Trieste)
C00235,Banca Commerciale Italiana per l'Egitto,banca commerciale italiana per egitto,1938;1942;1947,3,Banca Commerciale Italiana per l'Egitto ;; Banca Commerciale faliana per lEgitto
C00236,Banco Ilalo-Egiziano ct de la Société des Cign.rettes Nestor Gianaclis,banco ilalo egiziano ct cign rettes nestor gianaclis,1938,1,Banco Ilalo-Egiziano ct de la Société des Cign.rettes Nestor Gianaclis
C00237,Bancollulu-Egiziuno,bancollulu egiziuno,1938,1,Bancollulu-Egiziuno
C00238,"Banque de Cré- dit Hypothécaire Agricole d'Egypte, S.A.E",banque cre dit hypothecaire agricole egypte s e,1938;1942;1947;1950,4,"Banque Hypothécaire Agricole d'Egypte ;; Banque IIypotllécaire Agricolecl'Egypte ;; Banque de Cré- dit Hypothécaire Agricole d'Egypte, S.A.E ;; Banque de Crédit Hypothécaire Agricole d'Egypte, S.A.E ;; Banque du Crédit Hypothécaire Agricole d'Egypte, S.A.E ;; Banque du Crédit Hypothécaire Agricole d'Egypte, c"
C00239,Banque Mi sr (Syrie-L.il.Jan),banque mi sr syrie il jan,1938;1942;1947;1950,4,Banque Mi sr (Syrie-L.il.Jan) ;; Banque Misr (S\- rie-Liban) ;; Banque Misr (Syrie-Liban) ;; Banque Misr Svrie-Liban ;; Banque Misr Syrie Liban ;; Banque Misr Syrie-Li- ban ;; Banque Misr Syrie-Liban ;; Banque Xlisr Svrie-Liban
C00240,Banque de Commerce,banque commerce,1938;1942,2,Banque de Commerce
C00241,Banque de Commerce N. Tepeghiosi & Co,banque commerce n tepeghiosi co,1938;1942;1947;1950,4,"Ban- que de Commerce NX, Tepeghiosi & Co ;; Banque de Commerce N. Tcpeglliosi& Co ;; Banque de Commerce N. Tepeghio.si& Co ;; Banque de Commerce N. Tepeghiosi & Co ;; Banque de Commerce N. Tepeghiosi & Co. w ;; Banque de Commerce N. Tepeghiosi .& Co ;; Banque de Commerce N. Te· pèghiosi .& Co ;; Banque de Commerce X. Tepeghiosi & Co ;; flanque de Commerce N. Tcpcghiosi & Co"
C00242,Banque de l'Union Parisienne,banque union parisienne,1938;1942,2,Banque de l'Union Pa- risienne ;; Banque de l'Union Parisienne ;; Danque de l'Union Parisienne
C00243,Banque· de Paris el des P'ays-Bas,banque paris el p ays bas,1938,1,Banque· de Paris el des P'ays-Bas
C00244,Besso Società Anonima per l'Esportazionc à,besso societa anonima per esportazionc,1938,1,Besso Società Anonima per l'Esportazionc à
C00245,Bourse des Valeurs d'Alexandrie,bourse valeurs alexandrie,1938;1942;1947,3,Bourse des Va- leurs d'Alexandrie ;; Bourse des Valeurs d'Alexandrie
C00246,British Oil & Cake Mills Ltd,british oil cake mills,1938;1947;1950,3,British Oil & Cake Mills Ltd
C00247,Cairo Land & Financial Co,cairo land financial co,1938;1942;1947;1950,4,"Cai- ro Land & Financial Co ;; Cairo Land & Finan- cial Co., S.A.E ;; Cairo Land & Financial Co ;; Cairo Land & Financial Co., S.A.E ;; Cairo Land & Financial Cy ;; Cairo Land and Financial Co. S.A.E ;; Cairo Land& Financial Co"
C00248,Caisse Hypothécaire d'Egypte,caisse hypothecaire egypte,1938;1942;1947;1950,4,Caisse Hypo- thécaire d'Egypte ;; Caisse Hypothécaire d'Egypte ;; Caisse Hypothé· caire d'Egypte ;; Caisse J lypoL11écaire d'Egypte ;; Càisse Hypothécaire d 'Egypte
C00249,Carrier-Egypt,carrier egypt,1938;1942;1950,3,Carricr ;; Carrier Egypt ;; Carrier-Egypt
C00250,"Carrier-Egypt, S.A.E",carrier egypt s e,1938;1950,2,"Carrier-Egypt, S.A.E"
C00251,Cercle Belge,cercle belge,1938,1,Cercle Belge
C00252,Cercle Royal d'Escrime et autres cercles sporl'ifs,cercle royal escrime autres cercles sporl ifs,1938;1942,2,Cercle Royal d'Escrime et aulres cercles sportifs ;; Cercle Royal d'Escrime et autres cercles sporl'ifs
C00253,Challlllre de Comme1·L·e Hellénique,challlllre comme1 e hellenique,1938,1,Challlllre de Comme1·L·e Hellénique
C00254,"Charliieh, S.A.E",charliieh s e,1938,1,"Charliieh, S.A.E"
C00255,Chemins de. Fer 1\,chemins fer 1,1938,1,Chemins de Fer du ;; Chemins de. Fer 1\
C00256,Compagnie Frigorifique d'E· gypte,frigorifique e gypte,1938;1947,2,Cie. Frigorifique cl'Egyple ;; Compagnie Frigorifique cl'Egyptc ;; Compagnie Frigorifique d'E· gypte
C00257,Co of Egypt,co egypt,1938,1,Co of Egypt
C00258,Co- milé de Paris de la Banque d'Athènes),co mile paris banque athenes,1938;1942,2,Co- milé de Paris de la Banque d'Athènes) ;; Comite de Parisùe la Banque d'Athènes)
C00259,Commerce Egyptienne d'Alexandrie,commerce egyptienne alexandrie,1938;1942;1947;1950,4,Com- merce Egvplienne d'Alexandrie ;; Commer- ce Egyptienne d'Alerandrie ;; Commerce Egyptienne d'Alexandrie
C00260,Commerce Hellénique,commerce hellenique,1938;1947,2,Commerce Hellénique ;; de' Commerce Hellénique
C00261,Commercial Bank of the Near East,commercial bank near east,1938;1942;1947;1950,4,Commercial Bank of The Near East ;; Commercial Bank of the N ear East ;; Commercial Bank of the Ncar East ;; Commercial Bank of the Near East
C00262,Commercial Bank of the T\'eat' East,commercial bank t eat east,1938,1,Commercial Bank of the T\'eat' East
C00263,Communauté Hellénique du Caire,communaute hellenique caire,1938;1942,2,Communauté Hellénique du Caire
C00264,Compagnie C<'nérnlc Egypiiennc des PéLmlrs (Cogcp),c nernlc egypiiennc pelmlrs cogcp,1938,1,Compagnie C<'nérnlc Egypiiennc des PéLmlrs (Cogcp)
C00265,Compagnie Généi'Ulc Jtgypliennc de~· Pé·Lrolcs Co~ cp. S.A.E,genei ulc jtgypliennc pe lrolcs co cp s e,1938,1,Compagnie Généi'Ulc Jtgypliennc de~· Pé·Lrolcs Co~ cp. S.A.E
C00266,"Cie. d'Eclairage par le Gaz, Lebon& Co",cie eclairage par gaz lebon co,1938;1942;1947;1950,4,"Cie. d'Eclairage par le Gaz, Lebon et Cie ;; Cie. d'Eclairage par le Gaz, Lebon& Co ;; Compagnie d'Eclairage par le Gaz, Lebon& Cie"
C00267,Compagnie du Canal de suez,canal suez,1938;1950,2,Cie du Canal de Suez ;; Compagnie du Canal de suez
C00268,ComptoiJ' pour la Vente des Filés Egyptiens,comptoij vente files egyptiens,1938;1942;1947,3,Compoir pour la Vente des Filés E- gvptiens ;; ComptoiJ' pour la Vente des Filés Egyptiens ;; Comptoir pour la Vente des Filfls Egyptiens ;; Comptoir pour la Vente des Filés Egyptiens
C00269,Con cil d'Administration de ln Banque Dclgc eL Inlernalionale en Egyplc,con cil administration ln banque dclgc el inlernalionale egyplc,1938,1,Con cil d'Administration de ln Banque Dclgc eL Inlernalionale en Egyplc
C00270,Conseil d'Administration de la Banque d'Athènes,conseil administration banque athenes,1938,1,Conseil d'Administration de la Banque d'Athènes
C00271,"Consu/lalil du. Ministr'rc cie l',lgrictilturc",consu lalil ministr rc cie lgrictilturc,1938,1,"Consu/lalil du. Ministr'rc cie l',lgrictilturc"
C00272,Contentieux cle l'Etat,contentieux cle etat,1938,1,Contentieux cle l'Etat
C00273,Crédit,credit,1938;1942;1947;1950,4,Crédit ;; Sté. de Crédit
C00274,Crédit Agricole cL du CrédiL llypoLhécaim Egyptien,credit agricole cl credil llypolhecaim egyptien,1938,1,Crédit Agricole cL du CrédiL llypoLhécaim Egyptien
C00275,Crédit Hypothécaire Agricole d'Egypte,credit hypothecaire agricole egypte,1938;1942;1947;1950,4,Crédit Hypothécaire Agricole d'Egypte
C00276,Crédit Lyonnais,credit lyonnais,1938;1942;1947,3,'iu Crédit Lyonnais ;; Crédit Lyonnais
C00277,Cuisse IIypoll1écuirc d'Egyplc,cuisse iiypoll1ecuirc egyplc,1938,1,Cuisse IIypoll1écuirc d'Egyplc
C00278,"Cy. of Egypt, S.A.E",cy egypt s e,1938,1,"Cy. of Egypt, S.A.E"
C00279,Daira feu Emine Yehia Pacha,daira feu emine yehia pacha,1938,1,Daira feu Emine Yehia Pacha
C00280,Dépôts,depots,1938;1942;1947;1950,4,Dépôts
C00281,Dépôts ct de la Société Cotonnière « Maarad »,depots ct cotonniere maarad,1938,1,Dépôts ct de la Société Cotonnière « Maarad »
C00282,"Eastern Co., S.A.E",eastern co s e,1938;1942;1947;1950,4,"Eastern Co, S.A.E ;; Eastern Co. S.A.E ;; Eastern Co., S.A.E"
C00283,Ecole Française cle Droit elu Ca.ire,ecole francaise cle droit elu ca ire,1938,1,Ecole Française cle Droit elu Ca.ire
C00284,Edrci & Co. Ltcl,edrci co ltcl,1938,1,Edrci & Co. Ltcl
C00285,EgypLian Public \\'orks Co,egyplian public orks co,1938,1,EgypLian Public \\'orks Co
C00286,Egyplian Land & Investmenl Cy,egyplian land investmenl cy,1938,1,Egyplian Land & Investmenl Cy
C00287,Egyplian i\lolor Tn,egyplian i lolor tn,1938,1,Egyplian i\lolor Tn
C00288,"Egyptian Cotton Ginners & Exporters, S.A",egyptian cotton ginners exporters s,1938;1950,2,"Dél. Eg. Cotton Ginners & Exporters ;; Egyptian Cotton Ginners & Exporters ;; Egyptian Cotton Ginners & Exporters, S.A ;; Egyptian Cotton Ginners and Exporters ;; Egyptian Cotton Ginners& Exporters"
C00289,Egyptian Finance Co,egyptian finance co,1938;1942;1947;1950,4,"Egvplian Finance Co ;; Egyplian Finance Co ;; Egyptian Finance Co ;; Egyptian Finance Cy ;; Egyptian Finanr,e Cy ;; FEgvplian Finance Co ;; The Egvplian Finance Co ;; The Egyp- lan Finance Co ;; The Egyp- tian Finance Cy ;; The Egyplian Finance Cy ;; The Egyptian Finance Co ;; The Egyptian Financ•· Co"
C00290,The Egyptian General Omnibus Co,egyptian general omnibus co,1938;1942;1947;1950,4,"Egyptian Gene1·al Omnibus Co ;; Egyptian General Omnibus ;; Egyptian General Omnibus Co ;; Egyptian General Omnibus Cy ;; FEgvplian General Omnibus ;; PE- gyplian General Omnibus ;; Société ""The Egyptiai1 General Omnibus Co. n ;; Société «The Egyptian General Omnibus Co.» ;; The Egvplian General Omnibus Co., S.A.E ;; The Egyplian General Omnibus C0 ;; The Egyplian General Omnibus Co ;; The Egyptian General Omnibus Co ;; The Egyptian General Omnibus Co. S.A.E ;; The Egyptian General Omnibus Co., S.A.E ;; The Egyptian General Omnibus Co., · S.A.E ;; lEgvplian General Omnibus Co ;; lEgyplian General Omnibus Co ;; lu Société The Egyptian General Omnibus Co"
C00291,"The Egyptian Independent Oil Co., S.A.E",egyptian independent oil co s e,1938;1942;1947;1950,4,"Egyptian Independent Oil Co ;; Egyptian Independent Oil Co. S. A. E ;; Egyptian Independent Oil Cy ;; FEgvplian Independent Oil Co ;; The .E gyptian Independent Oil Co. S.A.E ;; The Egvplian Indepen- dent Oil Co., S.A.E ;; The Egvplian Independent Oil Co., S.A.E ;; The Egvptian Inde- pendent Oil Co., S.A.E ;; The Egyp- lian Independent Oil Co., S.A.E ;; The Egyplian Indepen- dent Oil Co., S.A.E ;; The Egyplian Independent Oil Co. S.A.E ;; The Egyplian Independent Oil Co., S.A.E ;; The Egyptian Independ8nt Oil Co., S.A.E ;; The Egyptian Independant Oil Co. S.A.E ;; The Egyptian Independent Oil Co. S.A.E ;; The Egyptian Independent Oil Co., S.A.E ;; The Egyptian Independent Oïl Co. S.A.E ;; The Egyptian lnd~­ pendent Oil Co., S.A.E"
C00292,"Egyptian PublicvVorks, S.A.E",egyptian publicvvorks s e,1938,1,"Egyptian PublicvVorks, S.A.E"
C00293,"The Egyptian Works & Construction Co., S.A.E",egyptian works construction co s e,1938;1942;1947;1950,4,"Egvplian Works & Constructions Co., S.A.E ;; Egyptian Works & Constructions ;; Egyptian Works ,& Construction Cy., S.A.E ;; Egyptian Works& Constructions ;; Egyptian \Vorks & Construction Co ;; Egyptian \\'orks & Constructions Co., S.A.E ;; Egyptiàn Work & Construction ;; The Egyptian Works & Cons- tructions Co ;; The Egyptian Works & Construction Co., S.A.E ;; The Egyptian Works & Construction Cy., S.A.E"
C00294,Enil'ep()Ls,enil ep ls,1938,1,Enil'ep()Ls
C00295,"Fabrique des Produits Chimiques, S.A.E",fabrique produits chimiques s e,1938;1942;1947;1950,4,"Dél. Fabrique des Produits Chimiques ;; F'abrique des Produits Chimiques ;; Fa- brique de Produits Chimiques ;; Fabrique de Pro- duits Chimiques ;; Fabrique de Produits Chimiques ;; Fabrique de Pro· duits Chimiques ;; Fabrique de Pto- duits Chimiques ;; Fabrique des Produits Chimiques ;; Fabrique des Produits Chimiques, S.A.E"
C00296,Filature Nationale d’'E- gypte,filature nationale e gypte,1938;1942;1947,3,Filature Nationa- le d'Egyple ;; Filature Nationale cl'Egyplc ;; Filature Nationale d'Eg_ypte ;; Filature Nationale d’'E- gypte ;; Filature ationule d'Egyptc
C00297,Société Egyptienne de Filature,filature,1938;1942;1947,3,Filature l' ;; Société Egyptienne de Filature
C00298,Fondation Egyptologique Reine Elisabeth,fondation egyptologique reine elisabeth,1938,1,Fondation Egyptologique Reine Elisabeth
C00299,Fédération des Industries du Tabac,federation industries tabac,1938,1,Fédération des Industries du Tabac
C00300,GaJJIJo.ri Land Co. ct de la S.A. de Nettoyage ct Pressage de Coton,gajjijo ri land co ct s nettoyage ct pressage coton,1938,1,GaJJIJo.ri Land Co. ct de la S.A. de Nettoyage ct Pressage de Coton
C00301,GaiJlJary Laud C,gaijljary laud c,1938,1,GaiJlJary Laud C
C00302,"General Society for Banking, Trading & Land Enterprises, S.A.E",general society banking trading land enterprises s e,1938;1942;1947;1950,4,"-General Society for Ban king, Trading .& Land Enterprises, S.A.E ;; GP- neral Society for Banking, Trading & Land Enterprises, S.A.E ;; Ge- neral Sociely for Banking, Trading & Land Enterprises, S.A.E ;; General Society for Banking Trading & Land Enterprises, S.A.E ;; General Society for Banking, Trading & Land Enterprises S.A.E ;; General Society for Banking, Trading & Land Enterprises, S.A.E ;; General Society for Banking, Trading & Land Enterprises. S.A.E ;; General Society for Banking, Trading and Land Enterprises, S.A.E ;; General Society for Banking, Trading and Land Enterprises. SAE ;; General Society for Bunking, Trading & Land Enterpriscs, S.A.E ;; la>General Society for Banking, Trading .& Land Entreprises, S.A.E"
C00303,"Gharbieh, S.A.E",gharbieh s e,1938;1942;1947;1950,4,"Gharbieh ;; Gharbieh, S.A.E ;; Gharbieh. · ;; Gharhieh. S.A.E"
C00304,The Gharbieh Ginning Co,gharbieh ginning co,1938;1942;1947;1950,4,"Gar- bieh Ginning Co. S.A ;; Gar- bieh Ginning Co., S.A. · ;; Garbieh Ginning Co ;; Garbieh Ginning Co. S.A.E ;; Garbieh Ginning Co., S.A ;; Garbieh Ginning Co., S.A.E ;; GarbiehrGinning Co ;; Gharbieh Gin- / ning Co ;; Gharbieh Ginning Co ;; Gharbieh Ginning Co. S.A.E ;; Gharbieh Ginning Co., S.A ;; Gharbieh Ginning Co., S.A.E ;; Gharbieñ Ginning Co ;; Ghurbich Ginning Co., S.A ;; Gllarbieh Ginning Co ;; The Garbieh Ginning Co ;; The Garbieh Ginning Co. (S.A.) ;; The Gharbieh Ginning Co ;; The Gharbieh Ginning Co. (S.A.)"
C00305,Gibson & Pauling (Foreign) Lld,gibson pauling foreign lld,1938,1,Gibson & Pauling (Foreign) Lld
C00306,The Gl~n.r· bieh Land Co,gl n r bieh land co,1938,1,Gl!m biell Land Co ;; The Gl~n.r· bieh Land Co
C00307,Gl1arbiell Land Co,gl1arbiell land co,1938,1,Gl1arbiell Land Co
C00308,Gouvemement à la National Bank of Egypt,gouvemement national bank egypt,1938,1,Gouvemement à la National Bank of Egypt
C00309,Grands,grands,1938;1950,2,Grands ;; «Grands
C00310,Grands Hôtels d'Egypte,grands hotels egypte,1938;1942;1947;1950,4,Grands Hôtels cl'Egypte ;; Grands Hôtels d'Egypte ;; Qrands Hôtels d'Egypte ;; Société des Grands Hôtels d'Egypte
C00311,Grands I-Ié'Jtels d'Egypte,grands i ie jtels egypte,1938,1,Grands I-Ié'Jtels d'Egypte ;; Grands II6tels d'Egypte
C00312,Haffinel'ie cl'Egypte,haffinel ie cl egypte,1938,1,Haffinel'ie cl'Egypte
C00313,"Honneto'/' de la Commv,nauté Israélite d",honneto commv naute israelite,1938,1,"Honneto'/' de la Commv,nauté Israélite d"
C00314,Hosctta & Alcxandria lUce Mills ct de Bchrcnd & Co. Ltcl,hosctta alcxandria luce mills ct bchrcnd co ltcl,1938,1,Hosctta & Alcxandria lUce Mills ct de Bchrcnd & Co. Ltcl
C00315,Huileries,huileries,1938;1942;1947;1950,4,HUIleries ;; Huileries
C00316,Industrie (( Sefina »,industrie sefina,1938,1,"Industrie "" Sefina u ;; Industrie (( Sefina » ;; Industrie(( Sefina »"
C00317,"Industrie Meunière d'Alexandrie, S.A.E",industrie meuniere alexandrie s e,1938;1942;1947;1950,4,"Findustrie Meunière d'Alexandrie ;; Indus- trie Meunière d'Alexandrie ;; Industrie Meunière d' Alexandrie ;; Industrie Meunière d'Ale- xandrie ;; Industrie Meunière d'Alexandrie ;; Industrie Meunière d'Alexandrie, S.A.E ;; Industrie Meunière d'A· lexandrie ;; Industrie Meunière d'’Ale- xandrie, S.A.E ;; Industrie Meunière d’A- lexandrie ;; Industrie Meunlcn· cl' Alexandrie ;; Industrie,Meunière d'Alexandrie ;; Irt·· dustrie Meunière d'Alexandrie"
C00318,"Industrie Fibres Textiles, S.A.E",industrie fibres textiles s e,1938;1942;1947;1950,4,"Industrie Fibres Textiles ;; Industrie Fibres Textiles, S.A.E ;; Industrie des Fibres Textiles ;; Industrie des Fibres Textiles, S.A.E ;; Industries Fibres Textiles ;; S. A. E. Industl'ie Fil>res Textiles ;; S.A. d'Industrie Fibres Textiles ;; S.A.E Industrie Fibres Textiles ;; S.A.E. Industrie Fibres Textiles ;; S.A.E. de l' lndustJ-ie Fibres Textiles ;; S.A.E. de l'Industrie Fibres Textiles ;; Sté. Industrie Fibres Textiles"
C00319,Industrie du Froid,industrie froid,1938;1942;1947;1950,4,-Dél. Industrie du Froid ;; Industrie du Froid ;; J'Industrie du Froid
C00320,Italo-Egiziano,italo egiziano,1938,1,Italo-Egiziano
C00321,"J en Egypte. des ,Agenres elu Cl'éclit Lyonnais",j egypte agenres elu cl eclit lyonnais,1938,1,"J en Egypte. des ,Agenres elu Cl'éclit Lyonnais"
C00322,Ja Textile de Choul.Jrah,ja textile choul jrah,1938,1,Ja Textile de Choul.Jrah
C00323,«Josy,josy,1938;1942;1950,3,Josv ;; Josy ;; «Josy
C00324,Kafr El Zayat Land Co,kafr el zayat land co,1938;1942;1947;1950,4,Kafr El Zavyat Land Co ;; Kafr El Zayat Land Co ;; Kafr el Zayat Land Co ;; Kafr el Zayat Land Cy ;; Kal'r El Zayat Land Co
C00325,Khedivial Mail Line,khedivial mail line,1938;1942;1947;1950,4,"Khcdivial Mail Line ;; Khedi- vial Mail Line Co ;; Khedivial Mail Line ;; Khedivial Mail Line Co ;; Khedivial Mail Line Co. S.A.E ;; Khedivial Mail Line, S.A.E ;; The 1\hediYiul Mail Line ;; The Khedivial Mail Line ;; The Khedivial Mail Line, S.A.E"
C00326,Levant Bonded Ware- houses Co,levant bonded ware houses co,1938;1942,2,Levant Bonded Ware- houses Co ;; Levant Bonded Warehouses Co ;; Levant Bonded\Varehouses Co
C00327,"Liou de Pellours, S. A. E",liou pellours s e,1938,1,"Liou de Pellours, S. A. E"
C00328,"Maison Anderson, Clüylon & Co",maison anderson cluylon co,1938,1,"Maison Anderson, Clüylon & Co"
C00329,Maison Mallet Frères & Cie,maison mallet freres cie,1938;1942,2,Maison Mallel Frères & Co ;; Maison Mallet Frères & Cie
C00330,"Maison Mosseri, Curie! & Co",maison mosseri curie co,1938,1,"Maison Mosseri, Curie! & Co"
C00331,"Mai son Sulzer Frères, en Egypte-",mai son sulzer freres egypte,1938;1947,2,"Mai son Sulzer Frères, en Egypte- ;; Maison Sulzer Frères"
C00332,"Maison d'Ameublement B. Pontremoli, S.A.E",maison ameublement b pontremoli s e,1938;1942;1947,3,"Maison d'Ameublement B. Pontremoli, S.A.E ;; Maison d'Ameublement. B. Pontremoli, S.A.E ;; Maison d'Ameublements B. Pontremoli, S.A.E ;; Maison d’Ameublement B. Pontremoli, S.A.E"
C00333,Maison de Banque J. N. Mosseri Figli & Co,maison banque j n mosseri figli co,1938;1942;1947;1950,4,"Maison de Banque J. N. Mosscri, Figli & Co ;; Maison de Banque J. N. Mosseri Figli & Co ;; Maison de Banque J. X. Mosseri Figli & Co"
C00334,"Maison « Les Fils cl 'Alfred Camp()~""",maison fils cl alfred camp,1938,1,"Maison « Les Fils cl 'Alfred Camp()~"""
C00335,"Maison « Les Fils de Zaketto Salama& Co. """,maison fils zaketto salama co,1938;1942;1947;1950,4,"Maison « Les Fils de Zaketto Salama& Co. "" ;; Maison «Les Fils de Zakello Salama & Co ;; Maison «Les Fils de Zaketto Salama & Co.» ;; Maison «Les Fils de Zaketto Salama .& Co.»"
C00336,Marché des Céréales au Sahel de Rod El Farag,marche cereales sahel rod el farag,1938,1,Marché des Céréales au Sahel de Rod El Farag
C00337,Mcss1·s. Gibson & Pauling (Foreign) Ltcl,mcss1 s gibson pauling foreign ltcl,1938,1,Mcss1·s. Gibson & Pauling (Foreign) Ltcl
C00338,"Messrs. DaYies, l38llé.tClJi & Co. (UYerpool)",messrs dayies l38lle tclji co uyerpool,1938,1,"Messrs. DaYies, l38llé.tClJi & Co. (UYerpool)"
C00339,Misr,misr,1938;1942;1947,3,Misr ;; Misr Aü·
C00340,"Misr Airworks, S.A.E",misr airworks s e,1938;1942;1947;1950,4,"Misr Air- work, S.A.E ;; Misr Airwork ;; Misr Airwork, S.A.E ;; Misr Airwork, S.A.E. el de la ;; Misr Airworks, S.A.E"
C00341,"The i\!isr Concretc Development Cy., S.A.E",i isr concretc development cy s e,1938;1942;1947;1950,4,"Misr Con crete Development Co ;; Misr Concrete Developmcnt Cy., S.J\..E ;; Misr Concrete Development Co., .S.A.E ;; Misr Concrete Development Co., S.A.E ;; Misr Concrete Development Cy., S.A.E ;; Misr Concrete Developmt'nt Cy., S.A.E ;; The Misr Concrele Development Co ;; The Misr Concrète Development Co., S.A.E ;; The i\!isr Concretc Development Cy., S.A.E"
C00342,Mission Er,mission er,1938,1,Mission Er
C00343,The Modern Buildings,modern buildings,1938;1942,2,Modern Buildings ;; The Modern Buildings
C00344,National ConLrnding Co. of EgypL cL de la Comrucrcial Bank of EgypL,national conlrnding co egypl cl comrucrcial bank egypl,1938,1,National ConLrnding Co. of EgypL cL de la Comrucrcial Bank of EgypL
C00345,National Contracting Co. of Egypt,national contracting co egypt,1938;1942;1947;1950,4,"National Conlracting Cy ;; National Contracting Co. of Egypt ;; The National Contracting Company of Egypt., S.A.E ;; The Na· tional Contracting Company of Egypt, S.A.E ;; Theational Contracting Co., S.A.E ;; ational Contrading Co. of Egypt"
C00346,"The National Ginning Co. of Egypt, S.A.E",national ginning co egypt s e,1938;1942;1947;1950,4,"Nalional Gin- ning Co ;; National Ginning Co ;; National Ginning Co. of Egypt ;; National Ginning Co. of Egypt, S.A ;; National Ginning Co. of Egypt, S.A.E ;; National Ginning Cy ;; National Ginning Cy. of Egypt ;; The Nalional Ginning Co, of Egypt, S.A ;; The National Ginning Co. of Egypt, S.A.E ;; The National Ginning Co. of Egypt. S.A.E"
C00347,Ncur,ncur,1938,1,Ncur
C00348,"Nile Oil Co., S.A.E",nile oil co s e,1938;1942,2,"Nilc Oil Co., S.A.E ;; Nile Oil Co. S.A.E ;; Nile Oil Co., S.A.E ;; Nile Oil Cy.. S.A.E ;; The Nile Oil Co. S.A.E"
C00349,Nippon Godo Bocki Kaislln. Ud. à I\,nippon godo bocki kaislln ud i,1938,1,Nippon Godo Bocki Kaislln. Ud. à I\
C00350,"Office Egyptien du Tuurisllle. S.E. Sedl,y, Ismail (Pacha), .\n!Jicn Premier lllinisfl·e",office egyptien tuurisllle s e sedl y ismail pacha n jicn premier lllinisfl e,1938,1,"Office Egyptien du Tuurisllle. S.E. Sedl,y, Ismail (Pacha), .\n!Jicn Premier lllinisfl·e"
C00351,Palestine & Egypt Lloyd Ltd,palestine egypt lloyd,1938,1,Palestine & Egypt Lloyd Ltd
C00352,Paris de la Banque d'Athènes),paris banque athenes,1938;1942,2,Paris de la Banque d'Athènes)
C00353,à Paris),paris,1938;1942,2,Paris) ;; à Paris)
C00354,Patronage de la Société BC'Ige d'Etudes el d'Expansion,patronage bc ige etudes el expansion,1938,1,Patronage de la Société BC'Ige d'Etudes el d'Expansion
C00355,"The Pharaonic Mail Lino, S.A.E",pharaonic mail lino s e,1938;1942,2,"Pbaraonic Mail Line, S.A.E ;; Pharaonic Mail Line ;; Pharaonic Mail Line, S.A.E ;; Pharaonice Mail Line ;; Pllaraonic Mail Line ;; Pllataonic Mail Line ;; The Pharaonic Mail Lino, S.A.E ;; The Pharaonie Mail Line, S.A.E ;; Thé Pharaonic Mail Line, S.A.E"
C00356,"Pcltoms, S. A. E",pcltoms s e,1938;1947,2,"Pcltoms, S. A. E ;; Peltoms, S.A.E"
C00357,S.A.E. Peltours,s e peltours,1938;1942;1947;1950,4,"Pel- tours, S.A.E ;; Peltours, S. A. E ;; Peltours, S.A.E ;; Peltours. S.A.E ;; S.A.E. Peltours"
C00358,"Permanente pour la Filature, le Tissage el les lndttst7·ies annexes CLLL 1\linistère elu Commerce el Lle l'industrie",permanente filature tissage el lndttst7 ies annexes clll 1 linistere elu commerce el lle industrie,1938,1,"Permanente pour la Filature, le Tissage el les lndttst7·ies annexes CLLL 1\linistère elu Commerce el Lle l'industrie"
C00359,"Phi- lips-Orient, S.A",phi lips orient s,1938;1942,2,"Phi- lips-Orient, S.A ;; Philips Orient, S.A"
C00360,Plage de Sahel,plage sahel,1938,1,Plage de Sahel
C00361,Pod-Sudan Forwarding Cy. Ltd,pod sudan forwarding cy,1938,1,Pod-Sudan Forwarding Cy. Ltd
C00362,Port-Said Salt Association Ltd,port said salt association,1938;1942;1947;1950,4,Porl-Said Salt Association Ltd ;; Port Said Salt Associa lion ;; Port Said Salt Associa- lion ;; Port Said Salt Association Ltd ;; Port-Said Salt Asso- ciation ;; Port-Said Salt Association Ltd ;; The Port-Said Salt Association Ltd
C00363,Pressage de Coton,pressage coton,1938;1942;1947,3,Pressage de Coton
C00364,"S . .-\.E. "" Ganz""",s e ganz,1938,1,"S . .-\.E. "" Ganz"""
C00365,"S. A. « Prahova » Societute Ap.onima Romana Pcntl'u Incluslt'ia si Comcl'lul Pr.trolului, Bucm",s prahova societute ap onima romana pcntl u incluslt ia si comcl lul pr trolului bucm,1938,1,"S. A. « Prahova » Societute Ap.onima Romana Pcntl'u Incluslt'ia si Comcl'lul Pr.trolului, Bucm"
C00366,S.A. Agricole ct Indus1ricllc d'Egyple ct clc la S.A. de Ntwigaliun Flm iule ct des Bateaux Onmibus,s agricole ct indus1ricllc egyple ct clc s ntwigaliun flm iule ct bateaux onmibus,1938,1,S.A. Agricole ct Indus1ricllc d'Egyple ct clc la S.A. de Ntwigaliun Flm iule ct des Bateaux Onmibus
C00367,"S.A. Immobili Riuniti, S.A.E",s immobili riuniti s e,1938;1947;1950,3,"S.A. Immobili Riu ni ti, S.A.E ;; S.A. Immobili Riuniti ;; S.A. Immobili Riuniti, S.A.E"
C00368,S.A. Immobilière des Ter- rains Guizeh et Rodah,s immobiliere ter rains guizeh rodah,1938;1942;1947;1950,4,S.A. Immobilière Terrain~ Guizeh et Rodah ;; S.A. Immobilière des Ter- rains Guizeh et Rodah ;; S.A. Immobilière des Terrains Ghizeh & Rodah ;; S.A. Immobilière des Terrains Ghizeh et Rodah ;; S.A. Immobilière des Terrains Guizch Rodah ;; S.A. Immobilière des Terrains Guizeh Rodah ;; S.A. Immobilière des Terrains Guizeh et Rodah ;; S.A. Immobilière des Terrains Guizeh& Rodah ;; S.A. Immobilière des Terrains Guizeh-Rodah ;; S.A. Immobilière des Terrains Guizeh· Rodah ;; S.A. Immobilièrl? des Terrains Ghizeh & Rodah ;; Société Immobilière des Terrains Guizeh-Rodah
C00369,S.A. Immobilière des Terrains Guizch-Hoclnll el Aclministmleur de The Alexandria Commercial Co,s immobiliere terrains guizch hoclnll el aclministmleur alexandria commercial co,1938,1,S.A. Immobilière des Terrains Guizch-Hoclnll el Aclministmleur de The Alexandria Commercial Co
C00370,S.A. Immobilière des Terrains Guizell n.odall,s immobiliere terrains guizell n odall,1938,1,S.A. Immobilière des Terrains Guizell n.odall
C00371,S.A. d'Irrigation de Baliana eL de la Société Egyptienne d'Irrigation,s irrigation baliana el irrigation,1938,1,S.A. d'Irrigation de Baliana eL de la Société Egyptienne d'Irrigation
C00372,"S.A. des Fibres Textiles, S.A.E",s fibres textiles s e,1938;1942;1950,3,"S.A. de Fibres Textiles, S.A.E ;; S.A. des Fibres Textiles, S.A.E ;; SA. des Fibres Textiles, S.A.E"
C00373,S.A. de \Vac!i 1\om-Om!Jo,s vac i 1 om om jo,1938,1,S.A. de \Vac!i 1\om-Om!Jo
C00374,S.A. des Bières Bomonti & Pyramides,s bieres bomonti pyramides,1938;1942;1947;1950,4,S.A. Bières Bomonti & Pyramides ;; S.A. des Bières Bomonti & Pyramides ;; S.A. des Bières Bomonti -& Pyramides ;; S.A. des Bières Bomonti et Pyramides ;; SA. des Bières Bomon- li el P\ramides
C00375,Société Anonyme des Chemins de Fer de la Basse E- gypte,chemins fer basse e gypte,1938;1942,2,"S.A. des Chemins de Fer de la Basse-Egyptc ;; SA, des Chemins de Fer de Ja Basse-Egvyple ;; SA. des Chemins de Fer de la Basse-Egvple ;; Société Anonyme des Chemins de Fer de la Basse E- gypte ;; Société Anonyme des Chemins de Fer de la Basse-Egvp- te"
C00376,S.A. des Chemins de I• er de la 13assc-Egypte ct de la S.A. des Tramways du Caire,s chemins i er 13assc egypte ct s tramways caire,1938,1,S.A. des Chemins de I• er de la 13assc-Egypte ct de la S.A. des Tramways du Caire
C00377,S.A. des Cigm·eL Les Ciauaclis,s cigm el ciauaclis,1938,1,S.A. des Cigm·eL Les Ciauaclis
C00378,S.A. des Drogueries d'Egypte,s drogueries egypte,1938;1942;1947;1950,4,S.A. des Droguenes d'Egypt.e ;; S.A. des Drogueries cl'Egypte ;; S.A. des Drogueries d'Egypte
C00379,S.A. des Eaux elu Cail·e,s eaux elu cail e,1938,1,S.A. des Eaux elu Cail·e ;; S.A. des Eaux elu Caire
C00380,clc la S.A. des Halles Centrales cl'Egyple,clc s halles centrales cl egyple,1938;1942,2,S.A. des Halles Centrales cl'Egyptc ;; S.A. des Halles Centrales d’Egvple ;; clc la S.A. des Halles Centrales cl'Egyple
C00381,S.A. des Immcul.Jlcs de l'E,s immcul jlcs e,1938,1,S.A. des Immcul.Jlcs de l'E
C00382,S.A. des Monts cie,s monts cie,1938,1,S.A. des Monts cie
C00383,S.A. des Monts de Piété Egyptiens,s monts piete egyptiens,1938;1942;1947;1950,4,Monts de Piété Egyptiens ;; Monts de Piétés Egyptiens ;; S.A. des Monts de Piélé Egvptiens ;; S.A. des Monts de Piété Egvptiens ;; S.A. des Monts de Piété Egyptiens ;; S.A. les Monts de Piété Egyptiens ;; SA. des Monts de Piété Egvptiens
C00384,S.A. des Tcnes Hn1·cs d'Egypte,s tcnes hn1 cs egypte,1938,1,S.A. des Tcnes Hn1·cs d'Egypte
C00385,Société des Terres Rares d'Egypte,terres rares egypte,1938;1947;1950,3,"S.A. des Terres Rares d'Egypte, S.A.E ;; Société des Terres Rares d'Egypte"
C00386,S.A. du Domaine de Siouf,s domaine siouf,1938,1,S.A. du Domaine de Siouf
C00387,S.A. elu Béhéra,s elu behera,1938,1,S.A. elu Béhéra
C00388,"S.A. nes Immeubles de l'Est et Aclnlinislt<.l.Lcm-llélégué de l' Eastem Export Co., S. A",s nes immeubles est aclnlinislt lcm llelegue eastem export co s,1938,1,"S.A. nes Immeubles de l'Est et Aclnlinislt<.l.Lcm-llélégué de l' Eastem Export Co., S. A"
C00389,S.A.E. Carba,s e carba,1938;1942;1947;1950,4,"S.A.E. "" Carba ;; S.A.E. CAR BA ;; S.A.E. CAR- BA ;; S.A.E. Car- ba ;; S.A.E. Carba ;; S.A.E. «Carba»"
C00390,"S.A.E. "" Gunz"" (Egypte)",s e gunz egypte,1938,1,"S.A.E. "" Gunz"" (Egypte)"
C00391,S.A.E. Portland de Hélouan,s e portland helouan,1938,1,S.A.E. Portland de Hélouan
C00392,S.A.E. des Tracteul'S cl'Egypte,s e tracteul s cl egypte,1938,1,S.A.E. des Tracteul'S cl'Egypte
C00393,Société Egyptienne d'Electricité,electricite,1938;1942;1947;1950,4,S.A. de la Société Egyptienne d'Electricité ;; S.E. d'Electricilé ;; S.E. d'Electricité ;; S.E. d’E- lectricité ;; SE. d'Elec- tricité ;; Société Egyptienne d 'Electricité ;; Société Egyptienne d'Electricité ;; Société Egyptienne d’Elec- tricité ;; Sté Eg. d'Electricité ;; Sté Egypt. d'Electricité ;; Sté. Eg. d'Electricité
C00394,S.E. de Ciment,s e ciment,1938,1,S.E. de Ciment
C00395,S.E. de Ciment Po.rlluncl Tonn1ll,s e ciment po rlluncl tonn1ll,1938,1,S.E. de Ciment Po.rlluncl Tonn1ll
C00396,"Société Egyptienne de Tuyaux, Poteaux et Produits en Ciment Armé (Système Siegwart)",tuyaux poteaux produits ciment arme systeme siegwart,1938;1942;1947;1950,4,"S.E. de Tuyaux, Poteaux el Produits en Giment armé (Système Siegwart) ;; S.E. de Tuyaux, Poteaux et Produits en Ciment Armé (Système Siegwart) ;; S.E. de Tuyaux, Poteaux et Produits en Ciment Armé(Système Siegwart) ;; Société Egyptienne de Tuyaux, Poteaux cL Produits en Ciment Armé (Système SiegwarL.) ;; Société Egyptienne de Tuyaux, Poteaux et Produits en Ciment Armé (Système Siegwart) ;; Sté. Eg. de Tuyaux, Poteaux et Produits en Ciment Armé (Système Siegwart)"
C00397,"S.E. des Tuyaux, PoLcaux ct ProduiLs en Ciment Armé ct dr la Banque i\Iosscri, S. A. E",s e tuyaux polcaux ct produils ciment arme ct dr banque i iosscri s e,1938,1,"S.E. des Tuyaux, PoLcaux ct ProduiLs en Ciment Armé ct dr la Banque i\Iosscri, S. A. E"
C00398,S.ociété Egy[lliennc cl'Eicdt·icité. v,s ociete egy lliennc cl eicdt icite v,1938,1,S.ociété Egy[lliennc cl'Eicdt·icité. v
C00399,Silos,silos,1938,1,Silos
C00400,Soc,soc,1938,1,Soc
C00401,"Soci(•!é de Métallmgie Egyplicune, S.A.E",soci e metallmgie egyplicune s e,1938,1,"Soci(•!é de Métallmgie Egyplicune, S.A.E"
C00402,Soci6L6 i\lisr d'A suranccs Génémles,soci6l6 i lisr suranccs genemles,1938,1,Soci6L6 i\lisr d'A suranccs Génémles
C00403,Soci[•té drs i\ulolms du Caire,soci te drs i ulolms caire,1938,1,Soci[•té drs i\ulolms du Caire
C00404,Socieli1 Egiziana per l'Estrazione ed il Commercio dei Posfati,socieli1 egiziana per estrazione ed il commercio dei posfati,1938,1,Socieli1 Egiziana per l'Estrazione ed il Commercio dei Posfati
C00405,"Società Anonima Immobili Ri uni ti, S.A.E",societa anonima immobili ri uni ti s e,1938;1947,2,"Societa Anonima Immobili Riuniti, S.A.E ;; Società Anonima Immobili Ri uni ti, S.A.E ;; Società Anonima Immobili Riuniti ;; Società Anonima Immobili Riuniti, S.A.E"
C00406,Sociélé des Publications Egyptien- nes,sociele publications egyptien nes,1938;1942,2,SociéLé des PublicaLions Egyptiennes ;; Sociélé des Publications Egyptien- nes
C00407,Sociél6 .Egyplionnc des Pétroles,sociel6 egyplionnc petroles,1938,1,Sociél6 .Egyplionnc des Pétroles
C00408,Sociél6 des Terres Rares d'Egypte,sociel6 terres rares egypte,1938,1,Sociél6 des Terres Rares d'Egypte
C00409,Sociélé Civile Norlil Zamalcl< Land,sociele civile norlil zamalcl land,1938,1,Sociélé Civile Norlil Zamalcl< Land
C00410,Sociélé Egyptienne de Ciment,sociele egyptienne ciment,1938,1,Sociélé Egyptienne de Ciment
C00411,Sociélé Financière el Industrielle d'Egypte cl de la United Egyplian Salt Llcl,sociele financiere el industrielle egypte cl united egyplian salt llcl,1938,1,Sociélé Financière el Industrielle d'Egypte cl de la United Egyplian Salt Llcl
C00412,Sociélé Française cles ConillllsliiJirs Uq11idrs,sociele francaise cles conillllsliijirs uq11idrs,1938,1,Sociélé Française cles ConillllsliiJirs Uq11idrs
C00413,Sociélé lllis1· pom le Talmc,sociele lllis1 pom talmc,1938,1,Sociélé lllis1· pom le Talmc
C00414,SociélélJclgo-Egyplicnnc,socieleljclgo egyplicnnc,1938,1,SociélélJclgo-Egyplicnnc
C00415,"Socié- té Egyplienne de Filature el de Tissage de Laine, S.A.E",socie te egyplienne filature el tissage laine s e,1938;1942;1950,3,"So- ciété Egyptienne de Filature et Tissage de Laine, S.A.E ;; Socié- té Egyplienne de Filature el de Tissage de Laine, S.A.E ;; Sociét6 Egyptiennecle Filature et Tissage cle Laine"
C00416,"Sociét6 de Ciment Portland de II6louan, S.A.E",societ6 ciment portland ii6louan s e,1938,1,"Sociét6 de Ciment Portland de II6louan, S.A.E"
C00417,Société,,1938,1,Société
C00418,"Société "" Phal'os »",phal os,1938,1,"Société "" Phal'os »"
C00419,"Société Nationale du Papier, S.A.E",nationale papier s e,1938;1942;1947;1950,4,"!11 Société Nationale· du Papier, S.A.E ;; Dél. de la Société Nationale du Papier, S.A.E ;; Société 1alionalc du Papier, S.A.E ;; Société Natio- nale du Papier, S.A.E ;; Société Nationale de Papier, S.A.E ;; Société Nationale du Papier ;; Société Nationale du Papier, S.A.E ;; Société Nationale du Papier. S.A.E ;; Sté Nationale du Papier ;; Sté Nationale du Papier, S.A.E ;; Sté. Nationale du Papier"
C00420,Société Anonyme Belge-Egyptienne,belge egyptienne,1938;1942;1947;1950,4,-Dél. de la Société Anonyme Belgo-Egyptienne ;; S.A. Belge-Egyptienne ;; S.A. Belgo-Egyptienne ;; Société Anonyme Bclgc-EgypLienne ;; Société Anonyme Belge-Egyptienne ;; Société Belgo-Egyplienne
C00421,Société Anonyme Egyptienne (( Carba »,carba,1938,1,Société Anonyme Egyptienne (( Carba »
C00422,"Société Egyptienne de Constructions, S.A.E. (Egyco)",constructions s e egyco,1938;1942;1947;1950,4,"!a S.A.E. de Constructions, «ŒEgyco» ;; S.A.E. Constructions <<Egyco» ;; S.A.E. de Construction, ""Egycon ;; S.A.E. de Constructions (Egyco) ;; S.A.E. de Constructions «Egyco» ;; Société Anonyme Egyptienne de Constructions «EGYCOu ;; Société Egyptienne de Constructions(EGYCO) ;; Société Egyptienne de Constructions, S.A.E. (Egyco) ;; SÔciété Anonyme Egyptienne de Construction «EGYCO»"
C00423,Société Egyptienne des Industries Textiles,industries textiles,1938;1942;1947;1950,4,"Société Anonyme Egyptienne des Industries Textiles ;; Société Egyptienne de l'Industrie Textile ;; Société Egyptienne des In- dustries Textiles ;; Société Egyptienne des In- dustries Textiles, S.A.E ;; Société Egyptienne des Induslrres Textiles ;; Société Egyptienne des Industries Textiles ;; Société Egyptienne des Industries Textiles, S.A ;; Société Egyptienne des Industries Textiles. S.A.E ;; Société Egyptienne des Industries Textilés ;; Sté Eg. des Industries Textiles"
C00424,Société Belge de Bienfaisance,belge bienfaisance,1938,1,Société Belge de Bienfaisance
C00425,Société California Egyptienne des Pétroles,california egyptienne petroles,1938;1942;1947;1950,4,"Société Califomiu Egyptienne des Pétroles ;; Société California Egyptienne de Pétroles, S.A.E ;; Société California Egyptienne des Pétroles ;; Société California Egyptienne des Pétroles, S.A.E ;; Société California Egyptiennne de Pétroles, S.A.E ;; Sté Califor- nia Egyptienne des Pétroles"
C00426,Société California Texas des Pétroles,california texas petroles,1938;1942;1947;1950,4,Société California Texas des Pétroles ;; Société Colifomia Texas des Pétroles ;; Sté California Texas Pétroles ;; Sté. California Texas des Pétl·oles ;; Sté. California Texas des Pétroles ;; lu Société CaliJornia Texas des Pétroles. u
C00427,Sté. Commerciale d'Egypte,ste commerciale egypte,1938;1947;1950,3,Société Commerciale ;; Société Commerciale Ex ;; Sté Commerciale d'Egypte ;; Sté «La Commerciale» ;; Sté. Commerciale d'Egypte ;; The Commercial & E ;; «Commerciale»
C00428,"Société Com- merciale Bulgaro-Egyplienne, S.A.E",com merciale bulgaro egyplienne s e,1938;1942;1950,3,"Commerce Belgo-Egyptienne ;; Société Com- merciale Bulgaro-Egyplienne, S.A.E ;; Société Com- merciale Bulgaro-Egyptienne, S.A.E ;; Société Commerciale Buigaro-Egypliennc, S.A.E ;; Société Commerciale Bulgaro-Egyptienne, S. A.E ;; Société Commerciale Bulgaro-Egyptienne, S.A.E ;; Sté. Commerciale Belgo Egyptienne ;; Sté. Commerciale Belgo-Egyptienne"
C00429,Société CopLe de Bienfaisance cL de l'IlOpilal Copte,cople bienfaisance cl ilopilal copte,1938,1,Société CopLe de Bienfaisance cL de l'IlOpilal Copte
C00430,"Société Egyp- tienne des Industries Chimiques, S.A.E",egyp tienne industries chimiques s e,1938;1942;1950,3,"Société Egvplienne des Industries Chimiques, S.A.E ;; Société Egvptienne des Industries Chimiques, S.A.E ;; Société Egyp- tienne des Industries Chimiques, S.A.E ;; Société Egyplicm1c des Industries Chimiques, S.A.E ;; Société Egyptiem1e des Industries Chimiques, S.A.E ;; Sté. Egyptienne d'Industries Chimiques, S.A.E ;; Sté. Egyptienne des Industries Chimiques, S.A.E"
C00431,Société Egvplienne de l'In- dustrie de Bonneterie,egvplienne in dustrie bonneterie,1938;1942,2,Société Egvplienne de l'In- dustrie de Bonneterie ;; Société Egvplienne de l'Industrie de Bonnelerie ;; Société Egyplicnnc de l'Industrie de Bonneterie ;; Société Egyplienne de l'Industrie de Bonneterie ;; Société Egyplienne des Industries de Bonneterie
C00432,"Société Egyptiem1e Financière pour le Commerce et l""lndustl'ie cc Sefina u",egyptiem1e financiere commerce lndustl ie cc sefina u,1938,1,"Société Egyptiem1e Financière pour le Commerce et l""lndustl'ie cc Sefina u"
C00433,Société Egyptienne Financière pour le Commerce,financiere commerce,1938;1947;1950,3,Société Egyptienne Financière pour le Commerce ;; Sté Eg. Financière pour le Commerce ;; Sté. Eg. Financière pour le Commerce
C00434,"Société Egyptienne des Industries Chimiques, S.A.E",industries chimiques s e,1938;1942;1947;1950,4,"Industries Chimiques ;; Société Egyptienne cl es Industries Chimiques, S. A. E ;; Société Egyptienne d'Industries Chimiques, S.A.E ;; Société Egyptienne des Industries Chimiques, S. A.E ;; Société Egyptienne des Industries Chimiques, S.A.E ;; Sté Egypt. des Industries Chimiques ;; Sté. Eg. des Industries Chimiques ;; cle la Société Egyptienne d’'Indusiries Chimiques, S.A.E"
C00435,Société Egyptienne de Ciment Porlland,ciment porlland,1938;1942;1950,3,"S.E. de Ciment Portland ;; SE, de Ciment Porlland- ;; Société Egyptienne de Ciment Porlland"
C00436,"Société Egyptienne de Filature et Tissage de la Laine, S.A.E",filature tissage laine s e,1938;1942;1947;1950,4,"S.E. de Filature et Tissage de Laine ;; Société Egyptienne de Filalure el de Tissage de Laine, S.A.E ;; Société Egyptienne de Filature eL de Tissage de Laine, S A.E ;; Société Egyptienne de Filature et Tissage de Laine S.A.E ;; Société Egyptienne de Filature et Tissage de Laine, S.A.E ;; Société Egyptienne de Filature et Tissage de la Laine, S.A.E ;; Sté Eg. de Filature et Tissage de Laine"
C00437,Société Egyptienne de Minoterie,minoterie,1938,1,Société Egyptienne de Minoterie
C00438,Société Egyptienne de Placements,placements,1938;1947;1950,3,Société Egyptienne de Placements
C00439,Société Egyptienne de Placements ct de Crédit,placements ct credit,1938;1942,2,Société Egyptienne de Placements ct de Crédit ;; Société Egyptienne de Placements el de Crédit
C00440,Société Egyptienne de Ti,ti,1938,1,Société Egyptienne de Ti
C00441,Société Egyptienne de Tissage et Tricotage,tissage tricotage,1938;1942;1947;1950,4,"Ja Société Egyptienne de Ti5- sage et Tricotage ;; S.E. de Tissage et Tricotage ;; Société Egyptienne de Tis- sage el Tricotage ;; Société Egyptienne de Tissage & Tricotage ;; Société Egyptienne de Tissage ct Tricotage S.A.E ;; Société Egyptienne de Tissage eL rrricotage, S.A.E ;; Société Egyptienne de Tissage et Tricotage ;; Société Egyptienne de Tissage et Tricotage, S.A.E ;; Société Egyptienne de Tissage et Tricotage. S.A.E ;; Société Egyptienne de Tissage et Trico~a.ge, S.A.E ;; Société de Tissage et T1·icotage. S.A.E"
C00442,"Société Egyptienne de Tuyaux, Poteaux et Produits en Ciment Armé",tuyaux poteaux produits ciment arme,1938;1950,2,"S.E. de Tuyaux, Poteaux et Produits en Ciment Armé ;; Société Egyptienne de Tuyaux, Poteaux et Produits en Ciment Armé ;; Sté. Eg. de Tuyaux, Poteaux et Produits en ciment armé"
C00443,Société Egyptienne de l'Industrie Textile el de la Société Egyptienne de la Bourse Commerciale de Minet El Bassal,industrie textile el bourse commerciale minet el bassal,1938,1,Société Egyptienne de l'Industrie Textile el de la Société Egyptienne de la Bourse Commerciale de Minet El Bassal
C00444,Société Egyptienne pour l'Industrie de Bonneterie,industrie bonneterie,1938;1942;1947;1950,4,Société Egyptienne de l'Industrie de Bonneterie ;; Société Egyptienne de l’industrie de Bonneterie ;; Société Egyptienne des Industries de Bonneterie ;; Société Egyptienne pour l'Industrie de Bonneterie ;; Société Industrielle de Bonneterie ;; Société Industrielle de Bonnetlerie ;; Société pour l'Industrie de Bonneterie ;; Sté Eg. de l'Industrie de Bonneterie ;; Sté. Eg. de l'Industrie de la Bonneterie
C00445,Société Egyptienne de la Ilout·sc Comntct·c·iulc de,ilout sc comntct c iulc,1938,1,Société Egyptienne de la Ilout·sc Comntct·c·iulc de
C00446,"Société Egyptienne des lncluslries Clümiques, S.A.E",lncluslries clumiques s e,1938,1,"Société Egyptienne des lncluslries Clümiques, S.A.E"
C00447,"Société Egyptienne pour le Développement et le Commerce des Légumes, Fruits et Fleurs",developpement commerce legumes fruits fleurs,1938;1947;1950,3,"Société Egyptienne pom le Développementelu Commerce des Légumes, } ruits et Fleurs ;; Société Egyptienne pour Je JJé\·eJoppement du commerce des légumes, fruits cl fleurs ;; Société Egyptienne pour le DéYelop-· pement elu Commerce des légumes, fruits et fleurs ;; Société Egyptienne pour le Développement du Cominercc des Légumes, Fruits & Fleurs ;; Société Egyptienne pour le Développement et le Commerce des Légumes, Fnüts & Fleurs ;; Société Egyptienne pour le Développement et le Commerce des Légumes, Fruits et Fleurs"
C00448,"Société Egyptienne pour Je Tannage eL l'Tndustl·ie elu Cuir, S.A.E",je tannage el tndustl ie elu cuir s e,1938,1,"Société Egyptienne pour Je Tannage eL l'Tndustl·ie elu Cuir, S.A.E"
C00449,"Société Egyptienne pour l'Exploitation des Mines et Carrières, S. A.E",exploitation mines carrieres s e,1938;1942;1947;1950,4,"Société Egyptienne pom l'Exploitation des Mines et Carrières, S.A.E ;; Société Egyptienne pour l'ExploiLation de Mines cL Carrières, S.A.E ;; Société Egyptienne pour l'Exploilation des Mines el Carrières, S.A.E ;; Société Egyptienne pour l'Exploitation de Mines et Carrières, S.A.E ;; Société Egyptienne pour l'Exploitation des Mines et Carrières, S. A.E ;; Société Egyptienne pour l'Exploitation des Mines et Carrières, S.A.E"
C00450,Société Egyptienne pour l'Exploitation de Mines ct,exploitation mines ct,1938,1,Société Egyptienne pour l'Exploitation de Mines ct
C00451,Société Egyptienne pour le Developpement et le Commerce des,developpement commerce,1938,1,Société Egyptienne pour le Developpement et le Commerce des
C00452,"Société Egyptienne pour le Développement du Commerce clos légumes, Ft'uiLs & Fleurs",developpement commerce clos legumes ft uils fleurs,1938,1,"Société Egyptienne pour le Développement du Commerce clos légumes, Ft'uiLs & Fleurs"
C00453,"Société Egyptienne pour le Tannage cL l'Industrie du Cuir, S.A.K",tannage cl industrie cuir s k,1938;1942,2,"Société Egyptienne pour le Tannage cL l'Industrie du Cuir, S.A.K ;; Société Egyptienne pour le Tannage ct l'Industrie du Cuir, S.A.E ;; Société Egyptienne pour le Tannage et Findustrie du Cuir"
C00454,Société Foncière d'Egyp- te,fonciere egyp te,1938;1942,2,Société Foncière d'Egyp- te ;; Société Foncière d'Egyptc
C00455,Société· Franco,franco,1938,1,Société Franco ;; Société· Franco ;; en France\
C00456,Société Française de,francaise,1938;1947,2,Cie. Française de ;; Société Française de
C00457,Société Générale Immobilière d’E- gvple,generale immobiliere e gvple,1938;1942,2,Société Générale Immobilière d'EgypLe ;; Société Générale Immobilière d’E- gvple
C00458,Société Générale de Pressage,generale pressage,1938;1942;1947;1950,4,Société Générale de Pressa- ge ;; Société Générale de Pressage ;; Société Générale de Pressag~ ;; Sté. Générale de Pressage
C00459,Société Générn.le des Sucrel'ies ct de la Raffinerie d'Egypte,genern sucrel ies ct raffinerie egypte,1938,1,Société Générn.le des Sucrel'ies ct de la Raffinerie d'Egypte
C00460,Société Royale d'Agriculture,royale agriculture,1938;1942;1947;1950,4,Société Hoyole d 'Agriculture ;; Société Royale d' Agrt· culture ;; Société Royale d'Agri- culture ;; Société Royale d'Agricullture ;; Société Royale d'Agriculture ;; Sté. Royale d'Agriculture
C00461,"Société IIor,gro Egypticnne pom le Commerce. (Etaùli à Burlapest)",iior gro egypticnne pom commerce etauli burlapest,1938,1,"Société IIor,gro Egypticnne pom le Commerce. (Etaùli à Burlapest)"
C00462,Société Immobilière de Boulac,immobiliere boulac,1938;1942;1947;1950,4,Société Immo- bilière de Boulac ;; Société Immobilière de Bou! ac ;; Société Immobilière de Boulac ;; Société fmmobihière de Boulac
C00463,"Société Jnduslricl\c des Asplla.Hcs cL Pétroles de Lattaquié ct de la Egyptian \Vorks & Constructions Co., S.A.E",jnduslricl c asplla hcs cl petroles lattaquie ct egyptian vorks constructions co s e,1938,1,"Société Jnduslricl\c des Asplla.Hcs cL Pétroles de Lattaquié ct de la Egyptian \Vorks & Constructions Co., S.A.E"
C00464,Société Misr d'Assurances Générales,misr assurances generales,1938;1942;1947,3,Ja Société Misr d’'Assurances Générales ;; Société Misr d'Assurances Géné- rales ;; Société Misr d'Assurances Générales ;; Ste. Misr d'Assurances Générales ;; Sté. Misr d'Assurances Générales
C00465,Société Misr pour Voyages,misr voyages,1938,1,Société Misr pour Voyages
C00466,Société Roumaine<< Prahova u Societate Anonima Romana Pentru Industria si Corner-,roumaine prahova u societate anonima romana pentru industria si corner,1938,1,Société Roumaine<< Prahova u Societate Anonima Romana Pentru Industria si Corner-
C00467,Société Texas Egyptienne des Pétroles,texas egyptienne petroles,1938;1942;1947;1950,4,"Société Texas Egyplienne des Pétroles ;; Société Texas Egyptienne de Pétroles, S.A.E ;; Société Texas Egyptienne des Pétroles ;; Société Texas Egyptienne des Pétroles, S.A.E ;; Sté. Texas Egyptienne des Pétroles"
C00468,Société Texas Egyptienne des Pétroles ct de la Califomia Egyptienne des Pét1·oles,texas egyptienne petroles ct califomia egyptienne pet1 oles,1938,1,Société Texas Egyptienne des Pétroles ct de la Califomia Egyptienne des Pét1·oles
C00469,Société d'.\viution Horus,viution horus,1938,1,Société d'.\viution Horus
C00470,"Société de Ciment Portland de Hélouan, S.A.E",ciment portland helouan s e,1938;1942;1947;1950,4,"Société de Ciment Porllancl de llélouan ;; Société de Ciment Port- land de Helouan, S.A.E ;; Société de Ciment Portland de Helouan, S.A.E ;; Société de Ciment Portland de Hélouan, S.A.E ;; Société des Ciments Portland de llélouan, S.A.E ;; Sté du Ciment Portland Hélouan"
C00471,"Société de Métallurgie Egyptienne, S. A. E",metallurgie egyptienne s e,1938;1942;1947;1950,4,"Société de Mé- lallurgie Egyplienne, S.A.E ;; Société de Métalllurgie Egyptienne, S.A.E ;; Société de Métallui·gie Egyptienne, S.A.E ;; Société de Métallurgie Egv\plienne ;; Société de Métallurgie Egyptienne IS.A.E ;; Société de Métallurgie Egyptienne, S. A. E ;; Société de Métallurgie Egyptienne, S.A.E ;; Sté. Métallurgie Egyptienne"
C00472,Société de Trans-,trans,1938,1,Société de Trans-
C00473,Société des Aulobus du!\orel,aulobus orel,1938,1,Société des Aulobus du!\orel
C00474,"Société des Autobus du Nord, S.A.E",autobus nord s e,1938;1942;1947;1950,4,"Société des Aulobus du Nord ;; Société des Aulolms du Nord ;; Société des Autobus du Nord ;; Société des Autobus du Nord, S.A. E ;; Société des Autobus du Nord, S.A.E ;; Sté Autobus du Nord ;; Sté. Autobus du Nord ;; Sté. des Autobus du Nord"
C00475,Société des Autobus d'Alexandrie,autobus alexandrie,1938;1942;1947;1950,4,Société des Autobus d'Alexandrie ;; Société des Autobus d'Alexandt·ie ;; Sté Autobus d'Alexandrie ;; Sté. des Autobus d'Alexandrie
C00476,Société des Autobus de Béhéra,autobus behera,1938;1942;1947;1950,4,Société des Autobus de Béhéra ;; Société des Autobus du Béhéra ;; Société des Autohus de Béhéra ;; Société oes Autobus du Béhéra
C00477,Société des Autobus du Caire,autobus caire,1938;1942;1947;1950,4,-Dél. Sté. Autobus Caire ;; Autobus du Caire ;; Société des Aulobus du Caire ;; Société des Autobus du Cai- re ;; Société des Autobus du Caire ;; Sté. des Autobus du Caire
C00478,"Société des Autolms elu Nord, S.A.E",autolms elu nord s e,1938,1,"Société des Autolms elu Nord, S.A.E"
C00479,Société des Biens de Rapport cl 'Egyptc,biens rapport cl egyptc,1938,1,Société des Biens de Rapport cl 'Egyptc
C00480,Société des Omnibus de Fayoum,omnibus fayoum,1938;1942;1947;1950,4,Société des Omnibus de Fa- VOUmM ;; Société des Omnibus de Fa- voum ;; Société des Omnibus de Fa- youm ;; Société des Omnibus de Favoum ;; Société des Omnibus de Fayoum ;; Sté des Omnibus de Fayoum ;; Sté. des Omnibus de Fayoum ;; d la Société des Omnibus de Fayoum
C00481,Sté. des Produits Centrifugés en Ciment,ste produits centrifuges ciment,1938;1942;1947;1950,4,Société des Produits Centrifugés en Ciment ;; Société des Produits Centrifugés en Ciment. · ;; Société des Produits Centrifugé~ en Ciment ;; Sté des Produits Centrifugés en Ciment ;; Sté. des Produits Centrifugés en Cimenl ;; Sté. des Produits Centrifugés en Ciment
C00482,Société des Produits Centrifugés en Ciment (Stac),produits centrifuges ciment stac,1938,1,Société des Produits Centrifugés en Ciment (Stac)
C00483,Société des Publications Egyptiennes,publications egyptiennes,1938;1942;1947;1950,4,Société de Publicalions Egypliennes ;; Société des Publications Egyptiennes ;; Sté de Publications Egyptiennes ;; Sté. Publications Egyptiennes
C00484,"Société des,'\.utobus de l3éhém el de Ghmbiell",utobus l3ehem el ghmbiell,1938,1,"Société des,'\.utobus de l3éhém el de Ghmbiell"
C00485,Société du Croissant Rouge,croissant rouge,1938;1942;1950,3,Société du CroissanL Hougc ;; Société du Croissant Rouge
C00486,Société Misr de Navigation Maritime,misr navigation maritime,1938;1942;1947;1950,4,Société Misr de Navigation Maritime ;; Société i\Iisr de ~aYigation Maritime ;; Sté Misr de Navigation Maritime
C00487,Société l'1 unco-Egyptienne clc,1 unco egyptienne clc,1938,1,Société l'1 unco-Egyptienne clc
C00488,Sociétécc Egyptian Cement Products »,societecc egyptian cement products,1938,1,Sociétécc Egyptian Cement Products »
C00489,"Sociétés d'Assurances ""La Nationale )). (Nombreuseshautes décorations égyptiennes et étrangères)",societes assurances nationale nombreuseshautes decorations egyptiennes etrangeres,1938,1,"Sociétés d'Assurances ""La Nationale )). (Nombreuseshautes décorations égyptiennes et étrangères)"
C00490,"Socl6t6 Egyptienne Financière pour le Commercect l'Industrie "" Sefina ""·",socl6t6 egyptienne financiere commercect industrie sefina,1938;1942,2,"Sociélé Egyptienne Financière pour le Commerce el l'Industrie«Sefina» ;; Socl6t6 Egyptienne Financière pour le Commercect l'Industrie "" Sefina ""· ;; ociélé Egyptienne Financi(\re pour le Commercecl l'Induslric "" ""cfina ""·"
C00491,Sol'iélé lmnwbiliè•rc de Zmualck,sol iele lmnwbilie rc zmualck,1938,1,Sol'iélé lmnwbiliè•rc de Zmualck
C00492,"The Standard Oil Company of Egypt, S.A",standard oil company egypt s,1938;1942;1947;1950,4,"Stanclsrd Oil Co. of Egypt ;; Standard Oil Co. of Egypt ;; Standard Oil Co. of Egypt, S.A ;; Standard Oil Cy. p ;; The Standard Oil Co. of Egypt ;; The Standard Oil Co. of Egypt, S,A ;; The Standard Oil Co. of Egypt, S.A ;; The Standard Oil Co. of Egypt, S.A.E ;; The Standard Oil Company of Egypt, S.A ;; The St~ndard Oil Co. of Egypt S.A"
C00493,Succession Léon de I-Ielller,succession leon i ielller,1938;1942,2,Succession Léon de Heller ;; Succession Léon de I-Ielller
C00494,-Dél. Sudan Import & Export Cy,del sudan import export cy,1938;1942;1950,3,-Dél. Sudan Import & Export Cy ;; Suclan lm port & Export Cy ;; Sudan Import & Ex- port Co ;; Sudan Import & Export Co ;; Sudan Import & Export Cy ;; Sudan Import& Export Co
C00495,Sun Life Insurance Co. of Canada,sun life insurance co canada,1938;1942;1947;1950,4,Sun Life Assurance Co. of Canada ;; Sun Life Insurance Co. of Canada ;; Sun Lile Insurance Co. of Ca- nada
C00496,Surveillance de la Banque de ContmcJ·cc,surveillance banque contmcj cc,1938,1,Surveillance de la Banque de ContmcJ·cc
C00497,Syndicat des Obligataires de la Société Générale des Sucreries ct de la Raffinerie d'Egypte,syndicat obligataires generale sucreries ct raffinerie egypte,1938,1,Syndicat des Obligataires de la Société Générale des Sucreries ct de la Raffinerie d'Egypte
C00498,Sénat,senat,1938;1942;1947,3,Sénal ;; Sénat
C00499,T!1e Alexandrin Navigation Cy. Ltcl. (London),t 1e alexandrin navigation cy ltcl london,1938,1,T!1e Alexandrin Navigation Cy. Ltcl. (London)
C00500,TJ1c Gabbari Land Co,tj1c gabbari land co,1938,1,TJ1c Gabbari Land Co
C00501,Technique de la Nitrate Corporation of Chile Ltd. (Egypt and Near East Branch),technique nitrate corporation chile egypt near east branch,1938;1950,2,Technique de la Nitrate Corporation of Chile Ltd. (Egypt & Near East Branch) ;; Technique de la Nitrate Corporation of Chile Ltd. (Egypt and Near East Branch)
C00502,Technique de la Salonica Cigarette Co .. S. A. E,technique salonica cigarette co s e,1938;1950,2,Technique Salonica Cigarettes Company ;; Technique de la Salonica Cigarette Co .. S. A. E
C00503,The,,1938,1,The
C00504,"The ,\lcxnndt'ia Excilange Co. Ud. ct cle l'Alexandrin & Hnmlclt Huilways Co",lcxnndt ia excilange co ud ct cle alexandrin hnmlclt huilways co,1938,1,"The ,\lcxnndt'ia Excilange Co. Ud. ct cle l'Alexandrin & Hnmlclt Huilways Co"
C00505,"The Hinshelwood Paint & Oil Co. of Egypt, S.A.E",hinshelwood paint oil co egypt s e,1938;1942;1947;1950,4,"Sté Hinshelwood Paint & Oil Cy of Egypt ;; The 1-Iinshelwood Paint & Oil Co. of Egypt, S.A.E ;; The Hin- shelwood Paint & Oil Co. of Egypt, S.A.E ;; The Hinshel- wood Paint & Oil Co. of Egypt, S.A.E ;; The Hinshel- wood Paint & Oil Co. of Egypt. S.A.E ;; The Hinshel- wo~d Paint & Oil Co. of Egypt, S.A.E ;; The Hinshelwood Paint & Oil Co. of Egypt, S.A.E ;; The Hinshelwood Paint & Oil Co. of Egypt, S.A.E. la ;; The Hinshelwood Paint & Oil Co. of Egypt, s.,\..E ;; The Hinshelwood Paint & Oil Cy. of Egypt, S A.E ;; The Hinshelwood Paint & Oil Cy. of Egypt, S.A.E ;; The Hinshelwood Paint 1& Oil Co. of Egypt, S.A.E ;; The Hinshelwood Paint and Oil Co. of Egypt, S.A.E ;; The Hinshelwood ~aint & Oil Co. of Egypt, S.A.E"
C00506,The Aboukir Co,aboukir co,1938;1942;1947;1950,4,Aboukir Co ;; Aboukir Cy ;; Aboukir Cy. Ltd ;; The Aboukir Co ;; The Aboukir Co. Ltd ;; The Aboukir Cy
C00507,The Aboul<ir Co,aboul ir co,1938,1,The Aboul<ir Co
C00508,The African Enterprise &,african enterprise,1938,1,The African Enterprise &
C00509,The Alexandria Cotton Trading Co,alexandria cotton trading co,1938;1947;1950,3,"Alexandria Cotton Trading ;; Alexandria Cotton Trading Co ;; Alexandria Cotton Trading Company S.A.E ;; The Alexandria Cotton Trading Co ;; «The Alexandria Cotton Trading Co., S.A.E"
C00510,"The Amalgamated lee Factories & Cold Stores, S.A.E",amalgamated lee factories cold stores s e,1938;1942;1947;1950,4,"The Amalgamaled Ice Faclories and Cold Slores, S.A.E ;; The Amalgamaled Ice Faclories and Cold Stores, S.A.E ;; The Amalgamated Ice Factories& Cold Stores, S.A.E ;; The Amalgamated lee Factories & Cold ;; The Amalgamated lee Factories & Cold Stores ;; The Amalgamated lee Factories & Cold Stores, S.A.E ;; The Amalgamated lee Factories and Cold. Stores, S.A.E"
C00511,The Anglo-Belgian Co. ct de la Société Egyptienne de Ciment Portland Tomall,anglo belgian co ct ciment portland tomall,1938,1,The Anglo-Belgian Co. ct de la Société Egyptienne de Ciment Portland Tomall
C00512,The Anglo-Belgian Co. ct de la Société Viticole et Vinicolecl'Egyptc,anglo belgian co ct viticole vinicolecl egyptc,1938,1,The Anglo-Belgian Co. ct de la Société Viticole et Vinicolecl'Egyptc
C00513,The Anglo-Egy11tiun Oillïclcl,anglo egy11tiun oilliclcl,1938,1,The Anglo-Egy11tiun Oillïclcl
C00514,"Asia & Africa Trading CY., S.A.E",asia africa trading cy s e,1938;1942;1950,3,"Asia & Africa Trading CY., S.A.E ;; Asia & Africa Trading Co. S.A.E ;; Asia & Africa Trading Co., S.A.E ;; The Asia & Africa Trading Co"
C00515,The Bottled Gas Co,bottled gas co,1938;1942;1947;1950,4,The Bottled Gas Co ;; The Bottled Gas Company ;; The Bottled Gas. Co
C00516,The British Egyptian Cotton Cy. Ud,british egyptian cotton cy ud,1938,1,The British Egyptian Cotton Cy. Ud
C00517,The Cairo& Financial Cy,cairo financial cy,1938,1,The Cairo& Financial Cy
C00518,The Choremi Benachi Cotton Co,choremi benachi cotton co,1938;1942;1947;1950,4,"Choremi Benachi Cotton Co ;; Choremi Benachi Cotton Cy ;; Choremi Benachi Cotton Gy ;; The Choremi Benachi Col- ton Co ;; The Choremi Benachi Cot- ton Co ;; The Choremi Benachi Cotton Co ;; The Choremi, Benachi Cotton Co ;; The Choremi, J3enachi Cotton Co"
C00519,The Choremi l3enn.clli Cotton Co,choremi l3enn clli cotton co,1938,1,The Choremi l3enn.clli Cotton Co
C00520,The Egyplian Ilolels l .tel,egyplian ilolels tel,1938,1,The Egyplian Ilolels l .tel
C00521,The Egyptian Land & Buildings Co,egyptian land buildings co,1938;1947;1950,3,"Egyptian Land & Building ;; The Egyplian Land & Building Cy ;; The Egyptian Land & Building ;; The Egyptian Land & Building Co ;; The Egyptian Land & Buildings Co ;; The Egyptian Land .& BuildiJ ;; The Egyptian Land .& Buildings Co ;; The Egyptian Land and Buildings Co., S.A.E ;; The Egyptian Land ·~ Buildings Co ;; the Egyptian Land & Buildings Co ;; the Egyption Land & Buildings Co"
C00522,"The Egyptian Copper Works, S.A.E",egyptian copper works s e,1938;1942;1947;1950,4,"Egyptian Cop- per Works, S.A.E ;; Egyptian Copper Works ;; Egyptian Copper Works, S.A.E ;; The Egvplian Copper Works, de la ;; The Egvptian Copper Works, S.A.E ;; The Egyp- lian Copper Works, S.A.E ;; The Egyplian Cop- per Works, S.A. E ;; The Egyptian Coppcr \\'orks, S.A.E ;; The Egyptian Coppcr\Vorks, S.A.E ;; The Egyptian Copper 'vVorks, S.A.E ;; The Egyptian Copper Works ;; The Egyptian Copper Works S.A.E ;; The Egyptian Copper Works, S.A.E ;; The Egyptian Copper Works. S.A.E ;; The Egyptian Copper \Vorks, S.A.E ;; The Egyptiau Copper \\""orks ;; d • The EgypLian Copper Works, S.A.E"
C00523,"The Egyptian Copper Wor·l<s, S.A.E",egyptian copper wor s s e,1938;1942,2,"The Egyptian Copper ;; The Egyptian Copper Wor·l<s, S.A.E"
C00524,"The Egyptian Copper vVorks, S.A.E. et clé l'Alexanclria Transport Co",egyptian copper vvorks s e cle alexanclria transport co,1938,1,"The Egyptian Copper vVorks, S.A.E. et clé l'Alexanclria Transport Co"
C00525,The Egyptian Delta Rice Mills Co,egyptian delta rice mills co,1938;1942,2,The Egyplian DeMa Rice Mills Co ;; The Egyptian Delta Rice Mills Co
C00526,The Egyptian Engineering,egyptian engineering,1938,1,The Egyptian Engineering
C00527,The Egyptian Road Construction,egyptian road construction,1938;1942;1947,3,"Egyplian Road Conslruction Co ;; Egyptian Road Construction ;; Egyptian Road Construction Co. S.A.E ;; Egyptian Road Construction Co., S.A.E ;; PEgyplian Road and Construction Co. S.A.E ;; The Egyplian Road Construction Co ;; The Egyptian Huad Construction Co ;; The Egyptian Road Construction ;; The Egyptian Road Construction Co"
C00528,"The Egyplian Neon Lights Co., S.A.E",egyplian neon lights co s e,1938;1942;1947;1950,4,"The Egvplian Neon Light Co ;; The Egvplian Neon Lights Co ;; The Egyplian Neon Light Co. S.A.E ;; The Egyplian Neon Lights Co., S.A.E ;; The Egyptian Neon Light Cy ;; The Egyptian Neon Lights Co. S.A.E ;; The Egyptian Neon Lights Co., S.A.E"
C00529,The Egyptian Petroleum Storage Co,egyptian petroleum storage co,1938;1942;1947;1950,4,"Egyptian Petroleum Storage ;; Th""' Egyptian Petroleum Storage ;; The Egyplian Petroleum Storage ;; The Egyplian Petroleum Storage Co ;; The Egyptian Petroleum Storage ;; The Egyptian Petroleum Storage Co ;; l 'Egyptian Petroleum Storai)e Co"
C00530,The Egyptian Trading Co. Ltcl. (Liverpool),egyptian trading co ltcl liverpool,1938,1,The Egyptian Trading Co. Ltcl. (Liverpool)
C00531,The Elcctric,elcctric,1938,1,The Elcctric
C00532,The Elcdrit,elcdrit,1938,1,The Elcdrit
C00533,"and Engineering Co. of Egvpl, S.A.E",engineering co egvpl s e,1938;1942,2,"& Engineering Co. of Egvpl ;; The Engineering Co of Egypl ;; and Engineering Co. of Egvpl, S.A.E"
C00534,Fayoum Light Railways Co,fayoum light railways co,1938;1942;1947;1950,4,Fayoum Light Railways Co ;; Fayoum Light Railways Cv ;; The Fayoum LighL Rail ways Co ;; The Fayoum Light Railwavs Co ;; The Fayoum Light Railways Co
C00535,The General AcciclcnL Fire & Lifc Assurance Corp. Lld,general acciclcnl fire lifc assurance corp lld,1938,1,The General AcciclcnL Fire & Lifc Assurance Corp. Lld
C00536,The General Accident Fire & Life Assumncc Corporation Ud. (Nca1· Easl Board),general accident fire life assumncc corporation ud nca1 easl board,1938,1,The General Accident Fire & Life Assumncc Corporation Ud. (Nca1· Easl Board)
C00537,The Gharbieh Land Co. (Résiùant à Londres),gharbieh land co resiuant londres,1938,1,The Gharbieh Land Co. (Résiùant à Londres)
C00538,The Kaf1· El Znynt Collun Compally,kaf1 el znynt collun compally,1938,1,The Kaf1· El Znynt Collun Compally
C00539,The National J3ank of Egypt ct de The National Insurance Co,national j3ank egypt ct national insurance co,1938,1,The National J3ank of Egypt ct de The National Insurance Co
C00540,The New Egyplian Coy,new egyplian coy,1938,1,The New Egyplian Coy
C00541,"The Nile Ginning Co., S.A.E",nile ginning co s e,1938;1942;1947;1950,4,"The Nile Ginning Co ;; The Nile Ginning Co. (S.A.) ;; The Nile Ginning Co., S.A ;; The Nile Ginning Co., S.A.E ;; The Nile Ginning Company, S.A.E"
C00542,Nile Ginning Co. S.A.E. (Minia),nile ginning co s e minia,1938;1942;1947;1950,4,"Nile Ginning Co. S.A.E. (Minia) ;; Nile Ginning Co., S.A.E. (Minia) ;; The Nile Ginning Co., S.A.E. (Minia). s"
C00543,The Sheffield Co. (Egypt) S.A.E,sheffield co egypt s e,1938;1942;1947,3,The Sheffield ;; The Sheffield Co. (Egypt) S.A.E
C00544,"The Sheffield Smelting Co. (Egypt), S.A",sheffield smelting co egypt s,1938;1942;1947;1950,4,"The Sheffield Smelling Co. (Egypt) S.A.E ;; The Sheffield Smelting Co. (Egypt) S.A ;; The Sheffield Smelting Co. (Egypt), S.A ;; The Sheffield Smelting Co. (Egypt), S.A.E ;; The Sheffield Smelting Co. (Egypt), S.A.E. v ;; The Shel- field Smelling Co. (Egypt), S.A ;; The Sl1cfficld Smelling Co. (Egypt), S.A.K"
C00545,The Simon Artz,simon artz,1938,1,The Simon Artz
C00546,The Texas Oil Co. Lld. (Londres),texas oil co lld londres,1938;1942,2,The Texas Oil Co. Lld. (Londres) ;; The Texas Oil Co. Ltd. (Londres)
C00547,"The Trac tor& Engineering Co., S .. \.E. ·'",trac tor engineering co s e,1938,1,"The Trac tor& Engineering Co., S .. \.E. ·'"
C00548,The United Egyplii,united egyplii,1938,1,The United Egyplii
C00549,The Upper Bgypt Ginning Factory,upper bgypt ginning factory,1938,1,The Upper Bgypt Ginning Factory
C00550,The Upper Egypt Ginning Co,upper egypt ginning co,1938;1942;1947;1950,4,"The Upper Egypt Ginning Co ;; The Upper Egypt Ginning Co., S. A. E ;; The Upper Egypt Ginning Co., S.A.E ;; The Upper Egypt Ginning Co~ S.A.E ;; The pper Egypt Ginning Co ;; Upper Egypt Ginning ;; Upper Egypt Ginning Co ;; Upper Egypt Ginning Co. S.A.E ;; Upper Egypt Ginning Co., .A.E ;; Upper Egypt Mini.ng Cy ;; Upper Egypt Mining Co ;; Upper Egypt Mining Co., S.A.E ;; Upper Egypt Mining Co., S.A.K ;; Upper Egypt Mining Cy ;; Upper-Egypt Mining Co"
C00551,The ational Pctrolrum Co. ct de la Société Egyptienne des P6L!·olcs,ational pctrolrum co ct p6l olcs,1938,1,The ational Pctrolrum Co. ct de la Société Egyptienne des P6L!·olcs
C00552,The l,,1938,1,The l
C00553,"The r,ond Agenl'y of Egypt",r ond agenl y egypt,1938,1,"The r,ond Agenl'y of Egypt"
C00554,The. Land Baui<. of Egy11L,land baui egy11l,1938,1,The. Land Baui<. of Egy11L
C00555,"Thr Sl1effield Smclling Co. (Egypl), S.A.E",thr sl1effield smclling co egypl s e,1938,1,"Thr Sl1effield Smclling Co. (Egypl), S.A.E"
C00556,Tilbury Contracting & Dredging Co. (Foreign) Ltd,tilbury contracting dredging co foreign,1938;1942;1947;1950,4,"Tilburv Contrac- ing & Dredging Co. (Foreign, Lid ;; Tilbury Contracting & Dredging Co. (Foreign) Ltd ;; Tilbury Contracting & Dredging Co. (Foreign) Ucl"
C00557,"Tissage de Laine, S.A.E",tissage laine s e,1938;1942;1947,3,"Tissage de Laine ;; Tissage de Laine, S.A.E ;; Tissage, de Laine"
C00558,Tite Aboukir Co,tite aboukir co,1938,1,Tite Aboukir Co
C00559,Tite Egyplian Sull & Soda Co. Ucl,tite egyplian sull soda co ucl,1938,1,Tite Egyplian Sull & Soda Co. Ucl
C00560,Tl1c rational Bank of Egypt,tl1c rational bank egypt,1938,1,Tl1c rational Bank of Egypt
C00561,Tl1e Alexandria Insurance Co,tl1e alexandria insurance co,1938,1,Tl1e Alexandria Insurance Co
C00562,Tl1e Building Lands of Egypt,tl1e building lands egypt,1938,1,Tl1e Building Lands of Egypt
C00563,"TlJC Egyplinn General Omnibus Co., S.A.E",tljc egyplinn general omnibus co s e,1938,1,"TlJC Egyplinn General Omnibus Co., S.A.E"
C00564,Tlic Chorcn1i Bcnacl1i Cotton Co,tlic chorcn1i bcnacl1i cotton co,1938,1,Tlic Chorcn1i Bcnacl1i Cotton Co
C00565,Tllc Eledrir,tllc eledrir,1938,1,Tllc Eledrir
C00566,"Tllc Invicla Manufaclnring Co. of Egypt, S.A..E",tllc invicla manufaclnring co egypt s e,1938,1,"Tllc Invicla Manufaclnring Co. of Egypt, S.A..E"
C00567,"Tlle Egyptian Cottun Ginn~·s & Exporters, S.E",tlle egyptian cottun ginn s exporters s e,1938,1,"Tlle Egyptian Cottun Ginn~·s & Exporters, S.E"
C00568,"Tlle Imperial Chemical Industries (Egypt), S.A",tlle imperial chemical industries egypt s,1938,1,"Tlle Imperial Chemical Industries (Egypt), S.A"
C00569,Tlte National Insurance Co. of Egypt,tlte national insurance co egypt,1938,1,Tlte National Insurance Co. of Egypt
C00570,"Toukhy's Co. for Sundries & Toys, S.A.E",toukhy s co sundries toys s e,1938;1942;1947;1950,4,"- Hon de la Toukh\'s Co. for Sundries & Toys, S.A.E ;; Toukh\'s Co. for Sundries & Toys, S.A.E ;; Toukh\'s Co. lor Sundries & Toys, S.A.E ;; Toukhv's Co. for Sundries & Tovs. S.A.E ;; Toukhy's Co. [or Sundries Toys, S.A.E ;; Toukhy's Co. for Sundries & Toys, S.A.E ;; Toukhy's Co. for Sundries and Toys, S.A.E ;; Toukhy's Co. for Sundries.& Toys, S.A.E ;; Toukhy's Co. l'or Sundries & Toys, S.A.E ;; Toukhy’s Co. for Sundries& Toys, S.A. E ;; Toul<hy's Co. for Sundl'ies and Toys, S.A.F ;; Toul<hy's Co. for Sundries & Toys, S.A.E"
C00571,"Toukhy's Co. for Sundries & Toys, S.A.E. Giannotl.i, VitlO!'io, Commandeur de la Couronne d'Italie",toukhy s co sundries toys s e giannotl i vitlo io commandeur couronne italie,1938,1,"Toukhy's Co. for Sundries & Toys, S.A.E. Giannotl.i, VitlO!'io, Commandeur de la Couronne d'Italie"
C00572,Trading & Industrial,trading industrial,1938,1,Trading & Industrial
C00573,"Trading & Industrial Corp., S.A.E",trading industrial corp s e,1938;1942;1947;1950,4,"Trading & Industrial Corp. S.A.E ;; Trading & Industrial Corp., S.A.E ;; Trading In- dustrial Corp. S.A.E ;; Trading Industrial Corp. S.A.E ;; Trading& Industrial Corp., S.A.E ;; Trading.& lndustrial Corp., S.A.E"
C00574,"Union ,lle.Tandrirze, Gm·nd O!ficie7· cle la Co'Uronnc d'Italie, Chevalier Sls. Mato-rice cC",union lle tandrirze gm nd o ficie7 cle co uronnc italie chevalier sls mato rice cc,1938,1,"Union ,lle.Tandrirze, Gm·nd O!ficie7· cle la Co'Uronnc d'Italie, Chevalier Sls. Mato-rice cC"
C00575,Union Internationale des Puli'Olcs ct clc J'Union des PNrulcs des Martigues,union internationale puli olcs ct clc j union pnrulcs martigues,1938,1,Union Internationale des Puli'Olcs ct clc J'Union des PNrulcs des Martigues
C00576,Union Syndicale des Compagnies d'Assurances à p1 imes fixes de toutenature,union syndicale compagnies assurances p1 imes fixes toutenature,1938,1,Union Syndicale des Compagnies d'Assurances à p1 imes fixes de toutenature
C00577,'Upper Egvpt Ginning Co,upper egvpt ginning co,1938;1942,2,'Upper Egvpt Ginning Co ;; Upper Egvpt Ginning Co ;; Upper Egypl Ginning Cy
C00578,Usines Réunies d'Egrenage,usines reunies egrenage,1938;1942;1947;1950,4,"Usines Ré,mies d'Egrenage ;; Usines Réunies d'Egrenage ;; Usines Réunies d’Egrenage ;; Usines Réun~es d'Egrenage ;; Usini'S Réuniès d'Egrenage"
C00579,Usines Textiles Al-1\,usines textiles al 1,1938;1947,2,Usines Textiles ((Al ;; Usines Textiles Al-1\
C00580,Usines Textiles Al-Kahira,usines textiles al kahira,1938;1942;1947;1950,4,"Usines Texiiles «Al-Kahira» ;; Usines Textiles <<Al-Kahira», S.A.E ;; Usines Textiles A-Kahira ;; Usines Textiles AI-Kahira ;; Usines Textiles Al Kahira ;; Usines Textiles Al-1\ahira ;; Usines Textiles Al-Kahira ;; Usines Textiles «AI Kahira», S.A.E ;; Usines Textiles «Al Kahira » ;; Usines Textiles «Al Kahiran, S.A.E ;; Usines Textiles «Al Kahira» ;; Usines Textiles «Al Kahira» S.A.E ;; Usines Textiles «Al- Kahira» ;; Usines Textiles «Al-Kahiran ;; Usines Textiles «Al-Kahira», S.A.E ;; Usines Textiles«Al-Kahira», S.A.E ;; Usinrs Textiles Al-Knllira, S.,\.E"
C00581,Usines d'Egrenage,usines egrenage,1938,1,Usines d'Egrenage
C00582,"Société Viticole et Vinicole d'Egypte, S.A.E",viticole vinicole egypte s e,1938;1942;1947;1950,4,"""Société Viticole et Vinicol~t d'Egypte S.A.E.n ;; Société Vilicole et Vinicols d'Egypte ;; Société Viticole & Vinicole d'Egypte ;; Société Viticole el Vinicole d'Egypte, S.A.E ;; Société Viticole et Vinicole d'Egypte, S.A.E ;; Société Viticole et· Vinicole d'Egypte S.A.E ;; Sté Viticole et Vinicole d'Egypte ;; Sté. Viticole & Vinicole d'Egypte ;; Sté. Viticole .& Vinicole d'Egypte ;; Sté. Viticole et Vinicole d'Egypt.8 ;; Sté. Viticole et Vinicole d'Egypte, S.A.E ;; Viticole & Vinicole d'Egypte ;; Viticole et Vinicole d'Egypte ;; «Société Vilicole el Vinicole d'Egypte, S.A.E.»"
C00583,\.omité de Surveillance de la S.A. Agricole cL Industrielle d'EgypLe,omite surveillance s agricole cl industrielle egyple,1938;1942,2,Comite de Surveillance de Ja S.A. Agricole el Industrielle d'Egyvple ;; \.omité de Surveillance de la S.A. Agricole cL Industrielle d'EgypLe
C00584,"\clminislra-tion clc la Soeiél.é Egypliermc de Filature cl de Tissage de !""aine, S.A.E",clminislra tion clc soeiel e egypliermc filature cl tissage aine s e,1938,1,"\clminislra-tion clc la Soeiél.é Egypliermc de Filature cl de Tissage de !""aine, S.A.E"
C00585,"\dlttiuislr<tltull de la S.,\. Financière cL Immobilière",dlttiuislr tltull s financiere cl immobiliere,1938,1,"\dlttiuislr<tltull de la S.,\. Financière cL Immobilière"
C00586,"_'ile Oil Co., S.A.E",ile oil co s e,1938,1,"_'ile Oil Co., S.A.E"
C00587,"a ti on de The Simon At tz Stores, S.A.E",ti on simon at tz stores s e,1938,1,"a ti on de The Simon At tz Stores, S.A.E"
C00588,au Consortium de Loteries (F.A.E.P.A.E.),consortium loteries f e p e,1938;1942;1947,3,au Consortium de Loteries (F. A.I.P.A.E.) ;; au Consortium de Loteries (F.A.E.P.A.E.)
C00589,"cL Adn<inislratcur de la Pcllours, S.A.E",cl adn inislratcur pcllours s e,1938,1,"cL Adn<inislratcur de la Pcllours, S.A.E"
C00590,cL Dirccl.eur Générnl cie In Société Anonyme Ag1·icole ct Jncluslriclle d'Egyple,cl dirccl eur genernl cie in ag1 icole ct jncluslriclle egyple,1938,1,cL Dirccl.eur Générnl cie In Société Anonyme Ag1·icole ct Jncluslriclle d'Egyple
C00591,"cl' Admini straLion de la Banque Belge ct Internationale en Egyptc, S.A.E",cl admini stralion banque belge ct internationale egyptc s e,1938,1,"cl' Admini straLion de la Banque Belge ct Internationale en Egyptc, S.A.E"
C00592,cl'Aclministmlion de la S.A. de,cl aclministmlion s,1938,1,cl'Aclministmlion de la S.A. de
C00593,cl'Admi.nisLmtion de la S.A. Agricole ct Induskiellc d'EgypLe,cl admi nislmtion s agricole ct induskiellc egyple,1938,1,cl'Admi.nisLmtion de la S.A. Agricole ct Induskiellc d'EgypLe
C00594,cl'Adminis_tra·tion de la National Bank of Egypt,cl adminis tra tion national bank egypt,1938,1,cl'Adminis_tra·tion de la National Bank of Egypt
C00595,cl'J\administration de la. S.A. des Chemins de Fer l\.éneh-Assouan ct de la. S.A. des Halles Centrales d'Egypte,cl j administration s chemins fer eneh assouan ct s halles centrales egypte,1938,1,cl'J\administration de la. S.A. des Chemins de Fer l\.éneh-Assouan ct de la. S.A. des Halles Centrales d'Egypte
C00596,clc Tilc Manmc Co. of Egypt,clc tilc manmc co egypt,1938,1,clc Tilc Manmc Co. of Egypt
C00597,"cle lu Société Hongro-EgypLienne pom le Commerce, S. A. ct de la Socié16 des Autobus du Caire",cle lu hongro egyplienne pom commerce s ct socie16 autobus caire,1938,1,"cle lu Société Hongro-EgypLienne pom le Commerce, S. A. ct de la Socié16 des Autobus du Caire"
C00598,clr Tite Egyplian Engineering Slm·cs,clr tite egyplian engineering slm cs,1938,1,clr Tite Egyplian Engineering Slm·cs
C00599,"clç lu S.E. de Ciment Pnrllnn<l ToiJJ'ah, l_c Caire",clc lu s e ciment pnrllnn toijj ah c caire,1938,1,"clç lu S.E. de Ciment Pnrllnn<l ToiJJ'ah, l_c Caire"
C00600,"d ',\clminislmtion de l'.\lcxuudria Central Buildings",clminislmtion lcxuudria central buildings,1938,1,"d ',\clminislmtion de l'.\lcxuudria Central Buildings"
C00601,d3 la Société de Statistique de Paris,d3 statistique paris,1938;1942,2,Société de Statistique de Paris ;; d3 la Société de Statistique de Paris
C00602,delu oriét6 des Autobus de Béhéra,delu oriet6 autobus behera,1938,1,delu oriét6 des Autobus de Béhéra
C00603,dlf Conseil d'Administration de la Société Générale des Sucreries,dlf conseil administration generale sucreries,1938,1,dlf Conseil d'Administration de la Société Générale des Sucreries
C00604,do l'Union Alexandrine,do union alexandrine,1938,1,do l'Union Alexandrine
C00605,dr la S .. \. elu Domaine de,dr s elu domaine,1938,1,dr la S .. \. elu Domaine de
C00606,ear Ea t,ear ea t,1938,1,ear Ea t
C00607,"elu Co11seil d',\clminislntlion de lo S.A. des Prcs.-cs Libres Eg~·pticunes",elu co11seil clminislntlion lo s prcs cs libres eg pticunes,1938,1,"elu Co11seil d',\clminislntlion de lo S.A. des Prcs.-cs Libres Eg~·pticunes"
C00608,"elu Comite de Surveillance de la Compagnie de Navigation"" La Fluviale, F. Van Der Zee & Co",elu comite surveillance navigation fluviale f van der zee co,1938,1,"elu Comite de Surveillance de la Compagnie de Navigation"" La Fluviale, F. Van Der Zee & Co"
C00609,"elu Con cil d'Administrationcle The l\lcnzuleil Canal & ~avigalion Co., S.A.E",elu con cil administrationcle lcnzuleil canal avigalion co s e,1938,1,"elu Con cil d'Administrationcle The l\lcnzuleil Canal & ~avigalion Co., S.A.E"
C00610,elu Cons~il d'Administration de The Alcxunclria Exchan.ge Co,elu cons il administration alcxunclria exchan ge co,1938,1,elu Cons~il d'Administration de The Alcxunclria Exchan.ge Co
C00611,elu Crédit,elu credit,1938,1,elu Crédit
C00612,elu Crédit Agricole d'Egyptc,elu credit agricole egyptc,1938;1942,2,Crédit Agricole d'E- gyple ;; elu Crédit Agricole d'Egyptc
C00613,Crédit Lyonnais à Alexandrie,credit lyonnais alexandrie,1938;1942;1947,3,Crédit Lyonnais à Alexandrie ;; elu Crédit Lyonnais à Alexandrie
C00614,"elu Go""LLvernenwnt aupTès etes ]jourses des Valeurs",elu go llvernenwnt auptes etes jourses valeurs,1938,1,"elu Go""LLvernenwnt aupTès etes ]jourses des Valeurs"
C00615,en Droit de rU niversile de Paris,droit ru niversile paris,1938,1,en Droit de rU niversile de Paris
C00616,en Egyptc de The Egyptüm Delta Light I\ailwuys Co,egyptc egyptum delta light i ailwuys co,1938,1,en Egyptc de The Egyptüm Delta Light I\ailwuys Co
C00617,en Egyptc de la Sinn.iiVlining Co. Lld,egyptc sinn iivlining co lld,1938,1,en Egyptc de la Sinn.iiVlining Co. Lld
C00618,et Admi-,admi,1938,1,et Admi-
C00619,ete la Fédémtion des Industries en Egypte,ete fedemtion industries egypte,1938,1,ete la Fédémtion des Industries en Egypte
C00620,Fi- liales Egypliennes de la Dresdner Bank,fi liales egypliennes dresdner bank,1938;1942;1947,3,FIliales Egyptiennes de la Dresdner B(\nk ;; Fi- liales Egypliennes de la Dresdner Bank ;; filiales égyptiennes de la Dre'3dner Bank
C00621,i\lcxnndria Insumncc Co,i lcxnndria insumncc co,1938,1,i\lcxnndria Insumncc Co
C00622,"ile Oil Cy., Crédit Minier S.E. de Buca!'csl",ile oil cy credit minier s e buca csl,1938,1,"ile Oil Cy., Crédit Minier S.E. de Buca!'csl"
C00623,"la~ot'iélé .\IIOll) 111r' Eg) plit•uue de· Cuus[l'l[('liuns ""Egyco n",ot iele iioll 111r eg plit uue cuus liuns egyco n,1938,1,"la~ot'iélé .\IIOll) 111r' Eg) plit•uue de· Cuus[l'l[('liuns ""Egyco n"
C00624,S.A. Pharos,s pharos,1938;1942;1947;1950,4,"S.A. PHAROS ;; S.A. Pharos ;; la· S.A. "" Pharos »"
C00625,lfl cw Egyplian Co. LLd,lfl cw egyplian co lld,1938,1,lfl cw Egyplian Co. LLd
C00626,lion de la Banque Belge ct lntcmnlionalc en Egyple,lion banque belge ct lntcmnlionalc egyple,1938,1,lion de la Banque Belge ct lntcmnlionalc en Egyple
C00627,"ln Commercial Bank of Egypt. lsmalun, René, Ingénieur ,tgronome, l.N .. \",ln commercial bank egypt lsmalun rene ingenieur tgronome n,1938,1,"ln Commercial Bank of Egypt. lsmalun, René, Ingénieur ,tgronome, l.N .. \"
C00628,ln S.E. cl'ltTig.1lion,ln s e cl lttig 1lion,1938,1,ln S.E. cl'ltTig.1lion
C00629,ln Soc,ln soc,1938,1,ln Soc
C00630,ln Société des Biens de Rapport cl' Egypte,ln biens rapport cl egypte,1938,1,ln Société des Biens de Rapport cl' Egypte
C00631,lu Fabrique clcs Produits Chillli<J ues,lu fabrique clcs produits chillli j ues,1938,1,lu Fabrique clcs Produits Chillli<J ues
C00632,lu Khedivial Mail Slcamship & Graving Docks Co. Ltcl. i7,lu khedivial mail slcamship graving docks co ltcl i7,1938,1,lu Khedivial Mail Slcamship & Graving Docks Co. Ltcl. i7
C00633,lu S.A. de\Vacli 1\.om Omho,lu s vacli 1 om omho,1938,1,lu S.A. de\Vacli 1\.om Omho
C00634,lu S.A. des Monts de Piété,lu s monts piete,1938,1,lu S.A. des Monts de Piété
C00635,lu S.A. desllulles Centrales d'EgypLe,lu s desllulles centrales egyple,1938,1,lu S.A. desllulles Centrales d'EgypLe
C00636,lu Soc1été Egyptienne de Placements,lu soc1ete egyptienne placements,1938,1,lu Soc1été Egyptienne de Placements
C00637,"lu Sociétr~ California Egyptienne de Pétroles, S .• \.E",lu societr california egyptienne petroles s e,1938;1942,2,"So- ciété California Egvyptienne des Pétroies ;; Sociélé California Egyplienne de Pélroles, S.A.E ;; lu Sociétr~ California Egyptienne de Pétroles, S .• \.E"
C00638,lu Société Cotonnière d'Egypte,lu cotonniere egypte,1938;1947;1950,3,"Cotonnière ;; Sté Cotonnière d'Egypte ;; Sté. Cotonnière d'Egypte ;; lu Société Cotonnière d'Egypte ;; «La Cotonnière"" ;; «La Cotonnière»"
C00639,lu Société Egyptienne cl 'Eu trcp1-iscs Urbailws ct Rumlcs,lu cl eu trcp1 iscs urbailws ct rumlcs,1938,1,lu Société Egyptienne cl 'Eu trcp1-iscs Urbailws ct Rumlcs
C00640,lu Société Générale pour favoriser le dévcloppc Jilenl elu Commel'(,lu generale favoriser devcloppc jilenl elu commel,1938,1,lu Société Générale pour favoriser le dévcloppc Jilenl elu Commel'(
C00641,lu Société Immobilière de Boulac. (Domicilié à Paris),lu immobiliere boulac domicilie paris,1938,1,lu Société Immobilière de Boulac. (Domicilié à Paris)
C00642,lu Société de Navigation Fluviale cL des Bateaux Omnibus,lu navigation fluviale cl bateaux omnibus,1938,1,lu Société de Navigation Fluviale cL des Bateaux Omnibus
C00643,lu s ..\ . des Tramways elu Caire,lu s tramways elu caire,1938,1,lu s ..\ . des Tramways elu Caire
C00644,denombreuses Sociétés belges et étrangères,denombreuses societes belges etrangeres,1938;1942;1947,3,denombreuses Sociétés belges et étrangères ;; nombreuses Sociétés Belges et Etrangères ;; nombreuses Sociétés belge et étrangères ;; nombreuses sociétés belges et étrangères
C00645,ociélé de Hégic des Revenusaffectés nu Service de lu Dette Pul.Jiiquc Hellénique,ociele hegic revenusaffectes nu service lu dette pul jiiquc hellenique,1938,1,ociélé de Hégic des Revenusaffectés nu Service de lu Dette Pul.Jiiquc Hellénique
C00646,"ociété Nationale d'Egypte pour l'Exploitation des Mines ct Carrières, S. A. E",ociete nationale egypte exploitation mines ct carrieres s e,1938,1,"ociété Nationale d'Egypte pour l'Exploitation des Mines ct Carrières, S. A. E"
C00647,p.i. de la Sociélé Géné- rale d’Electricité el de Mécanique,p i sociele gene rale electricite el mecanique,1938;1942;1950,3,So- ciété Générale d'Electricité el de Mécanique ;; Sociélé Générale d’'Electricité el de Mécanique ;; Société Générale d'Electricité el de Mécanique ;; Sté Générale d'Electricité et Mécanique ;; p.i. de la Sociélé Géné- rale d’Electricité el de Mécanique ;; p.i. de la Société Gé11én1lc d'Elcclricilé cL de Mécanique
C00648,"p.i. du Conseil d'Administration~n clc The Union CoLLan Cy.-of Alcxandl""ia, S.A",p i conseil administration n clc union collan cy alcxandl ia s,1938,1,"p.i. du Conseil d'Administration~n clc The Union CoLLan Cy.-of Alcxandl""ia, S.A"
C00649,plusieurs Sociétés Anglaises,plusieurs societes anglaises,1938,1,plusieurs Sociétés Anglaises
C00650,rlu Conseil d'Administration de la S.A.E. de l'Industrie Fibres Textiles,rlu conseil administration s e industrie fibres textiles,1938,1,rlu Conseil d'Administration de la S.A.E. de l'Industrie Fibres Textiles
C00651,socidé Gént'~1 ale de Pressage cl de Dépôt~,socide gent 1 ale pressage cl depot,1938,1,socidé Gént'~1 ale de Pressage cl de Dépôt~
C00652,"toutes les Entreprises Misr, financières, commerciales et industrielles, fondées par la Banque Misr en Egypte et à l'étranger",toutes entreprises misr financieres commerciales industrielles fondees par banque misr egypte etranger,1938,1,"toutes les Entreprises Misr, financières, commerciales et industrielles, fondées par la Banque Misr en Egypte et à l'étranger"
C00653,toutes les Sociétés créées par le Groupement Misr,toutes societes creees par groupement misr,1938,1,toutes les Sociétés créées par le Groupement Misr
C00654,~tr de l'Egypte Industrielle,tr egypte industrielle,1938,1,~tr de l'Egypte Industrielle
C00655,~tration de la Banque d'Athènes,tration banque athenes,1938,1,~tration de la Banque d'Athènes
C00656,·Général de la Statistique Egyptienne,general statistique egyptienne,1938,1,·Général de la Statistique Egyptienne
C00657,"·ation de la Société Texas Egyptienne des Pétroles, S.A.E",ation texas egyptienne petroles s e,1938,1,"·ation de la Société Texas Egyptienne des Pétroles, S.A.E"
C00658,·elu Conseil cl' Administration.on cle la National Bank of Egy.pt,elu conseil cl administration on cle national bank egy pt,1938,1,·elu Conseil cl' Administration.on cle la National Bank of Egy.pt
C00659,à Bruxelles de la Société Belge Egyptienne de l'Ezbékieh,bruxelles belge egyptienne ezbekieh,1938,1,à Bruxelles de la Société Belge Egyptienne de l'Ezbékieh
C00660,«iu Conseil ‘d'Administration de la S.A.E. Carhba,iu conseil administration s e carhba,1938;1942,2,«iu Conseil ‘d'Administration de la S.A.E. Carhba ;; àu Conseil d'Administration de la S.A.E. Cnrbu
C00661,ès-Sciences Politiques et So- ciales,es sciences politiques so ciales,1938;1942,2,ès-Sciences Politiques et So- ciales ;; ès-Sciences Politiques et Soc·iales
C00662,"!a Sociélé Industrielle des Asphalles e! Pétroles de Lallaquiéel de la Egyplian Works & Construction Co., S.A.E",sociele industrielle asphalles e petroles lallaquieel egyplian works construction co s e,1942,1,"!a Sociélé Industrielle des Asphalles e! Pétroles de Lallaquiéel de la Egyplian Works & Construction Co., S.A.E"
C00663,& Engi-,engi,1942,1,& Engi-
C00664,'Ad- administration de lAlexandria Insurance Co,ad administration lalexandria insurance co,1942,1,'Ad- administration de lAlexandria Insurance Co
C00665,'Ad- administration de la Société Carrier-Egvpt. S.A.E,ad administration carrier egvpt s e,1942,1,'Ad- administration de la Société Carrier-Egvpt. S.A.E
C00666,- lation de la. Sié. Immobilière de lAvenue de la Reine,lation sie immobiliere lavenue reine,1942,1,- lation de la. Sié. Immobilière de lAvenue de la Reine
C00667,"- lion cle la Société des Entreprises M. Cockinos, S.A.E",lion cle entreprises m cockinos s e,1942,1,"- lion cle la Société des Entreprises M. Cockinos, S.A.E"
C00668,"- lion de Ja Nalional Bank of Egvpl, de la Land Bank of Egypt",lion ja nalional bank egvpl land bank egypt,1942,1,"- lion de Ja Nalional Bank of Egvpl, de la Land Bank of Egypt"
C00669,- lion de Ja Sociélé Misr d'Assurances Générales,lion ja sociele misr assurances generales,1942,1,- lion de Ja Sociélé Misr d'Assurances Générales
C00670,- lion de Ja Société Egyptienne d'Entreprises el Constructions(S.E.D.E.C.),lion ja entreprises el constructions s e e c,1942,1,- lion de Ja Société Egyptienne d'Entreprises el Constructions(S.E.D.E.C.) ;; Société Eg\p- lienne d'Entreprises el Constructions (S.E.D.E.C.) ;; Société Egvplienne d'Entreprises el Constructions(S.E.D.E.C.) ;; Société Egvptienne d'Entreprises el Constructions (S.E.D.E.C.)
C00671,- lion de The Gharbieh Land Co,lion gharbieh land co,1942,1,- lion de The Gharbieh Land Co
C00672,"- lion de la Marconi Radio Telegraph Co. of Egypl, S.A.E",lion marconi radio telegraph co egypl s e,1942,1,"- lion de la Marconi Radio Telegraph Co. of Egypl, S.A.E"
C00673,"- lion de la Misr Concrele Development Co., S.A.E",lion misr concrele development co s e,1942,1,"- lion de la Misr Concrele Development Co., S.A.E"
C00674,~t- tion de la Sidi Salem Co,t tion sidi salem co,1942;1947,2,- lion de la Sidi Salem Co ;; ~t- tion de la Sidi Salem Co
C00675,- lion de la Sociélé Industrielle et Commerciale d'Egypte(S.I.C.0.),lion sociele industrielle commerciale egypte s i c 0,1942,1,- lion de la Sociélé Industrielle et Commerciale d'Egypte(S.I.C.0.)
C00676,- lion de la Société Coopérative Commerciale de Crédit,lion cooperative commerciale credit,1942,1,- lion de la Société Coopérative Commerciale de Crédit
C00677,"- lion de la Société Immobilière d'Alexandrie, S.A.F",lion immobiliere alexandrie s f,1942,1,"- lion de la Société Immobilière d'Alexandrie, S.A.F"
C00678,- lion de la Société des Aulobus de Béhéra,lion aulobus behera,1942,1,- lion de la Société des Aulobus de Béhéra
C00679,- lion du Banco Ialo-Egiziano,lion banco ialo egiziano,1942,1,- lion du Banco Ialo-Egiziano
C00680,- nisiralion de la S.A. des Immeubles d'Egypte,nisiralion s immeubles egypte,1942,1,- nisiralion de la S.A. des Immeubles d'Egypte
C00681,"- nistralion de la Kafr El Zavat Land Co. fabet, Khalil (Bey), ltédacteur en Chef du Journal At Mokaltan",nistralion kafr el zavat land co fabet khalil bey ltedacteur chef journal at mokaltan,1942,1,"- nistralion de la Kafr El Zavat Land Co. fabet, Khalil (Bey), ltédacteur en Chef du Journal At Mokaltan"
C00682,- nistralion de la Société Egvptienne Financière pour le Commerce el Findustrie,nistralion egvptienne financiere commerce el findustrie,1942,1,- nistralion de la Société Egvptienne Financière pour le Commerce el Findustrie
C00683,"- nistralion de la Société Nalionale de Papier, S.A.E",nistralion nalionale papier s e,1942,1,"- nistralion de la Société Nalionale de Papier, S.A.E"
C00684,"- nistralion de la Société pour la Vente des Produits Egvh- liens, S.A.E",nistralion vente produits egvh liens s e,1942,1,"- nistralion de la Société pour la Vente des Produits Egvh- liens, S.A.E"
C00685,- nistration de l'Egvplian Motor Transport Coy,nistration egvplian motor transport coy,1942,1,- nistration de l'Egvplian Motor Transport Coy
C00686,"- nistration de la Maison d'Ameublement B. Pontremoli, S.A.E",nistration maison ameublement b pontremoli s e,1942,1,"- nistration de la Maison d'Ameublement B. Pontremoli, S.A.E"
C00687,"- nistration de la Société Egyplienne d'Industries Chimiques, S.A.E",nistration egyplienne industries chimiques s e,1942,1,"- nistration de la Société Egyplienne d'Industries Chimiques, S.A.E"
C00688,"- nistration de la Société Egyptienne pour lExploitation des Mines et Carrières, S.A.E",nistration lexploitation mines carrieres s e,1942,1,"- nistration de la Société Egyptienne pour lExploitation des Mines et Carrières, S.A.E"
C00689,- nistration de la Société Misr pour la Filature et le Tissage Fin en Coton Egvplien (Kafr el Dawar),nistration misr filature tissage fin coton egvplien kafr el dawar,1942,1,- nistration de la Société Misr pour la Filature et le Tissage Fin en Coton Egvplien (Kafr el Dawar)
C00690,- nistration de la Société des Biens de Rapport d'Egypte,nistration biens rapport egypte,1942,1,- nistration de la Société des Biens de Rapport d'Egypte
C00691,- on de The TFraclor & Engineering Co of Egvpt (S.A.E.),on tfraclor engineering co egvpt s e,1942,1,- on de The TFraclor & Engineering Co of Egvpt (S.A.E.)
C00692,- ration de The Manure Co. of Egvpl (S.A.),ration manure co egvpl s,1942,1,- ration de The Manure Co. of Egvpl (S.A.)
C00693,- ration de la Cie. Générale Egvplienne des Pélroles COGEP. S.A.E,ration cie generale egvplienne pelroles cogep s e,1942,1,- ration de la Cie. Générale Egvplienne des Pélroles COGEP. S.A.E
C00694,- ration de la National Insurance Co. of Egypt,ration national insurance co egypt,1942,1,- ration de la National Insurance Co. of Egypt
C00695,' tration de la S.A.E. «Carban,tration s e carban,1942;1947,2,' tration de la S.A.E. «Carban ;; - ration de la S.A.E. «Carba»
C00696,"- ration de la Toukhv's Co. for Sundries & Toys, S.A.E",ration toukhv s co sundries toys s e,1942,1,"- ration de la Toukhv's Co. for Sundries & Toys, S.A.E"
C00697,- tion de Ja Société Misr de Filature el de Tissage Fin en co- ton égvplien (usines Kafr EI Dawar) el de Mehalla Kobra. de la Banque Misr,tion ja misr filature el tissage fin co ton egvplien usines kafr ei dawar el mehalla kobra banque misr,1942,1,- tion de Ja Société Misr de Filature el de Tissage Fin en co- ton égvplien (usines Kafr EI Dawar) el de Mehalla Kobra. de la Banque Misr
C00698,- tion de la Compagnie Universelle du Canal Maritime de Suez,tion universelle canal maritime suez,1942,1,- tion de la Compagnie Universelle du Canal Maritime de Suez
C00699,- tion de la Société California Texas des Pétroles,tion california texas petroles,1942,1,- tion de la Société California Texas des Pétroles
C00700,- tion de la Société Egvplienne pour le Développement et le,tion egvplienne developpement,1942,1,- tion de la Société Egvplienne pour le Développement et le
C00701,"- tion de la Société Egyplienne pour l’Industrie et le Commer- ce des Cotonnades «La Cotonnière»., cavorau unrcroiTn THE EGYPTIAN Hotels LTD. HHHHLLEŒLEÇŒEÇŒÇÇEEEEEE-- EF, R.C. 182 N LE CAIRE N SEMIRAMIS HOTEL N au bord du Nil À SHEPHEARD'S HOTEL À Renommée mondiale À CONTINENTAL SAVOY à Près de l'Opéra Royal à à MENA HOUSE HOTEL à Au pied de la Grande Pyramide de Giza *",tion egyplienne industrie commer ce cotonnades cotonniere cavorau unrcroitn egyptian hotels hhhhlleoelecoeecoecceeeeee ef r c 182 n caire n semiramis hotel n bord nil shepheard s hotel renommee mondiale continental savoy pres opera royal mena house hotel pied grande pyramide giza,1942,1,"- tion de la Société Egyplienne pour l’Industrie et le Commer- ce des Cotonnades «La Cotonnière»., cavorau unrcroiTn THE EGYPTIAN Hotels LTD. HHHHLLEŒLEÇŒEÇŒÇÇEEEEEE-- EF, R.C. 182 N LE CAIRE N SEMIRAMIS HOTEL N au bord du Nil À SHEPHEARD'S HOTEL À Renommée mondiale À CONTINENTAL SAVOY à Près de l'Opéra Royal à à MENA HOUSE HOTEL à Au pied de la Grande Pyramide de Giza *"
C00702,- tion de la Société Egyptienne de Teinture el d'Apprêt,tion teinture el appret,1942,1,- tion de la Société Egyptienne de Teinture el d'Apprêt
C00703,Société Misr pour l'Egrenage du Coton,misr egrenage coton,1942;1947;1950,3,- tion de la Société Misr pour l'Egrenage du Coton ;; Société Misr pour l'Egrenage du Coton
C00704,- tion de l’Alexandria Commercial Co,tion alexandria commercial co,1942,1,- tion de l’Alexandria Commercial Co
C00705,"- tralion de The Menzaleh Canal & Navigalion Co., S.A.E. el du Comptoir Auxiliaire d'Entreprises, S.A.E",tralion menzaleh canal navigalion co s e el comptoir auxiliaire entreprises s e,1942,1,"- tralion de The Menzaleh Canal & Navigalion Co., S.A.E. el du Comptoir Auxiliaire d'Entreprises, S.A.E"
C00706,- tration de la Beida Dyers. S.A.E,tration beida dyers s e,1942,1,- tration de la Beida Dyers. S.A.E
C00707,"- tration de la S.A.E, de l'Industrie Fibres Textiles",tration s e industrie fibres textiles,1942,1,"- tration de la S.A.E, de l'Industrie Fibres Textiles"
C00708,- tration de la Société Générale de Pressage,tration generale pressage,1942,1,- tration de la Société Générale de Pressage ;; - {ration de la Société Générale de Pressage
C00709,- tration de la Société Générale de la Sucrerie ef de la Raffine- rie d'Egypte,tration generale sucrerie ef raffine rie egypte,1942,1,- tration de la Société Générale de la Sucrerie ef de la Raffine- rie d'Egypte
C00710,- tration de la Société Misr d'Assurances Générales,tration misr assurances generales,1942,1,- tration de la Société Misr d'Assurances Générales
C00711,- tration de la Société pour la Vente des Produits Egyptiens. S.A.E,tration vente produits egyptiens s e,1942,1,- tration de la Société pour la Vente des Produits Egyptiens. S.A.E
C00712,"- uistration de la Trade & Financial Co., S.A.E",uistration trade financial co s e,1942,1,"- uistration de la Trade & Financial Co., S.A.E"
C00713,"- üon de la Gréance Immobilière, S.A.E. el de «Modern Buil- dings»",uon greance immobiliere s e el modern buil dings,1942,1,"- üon de la Gréance Immobilière, S.A.E. el de «Modern Buil- dings»"
C00714,-Direc- teur du Crédit Foncier d'Orient,direc teur credit foncier orient,1942,1,-Direc- teur du Crédit Foncier d'Orient
C00715,-Dé- légué de la Société Générale des Sucreries el Raffinerie d'E- gvple,legue generale sucreries el raffinerie e gvple,1942,1,-Dé- légué de la Société Générale des Sucreries el Raffinerie d'E- gvple
C00716,dela Société Egyptienne de,dela,1942;1950,2,-Délé ;; dela Société Egyptienne de
C00717,-Délé- qué du Crédit Agricole d'Egypte,dele que credit agricole egypte,1942,1,-Délé- qué du Crédit Agricole d'Egypte
C00718,-Général de la Sociélé Royale d’A- gricullure,general sociele royale gricullure,1942,1,-Général de la Sociélé Royale d’A- gricullure
C00719,50- ciété du Crédit Minier,50 ciete credit minier,1942,1,50- ciété du Crédit Minier
C00720,Abaza & Co. Prési- dent du Conseil d'Administration de The United Egyptian Nile Transport Co,abaza co presi dent conseil administration united egyptian nile transport co,1942,1,Abaza & Co. Prési- dent du Conseil d'Administration de The United Egyptian Nile Transport Co
C00721,Ad- administration de The Associated Cotton Ginners,ad administration associated cotton ginners,1942,1,Ad- administration de The Associated Cotton Ginners
C00722,Ad- administration de la Banque Misr el de toutes les Sociétéscréées par lé Groupement Misr,ad administration banque misr el toutes societescreees par groupement misr,1942,1,Ad- administration de la Banque Misr el de toutes les Sociétéscréées par lé Groupement Misr
C00723,"Ad- administration de la General Society for Banking, Trading & Land Enterprises, S.A.E",ad administration general society banking trading land enterprises s e,1942,1,"Ad- administration de la General Society for Banking, Trading & Land Enterprises, S.A.E ;; Administration de la Ge- neral Sociéty for Banking, Trading and Land Enterprises, S.A.E"
C00724,"Ad- administration de la Near KEasl Finance, S.A.E",ad administration near keasl finance s e,1942,1,"Ad- administration de la Near KEasl Finance, S.A.E"
C00725,Ad- administration de la S.A.E. de Minoterie el de Silos,ad administration s e minoterie el silos,1942,1,Ad- administration de la S.A.E. de Minoterie el de Silos
C00726,Ad- administration de la Sociélé de l'Egvptian Slate Rys,ad administration sociele egvptian slate rys,1942,1,Ad- administration de la Sociélé de l'Egvptian Slate Rys
C00727,Ad- administration de la Société Franco-Egyplienne de Soierie,ad administration franco egyplienne soierie,1942,1,Ad- administration de la Société Franco-Egyplienne de Soierie
C00728,Ad- administration de la Société de Filalture,ad administration filalture,1942,1,Ad- administration de la Société de Filalture
C00729,"Ad- nistration de Ja S.Eg. de Ciment Portland Tourah, Le Cai- re",ad nistration ja s eg ciment portland tourah cai re,1942,1,"Ad- nistration de Ja S.Eg. de Ciment Portland Tourah, Le Cai- re"
C00730,Administration de la S.A. des Monts de Piété Egvptiens,administration s monts piete egvptiens,1942,1,Administration de la S.A. des Monts de Piété Egvptiens
C00731,Administration de la Société Misr d'Assurances Généra- les,administration misr assurances genera,1942,1,Administration de la Société Misr d'Assurances Généra- les
C00732,Agence du Crédit Lyonnais au Caire,agence credit lyonnais caire,1942;1947;1950,3,Agence du Crédit Lyonnais au Caire
C00733,AlexXandria Insurance Co. de PAlexandria Life Insurance Co,alexxandria insurance co palexandria life insurance co,1942,1,AlexXandria Insurance Co. de PAlexandria Life Insurance Co
C00734,"Alexandria Commercial Co., S.A.E. el de la S.A.E. d'E- grenage & d'Enlrepôls",alexandria commercial co s e el s e e grenage enlrepols,1942;1947,2,"Alexandria Commercial Co., S.A.E. el de la S.A.E. d'E- grenage & d'Enlrepôls ;; ~le­ xandria Commercial Co. S.A.E., de la S.A. d'Egrenage & d'Entrepôts"
C00735,Alexandria Life Insurance Co,alexandria life insurance co,1942;1947;1950,3,"A lexandria Life Insurance Co. S.A.E ;; Alexandria Li fe Insu _rance Co ;; Alexandria Li fe Insu.rance Co ;; Alexandria Life Insurance Co ;; Alexandria Life Insurance Co., S.A.E ;; The Alexandria Life Insurance ;; The Alexandria Life Insurance Co ;; The Alexandria Life Insurance Co., S.A.E ;; lAlexandria Life Insurance Co"
C00736,"The Alexandria Racing Club, S.A.E",alexandria racing club s e,1942;1947;1950,3,"A lexandria Racing Club, S.A.E. q ;; Alexandria -Racing Club, S.A.E ;; Alexandria Racihg Club, S.A.E ;; Alexandria Racing Club, S.A.E ;; The Alexandria Racing Club, S. A. E ;; The Alexandria Racing Club, S.A.E ;; de· l'Alexandria Racing Club, S.A.E ;; the Alexandria Racing Club, S.A.E"
C00737,Alexandria and Ramleh Railways Co. el des Tramways d'Alexandrie,alexandria ramleh railways co el tramways alexandrie,1942,1,Alexandria and Ramleh Railways Co. el des Tramways d'Alexandrie
C00738,The Anglo-Egyptian Mining Co,anglo egyptian mining co,1942;1947;1950,3,"Anglo Egyptian Mining ;; Anglo Egyptian Mining S.A.E ;; Anglo Egyptian Mining, S.A.E ;; The Anglo Egyp- tian Mining Co. S.A.E ;; The Anglo-Egvplian Mi- ning Co., S.A.E ;; The Anglo-Egyp- lian Mining Co., S.A.E ;; The Anglo-Egyptian Mining Co ;; The Anglo-Egyptian Mining Co., S.A.E ;; lAnglo- Egyptian Mining Co. S.A.E"
C00739,Apprêt,appret,1942;1947;1950,3,Apprèt ;; ApprêL ;; Apprêt
C00740,Asosciated Cotton Ginners of Egvpt,asosciated cotton ginners egvpt,1942,1,Asosciated Cotton Ginners of Egvpt
C00741,"Ban- que Belge el Internationale en Egvpie, S.A.E",ban que belge el internationale egvpie s e,1942,1,"Ban- que Belge el Internationale en Egvpie, S.A.E ;; Ban- que Belge et Internationale en Egyple, S.A.E ;; Banque Belge el In- lernaliona!e en Egvple ;; Banque Belge el Inlernalionale en Egvple, S.AE ;; Banque Belge el Interna- lionale en Egvple, S.A.E ;; Banque Belge el Internationale en Egvple ;; Banque Belge el Internationale en Egvpte ;; Banque Belge et Inter- nationale en Egvple ;; Banque Belge et Internationale en Egvpte, S.A.E"
C00742,Ban- que Belge el Internationale en Egvple el de la S.A. des Monts de Piélé Egypliens,ban que belge el internationale egvple el s monts piele egypliens,1942,1,Ban- que Belge el Internationale en Egvple el de la S.A. des Monts de Piélé Egypliens
C00743,Banque Hypothécaire Agri- cole d'Egvple el de la Société Royale d'Agriculture,banque hypothecaire agri cole egvple el royale agriculture,1942,1,Banque Hypothécaire Agri- cole d'Egvple el de la Société Royale d'Agriculture
C00744,Banque J. N. Mosseri Figli & Co,banque j n mosseri figli co,1942;1950,2,Banque J. N. Mosseri Figli & Co ;; Banque J.X. Mosseri Figli& Co
C00745,Banque Misr (France),banque misr france,1942,1,Banque Misr (France)
C00746,Banque Misr au Caire,banque misr caire,1942,1,Banque Misr au Caire
C00747,"Banque Misr el d’autres Sociélés filiales de cetle Banque, etc., etc",banque misr el autres socieles filiales cetle banque etc etc,1942,1,"Banque Misr el d’autres Sociélés filiales de cetle Banque, etc., etc"
C00748,"Banque de Paris el des Pays-Bas, Mem- bre du Conseil d'Administration du Crédit Foncier Egyp- tien",banque paris el pays bas mem bre conseil administration credit foncier egyp tien,1942,1,"Banque de Paris el des Pays-Bas, Mem- bre du Conseil d'Administration du Crédit Foncier Egyp- tien"
C00749,Behrend & Co. Lid,behrend co lid,1942,1,Behrend & Co. Lid
C00750,"Bei- da Dyers, S.A.E. el de The Bradford Dvers! Association Li- mited, Bradford, England",bei da dyers s e el bradford dvers association li mited bradford england,1942,1,"Bei- da Dyers, S.A.E. el de The Bradford Dvers! Association Li- mited, Bradford, England ;; Beida Dyers. S.A.E. el de The Bradford Dyer’s Associa- tion Limiled, Bradford, England"
C00751,"Beida Dyers, S.A.E",beida dyers s e,1942;1947;1950,3,"Beida Dryers. S.A.E ;; Beida Dyers Co ;; Beida Dyers, S.A ;; Beida Dyers, S.A.E ;; Beida Dyers, S.A.K ;; Bevda Dvers ;; The Beida Dyers. S.A.E"
C00752,"Bev- da Dyers, S.A.E. el de The Bradford Dyers” Association Limited, Bradford, England",bev da dyers s e el bradford dyers association bradford england,1942,1,"Bev- da Dyers, S.A.E. el de The Bradford Dyers” Association Limited, Bradford, England"
C00753,Bourse de Minet,bourse minet,1942,1,Bourse de Minet
C00754,The Building Lands of Egvpl,building lands egvpl,1942,1,Buil- ding Lands of Egypl ;; The Building Lands of Egvpl
C00755,Cairo Sand Bricks Co. SALE,cairo sand bricks co sale,1942,1,Cairo Sand Bricks Co. SALE
C00756,Cais- se Hypothécaire d'Egyple,cais se hypothecaire egyple,1942,1,Cais- se Hypothécaire d'Egyple ;; Caisse Hvpothécaire d'E- gyple ;; Caisse Hypothécaire d’'Egvpte
C00757,"Carrier(Egvpt}, S.A.E",carrier egvpt s e,1942,1,"Carrier(Egvpt}, S.A.E"
C00758,"Carrier-Egvpl el des KEla- blissements Industriels pour la Soie el le Coton, S.A.E",carrier egvpl el kela blissements industriels soie el coton s e,1942,1,"Carrier-Egvpl el des KEla- blissements Industriels pour la Soie el le Coton, S.A.E"
C00759,Carver Bros & Co. Lid,carver bros co lid,1942,1,Carver Bros & Co. Lid
C00760,Central Buildings Company,central buildings company,1942,1,Central Buildings Company
C00761,Central de la Banque Commerciale de Bâle,central banque commerciale bale,1942,1,Central de la Banque Commerciale de Bâle
C00762,Cheikh Fadl,cheikh fadl,1942;1947,2,Cheikh Fadl
C00763,Cie. Egvplienne de Navigalion «Le Dodécanèse»,cie egvplienne navigalion dodecanese,1942,1,Cie. Egvplienne de Navigalion «Le Dodécanèse» ;; Cie. Egvptienne de Navigation «Le Dodécanèse» ;; Cie. Egyptienne de Navigalion «Le Dodécanèse»
C00764,Cie. Generale Egvplienne des Pélroles (Cogep) S.A.E,cie generale egvplienne pelroles cogep s e,1942,1,Cie. Generale Egvplienne des Pélroles (Cogep) S.A.E
C00765,Cie. Générale des Pétroles (COGEP),cie generale petroles cogep,1942;1947;1950,3,Cie. Générale des Pétroles ( COGEP) ;; Cie. Générale des Pétroles (COGEP)
C00766,Cie. Nationale pour le Commerce el l'Industrie «La Commercia- le»,cie nationale commerce el industrie commercia,1942,1,Cie. Nationale pour le Commerce el l'Industrie «La Commercia- le»
C00767,Cie. Universelle du Canal Maritime de Suez,cie universelle canal maritime suez,1942;1947;1950,3,Cie. Universelle du Canal Maritime de Suez ;; Compagnie Universelle du Canal Maritime de Suez
C00768,Société de Cigarettes Nestor Gianaclis,cigarettes nestor gianaclis,1942;1947;1950,3,"Cigareltes «Xestor Gianachs» ;; Cigarettes Nestor Gianaclis ;; Ja Société des Cigareltes Nestor Gianaclis ;; Société de Cigarettes Nestor Gianaclis ;; Société «Cigarettes Nestor Gianaclis» ;; Sté. «Cigarettes Nestor Gianaclis, S.A.E.»"
C00769,Commerce Française du Caire,commerce francaise caire,1942;1947;1950,3,Commerce Francaise du Caire ;; Commerce Française du Caire
C00770,Commercial & Agency Co. of Egypt Lid. el de The Alexandria Manufacturing Co. Lid,commercial agency co egypt lid el alexandria manufacturing co lid,1942,1,Commercial & Agency Co. of Egypt Lid. el de The Alexandria Manufacturing Co. Lid
C00771,Commercial Bank of Egvpl,commercial bank egvpl,1942,1,Commercial Bank of Egvpl
C00772,Commercial Bank of Egypt el de la Société Foncière d'Egvple,commercial bank egypt el fonciere egvple,1942,1,Commercial Bank of Egypt el de la Société Foncière d'Egvple
C00773,"Comptoir Auxiliaire d'Entreprises, S.A.E",comptoir auxiliaire entreprises s e,1942;1947;1950,3,"Comp- loir Auxiliaire d'Entreprises, S.A.E ;; Comploir Au- xifaire d'Entreprises, S.A.E ;; Comploir Auxiliaire d'En- treprises, S.A.E ;; Compoir Au- xiliaire d'Entreprises, S.A.E ;; Comptoir Auxiliaire d'Entreprises ;; Comptoir Auxiliaire d'Entreprises, S.A.E ;; Comptoir Auxiliaire d'Entreprises, S.A.E. "" ;; Comptoir Au· xiliaire d'Entreprises, S.A.E"
C00774,Comp- toir National d'Escompte de Paris,comp toir national escompte paris,1942,1,Comp- toir National d'Escompte de Paris
C00775,Compa- gnie Générale des Sels Marins,compa gnie generale sels marins,1942,1,Compa- gnie Générale des Sels Marins
C00776,Compagnie Générale Egyplienne des Pétroles (CO-,generale egyplienne petroles co,1942,1,Compagnie Générale Egyplienne des Pétroles (CO-
C00777,"Comploir Auxiliaire d'Entreprises, SALE",comploir auxiliaire entreprises sale,1942,1,"Comploir Auxiliaire d'Entreprises, SALE"
C00778,Comptoir Commercial Economique,comptoir commercial economique,1942;1947;1950,3,"Comploir Commercial Economique, S.A.E ;; Comptmr Commercial Eco.nomique ;; Comptoir Commercial Eco- nomique, S.A.E ;; Comptoir Commercial Economique"
C00779,Con- seil d'Administration de The Egvplian Motor Transport Co,con seil administration egvplian motor transport co,1942,1,Con- seil d'Administration de The Egvplian Motor Transport Co
C00780,Con- seil d'Administration de The Egvptian General Omnibus Co,con seil administration egvptian general omnibus co,1942,1,Con- seil d'Administration de The Egvptian General Omnibus Co
C00781,Con- seil d'Administration de The National Bank of Egypt,con seil administration national bank egypt,1942;1950,2,Con- seil d'Administration de The National Bank of Egypt ;; Conseil d'Administration de la National Bank of Egypt
C00782,Con- seil d'Administration de The United Egvplian Nile Trans- port,con seil administration united egvplian nile trans port,1942,1,Con- seil d'Administration de The United Egvplian Nile Trans- port
C00783,Con- seil d'Administration de lEgvplian Salt & Soda Co,con seil administration legvplian salt soda co,1942,1,Con- seil d'Administration de lEgvplian Salt & Soda Co
C00784,Con- seil d'Administration de la National Contracting Co of Egypt,con seil administration national contracting co egypt,1942,1,Con- seil d'Administration de la National Contracting Co of Egypt
C00785,Con- seil d'Administration de la S.A. Immobilière du Domaine de Siouf,con seil administration s immobiliere domaine siouf,1942,1,Con- seil d'Administration de la S.A. Immobilière du Domaine de Siouf
C00786,Con- seil d'Administration de la Société Coopérative Commer- ciale de Crédit,con seil administration cooperative commer ciale credit,1942,1,Con- seil d'Administration de la Société Coopérative Commer- ciale de Crédit
C00787,"Con- seil d'Administration de la Société Egyptienne pour lEx- ploitalion des Mines et Carrières, S.A.E",con seil administration lex ploitalion mines carrieres s e,1942,1,"Con- seil d'Administration de la Société Egyptienne pour lEx- ploitalion des Mines et Carrières, S.A.E"
C00788,Con- seil d'Administration de la Société Misr pour l'Egrenage du Coton,con seil administration misr egrenage coton,1942,1,Con- seil d'Administration de la Société Misr pour l'Egrenage du Coton
C00789,Con- seil d'Administration du Crédit Immobilier Suisse-Egyp- lien,con seil administration credit immobilier suisse egyp lien,1942,1,Con- seil d'Administration du Crédit Immobilier Suisse-Egyp- lien
C00790,Con- seil de la Société Royale de Papyrologie d'Egypte,con seil royale papyrologie egypte,1942,1,Con- seil de la Société Royale de Papyrologie d'Egypte
C00791,Conseil d'Administration de la Société Franco-Egyptienne de Crédil,conseil administration franco egyptienne credil,1942,1,Conseil d'Administration de la Société Franco-Egyptienne de Crédil
C00792,Conseil de la Société Ro- vale d’Agricullure,conseil ro vale agricullure,1942;1950,2,Conseil de la Société Ro- vale d’Agricullure ;; Conseil de la Société Royale d'Agriculture
C00793,Croir Rouge Hellénique,croir rouge hellenique,1942,1,Croir Rouge Hellénique
C00794,Société du Crédit Alexandrin,credit alexandrin,1942;1947;1950,3,"Cré- dit Alexandrin, S.A.E ;; Crédit Alexandrin ;; Société de Crédit Alexandrin ;; Société de Crédit Alexandrin, S.A.E ;; Société du Crédit Alexandrin ;; ïa Société de Crédit Alexandrin"
C00795,Crédil Agricole d'Egypte el de la Sociéié d'Assurances «Al-Chark»,credil agricole egypte el socieie assurances al chark,1942,1,Crédil Agricole d'Egypte el de la Sociéié d'Assurances «Al-Chark»
C00796,Crédit Lyonnais (Le Caire),credit lyonnais caire,1942;1947;1950,3,Crédil Lyonnais (Le Caire) ;; Crédit Lyonnais (Le Caire)
C00797,Crédit Agricole el Hypothécaire d'E- gvple,credit agricole el hypothecaire e gvple,1942,1,Crédit Agricole el Hypothécaire d'E- gvple
C00798,Crédit Agricole el du Crédit Hypothé- caire Egyptien,credit agricole el credit hypothe caire egyptien,1942,1,Crédit Agricole el du Crédit Hypothé- caire Egyptien
C00799,Crédit Foncier Egyptien el de la Socié(é Générale des Su- creries el de la Raffinerie d'Egvpte,credit foncier egyptien el socie e generale su creries el raffinerie egvpte,1942,1,Crédit Foncier Egyptien el de la Socié(é Générale des Su- creries el de la Raffinerie d'Egvpte
C00800,Crédits,credits,1942,1,Crédits
C00801,Daira Feu Amine Yehia,daira feu amine yehia,1942;1947,2,Daira Feu Amine Yehia
C00802,"Eastern Export Co. el de la S.A, des Immeubles de PEsl",eastern export co el s immeubles pesl,1942,1,"Eastern Export Co. el de la S.A, des Immeubles de PEsl"
C00803,"The Egyptian Aerated Water Company, Ltd",egyptian aerated water,1942;1947;1950,3,"Egvplian Ae- raled Water Co. Ltd ;; Egyptian Ae1·ated Water Co. Ltd ;; Egyptian Aeraled Water Co. Ltd ;; Egyptian Aerated Water Co. Ltd ;; The Egvptian Aeraled Water ;; The Egyptian Aerated Water Co. Ltd ;; The Egyptian Aerated Water Company, Ltd"
C00804,"Egvplian Works & Cons- truclion Co. el de la Sté, Anon. du Béhéra",egvplian works cons truclion co el ste anon behera,1942,1,"Egvplian Works & Cons- truclion Co. el de la Sté, Anon. du Béhéra"
C00805,Egvplienne des Industries de la,egvplienne industries,1942,1,Egvplienne des Industries de la
C00806,"Egyplian Neon Light Co., S.A.E. ef du Syndicat des Obligalaires de la Société Géné- rale des Sucreries ef de la Raffinerie d'Egvpte",egyplian neon light co s e ef syndicat obligalaires gene rale sucreries ef raffinerie egvpte,1942,1,"Egyplian Neon Light Co., S.A.E. ef du Syndicat des Obligalaires de la Société Géné- rale des Sucreries ef de la Raffinerie d'Egvpte"
C00807,"Egyptian Rie€ .& Flour Mills Co., S.A.E",egyptian rieeur flour mills co s e,1942;1947,2,"Egyplian Rice & Flour Mills Co. S.A.E ;; Egyptian Rie€ .& Flour Mills Co., S.A.E"
C00808,Egyptian Cement Works,egyptian cement works,1942,1,Egyptian Cement Works
C00809,Etablissements Industriels pour la Soie et le Coton,etablissements industriels soie coton,1942;1947;1950,3,"""Etablissement~ Industriels pour la Soie et le Coton» ;; Elablis- semenis Industriels pour la Soie et le Colon ;; Elablisse- ments Industriels pour la Soie el le Coton ;; Elablissements Industrie!s Pour la Soie el le Colon ;; Etablis- sements Industriels pour la Soie et le Coton ;; Etablissements IndustriP,ls pour la Soie et le Coton ;; Etablissements Industriels Soie et Coton ;; Etablissements Industriels pom la Soie et le Coton ;; Etablissements Industriels pour la Soie et le Coton ;; «Etablissements In- dustriels pour la Soie et le Coton» ;; «Etablissements Industriels pour la Soie et le Coton ;; «Etablissements Industriels pour la Soie et le Coton»"
C00810,"Etablisse- ments Industriels pour la Soie el le Coton. 8.E. Zananiri, Georges (Pacha), Ancien Sénateur",etablisse ments industriels soie el coton 8 e zananiri georges pacha ancien senateur,1942,1,"Etablisse- ments Industriels pour la Soie el le Coton. 8.E. Zananiri, Georges (Pacha), Ancien Sénateur"
C00811,Exportation des Conserves,exportation conserves,1942;1947;1950,3,"Exportation des Conserves ;; Exportation des Conserves, S.A.E ;; Exportation. des Conserves"
C00812,The Alexandria Engineering Work (ex-,alexandria engineering work ex,1942;1947;1950,3,Alexandria Engineering Works ;; FAle- xandria Engineering Works ;; The Alexandria Engineering Work (ex- ;; The Alexandria Engineering Works ;; The Alexandria Engineering Works (ex
C00813,"FEaslern Export Co., de Ta Garbieh Land Co. de lEgvplian Enterprise & De- velopment Co",feaslern export co ta garbieh land co legvplian enterprise velopment co,1942,1,"FEaslern Export Co., de Ta Garbieh Land Co. de lEgvplian Enterprise & De- velopment Co"
C00814,"FEastern Co., SALE",feastern co sale,1942,1,"FEastern Co., SALE"
C00815,Fayoum Lighl Rys. Go. el de la Sociélé Anonyme des Chemins de Fer de la Basse-Egvpte,fayoum lighl rys go el sociele anonyme chemins fer basse egvpte,1942,1,Fayoum Lighl Rys. Go. el de la Sociélé Anonyme des Chemins de Fer de la Basse-Egvpte
C00816,Fiat,fiat,1942,1,Fiat
C00817,Finan- cial Bureau (Egypt) 114,finan cial bureau egypt 114,1942,1,Finan- cial Bureau (Egypt) 114
C00818,Firme Besso Frères,firme besso freres,1942,1,Firme Besso Frères
C00819,Fédération Internationale des Tech- niciens Agronomes,federation internationale tech niciens agronomes,1942;1950,2,Fédération Internationale des Tech- niciens Agronomes ;; Fédération Internationale des Techniciens Agronomes
C00820,Fédération Nationale Aéronautique,federation nationale aeronautique,1942,1,Fédération Nationale Aéronautique
C00821,Garbieh,garbieh,1942,1,Garbieh
C00822,Gen- seil d'Administration de la Société de Crédit Alexandrin. S.A.E,gen seil administration credit alexandrin s e,1942,1,Gen- seil d'Administration de la Société de Crédit Alexandrin. S.A.E
C00823,General,general,1942;1947;1950,3,-Général de ;; Gener.al ;; General
C00824,là General Mo- tors Near East. S.A.E,general mo tors near east s e,1942;1947;1950,3,"General Mo tors N ear East, S.A ;; General Mo tors Near East, S.A ;; General Mo tors· N ear East, S.A ;; General Mo- lors Near East, S.A ;; General Mo- tor N ear East S.A ;; General Motors N ear East, S.A.E ;; General Motors Near East ;; General Motors Near East, B.A ;; General Motors Near East, S.A ;; General l\11,> tors Near East, S.A.E ;; là General Mo- tors Near East. S.A.E"
C00825,General Motors Co,general motors co,1942,1,General Motors Co
C00826,General Motors Near,general motors near,1942;1947,2,General Motors Near
C00827,Gie. Egyp- tienne de Navigation «Le Dodécanèse»,gie egyp tienne navigation dodecanese,1942,1,Gie. Egyp- tienne de Navigation «Le Dodécanèse»
C00828,Gou- vernement auprès des Bourses des Valeurs,gou vernement aupres bourses valeurs,1942,1,Gou- vernement auprès des Bourses des Valeurs
C00829,Grands Hôtels d'Egyple el des Egvplian Hotels Lid,grands hotels egyple el egvplian hotels lid,1942,1,Grands Hôtels d'Egyple el des Egvplian Hotels Lid
C00830,Grands Hôtels d'Egypte (Ex- Nungovich),grands hotels egypte ex nungovich,1942;1947;1950,3,Grands Hôtels d'Egypte (Ex Nungovitch) ;; Grands Hôtels d'Egypte (Ex- Nungovich) ;; Grands Hôtels d'Egypte(Ex-Nungovitch)
C00831,"Grands Magasins Cicurel, S.A.E",grands magasins cicurel s e,1942;1947;1950,3,"Grands Magasins Ci curel, S.A.E ;; Grands Magasins Cicurel ;; Grands Magasins Cicurel, S.A.E ;; Grands Magasins Cicurel. S.A.E"
C00832,Grieve & Irwin Ltd,grieve irwin,1942;1947;1950,3,Grieve & Irwin Co. Li ;; Grieve & Irwin Co. Ltd ;; Grieve & Irwin Ltd ;; Grive & Irwin Ltd
C00833,Génté- ral de la Société Anonyme des Anciennes Entreprises L. Ro- lin & Co,gente ral anciennes entreprises ro lin co,1942,1,Génté- ral de la Société Anonyme des Anciennes Entreprises L. Ro- lin & Co
C00834,Honneur de la Société Générale des Sucreries,honneur generale sucreries,1942,1,Honneur de la Société Générale des Sucreries
C00835,Hôpital Européen,hopital europeen,1942,1,Hôpital Européen
C00836,"Industrie du Cuir, S.A.E",industrie cuir s e,1942;1947;1950,3,"Industrie du Cui,', S.A.E ;; Industrie du Cuir ;; Industrie du Cuir S.A.E ;; Industrie du Cuir, S.A.E ;; Industrie du Cuir, s ;; industrie du Cuir, S.A.E"
C00837,the Alexandria Navigation Co. Lid. (London),alexandria navigation co lid london,1942;1947;1950,3,Alexandria Navigation Company (London) Ltd ;; Alexandria Navigation Company(London) Ltd ;; J'A- lexandria Navigation Co. (London) Lid ;; the Alexandria Navigation Co. Lid. (London)
C00838,Near East Finance Co,near east finance co,1942;1947;1950,3,"Dél. Near East Finance S.A.E ;; Ja Near East Finance. S.A.E ;; Near East Finance Co ;; Near East Finance, S.A.E ;; The Near-KEasl Finance, S.A.E"
C00839,Ja So- ciélé Franco-Egy\plienne d’'Importation,ja so ciele franco egy plienne importation,1942;1947,2,Ja So- ciélé Franco-Egy\plienne d’'Importation ;; So- ciété Franco-Egyptienne d'Importation ;; ~o­ ciété Franco-Egyptienne d'Importation
C00840,"Ja Sociélé Générale Immobilière d'Egypte, S.A.E",ja sociele generale immobiliere egypte s e,1942,1,"Ja Sociélé Générale Immobilière d'Egypte, S.A.E"
C00841,Ja Sociélé Générale d'Electricité,ja sociele generale electricite,1942,1,Ja Sociélé Générale d'Electricité
C00842,Ja Sociélé Misr de Cigarelles el de la Société Misr de Ci- néma,ja sociele misr cigarelles el misr ci nema,1942,1,Ja Sociélé Misr de Cigarelles el de la Société Misr de Ci- néma
C00843,Ja Société Coopérative de Pélroles el de ses composés,ja cooperative pelroles el ses composes,1942,1,Ja Société Coopérative de Pélroles el de ses composés
C00844,"Ja Société Egyplienne de Tissa- ge el Tricotage, S.A.E",ja egyplienne tissa ge el tricotage s e,1942,1,"Ja Société Egyplienne de Tissa- ge el Tricotage, S.A.E ;; Ja Société Egyplienne de Tissage el Tricolage ;; Société Egyplienne de Tis- sage el Tricolage ;; Société Egyplienne de Tissage et Tricotage, S.A.E ;; Société Egyvplienne de Tis- sage el Tricotage, S.A.E"
C00845,Société Franco-Egyptienne de Crédit,franco egyptienne credit,1942;1947;1950,3,"Ja Société Franco-Egvptienne de Crédit, S.A.E ;; Société Franco-Egyptienne de Crédit ;; Société Franco-Egyptienne du Crédit S.A.E ;; Sté Franco-Egyptienne de Crédit"
C00846,Kafr El Zaval Cotton Co. Id,kafr el zaval cotton co id,1942,1,Kafr El Zaval Cotton Co. Id
C00847,Khassa Royale,khassa royale,1942;1950,2,Khassa Royale
C00848,"Khedivial Mail Steamship& Graving Docks Co., Ltd",khedivial mail steamship graving docks co,1942,1,"Khedivial Mail Steamship& Graving Docks Co., Ltd"
C00849,The Land Bank of Egvpl,land bank egvpl,1942,1,Land Bank of Egvpl ;; The Land Bank of Egvpl ;; The Land Bank of Egypl
C00850,"Manufac- ture Egyptienne de Bonnelterie et Tricotage «EI-Nil», S.A.E",manufac ture egyptienne bonnelterie tricotage ei nil s e,1942;1947;1950,3,"Ma- nufacture Egvptienne de Bonnelerie el Tricotage «EI-Nib». S.A.E ;; Manufac- ture Egyptienne de Bonnelterie et Tricotage «EI-Nil», S.A.E ;; Manufaclure Egvplienne de Bonneterie et tricolage «EI Nil» ;; Manufacture Egyptienne de Bon- neterie et Tricotage «El-Nil», S.A.E ;; Manufacture Egyptienne de Bonneterie el Tricotage EI-Nil, S.A.E ;; Manufacture Egyptienne de Bonneterie et Tricotage El-Nii, S.A.E ;; Manufacture Egyptienne de Bonneterie et Tricotage El-Nil S.A.E ;; Manufacture Egyptienne de Bonneterie et Tricotage «El Niln ;; Manufacture Egyptienne de Bonneterie et Tricotage «El Nil» ;; Manufacture Egyptienne de Bonneterie et Tricotage «El Nil», S.A.E ;; Manufacture Egyptienne de Bonneterie et Tricotage «El-Nil>,, S.A.E"
C00851,Maison Behrend & Co. Lid,maison behrend co lid,1942,1,Maison Behrend & Co. Lid
C00852,Maison Peel & Co. Lid,maison peel co lid,1942,1,Maison Peel & Co. Lid
C00853,Maison Sulzer,maison sulzer,1942,1,Maison Sulzer
C00854,"Maison de la Petite Reine, S.A.E",maison petite reine s e,1942;1947;1950,3,"Maison Petite Reine ;; Maison Petite Reine, S.A.E ;; Maison de la Petite Reine ;; Maison de la Petite Reine, S.A.E"
C00855,"Manu- facture de Textiles Egyptiens, S.A.E",manu facture textiles egyptiens s e,1942,1,"Manu- facture de Textiles Egyptiens, S.A.E"
C00856,Manufacture de Texli- les Egypliens (Karpelès & Co.),manufacture texli egypliens karpeles co,1942,1,Manufacture de Tex- liles Egvpliens (Karpelès & Co ;; Manufacture de Texli- les Egypliens (Karpelès & Co.) ;; Manufacture de Textiles Egyptiens(Karpelès & Co.) ;; Manufacture des Textiles Egyptiens (Karpeles & Co.)
C00857,Marconi Radio Telegraph Company of Egvpl. S.A,marconi radio telegraph company egvpl s,1942,1,"Marconi Radio Telegraph Co. of Egvpt, S.A.E ;; Marconi Radio Telegraph Company of Egvpl. S.A ;; The Marconi Radio Telegraph Co. of Egvpl"
C00858,Messrs. Gibson & Pauling(Foreign) Lid,messrs gibson pauling foreign lid,1942,1,Messrs. Gibson & Pauling(Foreign) Lid
C00859,Mini eh Ginning Cy. Ltd,mini eh ginning cy,1942;1950,2,Mini eh Ginning Cy. Ltd ;; Minieh Ginning Co. Lid ;; Minieh Ginning Co. Ltd
C00860,"Misr Concre- te Development Co., SALE",misr concre te development co sale,1942,1,"Misr Concre- te Development Co., SALE"
C00861,"Misr Shipping el de la Société Hongro-Egyptienne pour le Commerce, S.A",misr shipping el hongro egyptienne commerce s,1942,1,"Misr Shipping el de la Société Hongro-Egyptienne pour le Commerce, S.A"
C00862,"The Misr Shipping, S.A.E",misr shipping s e,1942;1947;1950,3,"Misr Shipping, S.A.E ;; The Misr Shipping Co. S.A.E ;; The Misr Shipping Co., S.A.E ;; The Misr Shipping S.A.E ;; The Misr Shipping, S.A.E ;; The \Misr Shipping, S.A.E"
C00863,Mission Egyptienne à la Conférence Economique Internationale d° Genève 1927,mission egyptienne conference economique internationale ddeg geneve 1927,1942,1,Mission Egyptienne à la Conférence Economique Internationale d° Genève 1927
C00864,"Moulins «Al Mahmou- dieh», S.A.E",moulins al mahmou dieh s e,1942;1947;1950,3,"Dél. Moulins Al Mahmoudieh ;; Moulins «Al Mahmou- dieh», S.A.E ;; Moulins «Al Mahmoudieh» ;; Moulins«Al Mahmoudieh», S.A.E ;; S.A.E. Moulins «Al Mahmou- dieh» ;; S.A.E. Moulins «Al-Ma.hmoudiehn ;; S.A.E. Moulins «Al-Mah- moudieh» ;; S.A.E. Moulins «Al-Mahmoudieh"" ;; S.A.E. Moulins «Al-Mahmoudieh»"
C00865,Municipale d'Alexandrie,municipale alexandrie,1942;1947;1950,3,Municipale d'Alexandrie
C00866,Nationa! Bak of Egvpl,nationa bak egvpl,1942,1,Nationa! Bak of Egvpl
C00867,The National Bank of Egvpl,national bank egvpl,1942;1947,2,National Bank of Egvpl ;; National Bank of Egvpt ;; National Bank of Eg·ypt ;; The National Bank of Egvpl
C00868,The Nalional Contracting Company of Egvpl. S.A.E,nalional contracting company egvpl s e,1942,1,National Contracting Co. of Egvpt ;; The Nalional Contracting Company of Egvpl. S.A.E ;; The National Contracting Co. of Egvpl
C00869,"National Ginning Co. of Egvpl, S.A",national ginning co egvpl s,1942,1,"National Ginning Co. of Egvpl ;; National Ginning Co. of Egvpl, S.A"
C00870,"National Insurance Co. of Egvpl (Incendie, Accidents et Risques Divers)",national insurance co egvpl incendie accidents risques divers,1942,1,"National Insurance Co. of Egvpl (Incendie, Accidents et Risques Divers)"
C00871,National Insurance Co. of Egvpli KEgyplian Mining & Prospecting Co,national insurance co egvpli kegyplian mining prospecting co,1942,1,National Insurance Co. of Egvpli KEgyplian Mining & Prospecting Co
C00872,National Petroleum Co. de la Société Egyptienne des Pétroles (S.E.P.),national petroleum co petroles s e p,1942,1,National Petroleum Co. de la Société Egyptienne des Pétroles (S.E.P.)
C00873,Near,near,1942;1947;1950,3,Near
C00874,New Egyptian Co. Lid,new egyptian co lid,1942,1,New Egyptian Co. Lid
C00875,Nile Cold Storage 1& lee Co,nile cold storage 1 lee co,1942;1947,2,Nile Cold Storage & Ice Co ;; Nile Cold Storage & lee Co ;; Nile Cold Storage 1& lee Co
C00876,"Nile Oil Co. (Cré- dit Minier, S.E. de Bucares!}",nile oil co cre dit minier s e bucares,1942,1,"Nile Oil Co. (Cré- dit Minier, S.E. de Bucares!}"
C00877,"Nile Textile Co., S.A.E",nile textile co s e,1942;1947;1950,3,"Nile Textile Co ;; Nile Textile Co., S.A.E ;; Nile Textile Cy ;; The Nile Textile Cy. S.A.E ;; The Nile Textile Cy., S.A.R"
C00878,Nippon Godo Bocki Kaisha Lid. à Kobe (Ja- pan),nippon godo bocki kaisha lid kobe ja pan,1942,1,Nippon Godo Bocki Kaisha Lid. à Kobe (Ja- pan)
C00879,Officiel de The Alexandria Water Company Limiled,officiel alexandria water company limiled,1942,1,Officiel de The Alexandria Water Company Limiled
C00880,Ou Conseil d'Administration de The Misr Shipping Co. SALE,ou conseil administration misr shipping co sale,1942,1,Ou Conseil d'Administration de The Misr Shipping Co. SALE
C00881,"PAlexan- dria Navigation Gx., S.A.E. de la Commercial & Agency of Egypt Ltd",palexan dria navigation gx s e commercial agency egypt,1942,1,"PAlexan- dria Navigation Gx., S.A.E. de la Commercial & Agency of Egypt Ltd"
C00882,PAlexandria,palexandria,1942,1,PAlexandria
C00883,"PEgyplian Mining & Prospeclting Co., S.A.E",pegyplian mining prospeclting co s e,1942;1947;1950,3,"Egyptian Mining & Prospecting Co ;; Egyptian Mining & Prospecting Co .. S.A.E ;; Egyptian Mining & Prospecting Cy ;; Egyptian Mining ,& Prospecting Cy ;; PEgyplian Mining & Prospeclting Co., S.A.E ;; The Egyptian Mining ,& Prospecting Co ;; The Egyptian Mining and Prospecting Co"
C00884,"Pinto Cotton Co., S.A.E",pinto cotton co s e,1942;1947;1950,3,"Pinto Col- ton Co., S.A.E ;; Pinto Collon Co., S.A.E ;; Pinto CottoP Co., S.A.E ;; Pinto Cotton Co. S.A.E ;; Pinto Cotton Co. et ;; Pinto Cotton Co., S.A.E"
C00885,Platrières de Ballah,platrieres ballah,1942;1947;1950,3,Platières de Ballah ;; Platrières de Ballah ;; Plàtriè1·es de Ballah ;; Plâtrières de Ballah ;; Sté. des Plâtrières de Ballah
C00886,Pori- Sudan Forwarding Co. Lid,pori sudan forwarding co lid,1942,1,Pori- Sudan Forwarding Co. Lid
C00887,"The Upper Egvpt Holelé Co., S.A",upper egvpt holele co s,1942;1947,2,"PÜpper Egvpl Hotels ;; The Upper Egvpt Holelé Co., S.A ;; The Upper Egvxpt Hotels Co ;; Upper Egyut Hotels"
C00888,Raffinerie d’E- gypte,raffinerie e gypte,1942,1,Raffinerie d’E- gypte
C00889,Red Sea Mining Co,red sea mining co,1942;1947,2,Red Sea Mining ;; Red Sea Mining Co
C00890,"Royal Ex- change Assurance, etc",royal ex change assurance etc,1942,1,"Royal Ex- change Assurance, etc"
C00891,S'é. Egvplienne pour la Fabrication el l'Ex- porlalion des Conserves,s e egvplienne fabrication el ex porlalion conserves,1942,1,S'é. Egvplienne pour la Fabrication el l'Ex- porlalion des Conserves ;; Sté. Egvplienne pour la Fabrication el Exporlalion des Conserves
C00892,"Immobilia d'Egypte, S.A.E",immobilia egypte s e,1942;1947;1950,3,"Immobilia d'Egypte ;; Immobilia d'Egypte, S.A.E ;; S.A. Immobili"
C00893,"S.A. Immobilière du Domaine de Siouf el de la Société des Au- tobus du Nord, S.A.E",s immobiliere domaine siouf el tobus nord s e,1942,1,"S.A. Immobilière du Domaine de Siouf el de la Société des Au- tobus du Nord, S.A.E"
C00894,S.A. des Anciens Elablissements D.C.M. Brooks,s anciens elablissements c m brooks,1942;1947;1950,3,S.A. des Anciens Elablissements D.C.M. Brooks ;; S.A. des Anciens Etablissements D.C.M. Brooks ;; S.A. des Anciens Etablissements D.C.~. Brooks
C00895,S.A. des Bières Bomonti & Pyramides el de la Société «Pharos»,s bieres bomonti pyramides el pharos,1942,1,S.A. des Bières Bomonti & Pyramides el de la Société «Pharos»
C00896,S.A. des Drogueries d’E- gvple,s drogueries e gvple,1942,1,S.A. des Drogueries d’E- gvple ;; S.A.E. des Drogueries d'Egvple
C00897,S.A. des Eaux du Caire el de la Compagnie Frigorifique d'Egypte,s eaux caire el frigorifique egypte,1942;1947,2,S.A. des Eaux du Caire de la Compagnie Frigorifique d'Egypte ;; S.A. des Eaux du Caire el de la Compagnie Frigorifique d'Egypte
C00898,"S.A. des Elablissements Jan- sen en Egvple, S.A.E",s elablissements jan sen egvple s e,1942,1,"S.A. des Elablissements Jan- sen en Egvple, S.A.E"
C00899,S.A. des Hal- les Centrales,s hal centrales,1942,1,S.A. des Hal- les Centrales
C00900,S.A. des Immeubles d'Egvple el Secretaire Général de la Land Bank of Egypt,s immeubles egvple el secretaire general land bank egypt,1942,1,S.A. des Immeubles d'Egvple el Secretaire Général de la Land Bank of Egypt
C00901,S.A. des Immeubles d'Egypteel de la S.A. des Chemins de Fer Kéneh-Assouan,s immeubles egypteel s chemins fer keneh assouan,1942,1,S.A. des Immeubles d'Egypteel de la S.A. des Chemins de Fer Kéneh-Assouan
C00902,S.A. des Maga- sins Egypliens Régime Bond,s maga sins egypliens regime bond,1942;1947,2,S.A. des Maga- sins Egypliens Régime Bond ;; S.A. des Magasins Egyptiens Régime Bond
C00903,S.A. des Magasins Egyp- liens Régime Bond el de la Near East Superintending Co. Lid,s magasins egyp liens regime bond el near east superintending co lid,1942,1,S.A. des Magasins Egyp- liens Régime Bond el de la Near East Superintending Co. Lid
C00904,S.A. des Terrains de Guizeh-Rodah el l'Alexandria Commercial Co,s terrains guizeh rodah el alexandria commercial co,1942,1,S.A. des Terrains de Guizeh-Rodah el l'Alexandria Commercial Co
C00905,"S.A. des Wagons Lits Iran, de«The Upper Egypt Hotels», de la Société Viticole el Vinicole d'Egvpte, Représentant de la Cie. Internalionale des Wa- gons-Lits en Egypte et en Palestine, Chargé des Missions en",s wagons lits iran upper egypt hotels viticole el vinicole egvpte representant cie internalionale wa gons lits egypte palestine charge missions,1942,1,"S.A. des Wagons Lits Iran, de«The Upper Egypt Hotels», de la Société Viticole el Vinicole d'Egvpte, Représentant de la Cie. Internalionale des Wa- gons-Lits en Egypte et en Palestine, Chargé des Missions en"
C00906,"S.A. «Prahova» Socielate Anoni- ma Romana Pentru Industria si Comertul Peltrolului, (Bu- carest)",s prahova socielate anoni ma romana pentru industria si comertul peltrolului bu carest,1942,1,"S.A. «Prahova» Socielate Anoni- ma Romana Pentru Industria si Comertul Peltrolului, (Bu- carest)"
C00907,S.A.E. Financière el Immo- di el Co»,s e financiere el immo di el co,1942,1,S.A.E. Financière el Immo- di el Co»
C00908,S.A.E. Financière et Immobilière,s e financiere immobiliere,1942;1947;1950,3,S.A.E. Financière & Immobilière ;; S.A.E. Financière el Immobi- lière ;; S.A.E. Financière et Immobiliè- re ;; S.A.E. Financière et Immobilière ;; S.A.E. Financière et lmmobilière ;; Sté. An. Eg. Financière& Immobilière
C00909,S.A.E. Moulins «Al,s e moulins al,1942,1,S.A.E. Moulins «Al
C00910,S.A.E. Starr-Orient,s e starr orient,1942,1,S.A.E. Starr-Orient
C00911,S.A.E. des Anciens Etablissements Hovaghimian,s e anciens etablissements hovaghimian,1942;1947;1950,3,S.A.E. des Anciens Elablis- sements Hovaghimian ;; S.A.E. des Anciens Etablissements Hovaghimian ;; S.A.E. des Anciens KElablis- sements Hovaghimian ;; S.AE. des Anciens Elablis- semen(s Hovaghimian
C00912,S.A.E. des Etablissements Distillerie Bolanachi,s e etablissements distillerie bolanachi,1942,1,S.A.E. des Etablissements Distillerie Bolanachi
C00913,S.A.E. «Almina''·,s e almina,1942;1947,2,S.A.E. «Almina''· ;; S.A.E. «Almina»
C00914,"«Chaussu- res Bata», S.A.E",chaussu res bata s e,1942;1947;1950,3,"S.A.E. des Chaussures Bata ;; S.A.E. «Chaussures Bata» ;; Sté, des Chaussures Bal’a ;; «Chaussu- res Bata», S.A.E"
C00915,«Fluviale» S.A.E,fluviale s e,1942;1947;1950,3,"<<La Fluviale» ;; S.A.K. «La Fluviale» ;; la«Fluviale», S.A.E ;; «Fluviale,,, S.A.E ;; «Fluviale» ;; «Fluviale» S.A.E ;; «La Fluviale»"
C00916,S.E. de Tissage el,s e tissage el,1942,1,S.E. de Tissage el
C00917,SA. des Chemins de Fer Kéneh Assouan el de la S.A. des Halles Cen- lrales d'Egyple,sa chemins fer keneh assouan el s halles cen lrales egyple,1942,1,SA. des Chemins de Fer Kéneh Assouan el de la S.A. des Halles Cen- lrales d'Egyple
C00918,SA. des Chemins de Fer de la Basse-Egyple el de la S.A. des Tramways du Caire,sa chemins fer basse egyple el s tramways caire,1942,1,SA. des Chemins de Fer de la Basse-Egyple el de la S.A. des Tramways du Caire
C00919,SA. «La Fluviale» {Van Der Zee),sa fluviale van der zee,1942,1,SA. «La Fluviale» {Van Der Zee)
C00920,SALE. Carba,sale carba,1942,1,SALE. Carba
C00921,SALE. de Cons- tructions (EGYCO”,sale cons tructions egyco,1942,1,SALE. de Cons- tructions (EGYCO”
C00922,SALE. «Chaussures Bala»,sale chaussures bala,1942,1,SALE. «Chaussures Bala»
C00923,Sa- ciété California Texas des Pétroles,sa ciete california texas petroles,1942,1,Sa- ciété California Texas des Pétroles
C00924,So- ciélé Coopéralive Commerciale de Crédit,so ciele cooperalive commerciale credit,1942;1947,2,So- ciélé Coopéralive Commerciale de Crédit ;; so-ciété Coopérative Commerciale de Crédn
C00925,"So- ciélé Egvplienne du Caoutchouc, S.A.E",so ciele egvplienne caoutchouc s e,1942,1,"So- ciélé Egvplienne du Caoutchouc, S.A.E ;; Socié- té Egyptienne du Caoutchouc"
C00926,So- ciélé des Aulobus du Caire,so ciele aulobus caire,1942,1,So- ciélé des Aulobus du Caire ;; So- ciété des Autobus du Caire
C00927,So- ciété Egyplienne de Ciment Portland Tourah. Le Caire,so ciete egyplienne ciment portland tourah caire,1942,1,So- ciété Egyplienne de Ciment Portland Tourah. Le Caire ;; Sociélé Egvptienne de Ciment Portland Tourah. Le Caire
C00928,"So- ciété Egyplienne de Tuyaux, Poteaux el Produits en Cimenl Armé (Système Siegwart)",so ciete egyplienne tuyaux poteaux el produits cimenl arme systeme siegwart,1942,1,"So- ciété Egyplienne de Tuyaux, Poteaux el Produits en Cimenl Armé (Système Siegwart)"
C00929,"Sociéié Egvptienne pour l'Exploilation des Mines el Carrières, S.A.E",socieie egvptienne exploilation mines el carrieres s e,1942,1,"So- ciété Egyplienne pour l'Exploilalion des Mines et Carrières ;; Sociéié Egvptienne pour l'Exploilation des Mines el Carrières, S.A.E"
C00930,So- ciété Egyptienne pour le Tannage,so ciete egyptienne tannage,1942,1,So- ciété Egyptienne pour le Tannage
C00931,So- ciété Immobilière de Boulac,so ciete immobiliere boulac,1942,1,So- ciété Immobilière de Boulac
C00932,So- ciété Misr de Navigation Maritime,so ciete misr navigation maritime,1942,1,So- ciété Misr de Navigation Maritime
C00933,So- ciété Misr de Transport el de Navigation,so ciete misr transport el navigation,1942,1,So- ciété Misr de Transport el de Navigation
C00934,"So- ciété Texas Egyplienne des Pétroles, S.A.E",so ciete texas egyplienne petroles s e,1942,1,"So- ciété Texas Egyplienne des Pétroles, S.A.E"
C00935,So- ciété des Aulobus de Charkieh el Dakabhlieh,so ciete aulobus charkieh el dakabhlieh,1942;1947,2,So- ciété des Aulobus de Charkieh el Dakabhlieh ;; Sociélé des Aulobus de Charkieh et Dakahlieh ;; Sociélé des Autobus de Charkieh et Dakahlieh ;; laSociété des A)ltobus de Charkieh et Dakahlieh
C00936,"Socicté Egvptlienne d'Industries Chimiques, S.A.E",socicte egvptlienne industries chimiques s e,1942,1,"Socicté Egvptlienne d'Industries Chimiques, S.A.E"
C00937,"Socielà Ano- nima Immobili Riunili el de la Pinto Cotton Co., S.A.E",sociela ano nima immobili riunili el pinto cotton co s e,1942,1,"Socielà Ano- nima Immobili Riunili el de la Pinto Cotton Co., S.A.E"
C00938,Socié- lé Misr d'Assurances Générales el de la Sociélé Misr de Ta- bacs el Cigarelles,socie misr assurances generales el sociele misr ta bacs el cigarelles,1942,1,Socié- lé Misr d'Assurances Générales el de la Sociélé Misr de Ta- bacs el Cigarelles
C00939,Socié- té Anonyme Egvplienne des Industries Textiles,socie te anonyme egvplienne industries textiles,1942,1,Socié- té Anonyme Egvplienne des Industries Textiles
C00940,Sociéli Franco-Egyptienne de Crédit,socieli franco egyptienne credit,1942,1,Sociéli Franco-Egyptienne de Crédit
C00941,Sociélé Anonyme des Eaux du Caire el de la Compagnie Frigorifique d'Egypte,sociele anonyme eaux caire el frigorifique egypte,1942,1,Sociélé Anonyme des Eaux du Caire el de la Compagnie Frigorifique d'Egypte
C00942,Sociélé Cotonnière«#Maarad»,sociele cotonniere maarad,1942,1,Sociélé Cotonnière«#Maarad»
C00943,"Sociélé E- gvptienne d'Electricité, S.A",sociele e gvptienne electricite s,1942,1,"Sociélé E- gvptienne d'Electricité, S.A ;; Sociélé Egvplienne d'Electricité ;; Sociélé Egyplien- ne d’Electricilé, S.A ;; Sociélé Egyplienne d'Electricité, S.A ;; Socélé Egvxp- lienne d'Electricité"
C00944,Sociélé Egvp- benne d'Egrenage,sociele egvp benne egrenage,1942,1,Sociélé Egvp- benne d'Egrenage
C00945,Sté. Egyptienne de la Bourse Commerciale de Minet El Bassal,ste egyptienne bourse commerciale minet el bassal,1942;1947,2,Sociélé Egvplienne de la Bourse Commerciale de Minet El Bassal ;; Sociélé Egyptienne de la Bourse Commerciale de Minet El Bassal ;; Société Egvplienne de la Bourse Commerciale de Minel EI Bassal ;; Société Egyp- lienne de la Bourse Commerciale de Minet el Bassal ;; Sté. Egyptienne de la Bourse Commerciale de Minel-El- Bassal ;; Sté. Egyptienne de la Bourse Commerciale de Minet El Bassal
C00946,"Sociélé Egvplienne pour le Tannage el l'industrie du Cuir, SALE",sociele egvplienne tannage el industrie cuir sale,1942,1,"Sociélé Egvplienne pour le Tannage el l'industrie du Cuir, SALE"
C00947,Sociélé Egvptienne d'Entreprises Ur- baines et Rurales,sociele egvptienne entreprises ur baines rurales,1942,1,Sociélé Egvptienne d'Entreprises Ur- baines et Rurales
C00948,Sociélé Egvptiienne pour le,sociele egvptiienne,1942,1,Sociélé Egvptiienne pour le
C00949,Sociélé Egyp- tienne d'Entreprises el Constructions (S.E.D.E.C.),sociele egyp tienne entreprises el constructions s e e c,1942,1,Sociélé Egyp- tienne d'Entreprises el Constructions (S.E.D.E.C.)
C00950,Sociélé Egyplienne pour le Développement du Commerce des Légumes. Fruits et Fleurs,sociele egyplienne developpement commerce legumes fruits fleurs,1942,1,Sociélé Egyplienne pour le Développement du Commerce des Légumes. Fruits et Fleurs
C00951,Sociélé Egyptienne de Tissageel Tricolage,sociele egyptienne tissageel tricolage,1942,1,Sociélé Egyptienne de Tissageel Tricolage
C00952,Sociélé Française de Distribution des Pétroles au Maroc,sociele francaise distribution petroles maroc,1942,1,Sociélé Française de Distribution des Pétroles au Maroc
C00953,Sociélé Française des Combustibles Liquides,sociele francaise combustibles liquides,1942,1,Sociélé Française des Combustibles Liquides
C00954,Sociélé Générale de Pres- sage,sociele generale pres sage,1942,1,Sociélé Générale de Pres- sage
C00955,Sociélé Générale de Pressage el de Dépôts,sociele generale pressage el depots,1942,1,Sociélé Générale de Pressage el de Dépôts
C00956,Sociélé Manufacture des Textiles Egyp- liens (Karpelès et Co.),sociele manufacture textiles egyp liens karpeles co,1942,1,Sociélé Manufacture des Textiles Egyp- liens (Karpelès et Co.)
C00957,Sociélé Misr d'Assurances Générales,sociele misr assurances generales,1942,1,Sociélé Misr d'Assurances Générales
C00958,Sociélé Misr d'Exportalion du Coton,sociele misr exportalion coton,1942,1,Sociélé Misr d'Exportalion du Coton
C00959,"Sociélé Misr de Fila- ture el de Tissage, S.A.E",sociele misr fila ture el tissage s e,1942,1,"Sociélé Misr de Fila- ture el de Tissage, S.A.E"
C00960,Sociélé Misr de Filalure el de Tissage Fin en Coton Egvptien (Usines à Kafr EI Dawar),sociele misr filalure el tissage fin coton egvptien usines kafr ei dawar,1942,1,Sociélé Misr de Filalure el de Tissage Fin en Coton Egvptien (Usines à Kafr EI Dawar)
C00961,Sociélé Nalionale du Papier,sociele nalionale papier,1942,1,Sociélé Nalionale du Papier ;; Sociélé Nationale du Papier
C00962,Sociélé Orientale de Publicité,sociele orientale publicite,1942,1,Sociélé Orientale de Publicité
C00963,Sociélé d'Avances Commerciales,sociele avances commerciales,1942,1,Sociélé d'Avances Commerciales
C00964,"là So- ciété des Entreprises M. Cockinos, S.A.E",so ciete entreprises m cockinos s e,1942;1950,2,"So- ciété d'Entreprises M. Cockinos S.A.E ;; Sociélé d'Entreprises M. Cockinos, S.A.E ;; là So- ciété des Entreprises M. Cockinos, S.A.E"
C00965,"Sociélé de Métallurgie Kgvplienne, S.A.E",sociele metallurgie kgvplienne s e,1942,1,"Sociélé de Métallurgie Kgvplienne, S.A.E"
C00966,Sociélé des Aulobus de Charkieh,sociele aulobus charkieh,1942,1,Sociélé des Aulobus de Charkieh
C00967,Sociélé des Autobus de Charkieh el de Dakahlieh el de The UÜnileldl Bus Co,sociele autobus charkieh el dakahlieh el uunileldl bus co,1942,1,Sociélé des Autobus de Charkieh el de Dakahlieh el de The UÜnileldl Bus Co
C00968,Société,,1942,1,Société
C00969,Société Anonv- me de Nettovage,anonv me nettovage,1942,1,Société Anonv- me de Nettovage
C00970,Société Anonvme Egvplienne de Constructions EGYCO,anonvme egvplienne constructions egyco,1942,1,Société Anonvme Egvplienne de Constructions EGYCO
C00971,"Société Anonyme Egyplienne de Gonstruclions, «Egyco»",egyplienne gonstruclions egyco,1942,1,"Société Anonyme Egyplienne de Gonstruclions, «Egyco»"
C00972,"Société Anonyme Egyptlienne «Carba», de The Egyvptian Copper Works",egyptlienne carba egyvptian copper works,1942,1,"Société Anonyme Egyptlienne «Carba», de The Egyvptian Copper Works"
C00973,Société Belgo-Egyn- Hienne de FEBzbékich,belgo egyn hienne febzbekich,1942,1,Société Belgo-Egyn- Hienne de FEBzbékich
C00974,Société California Texas,california texas,1942,1,Société California Texas
C00975,Société Coopérative Commerciale de Crédit,cooperative commerciale credit,1942;1947;1950,3,Cooperative Commerciale de Crédit ;; Coopérative Commerciale de Crédit ;; Société Coopérative Commerciale de Crédit
C00976,Société Copte de Bienfaisance el°de PHôpilal Copte,copte bienfaisance eldegde phopilal copte,1942,1,Société Copte de Bienfaisance el°de PHôpilal Copte
C00977,Société Cotonnière «Maarad» el de la Hamala Mining Co,cotonniere maarad el hamala mining co,1942;1947,2,Société Cotonnière «Maaradn el de la Hamata Mining ;; Société Cotonnière «Maarad» el de la Hamala Mining Co
C00978,Société E- gvptienne de Ciment Porlland Tourah,e gvptienne ciment porlland tourah,1942,1,Société E- gvptienne de Ciment Porlland Tourah ;; Société Egvplienne de Ciment Portland Tourah ;; Société KEgyptienne de Ciment Portland-Tourah
C00979,Société Egvp- tienne de Minolerie el de Silos,egvp tienne minolerie el silos,1942,1,Société Egvp- tienne de Minolerie el de Silos ;; Société Egyplienne de Minolerie el de Silos ;; Sté. Egyplienne de Minoterie el de Si- los
C00980,"Société Egyplienne d'Electricilé, S.A",egyplienne electricile s,1942,1,"Société Egvplienne d'Electricité ;; Société Egvplienne d’Electricité ;; Société Egyplienne d'Electricilé, S.A ;; Société Egyptien- ne d'Electricité"
C00981,Société Egvplienne d'Entre- prises Urbaines et Rurales,egvplienne entre prises urbaines rurales,1942,1,Société Egvplienne d'Entre- prises Urbaines et Rurales ;; Société Egvplienne d'Entreprises Urbaines el Rurales ;; Société Egvplienne d'Entreprises Urhaines et Rurales ;; Société Egyplienne d'Entreprises Urbaines et Rurales
C00982,"Société Egvplienne de Caout- chouc, S.A.E",egvplienne caout chouc s e,1942,1,"Société Egvplienne de Caout- chouc, S.A.E ;; Société Egyp- tienne de Caoutchouc, S.A.E"
C00983,Société Egvplienne de Teinture,egvplienne teinture,1942,1,Société Egvplienne de Teinture ;; Société Egyplienne de Filalure
C00984,Société Egvplienne de Teinturerie el d'Apprèt,egvplienne teinturerie el appret,1942,1,Société Egvplienne de Teinturerie el d'Apprèt ;; Société Egyplienne de Teinture el d'Apprèt
C00985,"Société Egyptienm des Industries Textiles, S.A.E",egyptienm industries textiles s e,1942;1947,2,"Société Egvplienne des Industries Textiles ;; Société Egvptienne des Industries Textiles ;; Société EgylJtienne des Industries Textiles ;; Société Egyplienne de l'Industrie Textile ;; Société Egyplienne des Industries Textiles ;; Société Egyptienm des Industries Textiles, S.A.E ;; Sté. Egyptienne des Industries Texti les ;; a Sté. Egyptienne des Industries Textiles"
C00986,Société Egyp- tienne des Pétroles,egyp tienne petroles,1942;1950,2,Dél. Sté. Egyptienne des Pétroles ;; Société Egvplienne des Pétroles ;; Société Egvptienne des Pétroles ;; Société Egyp- tienne des Pétroles ;; Société Egyplienne des Pétroles ;; Sté Egyptienne des Pétroles
C00987,"Société Egyplienne pour le Développe- ment et le Commerce des Légumes, Fruits et Fleurs",egyplienne developpe ment commerce legumes fruits fleurs,1942,1,"Société Egvplienne pour le Développement du Commerce des Légumes, Fruits el Fleurs ;; Société Egvpliénne pour le Développement du Commerce des Lé- gumes, Fruits el Fleurs ;; Société Egyplienne pour le Développe- ment et le Commerce des Légumes, Fruits et Fleurs ;; Société Egyplienne pour le Développement du Commerce des Légumes, Fruits el Fleurs"
C00988,Société Egvplienne pour le Tannage el l'industrie du,egvplienne tannage el industrie,1942,1,Société Egvplienne pour le Tannage el l'industrie du
C00989,"Société Egvptienne pour l'Industrie et le Com- merce des Cotonnades «La Cotonnière», S.A.E",egvptienne industrie com merce cotonnades cotonniere s e,1942,1,"Société Egvptienne pour l'Industrie et le Com- merce des Cotonnades «La Cotonnière», S.A.E ;; Société Kgyptienne pour Findus- irie et le Commerce des Cotonnades «La Cotonnière», S.A.E"
C00990,"Société Egyh- tienne pour l'Exploitation des Mines ei Carrières, S.A.E",egyh tienne exploitation mines ei carrieres s e,1942,1,"Société Egyh- tienne pour l'Exploitation des Mines ei Carrières, S.A.E"
C00991,Société Egyp- tienne des Placements,egyp tienne placements,1942;1947,2,Société Egyp- tienne des Placements ;; Société Egyplienne de Placements ;; Société Egyptienrw de Placements
C00992,Société Egyplienne de Constructions,egyplienne constructions,1942,1,Société Egyplienne de Constructions
C00993,"Société Egyplienne de Filature el de Tissage de la Laine, S.A.E",egyplienne filature el tissage laine s e,1942,1,"Société Egyplienne de Filature el de Tissage de la Laine, S.A.E"
C00994,"Société Egyplienne de Placements el de Crédit, S.A.E",egyplienne placements el credit s e,1942,1,"Société Egyplienne de Placements el de Crédit, S.A.E"
C00995,"Société Egyptienne d'Entreprises et Constructions ( S.E.D.E.C.), S.A.E",entreprises constructions s e e c s e,1942;1947;1950,3,"Société Egyptienne ct'Entrepl'i.ses et Constructions(S.E.D.E.C.) ;; Société Egyptienne d'Entrep1·ises et Constructions (S.E.D.E.C.) ;; Société Egyptienne d'Entreprises et Construc- tions (S.E.D.E.C.) ;; Société Egyptienne d'Entreprises et Constructions ( S.E.D.E.C.), S.A.E ;; Société Egyptienne d'Entreprises et Constructions (S.E.D.E.C.)"
C00996,Société Egyptienne de Teinlture el d’'Apprêt,teinlture el appret,1942,1,Société Egyptienne de Teinlture el d’'Apprêt
C00997,Société Egyptienne des Industries Textiles el de la Filature Nationale d'Egypte,industries textiles el filature nationale egypte,1942,1,Société Egyptienne des Industries Textiles el de la Filature Nationale d'Egypte
C00998,Société Egyptienne des Pétro- les,petro,1942;1947,2,Société Egyptienne des Pétro les ;; Société Egyptienne des Pétro- les
C00999,Société Egyptienne d’E- grenage ‘et d’Entrepôts (S.A.),e grenage entrepots s,1942,1,Société Egyptienne d’E- grenage ‘et d’Entrepôts (S.A.)
C01000,Société Egyptienne pour le Tannage,tannage,1942;1947;1950,3,Société Egyptienne pour le Tannage ;; Société Egyptienne pour le tannage
C01001,Société Egyptienne ue,ue,1942,1,Société Egyptienne ue
C01002,Société Fon- cière d'Egyple el de la Société des Aulobus du Caire,fon ciere egyple el aulobus caire,1942,1,Société Fon- cière d'Egyple el de la Société des Aulobus du Caire
C01003,Société Foncière de Cheikh Fadl,fonciere cheikh fadl,1942,1,Société Foncière de Cheikh Fadl
C01004,Société Fran- gaise de Distribulion des Pélroles au Maroc,fran gaise distribulion pelroles maroc,1942,1,Société Fran- gaise de Distribulion des Pélroles au Maroc
C01005,Société Franco-Egyptien- ne d'Importalion el de la Sociélé des Elablissements Bola- nachi,franco egyptien ne importalion el sociele elablissements bola nachi,1942,1,Société Franco-Egyptien- ne d'Importalion el de la Sociélé des Elablissements Bola- nachi
C01006,Société Française de Distribution des Pétroles en Algérie,francaise distribution petroles algerie,1942,1,Société Française de Distribution des Pétroles en Algérie
C01007,Société Française des Combustibles Liquides,francaise combustibles liquides,1942,1,Société Française des Combustibles Liquides
C01008,Société Générale des Sucreries et Raffinerie d'Egypte,generale sucreries raffinerie egypte,1942;1947;1950,3,Société Gé- nérale des Sucreries el de la Raffinerie d'Egypte ;; Société Générale des Sucreries el de la Raffi- nerie d'Egypte ;; Société Générale des Sucreries el de la Raffinerie d'Egypte ;; Société Générale des Sucreries et Raffinerie d'Egypte
C01009,Société Géntrale des Sucreries el de la Raffinerie d’E- gypte,gentrale sucreries el raffinerie e gypte,1942,1,Société Géntrale des Sucreries el de la Raffinerie d’E- gypte ;; Société Générale des Sucreries el de la Raffinerie d'E- gyple
C01010,Société Hongro-Egyptienne pour le Commerce (Elabli à Budapest),hongro egyptienne commerce elabli budapest,1942,1,Société Hongro-Egyptienne pour le Commerce (Elabli à Budapest)
C01011,"Société Hongro-Egyptienne pour le Commerce, S.A",hongro egyptienne commerce s,1942;1947;1950,3,"Société Hongra-Egyptienne pour le Commerce, S.A ;; Société Hongro-Egyptienne pour le Commerce, S.A"
C01012,"Société Immobilière de Boulac el de la Société Immobilière de Zamalek, S.A.E",immobiliere boulac el immobiliere zamalek s e,1942,1,"Société Immobilière de Boulac el de la Société Immobilière de Zamalek, S.A.E"
C01013,"Société Immobilière de Zamalek, S.A.E",immobiliere zamalek s e,1942;1947;1950,3,"Société Immobilière de Za- malek, S.A.E ;; Société Immobilière de Zamalek, S.A.E ;; Sté Immobilière de Zamalek ;; Sté. Immobilière de Zamalek"
C01014,"Société Immobilière de Zamalek, S.A.E., domicilié à Paris",immobiliere zamalek s e domicilie paris,1942,1,"Société Immobilière de Zamalek, S.A.E., domicilié à Paris"
C01015,Société Indus- trielle et Commerciale d'Egyple (SICO),indus trielle commerciale egyple sico,1942,1,Société Indus- trielle et Commerciale d'Egyple (SICO)
C01016,"Société Industrielle et Commerciale d'Egypte (S.I.C.O.), S.A.E",industrielle commerciale egypte s i c o s e,1942;1947;1950,3,"Société Industrielle & Commerciale d'Egypte (S.LC.0.) ;; Société Industrielle el Commerciale d'Egypte (S.LC.0.), S.A.E ;; Société Industrielle et Commerciale d'Egypte ( S.I.C.O.), S.A.E ;; Société Industrielle et Commerciale d'Egypte ( SICO), S.A.E ;; Société Industrielle et Commerciale d'Egypte (S.I.C.O.) ;; Société Industrielle et Commerciale d'Egypte (S.I.C.O.), S.A.E ;; Société Industrielle et Commerciale d'Egypte (SICO), S.A.E ;; Société Industrielle et Commerciale d'Egypte. (S.H.C.0.) S.A.E ;; Sté. Industrielle et Commerciale d'Egypte{(SICO) S.A.E"
C01017,Société Liban-Egyple,liban egyple,1942,1,Société Liban-Egyple
C01018,Société Misr pour la Filature et le Tissage S.A. E,misr filature tissage s e,1942;1947;1950,3,"Société Misr Filature el Tissage ;; Société Misr de Filalture el de Tissage, S.A.E ;; Société Misr de Filalure el de Tis- sage, S.A.E ;; Société Misr de Filature el de Tissage, S.A.E ;; Société Misr pour la Filature et le Tissage S.A. E ;; Sté Misr Filature et Tissage ;; Sté. Misr pour la Filature et le Tissage S.A.E ;; ~ Sté. Misr Filature et Tissage"
C01019,Société Misr de Fi- lature de Cotons Fins (Kafr E! Dawar),misr fi lature cotons fins kafr e dawar,1942,1,Société Misr de Fi- lature de Cotons Fins (Kafr E! Dawar)
C01020,Société Misr de Filature,misr filature,1942;1947;1950,3,Société Misr de Filalure ;; Société Misr de Filature ;; Sté. Misr de Filature ;; Sté. Misr pour la Filature et le
C01021,Société Misr de Filature de la Soie,misr filature soie,1942,1,Société Misr de Filature de la Soie
C01022,Société Misr de Filature el de Tissage Fin en Coton Egvyptien (Usines Kafr EI Dawar),misr filature el tissage fin coton egvyptien usines kafr ei dawar,1942,1,Société Misr de Filature el de Tissage Fin en Coton Egvyptien (Usines Kafr EI Dawar)
C01023,Société Misr de Transport el de Navigation,misr transport el navigation,1942;1950,2,Société Misr de Transport el de Navigation ;; Sté. Misr Transport et Navigation
C01024,Société Misr des Mines et Carrières,misr mines carrieres,1942;1947;1950,3,Société Mi sr des Mines et Carrières ;; Société Misr des Mines et Carrières
C01025,Société Misr d’Egrenage,misr egrenage,1942,1,Société Misr d’Egrenage
C01026,"Société Misr pour l'Industrie Pharmaceutique, S.A.E",misr industrie pharmaceutique s e,1942;1947;1950,3,"Société Misr pour l'Industrie Phar- maceutique, S.A.E ;; Société Misr pour l'Industrie Pharmaceutique, S.A.E ;; Sté Misr pour l'Industrie Pharmaceutique ;; Sté. Misr Industrie Pharmaceutique"
C01027,Société Misr pour la Filalure el le Tissage (Mehalla el Kobra),misr filalure el tissage mehalla el kobra,1942;1947,2,"Société Misr pour la Filalure el le Tissage (Mehalla el Kobra) ;; Société Misr pour la Filature et le Tissage, Mehalla El Kobra ;; Sté .. Misr pour la Filature et le Tissage (Mehalla-Kobra)"
C01028,Société Misr pour le Lin,misr lin,1942;1947;1950,3,Société Mi sr pour le Li.n ;; Société Mi sr pour le Lin ;; Société Misr pour le Lin ;; ·Société Misr pour le Lin
C01029,Société Misr pour le Lin el de la Société Misr pour les Huiles,misr lin el misr huiles,1942,1,Société Misr pour le Lin el de la Société Misr pour les Huiles
C01030,Société Misr pour le Théâtre et le Cinéma,misr theatre cinema,1942;1947;1950,3,-Dél. Sté. Misr Théâtre et Cinéma ;; Société Misr pour le Théâtre et le Cinéma ;; Sté. Misr pour le Théâtre et le Cinéma
C01031,Société Misr pour le Tissage de la Soie,misr tissage soie,1942;1947;1950,3,Societé Misr pour le Tissage de la. Soie ;; Société Misr pour le Tissage de la Soie ;; Société Misr pour le Tissage de la Soie S.A.E ;; Sté. Misr pour )e Tissage de la Soie
C01032,Société Misr pour l'Industrie et le Commerce des Huiles,misr industrie commerce huiles,1942;1947;1950,3,Société Misr pour l'Industrie et le Commerce des Huiles ;; Société Misr pour l’industrie et le Commerce des Huiles
C01033,Société Misr «la Fluviale» S.A.E,misr fluviale s e,1942;1950,2,Société Misr «la Fluviale» S.A.E ;; Sté. Misr Fluviale
C01034,Société Pharos,pharos,1942;1947;1950,3,Société Pharos ;; Société «Pharos»
C01035,"Société Rou- maine «Prahova» Socielale Anonima Romana Pentru In- dustria di Comertul Petrolului, Bucarest",rou maine prahova socielale anonima romana pentru in dustria di comertul petrolului bucarest,1942,1,"Société Rou- maine «Prahova» Socielale Anonima Romana Pentru In- dustria di Comertul Petrolului, Bucarest"
C01036,Société Royale d'Economie Politique,royale economie politique,1942;1947;1950,3,Société Royale d'Economie Politique ;; Société Royale d'Econorme Politique
C01037,Société Vilicole& Vinicole d'Egvple,vilicole vinicole egvple,1942,1,Société Vilicole& Vinicole d'Egvple
C01038,"Société Viticole & Vinicole d'Egvple, SALE",viticole vinicole egvple sale,1942,1,"Société Viticole & Vinicole d'Egvple, SALE"
C01039,Société Zoologi que d'Egypte,zoologi que egypte,1942;1947,2,Société Zoologi que d'Egypte ;; Société Zoologique d'Egypte
C01040,Société de,,1942,1,Société de
C01041,"Société de Transports, Ex- pédilions el Assurances «PHAROS»",transports ex pedilions el assurances pharos,1942,1,"Société de Transports, Ex- pédilions el Assurances «PHAROS»"
C01042,Société des Autobus de Charkieh et Dakahlieh,autobus charkieh dakahlieh,1942;1947;1950,3,Société des Au.tobus de Charkieh et Dakahlieh ;; Société des Aulo- bus «de Charkieh el Dakabhlieh ;; Société des Autobus de Charkieh et Dakahlieh ;; Sté. des Autobus Charkieh et Dakahlieh
C01043,Société des Auto- bus du Nord el de la Sté. des Aulobus du Caire,auto bus nord el ste aulobus caire,1942;1950,2,"Société des Auto- bus du Nord el de la Sté. des Aulobus du Caire ;; Société des Autobus du Nord, de la Sté. des Autobus du Caire"
C01044,"Société des Autobus de Béhéra ct de Gharbieh, S.A.E",autobus behera ct gharbieh s e,1942;1947,2,"Société des Autobus de Béhéra ct de Gharbieh, S.A.E ;; Société des Autobus de Béhéra el de Gharbieh"
C01045,Société des Terrains de la Ville d'Alexandrie,terrains ville alexandrie,1942;1947;1950,3,Société des Tel' rains de la Ville d'Alexandrie ;; Société des Terrains de la Ville d'Alexandrie ;; Sté des Terrains de la Ville d'Alexandrie ;; Sté. des Terrains de la Ville d'Alexandrie
C01046,"Société des Terrains de la Ville d'Alexandrie, de la «Fluviale»",terrains ville alexandrie fluviale,1942,1,"Société des Terrains de la Ville d'Alexandrie, de la «Fluviale»"
C01047,Société des Terres Rares d'Egyple,terres rares egyple,1942,1,Société des Terres Rares d'Egyple
C01048,Société du Crédil Minier,credil minier,1942,1,Société du Crédil Minier
C01049,Société Egyptienne pour la FabriGation,fabrigation,1942;1947;1950,3,Société Egyptienne pour la FabriGation ;; Société pour la Fabrication ;; Sté. Eg. · pour la Fabrication
C01050,"Société pour la Vente des Produits Egyptiens, S.A.E",vente produits egyptiens s e,1942;1947;1950,3,"Société pour la Vente des Produits Egvpliens. S.A.E ;; Société pour la Vente des Produits Egypliens, S.A.E ;; Société pour la Vente des Produits Egyptiens ;; Société pour la Vente des Produits Egyptiens S.A.E ;; Société pour la Vente des Produits Egyptiens, S.A.E ;; Société pour la vente des Produits Egypliens, S.A.E ;; la· Société pom la Vente des Produits Egyptiens, S.A.E"
C01051,Société «Egyplian Cement Products»,egyplian cement products,1942;1950,2,Société «Egyplian Cement Products» ;; Sté « Egyptian Cement Products »
C01052,Sociétés d'Assurances «La Na- lionale» de Paris,societes assurances na lionale paris,1942,1,Sociétés d'Assurances «La Na- lionale» de Paris
C01053,"Standard Oil Co. of E- £vpt de la Misr Concrele Development Co., S.A.E",standard oil co e psvpt misr concrele development co s e,1942,1,"Standard Oil Co. of E- £vpt de la Misr Concrele Development Co., S.A.E"
C01054,Statistique Egyplienne,statistique egyplienne,1942;1950,2,Statistique Egyplienne ;; Statistique Egyptienne
C01055,Société Misr de Transport,misr transport,1942;1947;1950,3,"Société Misr de Transport ;; Sté, Misr pour le Transport"
C01056,"Sté. Colonnière d'Egvple, S.A.E",ste colonniere egvple s e,1942,1,"Sté. Colonnière d'Egvple, S.A.E"
C01057,Sté. Fouad ler de la Légis- lation de Statistique el d'Economie Politique,ste fouad ler legis lation statistique el economie politique,1942,1,Sté. Fouad ler de la Légis- lation de Statistique el d'Economie Politique
C01058,Sté. Gén. Immobilière,ste gen immobiliere,1942,1,Sté. Gén. Immobilière
C01059,Sté. «Cigareltes,ste cigareltes,1942,1,Sté. «Cigareltes
C01060,Supérieur Economique,superieur economique,1942,1,Supérieur Economique
C01061,surveillance de la «HAMATA MINING» Company,surveillance hamata mining company,1942;1947;1950,3,Surveillance de Hamala Mining Co ;; Surveillance de Hamata Mining Co ;; Surveillance de Hamatèl Mining Co ;; Surveillance de la Ha- mala Mining Co ;; Surveillance de la Hamata MIning Co ;; Surveillance de la Hamata Mining Co ;; Surveillance de la Hamata Mining Cy ;; Surveillance de la Hamatla Mi- ning Co ;; Surveillance de la Ham~ta Mining Co ;; surveillance de la «HAMATA MINING» Company
C01062,Surveillance de la Banque de Commerce X. Tepeghiosi el Co,surveillance banque commerce x tepeghiosi el co,1942,1,Surveillance de la Banque de Commerce X. Tepeghiosi el Co
C01063,Surveillance de la Société d’As- surance sur Ja vie «La Genevoise»,surveillance as surance sur ja vie genevoise,1942;1947,2,Surveillance de la Société d'Assurance sur la vie «La Genevoise» ;; Surveillance de la Société d’As- surance sur Ja vie «La Genevoise»
C01064,Syndical de l'industrie Egvplien- ne du Riz,syndical industrie egvplien ne riz,1942;1947,2,Syndical de l'industrie Egvplien- ne du Riz ;; Syndicat de l'Industrie Egyptienne du Riz
C01065,Syndicat des Obligataires de la Société Générale des Sucreries el de là Raffinerie d'Egyvple,syndicat obligataires generale sucreries el raffinerie egyvple,1942,1,Syndical des Obligalaires de la Société Générale des Sucreries el de la Raffinerie d'Egvple ;; Syndicat des Obligataires de la Société Générale des Sucreries el de là Raffinerie d'Egyvple
C01066,Ta Société Misr pour le Lin,ta misr lin,1942,1,Ta Société Misr pour le Lin
C01067,"Tech- nique de la «Nationale», S.A. d'Assurances sur la Vie",tech nique nationale s assurances sur vie,1942,1,"Tech- nique de la «Nationale», S.A. d'Assurances sur la Vie"
C01068,Technique de The Dakahlieh Land Co,technique dakahlieh land co,1942;1947;1950,3,Technique de The Dakahlieh Land Co ;; Technique de Tht~ Dakahlieh Land Co
C01069,"Teinturerie Franco-Egyptienne, S.A.E",teinturerie franco egyptienne s e,1942;1947;1950,3,"Tein- turerie Franco-Egvptienne. S.A.E ;; Teintu- rerie Franco-Egvptienne, S.A.E ;; Teinturerie Franco-Egyptienne, S.A.E ;; Teinturerie Franco-Egyptienne, S.A.K"
C01070,Société Egyptienne de Teinturerie,teinturerie,1942;1947;1950,3,Société Egyptienne de Teinturerie ;; Teinturerie
C01071,The,,1942,1,The
C01072,"The Albert Mussa Agen- cy & Stevedoring Co., S.A.E",albert mussa agen cy stevedoring co s e,1942;1947;1950,3,"Albert Mussa Agency and Stevedoring Co ;; Dél. Albert Mussa Agency & Stevedoring Co ;; The Albert Moussa Agency & Stevedoring Co., S.A.E ;; The Albert Mussa Agen- cy & Stevedoring Co., S.A.E ;; The Albert Mussa Agen- ex & Stevedoring Co., S.A.E ;; The Albert Mussa Agency & Stevedoring Co ;; The Albert Mussa Agency & Stevedoring Co. S.A.E ;; The Albert Mussa Agency ,& Stevedoring Co., S.A.E ;; The Albert Mussa Agency and Slevedoring Co. S.A.E ;; The Albert Mussa Agency and Stevedoring Co. S.A.E ;; The Albert Mussa Agency ·& Stevedoring Co ;; The Albert Mussa Agèncy & Stevedoring Co., S.A.E ;; The Albert \Mussa Agenc\ à Stevedoring Co"
C01073,la«Alexaùdria .& Ramleh Rys. Co.n,alexaudria ramleh rys co n,1942;1947,2,Alexandria .& Ramleh Ry. Co ;; The Alexandria & Ramleh Rlys Co ;; la«Alexaùdria .& Ramleh Rys. Co.n ;; «A- lexandria & Ramleh Rys Co
C01074,"The Alexandria Walter Co, Lid. el de la SA. des Presses Libres Egvpliennes",alexandria walter co lid el sa presses libres egvpliennes,1942,1,"The Alexandria Walter Co, Lid. el de la SA. des Presses Libres Egvpliennes"
C01075,The Amalgamated lee Factories &,amalgamated lee factories,1942;1947;1950,3,The Amalgamated Ice Faclories & ;; The Amalgamated lee Facto1 ;; The Amalgamated lee Factories &
C01076,"The Amalgamated Ice Factories & Cold Slores. S.A.E., Admi- nistrateur de Ja S.A.E. «Carba»",amalgamated ice factories cold slores s e admi nistrateur ja s e carba,1942,1,"The Amalgamated Ice Factories & Cold Slores. S.A.E., Admi- nistrateur de Ja S.A.E. «Carba»"
C01077,The Asso- ciated Collon Ginners el de la Société Egyplienne de Pro- duils Chimiques,asso ciated collon ginners el egyplienne pro duils chimiques,1942,1,The Asso- ciated Collon Ginners el de la Société Egyplienne de Pro- duils Chimiques
C01078,The Bradford Dyers Associalion Lid. Bradford (England) el de la Socjélé Misr de Filalure,bradford dyers associalion lid bradford england el socjele misr filalure,1942,1,The Bradford Dyers Associalion Lid. Bradford (England) el de la Socjélé Misr de Filalure
C01079,"The Bradford Dyers’ Association Limited, Bradford, England",bradford dyers association bradford england,1942,1,"The Bradford Dyers’ Association Limited, Bradford, England"
C01080,The Cairo Agricultural Co. S.A.E,cairo agricultural co s e,1942;1947;1950,3,"Cairo Agricultmal Co ;; Cairo Agricultural ;; Cairo Agricultural Co ;; Cairo Agricultural Cy ;; The Cairo Agricul- tural Co, S.A.E ;; The Cairo Agricultural Co. S.A.E ;; The Cairo Agricultural Co., S.A.E"
C01081,The Cairo Electric Railways& Heliopolis Oases Co.-el de la SA. des Chemins de Fer de la Basse-Egvyple,cairo electric railways heliopolis oases co el sa chemins fer basse egvyple,1942,1,The Cairo Electric Railways& Heliopolis Oases Co.-el de la SA. des Chemins de Fer de la Basse-Egvyple
C01082,The Cairo Electrié Railways & Heliopolis Oases Co. el de la SA. des Eaux du Caire,cairo electrie railways heliopolis oases co el sa eaux caire,1942,1,The Cairo Electrié Railways & Heliopolis Oases Co. el de la SA. des Eaux du Caire
C01083,The Cho- remi Benachi & Co. (Liverpool),cho remi benachi co liverpool,1942;1947,2,The Cho- remi Benachi & Co. (Liverpool) ;; The Choremi Benachi & Co. (Liverpool)
C01084,The Choremi Benachi Cotton Co. (Alexandria),choremi benachi cotton co alexandria,1942,1,The Choremi Benachi Cotton Co. (Alexandria)
C01085,The Consolidatetl Landed Interests (Egvpl),consolidatetl landed interests egvpl,1942,1,The Consolidatetl Landed Interests (Egvpl)
C01086,The Cotton Spinning & Doubling Co. (Oberleutensdorf) Lid,cotton spinning doubling co oberleutensdorf lid,1942,1,The Cotton Spinning & Doubling Co. (Oberleutensdorf) Lid
C01087,"The Crown- egvpl Co., S.A.E. el de la Carrier-Egvptl, SALE",crown egvpl co s e el carrier egvptl sale,1942,1,"The Crown- egvpl Co., S.A.E. el de la Carrier-Egvptl, SALE"
C01088,"The Daniel Layborn & Co. Lid. (de Liverpool, Manchester et Hull)",daniel layborn co lid liverpool manchester hull,1942,1,"The Daniel Layborn & Co. Lid. (de Liverpool, Manchester et Hull)"
C01089,The Dinmore Quarries (North Wa- les),dinmore quarries north wa,1942,1,The Dinmore Quarries (North Wa- les)
C01090,The Eastern Company,eastern company,1942;1947;1950,3,Eastern ;; Eastern Cy ;; The Eastern Company
C01091,"The Egvplian Engince- ring Slores, S.A.E",egvplian engince ring slores s e,1942;1947;1950,3,"Egyptian Engineering Stores ;; Egyptian Engineering Stores, S.A.E ;; The Egvplian Engince- ring Slores, S.A.E ;; The Egvplian Engineering Sto- res ;; The Egyptian Engineering Stores, ~.A.E"
C01092,"The Egvptian Hotels Lid., de The Egvptian Ge- neral Omnibus Co",egvptian hotels lid egvptian ge neral omnibus co,1942,1,"The Egvptian Hotels Lid., de The Egvptian Ge- neral Omnibus Co"
C01093,"The Egvyplian General Omnibus Co., S.A.E. el de la SA. des Chemins de Fer de la Basse Egypte",egvyplian general omnibus co s e el sa chemins fer basse egypte,1942,1,"The Egvyplian General Omnibus Co., S.A.E. el de la SA. des Chemins de Fer de la Basse Egypte"
C01094,The Egyp- lian Hotels Lid,egyp lian hotels lid,1942,1,The Egyp- lian Hotels Lid ;; The Egyptian Hotels Lid
C01095,The Egyp- tian Motor Transport Co. el de l'Universal Motor Co. of Egvpt Lid,egyp tian motor transport co el universal motor co egvpt lid,1942,1,The Egyp- tian Motor Transport Co. el de l'Universal Motor Co. of Egvpt Lid
C01096,The Egyptian Delta Light Rail· ways Co,egyptian delta light rail ways co,1942;1947,2,The Egypl'an Della Light Raïilways Co ;; The Egyptian Delta Light Rail· ways Co
C01097,The Egyplian State Broadcasting,egyplian state broadcasting,1942;1947,2,The Egyplian State Broadcasting ;; The Egyptian State Broadcasting
C01098,The Egyptian Road Construction Co. de The Anglo-Ameri- can Nile & Tourist Cv,egyptian road construction co anglo ameri can nile tourist cv,1942,1,The Egyptian Road Construction Co. de The Anglo-Ameri- can Nile & Tourist Cv
C01099,The Electric et Power Supply Co,electric power supply co,1942,1,The Electric et Power Supply Co
C01100,"The Gab- bari Slorage Co., S.A.E",gab bari slorage co s e,1942,1,"The Gab- bari Slorage Co., S.A.E ;; The Gabha- ri Storage Co., S.A.E"
C01101,The Gabbari Land Company. SA. Nettoyage,gabbari land company sa nettoyage,1942,1,The Gabbari Land Company. SA. Nettoyage
C01102,"The Gabbhari Storage Com- pany, S.A.E",gabbhari storage com pany s e,1942,1,"The Gabbhari Storage Com- pany, S.A.E"
C01103,The Gbharbieh Land Co. el de The Associated Collon Ginners of Egypt Lid,gbharbieh land co el associated collon ginners egypt lid,1942,1,The Gbharbieh Land Co. el de The Associated Collon Ginners of Egypt Lid
C01104,"The Hin- shelwood Paint & Oil Co. of Egvpt, S.A.E",hin shelwood paint oil co egvpt s e,1942,1,"The Hin- shelwood Paint & Oil Co. of Egvpt, S.A.E ;; The Hinshel- wood Paint & Oi! Co. of Egypl. S.A.E ;; The Hinshelwood Paint & Oil Co. of E- gvpl, S.A.E"
C01105,The Manure Company of Egvpt (S.A.),manure company egvpt s,1942,1,The Manure Co. of Egvpt ;; The Manure Company of Egvpt (S.A.)
C01106,"The Manure Co. of Egypt, S.A",manure co egypt s,1942;1947;1950,3,"The Man ure Co. of Egypt (S.A.) ;; The Manu re Co. of Egypt (S.A.) ;; The Manure Co. of Egypt, S.A"
C01107,"The Natio- nal Pelroleum Co., de la Société Egvplienne des Pélroles el de lPAlexandria Racing Club, S.A.E",natio nal pelroleum co egvplienne pelroles el lpalexandria racing club s e,1942,1,"The Natio- nal Pelroleum Co., de la Société Egvplienne des Pélroles el de lPAlexandria Racing Club, S.A.E"
C01108,The National Associalion of Employment for Regu- lar Sailors. Soldiers & Airmen,national associalion employment regu lar sailors soldiers airmen,1942,1,The National Associalion of Employment for Regu- lar Sailors. Soldiers & Airmen
C01109,The National Insurance Co. of Egvpl,national insurance co egvpl,1942,1,The National Insurance Co. of Egvpl
C01110,"The Shef- field Smelling Co. (Egypl), S.A",shef field smelling co egypl s,1942,1,"The Shef- field Smelling Co. (Egypl), S.A"
C01111,"The Simon Arzt Stores, S.A.E",simon arzt stores s e,1942;1947;1950,3,"Simon Arzt Stores ;; Simon Arzt Stores, S.A.E ;; The Si- mn Arzl Slores, S.A.E ;; The Si- mon Arzl Slores, S.A.E ;; The Simon Arzl Slo- res. S.A.E ;; The Simon Arzt Stores, S.A.E ;; Tlw Simon Arzt Stores"
C01112,The Simon,simon,1942;1947,2,The Simon
C01113,The Standard Oil Company of Egvpl. S.A,standard oil company egvpl s,1942,1,"The Stan- dard Oil Company of Egvpl ;; The Standard Oil Co. of Egvpl, S.A ;; The Standard Oil Company of Egvpl. S.A"
C01114,"The Standard Oil Com- pany of Egvpt., S.A",standard oil com pany egvpt s,1942,1,"The Standard Oil Com- pany of Egvpt., S.A"
C01115,The United Bus Co,united bus co,1942;1947;1950,3,The United Bus Co ;; United Bus Co
C01116,The Upper Bus Co,upper bus co,1942;1947;1950,3,"The Upper Bus Co ;; The Upper Bus Co. S.A.E ;; The Upper Bus Co., S.A.E ;; The Upper Egypt Bus Co ;; The Upper Egypt Bus Co. S.A.E ;; The Upper Egypt Bus Co., S.A.E ;; The Upper Egypt Bus, S.A.E"
C01117,"The Upper Egvpt Bus Co., S.A.E",upper egvpt bus co s e,1942,1,"The Upper Egvpl Bus Co ;; The Upper Egvpl Bus Co. S.A.E ;; The Upper Egvpt Bus Co., S.A.E ;; The Upper Egypl Bus, S.A.E"
C01118,"The Upper Egypt Ginning Co., S.A.E. el de la Pinto Cotton Co., S.A.E",upper egypt ginning co s e el pinto cotton co s e,1942,1,"The Upper Egypt Ginning Co., S.A.E. el de la Pinto Cotton Co., S.A.E"
C01119,The Upper Egypt Ginning Factory,upper egypt ginning factory,1942,1,The Upper Egypt Ginning Factory
C01120,Tissage Fin en Colon Egvptien (Usines Kafr-el-Dawar) el de Ja Société Egyptienne d'Entreprises et Constructions (S.E.D.E.C.),tissage fin colon egvptien usines kafr el dawar el ja entreprises constructions s e e c,1942,1,Tissage Fin en Colon Egvptien (Usines Kafr-el-Dawar) el de Ja Société Egyptienne d'Entreprises et Constructions (S.E.D.E.C.)
C01121,Tissage Fin en Coton Egyptien (Usines Kafr El Dawar),tissage fin coton egyptien usines kafr el dawar,1942;1947;1950,3,"Tissage Fin en Coton Egyptien (Usines Kafr El Dawar) ;; Tissage Fin en Coton Egyptien (Usines à Kafr El Dawar) ;; Tissage Fin en Coton Egyptien (usines Kafr el Dawar) ;; Tissage Fin en Coton Egyptien (usines Kafr el Dawar)"" ;; Tissage Fin en coton égyptien (usine Kafr El Dawar) ;; Tissage Fin encoton égyptien (usines Kafr El Dawar)"
C01122,"Tissage, S.A.E",tissage s e,1942;1947;1950,3,"Tissage S.A.E ;; Tissage, S.A.E"
C01123,Toukh\°s Co. for Sundries & Toys. S.A.E,toukh degs co sundries toys s e,1942,1,Toukh\°s Co. for Sundries & Toys. S.A.E
C01124,Trading &,trading,1942,1,Trading &
C01125,U- nion Foncière d'Egyple,u nion fonciere egyple,1942,1,U- nion Foncière d'Egyple ;; Uhion Foncière d'Egvpte ;; Union Foncière d'Egvple ;; Union Foncière d'Egyple ;; lPÜnion Foncière d'Egyple
C01126,"Union A lr>..crmdrine, Grand Officier de la Co-uronne d'Italie, Chevalir>r Saints Ma-urice et Lazarr>",union lr crmdrine grand officier co uronne italie chevalir r saints ma urice lazarr,1942;1947;1950,3,"Union A lr>..crmdrine, Grand Officier de la Co-uronne d'Italie, Chevalir>r Saints Ma-urice et Lazarr> ;; Union Alerandrine. Grand Officier de la Couronne d'Halie, Chevalier Saints Maurice el Lazare ;; rUnion Alexandrine, Grand Officier de la Couronne d'Italie, Chevalier Saints Maurice et Lazare"
C01127,"Union Foncière d'Egvple, ei«le Ja Compagnie Immobilière d'Egvpte. SALE. (en liquida- tion)",union fonciere egvple ei ja immobiliere egvpte sale liquida tion,1942,1,"Union Foncière d'Egvple, ei«le Ja Compagnie Immobilière d'Egvpte. SALE. (en liquida- tion)"
C01128,Union des Agriculleurs d'Egvple,union agriculleurs egvple,1942,1,Union des Agriculleurs d'Egvple
C01129,"United Egvptian Salt, TAd",united egvptian salt tad,1942,1,"United Egvptian Salt, TAd ;; United Egyplian Salt Lid"
C01130,Usines Lebon & Cie. en Egyp- Le,usines lebon cie egyp,1942;1947,2,"Usines Lebon & Cie. en Egyp- Le ;; Usines Lebon & Cie., en Egyote"
C01131,Usines Textiles «Al-Kahira» Alexandria Cotton Trading Co,usines textiles al kahira alexandria cotton trading co,1942,1,Usines Textiles «Al-Kahira» Alexandria Cotton Trading Co
C01132,Wakfs Royaur,wakfs royaur,1942,1,Wakfs Royaur
C01133,Webbs (Aberbeeg) Ltd. (de South Wales),webbs aberbeeg south wales,1942,1,Webbs (Aberbeeg) Ltd. (de South Wales)
C01134,"a. L. de l'Imperial Chemical [n- dustries (Egypt), S.A",imperial chemical n dustries egypt s,1942;1947;1950,3,"General Chemical Industries «C. I. C .. » ;; Imperial Chemical Industries ;; Imperial Chemical Industries (Egypt), S.A ;; Imperial Chemical Industries(Egypt) S.A ;; The Imperial Chemical Industries ;; The Imperial Chemical Industries ( Egypt) Ltd ;; The Imperial Chemical Industries (Egypt) Ltd ;; a. L. de l'Imperial Chemical [n- dustries (Egypt), S.A"
C01135,administration de la So- ciété d'Entreprises M. Cockinos. S.A.E,administration so ciete entreprises m cockinos s e,1942,1,administration de la So- ciété d'Entreprises M. Cockinos. S.A.E
C01136,biens de S.A. la Princesse Chivekiar Ibrahim,biens s princesse chivekiar ibrahim,1942,1,biens de S.A. la Princesse Chivekiar Ibrahim
C01137,dela Commercial Bank of The Near East,dela commercial bank near east,1942,1,dela Commercial Bank of The Near East
C01138,dminis- ration de The Egyplian Salt & Soda Co. Lid,dminis ration egyplian salt soda co lid,1942,1,dminis- ration de The Egyplian Salt & Soda Co. Lid
C01139,el Direc- leur Général de la Misr Airworks. S.A.E,el direc leur general misr airworks s e,1942,1,el Direc- leur Général de la Misr Airworks. S.A.E
C01140,"el Secretaire de lEgvplian Engineering Siores, S.A.E",el secretaire legvplian engineering siores s e,1942,1,"el Secretaire de lEgvplian Engineering Siores, S.A.E"
C01141,en Droi,droi,1942,1,en Droi
C01142,en Droit «Honoris Causa» de l'Universilé Egyptienne,droit honoris causa universile egyptienne,1942,1,en Droit «Honoris Causa» de l'Universilé Egyptienne
C01143,en Kgyple de la Si- nai Mining Co. Lid,kgyple si nai mining co lid,1942,1,en Kgyple de la Si- nai Mining Co. Lid
C01144,"en Sciences Economi- pe et Financières, Licencié en Sciences Commerciales",sciences economi pe financieres licencie sciences commerciales,1942;1947;1950,3,"en Sciences Economi- pe et Financières, Licencié en Sciences Commerciales ;; en Sciences Economiques et Financières) Licencié en Sciences Commerciales ;; en Sciences Economiques et Financières, Licencié en Sciences Commerciales"
C01145,en nom de The Egvptian Flax Trading Company,nom egvptian flax trading company,1942,1,en nom de The Egvptian Flax Trading Company
C01146,"et Administrat&ur-Dé- légué de The Union Collon Co. of Alexandria, S.A.E",administrat ur legue union collon co alexandria s e,1942,1,"et Administrat&ur-Dé- légué de The Union Collon Co. of Alexandria, S.A.E"
C01147,f.f. du Conseil d’Ad- administration de la National Petroleum Co,f f conseil ad administration national petroleum co,1942,1,f.f. du Conseil d’Ad- administration de la National Petroleum Co
C01148,S.A.E. «Imprimerie Misr». ·,s e imprimerie misr,1942;1947;1950,3,"Dél. Imprimerie Misr ;; Imprimerie Misr ;; Jimprimerie Mi.sr ;; S.A.E. «Imprimerie Misr». · ;; imprimerie Misr, S.A.E"
C01149,ja Near East Superinten- ding Co. Lid,ja near east superinten ding co lid,1942,1,ja Near East Superinten- ding Co. Lid
C01150,"ja Société Egvptienne de Tuvaux, Poleaux el Produits en Gi- ment Armé (Sysième Siegwartl)",ja egvptienne tuvaux poleaux el produits gi ment arme sysieme siegwartl,1942,1,"ja Société Egvptienne de Tuvaux, Poleaux el Produits en Gi- ment Armé (Sysième Siegwartl)"
C01151,lAboukir Co,laboukir co,1942,1,lAboukir Co
C01152,lAssocialion des Anciens Elèves du Collège d'Agriculture d'Egypte,lassocialion anciens eleves college agriculture egypte,1942,1,lAssocialion des Anciens Elèves du Collège d'Agriculture d'Egypte
C01153,"lEgvplian Ginners & Exporters, S.A",legvplian ginners exporters s,1942,1,"lEgvplian Ginners & Exporters, S.A"
C01154,"lImpe- rial Chemical Industries (Egvpl), SA",limpe rial chemical industries egvpl sa,1942,1,"lImpe- rial Chemical Industries (Egvpl), SA"
C01155,"lU- nitas Trading & Financial Co., S.A.E",lu nitas trading financial co s e,1942;1947;1950,3,"Unit as Trading & Financial Co ;; Unitas Trading & Financial Co ;; Unitas Trading & Financial Co. S.A.E ;; Unitas Trading & Financial Co., S.A.E ;; Unitas Trading 1& Financial Co., S.A.E ;; lU- nitas Trading & Financial Co., S.A.E"
C01156,la«Bus Cy.»r,bus cy r,1942,1,la«Bus Cy.»r
C01157,là S.A. «Pha- os»,s pha os,1942,1,là S.A. «Pha- os»
C01158,plusieurs Sociétés de Bienfaisance,plusieurs societes bienfaisance,1942,1,plusieurs Sociétés de Bienfaisance
C01159,"the Egyptian Salt and Soda Co. LAd., de la So- ciété Financière el Industrielle d'Egypte",egyptian salt soda co lad so ciete financiere el industrielle egypte,1942,1,"the Egyptian Salt and Soda Co. LAd., de la So- ciété Financière el Industrielle d'Egypte"
C01160,the Egyptian Trading Co. Ltd. (Liverpool),egyptian trading co liverpool,1942,1,the Egyptian Trading Co. Ltd. (Liverpool)
C01161,"«A]-Chark» (L'Orient), S.A.E",chark orient s e,1942;1947,2,"«A]-Chark» (L'Orient), S.A.E ;; «Al-Charkn (L'Orient), S.A.E ;; «Al-Chark» (L'Orient"
C01162,«Al Chark»,al chark,1942;1947;1950,3,"«Al Chark"" ;; «Al Chark» ;; «Al-Chark»"
C01163,«Commercia- le» Cie. Nationale pour le Commerce ef l'Industrie,commercia cie nationale commerce ef industrie,1942,1,«Commercia- le» Cie. Nationale pour le Commerce ef l'Industrie
C01164,«Commerciale» Cie. Nationale pour le Commerce,commerciale cie nationale commerce,1942;1947;1950,3,«Commerciale» Cie. Nationale pour le Commerce
C01165,«Neslor Gianaclis (Agri- cultural & Commercial) Limited»,neslor gianaclis agri cultural commercial,1942;1950,2,Nestor Gianaclis Agricultural & Commercial Cy ;; «Neslor Gianaclis (Agri- cultural & Commercial) Limited» ;; «Nestor Gianaclis (Agricultural & Commercial) Limited
C01166,"«Peli- tours», S.A.E",peli tours s e,1942,1,"«Peli- tours», S.A.E"
C01167,«lu Conseil d'Administration de l'Egyptian Bonded Warehouses Co. Lid,lu conseil administration egyptian bonded warehouses co lid,1942,1,«lu Conseil d'Administration de l'Egyptian Bonded Warehouses Co. Lid
C01168,à Bruxelles de la Socié- té Belge-Egvptienne de F'Ezbékieh,bruxelles socie te belge egvptienne f ezbekieh,1942,1,à Bruxelles de la Socié- té Belge-Egvptienne de F'Ezbékieh
C01169,"à la Cour de Cassalion, Mem- bre du Conseil d'Administration de la Société Coopéralive Commerciale de Crédit",cour cassalion mem bre conseil administration cooperalive commerciale credit,1942,1,"à la Cour de Cassalion, Mem- bre du Conseil d'Administration de la Société Coopéralive Commerciale de Crédit"
C01170,‘a So- ciété Anonyme Agricole et Industrielle d'Egypte,so ciete anonyme agricole industrielle egypte,1942,1,‘a So- ciété Anonyme Agricole et Industrielle d'Egypte
C01171,‘le ia Société,ia,1942,1,‘le ia Société
C01172,"""Nestor Gianaclis (Agricultural & Commercial. Limitedn",nestor gianaclis agricultural commercial limitedn,1947,1,"""Nestor Gianaclis (Agricultural & Commercial. Limitedn"
C01173,«Sibur)),sibur,1947;1950,2,"""Sibur» ;; «Sibur)) ;; «Sibur»"
C01174,«Zama.»,zama,1947;1950,2,"""Zama» ;; «Zama.» ;; «Zama»"
C01175,"Al Chark, Société d'Entreprises Générales",al chark entreprises generales,1947;1950,2,"'' Al Chark » Sté. d'Entreprises Générales ;; Al Chark, Société d'Entreprises Générales ;; «Al Chark>> Sté. d'Entreprises Générales ;; «Al Charkn Sté. d'Entreprises üénérales ;; «Al Charkn, Sté. d'Entreprises Générales ;; «Al Chark» Sté. Entreprises Générales ;; «Al Chark» Sté. d'Entreprises Générales ;; «Al Chark», Sté d'Entreprises Générales ;; «Al Chark», Sté. d'Entreprises Générales ;; «Al-Charkn, Sté. d'Entrt' prises Générales"
C01176,United Enterprises,united enterprises,1947;1950,2,"'' United Enterprises », S.A.E ;; United Enterprises ;; United Enterprises S.A.E ;; United Enterprises-"
C01177,"'Tissage, S.A.E. (Méhallael Kobra)",tissage s e mehallael kobra,1947;1950,2,"'Tissage, S.A.E. (Méhallael Kobra) ;; Tissage, S.A.E. (Méhalla el Kobra)"
C01178,"Société d'Entreprises M. Cockinos, S.A.E",entreprises m cockinos s e,1947;1950,2,"'a Société d'Entreprises M. Cockinos, S.A.E ;; Société d'Entreprises M. Cockinos, S.A.E ;; Société des Entrepri ses M. Cockinos, S.A.E ;; Société des Entreprises M. Cockinos, S.A.E ;; Sté Entreprises Cockinos"
C01179,"'l'he Mercantile, Ship· ping & Coaling Co., Bianchi & Co. (Egypt) Ltd",he mercantile ship ping coaling co bianchi co egypt,1947;1950,2,"'l'he Mercantile, Ship· ping & Coaling Co., Bianchi & Co. (Egypt) Ltd ;; The Mercantile, Shipping and Coaling Co., Bianchi & Co., (Egypt) Ltd"
C01180,'l'he Uniterl Bus Co,he uniterl bus co,1947,1,'l'he Uniterl Bus Co
C01181,'lation de Ja,lation ja,1947,1,'lation de Ja
C01182,- tion de la Société Industrielle & Commerciale d'Egypf.e(S.I.C.O.),tion industrielle commerciale egypf e s i c o,1947,1,- tion de la Société Industrielle & Commerciale d'Egypf.e(S.I.C.O.)
C01183,·ation du Salvage & Marine Co. of,ation salvage marine co,1947,1,- tration de Salvage & Marine Cy ;; ·ation du Salvage & Marine Co. of
C01184,"-.J 'légné de la Sté. «Cigarettes Ne stos Gianaclis, S.A. E. """,j legne ste cigarettes ne stos gianaclis s e,1947,1,"-.J 'légné de la Sté. «Cigarettes Ne stos Gianaclis, S.A. E. """
C01185,-D~légué de l'Eastern Export Co,legue eastern export co,1947,1,-D~légué de l'Eastern Export Co
C01186,Egyptian Company for- International Tracte«ECIT»,egyptian company international tracte ecit,1947;1950,2,-Egyptian Co. for International Trade «ECITn ;; Egyptian Co. for International TJ'ade «ECITn ;; Egyptian Co. for International Trade ccECITn ;; Egyptian Co. for International Trade «ECIT» ;; Egyptian Co. for International Trade« ECIT » ;; Egyptian Co. for International Trade«ECIT» ;; Egyptian Company for International Trade «ECIT» ;; Egyptian Company for- International Tracte«ECIT» ;; Eg·yptian Co. fot International T'rade ccECITn
C01187,-Fondateur de The Egyptian Cotton Pressing Cy,fondateur egyptian cotton pressing cy,1947,1,-Fondateur de The Egyptian Cotton Pressing Cy
C01188,"-Général de l 'Electricitv and lee Supply Co., S.A.E",general electricitv lee supply co s e,1947,1,"-Général de l 'Electricitv and lee Supply Co., S.A.E"
C01189,-Général de la Société Orientale de Publicité,general orientale publicite,1947,1,-Général de la Société Orientale de Publicité
C01190,"-Propriét~ire des «Fabriques ""de Glaces et Entrepôts Frigorifiques»",propriet ire fabriques glaces entrepots frigorifiques,1947;1950,2,"-Propriétaire des «Fabriques de Glaces et Entrepôts Frigorifiques» ;; -Propriét~ire des «Fabriques ""de Glaces et Entrepôts Frigorifiques»"
C01191,"-ation de la Misr Al•' work, S.A.E",ation misr al work s e,1947,1,"-ation de la Misr Al•' work, S.A.E"
C01192,-iGénéral de la S.A. AgT1- cole et Industrielle d'Egypte,igeneral s agt1 cole industrielle egypte,1947;1950,2,-Général de la S.A. Agricole et Industrielle d'Egypte ;; -iGénéral de la S.A. AgT1- cole et Industrielle d'Egypte
C01193,"1 d'Administration de The Simon Arzt Stores, S.A.E",1 administration simon arzt stores s e,1947,1,"1 d'Administration de The Simon Arzt Stores, S.A.E"
C01194,1GERCO,1gerco,1947,1,1GERCO ;; iQERCO
C01195,Trading Corporation of Egypt,trading corporation egypt,1947;1950,2,9e la Trading Corporation of Egypt ;; Trading Corporation of Egypt
C01196,ccKarnab Ttm Cotton Spinning Weaving & Dyeing Co,cckarnab ttm cotton spinning weaving dyeing co,1947;1950,2,"<d\arnak» Cotton Spinning vVeaving & Dyeing Cy ;; Karnak, Cotton Spinning, Weaving & Dyeing Co ;; ccKarnab Ttm Cotton Spinning Weaving & Dyeing Co ;; «Karnak» Cotton Spinning, Weaving& Dyeing Cy ;; «Karnak», Cotton Spinning, Weaving .& Dyeing Cy"
C01197,AKFAC,akfac,1947;1950,2,AK FAC ;; AKFA C ;; AKFAC ;; «AKFAC»
C01198,"Abou Zaabal ,& Kafr el Zayat Fertiliser· & Chemieal CY-.. (AKFAC)",abou zaabal kafr el zayat fertiliser chemieal cy akfac,1947;1950,2,"Abou Zaabal & Kafr Zayat Fertilizer and Chemical Cy(AKFAC) ;; Abou Zaabal & Kah"" Zayat Fertiliser & Chemical Cy. (AKFAC) ;; Abou Zaabal ,& 1\afr Zayat Fertiliser& Chemical Co. (AKFAC) ;; Abou Zaabal ,& Kafr el Zayat Fertiliser· & Chemieal CY-.. (AKFAC) ;; Abou Zaabal and Kafr el Zayat Fertiliser & Chemical Cy. (AKFAC) ;; Abou Zaabal& Kafr el Zayat Fertiliser & Chemical Cy. (AKFAC) ;; Abu Zaabal& Kafr el Zayat Fertiliser and Chemical Cy. «Akfac»"
C01199,"Abram, S.A.E",abram s e,1947,1,"Abram, S.A.E"
C01200,"Ad- administration de «Le Scribe Egyptien», S.A.E",ad administration scribe egyptien s e,1947,1,"Ad- administration de «Le Scribe Egyptien», S.A.E"
C01201,"Ad· administration de la Banque Misr, S.A.E",ad administration banque misr s e,1947,1,"Ad· administration de la Banque Misr, S.A.E"
C01202,Agricultural & Industrial Corporatiou«AGRINn,agricultural industrial corporatiou agrinn,1947,1,Agricultural & Industrial Corporatiou«AGRINn
C01203,The Alexandria Spinning & Weaving Co,alexandria spinning weaving co,1947;1950,2,Aiexandria Spinning .& \Veaving Co ;; Alexandria Spinning & Weaving Co ;; Alexandria Spinning & ·weaving Cy ;; The Alexandria Spinning & Weaving Co ;; The Alexandria Spinning .& W eaving Co
C01204,The Alexandria & Khartoum Trading Corp,alexandria khartoum trading corp,1947;1950,2,Alexandria & Khartoum Trading Corp ;; Alexandria 1& Khartoum Trading Corp ;; Alexandria and Khartoum Trading Corp ;; The Alexandria & Khartoum Trading Corp
C01205,"Alexandria Pressing Co., de The Upper Egypt Ginning Co",alexandria pressing co upper egypt ginning co,1947,1,"Alexandria Pressing Co., de The Upper Egypt Ginning Co"
C01206,"Alexandria Timber Trade Co., S.A.E. (en formation)",alexandria timber trade co s e formation,1947,1,"Alexandria Timber Trade Co., S.A.E. (en formation)"
C01207,Anglo-Egyptian Soap .& Edible Products,anglo egyptian soap edible products,1947;1950,2,Anglo Egyptian Soap & Edible Products ;; Anglo-Egyptian Soap & Edible Products ;; Anglo-Egyptian Soap .& Edible Products
C01208,Anglo-Egyptian l~and Allotment Co,anglo egyptian allotment co,1947,1,Anglo-Egyptian l~and Allotment Co
C01209,"Associated Cottori Ginners of Egypt, Ltd. S.A.E., Chemical, Industrial ,& Trading Gy. S.A.E., General Building & Engineering Supplies Gy. S.A.E., 'Alexandria .& Khartoum Trading Corp. S.A.E., Société Industrielle du Vieux-Caire· ( S.A.E. en formation)",associated cottori ginners egypt s e chemical industrial trading gy s e general building engineering supplies gy s e alexandria khartoum trading corp s e industrielle vieux caire s e formation,1947,1,"Associated Cottori Ginners of Egypt, Ltd. S.A.E., Chemical, Industrial ,& Trading Gy. S.A.E., General Building & Engineering Supplies Gy. S.A.E., 'Alexandria .& Khartoum Trading Corp. S.A.E., Société Industrielle du Vieux-Caire· ( S.A.E. en formation)"
C01210,"Associated Industries, S.A.E",associated industries s e,1947;1950,2,"Associated Industries ;; Associated Industries, S.A.E"
C01211,Assurances,assurances,1947,1,Assurances
C01212,Astra et Halles Centrales d'Egypte,astra halles centrales egypte,1947;1950,2,-Dél. Astra et Halles Centrales d'Egypte ;; Astra et Halles Centrales d'Egypte ;; S.A. Astra et Halles Centrales
C01213,Auberges d'Egypte,auberges egypte,1947;1950,2,Auberges d'Egypte
C01214,Auberges d'Egypte et Egyptian Co. for International Tracte «ECIT»,auberges egypte egyptian co international tracte ecit,1947,1,Auberges d'Egypte et Egyptian Co. for International Tracte «ECIT»
C01215,Banque,banque,1947;1950,2,Banque ;; Banque de
C01216,"Banque Belge et Internationale en Egypte, S.A.E. ~aiomiris, Georges S., Médaille Balkanique 1912-1913",banque belge internationale egypte s e aiomiris georges s medaille balkanique 1912 1913,1947,1,"Banque Belge et Internationale en Egypte, S.A.E. ~aiomiris, Georges S., Médaille Balkanique 1912-1913"
C01217,"Banque Belge et Internationale en Egypte, à Àlexandrie",banque belge internationale egypte alexandrie,1947,1,"Banque Belge et Internationale en Egypte, à Àlexandrie"
C01218,Banque Mi sr d'Alexandrie,banque mi sr alexandrie,1947;1950,2,Banque Mi sr d'Alexandrie ;; Banque Misr d'Alexandrie
C01219,"Banque Misr, de la Société Misr de Filature",banque misr misr filature,1947;1950,2,"Banque Misr, de la Société Misr de Filature"
C01220,Banque Tepeghiosi & Co,banque tepeghiosi co,1947;1950,2,Banque Tepeghiosi ;; Banque Tepeghiosi & Co
C01221,"Banque Zilkha, S.A.E",banque zilkha s e,1947;1950,2,"Banque Zilkha ;; Banque Zilkha S.A.E ;; Banque Zilkha, S.A.E"
C01222,"Banque d'Athènes en Egypte, en Angleterre et à Chypre",banque athenes egypte angleterre chypre,1947,1,"Banque d'Athènes en Egypte, en Angleterre et à Chypre"
C01223,Barclays Bank (D.C. & O.) à AlPxandrie,barclays bank c o alpxandrie,1947,1,Barclays Bank (D.C. & O.) à AlPxandrie
C01224,"Behrend ,& Co. Ltd",behrend co,1947,1,"Behrend ,& Co. Ltd"
C01225,Behrend Commercial Cy,behrend commercial cy,1947;1950,2,Behrend Commercial Cy ;; Behrend Commercial Gy
C01226,Beida,beida,1947;1950,2,Beida
C01227,"Beida Dyers, S.A.E. et Administration· de la Sté. M isr ~""'i la ture Tissage Fin Cotton Egyptien",beida dyers s e administration ste m isr i ture tissage fin cotton egyptien,1947,1,"Beida Dyers, S.A.E. et Administration· de la Sté. M isr ~""'i la ture Tissage Fin Cotton Egyptien"
C01228,Béni Mazar Urbaine et Rurale,beni mazar urbaine rurale,1947;1950,2,"Beni Mazar Urbaine et Rurale ;; Beni Mazat Urbaine et Rurale ;; Bénf Mazar Urbaine et Ru- rale ;; Béni Mazar Urbaine & Rurale ;; Béni Mazar Urbaine et Rural0 ;; Béni Mazar Urbaine et Rurale ;; Béni Mazar, Urbaine et Rurale ;; Béni-Mazar Urbaine et Rurale ;; Ide la Béni Mazar Urbaine & Rurale"
C01229,Bourse des Marchandises d'Alexan- drie,bourse marchandises alexan drie,1947,1,Bourse des Marchandises d'Alexan- drie
C01230,Building & Engineering Supplies Co,building engineering supplies co,1947;1950,2,Building & Engineering Supplies ;; Building & Engineering Supplies Co ;; Building & Engineering Supplies Co. S. A. E
C01231,Butterfly Knitting,butterfly knitting,1947,1,Butterfly Knitting
C01232,"B~i­ da Dyers, S.A.E",b i da dyers s e,1947,1,"B~i­ da Dyers, S.A.E"
C01233,à la Cairo Electric Rys & Heliopolis Oases Co,cairo electric rys heliopolis oases co,1947;1950,2,Cairo Electric Rys & Heliopolis Oases Co ;; à la Cairo Electric Rys & Heliopolis Oases Co
C01234,"Cairo Sand Bricks Co., de la Fluviale S.A.E",cairo sand bricks co fluviale s e,1947,1,"Cairo Sand Bricks Co., de la Fluviale S.A.E"
C01235,Capitalisation Egyptienne S.A.E,capitalisation egyptienne s e,1947;1950,2,Capitalisation Egyptienne S.A.E
C01236,Carmel Gard~ws(Terrains en Palestine),carmel gard ws terrains palestine,1947,1,Carmel Gard~ws(Terrains en Palestine)
C01237,Cen .. tral Trading Co,cen tral trading co,1947,1,Cen .. tral Trading Co
C01238,Chemical Industrial & Tra· ding Cy,chemical industrial tra ding cy,1947;1950,2,"Chemical Industrial & Tra· ding Cy ;; Chemical, Industrial & Trading Co ;; Chemical, Industrial & Trading Cy ;; Chemical, Industrial & Trading Gy"
C01239,Chemical Industries Cy. <<C.I.C.n,chemical industries cy c i c n,1947;1950,2,Chemical Industries ;; Chemical Industries ( C.I.C.) ;; Chemical Industries Cy. <<C.I.C.n ;; Chemical Industries Cy. «C.I.C.>> ;; Chemical Industries Cy. «C.I.C.n ;; Chemical Industries Cy. «C.I.C.» ;; Chemicallnclustries «C.I.C.»
C01240,Chemical Industries Development,chemical industries development,1947;1950,2,"Chemical Industries Develop- ment ;; Chemical Industries Development ;; Chemical Industries Development, S.A.E"
C01241,"Cie. Immobilière d'8gypte, S.A.K",cie immobiliere 8gypte s k,1947,1,"Cie. Immobilière d'8gypte, S.A.K"
C01242,Coca-Cola Bottling Co. of Alexandria,coca cola bottling co alexandria,1947;1950,2,Coca-Cola Bottling Co. of Alexandria
C01243,Comite de Surveillance de The E- gyptian Delta Rice Mills Co. (N. Yamodis & Co.),comite surveillance e gyptian delta rice mills co n yamodis co,1947;1950,2,"Comite de Surveillance de The E- gyptian Delta Rice Mills Co. (N. Yamodis & Co.) ;; Comite de Surveillance de The Egyptian Delta Rice Mills Co. (N. Yamodis .& Co.) ;; Surveillance de The Egyptian Delta Rice Mills Co. (N. Yamodis and Co.) ;; Surveillance de The Egyptian Delta Rice Mills Co. (N. Yiamodis and Co.) ;; Surveillance de Tht Egyptian Delta Rice Mills Co. (N. Yamodis ,& Co.)"
C01244,CommPt' cial Bank of The Near East,commpt cial bank near east,1947,1,CommPt' cial Bank of The Near East
C01245,Commercial & Agency Co. of Egypt Ltd,commercial agency co egypt,1947;1950,2,Commercial & Agency Co. of Egypt Ltd ;; Commercial & Agency Cy. of Egypt ;; Commercial & Agency Cy. of Egypt Ltd ;; Commercial & Agency Gy. of Egypt ;; Commercial.& Agency Cy. of Egypt
C01246,Commercial Insurance Cy. of Egypt,commercial insurance cy egypt,1947;1950,2,Commercial Insur2.nce Cy ;; Commercial Insurance Co ;; Commercial Insurance Cy of Egypt ;; Commercial Insurance Cy. of Egypt ;; Commercial Insurance Gy ;; Commerciàl Insurance Co of Egypt ( S.A.E.)
C01247,Communauté Orthodoxe Egyptienne,communaute orthodoxe egyptienne,1947,1,Communauté Orthodoxe Egyptienne
C01248,"Compagnie Commerciale Cotonnière, S.A.E. (Ex-Fenderl & Co.}",commerciale cotonniere s e ex fenderl co,1947;1950,2,"Compagnie Commerciale Cotonnière, S.A.E. (Ex-Fenderl & Co.) ;; Compagnie Commerciale Cotonnière, S.A.E. (Ex-Fenderl & Co.}"
C01249,Comptoir,comptoir,1947,1,Comptoir
C01250,Comptoir Belga,comptoir belga,1947;1950,2,Comptoir Belga
C01251,Comptoir Commercial,comptoir commercial,1947,1,Comptoir Commercial
C01252,"Comptoir Commercial Economi que, de la Société des Biens de Rapport d'Egypte",comptoir commercial economi que biens rapport egypte,1947,1,"Comptoir Commercial Economi que, de la Société des Biens de Rapport d'Egypte"
C01253,Conseil d'Administration de l'Alexandria Navigation Co,conseil administration alexandria navigation co,1947,1,Conseil d'Administration de l'Alexandria Navigation Co
C01254,Consuivantes,consuivantes,1947,1,Consuivantes
C01255,Consulat du Portugal au Caire,consulat portugal caire,1947;1950,2,Consulat du Portugal au Caire
C01256,"Cotonnière, S.A.E .. Commanditaire de The Middle East Industrial & Tradin~ Co. ·",cotonniere s e commanditaire middle east industrial tradin co,1947;1950,2,"Cotonnière, S.A.E .. Commanditaire de The Middle East Industrial & Tradin~ Co. · ;; Cotonnière, S.A.E., Commanditaire de The Middle East Industrial and Trading Co"
C01257,Crédit Hypothécaire Egyptien,credit hypothecaire egyptien,1947;1950,2,Crédit Hypothécaire Egyptien
C01258,Dai ra SulLau,dai ra sullau,1947,1,Dai ra SulLau
C01259,Daira Assaad Bassili Pacha,daira assaad bassili pacha,1947,1,Daira Assaad Bassili Pacha
C01260,Dakahlieh,dakahlieh,1947;1950,2,Dakahlieh
C01261,Dél. <<Al Charkn,del al charkn,1947,1,Dél. <<Al Charkn
C01262,Dél. Sté. Osines El,del ste osines el,1947,1,Dél. Sté. Osines El
C01263,"Dél. de-3 Usines El Chorbagui, S.A.E",del 3 usines el chorbagui s e,1947;1950,2,"Dél. de-3 Usines El Chorbagui, S.A.E ;; Sté Usines Chourbagui ;; Sté Usines el Chourbagui ;; Sté. Usines Chourbagui ;; Sté. Usines Churbagui ;; Sté. «Usines Chourbagui» ;; Usines El Chorbagui, S.A.E ;; Usines el Chourbagui"
C01264,El Tawil Spinning & Weaving Cy,el tawil spinning weaving cy,1947;1950,2,EJ 'fawil Spinning & \-Veaving Cy ;; El Tawil Spinning & Weaving Co. z ;; El Tawil Spinning & Weaving Cy ;; El Tawil Spinning .& Weaving Cy ;; El Tawil Spinning and Weaving Company
C01265,The Eastern Electric Cy,eastern electric cy,1947;1950,2,"Eastern Electric Co ;; Eastern Electric Co., S.A.E ;; Eastern Electric Cy ;; The Eastern Electric Cy"
C01266,Eastern Electric Cy. et Sté. Eg·. Deshydratation Légumes,eastern electric cy ste eg deshydratation legumes,1947,1,Eastern Electric Cy. et Sté. Eg·. Deshydratation Légumes
C01267,"«Edrei & Co., Ltd. »",edrei co,1947;1950,2,"Edrei & Co. Ltd ;; The Edrei & Co. Ltd ;; «Edrei & Co., Ltd. »"
C01268,"Eg. Cy. for International Tracte «Ecit,,_",eg cy international tracte ecit,1947,1,"Eg. Cy. for International Tracte «Ecit,,_"
C01269,Egyptian Rubber & Shoes Industry,egyptian rubber shoes industry,1947;1950,2,Egyptia.n Rubber & Shoes Industry ;; Egyptian Rubber & Shoes Industries ;; Egyptian Rubber & Shoes Industry ;; Egyptian Rubber and Shoes Industry ;; Egyptian Rubber& Shoes Industry ;; Egyptiari Rubber 1& Shoes Industry
C01270,Egyptia.n Sisal Ma.nufa.ctmi.n g Cy,egyptia n sisal ma nufa ctmi n g cy,1947,1,Egyptia.n Sisal Ma.nufa.ctmi.n g Cy ;; Egyptian Sisal Manufactming Cy
C01271,Egyptian Bonded V\'arehouses Co. Ltd .. MemlJre du Conseil d'Administration de The Land Bank nf Egypt,egyptian bonded v arehouses co memljre conseil administration land bank nf egypt,1947,1,Egyptian Bonded V\'arehouses Co. Ltd .. MemlJre du Conseil d'Administration de The Land Bank nf Egypt
C01272,Egyptian Cotton & Trading Co,egyptian cotton trading co,1947;1950,2,Egyptian Cotton & Trading Co ;; Egyptian Cotton & Trading Cy ;; Egyptian Cotton & Trading Gy ;; Egyptian Cotton .& Trading Cy
C01273,Egyptian Domestic & Foreign Trade Cy,egyptian domestic foreign trade cy,1947;1950,2,"Egyptian Domestic & Foreiga Trade Cy ;; Egyptian Domestic & Foreign .Tracte Cy ;; Egyptian Domestic & Foreign Trade Co., S.A.E ;; Egyptian Domestic & Foreign Trade Company ;; Egyptian Domestic & Foreign Trade Cy ;; Egyptian Domestic ~Foreign Tracte Cy ;; Egyptian Domestic& Foreign Tracte Co., S.A.E"
C01274,Egyptian Engineering & Marine Cy,egyptian engineering marine cy,1947;1950,2,"Egyptian Engineering & Marine Co ;; Egyptian Engineering & Marine Cy ;; Egyptian Engineering .& Marine Cy ;; Egyptian Engineering and Marine Co ;; The Egyptian Engineering & Marine Cy ;; The Egyptian Engineering ,& Marine Cy"
C01275,Egyptian Enterprise & Development Co. et. de la Gharbieh Land Co,egyptian enterprise development co gharbieh land co,1947,1,Egyptian Enterprise & Development Co. et. de la Gharbieh Land Co
C01276,Egyptian Hotels et Société Egyptienne d'Electricité,egyptian hotels electricite,1947,1,Egyptian Hotels et Société Egyptienne d'Electricité
C01277,"Egyptian Plastics .& Electrical Industries, S.A.E. et Universal Modern Office Equipment Co",egyptian plastics electrical industries s e universal modern office equipment co,1947,1,"Egyptian Plastics .& Electrical Industries, S.A.E. et Universal Modern Office Equipment Co"
C01278,Egyptian Rice Mills et Near East Produce Trading Cy,egyptian rice mills near east produce trading cy,1947,1,Egyptian Rice Mills et Near East Produce Trading Cy
C01279,Egyptian Road Transport Company S.A.E,egyptian road transport company s e,1947;1950,2,"Egyptian Road Transport ;; Egyptian Road Transport Co., S.A.E ;; Egyptian Road Transport Company S.A.E ;; Egyptian Road Transports Cy"
C01280,Egyptian Shipping,egyptian shipping,1947;1950,2,Egyptian Shipping ;; Egyptian Shipping Co ;; Egyptian Shipping Cy ;; Egyptian Shipping Gy
C01281,Egyptian Sisal Manufacturing Cy,egyptian sisal manufacturing cy,1947;1950,2,Egyp- tian Sisal Manufacturing Cy ;; Egyptian Sisal Manufacturing Cy ;; J'Egyptian Sisal Manufacturing Cy
C01282,Egyptian Works R<,egyptian works r,1947,1,Egyptian Works R<
C01283,"Electric Light & Power Supply Co., Adminis~rateur de The Cairo Suburban Building Lands",electric light power supply co adminis rateur cairo suburban building lands,1947,1,"Electric Light & Power Supply Co., Adminis~rateur de The Cairo Suburban Building Lands"
C01284,Etabl. Giacomo Cohenca~ Incorporated Industrie,etabl giacomo cohenca incorporated industrie,1947,1,Etabl. Giacomo Cohenca~ Incorporated Industrie
C01285,Etablissements,etablissements,1947,1,Etablissements
C01286,Etablissements Bamco,etablissements bamco,1947;1950,2,Etablissements Bamco ;; Etablissements «Bamco»
C01287,"Sté Eg. des Etablissements Bolanachi-Distillerie, S.A.E",ste eg etablissements bolanachi distillerie s e,1947;1950,2,"Etablissements Bolanachi (Distillerie) ;; Sté Eg. des Etablissements Bolanachi-Distillerie, S.A.E ;; Sté. Eg. des Etablissements Bolanachi-Distillei·ie ;; desl~tahlissements Bolanachi. (Distillerie)"
C01288,Etablissements Giacomo Cohenca,etablissements giacomo cohenca,1947,1,Etablissements Giacomo Cohenca
C01289,Etablissements Giacomo Cohenca Fiis Incorporated Inâustries,etablissements giacomo cohenca fiis incorporated inaustries,1947,1,Etablissements Giacomo Cohenca Fiis Incorporated Inâustries
C01290,Etablissements Giacomo Cohenca Fils,etablissements giacomo cohenca fils,1947;1950,2,Etablissements Giacomo Cohenca Fils ;; l~tablissements Giacomo Cohenca Fils
C01291,Farghaly Cotton & Investment Cy,farghaly cotton investment cy,1947;1950,2,Dél. Farghaly Cotton & Investment Cy ;; Farghaly Cotton & Investment Co ;; Farghaly Cotton & Investment Cy ;; Farghaly Cotton .& Investment Gy ;; Farghaly Cotton and Investment Cy ;; Farghaly Cotton and Investment Cy. S.A.E ;; Pa1·ghaly Cotton & Jnvestment Cy
C01292,Fayoum Textile Cy,fayoum textile cy,1947;1950,2,Fayoum 'T'extile Cy ;; Fayoum Textile ;; Fayoum Textile Co ;; Fayoum Textile Cy
C01293,Fayoum Textih~ Cy,fayoum textih cy,1947,1,Fayoum Textih~ Cy
C01294,Fermag,fermag,1947,1,Fermag
C01295,Filatul.'e Misr Kafr Da·war,filatul e misr kafr da war,1947,1,Filatul.'e Misr Kafr Da·war
C01296,Ford Motor Cy. (Egypt) S.A.E,ford motor cy egypt s e,1947;1950,2,Ford Motor Co. (Egypt) ;; Ford Motor Co. (Egypt) S.A.E ;; Ford Motor Cy. (Egypt) S.A.E
C01297,Dél. F'rosted Food & Cold Storage Co. S.A.E,del f rosted food cold storage co s e,1947;1950,2,"Dél. F'rosted Food & Cold Storage Co. S.A.E ;; Dél. F1rosted Food & Cold Storage ;; Frosted Food & Cold Storage Co ;; Frosted Food & Cold Storage Cy ;; Frosted Food & Cold Stora~e Cy ;; Frosted Food .& Cold Storage Gy ;; ·ion de Frosted Food ,& Cold Storage Cy"
C01298,"Gabbary Petroleum Co., S.A.E",gabbary petroleum co s e,1947;1950,2,"Gabbary Petroleum Co., S.A.E ;; The Gabbary Petroleum Co"
C01299,"General Warehouses Cy. of Egypt, S.A.E",general warehouses cy egypt s e,1947,1,"Gene1·al \Varehouses ;; General Warehouses Cy. of Egypt, S.A.E ;; General Warehouses of Egypt"
C01300,General Chemical Industries Gy «CICn,general chemical industries gy cicn,1947,1,General Chemical Industries Gy «CICn ;; General Chemical Industries<<CICn ;; General Chemical Industries«CICn
C01301,"The General Engineering .& Refrigeration Co. «Gerco"", S.A.E",general engineering refrigeration co gerco s e,1947;1950,2,"General Engineering and Refrigeration Co., GERCO S.A. E ;; General Engineering and Refrigeration Co., GERCO S.A.E ;; The General Engineering .& Refrigeration Co. «Gerco"", S.A.E"
C01302,General Navigation Co. of Egypt,general navigation co egypt,1947;1950,2,General Navigation Co. of Egypt ;; General Navigation Cy of Egypt ;; General Navigation Cy. of· Egypt ;; The General Navigation Co. of Egypt
C01303,"Gharbieh. lsmalun, René, Ingénieur A.gronome",gharbieh lsmalun rene ingenieur gronome,1947,1,"Gharbieh. lsmalun, René, Ingénieur A.gronome"
C01304,"Gl""ieve & lnYin Ltd",gl ieve lnyin,1947,1,"Gl""ieve & lnYin Ltd"
C01305,Gouvernement aux Sucreries,gouvernement sucreries,1947;1950,2,Gouvernement aux Sucreries
C01306,Gouvernement à la Compagnie Universelle du Canal Maritime de Suez,gouvernement universelle canal maritime suez,1947,1,Gouvernement à la Compagnie Universelle du Canal Maritime de Suez
C01307,Gr. Mag·. Chemla,gr mag chemla,1947;1950,2,Gr. Mag. Chemla ;; Gr. Mag·. Chemla
C01308,Grands Mag. Chemla,grands mag chemla,1947;1950,2,Grands Mag. Chemla
C01309,Grands Magasins Chemla,grands magasins chemla,1947;1950,2,Grands Magasins Chemla
C01310,Grieve & InYin Ltd. lsherwood,grieve inyin lsherwood,1947,1,Grieve & InYin Ltd. lsherwood
C01311,Gél'ant Egyptian General Supply Co. ( Egesco) .\ mbache & Co. Sté. en Commandite par Actions,gel ant egyptian general supply co egesco mbache co ste commandite par actions,1947,1,Gél'ant Egyptian General Supply Co. ( Egesco) .\ mbache & Co. Sté. en Commandite par Actions
C01312,Gérance,gerance,1947,1,Gérance
C01313,Hamata Mining Company,hamata mining company,1947,1,Hamata Mining Company
C01314,Haseld•m& Co. Ltd,haseld m co,1947,1,Haseld•m& Co. Ltd
C01315,"Hel\van Portland C~­ ment Cy., S.A.E",hel van portland c ment cy s e,1947,1,"Hel\van Portland C~­ ment Cy., S.A.E"
C01316,Helwan Land Cy. p,helwan land cy p,1947;1950,2,Helwan Land Co ;; Helwan Land Cy ;; Helwan Land Cy. p ;; Helwan· Land Cy
C01317,"Helwan Land Cy. Na.sr, Max Anis, Administl·atem Sté. Orientale Cinéma",helwan land cy na sr max anis administl atem ste orientale cinema,1947,1,"Helwan Land Cy. Na.sr, Max Anis, Administl·atem Sté. Orientale Cinéma"
C01318,Rizerie Egyptienne Moderne,rizerie egyptienne moderne,1947;1950,2,"Hizerie Egyptienne Moderne ;; Rizerie Egyptienne ModernP ;; Rizerie Egyptienne Moderne ;; Rizerie Egyptienne Moderne, S.A.E"
C01319,"Hôtelière), Fond'lteur National Petroleum Co., S.A.E",hoteliere fond lteur national petroleum co s e,1947,1,"Hôtelière), Fond'lteur National Petroleum Co., S.A.E"
C01320,Import & Export Bank of Egypt,import export bank egypt,1947;1950,2,"Import & Export Bank of Egypt ;; Import & Export Bank of Egypt S.A.E ;; Import ,& Export Bank of Egypt S.A.E ;; Import .& Export Bank of Egypt ;; Import and Export Bank of Egypt"
C01321,Ja1·diris & Vignobles d'Egypte,ja1 diris vignobles egypte,1947,1,Ja1·diris & Vignobles d'Egypte
C01322,Jardins,jardins,1947,1,Jardins
C01323,Jardins et Vignobles d'Egypte,jardins vignobles egypte,1947;1950,2,Jardins & Vignobles d'Egypte ;; Jardins & Vignobles- d'Egypte ;; Jardins et Vignobles d'Egypte
C01324,Josy Film,josy film,1947;1950,2,J os y Film ;; Josy Filin ;; Josy Film
C01325,"Lancashir~ - ( Egyptian) Cotton Co. Ltd. (Manchester). lskandar Said Eff., Administration de The Upper Egypl Buq, S.A.E",lancashir egyptian cotton co manchester lskandar said eff administration upper egypl buq s e,1947,1,"Lancashir~ - ( Egyptian) Cotton Co. Ltd. (Manchester). lskandar Said Eff., Administration de The Upper Egypl Buq, S.A.E"
C01326,Lotus Navigation Cy,lotus navigation cy,1947;1950,2,Lotus Navigation Co ;; Lotus Navigation Cy
C01327,Ltion de The Merchants' .& Manufacturers' Insurance Cn. Ltd. London,ltion merchants manufacturers insurance cn london,1947;1950,2,Ltion de The Merchants' .& Manufacturers' Insurance Cn. Ltd. London ;; The Merchants & Manufacturers Insurance Co. Ltd. London
C01328,"M. L. Franco & Co., (S. Pinto & Co., Succrs)",m franco co s pinto co succrs,1947;1950,2,"M. L. Franco & Co., (S. Pinto & Co., Succrs) ;; M.L. Franco & Co., (S. Pinto & Co. Succrs.)"
C01329,Maison Bark er & Co,maison bark er co,1947;1950,2,Maison Bark er & Co ;; Maison Barker & Co
C01330,Maison M. L. Franco& Co. (S. Pinto & Co. Succrs.) Alexandrie,maison m franco co s pinto co succrs alexandrie,1947,1,Maison M. L. Franco& Co. (S. Pinto & Co. Succrs.) Alexandrie
C01331,"Maison Peel & C·J. Ltd., de Minieh Ginning Co. Ltd",maison peel c j minieh ginning co,1947,1,"Maison Peel & C·J. Ltd., de Minieh Ginning Co. Ltd"
C01332,Maison Reinhart .& Co,maison reinhart co,1947;1950,2,Maison Reinhart & Co ;; Maison Reinhart .& Co
C01333,Maison V. Toriel & Co,maison v toriel co,1947;1950,2,Maison V. Toriel & Co
C01334,Maison d'Exportation de Coton Cicurel & Co,maison exportation coton cicurel co,1947;1950,2,Maison d'Exportation de Coton Cicurel & Co ;; Maison d'Exportation de Coton Cicurel& Co
C01335,Marsa Matrouh Salt & Potash Cy,marsa matrouh salt potash cy,1947;1950,2,Marsa Matrouh Salt & Potash Cy ;; Marsa Matrouh Salt .& Potash Cy ;; Marsa-Matrouh Salt & Potash Cy
C01336,Tb.e Mediterranean Co. for General Tracte (Egypt) S.A,tb e mediterranean co general tracte egypt s,1947;1950,2,Mediterranean Co. for General Tfade ;; Mediterranean Co. for General Tracte (Egypt) S.A ;; Mediterranean Co. for General Trade (Egypt) S.A ;; Tb.e Mediterranean Co. for General Tracte (Egypt) S.A ;; The Meditenanean Co. for General Tracte (Egypt) Ltd ;; The Mediterranean Co. for General Tracte ( Egypt) S.A ;; The Mediterranean Co. for General Trade (Egypt) Ltd ;; The Mediterranean Co. for General Trade (Egypt) S.A
C01337,Mena Milk Produet,mena milk produet,1947,1,Mena Milk Produet
C01338,Misr Car and Engineering Co,misr car engineering co,1947;1950,2,Misr Car & Engineering Co ;; Misr Car and Engineering Co ;; Misr Engineering v
C01339,Misr Engineering Vl'orks & Transport Co,misr engineering vl orks transport co,1947;1950,2,Misr Engineering Vl'orks & Transport Co ;; Misr Engineering Works & Transport Co ;; Misr Engineering Works& Transport Co ;; Mist' Engineering Works .& Transport Co
C01340,"Misr Navigation Co., de M.L. Franco& Co. (S. Pinto & Co. Succrs.), de la Société Orientale de Navigation, de Food Products. S.A.E",misr navigation co m franco co s pinto co succrs orientale navigation food products s e,1947;1950,2,"Misr Navigation Co. de M.L. Franco & Co. (S. Pinto & Co. Succrs), de la Société Orientale de Navigation, de Food Products, S.A.E ;; Misr Navigation Co., de M.L. Franco& Co. (S. Pinto & Co. Succrs.), de la Société Orientale de Navigation, de Food Products. S.A.E"
C01341,Misr-Airways,misr airways,1947,1,Misr-Airways
C01342,Nat. Ins. Co. (Life Ins. Co.),nat ins co life ins co,1947,1,Nat. Ins. Co. (Life Ins. Co.)
C01343,Nat. Ins. Co. of Egypt (Ace. Inc. et Risques Divers),nat ins co egypt ace inc risques divers,1947;1950,2,Nat. Ins. Co. of Egypt (Ace. Inc. et Risques Divers)
C01344,The National Cotton Cy,national cotton cy,1947;1950,2,National Cotton Gy ;; The National Cotton Cy ;; The National Cotton Gy
C01345,National Ins. Co. of Egypt (Life Ins. Co.),national ins co egypt life ins co,1947,1,National Ins. Co. of Egypt (Life Ins. Co.)
C01346,National Insurance Co. (Ace. Inc. & Risques Divers),national insurance co ace inc risques divers,1947,1,National Insurance Co. (Ace. Inc. & Risques Divers)
C01347,National Metal Industries,national metal industries,1947;1950,2,National Metal Industries ;; The National Metal Industries
C01348,National Plastics Co,national plastics co,1947,1,National Plastics Co
C01349,"National Starch Co., S.A.E",national starch co s e,1947;1950,2,"National Starch Co ;; National Starch Co., S.A.E ;; National Starch Cy"
C01350,"National Starch Do., S.A.E. et Near East Produce Co., S.A.E",national starch do s e near east produce co s e,1947,1,"National Starch Do., S.A.E. et Near East Produce Co., S.A.E"
C01351,National lnsurance Co. of Egypt (Branche-Vie),national lnsurance co egypt branche vie,1947,1,National lnsurance Co. of Egypt (Branche-Vie)
C01352,Navigation,navigation,1947;1950,2,Navigation
C01353,cle 'rhe Near .East Pharmaceutical & Commercial Co,cle rhe near east pharmaceutical commercial co,1947;1950,2,-Dél. Near East Pharmaceutical & Commercial Co ;; Near East Ph.umaceutical & Commercial Cy ;; Near East Pharmaceutical & Commercial Co ;; Near East Pharmaceutical & Commercial Gy ;; Near East Pharmaceutical et Commercial Cy S.A.E ;; cle 'rhe Near .East Pharmaceutical & Commercial Co
C01354,"Near East Produce Trading Cy. W issa, Zaki (Bey), Administl'ateur de la Société Misr d' Assurances Générales",near east produce trading cy w issa zaki bey administl ateur misr assurances generales,1947,1,"Near East Produce Trading Cy. W issa, Zaki (Bey), Administl'ateur de la Société Misr d' Assurances Générales"
C01355,Near East Produce Trading Co. S.A.E,near east produce trading co s e,1947;1950,2,Near East Produce Trading Co. S.A.E ;; Near East Produce Trading Cy ;; Near East Produce Trading Gy ;; The N ear East Produce Trading Cy
C01356,Near East Superintending Co. Ltd,near east superintending co,1947,1,Near East Superintending Co. Ltd
C01357,Ni le Brewery,ni brewery,1947,1,Ni le Brewery
C01358,Nil Paris,nil paris,1947;1950,2,"Nil Paris ;; Nil Paris, S.A.E"
C01359,Nile Brewery,nile brewery,1947;1950,2,"Nile Brewery ;; Nile Brewery, S.A.E"
C01360,The North East Africa Trading Cy,north east africa trading cy,1947;1950,2,"North East Africa Trading Co ;; North East Africa Trading Cy ;; The North East Africa Trading Cy ;; The North East Africa Trading Cy. S.A.E ;; The North East Africa Trading Cy., S.A.E ;; The North East Africa Trading Gy., S.A.E ;; The North East Ahica Trading Cy., S.A.E"
C01361,Nouveaux Hôtels d'Egypte,nouveaux hotels egypte,1947;1950,2,Nouveaux Hôtels d'Egypte
C01362,Office des Territoires Occupés ou Contrôlés,office territoires occupes ou controles,1947,1,Office des Territoires Occupés ou Contrôlés
C01363,Orient Linen Industry,orient linen industry,1947;1950,2,"Orient Li.nen Industry ;; Orient Line n Industry ;; Orient Linen Industry ;; Orient Linen Industry, S.A.E ;; Orient Linen Industry. s ;; Otient Linen Industry. s"
C01364,The Oriental Bond Stores,oriental bond stores,1947;1950,2,Oriental Bond Stores ;; The Oriental Bond Stores
C01365,Palestine Discount Bank,palestine discount bank,1947,1,Palestine Discount Bank
C01366,Palestine Mercantile Bank Ltd,palestine mercantile bank,1947,1,Palestine Mercantile Bank Ltd
C01367,PatTiarcal -A nnénien Catholique d'Alexandrie,pattiarcal nnenien catholique alexandrie,1947;1950,2,PatTiarcal -A nnénien Catholique d'Alexandrie ;; Patriarcal Arménien Catholique d'Alexandrie
C01368,"Pinto & Co., Caire et Alexandrie",pinto co caire alexandrie,1947;1950,2,"Pinto & Co., Caire et Alexandrie"
C01369,Pool des Egreneurs,pool egreneurs,1947,1,Pool des Egreneurs
C01370,Raison S.) ciale Menaché Cousins,raison s ciale menache cousins,1947;1950,2,Raison S.) ciale Menaché Cousins ;; Raison Sociale Menaché Cousins
C01371,"Rye, Evans & Co. (Sudan) Ltd",rye evans co sudan,1947;1950,2,"Rye, Evans & Co. (Sudan) Ltd ;; Rye, Evans& Co. (Sudan) Ltd"
C01372,"S.A. Bières Bomonti & Pyramides. lzzel Dine Omar, Administration Sté. Orientale Cinéma",s bieres bomonti pyramides lzzel dine omar administration ste orientale cinema,1947,1,"S.A. Bières Bomonti & Pyramides. lzzel Dine Omar, Administration Sté. Orientale Cinéma"
C01373,S.A. des Drogueri~s d'Egypte,s drogueri s egypte,1947,1,S.A. des Drogueri~s d'Egypte
C01374,S.A. des Immeubles d'Egypte et Secretaire Général d.e la Land Bank of Egypt,s immeubles egypte secretaire general e land bank egypt,1947;1950,2,S.A. des Immeubles d'Egypte et Secretaire Général d.e la Land Bank of Egypt ;; S.A. des Immeubles d'Egypte et Secretaire Général de la Land Bank of Egypt
C01375,S.A. des Presses Libres,s presses libres,1947;1950,2,S.A. des Presses Libres
C01376,"S.A. des Presses Libres Egyptiennes, de l'Alexandria Life Insurance Co. S.A.E",s presses libres egyptiennes alexandria life insurance co s e,1947,1,"S.A. des Presses Libres Egyptiennes, de l'Alexandria Life Insurance Co. S.A.E"
C01377,S.A. des Wagons Lits Iran,s wagons lits iran,1947;1950,2,S.A. des Wagons Lits Iran
C01378,"S.A. du Béhéra, de The Anglo-American Nile Co",s behera anglo american nile co,1947,1,"S.A. du Béhéra, de The Anglo-American Nile Co"
C01379,"S.A. du Béhéra, de la Delta Trading Co",s behera delta trading co,1947,1,"S.A. du Béhéra, de la Delta Trading Co"
C01380,S.A. ritJs Monts de Piété Egyptiens,s ritjs monts piete egyptiens,1947,1,S.A. ritJs Monts de Piété Egyptiens ;; S.A. rles Monts de Piété Egyptiens
C01381,S.A.E. Sahel,s e sahel,1947;1950,2,S.A.E. SaheL ;; S.A.E. Sahel
C01382,S.A.E. d'Urhani.E'f_ne «Hadaek el Abram» ( Py1·amids Gardens),s e urhani e f ne hadaek el abram py1 amids gardens,1947;1950,2,S.A.E. d'Urbanisme «Hadaek el Ahram» (Pyramids Gardens) ;; S.A.E. d'Urhani.E'f_ne «Hadaek el Abram» ( Py1·amids Gardens)
C01383,Sté. An. Eg. de Capitalisation L'Epargne,ste an eg capitalisation epargne,1947;1950,2,S.A.E. de Capitalisation L'Epargne ;; S.A.E. de Capitalisation l'Epargne ;; S.A.E. de Capitalisation «L'Epargne>> ;; S.A.E. de Capitalisation «L'Epargne» ;; Société Anonyme Egyptienne de Capitalisation L'Epargne ;; Sté. An. Eg. de Capitalisation L'Epargne
C01384,S.A.E. de Métallurgie,s e metallurgie,1947;1950,2,S.A.E. de Métallurgie
C01385,"S.A.E. «Al Ch,arkn",s e al ch arkn,1947,1,"S.A.E. «Al Ch,arkn"
C01386,S.A.E. «Carban,s e carban,1947,1,S.A.E. «Carban
C01387,S.A.E. «Chaw,s e chaw,1947,1,S.A.E. «Chaw
C01388,Sté. «The Egyptian Insurance & Commercial Agency (EICA)» «Tsekis & Co.»,ste egyptian insurance commercial agency eica tsekis co,1947;1950,2,S\é. «The Egyptian Insurance& Commercial Agency (EICA) Tsekis & Co.)) ;; Sté «The Egyptian Insurance & Commercial Agency (EICA) (Tsekis & Fils) ;; Sté. «The Egyptian Insurance & Commercial Agency (EICA) «Tsekis & Co.» ;; Sté. «The Egyptian Insurance & Commercial Agency (EICA)» «Tsekis & Co.»
C01389,"Salvage ·& Marine Cy. of Egypt, S.A.E",salvage marine cy egypt s e,1947;1950,2,"Salvage & Marine Cy of Egypt, S.A.E ;; Salvage & Marine Cy. of Egypt. S.A.E ;; Salvage & Marine Gy. of Egypt, S.A.E ;; Salvage and Marine Cy. of ;; Salvage ·& Marine Cy. of Egypt, S.A.E"
C01390,Sidi Salem Estat'e of Egypt,sidi salem estat e egypt,1947,1,Sidi Salem Estat'e of Egypt
C01391,"So- ciétés, Industriel. ·",so cietes industriel,1947;1950,2,"So- ciétés, Industriel. · ;; Sociétés, Industriel"
C01392,SoJciété Egyptienne de Ciment Portland Tourah,sojciete egyptienne ciment portland tourah,1947,1,SoJciété Egyptienne de Ciment Portland Tourah
C01393,Soc. Egypt. de la Bourse Commerciale de M.E.B,soc egypt bourse commerciale m e b,1947,1,Soc. Egypt. de la Bourse Commerciale de M.E.B
C01394,Società,societa,1947,1,Società
C01395,Soci~té,soci te,1947,1,Soci~té
C01396,Sociéte,,1947,1,Sociéte
C01397,Société,,1947,1,Société
C01398,Société Agricole et Urbaine «Le Fayoum»,agricole urbaine fayoum,1947;1950,2,"Société Agricole et Urbaine ""Fayoum» ;; Société Agricole et Urbaine «Le Fayoum» ;; Sté. Agricole et Urbaine «Le Fayoum» ;; Sté. Agricole et Urbaine«Le Fayoum"""
C01399,Société Agricole et Urbaine ceLe Fayoum»,agricole urbaine cele fayoum,1947,1,Société Agricole et Urbaine ceLe Fayoum»
C01400,Société AnonymP. Egyptienne de la Jute Co,anonymp egyptienne jute co,1947,1,Société AnonymP. Egyptienne de la Jute Co
C01401,"Société Anonyme Egyptienne «Carban, de The Egyptian Copper Works",carban egyptian copper works,1947,1,"Société Anonyme Egyptienne «Carban, de The Egyptian Copper Works"
C01402,"Société Anonyme de Wadi Kom Ombo, \le la Société Générale des Sucreries",wadi kom ombo generale sucreries,1947,1,"Société Anonyme de Wadi Kom Ombo, \le la Société Générale des Sucreries"
C01403,Société Anonym~ du Béhéra,anonym behera,1947,1,Société Anonym~ du Béhéra
C01404,Société Bolanachi,bolanachi,1947;1950,2,Bolanachi ;; Bolonachi ;; Société Bolanachi
C01405,Société California Eg. des Pétroles,california eg petroles,1947,1,Société California Eg. des Pétroles
C01406,Société Co-opérative des Pétroles,co operative petroles,1947;1950,2,Société Co-opérative des Pétroles ;; Sté. Coopérative des Pétroles
C01407,Société Copte de Bienfaisance,copte bienfaisance,1947;1950,2,Société Copte de Bienfaisance
C01408,Société Egyptienne de Constructions Modernes «Al Chams» S.A.E,constructions modernes al chams s e,1947;1950,2,Constructions Modernes Al Chams ;; Société Eg. de Constructions Modernes « Al Chams » ;; Société Eg. de Constructions Modernes «Al Chamsn ;; Société Egyptienne de Constructions Modernes «Al Chams» S.A.E
C01409,Société Egyptienne Financière pour leti·atio~ Con~­ merce,financiere leti atio con merce,1947,1,Société Egyptienne Financière pour leti·atio~ Con~­ merce
C01410,Société Egyptienne d'Engrais '& d'Industries Chimiques,engrais industries chimiques,1947;1950,2,Société Egyptienne d'Engrais & d'Industries Chimiques ;; Société Egyptienne d'Engrais '& d'Industries Chimiques
C01411,Société Egyptienne d'Entreprises et Constructions (SEDEC),entreprises constructions sedec,1947,1,Société Egyptienne d'Entreprises et Constructions (SEDEC)
C01412,"Société Egyptienne d'Industries Chimiques, S.A.E., Marsa Matrouh Salt & Potash Cy",industries chimiques s e marsa matrouh salt potash cy,1947,1,"Société Egyptienne d'Industries Chimiques, S.A.E., Marsa Matrouh Salt & Potash Cy"
C01413,Société Egyptienne de Cimeut,cimeut,1947,1,Société Egyptienne de Cimeut
C01414,Société Egyptienne de Conserves alimentaires,conserves alimentaires,1947;1950,2,Société Egyptienne de Conserves Alimentaires ;; Société Egyptienne de Conserves alimentaires ;; Sté Eg. des Conserves Alimentaires ;; Sté. de Conserves Alimentaires
C01415,Société Egyptienne de Teinture,teinture,1947;1950,2,Société Egyptienne de Teinture
C01416,"Société Egyptienne de Tissage et Tricotage, de la Société Franco-Egyptienne d'Importation",tissage tricotage franco egyptienne importation,1947,1,"Société Egyptienne de Tissage et Tricotage, de la Société Franco-Egyptienne d'Importation"
C01417,"Société Egyptienne pa1· actions ""Lindi et Co",pa1 actions lindi co,1947,1,"Société Egyptienne pa1· actions ""Lindi et Co"
C01418,Société Egyptienne pom l'Industrie et le Commerce des Cotonnades ceLa Cotonnière»,pom industrie commerce cotonnades cela cotonniere,1947,1,Société Egyptienne pom l'Industrie et le Commerce des Cotonnades ceLa Cotonnière»
C01419,Société Egyptienne pom le Tannage,pom tannage,1947,1,Société Egyptienne pom le Tannage
C01420,Société Egyptienne pour l'Industrie et le Commerce des,industrie commerce,1947,1,Société Egyptienne pour l'Industrie et le Commerce des
C01421,Société Egyptienne pour le Développement et h~,developpement h,1947,1,Société Egyptienne pour le Développement et h~
C01422,Société Générale de Placement Financier et Industriel,generale placement financier industriel,1947;1950,2,"Société Générale de Placement Financier et Industriel ;; Sté. Générale de Placement Financie,l' et Industriel ;; Sté. Générale de Placement Financier et Industriel"
C01423,Société Liban-Egypte,liban egypte,1947,1,Société Liban-Egypte
C01424,Société Mis1,mis1,1947,1,Société Mis1
C01425,Société Misr Rayonne,misr rayonne,1947;1950,2,Société Misr Rayonne ;; Société Misr pour la Rayonne ;; Société Misr pour la Rayonne S.A.E ;; Sté Misr Rayonne ;; Sté Misr pour la Rayonne S.A.E ;; Sté. Mi.sr pour la Rayonne ;; Sté. Misr Rayonne ;; Sté. Misr pour la Rayonne
C01426,Société Misr d'Assurances,misr assurances,1947;1950,2,Société Misr d'Assurances ;; Sté Misr d'Assurances ;; Sté. Misr d'Assurances
C01427,Société Misr de Kafrel Dawar,misr kafrel dawar,1947,1,Société Misr de Kafrel Dawar
C01428,Société Misr de Tabacs et Cigarettes,misr tabacs cigarettes,1947;1950,2,Société Mi sr des Tabacs et Cigarettes ;; Société Misr de Tabacs et Cigarette ;; Société Misr de Tabacs et Cigarettes ;; Société Misr des Tabacs et Cigarettes
C01429,Société Misr de Tissage de Coton à Kafr el Dawar,misr tissage coton kafr el dawar,1947,1,Société Misr de Tissage de Coton à Kafr el Dawar
C01430,Société Misr pom la Filature et le Tissage fin en Coton Egyptien (Kafr El Dawar),misr pom filature tissage fin coton egyptien kafr el dawar,1947,1,Société Misr pom la Filature et le Tissage fin en Coton Egyptien (Kafr El Dawar)
C01431,Sté. Misr pour les Fourrages,ste misr fourrages,1947;1950,2,Société Misr pour les Fourrages ;; Sté Misr pour les Fourrages ;; Sté. Mi sr pour les Fourrages ;; Sté. Misr pour les Fomrages ;; Sté. Misr pour les Fourrages ;; Sté. Misr pour lf.s Fourrages
C01432,Société Misr pour les Huiles,misr huiles,1947;1950,2,Société Misr pour les Huiles
C01433,Société Misr pour les Pêcheries,misr pecheries,1947;1950,2,Société Misr pour les Pêcheries
C01434,"Société Nationale de Matières Plastiques, S.A.E",nationale matieres plastiques s e,1947;1950,2,"Société Nationale de Matières Plastiques S.A.E ;; Société Nationale de Matières Plastiques, S.A.E ;; Sté Nationale des Matières Plastiques ;; Sté. Nationale des Matières Plastiques ;; Sté. Nationale d~s Matières Plastiques"
C01435,"Société Royale d'Agriculture, de la Société Royale des Etudes Historiques, du Cercle Royal d'Escrime, du",royale agriculture royale etudes historiques cercle royal escrime,1947,1,"Société Royale d'Agriculture, de la Société Royale des Etudes Historiques, du Cercle Royal d'Escrime, du"
C01436,"Société Viticole et Vinicole d'Egypte, Représentant de la Cie. Internationale des Wagons-Lits en Egypte, en Palestine, Syrie, Irak et Iran",viticole vinicole egypte representant cie internationale wagons lits egypte palestine syrie irak iran,1947;1950,2,"Société Viticole et Vinicole d'Egypte, Représentant de la Cie. Internationale des Wagons-Lits en Egypte, en Palestine, Syrie, Irak et Iran"
C01437,"Société Viticole et Vinicole d'Egypte, de Frosted Food & Cold Storage Cy",viticole vinicole egypte frosted food cold storage cy,1947;1950,2,"Société Viticole et Vinicole d'Egypte, de Frosted Food & Cold Storage Cy"
C01438,Société d'Alimentation Générale,alimentation generale,1947;1950,2,Société d'Alimentation Générale ;; Sté. d'Alimentation Générale
C01439,Société d'Exploitations Agricoles,exploitations agricoles,1947;1950,2,Société d'Exploitation Agricole ;; Société d'Exploitations Agricoles
C01440,Société des Autobus de Charkieh,autobus charkieh,1947;1950,2,Société des Autobus de Charkieh
C01441,Société des Autobus du,autobus,1947,1,Société des Autobus du
C01442,Société des Autobus du Nord de la General Navigation Cy. of Egypt,autobus nord general navigation cy egypt,1947,1,Société des Autobus du Nord de la General Navigation Cy. of Egypt
C01443,Société pour la Fabrication ct l'Exportation des Conserves (S.E.F.E.C.) ~ The Egyptian,fabrication ct exportation conserves s e f e c egyptian,1947,1,Société pour la Fabrication ct l'Exportation des Conserves (S.E.F.E.C.) ~ The Egyptian
C01444,Sociétés,societes,1947;1950,2,Sociétés
C01445,Sociétés Anonymes Egyptiennes. •,societes anonymes egyptiennes,1947,1,Sociétés Anonymes Egyptiennes. •
C01446,Sociétés suivantes,societes suivantes,1947,1,Sociétés suivantes ;; Sociétéssuivantes
C01447,Sociétésformant le groupe Misr,societesformant groupe misr,1947,1,Sociétésformant le groupe Misr
C01448,Socjété des Omnibus de Fayoum,socjete omnibus fayoum,1947,1,Socjété des Omnibus de Fayoum
C01449,Soèiété Misr pour l'Egrenage du Coton,soeiete misr egrenage coton,1947,1,Soèiété Misr pour l'Egrenage du Coton
C01450,Standard Oil Oil Co. of Egypt,standard oil oil co egypt,1947,1,Standard Oil Oil Co. of Egypt
C01451,Sté. Agricole et Fermière «Fermagn,ste agricole fermiere fermagn,1947;1950,2,Ste. Agricole et Fermière Fermag ;; Sté Agricole et Fermière «Fermag» ;; Sté. Agricole et Fermière «Fermagn ;; Sté. Agricole et Fermière «Fermag»
C01452,Studios Al Ahram,studios al ahram,1947;1950,2,Dé}. Studio Al Ahram ;; Studios Al Ahram ;; Studios Al Aht·am ;; Studios· Al Ahram
C01453,Sté,ste,1947;1950,2,Sté
C01454,cte la Sté. Bolanachi-Distillerie,cte ste bolanachi distillerie,1947;1950,2,"Sté. ""Bolanachi Distillerien ;; Sté. Bolanachi-Distillel'ie ;; Sté. Bolanachi-Distillerie ;; cte la Sté. Bolanachi-Distillerie"
C01455,Sté. Agr. et Urbaine «Le Fayoum». ·,ste agr urbaine fayoum,1947;1950,2,Sté. Agr. et Urbaine «Le Fayoum» ;; Sté. Agr. et Urbaine «Le Fayoum». ·
C01456,Sté. Agricole et Fe1·mière Fermag et dè The Upper Egypt Hotels,ste agricole fe1 miere fermag upper egypt hotels,1947,1,Sté. Agricole et Fe1·mière Fermag et dè The Upper Egypt Hotels
C01457,Sté. Agricole «LI] Fayoumn,ste agricole li fayoumn,1947;1950,2,Sté. Agricole «LI] Fayoumn ;; Sté. Agricole «Le Fayoum»
C01458,Sté. Al Chark pour la Filature et le Tissage,ste al chark filature tissage,1947;1950,2,Sté. Al Chark Filature Ti->· sage ;; Sté. Al Chark Filature Tissage ;; Sté. Al Chark Filature et le Tissage ;; Sté. Al Chark pour la Filatme et Tissage ;; Sté. Al Chark pour la Filature et Tissage ;; Sté. Al Chark pour la Filature et le Tissage ;; Sté. «Al Chark» pour la Filature et le Tissage
C01459,Sté. Anonyme Egyptienne des Industries Textiles,ste anonyme egyptienne industries textiles,1947,1,Sté. Anonyme Egyptienne des Industries Textiles
C01460,"Dél. Sté Commerciale Ex-Import, S.A.E",del ste commerciale ex import s e,1947;1950,2,"Dél. Sté Commerciale Ex-Import, S.A.E ;; Société Commerciale Ex-lmport, S.A.E ;; Sté Commerciale Ex-Import ;; Sté. Commerciale Ex-Import"
C01461,Sté. Eg. de,ste eg,1947,1,Sté. Eg. de
C01462,Sté. Eg. de Minoterie et Silos,ste eg minoterie silos,1947;1950,2,Minoterie & Silos ;; Sté Egypt. Minoterie & Silos ;; Sté de Minoterie et Silos ;; Sté. Eg. de Minoterie et Silos
C01463,Sté. Eg. des Emballages Economiques,ste eg emballages economiques,1947;1950,2,Sté Eg. des Emballages Economiques ;; Sté. Eg. Emballages Economiques ;; Sté. Eg. des Emballages Economiques
C01464,Sté. Eg. pour la Déshydratation des Légumes,ste eg deshydratation legumes,1947,1,Sté. Eg. pour la Déshydratation des Légumes
C01465,Sté. Egyptienne des Bo\s et Matériaux,ste egyptienne bo s materiaux,1947,1,Sté. Egyptienne des Bo\s et Matériaux ;; Sté. Egyptienne des Bois et Matériaux
C01466,Sté. Egyptienne des Bois d Matériaux ( SEBEM),ste egyptienne bois materiaux sebem,1947;1950,2,Sté Egyptienne des Bois et Matériaux «SEBEM» ;; Sté. Egyptienne des Bois d Matériaux ( SEBEM) ;; Sté. Egyptiennedss Bois et Matériaux (SEBEM)
C01467,Sté. Egyptienne pour la Fabrication,ste egyptienne fabrication,1947;1950,2,Sté Egyptienne pour la Fabrication ;; Sté. Egyptienne pour la Fabrication
C01468,"Sté. Fouad 1er de la Lé,gislation de Statistique",ste fouad 1er gislation statistique,1947,1,"Sté. Fouad 1er de la Lé,gislation de Statistique"
C01469,Sté. Immobilière de l'Avenue de la Reine Nazli,ste immobiliere avenue reine nazli,1947;1950,2,Sté Immobilière de l'Avenue de la Reine Nazli ;; Sté. Immobilière de l'Avenue de la Reine Nazli
C01470,Sté. Industrielle du Moyen Orient,ste industrielle moyen orient,1947;1950,2,Sté. Industrielle au Moyen-Orient ;; Sté. Industrielle du Moyen Orient ;; Sté. Industrielle du Moyen-Orient ;; Sté. Industrielle du Moyer Orient
C01471,Sté. Nestor Gianaclis,ste nestor gianaclis,1947,1,Sté. Nestor Gianaclis
C01472,Sté. Orientale Cinéma,ste orientale cinema,1947;1950,2,Sté Orientale Cinéma ;; Sté. Orientale Cinéma ;; Sté. Orientale Cinéma·
C01473,Sté. cclncorporated Industries»,ste cclncorporated industries,1947;1950,2,Incorporated Industries ;; Sté. cclncorporated Industries»
C01474,Sté. de Bienfaisance A.rrnénienne Catholique d'Alexandrie,ste bienfaisance rrnenienne catholique alexandrie,1947;1950,2,Sté. de Bienfaisance A.rrnénienne Catholique d'Alexandrie ;; Sté. de Bienfaisance Arménienne-Catholique d'Alexandrie
C01475,Société des Autobus de la Basse-Egypte,autobus basse egypte,1947;1950,2,Société des Autobus de la Basse-Egypte ;; Sté. des Autobus de Basse Egypte ;; Sté. des Autobus de la Basse Egypte ;; Sté. des Autobus de la Basse-Egypte
C01476,Sté. des Emballages,ste emballages,1947,1,Sté. des Emballages
C01477,Sté. des Ingénieurs Agronomes pour l'Exploitation Agricole,ste ingenieurs agronomes exploitation agricole,1947,1,Sté. des Ingénieurs Agronomes pour l'Exploitation Agricole
C01478,Sté. en commandite par actions M.L. F'ranco and Co. (S. Pinto & Co. Suce.),ste commandite par actions m f ranco co s pinto co suce,1947;1950,2,"Sté. en commandite par actions M. L. Franco,& Co. (S. Pinto & Co. Suce.) ;; Sté. en commandite par actions M.L. F'ranco and Co. (S. Pinto & Co. Suce.)"
C01479,Sucreries d'Egypte,sucreries egypte,1947;1950,2,Sté Sucreries d'Egypte ;; Sucreries d'Egypte
C01480,Sudan Import & Export Co. j de la Port-Sudan Forwarding Co. Ltd,sudan import export co j port sudan forwarding co,1947,1,Sudan Import & Export Co. j de la Port-Sudan Forwarding Co. Ltd
C01481,Surveillance de la M. L. Franco & Co. - S. Pinto & Co. Succrs,surveillance m franco co s pinto co succrs,1947;1950,2,"Surveillance de la M. L. Franco & Co. (S. Pinto,& Co. Suce.) ;; Surveillance de la M. L. Franco & Co. - S. Pinto & Co. Succrs ;; Surveillance de la M. L. Franco & Co.-S. Pinto & Co. Succrs"
C01482,Surveillance de la Manufacture Nationale de Couvertures A. Saltiel & Co,surveillance manufacture nationale couvertures saltiel co,1947,1,Surveillance de la Manufacture Nationale de Couvertures A. Saltiel & Co
C01483,Surveillance de la Société des Plâtres d'Albâtre Roland Boniteau & Co,surveillance platres albatre roland boniteau co,1947,1,Surveillance de la Société des Plâtres d'Albâtre Roland Boniteau & Co
C01484,Surveillance de la Sté. des Plâtres d'Albâtre,surveillance ste platres albatre,1947;1950,2,Surveillance de la Sté. des Plâtres d'Albâtre
C01485,"Surveillance de«Allen & Co.""",surveillance allen co,1947,1,"Surveillance de«Allen & Co."""
C01486,"Syndicale des Entrepreneurs, Expert près les Tribunaux Mixtes",syndicale entrepreneurs expert pres tribunaux mixtes,1947,1,"Syndicale des Entrepreneurs, Expert près les Tribunaux Mixtes"
C01487,Syndicat ctes Obligataires de la Société GénA· rale des Sucreries,syndicat ctes obligataires gena rale sucreries,1947,1,Syndicat ctes Obligataires de la Société GénA· rale des Sucreries
C01488,"S·Jciété Egyptienne de Tuyaux, Poteaux et Pl'oduits en Ciment Al'mé !Système Sieg\\al't)",s jciete egyptienne tuyaux poteaux pl oduits ciment al me systeme sieg al t,1947,1,"S·Jciété Egyptienne de Tuyaux, Poteaux et Pl'oduits en Ciment Al'mé !Système Sieg\\al't)"
C01489,The,,1947,1,The
C01490,"The Abou Zaabal & Kafrel Zayat Chemical ,& Fertilizers Co., S.A.E",abou zaabal kafrel zayat chemical fertilizers co s e,1947,1,"The Abou Zaabal & Kafrel Zayat Chemical ,& Fertilizers Co., S.A.E"
C01491,The Alexandria & Khartoum Trading Corporation,alexandria khartoum trading corporation,1947;1950,2,The Alexandria & Khartoum Trading Corporation
C01492,The Alexandria .& Ramleh Buildings Co,alexandria ramleh buildings co,1947,1,The Alexandria .& Ramleh Buildings Co
C01493,The Alexandria Manufacturing Co. Ltd,alexandria manufacturing co,1947;1950,2,Alexandria Manufacturing Cy ;; The Alexandria Ma- nufacturing Co ;; The Alexandria Manufacturing Co. Ltd
C01494,"The Alexandria T""r·ansport and lndustrial Co",alexandria t r ansport lndustrial co,1947;1950,2,"The Alexandria T""r·ansport and lndustrial Co ;; The Alexandria Transport & Industrial Cy"
C01495,The Alexandria Water Co. et The Alexandria Transport.& Industrial Gy,alexandria water co alexandria transport industrial gy,1947,1,The Alexandria Water Co. et The Alexandria Transport.& Industrial Gy
C01496,The Amalgamated lee Factories & Cold Stores et General Navigation Cy. of Egypt,amalgamated lee factories cold stores general navigation cy egypt,1947,1,The Amalgamated lee Factories & Cold Stores et General Navigation Cy. of Egypt
C01497,The Anglo-American Nile Co,anglo american nile co,1947;1950,2,Anglo-American Nile ;; Sté. Anglo-American Nile Co ;; The Anglo-American Nile Co
C01498,"The Bradford Dyers Association Li- mited, Bradfül'd, England. ·",bradford dyers association li mited bradful england,1947,1,"The Bradford Dyers Association Li- mited, Bradfül'd, England. ·"
C01499,The Cairo Electr,cairo electr,1947,1,The Cairo Electr
C01500,"The Cherif Cotton ,& Trading Co., S.A.E. (Négociants et Exportateurs de Coton et Graines de CotG.m, Importations",cherif cotton trading co s e negociants exportateurs coton graines cotg m importations,1947,1,"The Cherif Cotton ,& Trading Co., S.A.E. (Négociants et Exportateurs de Coton et Graines de CotG.m, Importations"
C01501,The Consolidated Landed In- terests (Egypt),consolidated landed in terests egypt,1947;1950,2,The Consolidated Landed In- terests (Egypt) ;; The Consolidated Landed Interests (Egypt)
C01502,The Egyptian Delta Rice Mills Co. (N. Yamodis & Co.),egyptian delta rice mills co n yamodis co,1947,1,The Egyptian Delta Rice Mills Co. (N. Yamodis & Co.)
C01503,"The Egyptian Engineering Stores (Formerly Steinemann Mabardi ,& Co.), S.A.E",egyptian engineering stores formerly steinemann mabardi co s e,1947;1950,2,"The Egyptian Engineering Stores ( Formerly Steinemann Mabardi & Co.), S.A.E ;; The Egyptian Engineering Stores (Formerly Steinemann Mabardi ,& Co.), S.A.E"
C01504,"The Egyptian Petroleum C9., et The Albert Mussa Agency ,& Stevedoring Co., S.A.E",egyptian petroleum c9 albert mussa agency stevedoring co s e,1947,1,"The Egyptian Petroleum C9., et The Albert Mussa Agency ,& Stevedoring Co., S.A.E"
C01505,"The Egyptian Rice Mills, S.A.E",egyptian rice mills s e,1947;1950,2,"Egyptian Rice Mills ;; The Egyptian Rice Mills, S.A.E"
C01506,The Egyptian Star Navigation Co,egyptian star navigation co,1947;1950,2,The Egyptian Star Navigation Co ;; The Egyptian Star Navig~tion Co
C01507,"The Engineering Co. of Egypt, Alexandria & Khartoum Trading Corporation",engineering co egypt alexandria khartoum trading corporation,1947,1,"The Engineering Co. of Egypt, Alexandria & Khartoum Trading Corporation"
C01508,The Gabbary Petr•)· leum Co. et Platrières de Ballah,gabbary petr leum co platrieres ballah,1947,1,The Gabbary Petr•)· leum Co. et Platrières de Ballah
C01509,"The Gharbieh Land Co. levi, 1. G., D1·. en Droit, Or-che du Nil, Medjidieh, Couronne de",gharbieh land co levi 1 g d1 droit or che nil medjidieh couronne,1947,1,"The Gharbieh Land Co. levi, 1. G., D1·. en Droit, Or-che du Nil, Medjidieh, Couronne de"
C01510,The Hin,hin,1947,1,The Hin
C01511,The Land-House Corp,land house corp,1947,1,The Land-House Corp
C01512,The Levant Bonded Warehouses Co. (Palestine),levant bonded warehouses co palestine,1947,1,The Levant Bonded Warehouses Co. (Palestine)
C01513,"The Mercantile, Shipping & Coaling Co. Bianchi & Co. (Malta) Ltd",mercantile shipping coaling co bianchi co malta,1947;1950,2,"The Mercantile Shipping & Coaling Co. Bianchi & Co. (Malta) Ltd ;; The Mercantile, Shipping & Coaling Co. Bianchi & Co. (Malta) Ltd"
C01514,"National Theaters Cy, S.A.E",national theaters cy s e,1947;1950,2,"National Theaters Cy, S.A.E ;; The National Theat res Cy"
C01515,The Near East Cleaning Co. Ltd,near east cleaning co,1947;1950,2,Near East Cleaning ;; The Near East Cleaning Co. Ltd ;; The Near East Cleaning Cy Ltd ;; The Near East Cleaning Cy. Ltd
C01516,The New National Trading,new national trading,1947;1950,2,The New National Trading
C01517,The North East Africa,north east africa,1947,1,The North East Africa
C01518,The Pyramids Gardens,pyramids gardens,1947;1950,2,The Pyramids Gardens
C01519,The Simon Arzt,simon arzt,1947,1,The Simon Arzt
C01520,The Union Cotton Cy. of Ale,union cotton cy ale,1947,1,The Union Cotton Cy. of Ale
C01521,The United Egyptian Nile Transport Co. et United Storage Navigation 1& Commercial Co,united egyptian nile transport co united storage navigation 1 commercial co,1947,1,The United Egyptian Nile Transport Co. et United Storage Navigation 1& Commercial Co
C01522,"The United Egyptian Nile Transport Cy. S.E. Sir C. lW. Spinks (Pacha), MajOT General (El Ferik) K.B.E",united egyptian nile transport cy s e sir c lw spinks pacha majot general el ferik k b e,1947,1,"The United Egyptian Nile Transport Cy. S.E. Sir C. lW. Spinks (Pacha), MajOT General (El Ferik) K.B.E"
C01523,The United Egyptian Nite Transport Co. et The Egyptian Copper Works,united egyptian nite transport co egyptian copper works,1947,1,The United Egyptian Nite Transport Co. et The Egyptian Copper Works
C01524,The United Storage Navigation & Com· mercial Cy,united storage navigation com mercial cy,1947;1950,2,"The United Storage Navigati,on & Commercial Cy ;; The United Storage Navigation & Com· mercial Cy ;; UniLed Storage Navigation & Commercial Cy ;; United Storage Navigation & Commercial Co ;; United Storage Navigation & Commercial Cy ;; United Storage Navigation ·& Commercial Cy ;; United Storage Navigation ·~ Commercial Cy ;; United Storage Navigation& Commercial Cy"
C01525,The Upp,upp,1947,1,The Upp
C01526,The Upper Egypt,upper egypt,1947,1,The Upper Egypt
C01527,The «<ntra» Tracte .& Industr,ntra tracte industr,1947,1,The «<ntra» Tracte .& Industr
C01528,Thl,thl,1947,1,Thl
C01529,Thll Upper Egypt Hotels Co. Ltd,thll upper egypt hotels co,1947,1,Thll Upper Egypt Hotels Co. Ltd
C01530,Tite Garbieh Ginning Co,tite garbieh ginning co,1947,1,Tite Garbieh Ginning Co
C01531,"Tracte & Fi nan cial Co., S.A.E",tracte fi nan cial co s e,1947,1,"Tracte & Fi nan cial Co., S.A.E"
C01532,Transport & Engineering Cy,transport engineering cy,1947;1950,2,Transport & Engineering ;; Transport & Engineering Co ;; Transport & Engineering Cy ;; Transport & Engineering Gy ;; Transport .& Engineering Cy ;; Transport and Engineering Cy
C01533,V. Toriel & Co. et V. E. Toriel,v toriel co v e toriel,1947,1,V. Toriel & Co. et V. E. Toriel
C01534,V.'ad.J Kom-Onlbo,v ad j kom onlbo,1947,1,V.'ad.J Kom-Onlbo
C01535,Zagazig Cotton & Oil Cy,zagazig cotton oil cy,1947;1950,2,Zagazig Cotton & Oil Cy ;; ~agazig Cotton& Oil Cy
C01536,Zeitoun Canning & Food Cy,zeitoun canning food cy,1947;1950,2,Zeitoun Canning & Food Cy
C01537,ccAlminan,ccalminan,1947,1,ccAlminan
C01538,cfu Conseil d'Administration du Crédit Foncier Egyptien,cfu conseil administration credit foncier egyptien,1947,1,cfu Conseil d'Administration du Crédit Foncier Egyptien
C01539,cie 'rhe ~~gyptian Constwction & Engineering Cy,cie rhe gyptian constwction engineering cy,1947;1950,2,The Egyptian Construction& Engineering Cy ;; cie 'rhe ~~gyptian Constwction & Engineering Cy
C01540,"cl'ccAl-Charkn (L'ORIENT), S.A.E. d'Assurances sur la Vie",cl ccal charkn orient s e assurances sur vie,1947,1,"cl'ccAl-Charkn (L'ORIENT), S.A.E. d'Assurances sur la Vie"
C01541,dans la Sté. d'E,dans ste e,1947,1,dans la Sté. d'E
C01542,"«Le Scribe Egyptien», S.A.E",scribe egyptien s e,1947;1950,2,"de. uLe Scribe Egyptien)), S.A.E ;; uLe Scribe Egyptien)), S.A.E ;; « Le Scribe Egyptien », S.A.E ;; «Le Scribe Egyptien », S.A.E ;; «Le Scribe Egyptien», S.A.E"
C01543,diverses Sociétés,diverses societes,1947;1950,2,diverses Sociétés
C01544,en nom de la Barda Cotton Cy,nom barda cotton cy,1947;1950,2,en nom de <<The Barda Cotton Co ;; en nom de Barda Cotton Cy ;; en nom de Barda Cotton Gy ;; en nom de la Barda Cotton Cy
C01545,en nom de The Al Hadissa Manufacturing & Trading Gy,nom al hadissa manufacturing trading gy,1947,1,en nom de The Al Hadissa Manufacturing & Trading Gy
C01546,"et Adut. Dé!. de la Société Nationale du Papier, S.A.E",adut nationale papier s e,1947,1,"et Adut. Dé!. de la Société Nationale du Papier, S.A.E"
C01547,et Secretaire de la . Sté. Edrei .& Co. Lt.d,secretaire ste edrei co lt,1947;1950,2,et Secretaire de la . Sté. Edrei .& Co. Lt.d ;; et Secretaire de la Sté Edrei& Co. Ltd
C01548,honneur de l'Union Arabe du Caire,honneur union arabe caire,1947;1950,2,honneur de l'Union Arabe du Caire
C01549,laSociété Misr pour la Rayonne,lasociete misr rayonne,1947,1,laSociété Misr pour la Rayonne
C01550,"laSociété de Transports, Expéditions et Assurances <<Pharos», S.A.E",lasociete transports expeditions assurances pharos s e,1947,1,"laSociété de Transports, Expéditions et Assurances <<Pharos», S.A.E"
C01551,lacclZoldairn Refrigeration .& Ail· Conditioning Co. of Egypt,lacclzoldairn refrigeration ail conditioning co egypt,1947,1,lacclZoldairn Refrigeration .& Ail· Conditioning Co. of Egypt
C01552,"la«Almina>>,S.A.E",almina s e,1947;1950,2,"la«Almina>>,S.A.E ;; «Almina», S.A.E ;; «Almina», S.A.E.»"
C01553,Import and Export Bk. of Egypt,import export bk egypt,1947;1950,2,Import & Export ;; Import and Export Bk. of Egypt ;; lmport & Export Bk of Egypt
C01554,of Provincial Insurance Co. Ltd,provincial insurance co,1947,1,of Provincial Insurance Co. Ltd
C01555,rie la Maison COR 't BROS Co. Ltd. au Moyen-Orient,rie maison cor t bros co moyen orient,1947,1,rie la Maison COR 't BROS Co. Ltd. au Moyen-Orient
C01556,rrhe Electric Light & Power Supply Co,rrhe electric light power supply co,1947,1,rrhe Electric Light & Power Supply Co
C01557,"u Conseil d'Administration de la Société des Autobus du Nord, S.A.E",u conseil administration autobus nord s e,1947,1,"u Conseil d'Administration de la Société des Autobus du Nord, S.A.E"
C01558,uNemCO»,unemco,1947,1,uNemCO»
C01559,~stration de la Société Anonyme Egyptienne de Construction EOYCO,stration construction eoyco,1947,1,~stration de la Société Anonyme Egyptienne de Construction EOYCO
C01560,«Almina»,almina,1947,1,«Almina»
C01561,«Edrei & Co. Ltd.n,edrei co n,1947,1,«Edrei & Co. Ltd.n
C01562,"«Fermag,, de la S.A. Agricole et Industrielle d'Egypte",fermag s agricole industrielle egypte,1947,1,"«Fermag,, de la S.A. Agricole et Industrielle d'Egypte"
C01563,"«Food Products,, S.A.E",food products s e,1947;1950,2,"<<Food Products» ;; «Food Products,, S.A.E ;; «Food Products» S.A.E"
C01564,«Koldairn,koldairn,1947,1,«Koldairn
C01565,«Koldair»,koldair,1947;1950,2,Koldair ;; « Koldair » ;; «Koldair»
C01566,«Nemco»,nemco,1947;1950,2,NEMCO ;; Nemco ;; « Nemco » ;; «Nemco''· ;; «Nemco»
C01567,«Nemcon,nemcon,1947,1,«Nemcon
C01568,«Nemeet»,nemeet,1947,1,«Nemeet»
C01569,«Siburll,siburll,1947,1,«Siburll
C01570,«Siburn,siburn,1947,1,«Siburn
C01571,«The British Egyptian Automobile Got·- . pot<,british egyptian automobile got pot,1947,1,«The British Egyptian Automobile Got·- . pot<
C01572,·ati.on de la Société Egyptienne de Teinture,ati on teinture,1947,1,·ati.on de la Société Egyptienne de Teinture
C01573,"·ation de The Hin· shelwood Paint & Oil Co. of Egypt, S.A.E",ation hin shelwood paint oil co egypt s e,1947,1,"·ation de The Hin· shelwood Paint & Oil Co. of Egypt, S.A.E"
C01574,"·ation de la Société de Ciment Portland de Helouan, S.A.E. et dP la Société «Egyptian Cement Productsn",ation ciment portland helouan s e dp egyptian cement productsn,1947,1,"·ation de la Société de Ciment Portland de Helouan, S.A.E. et dP la Société «Egyptian Cement Productsn"
C01575,·la Sté. Egyptienne des Em· hallages Economiques,ste egyptienne em hallages economiques,1947;1950,2,Sté. Egyptienne des Emballages Economiques ;; ·la Sté. Egyptienne des Em· hallages Economiques
C01576,·ta Sociétt Générale des Sucreries,ta societt generale sucreries,1947,1,·ta Sociétt Générale des Sucreries
C01577,"àes Ateliers Mécaniques de la [(bedivial Mail Line, Alexandrie, Suez et Port-Sai d",aes ateliers mecaniques bedivial mail line alexandrie suez port sai,1947,1,"àes Ateliers Mécaniques de la [(bedivial Mail Line, Alexandrie, Suez et Port-Sai d"
C01578,"â' Administration de la Société Carrier-Egypt, S.A.E",administration carrier egypt s e,1947,1,"â' Administration de la Société Carrier-Egypt, S.A.E"
C01579,- Dél. National Salt & Mining Co,del national salt mining co,1950,1,- Dél. National Salt & Mining Co ;; Dél. National Salt and Mining Co ;; National Salt & Mining Co
C01580,-Contrôleur Général de la Commercial Insurance Cy. of Egypt. S.A.E,controleur general commercial insurance cy egypt s e,1950,1,-Contrôleur Général de la Commercial Insurance Cy. of Egypt. S.A.E
C01581,-Contrôleur en Egypte de la S.A. des Monts de Piété Egyptiens,controleur egypte s monts piete egyptiens,1950,1,-Contrôleur en Egypte de la S.A. des Monts de Piété Egyptiens
C01582,-Dire.cteur S.A.E. Carba,dire cteur s e carba,1950,1,-Dire.cteur S.A.E. Carba
C01583,-Direc. Général de la National Insurance Co. of Egypt (pour le Caire),direc general national insurance co egypt caire,1950,1,-Direc. Général de la National Insurance Co. of Egypt (pour le Caire)
C01584,-Dél. Bottling Co of Tantah,del bottling co tantah,1950,1,-Dél. Bottling Co of Tantah ;; Bottling Co. of Tantah
C01585,-Dél. Egyptian Flax & Textile Cy,del egyptian flax textile cy,1950,1,-Dél. Egyptian Flax & Textile Cy ;; Egyptian Flax & Textile Cy
C01586,-Dél. Fish and Produce A.ssoc,del fish produce ssoc,1950,1,-Dél. Fish and Produce A.ssoc
C01587,-Dél. Les Grands Comptoirs d'Egypte,del grands comptoirs egypte,1950,1,-Dél. Les Grands Comptoirs d'Egypte ;; Grands Comptoirs d'Egypte
C01588,-Dél. Sté. Industrielle «Spahi» de Filés et Textiles,del ste industrielle spahi files textiles,1950,1,-Dél. Sté. Industrielle «Spahi» de Filés et Textiles ;; Sté Industrielle «Spahi» de Filés et Textiles ;; Sté. Industrielle «Spahi» de Filés et Textile s ;; Sté. Industrielle «Spahi» de Filés et Textiles
C01589,-Dél. Union des Commerçants en Textile,del union commercants textile,1950,1,-Dél. Union des Commerçants en Textile ;; Union des Commerçants en Textiles
C01590,"-Dél. de ASTRA, etc",del astra etc,1950,1,"-Dél. de ASTRA, etc"
C01591,-Dél. de l' Alexandria Portland Cement Co,del alexandria portland cement co,1950,1,-Dél. de l' Alexandria Portland Cement Co ;; Alexandria Portland Cement Co
C01592,-Dél. de la «Bolanachi»,del bolanachi,1950,1,-Dél. de la «Bolanachi»
C01593,-Dél. des Usines,del usines,1950,1,-Dél. des Usines
C01594,"-Dél~gué de The Chérif Cotton & Trading Co., S.A.E. (Négociants et Exportateurs de Coton et Graines de Coton, Importations-Exportations",del gue cherif cotton trading co s e negociants exportateurs coton graines coton importations exportations,1950,1,"-Dél~gué de The Chérif Cotton & Trading Co., S.A.E. (Négociants et Exportateurs de Coton et Graines de Coton, Importations-Exportations"
C01595,-Technique Ammoniac & Chemical Co,technique ammoniac chemical co,1950,1,-Technique Ammoniac & Chemical Co
C01596,Dél. Engineering & Trading Entreprises,del engineering trading entreprises,1950,1,<<Engineering & Trading Enterprises ;; Dél. Engineering & Trading Entreprises ;; Engineering & Trading & Enterprises ;; Engineering & Trading Entreprises ;; Engineering of Trading Entreprises
C01597,"A,administration de l' Alexandria Pressing Co., S.A.E",administration alexandria pressing co s e,1950,1,"A,administration de l' Alexandria Pressing Co., S.A.E"
C01598,AIRMEC,airmec,1950,1,AIRMEC ;; Airmec
C01599,Ad m. Hadaek El Ahram,ad m hadaek el ahram,1950,1,Ad m. Hadaek El Ahram ;; Hadaek Al Ahram ;; Hadaek El Abram ;; Hadaek El Ahram ;; Hadaek el Ahram ;; Hadaek el Ahrarn
C01600,Administration de la Société Angnyme Egyptienne de Constructions « Egyco »,administration angnyme egyptienne constructions egyco,1950,1,Administration de la Société Angnyme Egyptienne de Constructions « Egyco »
C01601,Agriculture «Al Gaafaria»,agriculture al gaafaria,1950,1,Agriculture «Al Gaafaria» ;; Agriculture<<Al Gaafaria»
C01602,"Ahram, S.A.E",ahram s e,1950,1,"Ahram, S.A.E"
C01603,"Al Ahram, S.A.E",al ahram s e,1950,1,"Al Ahram, S.A.E"
C01604,Al Chark Trading Co. y,al chark trading co y,1950,1,Al Chark Trading Co ;; Al Chark Trading Co. y
C01605,Alex. & Ramleh Ry Co. et Alexandria Transport & Industrial Cy,alex ramleh ry co alexandria transport industrial cy,1950,1,Alex. & Ramleh Ry Co. et Alexandria Transport & Industrial Cy
C01606,Alex. Glass & Porcelain Factory,alex glass porcelain factory,1950,1,Alex. Glass & Porcelain Factory
C01607,Alex. Water Co,alex water co,1950,1,Alex. Water Co
C01608,"Alexandria Commercial Co., S.A.E., de la S.A. des Presses Libres Egyptiennes, de la S.A. des Terrains de Guizeh-Rodah",alexandria commercial co s e s presses libres egyptiennes s terrains guizeh rodah,1950,1,"Alexandria Commercial Co., S.A.E., de la S.A. des Presses Libres Egyptiennes, de la S.A. des Terrains de Guizeh-Rodah"
C01609,Alexandria Glass & Por- celain Factory,alexandria glass por celain factory,1950,1,Alexandria Glass & Por- celain Factory ;; Alexandria Glass & Porcelain Factory ;; Alexandria Glass & Porcelain Fac·tory
C01610,Alexandria Glass & Porcelain Co,alexandria glass porcelain co,1950,1,Alexandria Glass & Porcelain Co
C01611,Alexandria National Bottling Co,alexandria national bottling co,1950,1,Alexandria National Bottling Co
C01612,Alexandria National Bottling Co. et National Bottling Co. of Egypt,alexandria national bottling co national bottling co egypt,1950,1,Alexandria National Bottling Co. et National Bottling Co. of Egypt
C01613,Alexandria Porland Cement Co. et Helwan Portland Cernent Co,alexandria porland cement co helwan portland cernent co,1950,1,Alexandria Porland Cement Co. et Helwan Portland Cernent Co
C01614,"Alexandria Racing Club, S.A.E., de l'Egyptian Mining & Prospecting Co. S.A.E",alexandria racing club s e egyptian mining prospecting co s e,1950,1,"Alexandria Racing Club, S.A.E. et Egyptian Mining & Prospecting Co ;; Alexandria Racing Club, S.A.E., de l'Egyptian Mining & Prospecting Co. S.A.E"
C01615,"Alexandria Racing Club, S.A.E., Egyptian Engineering Stores",alexandria racing club s e egyptian engineering stores,1950,1,"Alexandria Racing Club, S.A.E., Egyptian Engineering Stores"
C01616,Alexandria Textile Co,alexandria textile co,1950,1,Alexandria Textile Co
C01617,"Alexandria Textile Co., Sté Eg. de Distillerie",alexandria textile co ste eg distillerie,1950,1,"Alexandria Textile Co., Sté Eg. de Distillerie"
C01618,Dél. Alexandria Textile Trading Co,del alexandria textile trading co,1950,1,Alexandria Textile Trading Co ;; Dél. Alexandria Textile Trading Co
C01619,American Eastern Trading and Shipping Co. S.A.E,american eastern trading shipping co s e,1950,1,American Eastern Trading & Shipping Company ;; American Eastern Trading and Shipping Co. S.A.E
C01620,Amerioan Eastern Trading and Engineering Co,amerioan eastern trading engineering co,1950,1,Amerioan Eastern Trading and Engineering Co
C01621,Ammoniac & Chemical Co,ammoniac chemical co,1950,1,Ammoniac & Chemical Co
C01622,Anglo Continental Cotton Co,anglo continental cotton co,1950,1,Anglo Continental Cotton Co ;; Anglo Continental Cotton Cy ;; Anglo-Contipental Cotton Co
C01623,Anglo-Egyptian Chemical Industries,anglo egyptian chemical industries,1950,1,Anglo-Egyptian Chemical Industries
C01624,Anglo-Egyptian Mining et Egyptian Plastics(Shaffermann),anglo egyptian mining egyptian plastics shaffermann,1950,1,Anglo-Egyptian Mining et Egyptian Plastics(Shaffermann)
C01625,Ass. of Egypt,ass egypt,1950,1,Ass. of Egypt
C01626,Associated Cotton Ginners of Egypt (Anglaise),associated cotton ginners egypt anglaise,1950,1,Associated Cotton Ginners of Egypt (Anglaise)
C01627,"Banco Italo Egiziano et Industrie Fibres Textiles, S.A.E",banco italo egiziano industrie fibres textiles s e,1950,1,"Banco Italo Egiziano et Industrie Fibres Textiles, S.A.E"
C01628,Banque Belge Alexandrie,banque belge alexandrie,1950,1,Banque Belge Alexandrie
C01629,Banque Belge et Egyptian Engineering Stores,banque belge egyptian engineering stores,1950,1,Banque Belge et Egyptian Engineering Stores
C01630,Banque Belge et Sté Eg. Ciment Portland Tourah,banque belge ste eg ciment portland tourah,1950,1,Banque Belge et Sté Eg. Ciment Portland Tourah
C01631,Banque Industrielle,banque industrielle,1950,1,Banque Industrielle
C01632,Banque Misr et Crédit Foncier Egyptien,banque misr credit foncier egyptien,1950,1,Banque Misr et Crédit Foncier Egyptien
C01633,"Banque Misr, Airmec., Commercial& Engineering Cy. of Egypt & Middle East Cy",banque misr airmec commercial engineering cy egypt middle east cy,1950,1,"Banque Misr, Airmec., Commercial& Engineering Cy. of Egypt & Middle East Cy"
C01634,"Banque Misr, de la Société Mi sr pour le Tissage de Coton à Kafr el Dawar",banque misr mi sr tissage coton kafr el dawar,1950,1,"Banque Misr, de la Société Mi sr pour le Tissage de Coton à Kafr el Dawar"
C01635,Banque Suarès,banque suares,1950,1,Banque Suarès
C01636,Bassili Pacha Timber Co,bassili pacha timber co,1950,1,Bassili Pacha Timber Co ;; Ba~sili Pacha Timber Co
C01637,"Bibliothèque Princesse Férial, Secretaire général de l'Oeuvre de la Princesse Férial",bibliotheque princesse ferial secretaire general oeuvre princesse ferial,1950,1,"Bibliothèque Princesse Férial, Secretaire général de l'Oeuvre de la Princesse Férial"
C01638,"Bottling Co. of Tantah, Electrical Development Co. of Egypt",bottling co tantah electrical development co egypt,1950,1,"Bottling Co. of Tantah, Electrical Development Co. of Egypt"
C01639,Bourse des Contrats,bourse contrats,1950,1,Bourse des Contrats
C01640,C. Sender & Co. Ltd,c sender co,1950,1,C. Sender & Co. Ltd
C01641,"Cairo Agricultural Co., Egyptian F1inance Co",cairo agricultural co egyptian f1inance co,1950,1,"Cairo Agricultural Co., Egyptian F1inance Co"
C01642,Cairo Motor Company,cairo motor company,1950,1,Cairo Motor Company
C01643,Carver Cotton S.A.E,carver cotton s e,1950,1,Carver Cotton Co ;; Carver Cotton S.A.E
C01644,Centrocommission Al Chark Trading Co,centrocommission al chark trading co,1950,1,Centrocommission Al Chark Trading Co
C01645,Cherif Cotton & Trading Co,cherif cotton trading co,1950,1,Cherif Cotton & Trading Co
C01646,Cie Française de Mono-Service,cie francaise mono service,1950,1,Cie Française de Mono-Service
C01647,"Cie d'Assurances Générales sur la vie, Branche d'Alexandrie. Abdel Salam el Gaya r, A dm. Rizerie Egyptienne Moderne",cie assurances generales sur vie branche alexandrie abdel salam el gaya r dm rizerie egyptienne moderne,1950,1,"Cie d'Assurances Générales sur la vie, Branche d'Alexandrie. Abdel Salam el Gaya r, A dm. Rizerie Egyptienne Moderne"
C01648,Compagnie Commerciale Cotonnière S.A.E,commerciale cotonniere s e,1950,1,Cie. Commerciale Cotonnière ;; Compagnie Commerciale Cotonnière S.A.E ;; Dél. Cie Commerciale Cotonnière
C01649,Cie. du Gaz Lebon et Cie,cie gaz lebon cie,1950,1,Cie. du Gaz Lebon et Cie
C01650,Cigarettes Nestor Gianaclis & Unitas Trading Co,cigarettes nestor gianaclis unitas trading co,1950,1,Cigarettes Nestor Gianaclis & Unitas Trading Co
C01651,"Comite de Chimie Industrielle, Université Farouk 1er",comite chimie industrielle universite farouk 1er,1950,1,"Comite de Chimie Industrielle, Université Farouk 1er"
C01652,Comite de Médecine A dm. Chemical Industries Development,comite medecine dm chemical industries development,1950,1,Comite de Médecine A dm. Chemical Industries Development
C01653,Commanditaire de la Société Mena Milks,commanditaire mena milks,1950,1,Commanditaire de la Société Mena Milks
C01654,Commerce et Moulins Al Mahmoudieh,commerce moulins al mahmoudieh,1950,1,Commerce et Moulins Al Mahmoudieh
C01655,Commercial & Engineering Co. of Egypt & Middle East,commercial engineering co egypt middle east,1950,1,Commercial & Engineering Co. of Egypt & Middle East
C01656,Commercial Bank of Egypt~ de la Sté. Industrielle du Moyen-Orient,commercial bank egypt ste industrielle moyen orient,1950,1,Commercial Bank of Egypt~ de la Sté. Industrielle du Moyen-Orient
C01657,Conseil Surveillance de The Angelil Trading Co,conseil surveillance angelil trading co,1950,1,Conseil Surveillance Angelil Trading Co ;; Conseil Surveillance de The Angelil Trading Co ;; Conseil de Surveillance Angelil Trading Co
C01658,Conseil d'Ad m. Chemical Industries Development,conseil ad m chemical industries development,1950,1,Conseil d'Ad m. Chemical Industries Development
C01659,Conseil de Surveillance « Moharrem Press »,conseil surveillance moharrem press,1950,1,Conseil de Surveillance « Moharrem Press »
C01660,Coopérative d'Héliopolis,cooperative heliopolis,1950,1,Coopérative d'Héliopolis
C01661,Crédit Agricole et Coopératif d'Egypte,credit agricole cooperatif egypte,1950,1,Crédit Agricole et Coopératif d'Egypte
C01662,"Crédit Alexandrin, Alexandria Glass & Porcelain Factor",credit alexandrin alexandria glass porcelain factor,1950,1,"Crédit Alexandrin, Alexandria Glass & Porcelain Factor"
C01663,Crédit Foncier Egyptien et Cie. Canal de Suez,credit foncier egyptien cie canal suez,1950,1,Crédit Foncier Egyptien et Cie. Canal de Suez
C01664,Crédit Foncier d'Orient «Egypte»,credit foncier orient egypte,1950,1,Crédit Foncier d'Orient ;; Crédit Foncier d'Orient «Egypte»
C01665,Crédit d'Orient (Egypte),credit orient egypte,1950,1,Crédit d'Orient ;; Crédit d'Orient (Egypte) ;; Dél. Crédit d'Orient
C01666,Crédit d'Orient S.A.E. A dm. du Anglo Belgian,credit orient s e dm anglo belgian,1950,1,Crédit d'Orient S.A.E. A dm. du Anglo Belgian
C01667,Crédit et Sté. Générale Immobilière,credit ste generale immobiliere,1950,1,Crédit et Sté. Générale Immobilière
C01668,"Crédit, S.A.E",credit s e,1950,1,"Crédit, S.A.E"
C01669,Daira Sultan Hussein,daira sultan hussein,1950,1,Daira Sultan Hussein
C01670,"Dar el Hilal, S.A.E. et Egyptian Press Co., S.A.E",dar el hilal s e egyptian press co s e,1950,1,"Dar El Hilal et Egyptian Press ;; Dar el Hilal et Egyptian Press ;; Dar el Hilal, S.A.E. et Egyptian Press Co., S.A.E"
C01671,Dar el Hilal,dar el hilal,1950,1,Dar el Hilal
C01672,Dehydration Co. of Egypt,dehydration co egypt,1950,1,Dehydration Co. of Egypt ;; Dehydration Cy. of Egypt
C01673,Delta Engineering Co. S.A.E,delta engineering co s e,1950,1,Delta Engineering Co ;; Delta Engineering Co. S.A.E ;; Delta Engineering Cy
C01674,Diverses Oeuvres Sociales,diverses oeuvres sociales,1950,1,Diverses Oeuvres Sociales
C01675,Drossos Co. Ltd,drossos co,1950,1,Drossos Co. Ltd
C01676,Dél. Alexandria Timber Trading Co,del alexandria timber trading co,1950,1,Dél. Alexandria Timber Trading Co
C01677,"Egyptian Arab Bank, S.A.E",egyptian arab bank s e,1950,1,"Dél. Egyptian Arab Bank ;; Egyptian Arab Bank, S.A.E"
C01678,Dél. Ford Motor Co. (Egypt),del ford motor co egypt,1950,1,Dél. Ford Motor Co. (Egypt)
C01679,Dél. Manufacture des Textiles Egyptiens «Matexa»,del manufacture textiles egyptiens matexa,1950,1,Dél. Manufacture des Textiles Egyptiens «Matexa» ;; Manufacture Textiles Egyptiens Matexa
C01680,Dél. Port-Said Engineering Works,del port said engineering works,1950,1,Dél. Port-Said Engineering Works
C01681,Dél. S.A. des Tramways du Caire,del s tramways caire,1950,1,Dél. S.A. des Tramways du Caire
C01682,Dél. Sté d'Entreprises Commerciales en Egypte,del ste entreprises commerciales egypte,1950,1,Dél. Sté d'Entreprises Commerciales en Egypte ;; Sté d'Entreprises Commerciales en Egypte ;; Sté. Entreprises Commerciales en Egypte
C01683,Dél. Sté. Biens de Rapports à'Egypte,del ste biens rapports egypte,1950,1,Dél. Sté. Biens de Rapports à'Egypte
C01684,Dél. United,del united,1950,1,Dél. United
C01685,Dél. United Cold Storage Cy,del united cold storage cy,1950,1,Dél. United Cold Storage Cy ;; United Cold Storage
C01686,Dél. de The Smelting Co. (Egypt) S.A.E,del smelting co egypt s e,1950,1,Dél. de The Smelting Co. (Egypt) S.A.E
C01687,Dél. de la Sté. Imm. Domaine de Siouf,del ste imm domaine siouf,1950,1,Dél. de la Sté. Imm. Domaine de Siouf ;; Sté Imm. Domaine de Siouf
C01688,Dépôts S.A.E,depots s e,1950,1,Dépôts S.A.E
C01689,EGYCO,egyco,1950,1,EGYCO
C01690,Economi que de l'Etat,economi que etat,1950,1,Economi que de l'Etat
C01691,"Egyptian Plastics & Electrical Industries, S.A.E",egyptian plastics electrical industries s e,1950,1,"Eg-yptian Plastics & Electrical Industries ;; Egyptian Plastics & Electrical In- dustries ;; Egyptian Plastics & Electrical Industries ;; Egyptian Plastics & Electrical Industries, S.A.E ;; Egyptian Plastics and Electrical Industries"
C01692,Eg. Cy. for International Trade «Ecit» et Astra & Halles Centrales d'Egypte,eg cy international trade ecit astra halles centrales egypte,1950,1,Eg. Cy. for International Trade «Ecit» et Astra & Halles Centrales d'Egypte
C01693,Eg. Delta Light Rys,eg delta light rys,1950,1,Eg. Delta Light Rys
C01694,Eg. Plastics & Electrical Industries et Sté Al Chark pour la Filature et Tissage,eg plastics electrical industries ste al chark filature tissage,1950,1,Eg. Plastics & Electrical Industries et Sté Al Chark pour la Filature et Tissage
C01695,Eg. Sisal Manufacturing Cy,eg sisal manufacturing cy,1950,1,Eg. Sisal Manufacturing Cy ;; Sisal Manufacturing Co
C01696,Eg. Works & Construction,eg works construction,1950,1,Eg. Works & Construction
C01697,"Egypt & The Sudan Trading Co., Egyptian Cotton Ginners & Exporters",egypt sudan trading co egyptian cotton ginners exporters,1950,1,"Egypt & The Sudan Trading Co., Egyptian Cotton Ginners & Exporters"
C01698,Egyptian Aircraft Engineering Company ( S.A.E.),egyptian aircraft engineering company s e,1950,1,Egyptian Aircraft Engineering Co ;; Egyptian Aircraft Engineering Company ( S.A.E.)
C01699,Egyptian Chemical & Drug Industries Ltd,egyptian chemical drug industries,1950,1,Egyptian Chemical & Drug Industries Ltd
C01700,Egyptian Cotton & Trading Cy et Sté Commerciale d'Egypte,egyptian cotton trading cy ste commerciale egypte,1950,1,Egyptian Cotton & Trading Cy et Sté Commerciale d'Egypte
C01701,Egyptian Delta Light Rys,egyptian delta light rys,1950,1,Egyptian Delta Light Rys
C01702,"Egyptian Engineering & Marine Co., Sté. Commerciale et Financière «Al Masria» S.A.E",egyptian engineering marine co ste commerciale financiere al masria s e,1950,1,"Egyptian Engineering & Marine Co., Sté. Commerciale et Financière «Al Masria» S.A.E"
C01703,Egyptian Finance et Simon Arzt Stores,egyptian finance simon arzt stores,1950,1,Egyptian Finance et Simon Arzt Stores
C01704,"Egyptian Flax & Textile Co., S.A.E. et S.A. des Immeubles de l'Est",egyptian flax textile co s e s immeubles est,1950,1,"Egyptian Flax & Textile Co., S.A.E. et S.A. des Immeubles de l'Est"
C01705,"Egyptian Flax & Textile Cy. et Eastern Export Cy."", S.A.E",egyptian flax textile cy eastern export cy s e,1950,1,"Egyptian Flax & Textile Cy. et Eastern Export Cy."", S.A.E"
C01706,"Egyptian Foreign Trade & Travel Research Organization, S.A.E. en formation",egyptian foreign trade travel research organization s e formation,1950,1,"Egyptian Foreign Trade & Travel Research Organization, S.A.E. en formation"
C01707,Egyptian Jute Co,egyptian jute co,1950,1,Egyptian Jute Co
C01708,Egyptian Mining & Prospecting Co. et Studio Al Ahram,egyptian mining prospecting co studio al ahram,1950,1,Egyptian Mining & Prospecting Co. et Studio Al Ahram
C01709,Egyptian Motor Transport Co. et Selected Textile Industries Assoc. S.A.E,egyptian motor transport co selected textile industries assoc s e,1950,1,Egyptian Motor Transport Co. et Selected Textile Industries Assoc. S.A.E
C01710,Egyptian Press Co,egyptian press co,1950,1,Egyptian Press Co
C01711,Egyptian Road Construction et Eg. Rice and Flour Mills,egyptian road construction eg rice flour mills,1950,1,Egyptian Road Construction et Eg. Rice and Flour Mills
C01712,"Egyptian Salt and Soda Cy. Ltd., de la Société Financière & Industrielle d'Egypte",egyptian salt soda cy financiere industrielle egypte,1950,1,"Egyptian Salt and Soda Cy. Ltd., de la Société Financière & Industrielle d'Egypte"
C01713,Egyptian Sisal Manufacturing Co. et « Al Gaafa- ria »,egyptian sisal manufacturing co al gaafa ria,1950,1,Egyptian Sisal Manufacturing Co. et « Al Gaafa- ria »
C01714,The Egyptian Stevedoring & Shipping Go. S.A.E,egyptian stevedoring shipping go s e,1950,1,Egyptian Stevedoring & Shipping Co ;; Egyptian Stevedoring Co. & Shipping ;; Egyptian Stevedoring and Shipping Co ;; The Egyptian Stevedoring & Shipping Go. S.A.E
C01715,El Gazai Import et Trading Co,el gazai import trading co,1950,1,El Gazai Import et Trading Co ;; El Gazai Import& Trading Co
C01716,Electrical Development Co. of Egypt,electrical development co egypt,1950,1,Electrical Development Co ;; Electrical Development Co. of Egypt ;; Electrical Development of Egypt
C01717,Escrime,escrime,1950,1,Escrime
C01718,Etab. Giacomo Cohen ca,etab giacomo cohen ca,1950,1,Etab. Giacomo Cohen ca
C01719,Etablis-,etablis,1950,1,Etablis-
C01720,Etablissements Giacomo Cohenca et Sté Eg. d'Electricité,etablissements giacomo cohenca ste eg electricite,1950,1,Etablissements Giacomo Cohenca et Sté Eg. d'Electricité
C01721,Exchange Trading Co. «Hammad » S.A.E,exchange trading co hammad s e,1950,1,Exchange Trading Co. «Hammad » S.A.E
C01722,"F'ayoum Textile Cy., Sté. des Omnibus de Fayoum",f ayoum textile cy ste omnibus fayoum,1950,1,"F'ayoum Textile Cy., Sté. des Omnibus de Fayoum"
C01723,Fabrique Islam Pacha,fabrique islam pacha,1950,1,Fabrique Islam Pacha
C01724,Fabrique du Riz de la National Starch Cy,fabrique riz national starch cy,1950,1,Fabrique du Riz de la National Starch Cy
C01725,Fayoum Light Railways et Anglo Belgian Co. of Egypt,fayoum light railways anglo belgian co egypt,1950,1,Fayoum Light Railways et Anglo Belgian Co. of Egypt
C01726,Fayoum Light Rys. Co,fayoum light rys co,1950,1,Fayoum Light Rys ;; Fayoum Light Rys. Co
C01727,Fayoum Textile et Studios «Al Ahram»,fayoum textile studios al ahram,1950,1,Fayoum Textile et Studios «Al Ahram»
C01728,Fayoum Textile' Cy et Egyptian Delta Light Rys,fayoum textile cy egyptian delta light rys,1950,1,Fayoum Textile' Cy et Egyptian Delta Light Rys
C01729,"Fiat Oriente, S.A.E. de la Société pour la vente des Produits Egyptiens, S.A.E",fiat oriente s e vente produits egyptiens s e,1950,1,"Fiat Oriente, S.A.E. de la Société pour la vente des Produits Egyptiens, S.A.E"
C01730,Filature Misr Kafr,filature misr kafr,1950,1,Filature Misr Kafr
C01731,Filature Misr de Kafr El Dawar,filature misr kafr el dawar,1950,1,Filature Misr de Kafr El Dawar
C01732,"Filature Nationale, Sté. Immobilière Masr el Guedida, Chemlar Banque Industrielle",filature nationale ste immobiliere masr el guedida chemlar banque industrielle,1950,1,"Filature Nationale, Sté. Immobilière Masr el Guedida, Chemlar Banque Industrielle"
C01733,"Financial Bureau (Egypt) Ltd., Dakahlieh Land Co",financial bureau egypt dakahlieh land co,1950,1,"Financial Bureau (Egypt) Ltd., Dakahlieh Land Co"
C01734,Fish and Produce Assoc. of Egypt,fish produce assoc egypt,1950,1,Fish and Produce Assoc ;; Fish and Produce Assoc. of Egypt
C01735,«Gerco»,gerco,1950,1,GERCO ;; Gerco ;; «Gerco»
C01736,General So~iety for,general so iety,1950,1,General So~iety for
C01737,"Gevaert Orient, S.A.E",gevaert orient s e,1950,1,"Gevaert Orient, S.A.E ;; Gevaert-Orient, S.A.E"
C01738,Gouvernement à la Cie. du Canal de Suez,gouvernement cie canal suez,1950,1,Gouvernement à la Cie. du Canal de Suez
C01739,Grands Hôtels d'Egypte et Sté Nationale de Textile Memphis,grands hotels egypte ste nationale textile memphis,1950,1,Grands Hôtels d'Egypte et Sté Nationale de Textile Memphis
C01740,"Helwan Portland Cement Cy., S.A.E",helwan portland cement cy s e,1950,1,"Helwan Portland Cement Co ;; Helwan Portland Cement Cy., S.A.E"
C01741,Honneur de la Crown Brewery,honneur crown brewery,1950,1,Honneur de la Crown Brewery
C01742,"Hôpital Férial, Trésorier de l'Union Egyptienne pour la Protection de l'Enfance",hopital ferial tresorier union egyptienne protection enfance,1950,1,"Hôpital Férial, Trésorier de l'Union Egyptienne pour la Protection de l'Enfance"
C01743,Sté Immobilière Masr el Guedida,ste immobiliere masr el guedida,1950,1,Immobilière Masr El Guédida ;; Immobilière Masr el Guedida ;; Immobilière Masr el Guédida ;; Sté Immobilière Masr el Guedida
C01744,Imperial Trading Co,imperial trading co,1950,1,Imperial Trading Co ;; Imperial Tradin~ Co
C01745,Indo-Egyptiana S.A.E,indo egyptiana s e,1950,1,Indo-Egyptiana S.A.E
C01746,Indo-Egyptiana et S.A.E. Scialli,indo egyptiana s e scialli,1950,1,Indo-Egyptiana et S.A.E. Scialli
C01747,"The Industrial & Mechanical Supplies Co., S.A.E",industrial mechanical supplies co s e,1950,1,"Industrial & Mechanical Supplies Co ;; The Industrial & Mechanical Supplies Co., S.A.E"
C01748,Industrie Huilière,industrie huiliere,1950,1,Industrie Huilière
C01749,Industrie Huilière Egyptienne,industrie huiliere egyptienne,1950,1,Industrie Huilière Egyptienne
C01750,"Industrie Huilière, Secretaire Général des Pools des Egreneurs",industrie huiliere secretaire general pools egreneurs,1950,1,"Industrie Huilière, Secretaire Général des Pools des Egreneurs"
C01751,"Industrie Meunière d'Alexandrie, Cairo Agricultural Co. et Oriental Bond Stores",industrie meuniere alexandrie cairo agricultural co oriental bond stores,1950,1,"Industrie Meunière d'Alexandrie, Cairo Agricultural Co. et Oriental Bond Stores"
C01752,Industrie Savonnière Egyptienne,industrie savonniere egyptienne,1950,1,Industrie Savonnière Egyptienne
C01753,Industrie Touristique Egyptienne,industrie touristique egyptienne,1950,1,Industrie Touristique Egyptienne
C01754,Industrie» (Shalaby Saro- fim & Co.). ',industrie shalaby saro fim co,1950,1,Industrie» (Shalaby Saro- fim & Co.). '
C01755,"Jardins & Vignobles d'Egypte, Commercial Insurance Cy. of Egypt",jardins vignobles egypte commercial insurance cy egypt,1950,1,"Jardins & Vignobles d'Egypte, Commercial Insurance Cy. of Egypt"
C01756,Journal «Al Misri» à Alexandrie,journal al misri alexandrie,1950,1,Journal «Al Misri» à Alexandrie
C01757,"Koldair, de SE DEC",koldair se dec,1950,1,"Koldair, de SE DEC"
C01758,"Lancashire Egyptian Co. Ltd., (Manchester)",lancashire egyptian co manchester,1950,1,"Lancashire Egyptian Co. Ltd., (Manchester) ;; Lancashire Egyptian Cy. Ltd. (Manchester)"
C01759,Land Agency of Egypt,land agency egypt,1950,1,Land Agency of Egypt
C01760,Législation,legislation,1950,1,Législation
C01761,MISRAIR,misrair,1950,1,MISRAIR ;; Misrair
C01762,Maison CORY BROS Co. Ltd. au Moyen-Orient,maison cory bros co moyen orient,1950,1,Maison CORY BROS Co. Ltd. au Moyen-Orient
C01763,"Maison Choremi, Benachi Cotton Co",maison choremi benachi cotton co,1950,1,"Maison Choremi, Benachi Cotton Co"
C01764,"Maison Peel & Co. Ltd., Egyptian Engineering Stores",maison peel co egyptian engineering stores,1950,1,"Maison Peel & Co. Ltd., Egyptian Engineering Stores"
C01765,"Maison d'Ameublement B. Pontremoli, S.A.E. et Maison de la Petite Reine",maison ameublement b pontremoli s e maison petite reine,1950,1,"Maison d'Ameublement B. Pontremoli, S.A.E. et Maison de la Petite Reine"
C01766,Manufacture Nation. Couverture et Lainages,manufacture nation couverture lainages,1950,1,Manufacture Nation. Couverture et Lainages
C01767,Manufactures Fortunato-Salloum,manufactures fortunato salloum,1950,1,Manufactures Fortunato-Salloum
C01768,Matexa,matexa,1950,1,Matexa
C01769,Maü,mau,1950,1,Maü
C01770,Mena Milk Products (Yassine Serag El Dîne & Co.),mena milk products yassine serag el dine co,1950,1,Mena Milk Products (Yassine Serag El Dîne & Co.)
C01771,Menzaleh Canal & Navigation et Menzaleh Canal ( Shipping),menzaleh canal navigation menzaleh canal shipping,1950,1,Menzaleh Canal & Navigation Co. et Menzaleh Shipping ;; Menzaleh Canal & Navigation et Menzaleh Canal ( Shipping)
C01772,Menzaleh Canal (Shipping),menzaleh canal shipping,1950,1,Menzaleh Canal (Shipping)
C01773,Middle East Trading & Cotton Co,middle east trading cotton co,1950,1,Middle East Trading & Cotton Co ;; Middle East Trading K Cotton Co
C01774,"Mineral Water & Wines and Spirits. S.E. Sir C.W. Spinks (Pacha),, Major General (El Ferik) K.B.E",mineral water wines spirits s e sir c w spinks pacha major general el ferik k b e,1950,1,"Mineral Water & Wines and Spirits. S.E. Sir C.W. Spinks (Pacha),, Major General (El Ferik) K.B.E"
C01775,Mineral Waters & Wines and Spirits,mineral waters wines spirits,1950,1,Mineral Waters & Wines and Spirits
C01776,Misr Engineering Works & Transport Co. et Pyramids Industrial & Trading Co,misr engineering works transport co pyramids industrial trading co,1950,1,Misr Engineering Works & Transport Co. et Pyramids Industrial & Trading Co
C01777,Misr Engineering Works and Egyptian Works and Constructions,misr engineering works egyptian works constructions,1950,1,Misr Engineering Works and Egyptian Works and Constructions
C01778,«Moharrem Press»,moharrem press,1950,1,Moharrem-Press ;; «Moharrem Press»
C01779,"Mécanique, de la Rosetta & Alexandria Rice Mill s",mecanique rosetta alexandria rice mill s,1950,1,"Mécanique, de la Rosetta & Alexandria Rice Mill s"
C01780,N ear East Commercial Co,n ear east commercial co,1950,1,N ear East Commercial Co
C01781,N ear East Cotton Export Co,n ear east cotton export co,1950,1,N ear East Cotton Export Co ;; Near East Cotton Export Co
C01782,National Bank of Egypt et Crédit Agricole et Coo,national bank egypt credit agricole coo,1950,1,National Bank of Egypt et Crédit Agricole et Coo
C01783,"National Botling Co. of Egypt, Etablissements Banco",national botling co egypt etablissements banco,1950,1,"National Botling Co. of Egypt, Etablissements Banco"
C01784,National Bottling Co. of Egypt,national bottling co egypt,1950,1,National Bottling Co. of Egypt
C01785,National Electro Medical & Chemical Cy. ( N emco),national electro medical chemical cy n emco,1950,1,National Electro Medical & Chemical Cy. ( N emco)
C01786,"National Ginning Co. of Egypt, S.A.E., de The Electricity andlee Supply Co., de la Cairo Sand Bricks Co. S.A.E., de la Fluviale S.A.E",national ginning co egypt s e electricity andlee supply co cairo sand bricks co s e fluviale s e,1950,1,"National Ginning Co. of Egypt, S.A.E., de The Electricity andlee Supply Co., de la Cairo Sand Bricks Co. S.A.E., de la Fluviale S.A.E"
C01787,"National Plastics Co., Cotton Broker, Alexandrie et Le Caire",national plastics co cotton broker alexandrie caire,1950,1,"National Plastics Co., Cotton Broker, Alexandrie et Le Caire"
C01788,"National Salt & Mining Co., de la Sahel, S.A.E",national salt mining co sahel s e,1950,1,"National Salt & Mining Co., de la Sahel, S.A.E"
C01789,Nationale-Vie de Paris,nationale vie paris,1950,1,Nationale-Vie de Paris
C01790,Near East Cleaning Co. Ltd et Grieve & Irwin Ltd. x,near east cleaning co grieve irwin x,1950,1,Near East Cleaning Co. Ltd et Grieve & Irwin Ltd. x
C01791,Near East Commercial Corporation,near east commercial corporation,1950,1,Near East Commercial Corporation
C01792,Near East Finance S.A.E .. Mattalon,near east finance s e mattalon,1950,1,Near East Finance S.A.E .. Mattalon
C01793,"Near East Finance, S.A.E. Near East Pharmaceutical & Commercial Co",near east finance s e near east pharmaceutical commercial co,1950,1,"Near East Finance, S.A.E. Near East Pharmaceutical & Commercial Co"
C01794,Nestor Gianaclis and Agricultural Cy,nestor gianaclis agricultural cy,1950,1,Nestor Gianaclis and Agricultural Cy
C01795,Nile Commercial Co,nile commercial co,1950,1,Nile Commercial Co
C01796,Nile Insurance Co,nile insurance co,1950,1,Nile Insurance Co
C01797,Nile Works Co,nile works co,1950,1,Nile Works ;; Nile Works Co
C01798,"North Africa Trading Co., S.A.E",north africa trading co s e,1950,1,"North Africa Trading Co., S.A.E"
C01799,Oeuvre Fouad 1er,oeuvre fouad 1er,1950,1,Oeuvre Fouad 1er
C01800,Oeuvre de la Princesse Fawzia,oeuvre princesse fawzia,1950,1,Oeuvre de la Princesse Fadia ;; Oeuvre de la Princesse Fawzia
C01801,Officielprès l' Alexandria Water Cy Ltd,officielpres alexandria water cy,1950,1,Officiel de The Alexandria Water Co ;; Officielprès l' Alexandria Water Cy Ltd
C01802,Orient Linen Industry Partner de la Maison S. & S. Sednaoui Ltd,orient linen industry partner maison s s sednaoui,1950,1,Orient Linen Industry Partner de la Maison S. & S. Sednaoui Ltd
C01803,S.A. Pieux Vibro,s pieux vibro,1950,1,Pieux-Vibro ;; S.A. Pieux Vibro
C01804,"Pinto Cotton Co., Industrie Fibres Textiles",pinto cotton co industrie fibres textiles,1950,1,"Pinto Cotton Co., Industrie Fibres Textiles"
C01805,Pyramids Industrial & Trading Company,pyramids industrial trading company,1950,1,Pyramids In- dustrial & Trading Co ;; Pyramids Industrial & Trading Company
C01806,"Responsable de «Hamata Mining Cy.», (W. Oettinger & Co.)",responsable hamata mining cy w oettinger co,1950,1,"Responsable de «Hamata Mining Cy.», (W. Oettinger & Co.)"
C01807,Rizerie Egyptienne Moderne et Middle East Trading & Cotton Co,rizerie egyptienne moderne middle east trading cotton co,1950,1,Rizerie Egyptienne Moderne et Middle East Trading & Cotton Co
C01808,"Rotary International, Chicago",rotary international chicago,1950,1,"Rotary International, Chicago"
C01809,S. A. E. L'Union Arabe,s e union arabe,1950,1,S. A. E. L'Union Arabe
C01810,S.A. Anc. Entreprises L. Rolin & Co,s anc entreprises rolin co,1950,1,S.A. Anc. Entreprises L. Rolin & Co
C01811,"S.A. Imm. Terrains Guizeh et Rodah, de la Sico",s imm terrains guizeh rodah sico,1950,1,"S.A. Imm. Terrains Guizeh et Rodah, de la Sico"
C01812,S.A. Immobili Ri unit i et Upper Egypt Ginning,s immobili ri unit i upper egypt ginning,1950,1,S.A. Immobili Ri unit i et Upper Egypt Ginning
C01813,S.A. des Chemins de Fer Keneh-Assouan et S.A. Chemins de Fer Basse-Egypte,s chemins fer keneh assouan s chemins fer basse egypte,1950,1,S.A. des Chemins de Fer Keneh-Assouan et S.A. Chemins de Fer Basse-Egypte
C01814,S.A. des Immeubles de l'Est et Egyptian Flax & Textile Cy,s immeubles est egyptian flax textile cy,1950,1,S.A. des Immeubles de l'Est et Egyptian Flax & Textile Cy
C01815,S.A. des Magasins E-,s magasins e,1950,1,S.A. des Magasins E-
C01816,S.A. du Béhéra et Alexandria Portland Cement Co,s behera alexandria portland cement co,1950,1,S.A. du Béhéra et Alexandria Portland Cement Co
C01817,S.A.E. Carb a,s e carb,1950,1,S.A.E. Carb a
C01818,S.A.E. «L'Epargne>>,s e epargne,1950,1,S.A.E. L'Epargne ;; S.A.E. «L'Epargne>>
C01819,S.A.E. Scialli,s e scialli,1950,1,S.A.E. Scialli
C01820,S.A.E. d'Assurances «Al Chark». Crédit Agricole et Coopératif,s e assurances al chark credit agricole cooperatif,1950,1,S.A.E. d'Assurances «Al Chark». Crédit Agricole et Coopératif
C01821,S.A.E. d'Urbanisme Hadaek El Ahram,s e urbanisme hadaek el ahram,1950,1,S.A.E. d'Urbanisme Hadaek El Ahram
C01822,S.A.E. suivantes,s e suivantes,1950,1,S.A.E. suivantes
C01823,S.A.E. «Al Ahram»,s e al ahram,1950,1,S.A.E. «Al Ahram»
C01824,S.A.E. «Marbre,s e marbre,1950,1,S.A.E. «Marbre
C01825,S.S. Genisserlis & Co,s s genisserlis co,1950,1,S.S. Genisserlis & Co
C01826,SAI DE,sai,1950,1,SAI DE
C01827,SAIDE,saide,1950,1,SAIDE
C01828,"SEDEC, et Alexandria Glass & Porcelain Factory",sedec alexandria glass porcelain factory,1950,1,"SEDEC, et Alexandria Glass & Porcelain Factory"
C01829,"Sahel, S.A.E",sahel s e,1950,1,"Sahel, S.A.E"
C01830,Secretaire Général Banque Belge,secretaire general banque belge,1950,1,Secretaire Général Banque Belge
C01831,Selected Textile Industries Assoc. S.A.E,selected textile industries assoc s e,1950,1,Selected Textile Industries ;; Selected Textile Industries Ass ;; Selected Textile Industries Assoc. S.A.E ;; Selected Textiles Industries
C01832,Smelting Co . . (Egypt). S.A.E,smelting co egypt s e,1950,1,Smelting Co ;; Smelting Co . . (Egypt). S.A.E ;; Smelting Co. (Egypt) S.A.E
C01833,Soc. Egyptienne de Constructions Modernes « Al Chams »,soc egyptienne constructions modernes al chams,1950,1,Soc. Egyptienne de Constructions Modernes « Al Chams » ;; Sté Egyptienne de Constructions Modernes «Al Chams»
C01834,Socifté de Mé-,socifte me,1950,1,Socifté de Mé-
C01835,Société,,1950,1,Société
C01836,Société Anonyme Egyptienne Financière et Immobilière (Cairo),financiere immobiliere cairo,1950,1,Société Anonyme Egyptienne Financière et Immobilière (Cairo)
C01837,"Société Anonyme des Immeubles Réunis, S.A.E",immeubles reunis s e,1950,1,"Société Anonyme des Immeubles Réunis, S.A.E"
C01838,Société Arabe de Filature,arabe filature,1950,1,Société Arabe de Filature
C01839,Société Bolanachi-Distillerie et Sté Foncière Domaine Cheikh Fadl,bolanachi distillerie ste fonciere domaine cheikh fadl,1950,1,Société Bolanachi-Distillerie et Sté Foncière Domaine Cheikh Fadl
C01840,Société Califor,califor,1950,1,Société Califor
C01841,"Société Cotonnière «Maarad», de la Société Egyptienne de la Bourse Commerciale de Minet El Bassai",cotonniere maarad bourse commerciale minet el bassai,1950,1,"Société Cotonnière «Maarad», de la Société Egyptienne de la Bourse Commerciale de Minet El Bassai"
C01842,Société Egyptienne d'Expansion Commerciale et Industrielle «Sedex» S A.E. en formation,expansion commerciale industrielle sedex s e formation,1950,1,Société Egyptienne d'Expansion Commerciale et Industrielle «Sedex» S A.E. en formation
C01843,Société Egyptienne de Divulgation,divulgation,1950,1,Société Egyptienne de Divulgation ;; Sté. Eg. Divulgation ;; Sté. Eg. de Divulgation
C01844,Société Egyptienne des Industries Electriques et Mécaniques,industries electriques mecaniques,1950,1,Société Egyptienne des Industries Electriques et Mécaniques ;; Sté Eg. des Industries Electriques et Mécaniques
C01845,Société Egyptienne pour l'industrie et le Commerce des Cotonnades«La Cotonnière» S.A.E,industrie commerce cotonnades cotonniere s e,1950,1,Société Egyptienne pour l'industrie et le Commerce des Cotonnades«La Cotonnière» S.A.E
C01846,"Société Franco-Egyptienne de Soieries, S.A.E",franco egyptienne soieries s e,1950,1,"Société Franco-Egyptienne de Soieries, S.A.E ;; Sté. Franco-Egyptienne de Soieries"
C01847,"Société Générale Immobilière. N acamuli, Georges, A dm. Sté de Placements",generale immobiliere n acamuli georges dm ste placements,1950,1,"Société Générale Immobilière. N acamuli, Georges, A dm. Sté de Placements"
C01848,Société Industrielle et Commerciale Laitière « Mandara»,industrielle commerciale laitiere mandara,1950,1,Société Industrielle et Commerciale Laitière « Mandara» ;; Sté Indust. et Commerciale Laitière Man- dara ;; Sté Industrielle et Commerciale Laitière Mandara ;; Sté. Industrielle et Commerciale Laitière Mand ara
C01849,Société Misr des Produits Pharmaceutiques,misr produits pharmaceutiques,1950,1,Société Misr des Produits Pharmaceutiques ;; Sté Misr Produits Pharmaceutiques
C01850,"Société Misr pour la Filature et le Tissage, de la Société Misr d'Assurances, de la Société Misr pour le Tissage de la Soie, de la Société Misr de Navigation Maritime",misr filature tissage misr assurances misr tissage soie misr navigation maritime,1950,1,"Société Misr pour la Filature et le Tissage, de la Société Misr d'Assurances, de la Société Misr pour le Tissage de la Soie, de la Société Misr de Navigation Maritime"
C01851,"Société Misr pour la Filature et le Tissage, de la Société Misr pour la Rayonne, de la Société Misr pour le Tissage de la",misr filature tissage misr rayonne misr tissage,1950,1,"Société Misr pour la Filature et le Tissage, de la Société Misr pour la Rayonne, de la Société Misr pour le Tissage de la"
C01852,"Société Royale d'Agriculture, de la Société Royale des Etudes Historiques, Comite National des Sports du Cercle Royal d'Escrime, du Club El-Fouroussia, des Fédérations Egyptiennes Equestres",royale agriculture royale etudes historiques comite national sports cercle royal escrime club el fouroussia federations egyptiennes equestres,1950,1,"Société Royale d'Agriculture, de la Société Royale des Etudes Historiques, Comite National des Sports du Cercle Royal d'Escrime, du Club El-Fouroussia, des Fédérations Egyptiennes Equestres"
C01853,Société The Middle East Industrial & Trading Co. (S.M. Besso & Co.),middle east industrial trading co s m besso co,1950,1,Société The Middle East Industrial & Trading Co. (S.M. Besso & Co.)
C01854,Société Union Commerçants en Textiles et Alexandria Textile Trading Co,union commercants textiles alexandria textile trading co,1950,1,Société Union Commerçants en Textiles et Alexandria Textile Trading Co
C01855,Société de Collectivité Financière,collectivite financiere,1950,1,Société de Collectivité Financière
C01856,"Société des Autobus du Nord, S.A.E. de la Société des Omnibus de Fayoum",autobus nord s e omnibus fayoum,1950,1,"Société des Autobus du Nord, S.A.E. de la Société des Omnibus de Fayoum"
C01857,Société pour la vente des Produits,vente produits,1950,1,Société pour la vente des Produits
C01858,Studios Al Ahram et Carver Cotton Co,studios al ahram carver cotton co,1950,1,Studios Al Ahram et Carver Cotton Co
C01859,Sté Agricole et Fermière FERMAG et Sté An. Agricole et Industrielle d'Egypte,ste agricole fermiere fermag ste an agricole industrielle egypte,1950,1,Sté Agricole et Fermière FERMAG et Sté An. Agricole et Industrielle d'Egypte
C01860,"Sté Agricole et Urbaine « Le Fayoum ». Elo ui, Aziz, Ingénieur Diplômé de l) Ecole Royale Polytechnique de Guizeh) Le Caire",ste agricole urbaine fayoum elo ui aziz ingenieur diplome ecole royale polytechnique guizeh caire,1950,1,"Sté Agricole et Urbaine « Le Fayoum ». Elo ui, Aziz, Ingénieur Diplômé de l) Ecole Royale Polytechnique de Guizeh) Le Caire"
C01861,Sté Al Wadi pour les métaux et les Bijoux,ste al wadi metaux bijoux,1950,1,Sté Al Wadi pour les métaux et les Bijoux
C01862,Sté An on. du Béhéra,ste an on behera,1950,1,Sté An on. du Béhéra
C01863,Sté. Arabe Filature et Tissage,ste arabe filature tissage,1950,1,Sté Arabe Filature et Tissage ;; Sté. Arabe Filature et Tissage
C01864,Sté. Autobus Routes Désert,ste autobus routes desert,1950,1,Sté Autobus Routes Désert ;; Sté. Autobus Routes Désert
C01865,"Sté Belge Electro-rail, etc",ste belge electro rail etc,1950,1,"Sté Belge Electro-rail, etc"
C01866,Sté Eg. de Fabrication et Exportation de Conserves,ste eg fabrication exportation conserves,1950,1,Sté Eg. Fabrication et Exportation Conserves ;; Sté Eg. de Fabrication et Exportation de Conserves
C01867,Sté Egyptienne Maritime ~Commerciale,ste egyptienne maritime commerciale,1950,1,Sté Egyptienne Maritime ~Commerciale
C01868,"Sté Fouad 1er d'Economie Politique, de Statistique",ste fouad 1er economie politique statistique,1950,1,"Sté Fouad 1er d'Economie Politique, de Statistique"
C01869,Sté Gle Pressage et Dépôts et Sté Cotonnière d'Egypte,ste gle pressage depots ste cotonniere egypte,1950,1,Sté Gle Pressage et Dépôts et Sté Cotonnière d'Egypte
C01870,"Sté Misr Transports & Na- vigation. Hassan Bey El N ahas, A dm. Transport & Engineering",ste misr transports na vigation hassan bey el n ahas dm transport engineering,1950,1,"Sté Misr Transports & Na- vigation. Hassan Bey El N ahas, A dm. Transport & Engineering"
C01871,Sté Métallurgie Egyptienne et S.A. du Béhéra,ste metallurgie egyptienne s behera,1950,1,Sté Métallurgie Egyptienne et S.A. du Béhéra
C01872,Sté. Nationale d'Energie Electrique,ste nationale energie electrique,1950,1,Sté Nationale d'Energie Electrique ;; Sté. Nationale d'Energie Electrique
C01873,Sté Nationale de Textile «Memphis» S.A.E,ste nationale textile memphis s e,1950,1,Sté Nationale de Textile Memphis ;; Sté Nationale de Textile «Memphis» S.A.E ;; Sté. Nationale de Textile MEMPHIS ;; Sté. Nationale de Textile Memphis ;; Sté. Nationale de Textile «Memphis»
C01874,Sté Nationale de Textile Memphis (Alexandrie),ste nationale textile memphis alexandrie,1950,1,Sté Nationale de Textile Memphis (Alexandrie)
C01875,Sté. ROLNY,ste rolny,1950,1,Sté Rolny ;; Sté. ROLNY
C01876,"Sté. des Engrais Organiques, S.A.E",ste engrais organiques s e,1950,1,"Sté des Engrais Organiques ;; Sté. des Engrais Organiques ;; Sté. des Engrais Organiques, S.A.E"
C01877,"Sté des Industries Modernes du Bâtiment, S.A.E",ste industries modernes batiment s e,1950,1,"Sté des Industries Modernes du Bâtiment ;; Sté des Industries Modernes du Bâtiment, S.A.E"
C01878,"Sté, «SOTRAC»",ste sotrac,1950,1,"Sté, «SOTRAC»"
C01879,Sté. Al Chark Filature,ste al chark filature,1950,1,Sté. Al Chark Filature
C01880,Sté. Anonyme « Egyptian Flax & Textile Cy. »,ste anonyme egyptian flax textile cy,1950,1,Sté. Anonyme « Egyptian Flax & Textile Cy. »
C01881,Sté. Autqbus Routes du Désert et Sté. des Omnibus de Fayoum,ste autqbus routes desert ste omnibus fayoum,1950,1,Sté. Autqbus Routes du Désert et Sté. des Omnibus de Fayoum
C01882,Sté. Bibaoui pour le Commerce des Cotons,ste bibaoui commerce cotons,1950,1,Sté. Bibaoui pour le Commerce des Cotons
C01883,"Sté. Bolanachi, de la Sté Commerciale et Financière «Al Masria»",ste bolanachi ste commerciale financiere al masria,1950,1,"Sté. Bolanachi, de la Sté Commerciale et Financière «Al Masria»"
C01884,Sté. Commerciale et Financière «Al Masria)),ste commerciale financiere al masria,1950,1,Sté. Commerciale et Financière «Al Masria)) ;; Sté. Commerciale et Financière «Al Masria»
C01885,Sté. Eg. Maritime Commerciale,ste eg maritime commerciale,1950,1,Sté. Eg. Maritime Commerciale
C01886,Sté. Eg. Minoterie et Silos et Sté. Crédit Alexandrin,ste eg minoterie silos ste credit alexandrin,1950,1,Sté. Eg. Minoterie et Silos et Sté. Crédit Alexandrin
C01887,Sté. Eg. d'Engrais,ste eg engrais,1950,1,Sté. Eg. d'Engrais
C01888,Sté. Eg. de Fabrication et Exportation des Conserves. Licencié en droit en 1809. Nichan El Nil 5e. Classe,ste eg fabrication exportation conserves licencie droit 1809 nichan el nil 5e classe,1950,1,Sté. Eg. de Fabrication et Exportation des Conserves. Licencié en droit en 1809. Nichan El Nil 5e. Classe
C01889,Sté. Egyptienne Financière pour le Commerce,ste egyptienne financiere commerce,1950,1,Sté. Egyptienne Financière pour le Commerce
C01890,Sté. Egyptienne d'Electricité et Sté. Ass. «Al Chark»,ste egyptienne electricite ste ass al chark,1950,1,Sté. Egyptienne d'Electricité et Sté. Ass. «Al Chark»
C01891,Sté. Egyptienne de Divulgation,ste egyptienne divulgation,1950,1,Sté. Egyptienne de Divulgation
C01892,Sté. Egyptienne des Bois et Matériaux (SEBEM) et Sté pour l'Industrie,ste egyptienne bois materiaux sebem ste industrie,1950,1,Sté. Egyptienne des Bois et Matériaux (SEBEM) et Sté pour l'Industrie
C01893,Sté. Gle. Travaux Publics Bâtiments et Industries Connexes (SOTRAC),ste gle travaux publics batiments industries connexes sotrac,1950,1,Sté. Gle. Travaux Publics Bâtiments et Industries Connexes (SOTRAC)
C01894,Sté. Gle. de Placement Financier et Industriel,ste gle placement financier industriel,1950,1,Sté. Gle. de Placement Financier et Industriel
C01895,Sté. Générale de,ste generale,1950,1,Sté. Générale de
C01896,Sté. Générale de Travaux,ste generale travaux,1950,1,Sté. Générale de Travaux
C01897,Sté. Indul' trielle et Commerciale de Matériaux de Constructions «AL NISR»,ste indul trielle commerciale materiaux constructions al nisr,1950,1,Sté. Indul' trielle et Commerciale de Matériaux de Constructions «AL NISR»
C01898,"Sté. Misr Filature et Tissage Fin en Coton Egyptien de Kafr el Dawar, de la Beida Dyers",ste misr filature tissage fin coton egyptien kafr el dawar beida dyers,1950,1,"Sté. Misr Filature et Tissage Fin en Coton Egyptien de Kafr el Dawar, de la Beida Dyers"
C01899,Sté. Nationale de Transport et Tourisme Karnak,ste nationale transport tourisme karnak,1950,1,Sté. Nationale de Transport et Tourisme Karnak
C01900,Sté. SELAR,ste selar,1950,1,Sté. SELAR
C01901,Sté. d'Alexandrie pour le Commerce en Bois,ste alexandrie commerce bois,1950,1,Sté. d'Alexandrie pour le Commerce en Bois
C01902,"Sté. des Autobus du Nord, S.A.E. et Egyptian Road Transport Co. S.A.E",ste autobus nord s e egyptian road transport co s e,1950,1,"Sté. des Autobus du Nord, S.A.E. et Egyptian Road Transport Co. S.A.E"
C01903,"Sté. des Industries du Bâtiment, S.A.E",ste industries batiment s e,1950,1,"Sté. des Industries du Bâtiment ;; Sté. des Industries du Bâtiment, S.A.E"
C01904,Sté. des Salines de Port Said,ste salines port said,1950,1,Sté. des Salines de Port Said
C01905,Sté. «Al Chams» S.A.E,ste al chams s e,1950,1,Sté. «Al Chams» S.A.E ;; Sté«Al Chams» S.A.E
C01906,Sté. «L. Pathy & Co.». u,ste pathy co u,1950,1,Sté. «L. Pathy & Co.». u
C01907,Sté. «SEDEX» S.A.E,ste sedex s e,1950,1,Sté. «SEDEX» S.A.E ;; «SE DEX» S.A.E ;; «SEDEX» S.A.E
C01908,"Su,?pléant de Kafr el Zayat Cotton Co",su pleant kafr el zayat cotton co,1950,1,"Su,?pléant de Kafr el Zayat Cotton Co"
C01909,The Sudan Soap Factory Ltd,sudan soap factory,1950,1,Sud an Soap F'actory Ltd ;; The Sudan Soap Factory Ltd
C01910,Surveillance de la Manufacture Nationale de Couvertures et Lainages (A. Saltiel & Co.),surveillance manufacture nationale couvertures lainages saltiel co,1950,1,Surveillance de la Manufacture Nationale de Couvertures et Lainages (A. Saltiel & Co.)
C01911,Surveillance de la Société d'Assurances sur la vie «La,surveillance assurances sur vie,1950,1,Surveillance de la Société d'Assurances sur la vie «La
C01912,Surveillance« Moharrem Press »,surveillance moharrem press,1950,1,Surveillance« Moharrem Press »
C01913,Syndicale des Entrepreneurs,syndicale entrepreneurs,1950,1,Syndicale des Entrepreneurs
C01914,Tarification du Tourisme Egyptien,tarification tourisme egyptien,1950,1,Tarification du Tourisme Egyptien
C01915,Technique de la Sté. Agricole et Fermière «Fermag»,technique ste agricole fermiere fermag,1950,1,Technique de la Sté. Agricole et Fermière «Fermag»
C01916,Textile Machinery Plat t Eros,textile machinery plat t eros,1950,1,Textile Machinery Plat t Eros ;; Textile Machinery Platt Bros
C01917,Textile Machinery Platt Bros. (Orient),textile machinery platt bros orient,1950,1,Textile Machinery Platt Bros. (Orient)
C01918,The,,1950,1,The
C01919,The African Enterprise& Development Cy et Egyptian Hotels Ltd,african enterprise development cy egyptian hotels,1950,1,The African Enterprise& Development Cy et Egyptian Hotels Ltd
C01920,"The Alexandria & Ramleh Buildings Co., Secretaire de Sociétés Industrielles",alexandria ramleh buildings co secretaire societes industrielles,1950,1,"The Alexandria & Ramleh Buildings Co., Secretaire de Sociétés Industrielles"
C01921,"The Alexandria Cotton Trading Co., de la Land Bank of Egypt",alexandria cotton trading co land bank egypt,1950,1,"The Alexandria Cotton Trading Co., de la Land Bank of Egypt"
C01922,The Alexandria Dehydration & Commercial Cy (S.A.E. en formation) Sté Eg. Minoterie et Silos,alexandria dehydration commercial cy s e formation ste eg minoterie silos,1950,1,The Alexandria Dehydration & Commercial Cy (S.A.E. en formation) Sté Eg. Minoterie et Silos
C01923,"The Alexandria Racing Club, S.A. Wadi Kom Ombo",alexandria racing club s wadi kom ombo,1950,1,"The Alexandria Racing Club, S.A. Wadi Kom Ombo"
C01924,"The Amalgamated lee Fac- tories and Cold Stores, S.A.E. et Simon Arzt Stores",amalgamated lee fac tories cold stores s e simon arzt stores,1950,1,"The Amalgamated lee Fac- tories and Cold Stores, S.A.E. et Simon Arzt Stores"
C01925,The Angelil Trading Co,angelil trading co,1950,1,The Angelil Trading Co
C01926,"The Bassili Pacha Timber Cy., de la Sté Orientale Cinéma",bassili pacha timber cy ste orientale cinema,1950,1,"The Bassili Pacha Timber Cy., de la Sté Orientale Cinéma"
C01927,"The Cotton Spinning, Weaving & Dyeing«Karnak»",cotton spinning weaving dyeing karnak,1950,1,"The Cotton Spinning, Weaving & Dyeing«Karnak»"
C01928,"The Egyptian Land and Buildings Co., S.A.E. et Sté. Biens de Rapport d'Egypte",egyptian land buildings co s e ste biens rapport egypte,1950,1,"The Egyptian Land and Buildings Co., S.A.E. et Sté. Biens de Rapport d'Egypte"
C01929,The Egyptian Petroleum Storage Co. et The Albert Mussa Agency & Stevedoring Co. S.A.E,egyptian petroleum storage co albert mussa agency stevedoring co s e,1950,1,The Egyptian Petroleum Storage Co. et The Albert Mussa Agency & Stevedoring Co. S.A.E
C01930,The Egypttian Aerated Water Co. Ltd. et Menzaleh Canal & Navigation Cy,egypttian aerated water co menzaleh canal navigation cy,1950,1,The Egypttian Aerated Water Co. Ltd. et Menzaleh Canal & Navigation Cy
C01931,The Misr Concrete Development Co. et Sté. Misr Produits Pharmaceutiques S.A.E,misr concrete development co ste misr produits pharmaceutiques s e,1950,1,The Misr Concrete Development Co. et Sté. Misr Produits Pharmaceutiques S.A.E
C01932,The Near East Pharmaceu- tical & Commercial Co. et Sté Eg. Financière pour le Commerce,near east pharmaceu tical commercial co ste eg financiere commerce,1950,1,The Near East Pharmaceu- tical & Commercial Co. et Sté Eg. Financière pour le Commerce
C01933,"The Nile Ginning Co. S.A.E. Wittert Van Hoogland Jonkheer O.A.E.E.L., Chevalier de l)Ordre Sou-",nile ginning co s e wittert van hoogland jonkheer o e e chevalier ordre sou,1950,1,"The Nile Ginning Co. S.A.E. Wittert Van Hoogland Jonkheer O.A.E.E.L., Chevalier de l)Ordre Sou-"
C01934,The North East Africa Trading Cy. S.A.E. et National Starch Cy,north east africa trading cy s e national starch cy,1950,1,The North East Africa Trading Cy S.A.E. et National Starch Cy ;; The North East Africa Trading Cy. S.A.E. et National Starch Cy
C01935,"The Standard Oil Company of Egypt S.A., Carrier-Egypt S.A.E",standard oil company egypt s carrier egypt s e,1950,1,"The Standard Oil Company of Egypt S.A., Carrier-Egypt S.A.E"
C01936,The Sud an Oil Mills Ltd,sud an oil mills,1950,1,The Sud an Oil Mills Ltd
C01937,Tissage,tissage,1950,1,Tissage
C01938,Trading Corp. of Egypt,trading corp egypt,1950,1,Trading Corp. of Egypt
C01939,"Tuyaux, Poteaux. 'Miel i, Marcello, Ad m. Salonica Cigarettes Cy",tuyaux poteaux miel i marcello ad m salonica cigarettes cy,1950,1,"Tuyaux, Poteaux. 'Miel i, Marcello, Ad m. Salonica Cigarettes Cy"
C01940,Union Cotton Co. of Alexandria et Banque Mosseri,union cotton co alexandria banque mosseri,1950,1,Union Cotton Co. of Alexandria et Banque Mosseri
C01941,Union Vie de Paris,union vie paris,1950,1,Union Vie de Paris
C01942,Union des Hôteliers d'Egypte,union hoteliers egypte,1950,1,Union des Hôteliers d'Egypte
C01943,United Nile Engineering Co. S.A.E,united nile engineering co s e,1950,1,United Nile Engineering Co. S.A.E
C01944,Universal Modern Office Equipment Co. (L. Soussi & Co.),universal modern office equipment co soussi co,1950,1,Universal Modern Office Equipment Co. (L. Soussi & Co.)
C01945,Universal Motor Company,universal motor company,1950,1,Universal Motor Company
C01946,Upper Egypt Ginning et Gharbieh Ginning Co,upper egypt ginning gharbieh ginning co,1950,1,Upper Egypt Ginning et Gharbieh Ginning Co
C01947,"Upper Egypt Mining Cy., et Cairo Land & Financial Co",upper egypt mining cy cairo land financial co,1950,1,"Upper Egypt Mining Cy., et Cairo Land & Financial Co"
C01948,Usines Le- bon et Cie. en Egypte. ·,usines bon cie egypte,1950,1,Usines Le- bon et Cie. en Egypte. ·
C01949,V. Toriel & Co. et V. E. Toriel. (lm.-Exp.),v toriel co v e toriel lm exp,1950,1,V. Toriel & Co. et V. E. Toriel. (lm.-Exp.)
C01950,« Wattcoe »,wattcoe,1950,1,WATTCOE ;; Wattcoe ;; « Wattcoe »
C01951,Warehouses of Egy.pt,warehouses egy pt,1950,1,Warehouses of Egy.pt
C01952,Warehouses of Egypt,warehouses egypt,1950,1,Warehouses of Egypt
C01953,Zeitoun Canning & Fc,zeitoun canning fc,1950,1,Zeitoun Canning & Fc ;; Zeitoun Canning Co
C01954,"au Ministère des Finances, Ancien Alternate Governor for International Bank for Reconstruction and Development",ministere finances ancien alternate governor international bank reconstruction development,1950,1,"au Ministère des Finances, Ancien Alternate Governor for International Bank for Reconstruction and Development"
C01955,autres Sociétés. r,autres societes r,1950,1,autres Sociétés. r
C01956,dans la Sté. d'Entreprises Ahmed Abboud & Co,dans ste entreprises ahmed abboud co,1950,1,dans la Sté. d'Entreprises Ahmed Abboud & Co
C01957,du· Conseil d'Administration de la S.A. des,conseil administration s,1950,1,du· Conseil d'Administration de la S.A. des
C01958,en nom de la Maison Greens Commercial Agen ci es ( J. Green & Co.),nom maison greens commercial agen ci es j green co,1950,1,en nom de la Maison Greens Commercial Agen ci es ( J. Green & Co.)
C01959,"et A dm. Dél. Sté Orientale du Cinéma, S.A.E",dm del ste orientale cinema s e,1950,1,"et A dm. Dél. Sté Orientale du Cinéma, S.A.E"
C01960,et Secretaire Sinai Mining Co,secretaire sinai mining co,1950,1,et Secretaire Sinai Mining Co
C01961,et Secretaire du Conseil d'Administration de la Near East Cotton Export Co,secretaire conseil administration near east cotton export co,1950,1,et Secretaire du Conseil d'Administration de la Near East Cotton Export Co
C01962,et Trésorier de l'Union des Coopératives de la Ville du Caire,tresorier union cooperatives ville caire,1950,1,et Trésorier de l'Union des Coopératives de la Ville du Caire
C01963,et Wakfs,wakfs,1950,1,et Wakfs
C01964,fOffice des Territoires Occupés ou Contrôlés)· Grand Officier de la Couronne de Belgique,foffice territoires occupes ou controles grand officier couronne belgique,1950,1,fOffice des Territoires Occupés ou Contrôlés)· Grand Officier de la Couronne de Belgique
C01965,lateur de la Société Egyptienne d'Entreprises Urbaines et Rurales,lateur entreprises urbaines rurales,1950,1,lateur de la Société Egyptienne d'Entreprises Urbaines et Rurales
C01966,l} Hôpital Fouad 1er,hopital fouad 1er,1950,1,l} Hôpital Fouad 1er
C01967,pour Alexandrie de la Commercial Insurance Cy. of Egypt,alexandrie commercial insurance cy egypt,1950,1,pour Alexandrie de la Commercial Insurance Cy. of Egypt
C01968,s et Couleurs»,s couleurs,1950,1,s et Couleurs»
C01969,ses Sociétés belges et étrangères,ses societes belges etrangeres,1950,1,ses Sociétés belges et étrangères
C01970,solidairement responsable de la <<Société Générale Egyptienne pour le Commerce,solidairement responsable generale egyptienne commerce,1950,1,solidairement responsable de la <<Société Générale Egyptienne pour le Commerce
C01971,surveillance du Coca-Cola (Alex.),surveillance coca cola alex,1950,1,surveillance du Coca-Cola (Alex.)
C01972,« EFTRO »,eftro,1950,1,« EFTRO » ;; «EFTRO»
C01973,« Société d'Industriels Hollandais »,industriels hollandais,1950,1,« Société d'Industriels Hollandais »
C01974,«.Koldair» Refrigeration & Air Conditioning Co. of Egypt,koldair refrigeration air conditioning co egypt,1950,1,«.Koldair» Refrigeration & Air Conditioning Co. of Egypt
C01975,«AIRMEC» et Commercial & Engineering Cy. of Egypt and Middle East Co,airmec commercial engineering cy egypt middle east co,1950,1,«AIRMEC» et Commercial & Engineering Cy. of Egypt and Middle East Co ;; «Airmec» et Commercial & Engineering Co. of Egypt & Middl~ East
C01976,«Al Mansur Construction Co. Ltd. Bagdad»,al mansur construction co bagdad,1950,1,«Al Mansur Construction Co. Ltd. Bagdad»
C01977,«Chaussures,chaussures,1950,1,«Chaussures
C01978,"«Delta» Stà Agricola Edile Egiziana, S.A.E",delta sta agricola edile egiziana s e,1950,1,"«Delta» Stà Agricola Edile Egiziana, S.A.E"
C01979,"«Fermag», Sté d'Alimentation Générale",fermag ste alimentation generale,1950,1,"«Fermag», Sté d'Alimentation Générale"
C01980,"«Karnak», Cotton",karnak cotton,1950,1,"«Karnak», Cotton"
C01981,«L'Informateur des Actions»,informateur actions,1950,1,«L'Informateur des Actions»
C01982,"«La Nationale» Crédit et Réassurances, Paris",nationale credit reassurances paris,1950,1,"«La Nationale» Crédit et Réassurances, Paris"
C01983,«SEDEC»,sedec,1950,1,«SEDEC»
C01984,«Sibur» et Clothing & Equipment Co,sibur clothing equipment co,1950,1,«Sibur» et Clothing & Equipment Co
C01985,«Sté. Borsali pour le Commerce,ste borsali commerce,1950,1,«Sté. Borsali pour le Commerce
