company_id,year,printed_name,name_key
C00001,1932,A lexandria Insurance,lexandria insurance
C00002,1932,Agricultural Bank of Egypt,agricultural bank egypt
C00003,1932,Al Chark (L'Orient) Société Anonyme Egyptienne d'Assurances sur la Vie,al chark orient assurances sur vie
C00003,1932,"Al Chark 1(L'Orient), Société Anonyme Egyptienne d'Assurances sur la Vie",al chark orient assurances sur vie
C00003,1932,Al Chark(L'Orient) Société Anonyme Egyptienne d'Assurances sur la Vie,al chark orient assurances sur vie
C00004,1932,Alex andr-ia Insurance,alex andr ia insurance
C00005,1932,Alexandria & Ramleh RaihYay Cy Ltd,alexandria ramleh raihyay cy
C00006,1932,Alexandria & Ramleh Rail ways Co,alexandria ramleh rail ways co
C00007,1932,Alexandria & Ramleh Railways Cy. Ltd,alexandria ramleh railways cy
C00008,1932,Alexandria Commercial Co,alexandria commercial co
C00009,1932,Alexandria Commercial Cy,alexandria commercial cy
C00010,1932,Alexandria Insurance Co,alexandria insurance co
C00010,1932,Alexandria Insurance Co. (S.A.E.),alexandria insurance co
C00010,1932,Alexandria Insurance Cy,alexandria insurance co
C00011,1932,"Alexandria Navigation Cy., S. A. E",alexandria navigation cy s e
C00012,1932,Alexandria Pressing,alexandria pressing
C00013,1932,Alexandria Water,alexandria water
C00014,1932,Alexandria Water Company,alexandria water company
C00015,1932,Alexandria Water Cy,alexandria water cy
C00007,1932,Alexandria& Ramleh Railways Co. Ltd,alexandria ramleh railways cy
C00016,1932,Alexandrie & Ramleh Rail ways Cy. Ltd,alexandrie ramleh rail ways cy
C00017,1932,Alexandrin Exchange Co,alexandrin exchange co
C00018,1932,Alliance Française,alliance francaise
C00019,1932,Anglo Belgian Co of Egypt et,anglo belgian co egypt
C00020,1932,Anglo-American Nile & Tourist Cy,anglo american nile tourist cy
C00021,1932,Anglo-American Nile et Tou rist Co,anglo american nile tou rist co
C00019,1932,Anglo-Belgian Co of Egypt Ltd,anglo belgian co egypt
C00019,1932,Anglo-Belgian Co. of Egypt,anglo belgian co egypt
C00022,1932,Anglo-Egyptian Land Allotment,anglo egyptian land allotment
C00023,1932,"Associated Cotton Gin ners of Egypt, Ltd",associated cotton gin ners egypt
C00024,1932,Banco Ilalo-Egiziano,banco ilalo egiziano
C00025,1932,Banco Ilalo-Egiziano ct de The Electric Light & Power Supply,banco ilalo egiziano ct electric light power supply
C00024,1932,Banco Italo-Egiziano,banco ilalo egiziano
C00026,1932,Banque Belge et In ternationale en Egypte,banque belge in ternationale egypte
C00026,1932,Banque Belge et Internationale en Egypte,banque belge in ternationale egypte
C00027,1932,Banque Hypothécaire,banque hypothecaire
C00028,1932,Banque Misr,banque misr
C00029,1932,"Banque Misr ct de toutes les institutions financières, commerciales et Industrielles, fondées par la Banque Misr, en Egypte et à l'Etranger",banque misr ct toutes institutions financieres commerciales industrielles fondees par banque misr egypte etranger
C00030,1932,Banque d'Athènes à Alexandrie,banque athenes alexandrie
C00031,1932,Banque de Crédit Agricole,banque credit agricole
C00032,1932,Banque de Crédit Agricole d'Egyple,banque credit agricole egyple
C00032,1932,Banque de Crédit Agricole d'Egypte,banque credit agricole egyple
C00033,1932,BanqueMosseri et Co,banquemosseri co
C00034,1932,Building Lands,building lands
C00035,1932,Cairo Sand Bricks,cairo sand bricks
C00036,1932,Cairo Sand Bricks Co,cairo sand bricks co
C00037,1932,Cairo Suburban Buildings Lands Co,cairo suburban buildings lands co
C00038,1932,Cairo-Heliopolis,cairo heliopolis
C00039,1932,Car ver Br os & Co Ltd,car ver br os co
C00040,1932,Cassa di Sconto et di Risparmio,cassa di sconto di risparmio
C00040,1932,Cassa di Scontoe di Risparmio,cassa di sconto di risparmio
C00041,1932,Cass·t di Sconto e di. Risparmio,cass t di sconto e di risparmio
C00042,1932,Chemins de Fer Keneh-Assouan,chemins fer keneh assouan
C00043,1932,Chemins de Fer de la S. A. de W a di Kom Ombo,chemins fer s w di kom ombo
C00044,1932,Cie d'Assurances << Al Chark )),cie assurances al chark
C00045,1932,Clothing & Equipment Company S. A,clothing equipment company s
C00046,1932,Comité de Londres de The Mortgage Co. Ltd,comite londres mortgage co
C00047,1932,Commercial Bank of Egypt,commercial bank egypt
C00048,1932,Communauté Hellénique d'Alexandrie,communaute hellenique alexandrie
C00049,1932,Communauté Israélite d'Alexandrie,communaute israelite alexandrie
C00050,1932,Compagnie Frigorifique d'Egypte,frigorifique egypte
C00051,1932,Compagnie d'Assurances «Al Charkl). w,assurances al charkl w
C00052,1932,Compagnie des Eaux du Caire,eaux caire
C00053,1932,Constructions Modernes,constructions modernes
C00054,1932,Consultatif des Réassurances et Assurances directes au Ministère du Travail,consultatif reassurances assurances directes ministere travail
C00055,1932,Cro\Yn Brewery,cro yn brewery
C00056,1932,Crown Brewery,crown brewery
C00057,1932,Crown Egypt Co,crown egypt co
C00058,1932,Crownegypt Cu,crownegypt cu
C00059,1932,Crédit Agricole d'Egypte,credit agricole egypte
C00060,1932,Crédit Foncier Egyptien,credit foncier egyptien
C00061,1932,Crédit Foncier Egyptien. Ismalum René. Chevalier de la Légion d'Honneur,credit foncier egyptien ismalum rene chevalier legion honneur
C00062,1932,Crédit Immobilier Suisse-Egyptien. v,credit immobilier suisse egyptien v
C00063,1932,Dakahlieh Land Cy,dakahlieh land cy
C00064,1932,Delta Trading Co,delta trading co
C00065,1932,Easlern Export Cy. S. A,easlern export cy s
C00066,1932,Eastern Export Cy,eastern export cy
C00066,1932,"Eastern Export Cy., S. A",eastern export cy
C00052,1932,Eaux du Caire,eaux caire
C00067,1932,Ecole Française de Droit du Caire,ecole francaise droit caire
C00068,1932,Egyptian Consolidated Land Ltd,egyptian consolidated land
C00069,1932,Egyptian Delta Land & Investment,egyptian delta land investment
C00069,1932,Egyptian Delta Land & Investment Cy,egyptian delta land investment
C00070,1932,Egyptian Joint Cotton Committee,egyptian joint cotton committee
C00071,1932,Egyptian Markets,egyptian markets
C00072,1932,Egyptian Motor Transport Co,egyptian motor transport co
C00073,1932,Egyptian Salt & Soda,egyptian salt soda
C00074,1932,Electricity & lee Supply Co,electricity lee supply co
C00075,1932,Entrepôts,entrepots
C00076,1932,Filature Nationale d'Egypte,filature nationale egypte
C00077,1932,Fédération Egyptienne des Industries en E~gypte,federation egyptienne industries e gypte
C00078,1932,Fédération des Industries en Egypte,federation industries egypte
C00079,1932,Gabbari Land,gabbari land
C00080,1932,Gabbary Land,gabbary land
C00081,1932,Gharbieh Land Co,gharbieh land co
C00081,1932,Gharbieh Land Cy,gharbieh land co
C00082,1932,Grands-Hôtels d'Egyple,grands hotels egyple
C00083,1932,Gérance Immobilière,gerance immobiliere
C00084,1932,Gérance Immobilière ct de la Yiodern Buildings,gerance immobiliere ct yiodern buildings
C00085,1932,Industrie,industrie
C00086,1932,"J os y Film, S. A. E",j os y film s e
C00087,1932,Ka fr El Zayat Cotton Company,ka fr el zayat cotton company
C00088,1932,Kafr El Zay at Cotton Cy,kafr el zay at cotton cy
C00089,1932,Koubbeh Gardens,koubbeh gardens
C00090,1932,Land Bank,land bank
C00091,1932,Land Bank of Egypt,land bank egypt
C00092,1932,Menzaleh Canal Navigation,menzaleh canal navigation
C00093,1932,Mortgage Cy,mortgage cy
C00094,1932,Mécanique,mecanique
C00095,1932,"National Bank of Egypl, The Agr.icultural Bank of Egypt el elu Crédil Foncier Egyptien",national bank egypl agr icultural bank egypt el elu credil foncier egyptien
C00096,1932,"National Bank of Egypt, The Agricultural Bank of Egypt",national bank egypt agricultural bank egypt
C00097,1932,National Bank of Egypt. s,national bank egypt s
C00098,1932,National Insurance Co,national insurance co
C00099,1932,National Insurance Co. or Egypt,national insurance co or egypt
C00100,1932,National Insurance Company of Egypt,national insurance company egypt
C00098,1932,National Insurance Cy,national insurance co
C00099,1932,National Insurance Cy of Egypt,national insurance co or egypt
C00101,1932,National Petroleum Cy,national petroleum cy
C00102,1932,Nationnl Bank of Egypt,nationnl bank egypt
C00103,1932,New Egyptian Co,new egyptian co
C00104,1932,New Egyptian Co et S. A. des Bières Bomonti et Pyramides,new egyptian co s bieres bomonti pyramides
C00103,1932,New Egyptian Cy,new egyptian co
C00103,1932,New-Egyptian Cy,new egyptian co
C00105,1932,Omnibus du Caire,omnibus caire
C00106,1932,Palestine Hotels Co. Ltd,palestine hotels co
C00107,1932,Postes Egyptiennes,postes egyptiennes
C00108,1932,"Pressage du Coton. S.E. Sir Ismail Sirry Pacha K.C.M.G., Anci('n",pressage coton s e sir ismail sirry pacha k c m g anci n
C00109,1932,Presses Libres Egypliennes,presses libres egypliennes
C00110,1932,Raffinerie d'Egypte,raffinerie egypte
C00111,1932,Rosetta & Alex andria Riec MiJJs,rosetta alex andria riec mijjs
C00112,1932,Réunion des Compagnies d'Assurances sur la Vie,reunion compagnies assurances sur vie
C00113,1932,S. A. Agricole et Industrielle d'Egypte,s agricole industrielle egypte
C00114,1932,"S. A. Ciment Portland, Tourab",s ciment portland tourab
C00115,1932,S. A. E. Fiat Oriente,s e fiat oriente
C00116,1932,S. A. Immobilière du Domaine de Siouf,s immobiliere domaine siouf
C00117,1932,S. A. Les Grands Hôtelscl'Egyptc,s grands hotelscl egyptc
C00118,1932,S. A. Wadi Kom Ombo,s wadi kom ombo
C00119,1932,S. A. de Nettoyage,s nettoyage
C00120,1932,S. A. de Pressage et Dépôts,s pressage depots
C00121,1932,S. A. des Chemins de Fer Keneh-Assouan,s chemins fer keneh assouan
C00122,1932,S. A. des Entreprises Urbaines et Rurales,s entreprises urbaines rurales
C00123,1932,S. A. des Immeubles de l'Est,s immeubles est
C00124,1932,S. A. des Presses Libres Egyptiennes,s presses libres egyptiennes
C00125,1932,S. A. du Béhéra,s behera
C00126,1932,S. A. du Nettoyage et Pressage du Coton,s nettoyage pressage coton
C00118,1932,S. A. du Wadi Kom Ombo,s wadi kom ombo
C00127,1932,S.A.I. des Terrains Ghizeh et Rodah,s i terrains ghizeh rodah
C00128,1932,Salonica Cigarette Co,salonica cigarette co
C00129,1932,Sidi Salem Co,sidi salem co
C00130,1932,Société <( Maarad l>,maarad
C00131,1932,Société Anonyme Agrico1e et Industrielle d'Egypte,agrico1e industrielle egypte
C00132,1932,Société Anonyme Agricole et Industrielle d'Egyptc,agricole industrielle egyptc
C00133,1932,Société Anonyme Immobilière d'Alexandrie,immobiliere alexandrie
C00134,1932,Société Anonyme Immobilière du Domaine de Siouf,immobiliere domaine siouf
C00135,1932,Société Anonyme d.es Eaux du Caire,es eaux caire
C00136,1932,Société Anonyme de Nettoyage et Pressage du Coton,nettoyage pressage coton
C00137,1932,Société Anonyme de Wadi Kom Ombo,wadi kom ombo
C00138,1932,Société Anonyme des Anciennes Entreprises L. Rolin et Co,anciennes entreprises rolin co
C00139,1932,Société Anonyme des Chemins de Fer de la Basse Egypte,chemins fer basse egypte
C00139,1932,Société Anonyme des Chemins de Fer de la Basse-Egypte,chemins fer basse egypte
C00140,1932,Société Anonyme des Ciments d'Egypte,ciments egypte
C00052,1932,Société Anonyme des Eaux du Caire,eaux caire
C00141,1932,Société Anonyme des Immeubles d'Egyptc,immeubles egyptc
C00141,1932,Société Anonyme des Immeubles d'Egypte,immeubles egyptc
C00142,1932,Société Anonyme des Immeubles de l'Est,immeubles est
C00143,1932,Société Anonyme des Tramways d'Alexandrie,tramways alexandrie
C00144,1932,Société Anonyme des Tramways du Caire,tramways caire
C00145,1932,Société Anonyme des Trann\ ays du Caire,trann ays caire
C00146,1932,Société Anonyme du Béhéra,behera
C00147,1932,Société Anonyme du Chemin de Fer Ken eh-Assouan,chemin fer ken eh assouan
C00148,1932,Société Belge-Egyptienne de l'Ezbékieh,belge egyptienne ezbekieh
C00149,1932,Société Belgo-Egyplienne de l'Ezbékieh,belgo egyplienne ezbekieh
C00149,1932,Société Belgo-Egyptienne de l'Ezbékieh,belgo egyplienne ezbekieh
C00150,1932,Société Cotonnière Maarad,cotonniere maarad
C00150,1932,Société Cotonnière « Maarad )),cotonniere maarad
C00151,1932,Société Delta (Società Edile Egiziana),delta societa edile egiziana
C00152,1932,Société Egyptienne d'Egrenage,egrenage
C00153,1932,Société Egyptienne d'Entreprises Urbaines et Rurales,entreprises urbaines rurales
C00154,1932,Société Egyptienne d'Irrigation,irrigation
C00155,1932,Société Egyptienne de Ciment Portland Tourah-Le Caire,ciment portland tourah caire
C00156,1932,Société Egyptienne de Ja Bourse Commerciale de ~li net El Bass al,ja bourse commerciale li net el bass al
C00157,1932,Société Egyptienne de Pétrole (S.A.E.),petrole s e
C00158,1932,Société Egyptienne de Pétrole (S.E. P.),petrole s e p
C00159,1932,Société Egyptienne de la Bourse Commerciale de Minet El Bassa!,bourse commerciale minet el bassa
C00159,1932,Société Egyptienne de la Bourse Commerciale de Minet El Bassal,bourse commerciale minet el bassa
C00160,1932,Société Egyptienne des Madina,madina
C00161,1932,Société Egyptienne des Pétroles,petroles
C00162,1932,"Société Egyptienne des Pétroles (S.E.P.) Salama Salvator,_ },1anaging-Dircctor de la Maison Bchrend & Co Ltd",petroles s e p salama salvator 1anaging dircctor maison bchrend co
C00163,1932,Société Financière et Industrielle d'Egypte,financiere industrielle egypte
C00164,1932,Société Foncière,fonciere
C00165,1932,Société Foncière d'Egypte,fonciere egypte
C00166,1932,Société Foncière du Domaine de Cheikh Fadl,fonciere domaine cheikh fadl
C00167,1932,Société Franco-Egyptienne d'Importation,franco egyptienne importation
C00168,1932,Société Ghizeh et Rodah,ghizeh rodah
C00169,1932,Société Gé .. nérale d'Electricité,ge nerale electricite
C00170,1932,Société Générale d'Electricité,generale electricite
C00171,1932,Société Générale d'Irrigation,generale irrigation
C00172,1932,Société Générale de Pressage et Dépôts,generale pressage depots
C00172,1932,Société Générale des Pressages et Dépôts,generale pressage depots
C00173,1932,Société Générale des Sucreries,generale sucreries
C00133,1932,Société Immobilière d'A~exandrie,immobiliere alexandrie
C00174,1932,"Société Immobilière elu Domaine de Siouf. Baron Louis de Benoist d'Erquennes, Agent Supérieur de la Compagnf<> Universelle du Canal Maritime de Suez",immobiliere elu domaine siouf baron louis benoist erquennes agent superieur compagnf universelle canal maritime suez
C00175,1932,Société Misr pour l'Exportation du Coton (ex-Lindemann),misr exportation coton ex lindemann
C00176,1932,Société Orienta le de Publicité,orienta publicite
C00177,1932,Société Orientale de Publicité (S.A.E.),orientale publicite s e
C00178,1932,Société Royale de Papyrologie d'Egypte,royale papyrologie egypte
C00179,1932,Société d'Avances Commerciales,avances commerciales
C00180,1932,Société d'Economie Politique,economie politique
C00181,1932,Société des Automobiles,automobiles
C00182,1932,Société des Automobiles et Omnibus du Caire,automobiles omnibus caire
C00183,1932,Société des Biens de Rapport d'Egypte,biens rapport egypte
C00184,1932,Société des Halles Centrales,halles centrales
C00143,1932,Société des Tramways d'Alexandrie,tramways alexandrie
C00185,1932,SociétéFoncière du Domaine de Cheikh Fadl,societefonciere domaine cheikh fadl
C00186,1932,Syndicat des Obligataires de la Société Générale des Sucreries,syndicat obligataires generale sucreries
C00187,1932,Technique de la Société Générale d'Irrigation,technique generale irrigation
C00002,1932,The Agricultural Bank of Egypt,agricultural bank egypt
C00188,1932,The Alex andria Insurance Cy,alex andria insurance cy
C00007,1932,The Alexandria & Ramleh Hailways Co,alexandria ramleh railways cy
C00007,1932,The Alexandria & Ramleh Railways Gy,alexandria ramleh railways cy
C00015,1932,The Alexandria 'Vater Cy,alexandria water cy
C00189,1932,The Alexandria Central Buildings,alexandria central buildings
C00189,1932,The Alexandria Central Buildings Co,alexandria central buildings
C00190,1932,The Alexandria Insurance Company,alexandria insurance company
C00010,1932,The Alexandria Insurance Cy,alexandria insurance co
C00010,1932,"The Alexandria Insurance Cy., S. A. E",alexandria insurance co
C00015,1932,The Alexandria Water Cy,alexandria water cy
C00191,1932,The Alexandrie Pressing Cy,alexandrie pressing cy
C00192,1932,The Alexandrin Ex change Co. Ltd,alexandrin ex change co
C00193,1932,The Anglo-Ame- rican Nile & Tourist Co,anglo ame rican nile tourist co
C00194,1932,The Anglo-Egyptian Land Allotment Company etde la Fayoum Light Railways,anglo egyptian land allotment company etde fayoum light railways
C00022,1932,The Anglo-Egyptian Land Allotment Cy,anglo egyptian land allotment
C00195,1932,The Associated Cotton Ginners,associated cotton ginners
C00023,1932,"The Associated Cotton Ginners of Egypt, Ltd",associated cotton gin ners egypt
C00034,1932,The Building Lands,building lands
C00196,1932,The Building Lands (en liquidation),building lands liquidation
C00197,1932,The Cairo Electric Railways & Helio polis Oases Cy.~ de l'African Enterprise et Development Cy,cairo electric railways helio polis oases cy african enterprise development cy
C00198,1932,The Cairo Electric Rallways & Heliopolis Oases Cy,cairo electric rallways heliopolis oases cy
C00036,1932,The Cairo Sand Bricks Co. S. A,cairo sand bricks co
C00199,1932,The Cairo Suburban,cairo suburban
C00200,1932,The Commercial & Estates Co,commercial estates co
C00047,1932,The Commercial Bank of Egypt,commercial bank egypt
C00201,1932,The Commercial Bank of Egypt et Société Egyptienne d'Entreprises Urbaines et Rurales,commercial bank egypt entreprises urbaines rurales
C00202,1932,The Crownegypt Co,crownegypt co
C00203,1932,The Delta Land & Investment Cy,delta land investment cy
C00204,1932,The Eastern Automobiles Supplies & Transport Co,eastern automobiles supplies transport co
C00205,1932,The Egypban Bonded 'iVarehouses Cy. Ltd,egypban bonded ivarehouses cy
C00206,1932,The Egypt and Sudan Export Co,egypt sudan export co
C00207,1932,The Egyptian Boncled Warehouses Cy Ltcl,egyptian boncled warehouses cy ltcl
C00208,1932,The Egyptian Bonded Warehouses Cy,egyptian bonded warehouses cy
C00209,1932,The Egyptian Cotton Cy,egyptian cotton cy
C00069,1932,The Egyptian Delta Land & Investment Cy,egyptian delta land investment
C00210,1932,The Egyptian Enterprise & Development Co,egyptian enterprise development co
C00211,1932,The Egyptian Hotels,egyptian hotels
C00211,1932,The Egyptian Hotels Ltd,egyptian hotels
C00071,1932,The Egyptian Markets,egyptian markets
C00212,1932,The Egyptian Produce Trading Cy,egyptian produce trading cy
C00212,1932,The Egyptian Produce Trading Cy. S. A. E,egyptian produce trading cy
C00073,1932,The Egyptian Salt & Soda,egyptian salt soda
C00073,1932,The Egyptian Salt & Soda Cy. Ltd,egyptian salt soda
C00213,1932,The Electric Light & Power Supply,electric light power supply
C00213,1932,The Electric Light & Power Supply Cy,electric light power supply
C00214,1932,The Gabbari Land Co,gabbari land co
C00214,1932,The Gabbari Land Cy,gabbari land co
C00079,1932,The Gabbari Lands,gabbari land
C00215,1932,The General Accident Fire and Life Assurance Corporation Ltd,general accident fire life assurance corporation
C00216,1932,The Kafr El Z,kafr el z
C00217,1932,The Man ure Cy,man ure cy
C00218,1932,The Mortgage Co. of Egypt Ltd,mortgage co egypt
C00097,1932,The National Bank of Egypt,national bank egypt s
C00098,1932,The National Insurance Cy,national insurance co
C00103,1932,The New Egyptian Cy,new egyptian co
C00219,1932,The Si di Salem of Egypt,si di salem egypt
C00220,1932,The Union Cotton Co of Alexandria,union cotton co alexandria
C00221,1932,The Union Cotton Cy,union cotton cy
C00222,1932,The United Egyptian Nile Transport Co,united egyptian nile transport co
C00223,1932,The Upper Egypt Hotcls Cy,upper egypt hotcls cy
C00224,1932,The Upper Egypt Hotels,upper egypt hotels
C00225,1932,The nited Egyptian Nile Transport Co,nited egyptian nile transport co
C00226,1932,"Tilbury Contracting & Dredging Co (Egypt), Ltd",tilbury contracting dredging co egypt
C00227,1932,Tramways d'Alexandrie et Présiclen t de la Société Franco-Egyptienne d'Importation 1(S. A. E.),tramways alexandrie presiclen t franco egyptienne importation 1 s e
C00228,1932,Tramways d'Alexandrie. Aghion Max,tramways alexandrie aghion max
C00144,1932,Tramways du Caire,tramways caire
C00229,1932,"Tramways du Caire, ainsi que de nombreuses autres Sociétés Belges et Etrangères",tramways caire ainsi que nombreuses autres societes belges etrangeres
C00230,1932,Union Foncière d'Egypte,union fonciere egypte
C00231,1932,Union des Agriculteurs,union agriculteurs
C00222,1932,United Egyptian Nilc Transport Co,united egyptian nile transport co
C00222,1932,United Egyptian Nile Transport Co,united egyptian nile transport co
C00232,1932,United Egyptian Salt,united egyptian salt
C00232,1932,United Egyptian Salt Ltd,united egyptian salt
C00233,1932,Upper Egypt Ratels,upper egypt ratels
C00234,1932,\dmin.istration de l'Anglo-Egyptian Land Allotment Co,dmin istration anglo egyptian land allotment co
C00235,1932,cl' Administration de The Cairo Electric Rail ways & Helio polis Oases Cy,cl administration cairo electric rail ways helio polis oases cy
C00236,1932,cl' Administration de la Kafr El Zay at Cotton Company,cl administration kafr el zay at cotton company
C00237,1932,en Egypte des Agences du CrédH Lyonnais,egypte agences credh lyonnais
C00238,1932,inistraleur-Directcnr en Egypte de The Sinaï Mining Cy,inistraleur directcnr egypte sinai mining cy
C00239,1932,la« Ganz S. A. E,ganz s e
C00240,1932,p. i. de la Société des Biens de Rapport d'Egypte,p i biens rapport egypte
C00241,1932,pour l'Egypte de la Banque d'Athènes,egypte banque athenes
C00242,1932,suivantes Sociétés,suivantes societes
C00243,1932,suppléant de l'Union Syndicale des Compagnies. d'Assurances à primes fixes detoute nature,suppleant union syndicale compagnies assurances primes fixes detoute nature
C00244,1932,tian de la Banque )1isr,tian banque 1isr
C00245,1932,"toutes les institutions financières, commerciales et industrielles fondées par la Banque Misr en Egypte et à l'Etranger",toutes institutions financieres commerciales industrielles fondees par banque misr egypte etranger
C00246,1932,~u Comptoir des Ciments,u comptoir ciments
C00003,1932,"« Al Chark » (L'Orient), Société Anonyme Egyptienne d'Assurance sur la Vie",al chark orient assurances sur vie
C00003,1932,«Al Chark» (L'Orient) Société Anonyme Egyptienne d'Assurance sur la Vie,al chark orient assurances sur vie
C00247,1932,"«La Nationale l>, Compagnie Aunonyme d'Assurances sur la Vie à Paris",nationale aunonyme assurances sur vie paris
C00248,1932,üsociation dll Commerce d'lm.portation,usociation dll commerce lm portation
C00249,1938,""" Nationale n, Société Anonymecl'Assun",nationale n anonymecl assun
C00250,1938,"""é de la Marconi Radio Telegraph Co. of Egypt, S.A.E",e marconi radio telegraph co egypt s e
C00251,1938,'aLion de la Société r\nonyme des Bières Bomonti & Pymmiclcs,alion r nonyme bieres bomonti pymmiclcs
C00252,1938,'la· Near East,near east
C00253,1938,-Propriétaire du Journal «Al-Abram»,proprietaire journal al abram
C00137,1938,A. de Wadi Kom Ombo,wadi kom ombo
C00254,1938,Aclminislrulion cie l'Egyplinn General Omnibus,aclminislrulion cie egyplinn general omnibus
C00255,1938,Aclministraiion de la S.A.E. des Tracteul'S cl'Egypte,aclministraiion s e tracteul s cl egypte
C00256,1938,Aclnünislration de la Société Egyptiennecl 'Entreprises U t·baincs cL Rurales,aclnunislration egyptiennecl entreprises u t baincs cl rurales
C00257,1938,"Admli1istration du Banco Italo-Egiziano. ""Vallacc, Duu('an, 13u·rrister at Lem•",admli1istration banco italo egiziano vallacc duu an 13u rrister at lem
C00258,1938,Adn1inisLraiion de The Cairo Elcclric Hailways & Heliopolis Oascs Co. cL de la S.A. des Eaux du Caire,adn1inislraiion cairo elcclric hailways heliopolis oascs co cl s eaux caire
C00259,1938,AdwinisLrution de lu S. A. des Presses Libres Egyplie11ncs,adwinislrution lu s presses libres egyplie11ncs
C00260,1938,African Enterprise& Development Co,african enterprise development co
C00261,1938,Agence du Crédit Lyonnais à Alexandrie,agence credit lyonnais alexandrie
C00262,1938,Alcxandria & 1\.amleh Railway Co,alcxandria 1 amleh railway co
C00263,1938,"Alcxandria Commercial Co., S.A",alcxandria commercial co s
C00007,1938,Alexandria & Hamleh Hailways Co,alexandria ramleh railways cy
C00007,1938,Alexandria & Ramleh Railways Co,alexandria ramleh railways cy
C00007,1938,Alexandria & Ramleh Railways Co. Ud,alexandria ramleh railways cy
C00007,1938,Alexandria & Ramlel1 Railways Co,alexandria ramleh railways cy
C00008,1938,Alexandria Commercial Co,alexandria commercial co
C00008,1938,"Alexandria Commercial Co., S.A.E",alexandria commercial co
C00264,1938,Alexandria Exchange Co,alexandria exchange co
C00010,1938,Alexandria Insumnce Co,alexandria insurance co
C00010,1938,Alexandria Insurance Co,alexandria insurance co
C00010,1938,"Alexandria Insurance Co., S. A. E",alexandria insurance co
C00010,1938,Alexandria Insurance Cy,alexandria insurance co
C00265,1938,Alexandria Navigation Co. ct Commissairrfln Gouvernement Egyptien à l'Exposition Internationale 1937 de Paris,alexandria navigation co ct commissairrfln gouvernement egyptien exposition internationale 1937 paris
C00012,1938,Alexandria Pressing Co,alexandria pressing
C00266,1938,"Alexandria Pressing Co., S.A.E",alexandria pressing co s e
C00267,1938,Alexandria Transport Co,alexandria transport co
C00267,1938,"Alexandria Transport Co., S.A.E",alexandria transport co
C00268,1938,Alexandria lnsumncc Co,alexandria lnsumncc co
C00007,1938,Alexandria& Ramleh Railways Co,alexandria ramleh railways cy
C00015,1938,Alexandria\Vater Co,alexandria water cy
C00269,1938,Alexandrin Exchangc Company,alexandrin exchangc company
C00270,1938,Alexandrin Pressing Cy,alexandrin pressing cy
C00271,1938,"Alexandrin. Na\'igntion Co., S.i\..E. el de l'Alexunclria Navigation Co. (l.onrlon) Lld",alexandrin na igntion co s i e el alexunclria navigation co onrlon lld
C00272,1938,"Alexandrin. Pressing Co, S.A.E",alexandrin pressing co s e
C00273,1938,Alexauclria Insurance Cy,alexauclria insurance cy
C00274,1938,Ang\o-Belgia..n Co. of Egypt Ltd,ang o belgia n co egypt
C00275,1938,Anglo Egyptian Oilfields,anglo egyptian oilfields
C00020,1938,Anglo-American Nilo & TourisL Co,anglo american nile tourist cy
C00276,1938,Anglo-Belgian Co,anglo belgian co
C00019,1938,Anglo-Belgian Co. of Egypt Ltd,anglo belgian co egypt
C00277,1938,Anglo-Egyptian Motor,anglo egyptian motor
C00275,1938,Anglo-Egyptian Oilfields,anglo egyptian oilfields
C00275,1938,Anglo-Egyptio.n Oilfields,anglo egyptian oilfields
C00278,1938,Assicurazioni Generali (Trieste),assicurazioni generali trieste
C00279,1938,B&nque d'Athènes,b nque athenes
C00280,1938,Banca Commerciale Italiana per l'Egitto,banca commerciale italiana per egitto
C00281,1938,Banco Ilalo-Egiziano ct de la Société des Cign.rettes Nestor Gianaclis,banco ilalo egiziano ct cign rettes nestor gianaclis
C00024,1938,Banco Italo-Egiziano,banco ilalo egiziano
C00282,1938,Bancollulu-Egiziuno,bancollulu egiziuno
C00026,1938,Banque Belge & Internationale en Egypte,banque belge in ternationale egypte
C00026,1938,Banque Belge ct Internationale en Egypte,banque belge in ternationale egypte
C00026,1938,"Banque Belge et Intemationale en Egypte, S.A.E",banque belge in ternationale egypte
C00026,1938,Banque Belge et Internationale en Egypte,banque belge in ternationale egypte
C00026,1938,"Banque Belge et Internationale en Egypte, S.A.E",banque belge in ternationale egypte
C00028,1938,Banque Misr,banque misr
C00283,1938,"Banque Mosseri, S.A.E",banque mosseri s e
C00283,1938,"Banque Mosséri, S.A.E",banque mosseri s e
C00284,1938,Banque d'Athènes,banque athenes
C00030,1938,Banque d'Athènes à Alexandrie,banque athenes alexandrie
C00285,1938,Banque de Commerce,banque commerce
C00286,1938,Banque de Commerce N. Tcpeglliosi& Co,banque commerce n tcpeglliosi co
C00286,1938,Banque de Commerce N. Tepeghiosi & Co,banque commerce n tcpeglliosi co
C00286,1938,Banque de Commerce N. Tepeghiosi & Co. w,banque commerce n tcpeglliosi co
C00287,1938,Banque de l'Union Parisienne,banque union parisienne
C00032,1938,Banque du C1·édit Agricole d'Egypte,banque credit agricole egyple
C00032,1938,Banque du Crédit Agricole d'Egypte,banque credit agricole egyple
C00288,1938,"Banque du Crédit Hypothécaire Agricole d'Egypte, c",banque credit hypothecaire agricole egypte c
C00289,1938,Banquecl' Athènes,banquecl athenes
C00290,1938,Banque· de Paris el des P'ays-Bas,banque paris el p ays bas
C00159,1938,Bourse Commerciale de Minet El Bassa!,bourse commerciale minet el bassa
C00291,1938,British Oil & Cake Mills Ltd,british oil cake mills
C00292,1938,"Building Lands of Egypt, Ltd, (En liquidation)",building lands egypt liquidation
C00198,1938,Cairo Electric Railways & IIeliopolis Oases Co,cairo electric rallways heliopolis oases cy
C00293,1938,Cairo Land& Financial Co,cairo land financial co
C00035,1938,Cairo Sand Bricks,cairo sand bricks
C00036,1938,"Cairo Sand Bricks Co., S.i\.E",cairo sand bricks co
C00294,1938,Caisse Hypothécaire d'Egypte,caisse hypothecaire egypte
C00295,1938,Caisse J lypoL11écaire d'Egypte,caisse j lypol11ecaire egypte
C00296,1938,Carricr,carricr
C00297,1938,"Carrier-Egypt, S.A.E",carrier egypt s e
C00298,1938,"Ccmocil d',\dlttiuislr<tltull de la S.,\. Financière cL Immobilière",ccmocil dlttiuislr tltull s financiere cl immobiliere
C00299,1938,Cercle Belge,cercle belge
C00300,1938,Cercle Royal d'Escrime et autres cercles sporl'ifs,cercle royal escrime autres cercles sporl ifs
C00301,1938,Challlllre de Comme1·L·e Hellénique,challlllre comme1 e hellenique
C00302,1938,"Charliieh, S.A.E",charliieh s e
C00303,1938,Chemins de. Fer 1\,chemins fer 1
C00304,1938,Cie. Frigorifique cl'Egyple,cie frigorifique cl egyple
C00305,1938,"Comcil d'Administration de la Banque Belge et Internationale en Egypte, S.A.E",comcil administration banque belge internationale egypte s e
C00306,1938,ComiLé de Paris de la Banque d'Athènes),comile paris banque athenes
C00307,1938,Comité de Parisùe la Banque d'Athènes),comite parisue banque athenes
C00047,1938,Commercial Bank of Egypt,commercial bank egypt
C00308,1938,Commercial Bank of the Ncar East,commercial bank ncar east
C00308,1938,Commercial Bank of the Near East,commercial bank ncar east
C00309,1938,Commercial Bank of the T\'eat' East,commercial bank t eat east
C00310,1938,"Commission Permanente pour la Filature, le Tissage el les lndttst7·ies annexes CLLL 1\linistère elu Commerce el Lle l'industrie",commission permanente filature tissage el lndttst7 ies annexes clll 1 linistere elu commerce el lle industrie
C00311,1938,Compagnie C<'nérnlc Egypiiennc des PéLmlrs (Cogcp),c nernlc egypiiennc pelmlrs cogcp
C00050,1938,Compagnie Frigorifique cl 'Egypte,frigorifique egypte
C00050,1938,Compagnie Frigorifique cl'Egyptc,frigorifique egypte
C00050,1938,Compagnie Frigorifique d'Egypte,frigorifique egypte
C00312,1938,Compagnie Généi'Ulc Jtgypliennc de~· Pé·Lrolcs Co~ cp. S.A.E,genei ulc jtgypliennc pe lrolcs co cp s e
C00051,1938,"Compagnie d'Assurances ""Al Chark """,assurances al charkl w
C00313,1938,"Compagnie d'Eclairage par le Gaz, Lebon& Cie",eclairage par gaz lebon cie
C00314,1938,Compagnie du Canal de suez,canal suez
C00315,1938,ComptoiJ' pour la Vente des Filés Egyptiens,comptoij vente files egyptiens
C00316,1938,Comptoir d<'s Ciments,comptoir s ciments
C00317,1938,Con cil d'Adminislnllion de ln Banque Dclgc eL Inlernalionale en Egyplc,con cil adminislnllion ln banque dclgc el inlernalionale egyplc
C00318,1938,Conseil d'Administration de la Banque d'Athènes,conseil administration banque athenes
C00053,1938,Constructions Modernes u,constructions modernes
C00053,1938,"Constructions Modernes, S. A. E",constructions modernes
C00319,1938,"Consu/lalil du. Ministr'rc cie l',lgrictilturc",consu lalil ministr rc cie lgrictilturc
C00320,1938,Contentieux cle l'Etat,contentieux cle etat
C00056,1938,Crown Brewery,crown brewery
C00056,1938,"Crown Brewery, S.A",crown brewery
C00321,1938,"Crownegypt Co., S.A.E",crownegypt co s e
C00322,1938,Crédit,credit
C00323,1938,Crédit Agricole cL du CrédiL llypoLhécaim Egyptien,credit agricole cl credil llypolhecaim egyptien
C00059,1938,Crédit Agricole cl 'Egypte,credit agricole egypte
C00059,1938,Crédit Agricole d'Egypte,credit agricole egypte
C00060,1938,Crédit Foncier Egyptien,credit foncier egyptien
C00324,1938,Crédit Hypothécaire Agricole d'Egypte,credit hypothecaire agricole egypte
C00062,1938,Crédit Immobilier Suis e-Egyptien,credit immobilier suisse egyptien v
C00062,1938,Crédit Immobilier Suisse-Egyptien,credit immobilier suisse egyptien v
C00325,1938,Crédit Lyonnais,credit lyonnais
C00326,1938,Crédit lmmobilic1· Suisse-Egyptien,credit lmmobilic1 suisse egyptien
C00327,1938,Cuisse IIypoll1écuirc d'Egyplc,cuisse iiypoll1ecuirc egyplc
C00328,1938,Daira feu Emine Yehia Pacha,daira feu emine yehia pacha
C00329,1938,"Dakahlich Land Co., S. A. E",dakahlich land co s e
C00330,1938,"Dakahlieh Land Cy., S.A.E",dakahlieh land cy s e
C00331,1938,"Danquc Belgect Internationale en Egypte, S.A.E",danquc belgect internationale egypte s e
C00332,1938,"Danque Mosscri, S.A.E",danque mosscri s e
C00333,1938,Danque de l'Union Parisienne,danque union parisienne
C00064,1938,Delta Trading Co,delta trading co
C00334,1938,Dépôts,depots
C00335,1938,Dépôts ct de la Société Cotonnière « Maarad »,depots ct cotonniere maarad
C00336,1938,"Eastern Co, S.A.E",eastern co s e
C00336,1938,"Eastern Co., S.A.E",eastern co s e
C00337,1938,Ecole Française cle Droit elu Ca.ire,ecole francaise cle droit elu ca ire
C00338,1938,EgypLian Public \\'orks Co,egyplian public orks co
C00339,1938,Egyplian Enteq)]'ise & De1·elopmenl Co,egyplian enteq ise de1 elopmenl co
C00340,1938,Egyplian Land & Investmenl Cy,egyplian land investmenl cy
C00208,1938,Egyptian Bonded vVarehouses Co,egyptian bonded warehouses cy
C00341,1938,Egyptian Consolidaled Land Ud,egyptian consolidaled land ud
C00342,1938,"Egyptian Cotton Ginners & Exporters, S.A",egyptian cotton ginners exporters s
C00210,1938,Egyptian Enterprise & Development Co,egyptian enterprise development co
C00343,1938,Egyptian Finance Co,egyptian finance co
C00343,1938,Egyptian Finance Cy,egyptian finance co
C00344,1938,Egyptian General Omnibus Cy,egyptian general omnibus cy
C00345,1938,Egyptian Independent Oil Cy,egyptian independent oil cy
C00212,1938,Egyptian Produce Trading Cy,egyptian produce trading cy
C00346,1938,"Egyptian PublicvVorks, S.A.E",egyptian publicvvorks s e
C00073,1938,Egyptian Salt & Soda Cy,egyptian salt soda
C00347,1938,Egyptian \Vorks & Construction Co,egyptian vorks construction co
C00348,1938,Enil'ep()Ls,enil ep ls
C00349,1938,Entrep6ls,entrep6ls
C00350,1938,Fabrique de Produits Chimiques,fabrique produits chimiques
C00350,1938,"Fabrique des Produits Chimiques, S.A.E",fabrique produits chimiques
C00351,1938,"Fiat Oriente, S.A.E",fiat oriente s e
C00352,1938,"Filatme Nationale cl 'Egypte, S. A.E",filatme nationale cl egypte s e
C00353,1938,Filature 1ationale d'Egypte,filature 1ationale egypte
C00354,1938,Filature Nationale cl'Egyplc,filature nationale cl egyplc
C00076,1938,Filature Nationale d'Egypte,filature nationale egypte
C00355,1938,Filature ationule d'Egyptc,filature ationule egyptc
C00356,1938,Filature l',filature
C00357,1938,Fondation Egyptologique Reine Elisabeth,fondation egyptologique reine elisabeth
C00078,1938,Fédération Egyptienne des Industries,federation industries egypte
C00358,1938,Fédération des Industries du Tabac,federation industries tabac
C00359,1938,GaJJIJo.ri Land Co. ct de la S.A. de Nettoyage ct Pressage de Coton,gajjijo ri land co ct s nettoyage ct pressage coton
C00214,1938,Gabbari Land Co,gabbari land co
C00360,1938,"General Society for Banking, Trading & Land Enterprises, S.A.E",general society banking trading land enterprises s e
C00360,1938,"General Society for Bunking, Trading & Land Enterpriscs, S.A.E",general society banking trading land enterprises s e
C00361,1938,Gharbieh,gharbieh
C00362,1938,Gharbieh Ginning Co,gharbieh ginning co
C00362,1938,"Gharbieh Ginning Co., S.A.E",gharbieh ginning co
C00363,1938,"Gharbieh, S.A.E",gharbieh s e
C00364,1938,"Ghurbich Ginning Co., S.A",ghurbich ginning co s
C00365,1938,Gibson & Pauling (Foreign) Lld,gibson pauling foreign lld
C00366,1938,Gl!m biell Land Co,gl m biell land co
C00367,1938,Gl1arbiell Land Co,gl1arbiell land co
C00368,1938,Gllarbieh Ginning Co,gllarbieh ginning co
C00369,1938,Gouvemement à la National Bank of Egypt,gouvemement national bank egypt
C00370,1938,Grands,grands
C00082,1938,Grands Hôtels cl'Egypte,grands hotels egyple
C00371,1938,Grands I-Ié'Jtels d'Egypte,grands i ie jtels egypte
C00372,1938,Grands II6tels d'Egypte,grands ii6tels egypte
C00373,1938,"Gérance Immobilière, S.A.E",gerance immobiliere s e
C00374,1938,H.oseLLa & Alexandria Hice Mills,h osella alexandria hice mills
C00375,1938,Haffinel'ie cl'Egypte,haffinel ie cl egypte
C00376,1938,Haffinerie d'Egypte,haffinerie egypte
C00377,1938,Hosctta & Alcxandria lUce Mills ct de Bchrcnd & Co. Ltcl,hosctta alcxandria luce mills ct bchrcnd co ltcl
C00378,1938,Hosetta& Alexandria Hice Mills,hosetta alexandria hice mills
C00379,1938,Huileries,huileries
C00085,1938,Industrie,industrie
C00380,1938,"Industrie "" Sefina u",industrie sefina u
C00380,1938,Industrie (( Sefina »,industrie sefina u
C00381,1938,Industrie Meunière d'Alexandrie,industrie meuniere alexandrie
C00381,1938,"Industrie Meunière d'Alexandrie, S.A.E",industrie meuniere alexandrie
C00382,1938,Industrie Meunlcn· cl' Alexandrie,industrie meunlcn cl alexandrie
C00383,1938,"Industrie des Fibres Textiles, S.A.E",industrie fibres textiles s e
C00384,1938,Industrie du Froid,industrie froid
C00380,1938,Industrie(( Sefina »,industrie sefina u
C00381,1938,"Industrie,Meunière d'Alexandrie",industrie meuniere alexandrie
C00385,1938,Industries Fibres Textiles,industries fibres textiles
C00386,1938,Italo-Egiziano,italo egiziano
C00387,1938,"J en Egypte. des ,Agenres elu Cl'éclit Lyonnais",j egypte agenres elu cl eclit lyonnais
C00388,1938,J'Industrie du Froid,j industrie froid
C00389,1938,Josy,josy
C00390,1938,"Josy Film, S.A.E",josy film s e
C00391,1938,Kafr El Zay at CoLLan Co,kafr el zay at collan co
C00392,1938,Kafr El Zayat Land Co,kafr el zayat land co
C00393,1938,Kafr el Zayat Collan Co,kafr el zayat collan co
C00394,1938,Kal'r El Zayat Land Co,kal r el zayat land co
C00395,1938,Khcdivial Mail Line,khcdivial mail line
C00396,1938,L\nglo American ile & Tourist Co,nglo american ile tourist co
C00091,1938,Land Bank of Egypt,land bank egypt
C00091,1938,Land Dank of Egypt,land bank egypt
C00397,1938,Levant Bonded\Varehouses Co,levant bonded varehouses co
C00398,1938,"Maison Anderson, Clüylon & Co",maison anderson cluylon co
C00399,1938,Maison Mallet Frères & Cie,maison mallet freres cie
C00400,1938,"Maison Mosseri, Curie! & Co",maison mosseri curie co
C00401,1938,Maison Sulzer Frères,maison sulzer freres
C00402,1938,"Maison d'Ameublement B. Pontremoli, S.A.E",maison ameublement b pontremoli s e
C00402,1938,"Maison d'Ameublement. B. Pontremoli, S.A.E",maison ameublement b pontremoli s e
C00402,1938,"Maison d'Ameublements B. Pontremoli, S.A.E",maison ameublement b pontremoli s e
C00403,1938,"Maison de Banque J. N. Mosscri, Figli & Co",maison banque j n mosscri figli co
C00404,1938,"Maison « Les Fils cl 'Alfred Camp()~""",maison fils cl alfred camp
C00405,1938,"Maison « Les Fils de Zaketto Salama& Co. """,maison fils zaketto salama co
C00406,1938,Marché des Céréales au Sahel de Rod El Farag,marche cereales sahel rod el farag
C00407,1938,"Marconi Radio Telegraph Cy. of Egypt, S.A",marconi radio telegraph cy egypt s
C00408,1938,"Messrs. DaYies, l38llé.tClJi & Co. (UYerpool)",messrs dayies l38lle tclji co uyerpool
C00409,1938,Misr,misr
C00410,1938,Misr Airwork,misr airwork
C00411,1938,"Misr Concrete Developmcnt Cy., S.J\..E",misr concrete developmcnt cy s j e
C00411,1938,"Misr Concrete Development Cy., S.A.E",misr concrete developmcnt cy s j e
C00411,1938,"Misr Concrete Developmt'nt Cy., S.A.E",misr concrete developmcnt cy s j e
C00412,1938,Mission Er,mission er
C00413,1938,Modern Buildings,modern buildings
C00097,1938,National Bank of Egypt,national bank egypt s
C00414,1938,National ConLrnding Co. of EgypL cL de la Comrucrcial Bank of EgypL,national conlrnding co egypl cl comrucrcial bank egypl
C00415,1938,National Conlracting Cy,national conlracting cy
C00416,1938,National Contracting Co. of Egypt,national contracting co egypt
C00417,1938,"National Ginning Co. of Egypt, S.A.E",national ginning co egypt s e
C00098,1938,National Insurance Co,national insurance co
C00099,1938,National Insurance Co. of Egypt,national insurance co or egypt
C00098,1938,National Insurance Cy,national insurance co
C00098,1938,National Jnsurance Co,national insurance co
C00418,1938,National Peh·oleum Cy,national peh oleum cy
C00101,1938,National Petroleum Co,national petroleum cy
C00101,1938,National Petroleum Cy,national petroleum cy
C00419,1938,Ncur,ncur
C00252,1938,Near East,near east
C00103,1938,New Egyptian Co,new egyptian co
C00420,1938,"Nilc Oil Co., S.A.E",nilc oil co s e
C00421,1938,"Nile Oil Co., S.A.E",nile oil co s e
C00422,1938,Patronage de la Société BC'Ige d'Etudes el d'Expansion,patronage bc ige etudes el expansion
C00423,1938,"Pbaraonic Mail Line, S.A.E",pbaraonic mail line s e
C00424,1938,"Pcltoms, S. A. E",pcltoms s e
C00425,1938,"Peltours, S. A. E",peltours s e
C00425,1938,Peltours. S.A.E,peltours s e
C00426,1938,Pharaonic Mail Line,pharaonic mail line
C00427,1938,"Philips Orient, S.A",philips orient s
C00428,1938,Plage de Sahel,plage sahel
C00429,1938,Pllaraonic Mail Line,pllaraonic mail line
C00430,1938,Pllataonic Mail Line,pllataonic mail line
C00431,1938,Pod-Sudan Forwarding Cy. Ltd,pod sudan forwarding cy
C00432,1938,Port Said Salt Associa lion,port said salt associa lion
C00432,1938,Port Said Salt Association Ltd,port said salt associa lion
C00433,1938,Pressage de Coton,pressage coton
C00110,1938,Raffinerie d'Egypte,raffinerie egypte
C00434,1938,RoseL ta & Alexan d ria Hice Mills,rosel ta alexan ria hice mills
C00435,1938,Rosetta & Alexandria Rice Mills,rosetta alexandria rice mills
C00435,1938,Rosetta & Alexandria Riec Mills,rosetta alexandria rice mills
C00436,1938,Rosetto. & Alexandrin Rice Mills,rosetto alexandrin rice mills
C00112,1938,Réunion des Compagnies d'Assumnces sur la Vic,reunion compagnies assurances sur vie
C00437,1938,"S . .-\.E. "" Ganz""",s e ganz
C00125,1938,S. . du Béhéra,s behera
C00438,1938,S. A. des Immeubles cl.e l'Est,s immeubles cl e est
C00439,1938,S. A. des Immeubles d'EgypLe,s immeubles egyple
C00124,1938,S. A. des Presses Libres Egyptiennes,s presses libres egyptiennes
C00440,1938,"S. A. « Prahova » Societute Ap.onima Romana Pcntl'u Incluslt'ia si Comcl'lul Pr.trolului, Bucm",s prahova societute ap onima romana pcntl u incluslt ia si comcl lul pr trolului bucm
C00441,1938,S.A. Agricole ct Indus1ricllc d'Egyple ct clc la S.A. de Ntwigaliun Flm iule ct des Bateaux Onmibus,s agricole ct indus1ricllc egyple ct clc s ntwigaliun flm iule ct bateaux onmibus
C00442,1938,S.A. Immobili Riuniti,s immobili riuniti
C00443,1938,S.A. Immobilière des Terrains Guizch Rodah,s immobiliere terrains guizch rodah
C00444,1938,S.A. Immobilière des Terrains Guizch-Hoclnll el Aclministmleur de The Alexandria Commercial Co,s immobiliere terrains guizch hoclnll el aclministmleur alexandria commercial co
C00443,1938,S.A. Immobilière des Terrains Guizeh Rodah,s immobiliere terrains guizch rodah
C00443,1938,S.A. Immobilière des Terrains Guizeh& Rodah,s immobiliere terrains guizch rodah
C00445,1938,S.A. Immobilière des Terrains Guizell n.odall,s immobiliere terrains guizell n odall
C00116,1938,S.A. Immobilière elu Domaine de Siouf,s immobiliere domaine siouf
C00446,1938,S.A. d'Irrigation de Baliana eL de la Société Egyptienne d'Irrigation,s irrigation baliana el irrigation
C00447,1938,"S.A. de Fibres Textiles, S.A.E",s fibres textiles s e
C00448,1938,S.A. de Nettoyage cl Prcssngc de Colon,s nettoyage cl prcssngc colon
C00126,1938,S.A. de Nettoyage et Pressage de Coton,s nettoyage pressage coton
C00449,1938,S.A. de \Vac!i 1\om-Om!Jo,s vac i 1 om om jo
C00450,1938,S.A. des Anciennes Entreprises L. Rolin & Co,s anciennes entreprises rolin co
C00451,1938,S.A. des Bières Bomonti & Pyramides,s bieres bomonti pyramides
C00452,1938,S.A. des Chemins de Fer de la Basse Egypte,s chemins fer basse egypte
C00452,1938,S.A. des Chemins de Fer de la Basse-Egyptc,s chemins fer basse egypte
C00453,1938,S.A. des Chemins de I• er de la 13assc-Egypte ct de la S.A. des Tramways du Caire,s chemins i er 13assc egypte ct s tramways caire
C00454,1938,S.A. des Cigm·eL Les Ciauaclis,s cigm el ciauaclis
C00455,1938,S.A. des Cllemms de fer 1\.éneh-Assouan,s cllemms fer 1 eneh assouan
C00456,1938,S.A. des Drogueries cl'Egypte,s drogueries cl egypte
C00456,1938,S.A. des Drogueries d'Egypte,s drogueries cl egypte
C00457,1938,S.A. des Eaux du Caire,s eaux caire
C00458,1938,S.A. des Eaux elu Caire,s eaux elu caire
C00447,1938,"S.A. des Fibres Textiles, S.A.E",s fibres textiles s e
C00459,1938,S.A. des Halles Centrales cl'Egyptc,s halles centrales cl egyptc
C00460,1938,S.A. des Immcul.Jlcs de l'E,s immcul jlcs e
C00439,1938,S.A. des Immeubles d'Egypte,s immeubles egyple
C00461,1938,S.A. des Monts cie,s monts cie
C00462,1938,S.A. des Monts de Piété Egyptiens,s monts piete egyptiens
C00463,1938,S.A. des Monts de Piété Egyptiens. (l~ésidant à Paris),s monts piete egyptiens esidant paris
C00124,1938,S.A. des Presses Libres Egyptiennes,s presses libres egyptiennes
C00464,1938,S.A. des Tcnes Hn1·cs d'Egypte,s tcnes hn1 cs egypte
C00465,1938,S.A. des Terrains Guizeh& Rodab,s terrains guizeh rodab
C00465,1938,S.A. des Terrains Guizeh-Rodah,s terrains guizeh rodab
C00466,1938,"S.A. des Terres Rares d'Egypte, S.A.E",s terres rares egypte s e
C00467,1938,S.A. des Tramways du Caire,s tramways caire
C00468,1938,S.A. du Domaine de Siouf,s domaine siouf
C00469,1938,S.A. elu Béhéra,s elu behera
C00470,1938,"S.A. nes Immeubles de l'Est et Aclnlinislt<.l.Lcm-llélégué de l' Eastem Export Co., S. A",s nes immeubles est aclnlinislt lcm llelegue eastem export co s
C00471,1938,"S.A.E. "" Carba",s e carba
C00472,1938,"S.A.E. "" Gunz"" (Egypte)",s e gunz egypte
C00471,1938,S.A.E. Carba,s e carba
C00473,1938,S.A.E. Immobilière cl' Alexandrie,s e immobiliere cl alexandrie
C00474,1938,S.A.E. Portland de Hélouan,s e portland helouan
C00475,1938,S.A.E. d'Egrenage,s e egrenage
C00476,1938,S.A.E. de l' lndustJ-ie Fibres Textiles,s e lndustj ie fibres textiles
C00475,1938,S.E. d'Egrenage,s e egrenage
C00477,1938,S.E. d'Electricilé,s e electricile
C00478,1938,S.E. d'Irrigation,s e irrigation
C00479,1938,S.E. de Ciment,s e ciment
C00480,1938,S.E. de Ciment Po.rlluncl Tonn1ll,s e ciment po rlluncl tonn1ll
C00481,1938,"S.E. de Tuyaux, Poteaux et Produits en Ciment Armé (Système Siegwart)",s e tuyaux poteaux produits ciment arme systeme siegwart
C00482,1938,S.E. de la Bourse Commerciale de Minet El Bassal,s e bourse commerciale minet el bassal
C00483,1938,S.E. des Terrains Glüzeh-Rodah,s e terrains gluzeh rodah
C00128,1938,Salonica Cigarette Co,salonica cigarette co
C00484,1938,"Salonica Cigarette Co., S. A. E",salonica cigarette co s e
C00485,1938,Sidi Salem Co. of Egypt,sidi salem co egypt
C00486,1938,Silos,silos
C00487,1938,Soc,soc
C00488,1938,"Soci(•!é de Métallmgie Egyplicune, S.A.E",soci e metallmgie egyplicune s e
C00489,1938,Soci[•té drs i\ulolms du Caire,soci te drs i ulolms caire
C00490,1938,Socieli1 Egiziana per l'Estrazione ed il Commercio dei Posfati,socieli1 egiziana per estrazione ed il commercio dei posfati
C00491,1938,"Società Anonima Immobili Ri uni ti, S.A.E",societa anonima immobili ri uni ti s e
C00492,1938,Società Anonima Immobili Riuniti,societa anonima immobili riuniti
C00492,1938,"Società Anonima Immobili Riuniti, S.A.E",societa anonima immobili riuniti
C00493,1938,SociéLé des PublicaLions Egyptiennes,sociele publicalions egyptiennes
C00494,1938,Sociél6 .Egyplionnc des Pétroles,sociel6 egyplionnc petroles
C00495,1938,Sociél6 des Terres Rares d'Egypte,sociel6 terres rares egypte
C00496,1938,Sociélé Civile Norlil Zamalcl< Land,sociele civile norlil zamalcl land
C00497,1938,Sociélé Egyptienne de Ciment,sociele egyptienne ciment
C00498,1938,Sociélé Financière el Industrielle d'Egypte cl de la United Egyplian Salt Llcl,sociele financiere el industrielle egypte cl united egyplian salt llcl
C00499,1938,Sociélé Française cles ConillllsliiJirs Uq11idrs,sociele francaise cles conillllsliijirs uq11idrs
C00500,1938,SociélélJclgo-Egyplicnnc,socieleljclgo egyplicnnc
C00501,1938,Sociét6 Egyptiennecle Filature et Tissage cle Laine,societ6 egyptiennecle filature tissage cle laine
C00502,1938,"Sociét6 de Ciment Portland de II6louan, S.A.E",societ6 ciment portland ii6louan s e
C00503,1938,Société,
C00504,1938,"Société "" Phal'os »",phal os
C00505,1938,"Société 1alionalc du Papier, S.A.E",1alionalc papier s e
C00506,1938,Société Anonyme Bclgc-EgypLienne,bclgc egyplienne
C00507,1938,Société Anonyme Egyptienne (( Carba »,carba
C00508,1938,Société Anonyme Egyptienne de Constructions «EGYCOu,constructions egycou
C00509,1938,Société Anonyme Egyptienne des Industries Textiles,industries textiles
C00134,1938,Société Anonyme Immobilière du Domaine de Siouf,immobiliere domaine siouf
C00510,1938,Société Anonyme de Nettoyage,nettoyage
C00139,1938,Société Anonyme des Chemins de Fer de la Basse Egypte,chemins fer basse egypte
C00052,1938,Société Anonyme des Eaux du Caire,eaux caire
C00511,1938,Société Anonyme des Tramways du CaiJ·e,tramways caij e
C00146,1938,Société Anonyme du Béhéra,behera
C00512,1938,Société Belge de Bienfaisance,belge bienfaisance
C00148,1938,Société Belge-Egyptienne de l 'Kzbékieh,belge egyptienne ezbekieh
C00148,1938,Société Belge-Egyptienne de l' Ezbékieh,belge egyptienne ezbekieh
C00148,1938,Société Belge-Egyptienne de l'Ezb6kieh,belge egyptienne ezbekieh
C00148,1938,Société Belge-Egyptienne de l'Ezbékieh,belge egyptienne ezbekieh
C00513,1938,Société Califomiu Egyptienne des Pétroles,califomiu egyptienne petroles
C00514,1938,Société California Egyptienne des Pétroles,california egyptienne petroles
C00515,1938,Société California Egyptiennne de,california egyptiennne
C00516,1938,Société California Texas des Pétroles,california texas petroles
C00517,1938,Société Commerciale,commerciale
C00518,1938,"Société Commerciale Buigaro-Egypliennc, S.A.E",commerciale buigaro egypliennc s e
C00519,1938,"Société Commerciale Bulgaro-Egyptienne, S. A.E",commerciale bulgaro egyptienne s e
C00519,1938,"Société Commerciale Bulgaro-Egyptienne, S.A.E",commerciale bulgaro egyptienne s e
C00520,1938,Société CopLe de Bienfaisance cL de l'IlOpilal Copte,cople bienfaisance cl ilopilal copte
C00521,1938,"Société Cotonnière "" Maaracl ""·",cotonniere maaracl
C00150,1938,Société Cotonnière Maarad,cotonniere maarad
C00151,1938,Société Delta (Società Edile Egiziana),delta societa edile egiziana
C00522,1938,"Société Egyplicm1c des Industries Chimiques, S.A.E",egyplicm1c industries chimiques s e
C00523,1938,"Société Egyptiem1e Financière pour le Commerce et l""lndustl'ie cc Sefina u",egyptiem1e financiere commerce lndustl ie cc sefina u
C00524,1938,"Société Egyptiem1e des Industries Chimiques, S.A.E",egyptiem1e industries chimiques s e
C00525,1938,Société Egyptienne Financière pour le Commerce,financiere commerce
C00526,1938,"Société Egyptienne cl es Industries Chimiques, S. A. E",cl es industries chimiques s e
C00527,1938,Société Egyptienne d 'Electricité,electricite
C00527,1938,Société Egyptienne d'Electricité,electricite
C00153,1938,Société Egyptienne d'Entreprises Urbaines et Rurales,entreprises urbaines rurales
C00528,1938,"Société Egyptienne d'Industries Chimiques, S.A.E",industries chimiques s e
C00529,1938,Société Egyptienne de Ciment Porlland,ciment porlland
C00508,1938,Société Egyptienne de Constructions(EGYCO),constructions egycou
C00356,1938,Société Egyptienne de Filature,filature
C00530,1938,"Société Egyptienne de Filature eL de Tissage de Laine, S A.E",filature el tissage laine s e
C00531,1938,Société Egyptienne de Minoterie,minoterie
C00532,1938,Société Egyptienne de Placements,placements
C00533,1938,Société Egyptienne de Placements ct de Crédit,placements ct credit
C00534,1938,Société Egyptienne de Ti,ti
C00535,1938,Société Egyptienne de Tissage & Tricotage,tissage tricotage
C00535,1938,Société Egyptienne de Tissage et Tricotage,tissage tricotage
C00536,1938,"Société Egyptienne de Tuyaux, Poteaux cL Produits en Ciment Armé (Système SiegwarL.)",tuyaux poteaux cl produits ciment arme systeme siegwarl
C00537,1938,"Société Egyptienne de Tuyaux, Poteaux et Produits en Ciment Armé",tuyaux poteaux produits ciment arme
C00538,1938,Société Egyptienne de l'Industrie Textile,industrie textile
C00539,1938,Société Egyptienne de l'Industrie Textile el de la Société Egyptienne de la Bourse Commerciale de Minet El Bassal,industrie textile el bourse commerciale minet el bassal
C00540,1938,Société Egyptienne de l'Industrie de Bonneterie,industrie bonneterie
C00541,1938,Société Egyptienne de la 13ourse Commerciale de Minet El Bassal,13ourse commerciale minet el bassal
C00159,1938,Société Egyptienne de la Bourse Commerciale de Minet El Bassal,bourse commerciale minet el bassa
C00542,1938,Société Egyptienne de la Bourse Commerciale de Minet El nassal,bourse commerciale minet el nassal
C00543,1938,Société Egyptienne de la Ilout·sc Comntct·c·iulc de,ilout sc comntct c iulc
C00153,1938,Société Egyptienne des Entreprises Urbaines et Rurales,entreprises urbaines rurales
C00528,1938,"Société Egyptienne des Industries Chimiques, S. A.E",industries chimiques s e
C00509,1938,Société Egyptienne des Industries Textiles,industries textiles
C00509,1938,Société Egyptienne des Industries Textilés,industries textiles
C00544,1938,Société Egyptienne des Industries de Bonneterie,industries bonneterie
C00161,1938,Société Egyptienne des Pétroles,petroles
C00545,1938,Société Egyptienne des Pétroles (S.A.E.),petroles s e
C00546,1938,"Société Egyptienne des lncluslries Clümiques, S.A.E",lncluslries clumiques s e
C00547,1938,"Société Egyptienne pom le Développementelu Commerce des Légumes, } ruits et Fleurs",pom developpementelu commerce legumes ruits fleurs
C00548,1938,"Société Egyptienne pour Je JJé\·eJoppement du commerce des légumes, fruits cl fleurs",je jje ejoppement commerce legumes fruits cl fleurs
C00549,1938,"Société Egyptienne pour Je Tannage eL l'Tndustl·ie elu Cuir, S.A.E",je tannage el tndustl ie elu cuir s e
C00550,1938,"Société Egyptienne pour l'ExploiLation de Mines cL Carrières, S.A.E",exploilation mines cl carrieres s e
C00551,1938,Société Egyptienne pour l'Exploitation de Mines ct,exploitation mines ct
C00552,1938,"Société Egyptienne pour l'Exploitation de Mines et Carrières, S.A.E",exploitation mines carrieres s e
C00552,1938,"Société Egyptienne pour l'Exploitation des Mines et Carrières, S. A.E",exploitation mines carrieres s e
C00553,1938,Société Egyptienne pour le Developpement et le Commerce des,developpement commerce
C00554,1938,"Société Egyptienne pour le DéYelop-· pement elu Commerce des légumes, fruits et fleurs",deyelop pement elu commerce legumes fruits fleurs
C00555,1938,"Société Egyptienne pour le Développement du Cominercc des Légumes, Fruits & Fleurs",developpement cominercc legumes fruits fleurs
C00556,1938,"Société Egyptienne pour le Développement du Commerce clos légumes, Ft'uiLs & Fleurs",developpement commerce clos legumes ft uils fleurs
C00555,1938,"Société Egyptienne pour le Développement et le Commerce des Légumes, Fnüts & Fleurs",developpement cominercc legumes fruits fleurs
C00557,1938,"Société Egyptienne pour le Tannage cL l'Industrie du Cuir, S.A.K",tannage cl industrie cuir s k
C00558,1938,Société Egyptienne çl'Entrcprises Urbaines cl Hurales,cl entrcprises urbaines cl hurales
C00163,1938,Société Financière et Industrielle d'Egypte,financiere industrielle egypte
C00165,1938,Société Foncière d'Egyptc,fonciere egypte
C00165,1938,Société Foncière d'Egypte,fonciere egypte
C00164,1938,Société Foncière du,fonciere
C00166,1938,Société Foncière du Domaine de Cheikh Fadl,fonciere domaine cheikh fadl
C00559,1938,Société Foncière elu Domaine de Cheikh Fuell,fonciere elu domaine cheikh fuell
C00560,1938,Société Franco,franco
C00167,1938,Société Franco-Egypt1enne d'Importation,franco egyptienne importation
C00561,1938,Société Franco-Egyptienne d 'Tmpol'lution,franco egyptienne tmpol lution
C00167,1938,Société Franco-Egyptienne d'Importation,franco egyptienne importation
C00562,1938,Société Générale Immobilière d'EgypLe,generale immobiliere egyple
C00562,1938,Société Générale Immobilière d'Egypte,generale immobiliere egyple
C00563,1938,Société Générale de Pressage,generale pressage
C00172,1938,Société Générale de Pressage cl de Dépôts,generale pressage depots
C00172,1938,Société Générale de Pressage el de Dépôts,generale pressage depots
C00173,1938,Société Générale des Sucreries,generale sucreries
C00564,1938,Société Générale des Suneries,generale suneries
C00565,1938,Société Générn.le des Sucrel'ies ct de la Raffinerie d'Egypte,genern sucrel ies ct raffinerie egypte
C00566,1938,Société Hoyole d 'Agriculture,hoyole agriculture
C00567,1938,"Société IIor,gro Egypticnne pom le Commerce. (Etaùli à Burlapest)",iior gro egypticnne pom commerce etauli burlapest
C00133,1938,Société Immobilière d'Alexandrie,immobiliere alexandrie
C00568,1938,"Société Immobilière d'Alexandrie, S.A.F. y",immobiliere alexandrie s f y
C00569,1938,Société Immobilière de Bou! ac,immobiliere bou ac
C00134,1938,Société Immobilière du Domaine de Siouf,immobiliere domaine siouf
C00570,1938,Société Immobilièreelu Domaine de Siouf,immobiliereelu domaine siouf
C00571,1938,Société Industrielle de Bonneterie,industrielle bonneterie
C00572,1938,"Société Jnduslricl\c des Asplla.Hcs cL Pétroles de Lattaquié ct de la Egyptian \Vorks & Constructions Co., S.A.E",jnduslricl c asplla hcs cl petroles lattaquie ct egyptian vorks constructions co s e
C00573,1938,Société Misr d'Assurances Générales,misr assurances generales
C00574,1938,Société Misr pour Voyages,misr voyages
C00575,1938,Société Roumaine<< Prahova u Societate Anonima Romana Pentru Industria si Corner-,roumaine prahova u societate anonima romana pentru industria si corner
C00576,1938,Société Royale d'Agricullture,royale agricullture
C00576,1938,Société Royale d'Agriculture,royale agricullture
C00577,1938,Société Texas,texas
C00578,1938,Société Texas Egyptienne des Pétroles,texas egyptienne petroles
C00579,1938,Société Texas Egyptienne des Pétroles ct de la Califomia Egyptienne des Pét1·oles,texas egyptienne petroles ct califomia egyptienne pet1 oles
C00580,1938,"Société Viticole et Vinicole d'Egypte, S.A.E",viticole vinicole egypte s e
C00581,1938,Société d'Assurances cc Al-Chark u,assurances cc al chark u
C00179,1938,Société d'Avances Commerciales,avances commerciales
C00180,1938,Société d'Economie Politique,economie politique
C00582,1938,Société de Ciment Porllancl de llélouan,ciment porllancl llelouan
C00583,1938,"Société de Ciment Portland de Hélouan, S.A.E",ciment portland helouan s e
C00584,1938,"Société de Métalllurgie Egyptienne, S.A.E",metalllurgie egyptienne s e
C00585,1938,"Société de Métallurgie Egyptienne, S. A. E",metallurgie egyptienne s e
C00585,1938,"Société de Métallurgie Egyptienne, S.A.E",metallurgie egyptienne s e
C00586,1938,Société de Tissage et T1·icotage. S.A.E,tissage t1 icotage s e
C00587,1938,Société de Trans-,trans
C00588,1938,Société des Aulobus du!\orel,aulobus orel
C00589,1938,Société des Aulolms du Nord,aulolms nord
C00590,1938,Société des Autobus d'Alexandrie,autobus alexandrie
C00591,1938,Société des Autobus de Béhéra,autobus behera
C00592,1938,Société des Autobus du Caire,autobus caire
C00593,1938,Société des Autobus du Nord,autobus nord
C00594,1938,"Société des Autobus du Nord, S.A.E",autobus nord s e
C00595,1938,"Société des Autolms elu Nord, S.A.E",autolms elu nord s e
C00596,1938,Société des Biens de Rapport cl 'Egyptc,biens rapport cl egyptc
C00597,1938,Société des Chemins du Fer Ecneh-Assouan,chemins fer ecneh assouan
C00598,1938,"Société des Ciments Portland de llélouan, S.A.E",ciments portland llelouan s e
C00599,1938,Société des Omnibus de Fayoum,omnibus fayoum
C00600,1938,Société des Produits Centrifugés en Ciment (Stac),produits centrifuges ciment stac
C00601,1938,Société des Produits Centrifugé~ en Ciment,produits centrifuge ciment
C00602,1938,Société des Publications Egyptiennes,publications egyptiennes
C00603,1938,Société des Terres Rares d'Egypte,terres rares egypte
C00604,1938,"Société des,'\.utobus de l3éhém el de Ghmbiell",utobus l3ehem el ghmbiell
C00605,1938,Société l'1 unco-Egyptienne clc,1 unco egyptienne clc
C00606,1938,Sociétécc Egyptian Cement Products »,societecc egyptian cement products
C00607,1938,"Sociétés d'Assurances ""La Nationale )). (Nombreuseshautes décorations égyptiennes et étrangères)",societes assurances nationale nombreuseshautes decorations egyptiennes etrangeres
C00560,1938,Société· Franco,franco
C00608,1938,"Socl6t6 Egyptienne Financière pour le Commercect l'Industrie "" Sefina ""·",socl6t6 egyptienne financiere commercect industrie sefina
C00609,1938,Sol'iélé lmnwbiliè•rc de Zmualck,sol iele lmnwbilie rc zmualck
C00610,1938,Stanclsrd Oil Co. of Egypt,stanclsrd oil co egypt
C00611,1938,"Standard Oil Co. of Egypt, S.A",standard oil co egypt s
C00612,1938,"Sté. Egyptienne des Industries Chimiques, S.A.E",ste egyptienne industries chimiques s e
C00613,1938,Succession Léon de I-Ielller,succession leon i ielller
C00614,1938,Suclan lm port & Export Cy,suclan lm port export cy
C00615,1938,Sun Life Assurance Co. of Canada,sun life assurance co canada
C00616,1938,Surveillance de The Egyptian Delta Rice Mills Co,surveillance egyptian delta rice mills co
C00617,1938,Surveillance de la Banque de ContmcJ·cc,surveillance banque contmcj cc
C00618,1938,Syndicat des Obligataires de la Société Générale des Sucreries ct de la Raffinerie d'Egypte,syndicat obligataires generale sucreries ct raffinerie egypte
C00619,1938,Sénat,senat
C00620,1938,T!1e Alexandrin Navigation Cy. Ltcl. (London),t 1e alexandrin navigation cy ltcl london
C00621,1938,TJ1c Gabbari Land Co,tj1c gabbari land co
C00622,1938,Technique de la Nitrate Corporation of Chile Ltd. (Egypt & Near East Branch),technique nitrate corporation chile egypt near east branch
C00623,1938,Technique de la Salonica Cigarette Co .. S. A. E,technique salonica cigarette co s e
C00624,1938,Textile de Choubrah,textile choubrah
C00625,1938,Textile de Choubrah. - (Nombreuses hautes distinctions honorifiques),textile choubrah nombreuses hautes distinctions honorifiques
C00503,1938,The,
C00626,1938,"The ,\lcxnndt'ia Excilange Co. Ud. ct cle l'Alexandrin & Hnmlclt Huilways Co",lcxnndt ia excilange co ud ct cle alexandrin hnmlclt huilways co
C00627,1938,"The 1-Iinshelwood Paint & Oil Co. of Egypt, S.A.E",1 iinshelwood paint oil co egypt s e
C00628,1938,The 1\hediYiul Mail Line,1 hediyiul mail line
C00629,1938,The Aboukir Co,aboukir co
C00630,1938,The Aboul<ir Co,aboul ir co
C00631,1938,The African Enterprise &,african enterprise
C00260,1938,The African Enterprise & Development Co,african enterprise development co
C00632,1938,"The Alcxandria Pressing Co., S.A.E",alcxandria pressing co s e
C00633,1938,"The Alcxandria Transport Cy., S.A.E",alcxandria transport cy s e
C00634,1938,"The Alexanclria Insurance Co., S.A.E",alexanclria insurance co s e
C00635,1938,The Alexand1·ia Ccnlnll l3uildiugs,alexand1 ia ccnlnll l3uildiugs
C00007,1938,The Alexandria & Ramleh Railways Co. Ltd,alexandria ramleh railways cy
C00011,1938,The Alexandria Navigation Cy,alexandria navigation cy s e
C00014,1938,The Alexandria Waler Company,alexandria water company
C00636,1938,"The Alexandria Watcr Co., Ud",alexandria watcr co ud
C00015,1938,The Alexandria Water Cy. Ltd,alexandria water cy
C00637,1938,The Amalgamated lee Factories & Cold Stores,amalgamated lee factories cold stores
C00638,1938,The Anglo-Amc rican Tilc & Toul'isl Co,anglo amc rican tilc toul isl co
C00020,1938,The Anglo-American Nile & Tourist Co,anglo american nile tourist cy
C00639,1938,The Anglo-Belgian Co. ct de la Société Egyptienne de Ciment Portland Tomall,anglo belgian co ct ciment portland tomall
C00640,1938,The Anglo-Belgian Co. ct de la Société Viticole et Vinicolecl'Egyptc,anglo belgian co ct viticole vinicolecl egyptc
C00641,1938,The Anglo-Egy11tiun Oillïclcl,anglo egy11tiun oilliclcl
C00022,1938,The Anglo-Egyptian Land Allotment Co,anglo egyptian land allotment
C00642,1938,The Associatecl Cotton Ginners,associatecl cotton ginners
C00195,1938,The Associated Cotton Ginners,associated cotton ginners
C00643,1938,The Bottled Gas Company,bottled gas company
C00644,1938,The British Egyptian Cotton Cy. Ud,british egyptian cotton cy ud
C00645,1938,The Building Lands Cy,building lands cy
C00646,1938,The Cairo Electl'ic Railways & Heliopolis Oases Co,cairo electl ic railways heliopolis oases co
C00198,1938,The Cairo Electric Rail ways & Heliopolis Oases Co,cairo electric rallways heliopolis oases cy
C00647,1938,The Cairo Electric Railw ays and Heliopolis Oases Co,cairo electric railw ays heliopolis oases co
C00198,1938,The Cairo Electric Railways & Heliopolis Oascs Co,cairo electric rallways heliopolis oases cy
C00198,1938,The Cairo Electric Railways & Heliopolis Oases Co,cairo electric rallways heliopolis oases cy
C00198,1938,The Cairo Electric Railways & Ileliopolis Oases Cy,cairo electric rallways heliopolis oases cy
C00198,1938,The Cairo Electric Railways and Heliopolis Oases Co,cairo electric rallways heliopolis oases cy
C00037,1938,The Cairo Suburban Building Land Co,cairo suburban buildings lands co
C00648,1938,The Cairo& Financial Cy,cairo financial cy
C00649,1938,The Choremi Benachi Cotton Co,choremi benachi cotton co
C00650,1938,The Choremi l3enn.clli Cotton Co,choremi l3enn clli cotton co
C00649,1938,"The Choremi, Benachi Cotton Co",choremi benachi cotton co
C00651,1938,"The Choremi, J3enachi Cotton Co",choremi j3enachi cotton co
C00652,1938,The Commercial Dank of Egypt,commercial dank egypt
C00653,1938,The Egyplian Finance Cy,egyplian finance cy
C00654,1938,The Egyplian General Omnibus Co,egyplian general omnibus co
C00655,1938,The Egyplian Ilolels l .tel,egyplian ilolels tel
C00656,1938,The Egyplian Land & Building Cy,egyplian land building cy
C00657,1938,The Egyptian Bonclecl \Varehouses,egyptian bonclecl varehouses
C00658,1938,"The Egyptian Coppcr \\'orks, S.A.E",egyptian coppcr orks s e
C00659,1938,"The Egyptian Coppcr\Vorks, S.A.E",egyptian coppcr vorks s e
C00659,1938,"The Egyptian Copper 'vVorks, S.A.E",egyptian coppcr vorks s e
C00660,1938,The Egyptian Copper Works,egyptian copper works
C00659,1938,"The Egyptian Copper Wor·l<s, S.A.E",egyptian coppcr vorks s e
C00659,1938,"The Egyptian Copper \Vorks, S.A.E",egyptian coppcr vorks s e
C00209,1938,The Egyptian Cotton Cy,egyptian cotton cy
C00069,1938,The Egyptian Delta Land & Investment Co. Ltd,egyptian delta land investment
C00069,1938,The Egyptian Delta Land & Investment Cy,egyptian delta land investment
C00661,1938,The Egyptian Delta Rice Mills Co,egyptian delta rice mills co
C00662,1938,The Egyptian Engineering,egyptian engineering
C00210,1938,The Egyptian Enterprise & Development Co,egyptian enterprise development co
C00343,1938,The Egyptian Finance Co,egyptian finance co
C00344,1938,The Egyptian General Omnibus Co,egyptian general omnibus cy
C00663,1938,The Egyptian Hotels Ud,egyptian hotels ud
C00664,1938,The Egyptian Huad Construction Co,egyptian huad construction co
C00665,1938,The Egyptian IIoLels Ud,egyptian iiolels ud
C00666,1938,The Egyptian Ilotcls,egyptian ilotcls
C00667,1938,The Egyptian Land & Building,egyptian land building
C00072,1938,The Egyptian Motor Transport Co,egyptian motor transport co
C00668,1938,The Egyptian Neon Light Cy,egyptian neon light cy
C00669,1938,The Egyptian Petroleum Storage Co,egyptian petroleum storage co
C00212,1938,"The Egyptian Produce Trading Cy., S.A.E",egyptian produce trading cy
C00664,1938,The Egyptian Road Construction,egyptian huad construction co
C00664,1938,The Egyptian Road Construction Co,egyptian huad construction co
C00073,1938,The Egyptian Salt & Soda Cy. Ud,egyptian salt soda
C00670,1938,The Egyptian Trading Co. Ltcl. (Liverpool),egyptian trading co ltcl liverpool
C00347,1938,"The Egyptian Works & Construction Co., S.A.E",egyptian vorks construction co
C00671,1938,"The Egyptian Works & Construction Cy., S.A.E",egyptian works construction cy s e
C00672,1938,The Egyptian'1\Œotor Transport Co,egyptian 1 oeotor transport co
C00673,1938,The Elcctric,elcctric
C00674,1938,The Elcdrit,elcdrit
C00675,1938,The Eleclricity & lee Supply Co,eleclricity lee supply co
C00676,1938,The Engineering Co of Egypl,engineering co egypl
C00677,1938,"The Engineering Co. of Egypt, S. A. E",engineering co egypt s e
C00678,1938,The Fayoum Light Railways Co,fayoum light railways co
C00214,1938,The Gabbari Land Co,gabbari land co
C00679,1938,The Gabbary Land Cy,gabbary land cy
C00680,1938,The General AcciclcnL Fire & Lifc Assurance Corp. Lld,general acciclcnl fire lifc assurance corp lld
C00681,1938,The General Accident Fire & Life Assumncc Corporation Ud. (Nca1· Easl Board),general accident fire life assumncc corporation ud nca1 easl board
C00362,1938,The Gharbieh Ginning Co,gharbieh ginning co
C00081,1938,The Gharbieh Land Co,gharbieh land co
C00682,1938,The Gharbieh Land Co. (Résiùant à Londres),gharbieh land co resiuant londres
C00683,1938,The Gharuieh Land Co,gharuieh land co
C00684,1938,The Gl~n.r· bieh Land Co,gl n r bieh land co
C00685,1938,"The Hinshelwood Paint & Oil Co. of Egypt, S.A.E",hinshelwood paint oil co egypt s e
C00685,1938,"The Hinshelwood Paint & Oil Co. of Egypt, S.A.E. la",hinshelwood paint oil co egypt s e
C00685,1938,"The Hinshelwood Paint & Oil Co. of Egypt, s.,\..E",hinshelwood paint oil co egypt s e
C00685,1938,"The Hinshelwood Paint & Oil Cy. of Egypt, S A.E",hinshelwood paint oil co egypt s e
C00685,1938,"The Hinshelwood Paint & Oil Cy. of Egypt, S.A.E",hinshelwood paint oil co egypt s e
C00091,1938,The Land Bank of Egypt,land bank egypt
C00686,1938,The Manure Co. of Egypt,manure co egypt
C00687,1938,"The Marconi Hadio Telegraph Co. of Egypt, S. A",marconi hadio telegraph co egypt s
C00092,1938,The Menzaleh Canal Navigation Co,menzaleh canal navigation
C00218,1938,The Mortgage Co. of Egypt,mortgage co egypt
C00417,1938,"The National Ginning Co. of Egypt, S.A.E",national ginning co egypt s e
C00099,1938,The National Insurance Co. of Egypt,national insurance co or egypt
C00688,1938,The National J3ank of Egypt ct de The National Insurance Co,national j3ank egypt ct national insurance co
C00101,1938,The National PeLroleum Co,national petroleum cy
C00101,1938,The National Petroleum Cy,national petroleum cy
C00689,1938,The New Egyplian Coy,new egyplian coy
C00690,1938,The Nile Ginning Co,nile ginning co
C00690,1938,"The Nile Ginning Co., S.A",nile ginning co
C00690,1938,"The Nile Ginning Co., S.A.E",nile ginning co
C00691,1938,"The Nile Ginning Co., S.A.E. (Minia). s",nile ginning co s e minia s
C00692,1938,The Palestine IIotels,palestine iiotels
C00693,1938,"The Pharaonic Mail Lino, S.A.E",pharaonic mail lino s e
C00432,1938,The Port-Said Salt Association Ltd,port said salt associa lion
C00694,1938,The Sheffield,sheffield
C00695,1938,"The Sheffield Smelting Co. (Egypt), S.A.E",sheffield smelting co egypt s e
C00696,1938,The Simon Artz,simon artz
C00697,1938,"The Sl1cfficld Smelling Co. (Egypt), S.A.K",sl1cfficld smelling co egypt s k
C00611,1938,"The Standard Oil Co. of Egypt, S,A",standard oil co egypt s
C00611,1938,"The Standard Oil Co. of Egypt, S.A",standard oil co egypt s
C00698,1938,"The Tractor & Engineering Co., S.A.E",tractor engineering co s e
C00699,1938,"The Tractor Cy. of Egypt, S.A.E",tractor cy egypt s e
C00700,1938,The United Egyplii,united egyplii
C00222,1938,The United Egyptian Nile Transport Co,united egyptian nile transport co
C00701,1938,The Uppe1· Egypt Hotels Co,uppe1 egypt hotels co
C00702,1938,The Upper Bgypt Ginning Factory,upper bgypt ginning factory
C00703,1938,"The Upper Egypt Ginning Co., S. A. E",upper egypt ginning co s e
C00703,1938,"The Upper Egypt Ginning Co., S.A.E",upper egypt ginning co s e
C00704,1938,The ational Pctrolrum Co. ct de la Société Egyptienne des P6L!·olcs,ational pctrolrum co ct p6l olcs
C00705,1938,"The i\!isr Concretc Development Cy., S.A.E",i isr concretc development cy s e
C00503,1938,The l,
C00706,1938,The pper Egypt Ginning Co,pper egypt ginning co
C00707,1938,"The r,ond Agenl'y of Egypt",r ond agenl y egypt
C00708,1938,The rcw Egyptian Co,rcw egyptian co
C00709,1938,The. Land Baui<. of Egy11L,land baui egy11l
C00710,1938,"Theational Contracting Co., S.A.E",theational contracting co s e
C00711,1938,"Thr Sl1effield Smclling Co. (Egypl), S.A.E",thr sl1effield smclling co egypl s e
C00712,1938,Tilbury Contracting & Dredging Co. (Foreign) Ucl,tilbury contracting dredging co foreign ucl
C00713,1938,Tissage de Laine,tissage laine
C00714,1938,"Tissage de Laine, S.A.E",tissage laine s e
C00715,1938,Tite Aboukir Co,tite aboukir co
C00716,1938,Tite Egyplian Sull & Soda Co. Ucl,tite egyplian sull soda co ucl
C00717,1938,Tl1c rational Bank of Egypt,tl1c rational bank egypt
C00718,1938,Tl1e Alexandria Insurance Co,tl1e alexandria insurance co
C00719,1938,"TlJC Egyplinn General Omnibus Co., S.A.E",tljc egyplinn general omnibus co s e
C00720,1938,"Tllc Invicla Manufaclnring Co. of Egypt, S.A..E",tllc invicla manufaclnring co egypt s e
C00721,1938,"Tlle Egyptian Cottun Ginn~·s & Exporters, S.E",tlle egyptian cottun ginn s exporters s e
C00722,1938,"Tlle Imperial Chemical Industries (Egypt), S.A",tlle imperial chemical industries egypt s
C00723,1938,Tlte National Insurance Co. of Egypt,tlte national insurance co egypt
C00724,1938,"Toukhy's Co. for Sundries & Toys, S.A.E",toukhy s co sundries toys s e
C00724,1938,"Toukhy's Co. for Sundries and Toys, S.A.E",toukhy s co sundries toys s e
C00725,1938,"Toul<hy's Co. for Sundl'ies and Toys, S.A.F",toul hy s co sundl ies toys s f
C00726,1938,"Toul<hy's Co. for Sundries & Toys, S.A.E",toul hy s co sundries toys s e
C00727,1938,Traclor Co of Egypt,traclor co egypt
C00728,1938,Trading & Industrial,trading industrial
C00729,1938,"Trading & Industrial Corp., S.A.E",trading industrial corp s e
C00729,1938,"Trading& Industrial Corp., S.A.E",trading industrial corp s e
C00143,1938,Tramways d'Alexandrie,tramways alexandrie
C00730,1938,Tramways d'Alexandrie (Egypte),tramways alexandrie egypte
C00731,1938,"Union ,lle.Tandrirze, Gm·nd O!ficie7· cle la Co'Uronnc d'Italie, Chevalier Sls. Mato-rice cC",union lle tandrirze gm nd o ficie7 cle co uronnc italie chevalier sls mato rice cc
C00230,1938,Union Foncière d'Egypte,union fonciere egypte
C00732,1938,Union Internationale des Puli'Olcs ct clc J'Union des PNrulcs des Martigues,union internationale puli olcs ct clc j union pnrulcs martigues
C00733,1938,Union Syndicale des Compagnies d'Assurances à p1 imes fixes de toutenature,union syndicale compagnies assurances p1 imes fixes toutenature
C00734,1938,Union des Agriculteurs d'Egypte,union agriculteurs egypte
C00222,1938,United Egyptian Nile Transport Co,united egyptian nile transport co
C00735,1938,Upper Egypl Ginning Cy,upper egypl ginning cy
C00703,1938,"Upper Egypt Ginning Co., .A.E",upper egypt ginning co s e
C00224,1938,Upper Egypt Hotels,upper egypt hotels
C00736,1938,"Usines 1\élinies d'Egrenage ct cl'IIuilcrics, S.A.E",usines 1 elinies egrenage ct cl iiuilcrics s e
C00737,1938,Usines Héunies d'Egrenage ct d'Huileries,usines heunies egrenage ct huileries
C00738,1938,"Usines Ré,mies d'Egrenage",usines re mies egrenage
C00739,1938,Usines Textiles Al-1\,usines textiles al 1
C00740,1938,Usines Textiles Al-Kahira,usines textiles al kahira
C00741,1938,Usines d'Egrenage,usines egrenage
C00742,1938,"Usinrs Textiles Al-Knllira, S.,\.E",usinrs textiles al knllira s e
C00580,1938,Viticole et Vinicole d'Egypte,viticole vinicole egypte s e
C00743,1938,\.omité de Surveillance de la S.A. Agricole cL Industrielle d'EgypLe,omite surveillance s agricole cl industrielle egyple
C00744,1938,"\clminislra-tion clc la Soeiél.é Egypliermc de Filature cl de Tissage de !""aine, S.A.E",clminislra tion clc soeiel e egypliermc filature cl tissage aine s e
C00745,1938,"\dminisLraLion de la S.E. des Tuyaux, PoLcaux ct ProduiLs en Ciment Armé ct dr la Banque i\Iosscri, S. A. E",dminislralion s e tuyaux polcaux ct produils ciment arme ct dr banque i iosscri s e
C00746,1938,"\dminisLralion du Banco llalo Egiziano. ,Ja",dminislralion banco llalo egiziano ja
C00747,1938,\dmiuislration du Crédit Immollilier Suissc-Egypticll,dmiuislration credit immollilier suissc egypticll
C00748,1938,"_'ile Oil Co., S.A.E",ile oil co s e
C00749,1938,"a ti on de The Simon At tz Stores, S.A.E",ti on simon at tz stores s e
C00750,1938,ational Contrading Co. of Egypt,ational contrading co egypt
C00751,1938,au Consortium de Loteries (F. A.I.P.A.E.),consortium loteries f i p e
C00752,1938,"cL Adn<inislratcur de la Pcllours, S.A.E",cl adn inislratcur pcllours s e
C00753,1938,cL Dirccl.eur Générnl cie In Société Anonyme Ag1·icole ct Jncluslriclle d'Egyple,cl dirccl eur genernl cie in ag1 icole ct jncluslriclle egyple
C00754,1938,cie la Chambre de Commerce Egyptienne d'Alexandrie,cie chambre commerce egyptienne alexandrie
C00755,1938,cl 'Administration de The Commercial & E,cl administration commercial e
C00756,1938,cl 'Administration de The Egyptian Delta Land & Investment Co,cl administration egyptian delta land investment co
C00757,1938,cl 'Administration de The Gharbieh Land Co,cl administration gharbieh land co
C00758,1938,"cl 'Administration de The Trac tor& Engineering Co., S .. \.E. ·'",cl administration trac tor engineering co s e
C00759,1938,cl 'Administration de la S. A. E. Industl'ie Fil>res Textiles,cl administration s e industl ie fil res textiles
C00760,1938,"cl 'Administration de la Société Egyptienne pour le Tannage ct l'Industrie du Cuir, S.A.E",cl administration tannage ct industrie cuir s e
C00761,1938,"cl 'Administration de la Toukhy's Co. for Sundries & Toys, S.A.E. Giannotl.i, VitlO!'io, Commandeur de la Couronne d'Italie",cl administration toukhy s co sundries toys s e giannotl i vitlo io commandeur couronne italie
C00762,1938,cl 'Administration de lu Soc1été Egyptienne de Placements,cl administration lu soc1ete egyptienne placements
C00763,1938,"cl' ,\dminislralion de la Banque Belge et Intemalionale en Egypte, S.A.E",cl dminislralion banque belge intemalionale egypte s e
C00764,1938,"cl' Admini straLion de la Banque Belge ct Internationale en Egyptc, S.A.E",cl admini stralion banque belge ct internationale egyptc s e
C00765,1938,"cl' Administration de "" Asatra », S. A. E",cl administration asatra s e
C00766,1938,cl' Administration de la National Bank of Egypt,cl administration national bank egypt
C00767,1938,"cl'AclminisLraLion de la~ot'iélé .\IIOll) 111r' Eg) plit•uue de· Cuus[l'l[('liuns ""Egyco n",cl aclminislralion ot iele iioll 111r eg plit uue cuus liuns egyco n
C00768,1938,"cl'Aclminislration de The Standard Oil Co. of Egypt, S.A",cl aclminislration standard oil co egypt s
C00769,1938,cl'Aclministmlion de la S.A. de,cl aclministmlion s
C00770,1938,cl'Aclministralion de la Société Colifomia Texas des Pétroles,cl aclministralion colifomia texas petroles
C00771,1938,cl'Admi.nisLmtion de la S.A. Agricole ct Induskiellc d'EgypLe,cl admi nislmtion s agricole ct induskiellc egyple
C00772,1938,cl'Adminis_tra·tion de la National Bank of Egypt,cl adminis tra tion national bank egypt
C00773,1938,cl'J\clministralion de la. S.A. des Chemins de Fer l\.éneh-Assouan ct de la. S.A. des Halles Centrales d'Egypte,cl j clministralion s chemins fer eneh assouan ct s halles centrales egypte
C00774,1938,clc Tilc Manmc Co. of Egypt,clc tilc manmc co egypt
C00775,1938,clc la S.A. Agricole et Industrielle d 'Egypte,clc s agricole industrielle egypte
C00776,1938,clc la S.A. des Halles Centrales cl'Egyple,clc s halles centrales cl egyple
C00777,1938,"cle la Communauté Israélite d'il/exandJ""ie",cle communaute israelite il exandj ie
C00778,1938,cle la Société Egyptienne de Ciment Portland Tourah,cle ciment portland tourah
C00779,1938,"d ',\clminislmtion de l'.\lcxuudria Central Buildings",clminislmtion lcxuudria central buildings
C00780,1938,d3 la Société de Statistique de Paris,d3 statistique paris
C00781,1938,de. l'Unfon Foncière cl 'Egypte,unfon fonciere cl egypte
C00782,1938,delu oriét6 des Autobus de Béhéra,delu oriet6 autobus behera
C00783,1938,dlf Conseil d'Administration de la Société Générale des Sucreries,dlf conseil administration generale sucreries
C00784,1938,do l'Union Alexandrine,do union alexandrine
C00785,1938,dr la S .. \. elu Domaine de,dr s elu domaine
C00786,1938,ear Ea t,ear ea t
C00787,1938,elu Banco Italo-Egiziano. p,elu banco italo egiziano p
C00787,1938,elu Banco ltalo-Egiziano,elu banco italo egiziano p
C00788,1938,"elu Co11seil d',\clminislntlion de lo S.A. des Prcs.-cs Libres Eg~·pticunes",elu co11seil clminislntlion lo s prcs cs libres eg pticunes
C00789,1938,"elu Comité de Surveillance de la Compagnie de Navigation"" La Fluviale, F. Van Der Zee & Co",elu comite surveillance navigation fluviale f van der zee co
C00790,1938,"elu Con cil d'Administrationcle The l\lcnzuleil Canal & ~avigalion Co., S.A.E",elu con cil administrationcle lcnzuleil canal avigalion co s e
C00791,1938,elu Cons~il d'Administration de The Alcxunclria Exchan.ge Co,elu cons il administration alcxunclria exchan ge co
C00792,1938,elu Crédit,elu credit
C00793,1938,elu Crédit Agricole d'Egyptc,elu credit agricole egyptc
C00794,1938,elu Crédit Foncier Egyptien,elu credit foncier egyptien
C00795,1938,elu Crédit Lyonnais à Alexandrie,elu credit lyonnais alexandrie
C00796,1938,"elu Go""LLvernenwnt aupTès etes ]jourses des Valeurs",elu go llvernenwnt auptes etes jourses valeurs
C00797,1938,en Egyptc de The Egyptüm Delta Light I\ailwuys Co,egyptc egyptum delta light i ailwuys co
C00798,1938,et Admi-,admi
C00799,1938,ete la Fédémtion des Industries en Egypte,ete fedemtion industries egypte
C00800,1938,flanque de Commerce N. Tcpcghiosi & Co,flanque commerce n tcpcghiosi co
C00801,1938,i\lcxnndria Insumncc Co,i lcxnndria insumncc co
C00802,1938,"i\nglo-Amel'ican ?'-l""ile & Tourist Co",i nglo amel ican ile tourist co
C00803,1938,"ile Oil Cy., Crédit Minier S.E. de Buca!'csl",ile oil cy credit minier s e buca csl
C00804,1938,l.Jnion Fonci(•rc cl'Egypte,jnion fonci rc cl egypte
C00805,1938,"la· S.A. "" Pharos »",s pharos
C00806,1938,let Communauté Hellénique d'Alexandrie,let communaute hellenique alexandrie
C00807,1938,lion de la Banque Belge ct lntcmnlionalc en Egyple,lion banque belge ct lntcmnlionalc egyple
C00808,1938,lion de la Banque d'Athènes (Mcmbre du Comité de Paris),lion banque athenes mcmbre comite paris
C00809,1938,lion de~ la Danque Misr,lion danque misr
C00810,1938,ln Cniro Elcclric !\ailways & Heliopolis Oaser,ln cniro elcclric ailways heliopolis oaser
C00811,1938,ln Coml1lercial Bank of Egypt,ln coml1lercial bank egypt
C00812,1938,"ln Commercial Bank of Egypt. lsmalun, René, Ingénieur ,tgronome, l.N .. \",ln commercial bank egypt lsmalun rene ingenieur tgronome n
C00813,1938,ln S.A. des Eaux du Caire,ln s eaux caire
C00814,1938,ln S.E. cl'ltTig.1lion,ln s e cl lttig 1lion
C00815,1938,ln Société des Biens de Rapport cl' Egypte,ln biens rapport cl egypte
C00816,1938,ln. Société Générale Immobilière d'Egypte,ln generale immobiliere egypte
C00817,1938,lu Commercial Bank of Egypt,lu commercial bank egypt
C00818,1938,lu Cuira Suburban Building Lands Co,lu cuira suburban building lands co
C00819,1938,lu Khedivial Mail Slcamship & Graving Docks Co. Ltcl. i7,lu khedivial mail slcamship graving docks co ltcl i7
C00820,1938,lu S. A. des Eaux du Caire,lu s eaux caire
C00821,1938,lu S.A. de\Vacli 1\.om Omho,lu s vacli 1 om omho
C00822,1938,lu S.A. des Monts de Piété,lu s monts piete
C00823,1938,lu S.A. desllulles Centrales d'EgypLe,lu s desllulles centrales egyple
C00824,1938,lu Société CaliJornia Texas des Pétroles. u,lu calijornia texas petroles u
C00825,1938,lu Société Cotonnière d'Egypte,lu cotonniere egypte
C00826,1938,lu Société Egyptienne cl 'Eu trcp1-iscs Urbailws ct Rumlcs,lu cl eu trcp1 iscs urbailws ct rumlcs
C00827,1938,lu Société Générale pour favoriser le dévcloppc Jilenl elu Commel'(,lu generale favoriser devcloppc jilenl elu commel
C00828,1938,lu Société The Egyptian General Omnibus Co,lu egyptian general omnibus co
C00829,1938,lu Société de Navigation Fluviale cL des Bateaux Omnibus,lu navigation fluviale cl bateaux omnibus
C00830,1938,lu s ..\ . des Tramways elu Caire,lu s tramways elu caire
C00831,1938,nion Foncière d'Egypte,nion fonciere egypte
C00832,1938,nombreuses sociétés belges et étrangères,nombreuses societes belges etrangeres
C00833,1938,"ociété Nationale d'Egypte pour l'Exploitation des Mines ct Carrières, S. A. E",ociete nationale egypte exploitation mines ct carrieres s e
C00834,1938,p.i. de la Société Gé11én1lc d'Elcclricilé cL de Mécanique,p i ge11en1lc elcclricile cl mecanique
C00835,1938,"p.i. du Conseil d'Administrali~n clc The Union CoLLan Cy.-of Alcxandl""ia, S.A",p i conseil administrali n clc union collan cy alcxandl ia s
C00836,1938,plusieurs Sociétés Anglaises,plusieurs societes anglaises
C00837,1938,rlu Conseil d'Administration de la S.A.E. de l'Industrie Fibres Textiles,rlu conseil administration s e industrie fibres textiles
C00838,1938,socidé Gént'~1 ale de Pressage cl de Dépôt~,socide gent 1 ale pressage cl depot
C00839,1938,"toutes les Entreprises Misr, financières, commerciales et industrielles, fondées par la Banque Misr en Egypte et à l'étranger",toutes entreprises misr financieres commerciales industrielles fondees par banque misr egypte etranger
C00840,1938,toutes les Sociétés créées par le Groupement Misr,toutes societes creees par groupement misr
C00841,1938,"tt Al-Chark n(L'Orient), S.A.E. d'Assumnces sur la Vic",tt al chark n orient s e assumnces sur vic
C00842,1938,~tration de la Banque d'Athènes,tration banque athenes
C00003,1938,"« Al-Chark » (L'Orient), Société Anonyme Egyptienne cl' Assurances sur la Vie",al chark orient assurances sur vie
C00843,1938,·Général de la Statistique Egyptienne,general statistique egyptienne
C00844,1938,"·ation de la Société Texas Egyptienne des Pétroles, S.A.E",ation texas egyptienne petroles s e
C00845,1938,·elu Conseil cl' Administrati.on cle la National Bank of Egy.pt,elu conseil cl administrati on cle national bank egy pt
C00846,1938,Çl-harbieh Land. Co. ·,cl harbieh land co
C00847,1938,à Bruxelles de la Société Belge Egyptienne de l'Ezbékieh,bruxelles belge egyptienne ezbekieh
C00144,1942,!.a Société Anonyme des Tramways du Caire,tramways caire
C00076,1942,!~ Filature Nationale d'Egyplt>,filature nationale egypte
C00848,1942,"""Aclministralion dt• la Socirét-è Misr d'Assurances Génénl les",aclministralion dt sociret e misr assurances genenl
C00849,1942,'!lu Conseil d'Administration cie la 0Jalional Ginning Co,lu conseil administration cie 0jalional ginning co
C00850,1942,"'Ad.r.Pinislration de la Pharaonic Mail Line, S.A.E",ad r pinislration pharaonic mail line s e
C00851,1942,'J'he EgypLian \lolor Transport Co,j he egyplian lolor transport co
C00852,1942,'The Anglo-Egyptian Land Al,anglo egyptian land al
C00853,1942,'\'l.anufacture de Textil!'S Egyptiens (Karpelès & Co.),anufacture textil s egyptiens karpeles co
C00854,1942,'al de la Statistique Egyptienne,al statistique egyptienne
C00855,1942,'ation de the Al~xandria Pressing Co. eL cle the Egyplian Trading Co. LLcl. (Liverpool),ation al xandria pressing co el cle egyplian trading co llcl liverpool
C00856,1942,'rhe Egyptian Copper WOI'ks. S.A.E,rhe egyptian copper woi ks s e
C00857,1942,(le la Société Viticole eL Vinicok d'Egypte,viticole el vinicok egypte
C00858,1942,-Dr•Ji(•gut'· <lt· Tllf' 8!-!~'J>Iian t,dr ji gut lt tllf 8 j iian t
C00859,1942,-Dél-égu'é de la Fayoum Lighl Rys. Co,del egu e fayoum lighl rys co
C00860,1942,"-Dél2· gué cle The Cairo Electric R.ailways & Heliopolis Oas-es Co., rte The Africa.n Enterprise ,& Development Co",del2 gue cle cairo electric r ailways heliopolis oas es co rte africa n enterprise development co
C00861,1942,-Dél<égué cie J'Union Foncière cl'EgypLP,del egue cie j union fonciere cl egyplp
C00862,1942,-Déltégué de l'Anglo-Egyp Lian Land Allotment Co,deltegue anglo egyp lian land allotment co
C00863,1942,-Délég·ue de IR C J·own-Bri'vvery,deleg ue ir c j own bri vvery
C00864,1942,-ation de la T'einlureriP l~i'anco-Egyptienne. S.A.E,ation t einlurerip i anco egyptienne s e
C00865,1942,11Fluvialen,11fluvialen
C00866,1942,1\alional lusurance Co,1 alional lusurance co
C00867,1942,<(Je lA S.A. dPs Tramways du Caire,je s dps tramways caire
C00868,1942,"<lu Conseil Ll'AdministraLion de la Toukhy's Co. l'or Sumlries & Toys, S.A.E",lu conseil ll administralion toukhy s co or sumlries toys s e
C00869,1942,AcJmjnistral.ion el Direclettr Techni·q•ue de Tlw Da.ka.hlieh Lan cl Co,acjmjnistral ion el direclettr techni q ue tlw da ka hlieh lan cl co
C00870,1942,"AclminisL1·aL.ion lit' la Sor·it-'1.(' Commerciale Bulgaro-Egypt.ienne, S.A.E",aclminisl1 al ion lit sor it 1 commerciale bulgaro egypt ienne s e
C00871,1942,"AclminisLI'aLion de la Sociévé Anonyme des lmmeublrs Réunis, S.A.E",aclminisli alion socieve anonyme lmmeublrs reunis s e
C00872,1942,"AclminisLration de «Al-Charkn (L'Orient), S.A.E",aclminislration al charkn orient s e
C00873,1942,"Aclminisi.l'a.lion des ""Cllaussur·es Balan, S.A.E",aclminisi lion cllaussur es balan s e
C00874,1942,Aclminislr.aLion de laSo CÏ'été Foncière du Domaine cie Clwil\11 Fa dl ri cie la S.A. de Wadi Kom-Omb,aclminislr alion laso ci ete fonciere domaine cie clwil 11 fa dl ri cie s wadi kom omb
C00875,1942,AclminislraLion cle la Banque d'Athènes,aclminislralion cle banque athenes
C00876,1942,"Aclminislr·a.Lion cie l.a Be~·­ cla Dyers, S.A.E., Pl de The Bradford DyPrs' Association",aclminislr lion cie be cla dyers s e pl bradford dyprs association
C00877,1942,Aclministeation de la Sociét.é Egyptienne de F'ilal.nrr ri cle Tissage de la Laine .. S.A.E,aclministeation societ e egyptienne f ilal nrr ri cle tissage laine s e
C00878,1942,AclministraLion de la Société Générale des Sucreries rt de la Raffinerie cl'Egypte,aclministralion generale sucreries rt raffinerie cl egypte
C00879,1942,"Actminislt'alion dr la Soci•éll~ J<'ranco-Egyplirnnr ciP r.l'éclit, S.A.!!",actminislt alion dr soci ell j ranco egyplirnnr cip r eclit s
C00880,1942,"Admhlistration de The Egyptian Worl<s & Construction Co., S.A.E",admhlistration egyptian worl s construction co s e
C00881,1942,Administration .cie l'Egyptian .Salt & Soda Co,administration cie egyptian salt soda co
C00882,1942,"Administration de la Société Egyptienne pour l'Exploitation des ·Mines et Canières, S.A.E",administration exploitation mines canieres s e
C00883,1942,"Adrninisll'alion 'fl',,i\1-Chark» (L'ORI.E~'l'), S.A.E. tl'Assurancc~s sur J.a Vie",adrninisll alion fl i 1 chark ori e s e tl assurancc s sur j vie
C00884,1942,Agmce du Crédi L Lyonnais au Caire,agmce credi lyonnais caire
C00885,1942,Aiexandr.ia Walt\r' 1,aiexandr ia walt r 1
C00886,1942,Airxandri.a Tnsurance Co,airxandri tnsurance co
C00886,1942,Airxandri.a Tnsuranct·' Co,airxandri tnsurance co
C00887,1942,Alep,alep
C00888,1942,Alex.anclria,alex anclria
C00889,1942,Alex.andria Navigation Co,alex andria navigation co
C00890,1942,Alexan<lll'ia lnsu1·ance C,alexan lll ia lnsu1 ance c
C00891,1942,Alexanclria Exchange Co,alexanclria exchange co
C00189,1942,Alexandria Central Buildings Co,alexandria central buildings
C00892,1942,Alexandria Insurance Co. el clr la Société Cotonnière ~aaraü,alexandria insurance co el clr cotonniere aarau
C00893,1942,Alexandria Na vig.ation Co. (London) Ltd,alexandria na vig ation co london
C00012,1942,Alexandria Pressing,alexandria pressing
C00894,1942,"Alexandria Racing ClulJ, S.A. E",alexandria racing clulj s e
C00267,1942,Alexandria Transpor.t Co,alexandria transport co
C00014,1942,Alexandria Water ·Company,alexandria water company
C00010,1942,Alexandria lnsurance Co,alexandria insurance co
C00895,1942,Alexanrtria Lifc lnsurancc Co,alexanrtria lifc lnsurancc co
C00896,1942,Alrxanclria & IlamlPll Railways Co. Ud,alrxanclria ilamlpll railways co ud
C00897,1942,"Anglo Egyplian Mining, S.l\.E",anglo egyplian mining s e
C00022,1942,Anglo Egyptian Land AllaLment,anglo egyptian land allotment
C00019,1942,Anglo-Belgian Co. of Egypt,anglo belgian co egypt
C00898,1942,Anglo-EgypLian ü.ilfields,anglo egyplian u ilfields
C00899,1942,"Artminisl!'.al.ion du Comptolr,d.es ·Ciments eL Adminislraleur-Dirr~cteul' dP la Société do",artminisl al ion comptolr es ciments el adminislraleur dirr cteul dp do
C00900,1942,"Asia & AJrica Trading Cy., S.A.E",asia ajrica trading cy s e
C00900,1942,"Asia & Africa Trading Co., S.A.E",asia ajrica trading cy s e
C00901,1942,Aumillislraliou Lor,aumillislraliou lor
C00593,1942,Autobus du Nord,autobus nord
C00902,1942,Autobus ùu Cairr,autobus uu cairr
C00903,1942,Aüministralion cle la Sociét(~ Egyptienne cle Teint.ure et. d'Apprêt,auministralion cle societ egyptienne cle teint ure appret
C00904,1942,Banqm Hypothécaire Agricole cl'Egypte et clr~ la Société Royale cl' Agri•culture,banqm hypothecaire agricole cl egypte clr royale cl agri culture
C00905,1942,Banque Belge eL lnlernationale en Egyple,banque belge el lnlernationale egyple
C00906,1942,"Banque Belge et Int.ernationale en Egypte, S.A.E",banque belge int ernationale egypte s e
C00026,1942,Banque Belge rL Internationale en Egypte,banque belge in ternationale egypte
C00028,1942,Banque Misr,banque misr
C00284,1942,"Banque d'Athènes, S.A",banque athenes
C00907,1942,Banque.\lisr,banque lisr
C00908,1942,Banqur Belge et Inlt··rnaLiona!P ·\'n Eg\'j1ll',banqur belge inlt rnaliona p n eg j1ll
C00909,1942,"Beida Dyers, S.A.E. el de Tlle Bradford Dyers",beida dyers s e el tlle bradford dyers
C00910,1942,CToix Ro-ug,ctoix ro ug
C00911,1942,Cairo Sand Bricl\s,cairo sand bricl s
C00294,1942,Caisse Hypothécaire d'Egyple,caisse hypothecaire egypte
C00294,1942,Caisse Hypothécaire d'Egypte,caisse hypothecaire egypte
C00912,1942,Carrier-Egypt,carrier egypt
C00913,1942,"Carrit'r( Egypt), S.A.E",carrit r egypt s e
C00914,1942,Cercle Royal d'Escl'imc el autres cercles sportifs,cercle royal escl imc el autres cercles sportifs
C00915,1942,Ci('. Generale Egyptienne -df's P(·lrolr>s (Cogep) S.A.E,ci generale egyptienne df s p lrolr s cogep s e
C00304,1942,Cie. Frigorifi.que cl'Egypt!,cie frigorifique cl egyple
C00916,1942,"Cigarettes ""\ ·Ps1or Gianac",cigarettes ps1or gianac
C00917,1942,Cnm.ilé National des Sporrts,cnm ile national sporrts
C00918,1942,"Cnnsl'il d'i\drninistralion de IR Crownegypl Co., S.A.E",cnnsl il i drninistralion ir crownegypl co s e
C00919,1942,Comité de Paris de la Banque cl' Athènes),comite paris banque cl athenes
C00920,1942,Compagnie Générale de~ Sels,generale sels
C00921,1942,Compagnie d'Assurances uAl Chark»,assurances ual chark
C00922,1942,Comploir 1les Ciments,comploir 1les ciments
C00923,1942,Conlmuna'ttlé Hellèniqu~e d'Alerond·ril',conlmuna ttle helleniqu e alerond ril
C00924,1942,"Conseil cl' Administration cle The Alexanclria Insurance Co., S.A.E",conseil cl administration cle alexanclria insurance co s e
C00925,1942,"Conseil cl'Aclminislration de la Trading Industrial Corp., S.A.E",conseil cl aclminislration trading industrial corp s e
C00926,1942,Conseil d'Administrat.ion Lie la Commercial & Estates Co. of Egypt,conseil administrat ion lie commercial estates co egypt
C00927,1942,"Conseil d'Administration de la Société Egyptienne pour l'Exploitation des Mines et Carrièr~s, S.A.E",conseil administration exploitation mines carrier s s e
C00928,1942,Cons~il d'Administration du Crédit Foncier Egyptien,cons il administration credit foncier egyptien
C00929,1942,Cow' d'Appel lndi.gène du Caire,cow appel lndi gene caire
C00930,1942,Cr~écliL Foncier Egyptien,cr eclil foncier egyptien
C00931,1942,"Crédil Alexandrin, S.A.E",credil alexandrin s e
C00322,1942,Crédit,credit
C00932,1942,Crédit A'gricole d'EgyrJte el du Crédit Hypothécaire.4gricole d'Egyptf',credit gricole egyrjte el credit hypothecaire 4gricole egyptf
C00933,1942,Crédit Agricole Pl H~rpcthécaire d'Egypte,credit agricole pl h rpcthecaire egypte
C00059,1942,Crédit Agri·cole d'Egypte,credit agricole egypte
C00060,1942,Crédit Foncier Egyptien,credit foncier egyptien
C00934,1942,Crédit Immobilier Suisse-Eg·yptien,credit immobilier suisse eg yptien
C00935,1942,"Cuuseil ü""AdmiuislralioJl dt• The Union Cotton Company of Alexand'ria",cuuseil u admiuislraliojl dt union cotton company alexand ria
C00936,1942,Dakahlieh Lallfl r.o,dakahlieh lallfl r o
C00937,1942,Dn11anes F.gyptiennes,dn11anes f gyptiennes
C00334,1942,Dépôts,depots
C00938,1942,Dépôts eL de la Carver Bros & Co. Lld,depots el carver bros co lld
C00939,1942,Egyplian H,egyplian h
C00940,1942,Egyplian l<'inance Co,egyplian inance co
C00941,1942,Egypt ian Cement Worl<s,egypt ian cement worl s
C00942,1942,"Egypti.an Neon Light Co., S.A.E. et .cJu Syndicat drs Obligataires dr la Société Générale clrs .Sucrrrirs Pl clr la Haffinrrir d'Egypte",egypti an neon light co s e cju syndicat drs obligataires dr generale clrs sucrrrirs pl clr haffinrrir egypte
C00207,1942,Egyptian Bonclecl Warehouses Co. Ltcl,egyptian boncled warehouses cy ltcl
C00208,1942,Egyptian Bonded Warehousrs Co,egyptian bonded warehouses cy
C00943,1942,"Egyptian Copp~r Wo-rks, S.A.E",egyptian copp r wo rks s e
C00347,1942,Egyptian Works & Constructions Co,egyptian vorks construction co
C00944,1942,Egyptürn Finance Co,egypturn finance co
C00213,1942,Electric LighL & Power Supply Co,electric light power supply
C00945,1942,"Etablissements Industriel-s pour la Soie et le Coton . . E. Zananiri, Georges (Pacha), Anci.e'n Sénateur",etablissements industriel s soie coton e zananiri georges pacha anci e n senateur
C00946,1942,Exportation des Conserves,exportation conserves
C00947,1942,FP.déralion Egyptienne des Industries,fp deralion egyptienne industries
C00948,1942,FilaLurr ~alionaiP cl'EgypLe,filalurr alionaip cl egyple
C00949,1942,Frécl(•ralion Egyptienne deslnüuslrics,frecl ralion egyptienne deslnuuslrics
C00950,1942,FédéraLion Internationale des Techniciens Agronomes,federalion internationale techniciens agronomes
C00078,1942,Fédération Egyptienne des Industries,federation industries egypte
C00951,1942,"G.ar- bieh Ginning Co., S.A",g ar bieh ginning co s
C00214,1942,Gabbari Land Co,gabbari land co
C00952,1942,Gabhari Land Co,gabhari land co
C00953,1942,Gener.aloMotors Co,gener alomotors co
C00954,1942,General Mot.ors Ne.ar,general mot ors ne ar
C00360,1942,"General Society for Banking, Trading & Land Ent.erpriscs, S.A.E",general society banking trading land enterprises s e
C00955,1942,"General.\lolors 1\'ear East, S.A.E",general lolors 1 ear east s e
C00956,1942,"Gha.r!bieh, S.A. 1!",gha r bieh s 1
C00362,1942,"Gharbieh Ginning Co., S.A.E",gharbieh ginning co
C00957,1942,GharlJii•h Land Co,gharljii h land co
C00958,1942,Gr·ands H6Lels d'Egyple (Ex Nungovich),gr ands h6lels egyple ex nungovich
C00959,1942,Hama1a,hama1a
C00960,1942,Helwan Portland Cement Co. (S.A.Iî.) et,helwan portland cement co s ii
C00961,1942,"Honneur cie la Soci,été Générale ciÇJs Sucreries",honneur cie soci ete generale cicjs sucreries
C00962,1942,Honneur de l'Alexanclria Cotton Exporters Asso-eiation,honneur alexanclria cotton exporters asso eiation
C00963,1942,Honorairr üu f,honorairr uu f
C00964,1942,I.a. Teinturerie,i teinturerie
C00965,1942,IndusLrie dn Proid,induslrie dn proid
C00966,1942,Industrie .\ileunière d'Alexandrie,industrie ileuniere alexandrie
C00967,1942,Industrie Fiüres TeJXLiles,industrie fiures tejxliles
C00384,1942,Industrie du Froid,industrie froid
C00968,1942,"Industries CllimiquPs, S.A.E",industries cllimiqups s e
C00969,1942,J'Aiexandria Transport Co,j aiexandria transport co
C00970,1942,"J'Alexandria Navigafion C)'., S.A.E. Lle la Commercial & Agt>ncy of Egypl Ltd",j alexandria navigafion c s e lle commercial agt ncy egypl
C00971,1942,J'Alexauclria ~xporLers Associ.ation,j alexauclria xporlers associ ation
C00972,1942,J'Upper Egypt. Ginning Co .. S.A.E,j upper egypt ginning co s e
C00973,1942,"J.a Banque de Paris rt des Pays-Bas, Men1- bre du Conseil d'Adminislralion du Crédit Foncier Egyp· tien",j banque paris rt pays bas men1 bre conseil adminislralion credit foncier egyp tien
C00974,1942,"J.a Pinto Cotton Co., S.A.E",j pinto cotton co s e
C00975,1942,"J\afr El Zayat Land Co. lilkha, K. A., Financie1·, ayant d-es Etablissemernts Bancaires enligypte (Alexandrie, [,e Caire)",j afr el zayat land co lilkha k financie1 ayant es etablissemernts bancaires enligypte alexandrie e caire
C00976,1942,Ja Banquf' Belge Pl Tnlernationale en Egyple,ja banquf belge pl tnlernationale egyple
C00977,1942,Ja Garbieh Ginning(,ja garbieh ginning
C00978,1942,Ja S.A. Lies CbPmins üe Fer de Ja Bass~-Egyple,ja s lies cbpmins ue fer ja bass egyple
C00979,1942,Ja S.A.~. «Chaussu1·es BaLan,ja s chaussu1 es balan
C00980,1942,Ja So-ciété,ja so ciete
C00981,1942,Ja Soeiét(,ja soeiet
C00390,1942,"Josy Film, S.A.E",josy film s e
C00982,1942,"L,evant Bond·ed Warebouses Co",evant bond ed warebouses co
C00091,1942,Land Bank of Egypt,land bank egypt
C00983,1942,Levant Bonclr•tl W.arr!1ouses Co,levant bonclr tl w arr 1ouses co
C00984,1942,"Li.e Tlle ,\![isr Shipping, S.A.E",li e tlle isr shipping s e
C00985,1942,Lie Ja \lalional lnsurance Co. of Egypt,lie ja lalional lnsurance co egypt
C00986,1942,Lill ConsPil d'Aclminislralion de la Hf\ lexandria & Ramlrh Hvs Co,lill conspil aclminislralion hf lexandria ramlrh hvs co
C00987,1942,Lion de la Société Misr pour l'Egr~nage du Coton,lion misr egr nage coton
C00988,1942,Lion de }a Soci•éLé Egyplienne d'Entreprises et Constructions(S.E.D.E.rC.),lion soci ele egyplienne entreprises constructions s e e rc
C00989,1942,Lk la Socit\l•é Immobilière du Domaine rk Siouf,lk socit e immobiliere domaine rk siouf
C00990,1942,Ll'Aclminislration de The EgypLian Delta Land ancllnvesLemenL Cy,ll aclminislration egyplian delta land ancllnveslemenl cy
C00991,1942,Ll'Arlministralion de la Société Anonyme des Halles Cenlrales (l'Egypte,ll arlministralion halles cenlrales egypte
C00992,1942,Llr .la Eatr 1<,llr eatr 1
C00993,1942,"Ma'llufacture .Egypüenne de Bonnet~rie et Tricotage «El-Niln, S.A.E",ma llufacture egypuenne bonnet rie tricotage el niln s e
C00402,1942,"Maison d'Ameublement B. Pontremoli, S.A.E",maison ameublement b pontremoli s e
C00994,1942,Manufa-cture de Textiles Egyptien,manufa cture textiles egyptien
C00995,1942,"Manufacture de Textiles Egypt-iens, S.A.E",manufacture textiles egypt iens s e
C00996,1942,"Minieh Ginning Co. Ucl. et cle la ((Fluviale"" S.A.E",minieh ginning co ucl cle fluviale s e
C00997,1942,"National .Petroleum Co., de la Soci•été Egyptienne des Pétroles (S.E.P.)",national petroleum co soci ete egyptienne petroles s e p
C00097,1942,National Bank of Egypt,national bank egypt s
C00098,1942,National Insurance Co,national insurance co
C00421,1942,"Nile Oil Co., S.A.E",nile oil co s e
C00998,1942,"Nile'J'()xtile Co., ·S.A.E",nile j xtile co s e
C00999,1942,Omnium Français,omnium francais
C01000,1942,P.ales~ine Hotels Ucl,p ales ine hotels ucl
C01001,1942,Payoum Light. Railways Co,payoum light railways co
C01002,1942,"Phi"" lips-Orient, S.A",phi lips orient s
C00432,1942,Port Said Salt Assoeiatiou,port said salt associa lion
C01003,1942,Por~­ Sudan Forwarding Co. -Url,por sudan forwarding co url
C01004,1942,Raffinerie cl'Egyple,raffinerie cl egyple
C00110,1942,Raffinerie d'Egypte,raffinerie egypte
C01005,1942,"RosetLa & Alex.andria H.icl' ,\lills",rosetla alex andria h icl lills
C01006,1942,Rosetta & Alexandria Ricè\1ills,rosetta alexandria rice 1ills
C01007,1942,"S .. -1. ""La Fluviale"" (Vau Der le(' j",s 1 fluviale vau der j
C01008,1942,S. A. de W.adi Kom-Ombo,s w adi kom ombo
C00113,1942,S.A. Agricole eL Industrielle d'Egypte,s agricole industrielle egypte
C01009,1942,S.A. Agricolecl Indusl.rielll' cl'Egypl.t-•,s agricolecl indusl rielll cl egypl t
C01010,1942,"S.A. Immobili Riunit.i, .S.A.E",s immobili riunit i s e
C00443,1942,S.A. Immobilière des Terrains Ghizeh et Rodah,s immobiliere terrains guizch rodah
C00116,1942,S.A. Immobilière du Domaine de·Siouf,s immobiliere domaine siouf
C00805,1942,S.A. PHAROS,s pharos
C01011,1942,S.A. de Ciment Porlilancl Tourah,s ciment porlilancl tourah
C01012,1942,S.A. des Ant,s ant
C00452,1942,S.A. des Chemins de Fer de la Basse-Egypte,s chemins fer basse egypte
C00457,1942,S.A. des Eaux du Caire,s eaux caire
C01013,1942,S.A. des Presses Libres Egyp Liennes,s presses libres egyp liennes
C00467,1942,S.A. des Tramways du Caire,s tramways caire
C01014,1942,S.A. dr l\eltoyage et Prrssage dr Coton,s dr eltoyage prrssage dr coton
C01015,1942,"S.A. lmmobilièi'c ÜPs terrains GuizelHRodah et cie la S.A. des Pl""esses l.ilH·t·s E",s lmmobiliei c ups terrains guizelhrodah cie s pl esses ilh t s e
C01016,1942,S.A. ürs Tramways d'Alrxanelrie,s urs tramways alrxanelrie
C01017,1942,S.A.E Industrie Fibres Textiles,s e industrie fibres textiles
C00471,1942,"S.A.E. ,,carba»",s e carba
C01018,1942,S.A.E. CARlM,s e carlm
C01018,1942,S.A.E. Carl!a,s e carlm
C01019,1942,S.A.E. FinancièrP Pt Immobilière,s e financierp pt immobiliere
C01020,1942,S.A.E. Financière et Immobilière,s e financiere immobiliere
C01021,1942,S.A.E. des Etablissrmrn1s Distillf•rit' Bolan.achi,s e etablissrmrn1s distillf rit bolan achi
C01017,1942,S.A.E. lndust.rie Fibres Textiles,s e industrie fibres textiles
C01022,1942,S.A.E. uAlminan,s e ualminan
C01023,1942,S.E. d'Electri.cité,s e electri cite
C01024,1942,S.E. de Tissage eL,s e tissage el
C00481,1942,"S.E. de Tuyaux, Poteaux et Produits en Ciment Armé(Système Siegwart)",s e tuyaux poteaux produits ciment arme systeme siegwart
C01025,1942,Sicti Salem Co,sicti salem co
C01026,1942,"Sl'é. ,VJisr d'Assurances Générales",sl e vjisr assurances generales
C01027,1942,"So-ciété Cotonnièl't' H\laar.acl"" t•l de la Hamatà .VIining Co",so ciete cotonniel t h laar acl t hamata viining co
C01028,1942,So-ci•été Egyptienne des PtMoles,so ci ete egyptienne ptmoles
C01029,1942,So<cié1Jé Misr pour le Théâtre et le Cinéma,so cie1je misr theatre cinema
C01030,1942,Soci'élt· \-lisl' d'Assurances Générales,soci elt lisl assurances generales
C01031,1942,Soci'é~é \1isr d'Assurances Générales,soci e e 1isr assurances generales
C01032,1942,Soci<élé Egyptienne d'Entreprises Urbaines et Rurales,soci ele egyptienne entreprises urbaines rurales
C01033,1942,Socidé \1anufacturr des Textiles Egyptiens ·(Karpelès el Co.),socide 1anufacturr textiles egyptiens karpeles el co
C01034,1942,"Società Anùnima Immobili Riunili el ciP la Pinlo Cotton Co., S.A.E",societa anunima immobili riunili el cip pinlo cotton co s e
C01035,1942,Socioéw du CrécliL Miniel',socioew creclil miniel
C01036,1942,"Socirétr' Carrier-Egypt, S.A.E",sociretr carrier egypt s e
C01037,1942,Socirété Coopérative Commerciale de Crédit,socirete cooperative commerciale credit
C01038,1942,Socirété Générale dr Pressag~ eL de Dépôts,socirete generale dr pressag el depots
C01039,1942,"Socitét,j Egyptienne d'Entreprises Urbaines et Rurales",socitet j egyptienne entreprises urbaines rurales
C01040,1942,Soci{~té Egyptienne du Ciment PorLI.aml Tourah,soci te egyptienne ciment porli aml tourah
C01041,1942,Soci·été Egyptienne d'Entreprises et Constructions (S.E.D.E.C.),soci ete egyptienne entreprises constructions s e e c
C01042,1942,Socié1Jé Anonyme dl'S Ancrennes Entreprises L. Ro- 1in & Co,socie1je anonyme dl s ancrennes entreprises ro 1in co
C01043,1942,SociéLt'~ Egyptiennl~ de Placements eL de Crédit,socielt egyptiennl placements el credit
C01044,1942,SociéLé Franco-Egyptienne d'lmportation el de la Sociél,sociele franco egyptienne lmportation el sociel
C01045,1942,"SociéM Hongra-Egyptienne pour le. Commer.ce, S.A. el de la Société des Aulobtts du Caire",sociem hongra egyptienne commer ce s el aulobtts caire
C01046,1942,Sociélié Egyptienne d'Egren~··~ iet d'Entrepôts (S.A.),socielie egyptienne egren iet entrepots s
C01047,1942,"Sociélté Egyptienne pour l'Industrie et le Commerce des Cotonnades «La Co1onnière"", S.A.E",socielte egyptienne industrie commerce cotonnades co1onniere s e
C01048,1942,Sociél·é Lies A ni oln.rs elu l\ orel,sociel e lies ni oln rs elu orel
C01049,1942,"Sociél·é pour !a VRn!e des Produits Egyptiens, S.A.E",sociel e vrn e produits egyptiens s e
C01050,1942,Sociél•é Egyptienne de Tissage eL Tricot.ag~,sociel e egyptienne tissage el tricot ag
C01051,1942,Sociét,societ
C01052,1942,Sociét'é l<'ran_ç_aise de Distribution des Pétroles au .\!Jaror,societ e ran c aise distribution petroles jaror
C01051,1942,Sociét(,societ
C01053,1942,"Sociét(· MisJ· pour l'Tnduslrir et lr Commerce des Huiles S.A.E., Consriller Trchnique de la \Titr.ale Corporation of Chilr L[(l. (Eg~pl and .'Jea1· Easl Branch), Administralrm· des !Jirns (lf' S.A. la Pr·incPsse Chivel<iar Ibrahim",societ misj tnduslrir lr commerce huiles s e consriller trchnique titr ale corporation chilr eg pl jea1 easl branch administralrm jirns lf s pr incpsse chivel iar ibrahim
C01054,1942,Sociét-é des Autobus dtl C,societ e autobus dtl c
C01055,1942,Sociét-é des Omnilms de Fayoum,societ e omnilms fayoum
C01056,1942,Sociét.5 des Autobus de Béhéra ri rle Gbarl1ieh,societ 5 autobus behera ri rle gbarl1ieh
C01057,1942,SociétJé Anonyme des Chemins de Fer de la Basse-E.gypte eL de The Cairo Suburban Building Land Co,societje anonyme chemins fer basse e gypte el cairo suburban building land co
C01058,1942,"Sociétlé Egyptienne pom le Développement et le Commerce cles Légumes, Fruits et Pleurs",societle egyptienne pom developpement commerce cles legumes fruits pleurs
C01059,1942,"Sociétré Egyptienne de Caoutchouc, S.A.E",societre egyptienne caoutchouc s e
C01060,1942,Sociétt'l,societt
C01061,1942,"Sociét·6 Anonymr Egyptienne ((Carban, de Tl1e Egyptian Copper Works el de la Banque Belge et Internationale en Egyple",societ 6 anonymr egyptienne carban tl1e egyptian copper works el banque belge internationale egyple
C01062,1942,Sociét·é Egyptienne cie la Bom sc Commerciale de V1in1eL el Bassal,societ e egyptienne cie bom sc commerciale v1in1el el bassal
C00503,1942,Société,
C01063,1942,"Société .Qénrérale d'ElecLriciLé eL de ,\ll,écanique",qenrerale eleclricile el ll ecanique
C01064,1942,Société 1<Cigarettes NestrP' Gi.ana·clis>>,1 cigarettes nestrp gi ana clis
C01065,1942,Société Anonvme de Wadi Kom Ombo,anonvme wadi kom ombo
C00134,1942,Société Anonyme Immobilière du Domaine d·.~ Sîouf,immobiliere domaine siouf
C00139,1942,Société Anonyme des Chemins de Fer de la Basse-Egypte,chemins fer basse egypte
C01066,1942,Société Belgo-Egyptienne,belgo egyptienne
C01067,1942,"Société Bgyplienne pour l'Industric elle Commerce dE's Cotonnades «La Cotonnière"", S.A.E",bgyplienne industric elle commerce s cotonnades cotonniere s e
C01068,1942,Société California J'lexas des Pétroles et cle la SociéM C,california j lexas petroles cle sociem c
C01069,1942,Société California Texas,california texas
C01070,1942,Société Coopérative de Pél.roles,cooperative pel roles
C01071,1942,Société Cotonnière M-aarad,cotonniere m aarad
C01072,1942,Société EgypliPJUll' dP.s lndustries Trxti!Ps,egyplipjull dp s lndustries trxti ps
C01073,1942,"Société Egypliennr pour le Tannat!P rl l'Industrie du Cuir,, S.A.E",egypliennr tannat p rl industrie cuir s e
C01074,1942,Société Egyptienne Financière pour le Commer('e eL l'Industrie«Sefina>>,financiere commer e el industrie sefina
C01075,1942,Société Egyptienne d'Elec l.ricité,elec ricite
C01076,1942,Société Egyptienne de Fi la ture,fi ture
C01077,1942,Société Egyptienne de l Tndu,tndu
C00540,1942,Société Egyptienne de l'Industrie de Bonneterie,industrie bonneterie
C01078,1942,Société Egyptienne des Pétroles ct de la National Petroléum Co,petroles ct national petroleum co
C01079,1942,"Société Egyptienne pour l'Exploitation cl('ls Mines et Carrières, S.A.E",exploitation cl ls mines carrieres s e
C01080,1942,Société Egyptienne pour l'Indust!'ie de Bonneterie el ciP l>a Sodélr~,indust ie bonneterie el cip sodelr
C00555,1942,"Société Egyptienne pour le Développement elu Commerce des Légumes, Fruits el Fleurs",developpement cominercc legumes fruits fleurs
C01081,1942,"Société Egyptif""nne de Tissage et Tricotage, S.A.E",egyptif nne tissage tricotage s e
C01082,1942,Société Finaneièrr rl Jnchtslrielle cl'Egypte,finaneierr rl jnchtslrielle cl egypte
C01083,1942,Société Franco-Egyptienne de Soierie,franco egyptienne soierie
C01084,1942,Société Générale Immobilière,generale immobiliere
C00562,1942,Société Générale Immobilière d'Egyple,generale immobiliere egyple
C01085,1942,Société Générale TmmohilièrP cl'Egypte,generale tmmohilierp cl egypte
C00563,1942,Société Générale de Pressage,generale pressage
C01086,1942,Société Générale des Sucreries el de l.a Raffinerie d'Egypte,generale sucreries el raffinerie egypte
C01087,1942,Société Générale des Sucreries el de la !Raffinerie cl'Eg,generale sucreries el raffinerie cl eg
C01088,1942,Société Générale ·des Sucreries~t de la !Raffinerie d'Egyplc,generale sucreries t raffinerie egyplc
C01089,1942,"Société Günt'·,·ale de Pressage",gunt ale pressage
C01090,1942,"Société Hongl'o-Eg~·piir,nnr' poul' lr CommercP, S.A",hongl o eg piir nnr poul lr commercp s
C01091,1942,"Société Immohilièn' cl'Alrxandrie, S.A.E",immohilien cl alrxandrie s e
C01092,1942,Société Induslrielle eL Commerciale d'Egyple (SICO),induslrielle el commerciale egyple sico
C00175,1942,Société Misr pour l Exportation elu Coton (ex-Lindemann),misr exportation coton ex lindemann
C01093,1942,Société Misr pour le Tissage ete la Soie,misr tissage ete soie
C01094,1942,"Société Nationale du Papier, S.A.E",nationale papier s e
C01095,1942,Société N·ationalr du Papirr,n ationalr papirr
C01096,1942,"Société Roumaine «Prahova)) Societate Anonima Romana Pentru Jndustria di Comertul Petrolului, Bucarest",roumaine prahova societate anonima romana pentru jndustria di comertul petrolului bucarest
C01097,1942,Société Viticole& VinicolP cl'Egyptr,viticole vinicolp cl egyptr
C01098,1942,Société de Filature el de Tissage Pin en Colon Egyptien (Usines 1\.aff'-ei-Dawar),filature el tissage pin colon egyptien usines 1 aff ei dawar
C01099,1942,Société de Statistique •de Paris,statistique paris
C01100,1942,"Société de Transports, Exp~éctit.ions el Assurances «PHAROS»",transports exp ectit ions el assurances pharos
C01101,1942,Société des AuLobus dt~ Béhéra,aulobus dt behera
C01102,1942,Société des Autobus ci'Alrxandrie,autobus ci alrxandrie
C01103,1942,Société des Autobus elu Caire,autobus elu caire
C01104,1942,Société des Cigarettes,cigarettes
C01105,1942,Société des'l'erres Rares ci'Egyptr,erres rares ci egyptr
C01106,1942,Société du Crédit AlPxandrin,credit alpxandrin
C01107,1942,Société pour la Fabrication,fabrication
C01108,1942,"Société pour la vente des Produits Egyptiens, S./\.E",vente produits egyptiens s e
C01109,1942,Société ~isr de Filature el de Tissage Fin f'll Coton~gy1pti<>n (Usines à Karr ~~ Da\>.al'),isr filature el tissage fin f ll coton gy1pti n usines karr da al
C01110,1942,Société èalifornia Texas des Pétroles,ealifornia texas petroles
C00356,1942,Société. Egyptienne de Filature,filature
C01111,1942,Socié~é des Biens Lie Rapport d'Egypte,socie e biens lie rapport egypte
C01112,1942,Socié~é du Croissant 'Roug<·,socie e croissant roug
C01113,1942,"Soci•été Egyptienne pow· l'Exploitation des Mines et Carrières, S.A.E",soci ete egyptienne pow exploitation mines carrieres s e
C01114,1942,"SocjréM Vilicole et Vinicolt• d'Egypt.e, S.A.E",socjrem vilicole vinicolt egypt e s e
C01115,1942,Soeifù(,soeifu
C01116,1942,"Soeiél•t' (h\n,L",soeiel t h n
C01117,1942,"Sori,èL~· CoLonnièrPul\1laaracln",sori el colonnierpul 1laaracln
C01118,1942,Sotciété Anonyme Egyplit'nnP ïlt's [ndustrirs Textiles,sotciete anonyme egyplit nnp ilt s ndustrirs textiles
C01119,1942,So~iéVé 1\1isr de Transport ·et de Navigatio·n,so ieve 1 1isr transport navigatio n
C01120,1942,Soéi1ébé des Biens de H.apport d'_Egypte,soei1ebe biens h apport egypte
C01121,1942,"Soûélé Egyptienne cl'fnclusl.ries Chimiques, S.A.E",souele egyptienne cl fnclusl ries chimiques s e
C01122,1942,Steaua F'ran~~aise,steaua f ran aise
C01123,1942,Sté Califoc- 11 ia Egyptienne des Pétroles,ste califoc 11 ia egyptienne petroles
C01124,1942,Sté d'Eni reprises Urbaines t·L Rurales,ste eni reprises urbaines t rurales
C01125,1942,Sté. E,ste e
C01126,1942,Sté. Egyptienne cle Vlinoterie eLd e Silos,ste egyptienne cle vlinoterie eld e silos
C01127,1942,Sté. Egyptienne tif• Ja Bour·sr Commercialt> de \1inet-El· Bassa!,ste egyptienne tif ja bour sr commercialt 1inet el bassa
C01128,1942,Sté. Gén. lmmob.ilière,ste gen lmmob iliere
C01129,1942,"Sté. dr-s Produits Centrifugr""s en CimenL",ste dr s produits centrifugr s cimenl
C01130,1942,Sté. lndusl.rielle el Commerciale d'Egypte 1SICO) S.A.E,ste lndusl rielle el commerciale egypte 1sico s e
C01131,1942,Syndicat des Obligataires de la ~ocit•tf) Général~ des Sucreries,syndicat obligataires ocit tf general sucreries
C00619,1942,Sénat,senat
C01132,1942,T11c '\loclem Buildings,t11c loclem buildings
C01133,1942,"Technique -ete ia tt!""ialionalf'n, S.A. d'Assurances sur la Vie",technique ete ia tt ialionalf n s assurances sur vie
C01134,1942,"Th1e Nile Ginning Co., S.A.E",th1e nile ginning co s e
C00629,1942,The Aboukir Co,aboukir co
C01135,1942,The Alexandria Insurance Co. et ele J'Alexanclri.a Li fe Jnsurance Co,alexandria insurance co ele j alexanclri li fe jnsurance co
C01136,1942,The Alexandria Waler Co. LLcl,alexandria waler co llcl
C01137,1942,"The Amalgamated lee Factories & Col cl Stor0s. S.A. E., Ach11inistrateur de la S.A.E. «Carban",amalgamated lee factories col cl stor0s s e ach11inistrateur s e carban
C01138,1942,The Anglo-8gyptian Land Allotment Co,anglo 8gyptian land allotment co
C00276,1942,The Anglo-Belgian Co,anglo belgian co
C01139,1942,The Anglo-Belgian Co. of Egypl Lld,anglo belgian co egypl lld
C01140,1942,"The Beida Dyers. S.A.E. And riot, Col. Maurice, ( H-'ésidan l à Paris), Pr•ésident de la Société Française des Com!JustilJies Li·quides",beida dyers s e riot col maurice h esidan paris pr esident francaise com justiljies li quides
C01141,1942,The Cairo Ete.ctri.c,cairo ete ctri c
C01142,1942,The Cairo Suburban Building l-ands,cairo suburban building ands
C01143,1942,The Choremi Benachi Cotton Co. (Alexandria),choremi benachi cotton co alexandria
C00200,1942,The Commercial & Esta tes Co,commercial estates co
C01144,1942,The Cotton Spinning & Doubling Co. (Oberleutensdorf) Ltcl,cotton spinning doubling co oberleutensdorf ltcl
C01145,1942,"The EgYplian \1olor Transport Co. alem, Ovadia, Adminisl.ralPlH-Diredeur dr· !.a Sociélté d'Avancesl",egyplian 1olor transport co alem ovadia adminisl ralplh diredeur dr socielte avancesl
C01146,1942,"The Egypli.an Copper Works, S.A.E",egypli an copper works s e
C01147,1942,"The Egyptian Bonde-cl ,\Vareliouses Co",egyptian bonde cl vareliouses co
C01148,1942,The Egyptian Copper,egyptian copper
C01149,1942,"The Egyptian Hotels Ud., cle The Egyptian Genrral Omnibus Co",egyptian hotels ud cle egyptian genrral omnibus co
C00345,1942,The Egyptian Independant Oil Co. S.A.E,egyptian independent oil cy
C00347,1942,The Egyptian Works & Constructions Co,egyptian vorks construction co
C01150,1942,The Egyptian \llotor Transpoi'L Co,egyptian llotor transpoi co
C01151,1942,The ElecLriciLy & lee Supply Co,eleclricily lee supply co
C00213,1942,"The Electric Light& Power Supply Co., S.A.E",electric light power supply
C01152,1942,The Electricily and TeH Suprly Co,electricily teh suprly co
C00678,1942,The Fayoum Light RaitwaYs Co,fayoum light railways co
C01153,1942,"The Gabbari SLorage Co., S.A.E. .K",gabbari slorage co s e k
C01154,1942,The Gharbieh Land Co. el cie The Egyplian Enterprise & Development Co,gharbieh land co el cie egyplian enterprise development co
C01155,1942,The Kafr El Zayat Cotton Co,kafr el zayat cotton co
C01156,1942,The Levanl Brmclrcl Co. cl J>résiclenl cle J'Aiexanclria Central Buildings,levanl brmclrcl co cl j resiclenl cle j aiexanclria central buildings
C01157,1942,The National PcLrolt·um Co,national pclrolt um co
C00690,1942,The Nile Ginning Co. (S.A.),nile ginning co
C01158,1942,The Palestine Hotels,palestine hotels
C01159,1942,The Pharaonic,pharaonic
C01160,1942,"The Pl1araonic .\1ail Line, S.A.E",pl1araonic 1ail line s e
C01161,1942,The Simon,simon
C01162,1942,"The Standard Oil Company of Egypt, S.A",standard oil company egypt s
C01163,1942,The Tmctor & Engi-,tmctor engi
C01164,1942,The Trac Lor & Engmeering Co,trac lor engmeering co
C01165,1942,The Tractor & Eng·ineeUng Co. of Eg~·pt,tractor eng ineeung co eg pt
C01166,1942,"The Tractor and Engineering Co. of Egypl, S.A.E",tractor engineering co egypl s e
C01167,1942,The United Bus Co,united bus co
C00703,1942,The Upper Egypt Ginning Co,upper egypt ginning co s e
C00702,1942,The Upper Egypt Ginning Factory,upper bgypt ginning factory
C01168,1942,"The _\llanure Co. of ~gypl, S.A",llanure co gypl s
C01169,1942,"The b~gypLian Grnrral Omnibus Co., S.A.E",b gyplian grnrral omnibus co s e
C01170,1942,Thf' Alexandria Water Co. Ltcl,thf alexandria water co ltcl
C01171,1942,Thf\ La ml Bani\ or Eg~'pl,thf ml bani or eg pl
C00714,1942,"Tissage de Laine, S.A.E",tissage laine s e
C01172,1942,Tl1P. AssociatE·ù Cotton Ginners,tl1p associate u cotton ginners
C01173,1942,Tlw Alexanclria Tttsuranr,tlw alexanclria tttsuranr
C01174,1942,Tlw Cairo ~J~elr·ic Railways & Hrliopolis Oa ses Co,tlw cairo j elr ic railways hrliopolis oa ses co
C01175,1942,"Tlw Egyplian Copper Worl<s, de la",tlw egyplian copper worl s
C01176,1942,"Tlw Simon Ar·zt Stores, S.A.E",tlw simon ar zt stores s e
C01177,1942,Tractor & Engineering Co,tractor engineering co
C01178,1942,"Uenoral .SociAty for Banl<ing, Trading .& Land EnLerprises, S.A.E",uenoral sociaty banl ing trading land enlerprises s e
C01179,1942,Union Foncière ·cl'Egq)tr·,union fonciere cl egq tr
C01180,1942,"Unitas Trading & Financial Co., S.A.E",unitas trading financial co s e
C01181,1942,United Eg.yplian Sad!,united eg yplian sad
C01182,1942,Upper Eg\'Pt Ginning Co,upper eg pt ginning co
C00703,1942,Upper Egypt Ginning Co,upper egypt ginning co s e
C00740,1942,"Usines Textiles ((AI-Kahira"", S.A.E",usines textiles al kahira
C00740,1942,"Usines Textiles «Al-Kahiran, S.l\. E",usines textiles al kahira
C01183,1942,"V1aison ù'AmeublemC'nt B. Pontremoli, S.A.E",v1aison u ameublemc nt b pontremoli s e
C01184,1942,Vlisr Airwork,vlisr airwork
C01185,1942,Webbs (Aberbeeg) Ucl. (de .South W.ales),webbs aberbeeg ucl south w ales
C01186,1942,\1anuraclme etes Textiles Egyptiens (}\arpeles & Co.),1anuraclme etes textiles egyptiens arpeles co
C01187,1942,"\lisr ·Shipping el de la 1Sodété Hongro-Egyptienm pour le Commerce, S.A.'",lisr shipping el 1sodete hongro egyptienm commerce s
C01188,1942,](hedivial \lail Line Co,hedivial lail line co
C01189,1942,"a. L. de l'Imperial Chemical Industries (Egypt), S.A",imperial chemical industries egypt s
C01190,1942,atiom de The National Bank of Egypt,atiom national bank egypt
C01191,1942,ation de la Société des Omnibus de Fayoum,ation omnibus fayoum
C01192,1942,ci'Aclministr.ation de la Soci·élé des Attlol.Jus de Bé~héra cl de Gharhiel1. S.A.E,ci aclministr ation soci ele attlol jus be hera cl gharhiel1 s e
C01193,1942,"ci'Administrali<lll dt' Tlle Hinshelwood Painl & Oil Co. of Egypl, S.A.E",ci administrali lll dt tlle hinshelwood painl oil co egypl s e
C01194,1942,ci'Administralion de la S.A. des Drogueries d'Egypte,ci administralion s drogueries egypte
C01195,1942,ci'Arlminislration dl' la 1\arr El Zayat Land Co,ci arlminislration dl 1 arr el zayat land co
C01196,1942,cie Ja l{oubbeh Garclens,cie ja oubbeh garclens
C01197,1942,"cie The Egyptian General Omnibus Co., S.A.R. el cle la S.A. cles Chemins de Fer cl•"" la Basse EgypLe",cie egyptian general omnibus co s r el cle s cles chemins fer cl basse egyple
C01198,1942,cie ia Commission de l.a Bourse .cie. \ linl'l El Bassa!,cie ia commission bourse cie linl el bassa
C01199,1942,cie la Kalr El ZayaL Cotton Co,cie kalr el zayal cotton co
C01200,1942,cie la Soci(,cie soci
C01201,1942,"cie la Société Hongro-Egyptienne pour le Commerce, S.A",cie hongro egyptienne commerce s
C01202,1942,"cie la Société Nationale du Pa.pi1er, S.A.E",cie nationale pa pi1er s e
C01203,1942,cie la Société des Terra.im de la Ville d'Alexanctrit',cie terra im ville alexanctrit
C01204,1942,cif• 18 Société California,cif 18 california
C01205,1942,cl u (·~onseil cl' Administration de la Soci.ét'é Anon~·me Egypt iennP de Constructions EGYCO,cl u onseil cl administration soci e anon me egypt iennp constructions egyco
C01206,1942,"cl u Conseil d'1\dm iuis!.J·al ion cles \'!oulins~<Al Mahmoudiehn, S.A.E",cl u conseil 1 dm iuis j al ion cles oulins al mahmoudiehn s e
C01207,1942,cl' Adminis1.ration ete la Banque Belge cl Jnternalionale en EgypLe,cl adminis1 ration ete banque belge cl jnternalionale egyple
C01208,1942,cl' Administralion de la .Société Coopér·ative Commerciale de Crédit,cl administralion cooper ative commerciale credit
C01209,1942,cl' Administration de la Société de l'Egyptian SLate Rys,cl administration egyptian slate rys
C01210,1942,cl' Administration du Crédit Immobiliel' .Suisse-Egyptien,cl administration credit immobiliel suisse egyptien
C01211,1942,cl'AclminisLration de lél ~ationa.l Ginning Co. oJ Egypl,cl aclminislration lel ationa ginning co oj egypl
C01212,1942,cl'AclminisLration d~ l'Alexandria Pressing Co. S.A.E,cl aclminislration alexandria pressing co s e
C01213,1942,cl'Aclminisl.ration de la S.A. de ~etto­ y.apï' el PrrssagP rlu r.olon,cl aclminisl ration s etto y api el prrssagp rlu r olon
C01214,1942,cl'Aclminisl.ration de la Société Egyptienne de Filature,cl aclminisl ration filature
C01215,1942,cl'Aclministration de la .Société Egyplienn.e des Placements,cl aclministration egyplienn e placements
C01216,1942,"cl'Aclministration de la Société de Ciment Portland de Helouan. S.A.E. et clr la Sociét(· ((Egyplian CPmenl Proclucts""",cl aclministration ciment portland helouan s e clr societ egyplian cpmenl proclucts
C01217,1942,"cl'Aclministration de la Soci•été Tex.as E.gyptiennl-' des Pétroles, S.A.E",cl aclministration soci ete tex as e gyptiennl petroles s e
C01218,1942,"cl'Actministralion de la General.\1olors Near East, S.A.E",cl actministralion general 1olors near east s e
C01219,1942,cl'Admin istrati on du Crédit lmmohilier Suisse-Egyptien,cl admin istrati on credit lmmohilier suisse egyptien
C01220,1942,"cl'AdminisLr.atiun de la Soci·élié Egyp t.ienne de Caoutchouc, S.A.E",cl adminislr atiun soci elie egyp t ienne caoutchouc s e
C01221,1942,cl'Adminislralion clt-' la S.A. {les Monts de Piété~ ~gyptiens,cl adminislralion clt s monts piete gyptiens
C01222,1942,cl'Adminislralion dr la Banque d'Athènes en,cl adminislralion dr banque athenes
C01223,1942,cl'Adminis~ration de The Cairo Ele·Clric Railways & Heliopolis Oases Co. el de The A(riC'an Enlerprise· & Development Co,cl adminis ration cairo ele clric railways heliopolis oases co el ric an enlerprise development co
C01224,1942,cl'Arlrninistration de The Land Baml<,cl arlrninistration land baml
C01225,1942,cl'AûmiinsLraLion de la Banque d'Athènes,cl aumiinslralion banque athenes
C01226,1942,"cl'Aüministra l.ion de la .\tisr Concrl-'lc Deve~opment Co., S.A.E",cl auministra ion tisr concrl lc deve opment co s e
C01227,1942,cl'i\llministration de la Eg~·ptian AeraLed Water Co . .U cl,cl i llministration eg ptian aeraled water co u cl
C01228,1942,"cl11 Conseil d'Adminislr.alion dr l'Alexanclria Pressing Co., S.A.E",cl11 conseil adminislr alion dr alexanclria pressing co s e
C01229,1942,cl<· 'l'hf' Egyptian Neon Light Co .. S.A.~,cl hf egyptian neon light co s
C01230,1942,clP la Salonicaf,clp salonicaf
C01231,1942,clc la .\Jational lnsurance Co. ')f,clc jational lnsurance co f
C01232,1942,clc la Firme Besso Frères,clc firme besso freres
C01233,1942,"clc la Soci•élé EgypLir.nne de Tissage et Tricotage, S.A.8",clc soci ele egyplir nne tissage tricotage s 8
C01234,1942,"cle 'l'he AIJJert. ,,Vlussa Agency & Stevedoring Co., S.A.E",cle he aijjert vlussa agency stevedoring co s e
C01235,1942,cle Ja Soci1été des Grands H6t.els d'8gyple,cle ja soci1ete grands h6t els 8gyple
C01236,1942,cle Surveillance cle la Société d'Assuranœ sur la vie «La Genevoise1n,cle surveillance cle assuranoe sur vie genevoise1n
C01237,1942,cle The Choremi Benachi Cot Lon Co,cle choremi benachi cot lon co
C01238,1942,"cle The Egyp Lian Tnclepenclent Oil Co., S.A.E",cle egyp lian tnclepenclent oil co s e
C01239,1942,cle l.a So.ciété Belge-Egyptienne de l'Ezbékieh,cle so ciete belge egyptienne ezbekieh
C01240,1942,cle la .Sociétlé Générale -de la Sucrerie,cle societle generale sucrerie
C01241,1942,cle la Caisse Hypothécairecl'Egypte,cle caisse hypothecairecl egypte
C01242,1942,cle la Crow-Bre\Yery,cle crow bre yery
C01243,1942,"cle la S.A. des Wagons Lits Iran, de""The Upper Egypl Hotelsn, de la Socit'!l·é Viticole et. Vinicole d'Egypte, H.eprésenLanl dr la Cie. Internationale des Wagons-Lits en Egypte ci en .Palestine, ChargR cles \~issions en",cle s wagons lits iran upper egypl hotelsn socit e viticole vinicole egypte h epresenlanl dr cie internationale wagons lits egypte ci palestine chargr cles issions
C01244,1942,cle la Socié1Jé F'oncièrt~ du Domaine de Cheild1 Facll,cle socie1je f onciert domaine cheild1 facll
C01245,1942,"cle la,\1arconi Radio Telegraph Co. or Eg~npl, S .. A.E",cle 1arconi radio telegraph co or eg npl s e
C01246,1942,"clfl l'Alexandria ~avigation Co., S.A.E",clfl alexandria avigation co s e
C01247,1942,clll Conseil d'Administration cle la S.A. Lies\Jonts de Piéll,clll conseil administration cle s lies jonts piell
C01248,1942,clr la S.A.E. <•La Fluviale»,clr s e fluviale
C01249,1942,"clr la Soci1été Vit.icolP et VinicoiPù'Egypte, S.A.E",clr soci1ete vit icolp vinicoipu egypte s e
C01250,1942,ctre l.a Sociét6 Franco-Egyptienne de Crédit,ctre societ6 franco egyptienne credit
C01251,1942,d ALlminislraleUT Dl,allminislraleut dl
C01252,1942,d-u Consrlil ri'Adminislr'Riion dP la S.A. Agricole PL lndtrslrirll(' ci'Ef!·~·pil',u consrlil ri adminislr riion dp s agricole pl lndtrslrirll ci ef pil
C01253,1942,d1· 'l'hP .i\li1Prl \'IL1ssa Agrnc~,d1 hp i li1prl il1ssa agrnc
C01254,1942,"dE) la Tracte & Financinl Co., S.A.E",tracte financinl co s e
C01255,1942,"dP la Pinto Cotlon Co., S.A.E. et",dp pinto cotlon co s e
C01256,1942,dP la S.A.E. Financière PL hnmobilière,dp s e financiere pl hnmobiliere
C01257,1942,"dP la Sociétr'· des Autobus die Béhèra ri dr Gharhieh, S.A.E",dp societr autobus die behera ri dr gharhieh s e
C01258,1942,dP la \1aison dP Banque .J. .\i. M.osseri Figli & Co,dp 1aison dp banque j i m osseri figli co
C01259,1942,"dc! la Cairo Sand Bricl,s",dc cairo sand bricl s
C01260,1942,"de. la \Société EgyptiennP dt"" Cinwnt PorUanci TouJ'ah, Lt' Cain",egyptiennp dt cinwnt poruanci touj ah lt cain
C01261,1942,"dl' l'Jncluslrie Meunière cl'Alexanclrie, S.A.E",dl jncluslrie meuniere cl alexanclrie s e
C01262,1942,dr Ja. S.A. etes Drogueries d'Egypte,dr ja s etes drogueries egypte
C01263,1942,dr la Banque Misr (France),dr banque misr france
C01264,1942,dr la Sociél1é des Autobus du Nord el dr la Str,dr sociel1e autobus nord el dr str
C01265,1942,dt)s Usines Textiles ((Al-Kahir.an Alexandria Cotton Trading Co,dt s usines textiles al kahir an alexandria cotton trading co
C01266,1942,dt> l'lnduslrie Meunière d'Alexandrie,dt lnduslrie meuniere alexandrie
C01267,1942,dti Conseil cl'Aclministrat.ion ·cl<' la S.A.E. Carha,dti conseil cl aclministrat ion cl s e carha
C01268,1942,dt·' la Land Bani< of Egypt,dt land bani egypt
C01269,1942,dt·' la S.A. du Béllt~ra,dt s bellt ra
C01270,1942,dt• The United Egyplian Nile Transport Co,dt united egyplian nile transport co
C01271,1942,dt• l.a .. \Jaison Peel & Co. Ltd,dt jaison peel co
C01272,1942,dur.onseil d'Administration de la Banque Belge et Internationale en Egypte,dur onseil administration banque belge internationale egypte
C01273,1942,d·tl la S.A. Agricole et Industrielle d'EgypLe,tl s agricole industrielle egyple
C01274,1942,"eL A dm inistTateur-Déléguù de Tl1e Alexandria Navigation Co., S.A.E",el dm inisttateur deleguu tl1e alexandria navigation co s e
C01275,1942,"eL AclminisLrateur-Délégwé dr l'Alexan<lria Commerelal Co., S.A.E . .e L de la S.A.E. Œ'Egrenagc & Ll'Enlrepàls",el aclminislrateur delegwe dr alexan lria commerelal co s e e s e oe egrenagc ll enlrepals
C01276,1942,eL Altrninisi.r'at~ur-Dél'égué de The li,el altrninisi r at ur del egue li
C01277,1942,ei AdminislraLPuJ·-Dél•égu(· de l'Jw !<,ei adminislralpuj del egu jw
C01278,1942,elu Consei.l d'Administration de la Cairo Land & Fin.anc1aJ Co,elu consei administration cairo land fin anc1aj co
C01279,1942,"elu Consril d'Aclministra~ion cle The Sheffield Smelting Co. (Egypl), S.A",elu consril aclministra ion cle sheffield smelting co egypl s
C01280,1942,"elu Consril d'Ad>minisll""alion Li<' Tl1r GaiJIJari l.and Company. S.A",elu consril ad minisll alion li tl1r gaijijari company s
C01281,1942,"elu Consril d'Adminislrat.ion de la Société Commerciale Bulgaro-Egyptienne, rS.A.E",elu consril adminislrat ion commerciale bulgaro egyptienne rs e
C01282,1942,elu Consr·il tl'Adminislr.alion dr-· Tl!P U11iled Egyplian 1\lile Transport Co,elu consr il tl adminislr alion dr tl p u11iled egyplian 1 lile transport co
C01283,1942,elu Cons·eil d'Aclminis~ration du Crédit Lyonnais,elu cons eil aclminis ration credit lyonnais
C01284,1942,"elu Cr,édil Immobilier Suissr.-Egyplien",elu cr edil immobilier suissr egyplien
C01285,1942,elu CrédiL Agricole d'Egypie,elu credil agricole egypie
C01286,1942,ete la Banque Belge et Internationale en Egypte,ete banque belge internationale egypte
C01287,1942,ete la S.A.E. Starr-Orient,ete s e starr orient
C01288,1942,"ete la Sneiélé Egyptienne d'Industries Chimi·qtlPS, S.A.E",ete sneiele egyptienne industries chimi qtlps s e
C01289,1942,i Rur·.alPS,i rur alps
C01290,1942,"i\ational Ginning Co. or EgypL, S.A",i ational ginning co or egypl s
C01291,1942,"i\ile Oil Co., S.A.E",i ile oil co s e
C01292,1942,"il d'AdminisiraLio,n de l'Alexandria Commercial Co. S.A",il adminisiralio n alexandria commercial co s
C01293,1942,inisLrati-on rle The UnilPcl 8gyplian .\Jile Transport,inislrati on rle unilpcl 8gyplian jile transport
C01294,1942,"ion clc• la Maison d'Ameublement B. Pontremoli, S.A.E",ion clc maison ameublement b pontremoli s e
C01295,1942,"ion de l.a General Society for Banking Trading & Land Enterprises, S.A.E",ion general society banking trading land enterprises s e
C01296,1942,ion de la Société des Autobus de Bébéra el de Garbieh,ion autobus bebera el garbieh
C01297,1942,l-a Sociét·é Egyptiemw ÜP Teinture el d'Apprêt,societ e egyptiemw up teinture el appret
C01298,1942,l.a Beida DyPI'S. S.A,beida dypi s s
C01299,1942,l.a Sociébé 1,sociebe 1
C01300,1942,l<'iLaLurr Nationale d'Egypte,ilalurr nationale egypte
C01301,1942,la rSo.cié1<'· Eg·yplit,rso cie1 eg yplit
C01302,1942,"la""Fluvialen, S.A.E",fluvialen s e
C01303,1942,la.\aLional Prt.l'o!eum Co,alional prt o eum co
C01304,1942,laSot,lasot
C01305,1942,la\1aison C,1aison c
C01306,1942,"la{jie. Immobilière d'Egypte, S.A.E",jie immobiliere egypte s e
C01307,1942,la«Bus Cy.»,bus cy
C01308,1942,la·Soci(•L(· lnduslriP.llr de Bonnelerir,soci lnduslrip llr bonnelerir
C01309,1942,lie la Josv,lie josv
C01310,1942,lie la So·ciété d'Avances Commerciales,lie so ciete avances commerciales
C01311,1942,lion ck la Société California Texas des Pétroles,lion ck california texas petroles
C01312,1942,llu Comill,llu comill
C01313,1942,"lndusL!'ie .Vleunière d'Alexandrie, S.A.E",lndusl ie vleuniere alexandrie s e
C01314,1942,l~ilal.ure N,ilal ure n
C01315,1942,lü Hecl.Sca \linins,lu hecl sca linins
C01316,1942,l•~lablissr·menls Industriel,lablissr menls industriel
C01317,1942,rSoci·été Générale d'es Sucreries,rsoci ete generale es sucreries
C01318,1942,ralion de l.a Commercial Bnnk or l~gypL eL de l<l SociéM Foncière cl'Egyptr,ralion commercial bnnk or gypl el sociem fonciere cl egyptr
C01319,1942,"ralion de.la Toul~hy's Co. for Sundries 'l'o~'s, S.A. E",ralion toul hy s co sundries o s s e
C01320,1942,"ralion ete la Banque Belge PL lnlt,=lrnaLionaJe en Egypte cL de Ja S.A. ües\'lonls clc Piélié Eg~pliens",ralion ete banque belge pl lnlt lrnalionaje egypte cl ja s ues lonls clc pielie eg pliens
C01321,1942,rie Thr Alexandria Transport. Co,rie thr alexandria transport co
C01322,1942,rie rrJw Amalgama-led Je<' FacLories &,rie rrjw amalgama led je faclories
C01323,1942,rl'AclminisLralion de la Société des Omnibus de Payoum,rl aclminislralion omnibus payoum
C01324,1942,rl'Aclminist.ration cle 'l'he Alexanclria Exchang·r Co. Ltcl. r1 rlr l'AlPxanclri.a & Ramleh Rail·ways Co,rl aclminist ration cle he alexanclria exchang r co ltcl r1 rlr alpxanclri ramleh rail ways co
C01325,1942,rl'AdminisLralion cl~ The EgypLian .\ieon Lights Co,rl adminislralion cl egyplian ieon lights co
C01326,1942,rlP la Socit'l.t'· Egyptienne de Ciment Portland Tourah. ·,rlp socit t egyptienne ciment portland tourah
C01327,1942,rle l'Union Foncière d'Egyptr,rle union fonciere egyptr
C01328,1942,rle la Eastern Co. S.A.E,rle eastern co s e
C01329,1942,rle la General .\llo,rle general llo
C01330,1942,"rlr la Sor,ir'•l·r lrnmohilièrr rl'!\lrxnndrie, S.A.F. y",rlr sor ir r lrnmohilierr rl lrxnndrie s f y
C01331,1942,"rlu Conseil dAdminist.ralion de la Société d'Entreprises .\1. Cocl<inos, S.A.E",rlu conseil dadminist ralion entreprises 1 cocl inos s e
C01332,1942,"rrSo.ci•élé Viticole ri Yinicole d'Egypte, S.A.E.n",rrso ci ele viticole ri yinicole egypte s e n
C01333,1942,"the AlexanClria Racing Club, S.A.E",alexanclria racing club s e
C01334,1942,the Alexandria Racing,alexandria racing
C01335,1942,"the Egyptian Salt and •Socla Co. U.cl., de laSocié~é Financière eL IndustrieoJie d'Egypt.e eL de The National Contracting Co. of EgypL",egyptian salt socla co u cl lasocie e financiere el industrieojie egypt e el national contracting co egypl
C01336,1942,thei Alexandria Navigaliotn Co. Lld. (London),thei alexandria navigaliotn co lld london
C01337,1942,ti on de la National Conl.racting Co 0f Egyp1,ti on national conl racting co 0f egyp1
C01338,1942,tl'A.rtminisLration de la S.A. drs,tl rtminislration s drs
C01339,1942,"tl'AdminisLraLion de ln Société Anonyme Egyplicnnc de ConstrucLions, ((Egyco»",tl adminislralion ln egyplicnnc construclions egyco
C01340,1942,tl11 Conseil d'Adrninislration de ln Banque du Crédit Agl'icolr cl'Egq1ll',tl11 conseil adrninislration ln banque credit agl icolr cl egq1ll
C01341,1942,tlt' The ConsolidaLed Lancled Tnterests (Eg~ pl),tlt consolidaled lancled tnterests eg pl
C01342,1942,uu Comik Survri ~J.anee tlc la S.A. Agricole ellnduslriPIIt~ u'H,uu comik survri j anee tlc s agricole ellnduslripiit u h
C01343,1942,wNeslor Gianaclis (Agricultur.al & Commercial) Limited»,wneslor gianaclis agricultur al commercial
C01344,1942,~a Communauté Ii eUéniq-ue du ·CaJiTe,communaute ii eueniq ue cajite
C01345,1942,~i 1 cl 'Administration elu Crédit Immobilier Suisse-Egyptien,i 1 cl administration elu credit immobilier suisse egyptien
C01346,1942,"~il d'Administration rlr> la Société Nationale du Papier, S.A.E",il administration rlr nationale papier s e
C01347,1942,«Commer.cialen Cie. Nationale pour lt,commer cialen cie nationale lt
C01348,1942,"·conseil d'Administration cle The Cairo Electric Raihv.ays& Heliopolis üases Co., S.A.E",conseil administration cle cairo electric raihv ays heliopolis uases co s e
C01349,1942,"·eil Consultatif en Egyple de la Egyplian Delta Light Railways Company, Limitecl",eil consultatif egyple egyplian delta light railways company limitecl
C01350,1942,·eil cl'dminislration de The Egypl.ian .Salt & Soda Co. Ltd,eil cl dminislration egypl ian salt soda co
C01351,1942,"·~il d'Administration de laSo.ci•été Egyptienn~ pour l'Industrie et le Commerc1e des Cotonnades 1<l..,a Cotonnière>>. LE CAIRE SEMlRAMJS HOTEL au bord du Nil SHEPHEARD'S HOTEL 1 Renommée mondiale CONTINENT AL SA VOY Près de l'Opéra Royal MENA HOUSE HOTEL Au pied de la Grande Pyramide de Giza",il administration laso ci ete egyptienn industrie commerc1e cotonnades 1 cotonniere caire semlramjs hotel bord nil shepheard s hotel 1 renommee mondiale continent al sa voy pres opera royal mena house hotel pied grande pyramide giza
C01352,1942,"·~te ia Sociét-(~ Franco-Egyptienne dr Soieries, S.A.E",te ia societ franco egyptienne dr soieries s e
C01353,1942,·étH~ral de l'EgypLiau Road .and ConsLrucLiun Cu. S.A.K,eth ral egypliau road conslrucliun cu s k
C01354,1942,"ÜP la Sociélé ùe Ml' lallurgie Egyptienne, S.A.E",up sociele ue ml lallurgie egyptienne s e
C01355,1942,à Bruxelles rle la Société Brlge-Eg~'pliennr dr J'E,bruxelles rle brlge eg pliennr dr j e
C01356,1942,édit Alt•xaJull·in,edit alt xajull in
C01357,1942,"ù'Adminislration de la So-ciété Egyptienne des Industries Chimiques, S.A.E",u adminislration so ciete egyptienne industries chimiques s e
C01358,1942,"ùr• la Société Egyplit~nne de Tissage eL Tricotage, S.A.E",ur egyplit nne tissage el tricotage s e
C01359,1942,"ùu Conseil Ll'Adminiskation de la Sociét·é C.alilornia Egyptienne de Pétroles, S.A.E",uu conseil ll adminiskation societ e c alilornia egyptienne petroles s e
C01360,1942,"ùu Conseil d'Administration dr The ~lee­ tric Light & Po,wr Supply Co",uu conseil administration dr lee tric light po wr supply co
C01361,1942,ü' Administration cie la Nationa! Ban..lz oJ Egypl,u administration cie nationa ban lz oj egypl
C01362,1942,ü'Aclminislration de Ja Banque Belge et Internationale en E,u aclminislration ja banque belge internationale e
C01363,1942,üe la Société Egyptienne cles Industries Textiles ri cie la Filalnrr,ue cles industries textiles ri cie filalnrr
C01364,1942,"üu Cons.eil d' Adminisl.r.alion de la Pinlo Colton Co., S.A.E",uu cons eil adminisl r alion pinlo colton co s e
C01365,1942,üu Conseil d'Administrat.ion de la S.A. des lmn-ieubles d'Egypte,uu conseil administrat ion s lmn ieubles egypte
C01366,1947,"!11 Société Nationale· du Papier, S.A.E",11 nationale papier s e
C01367,1947,"""Etablissement~ Industriels pour la Soie et le Coton»",etablissement industriels soie coton
C01368,1947,"""Nestor Gianaclis (Agricultural & Commercial. Limitedn",nestor gianaclis agricultural commercial limitedn
C01369,1947,"""Sibur»",sibur
C01370,1947,"""Société Viticole et Vinicol~t d'Egypte S.A.E.n",viticole vinicol t egypte s e n
C01371,1947,"""Zama»",zama
C01372,1947,' tration de la S.A.E. «Carban,tration s e carban
C01373,1947,'' Al Chark » Sté. d'Entreprises Générales,al chark ste entreprises generales
C01374,1947,"'' United Enterprises », S.A.E",united enterprises s e
C01375,1947,"'Tissage, S.A.E. (Méhallael Kobra)",tissage s e mehallael kobra
C01376,1947,"'a Société d'Entreprises M. Cockinos, S.A.E",entreprises m cockinos s e
C01377,1947,'iu Crédit Lyonnais,iu credit lyonnais
C01378,1947,"'l'he Mercantile, Ship· ping & Coaling Co., Bianchi & Co. (Egypt) Ltd",he mercantile ship ping coaling co bianchi co egypt
C01379,1947,'l'he Uniterl Bus Co,he uniterl bus co
C01380,1947,'lation de Ja,lation ja
C01381,1947,- tion de la Société Industrielle & Commerciale d'Egypf.e(S.I.C.O.),tion industrielle commerciale egypf e s i c o
C01382,1947,- tration de Salvage & Marine Cy,tration salvage marine cy
C01383,1947,"-.J 'légné de la Sté. «Cigarettes Ne stos Gianaclis, S.A. E. """,j legne ste cigarettes ne stos gianaclis s e
C01384,1947,-Directem Général de la Société Misr pour le Tissage de la Soie,directem general misr tissage soie
C01385,1947,-D~légué de l'Eastern Export Co,legue eastern export co
C01386,1947,-Egyptian Co. for International Trade «ECITn,egyptian co international trade ecitn
C01387,1947,-Fondateur de The Egyptian Cotton Pressing Cy,fondateur egyptian cotton pressing cy
C01388,1947,"-General Society for Ban king, Trading .& Land Enterprises, S.A.E",general society ban king trading land enterprises s e
C01389,1947,"-Général de l 'Electricitv and lee Supply Co., S.A.E",general electricitv lee supply co s e
C01390,1947,-Général de la Société Orientale de Publicité,general orientale publicite
C01391,1947,-J)élégué Sté. des Autobus de Basse Egypte,j elegue ste autobus basse egypte
C01392,1947,-Propriétaire des «Fabriques de Glaces et Entrepôts Frigorifiques»,proprietaire fabriques glaces entrepots frigorifiques
C01393,1947,"-ation de la Misr Al•' work, S.A.E",ation misr al work s e
C01394,1947,-iGénéral de la S.A. AgT1- cole et Industrielle d'Egypte,igeneral s agt1 cole industrielle egypte
C01395,1947,"1 d'Administration de The Simon Arzt Stores, S.A.E",1 administration simon arzt stores s e
C01396,1947,1GERCO,1gerco
C01397,1947,9e la Trading Corporation of Egypt,9e trading corporation egypt
C01398,1947,<d\arnak» Cotton Spinning vVeaving & Dyeing Cy,arnak cotton spinning vveaving dyeing cy
C01399,1947,AKFAC,akfac
C01400,1947,Aaministration de la Kafr El Zayat Land Co,aaministration kafr el zayat land co
C01401,1947,"Abou Zaabal & Kah"" Zayat Fertiliser & Chemical Cy. (AKFAC)",abou zaabal kah zayat fertiliser chemical cy akfac
C01402,1947,"Abou Zaabal ,& 1\afr Zayat Fertiliser& Chemical Co. (AKFAC)",abou zaabal 1 afr zayat fertiliser chemical co akfac
C01401,1947,"Abou Zaabal ,& Kafr el Zayat Fertiliser· & Chemieal CY-.. (AKFAC)",abou zaabal kah zayat fertiliser chemical cy akfac
C01401,1947,Abou Zaabal& Kafr el Zayat Fertiliser & Chemical Cy. (AKFAC),abou zaabal kah zayat fertiliser chemical cy akfac
C01403,1947,Aboukir Cy,aboukir cy
C01404,1947,"Abram, S.A.E",abram s e
C01405,1947,"Aclministration de Egyptian Plastics .& Electrical Industries, S.A.E. et Universal Modern Office Equipment Co",aclministration egyptian plastics electrical industries s e universal modern office equipment co
C01406,1947,"Ad- ministration de «Le Scribe Egyptien», S.A.E",ad ministration scribe egyptien s e
C01407,1947,"Adjoint de la Banque Belge et Internationale en Egypte, à Àlexandrie",adjoint banque belge internationale egypte alexandrie
C01408,1947,Admmistration de la Socjété des Omnibus de Fayoum,admmistration socjete omnibus fayoum
C01409,1947,Adrmnistration de la Kafr El Zayat Land Co,adrmnistration kafr el zayat land co
C01410,1947,"Ad· ministration de la Banque Misr, S.A.E",ad ministration banque misr s e
C01411,1947,Agence du Crédit Lyonnais au Caire,agence credit lyonnais caire
C01412,1947,Agricultural & Industrial Corporatiou«AGRINn,agricultural industrial corporatiou agrinn
C01413,1947,Aiexandria Spinning .& \Veaving Co,aiexandria spinning veaving co
C01373,1947,"Al Chark, Société d'Entreprises Générales",al chark ste entreprises generales
C01414,1947,Alexa'1- dria .& Ramleh Raihvays Co,alexa 1 dria ramleh raihvays co
C01415,1947,Alexandria & Khartoum Trading Corp,alexandria khartoum trading corp
C00894,1947,"Alexandria -Racing Club, S.A.E",alexandria racing clulj s e
C00007,1947,Alexandria .& Ramleh Railways Co,alexandria ramleh railways cy
C01416,1947,Alexandria .& Ramleh Ry. Co,alexandria ramleh ry co
C01415,1947,Alexandria 1& Khartoum Trading Corp,alexandria khartoum trading corp
C00189,1947,Alexandria Central Buildings,alexandria central buildings
C00008,1947,Alexandria Commercial Co,alexandria commercial co
C00264,1947,Alexandria Exchange Co,alexandria exchange co
C00264,1947,Alexandria Exchange Cy. -,alexandria exchange co
C00010,1947,Alexandria Insurance Co,alexandria insurance co
C00010,1947,"Alexandria Insurance Co., S.A.E",alexandria insurance co
C01417,1947,Alexandria Li fe Insu _rance Co,alexandria li fe insu rance co
C01417,1947,Alexandria Li fe Insu.rance Co,alexandria li fe insu rance co
C01418,1947,"Alexandria Life Insurance Co., S.A.E",alexandria life insurance co s e
C01419,1947,Alexandria Navigation Company(London) Ltd,alexandria navigation company london
C01420,1947,"Alexandria Navigation Company, S.A .E",alexandria navigation company s e
C00012,1947,Alexandria Pressing Co,alexandria pressing
C00266,1947,"Alexandria Pressing Co., S.A.E",alexandria pressing co s e
C01421,1947,"Alexandria Pressing Co., de Nil",alexandria pressing co nil
C01422,1947,"Alexandria Pressing Co., de The Upper Egypt Ginning Co",alexandria pressing co upper egypt ginning co
C00894,1947,"Alexandria Racihg Club, S.A.E",alexandria racing clulj s e
C01334,1947,Alexandria Racing,alexandria racing
C00894,1947,"Alexandria Racing Club, S.A.E",alexandria racing clulj s e
C00264,1947,Alexandria Rxchange Co,alexandria exchange co
C01423,1947,Alexandria Spinning & ·weaving Cy,alexandria spinning weaving cy
C01424,1947,"Alexandria Timber Trade Co., S.A.E. (en formation)",alexandria timber trade co s e formation
C00267,1947,Alexandria Transport Co,alexandria transport co
C00267,1947,"Alexandria Transport Co., S.A.E",alexandria transport co
C00014,1947,Alexandria Water Company,alexandria water company
C01425,1947,Alexandria \\Tater Gy. Ltd,alexandria tater gy
C00010,1947,Alexandria lnsurance Co,alexandria insurance co
C00010,1947,Alexandria. Insurance Co. S.A.E,alexandria insurance co
C01426,1947,Ang'lo-Egyptian Oilfields,ang lo egyptian oilfields
C01427,1947,Anglo Eastern Mer·cantile t,anglo eastern mer cantile t
C01428,1947,Anglo Egyp.tian Oilfields,anglo egyp tian oilfields
C01429,1947,Anglo Egyptian Mining,anglo egyptian mining
C01430,1947,Anglo Egyptian Soap & Edible Products,anglo egyptian soap edible products
C00019,1947,Anglo-Belgian Co. of Egypt,anglo belgian co egypt
C00022,1947,Anglo-Egyptian Land Allotment,anglo egyptian land allotment
C00275,1947,Anglo-Egyptian Oilfields,anglo egyptian oilfields
C01430,1947,Anglo-Egyptian Soap .& Edible Products,anglo egyptian soap edible products
C01431,1947,Anglo-Egyptian l~and Allotment Co,anglo egyptian allotment co
C01432,1947,Apprêt,appret
C01433,1947,"Associated Cottori Ginners of Egypt, Ltd. S.A.E., Chemical, Industrial ,& Trading Gy. S.A.E., General Building & Engineering Supplies Gy. S.A.E., 'Alexandria .& Khartoum Trading Corp. S.A.E., Société Industrielle du Vieux-Caire· ( S.A.E. en formation)",associated cottori ginners egypt s e chemical industrial trading gy s e general building engineering supplies gy s e alexandria khartoum trading corp s e industrielle vieux caire s e formation
C01434,1947,Associated Industries,associated industries
C01435,1947,"Associated Industries, S.A.E",associated industries s e
C01436,1947,Assurances,assurances
C01437,1947,Astra et Halles Centrales d'Egypte,astra halles centrales egypte
C01438,1947,Auberges d'Egypte,auberges egypte
C01439,1947,Auberges d'Egypte et Egyptian Co. for International Tracte «ECIT»,auberges egypte egyptian co international tracte ecit
C00280,1947,Banca Commerciale Italiana per l'Egitto,banca commerciale italiana per egitto
C01440,1947,Banque,banque
C00026,1947,Banque Belge et Internationale en Egypte,banque belge in ternationale egypte
C00026,1947,"Banque Belge et Internationale en Egypte, S.A.E",banque belge in ternationale egypte
C01441,1947,"Banque Belge et Internationale en Egypte, S.A.E. ~aiomiris, Georges S., Médaille Balkanique 1912-1913",banque belge internationale egypte s e aiomiris georges s medaille balkanique 1912 1913
C01442,1947,Banque Hypothécaire Agricole d'Egypte,banque hypothecaire agricole egypte
C01443,1947,"Banque Mc,sséri, S.A.E",banque mc sseri s e
C00028,1947,Banque Misr,banque misr
C01444,1947,Banque Misr (Syrie-Liban),banque misr syrie liban
C01445,1947,Banque Misr S.A.E,banque misr s e
C01444,1947,Banque Misr Syrie Liban,banque misr syrie liban
C01446,1947,Banque Misr d'Alexandrie,banque misr alexandrie
C01447,1947,"Banque Misr, de la Société Misr de Filature",banque misr misr filature
C00283,1947,"Banque Mosséri, S.A.E",banque mosseri s e
C01448,1947,Banque Tepeghiosi & Co,banque tepeghiosi co
C01449,1947,Banque Zilkha,banque zilkha
C01450,1947,"Banque Zilkha, S.A.E",banque zilkha s e
C00284,1947,Banque d' AthènHs,banque athenes
C00284,1947,"Banque d' Athènes, S.A",banque athenes
C00284,1947,Banque d'Athènes,banque athenes
C01451,1947,"Banque d'Athènes en Egypte, en Angleterre et à Chypre",banque athenes egypte angleterre chypre
C00286,1947,Banque de Commerce N. Tepeghiosi & Co,banque commerce n tcpeglliosi co
C00286,1947,Banque de Commerce N. Tepeghiosi .& Co,banque commerce n tcpeglliosi co
C00286,1947,Banque de Commerce N. Te· pèghiosi .& Co,banque commerce n tcpeglliosi co
C00288,1947,"Banque de Crédit Hypothécaire Agricole d'Egypte, S.A.E",banque credit hypothecaire agricole egypte c
C00032,1947,Banque du Crédit Agricole d'Egypte,banque credit agricole egyple
C01452,1947,Barclays Bank (D.C. & O.) à AlPxandrie,barclays bank c o alpxandrie
C01453,1947,"Behrend ,& Co. Ltd",behrend co
C01454,1947,Behrend Commercial Cy,behrend commercial cy
C01454,1947,Behrend Commercial Gy,behrend commercial cy
C01455,1947,Beida,beida
C01456,1947,Beida Dyers Co,beida dyers co
C01457,1947,"Beida Dyers, S.A",beida dyers s
C01457,1947,"Beida Dyers, S.A.E",beida dyers s
C01458,1947,"Beida Dyers, S.A.E. et Administrateul· de la Sté. M isr ~""'i la ture Tissage Fin Cotton Egyptien",beida dyers s e administrateul ste m isr i ture tissage fin cotton egyptien
C01457,1947,"Beida Dyers, S.A.K",beida dyers s
C01459,1947,Beni Mazat Urbaine et Rurale,beni mazat urbaine rurale
C00291,1947,British Oil & Cake Mills Ltd,british oil cake mills
C01460,1947,Building & Engineering Supplies Co,building engineering supplies co
C01461,1947,Butterfly Knitting,butterfly knitting
C01462,1947,"B~i­ da Dyers, S.A.E",b i da dyers s e
C01459,1947,Béni Mazar Urbaine et Rural0,beni mazat urbaine rurale
C01459,1947,Béni Mazar Urbaine et Rurale,beni mazat urbaine rurale
C01459,1947,"Béni Mazar, Urbaine et Rurale",beni mazat urbaine rurale
C01463,1947,Cairo Agricultmal Co,cairo agricultmal co
C01463,1947,Cairo Agricultural,cairo agricultmal co
C00198,1947,Cairo Electric Rys & Heliopolis Oases Co,cairo electric rallways heliopolis oases cy
C00293,1947,"Cairo Land & Financial Co., S.A.E",cairo land financial co
C00035,1947,Cairo Sand Bricks,cairo sand bricks
C01464,1947,"Cairo Sand Bricks Co., de la Fluviale S.A.E",cairo sand bricks co fluviale s e
C00037,1947,Cairo Suburban Building Land Co,cairo suburban buildings lands co
C00294,1947,Caisse Hypothécaire d'Egypte,caisse hypothecaire egypte
C01465,1947,Caisse Hypothé· caire d'Egypte,caisse hypothe caire egypte
C01466,1947,Capitalisation Egyptienne S.A.E,capitalisation egyptienne s e
C01467,1947,Carmel Gard~ws(Terrains en Palestine),carmel gard ws terrains palestine
C01468,1947,Carver Bros r& Co. Ltd,carver bros r co
C01469,1947,Ccmseil d'Administration dé la Ea',ccmseil administration ea
C01470,1947,Cheikh Fadl,cheikh fadl
C01471,1947,Chemical Industrial & Tra· ding Cy,chemical industrial tra ding cy
C01472,1947,Chemical Industries,chemical industries
C01473,1947,Chemical Industries Cy. <<C.I.C.n,chemical industries cy c i c n
C01473,1947,Chemical Industries Cy. «C.I.C.n,chemical industries cy c i c n
C01474,1947,Chemical Industries Development,chemical industries development
C01475,1947,"Chemical, Industrial & Trading Gy",chemical industrial trading gy
C01476,1947,Chemicallnclustries «C.I.C.»,chemicallnclustries c i c
C01477,1947,Choremi Benachi Cotton Gy,choremi benachi cotton gy
C01478,1947,Cie. Française de,cie francaise
C01479,1947,Cie. FrigorifiquJ d'Egypte. ·,cie frigorifiquj egypte
C01480,1947,Cie. Générale des Pétroles (COGEP),cie generale petroles cogep
C01481,1947,"Cie. Immobilière d'8gypte, S.A.K",cie immobiliere 8gypte s k
C01482,1947,Cie. Universelle du Canal Maritime de Suez,cie universelle canal maritime suez
C01483,1947,"Cie. d'Eclairage par le Gaz, Lebon& Co",cie eclairage par gaz lebon co
C01484,1947,Clothing & Equipment Co,clothing equipment co
C01485,1947,Coca-Cola Bottling Co. of Alexandria,coca cola bottling co alexandria
C01486,1947,Comité de Surveillance de The Egyptian Delta Rice Mills Co. (N. Yamodis .& Co.),comite surveillance egyptian delta rice mills co n yamodis co
C01487,1947,CommPt' cial Bank of The Near East,commpt cial bank near east
C01488,1947,Commercial & Agency Co. of Egypt Ltd,commercial agency co egypt
C01489,1947,Commercial & Agency Gy. of Egypt,commercial agency gy egypt
C01490,1947,Commercial Bank of,commercial bank
C00047,1947,Commercial Bank of Egypt,commercial bank egypt
C00308,1947,Commercial Bank of the Near East,commercial bank ncar east
C01491,1947,Commercial Insurance Co,commercial insurance co
C01492,1947,Commercial Insurance Cy. of Egypt,commercial insurance cy egypt
C01493,1947,Commercial Insurance Gy,commercial insurance gy
C00047,1947,Commercial-Bank of Egypt,commercial bank egypt
C01494,1947,Commercial.& Agency Cy. of Egypt,commercial agency cy egypt
C01495,1947,Communauté Hellénique d'Ale- . xandrie,communaute hellenique ale xandrie
C00049,1947,Communauté Israélite d'Alexandrie,communaute israelite alexandrie
C01496,1947,Communauté Orthodoxe Egyptienne,communaute orthodoxe egyptienne
C01497,1947,"Compagnie Commerciale Cotonnière, S.A.E. (Ex-Fenderl & Co.}",commerciale cotonniere s e ex fenderl co
C00050,1947,Compagnie Frigorifique d'Egypte,frigorifique egypte
C01498,1947,Compagnie Frigorifique d'E· gypte,frigorifique e gypte
C01499,1947,"Compagnie Immobilière d'Egypte, S.A.E. (en liqUIdation)",immobiliere egypte s e liquidation
C01500,1947,Compagnie Universelle du Canal Maritime de Suez,universelle canal maritime suez
C00051,1947,Compagnie d'Assurances «Al Chark)),assurances al charkl w
C01501,1947,Comptmr Commercial Eco.nomique,comptmr commercial eco nomique
C01502,1947,"Comptoir Auxiliaire d'Entreprises, S.A.E",comptoir auxiliaire entreprises s e
C01503,1947,"Comptoir Au· xiliaire d'Entreprises, S.A.E",comptoir xiliaire entreprises s e
C01504,1947,Comptoir Belga,comptoir belga
C01505,1947,Comptoir Commercial,comptoir commercial
C01506,1947,"Comptoir Commercial Economi que, de la Société des Biens de Rapport d'Egypte",comptoir commercial economi que biens rapport egypte
C01507,1947,Comptoir Commercial Economique,comptoir commercial economique
C00316,1947,Comptoir des Ciments,comptoir s ciments
C01508,1947,Comptoir pour la Vente des Filfls Egyptiens,comptoir vente filfls egyptiens
C01508,1947,Comptoir pour la Vente des Filés Egyptiens,comptoir vente filfls egyptiens
C01509,1947,"Condoil d'Administration de la Misr Navigation Co., de M.L. Franco& Co. (S. Pinto & Co. Succrs.), de la Société Orientale de Navigation, de Food Products. S.A.E",condoil administration misr navigation co m franco co s pinto co succrs orientale navigation food products s e
C01510,1947,Conseil d'Administration de l'Alexandria Navigation Co,conseil administration alexandria navigation co
C01511,1947,Consuivantes,consuivantes
C01512,1947,Consulat du Portugal au Caire,consulat portugal caire
C01513,1947,Cooperative Commerciale de Crédit,cooperative commerciale credit
C01514,1947,Cotonnière,cotonniere
C01515,1947,"Cotonnière, S.A.E .. Commanditaire de The Middle East Industrial & Tradin~ Co. ·",cotonniere s e commanditaire middle east industrial tradin co
C00056,1947,Crown Brewery,crown brewery
C00056,1947,Crown-Brewery,crown brewery
C00322,1947,Crédit,credit
C01516,1947,Crédit Agricole,credit agricole
C00059,1947,Crédit Agricole d'Egypte,credit agricole egypte
C00060,1947,Crédit Fonciel' Egyptien,credit foncier egyptien
C00060,1947,Crédit Foncier Egyptien,credit foncier egyptien
C00060,1947,Crédit Foncier Egyptien S.A.E,credit foncier egyptien
C00324,1947,Crédit Hypothécaire Agricole d'Egypte,credit hypothecaire agricole egypte
C01517,1947,Crédit Hypothécaire Egyptien,credit hypothecaire egyptien
C00062,1947,Crédit Immobilier .Suisse-Egyptien,credit immobilier suisse egyptien v
C00934,1947,Crédit Immobilier Suisse Egyp_tien,credit immobilier suisse eg yptien
C00062,1947,Crédit Immobilier Suisse-Egyptien,credit immobilier suisse egyptien v
C01518,1947,Crédit Lyonnais (Le Caire),credit lyonnais caire
C01519,1947,Crédit Lyonnais à Alexandrie,credit lyonnais alexandrie
C01520,1947,Crérht Immobilier Suisse-Egyptien,crerht immobilier suisse egyptien
C00294,1947,Càisse Hypothécaire d 'Egypte,caisse hypothecaire egypte
C01521,1947,Daira Assaad Bassili Pacha,daira assaad bassili pacha
C01522,1947,Daira Feu Amine Yehia,daira feu amine yehia
C01523,1947,Dakahlieh,dakahlieh
C00063,1947,Dakahlieh 'Land Co,dakahlieh land cy
C00063,1947,Dakahlieh Land Co,dakahlieh land cy
C00330,1947,"Dakahlieh Land Co., S.A.E",dakahlieh land cy s e
C01524,1947,"Delta Trading Co., S.A.E",delta trading co s e
C00064,1947,Delta Trading Cy,delta trading co
C00064,1947,Delta Trading· Co,delta trading co
C01525,1947,Directem de la Cen .. tral Trading Co,directem cen tral trading co
C01526,1947,Dél. <<Al Charkn,del al charkn
C01527,1947,Dél. Sté. Osines El,del ste osines el
C01528,1947,"Dél. de-3 Usines El Chorbagui, S.A.E",del 3 usines el chorbagui s e
C00334,1947,Dépôts,depots
C01529,1947,EJ 'fawil Spinning & \-Veaving Cy,ej fawil spinning veaving cy
C01530,1947,Eastern,eastern
C00336,1947,"Eastern Co., S.A.E",eastern co s e
C01531,1947,Eastern Electric Cy,eastern electric cy
C00180,1947,Economie Politique,economie politique
C01532,1947,Edrei & Co. Ltd,edrei co
C01533,1947,"Eg. Cy. for International Tracte «Ecit,,_",eg cy international tracte ecit
C01534,1947,Egyptia.n Rubber & Shoes Industry,egyptia n rubber shoes industry
C01535,1947,Egyptia.n Sisal Ma.nufa.ctmi.n g Cy,egyptia n sisal ma nufa ctmi n g cy
C01536,1947,Egyptian Ae1·ated Water Co. Ltd,egyptian ae1 ated water co
C01537,1947,Egyptian Bonded V\'arehouses Co. Ltd .. MemlJre du Conseil d'Administration de The Land Bank nf Egypt,egyptian bonded v arehouses co memljre conseil administration land bank nf egypt
C00208,1947,Egyptian Bonded Warehouses Co,egyptian bonded warehouses cy
C00208,1947,Egyptian Bonded Warehouses Co. Ltd,egyptian bonded warehouses cy
C01538,1947,Egyptian Co. for International TJ'ade «ECITn,egyptian co international tj ade ecitn
C01386,1947,Egyptian Co. for International Trade ccECITn,egyptian co international trade ecitn
C01386,1947,Egyptian Company for- International Tracte«ECIT»,egyptian co international trade ecitn
C00659,1947,"Egyptian Copper Works, S.A.E",egyptian coppcr vorks s e
C01539,1947,Egyptian Cotton & Trading Co,egyptian cotton trading co
C01540,1947,Egyptian Cotton & Trading Cy,egyptian cotton trading cy
C01541,1947,Egyptian Cotton & Trading Gy,egyptian cotton trading gy
C01540,1947,Egyptian Cotton .& Trading Cy,egyptian cotton trading cy
C00069,1947,Egyptian Deita Land & Investment Co,egyptian delta land investment
C01542,1947,Egyptian Domestic & Foreiga Trade Cy,egyptian domestic foreiga trade cy
C01542,1947,Egyptian Domestic & Foreign .Tracte Cy,egyptian domestic foreiga trade cy
C01542,1947,Egyptian Domestic & Foreign Trade Cy,egyptian domestic foreiga trade cy
C01543,1947,"Egyptian Domestic& Foreign Tracte Co., S.A.E",egyptian domestic foreign tracte co s e
C01544,1947,Egyptian Engineering & Marine Cy,egyptian engineering marine cy
C01544,1947,Egyptian Engineering .& Marine Cy,egyptian engineering marine cy
C01545,1947,"Egyptian Engineering Stores, S.A.E",egyptian engineering stores s e
C00210,1947,Egyptian Enterprise & Development Co,egyptian enterprise development co
C01546,1947,Egyptian Enterprise & Development Co. et. de la Gharbieh Land Co,egyptian enterprise development co gharbieh land co
C00210,1947,Egyptian Enterprise .& Development Co,egyptian enterprise development co
C00343,1947,Egyptian Finance Co,egyptian finance co
C00343,1947,Egyptian Finance Cy,egyptian finance co
C01547,1947,"Egyptian Finanr,e Cy",egyptian finanr e cy
C01548,1947,Egyptian Gene1·al Omnibus Co,egyptian gene1 al omnibus co
C00344,1947,Egyptian General Omnibus,egyptian general omnibus cy
C00211,1947,Egyptian Hotels,egyptian hotels
C01549,1947,Egyptian Hotels et Société Egyptienne d'Electricité,egyptian hotels electricite
C00345,1947,Egyptian Independent Oil Co,egyptian independent oil cy
C01550,1947,Egyptian Mining & Prospecting Co .. S.A.E,egyptian mining prospecting co s e
C01550,1947,"Egyptian Mining ,& Prospecting Cy",egyptian mining prospecting co s e
C01551,1947,Egyptian Rice Mills et Near East Produce Trading Cy,egyptian rice mills near east produce trading cy
C01552,1947,"Egyptian Rie€ .& Flour Mills Co., S.A.E",egyptian rieeur flour mills co s e
C00664,1947,Egyptian Road Construction,egyptian huad construction co
C00664,1947,Egyptian Road Construction Co. S.A.E,egyptian huad construction co
C00664,1947,"Egyptian Road Construction Co., S.A.E",egyptian huad construction co
C01553,1947,"Egyptian Road Transport Co., S.A.E",egyptian road transport co s e
C01553,1947,Egyptian Road Transport Company S.A.E,egyptian road transport co s e
C01554,1947,Egyptian Rubber & Shoes Industry,egyptian rubber shoes industry
C01554,1947,Egyptian Rubber& Shoes Industry,egyptian rubber shoes industry
C00073,1947,Egyptian Salt & Soda Cy. Ltd,egyptian salt soda
C00073,1947,Egyptian Salt .& Soda Co. Ltd,egyptian salt soda
C00073,1947,"Egyptian Salt,& Soda Company Ltd",egyptian salt soda
C00073,1947,Egyptian Salt.& Soda Co,egyptian salt soda
C01555,1947,Egyptian Shipping,egyptian shipping
C01556,1947,Egyptian Shipping Gy,egyptian shipping gy
C01557,1947,Egyptian Sisal Manufactming Cy,egyptian sisal manufactming cy
C01557,1947,Egyptian Sisal Manufacturing Cy,egyptian sisal manufactming cy
C00671,1947,"Egyptian Works ,& Construction Cy., S.A.E",egyptian works construction cy s e
C01558,1947,Egyptian Works R<,egyptian works r
C00347,1947,Egyptian Works& Constructions,egyptian vorks construction co
C00347,1947,"Egyptian \\'orks & Constructions Co., S.A.E",egyptian vorks construction co
C01559,1947,Egyptiari Rubber 1& Shoes Industry,egyptiari rubber 1 shoes industry
C01560,1947,Eg·yptian Co. fot International T'rade ccECITn,eg yptian co fot international t rade ccecitn
C01561,1947,El Tawil Spinning & Weaving Cy,el tawil spinning weaving cy
C01561,1947,El Tawil Spinning .& Weaving Cy,el tawil spinning weaving cy
C01562,1947,"Electric Light & Power Supply Co., Adminis~rateur de The Cairo Suburban Building Lands",electric light power supply co adminis rateur cairo suburban building lands
C00075,1947,Entrepôts,entrepots
C01563,1947,Etabl. Giacomo Cohenca~ Incorporated Industrie,etabl giacomo cohenca incorporated industrie
C01564,1947,Etablis- sements Industriels pour la Soie et le Coton,etablis sements industriels soie coton
C01565,1947,Etablissements,etablissements
C01566,1947,Etablissements Bamco,etablissements bamco
C01567,1947,Etablissements Bolanachi (Distillerie),etablissements bolanachi distillerie
C01568,1947,Etablissements Giacomo Cohenca,etablissements giacomo cohenca
C01569,1947,Etablissements Giacomo Cohenca Fiis Incorporated Inâustries,etablissements giacomo cohenca fiis incorporated inaustries
C01568,1947,Etablissements Giacomo Cohenca Fils,etablissements giacomo cohenca
C01570,1947,"Etablissements IndustriP,ls pour la Soie et le Coton",etablissements industrip ls soie coton
C01570,1947,Etablissements Industriels pom la Soie et le Coton,etablissements industrip ls soie coton
C01570,1947,Etablissements Industriels pour la Soie et le Coton,etablissements industrip ls soie coton
C00946,1947,Exportation des Conserves,exportation conserves
C01571,1947,"Exportation des Conserves, S.A.E",exportation conserves s e
C00946,1947,Exportation. des Conserves,exportation conserves
C01572,1947,FIliales Egyptiennes de la Dresdner B(\nk,filiales egyptiennes dresdner b nk
C01573,1947,Fabrique de Pro· duits Chimiques,fabrique pro duits chimiques
C01573,1947,Fabrique de Pto- duits Chimiques,fabrique pro duits chimiques
C01574,1947,Farghaly Cotton & Investment Cy,farghaly cotton investment cy
C01575,1947,Farghaly Cotton .& Investment Gy,farghaly cotton investment gy
C01576,1947,Fayoum 'T'extile Cy,fayoum t extile cy
C00678,1947,Fayoum Light Railways Co,fayoum light railways co
C01577,1947,Fayoum Textih~ Cy,fayoum textih cy
C01578,1947,Fayoum Textile,fayoum textile
C01579,1947,Fayoum Textile Cy,fayoum textile cy
C01580,1947,Fermag,fermag
C00351,1947,"Fiat Oriente, S.A.E",fiat oriente s e
C01581,1947,Filatul.'e Misr Kafr Da·war,filatul e misr kafr da war
C01582,1947,Filature Nationale d'Eg_ypte,filature nationale eg ypte
C00076,1947,Filature Nationale d'Egypte,filature nationale egypte
C01583,1947,Ford Motor Cy. (Egypt) S.A.E,ford motor cy egypt s e
C01584,1947,Frosted Food & Cold Stora~e Cy,frosted food cold stora e cy
C01585,1947,Frosted Food .& Cold Storage Gy,frosted food cold storage gy
C00078,1947,Fédération Egyptienne des Industries,federation industries egypte
C00078,1947,Fédération Egyptienne düs Industries,federation industries egypte
C01586,1947,"Fédération des Industries d'Egypte (Chambre Hôtelière), Fond'lteur National Petroleum Co., S.A.E",federation industries egypte chambre hoteliere fond lteur national petroleum co s e
C01587,1947,"GP- neral Society for Banking, Trading & Land Enterprises, S.A.E",gp neral society banking trading land enterprises s e
C00214,1947,Gabbari Land Co,gabbari land co
C01588,1947,"Gabbary Petroleum Co., S.A.E",gabbary petroleum co s e
C01589,1947,"Gar- bieh Ginning Co., S.A. ·",gar bieh ginning co s
C01590,1947,Garbieh Ginning Co,garbieh ginning co
C01590,1947,"Garbieh Ginning Co., S.A.E",garbieh ginning co
C01591,1947,GarbiehrGinning Co,garbiehrginning co
C01592,1947,Gene1·al \Varehouses,gene1 al varehouses
C01593,1947,Gener.al,gener al
C01594,1947,General,general
C01595,1947,General Chemical Industries Gy «CICn,general chemical industries gy cicn
C01595,1947,General Chemical Industries<<CICn,general chemical industries gy cicn
C01595,1947,General Chemical Industries«CICn,general chemical industries gy cicn
C01596,1947,"General Engineering and Refrigeration Co., GERCO S.A. E",general engineering refrigeration co gerco s e
C01597,1947,"General Mo tors Near East, S.A",general mo tors near east s
C01598,1947,General Motors Near,general motors near
C01599,1947,"General Motors Near East, B.A",general motors near east b
C01600,1947,General Navigation Co. of Egypt,general navigation co egypt
C01600,1947,General Navigation Cy. of· Egypt,general navigation co egypt
C00360,1947,"General Society for Banking, Trading & Land Enterprises, S.A.E",general society banking trading land enterprises s e
C00360,1947,"General Society for Banking, Trading and Land Enterprises, S.A.E",general society banking trading land enterprises s e
C01601,1947,"General Warehouses Cy. of Egypt, S.A.E",general warehouses cy egypt s e
C01602,1947,General Warehouses of Egypt,general warehouses egypt
C01603,1947,"General l\11,> tors Near East, S.A.E",general 11 tors near east s e
C00361,1947,Gharbieh,gharbieh
C00081,1947,Gharbieh Land Co. ·,gharbieh land co
C00081,1947,Gharbieh Land Cy,gharbieh land co
C00081,1947,Gharbieh Land Cy.',gharbieh land co
C01604,1947,"Gharbieh. lsmalun, René, Ingénieur A.gronome",gharbieh lsmalun rene ingenieur gronome
C00361,1947,Gharbieh. ·,gharbieh
C01605,1947,"Gl""ieve & lnYin Ltd",gl ieve lnyin
C01606,1947,Gouvernement aux Sucreries,gouvernement sucreries
C01607,1947,Gouvernement à la Compagnie Universelle du Canal Maritime de Suez,gouvernement universelle canal maritime suez
C01608,1947,Gr. Mag·. Chemla,gr mag chemla
C00082,1947,Grands Hôtels d'Egypte,grands hotels egyple
C01609,1947,Grands Hôtels d'Egypte(Ex-Nungovitch),grands hotels egypte ex nungovitch
C01610,1947,Grands Mag. Chemla,grands mag chemla
C01611,1947,Grands Magasins Chemla,grands magasins chemla
C01612,1947,Grands Magasins Cicurel,grands magasins cicurel
C01612,1947,"Grands Magasins Cicurel, S.A.E",grands magasins cicurel
C01613,1947,Grieve & InYin Ltd. lsherwood,grieve inyin lsherwood
C01614,1947,Grieve & Irwin Ltd,grieve irwin
C01615,1947,Gél'ant Egyptian General Supply Co. ( Egesco) .\ mbache & Co. Sté. en Commandite par Actions,gel ant egyptian general supply co egesco mbache co ste commandite par actions
C01616,1947,Gérance,gerance
C00083,1947,Gérance Immobilière,gerance immobiliere
C00379,1947,HUIleries,huileries
C01617,1947,Hamata Mining Company,hamata mining company
C01618,1947,"Hel\van Portland C~­ ment Cy., S.A.E",hel van portland c ment cy s e
C01619,1947,Helwan Land Cy,helwan land cy
C01620,1947,"Helwan Land Cy. Na.sr, Max Anis, Administl·atem Sté. Orientale Cinéma",helwan land cy na sr max anis administl atem ste orientale cinema
C01619,1947,Helwan Land Cy. p,helwan land cy
C01619,1947,Helwan· Land Cy,helwan land cy
C01621,1947,Hizerie Egyptienne Moderne,hizerie egyptienne moderne
C00379,1947,Huileries,huileries
C01622,1947,Ide la Béni Mazar Urbaine & Rurale,ide beni mazar urbaine rurale
C01623,1947,Immobilia d'Egypte,immobilia egypte
C01624,1947,"Immobilia d'Egypte, S.A.E",immobilia egypte s e
C01189,1947,"Imperial Chemical Industries (Egypt), S.A",imperial chemical industries egypt s
C01625,1947,Import & Export Bank of Egypt,import export bank egypt
C01625,1947,"Import ,& Export Bank of Egypt S.A.E",import export bank egypt
C01625,1947,Import .& Export Bank of Egypt,import export bank egypt
C00085,1947,Industrie,industrie
C00383,1947,Industrie Fibres Textiles,industrie fibres textiles s e
C00383,1947,"Industrie Fibres Textiles, S.A.E",industrie fibres textiles s e
C00381,1947,Industrie Meunière d'Alexandrie,industrie meuniere alexandrie
C00381,1947,"Industrie Meunière d'Alexandrie, S.A.E",industrie meuniere alexandrie
C01626,1947,Industrie Meunière d'A· lexandrie,industrie meuniere lexandrie
C01627,1947,Industrie d'Egypte,industrie egypte
C01628,1947,"Industrie du Cui,', S.A.E",industrie cui s e
C01628,1947,Industrie du Cuir,industrie cui s e
C01628,1947,"Industrie du Cuir, S.A.E",industrie cui s e
C01628,1947,"Industrie du Cuir, s",industrie cui s e
C00384,1947,Industrie du Froid,industrie froid
C01629,1947,"Industrie, S.A.E",industrie s e
C01630,1947,Irt·· dustrie Meunière d'Alexandrie,irt dustrie meuniere alexandrie
C01631,1947,J'Egyptian Sisal Manufacturing Cy,j egyptian sisal manufacturing cy
C01632,1947,Ja Société Egyptienne de Ti5- sage et Tricotage,ja ti5 sage tricotage
C01633,1947,Ja1·diris & Vignobles d'Egypte,ja1 diris vignobles egypte
C01634,1947,Jardins,jardins
C01635,1947,Jardins & Vignobles d'Egypte,jardins vignobles egypte
C01635,1947,Jardins & Vignobles- d'Egypte,jardins vignobles egypte
C01635,1947,Jardins et Vignobles d'Egypte,jardins vignobles egypte
C01636,1947,Jo. Société Générale des Sucreries,jo generale sucreries
C01637,1947,Josy Film,josy film
C00390,1947,"Josy Film, S.A.E",josy film s e
C01155,1947,Kafr El Zayat Cotton Co,kafr el zayat cotton co
C01638,1947,Khedivial Mail Line,khedivial mail line
C01638,1947,Khedivial Mail Line Co,khedivial mail line
C01639,1947,"Khedivial Mail Line, S.A.E",khedivial mail line s e
C00089,1947,Koubbeh Gardens,koubbeh gardens
C01640,1947,"Lancashir~ - ( Egyptian) Cotton Co. Ltd. (Manchester). lskandar Said Eff., Administratem de The Upper Egypl Buq, S.A.E",lancashir egyptian cotton co manchester lskandar said eff administratem upper egypl buq s e
C00091,1947,Land Bank of Egypt,land bank egypt
C01641,1947,Lotus Navigation Cy,lotus navigation cy
C01642,1947,Ltion de The Merchants' .& Manufacturers' Insurance Cn. Ltd. London,ltion merchants manufacturers insurance cn london
C01643,1947,"M. L. Franco & Co., (S. Pinto & Co., Succrs)",m franco co s pinto co succrs
C01644,1947,"Mai son Sulzer Frères, en Egypte-",mai son sulzer freres egypte
C01645,1947,Maison Barker & Co,maison barker co
C01646,1947,Maison M. L. Franco& Co. (S. Pinto & Co. Succrs.) Alexandrie,maison m franco co s pinto co succrs alexandrie
C01647,1947,"Maison Peel & C·J. Ltd., de Minieh Ginning Co. Ltd",maison peel c j minieh ginning co
C01648,1947,Maison Reinhart .& Co,maison reinhart co
C01649,1947,Maison V. Toriel & Co,maison v toriel co
C00402,1947,"Maison d'Ameublement B. Pontremoli, S.A.E",maison ameublement b pontremoli s e
C01650,1947,Maison d'Exportation de Coton Cicurel& Co,maison exportation coton cicurel co
C00403,1947,Maison de Banque J. N. Mosseri Figli & Co,maison banque j n mosscri figli co
C01651,1947,"Maison de la Petite Reine, S.A.E",maison petite reine s e
C00405,1947,Maison «Les Fils de Zaketto Salama .& Co.»,maison fils zaketto salama co
C01652,1947,"Manufacture Egyptienne de Bonneterie et Tricotage El-Nii, S.A.E",manufacture egyptienne bonneterie tricotage el nii s e
C01652,1947,Manufacture Egyptienne de Bonneterie et Tricotage «El Niln,manufacture egyptienne bonneterie tricotage el nii s e
C01652,1947,"Manufacture Egyptienne de Bonneterie et Tricotage «El-Nil>,, S.A.E",manufacture egyptienne bonneterie tricotage el nii s e
C00407,1947,"Marconi Radio Telegraph Co. of Egypt, S.A.E",marconi radio telegraph cy egypt s
C01653,1947,Marconi Radio Telegraph Cy,marconi radio telegraph cy
C01654,1947,Marsa Matrouh Salt & Potash Cy,marsa matrouh salt potash cy
C01655,1947,Mediterranean Co. for General Tracte (Egypt) S.A,mediterranean co general tracte egypt s
C01656,1947,Mena Milk Produet,mena milk produet
C01657,1947,"Misr Airwork, S.A.E",misr airwork s e
C01657,1947,"Misr Airworks, S.A.E",misr airwork s e
C00409,1947,Misr Aü·,misr
C01658,1947,Misr Car & Engineering Co,misr car engineering co
C01659,1947,Misr Con crete Development Co,misr con crete development co
C01660,1947,"Misr Concrete Development Co., S.A.E",misr concrete development co s e
C01661,1947,Misr Engineering Vl'orks & Transport Co,misr engineering vl orks transport co
C01662,1947,Misr Engineering v,misr engineering v
C01663,1947,"Misr Shipping, S.A.E",misr shipping s e
C01664,1947,Misr-Airways,misr airways
C01665,1947,Mist' Engineering Works .& Transport Co,mist engineering works transport co
C01666,1947,Moulins «Al Mahmoudieh»,moulins al mahmoudieh
C00094,1947,Mécanique,mecanique
C01667,1947,Nat. Ins. Co. (Life Ins. Co.),nat ins co life ins co
C01668,1947,Nat. Ins. Co. of Egypt (Ace. Inc. et Risques Divers),nat ins co egypt ace inc risques divers
C01669,1947,National Bank of E,national bank e
C00097,1947,National Bank of Egypt,national bank egypt s
C01670,1947,National Bank of Eg·ypt,national bank eg ypt
C00416,1947,National Contracting Co. of Egypt,national contracting co egypt
C01671,1947,National Cotton Gy,national cotton gy
C00417,1947,National Ginning Co. of Egypt,national ginning co egypt s e
C00417,1947,"National Ginning Co. of Egypt, S.A",national ginning co egypt s e
C01672,1947,National Ginning Cy,national ginning cy
C00417,1947,National Ginning Cy. of Egypt,national ginning co egypt s e
C01673,1947,National Ins. Co. of Egypt (Life Ins. Co.),national ins co egypt life ins co
C00099,1947,National Insmance Co. of Egypt,national insurance co or egypt
C00098,1947,National Insurance Co,national insurance co
C01674,1947,National Insurance Co. (Ace. Inc. & Risques Divers),national insurance co ace inc risques divers
C00099,1947,National Insurance Co. of Egypt,national insurance co or egypt
C01675,1947,National Metal Industries,national metal industries
C00101,1947,National Petroleum Cy,national petroleum cy
C01676,1947,National Plastics Co,national plastics co
C01677,1947,National Starch Cy,national starch cy
C01678,1947,"National Starch Do., S.A.E. et Near East Produce Co., S.A.E",national starch do s e near east produce co s e
C01679,1947,National lnsurance Co. of Egypt (Branche-Vie),national lnsurance co egypt branche vie
C01680,1947,Nationul Bank of Egypt,nationul bank egypt
C01681,1947,Navigation,navigation
C01682,1947,Near,near
C01683,1947,Near East Finance Co,near east finance co
C01684,1947,Near East Ph.umaceutical & Commercial Cy,near east ph umaceutical commercial cy
C01685,1947,Near East Pharmaceutical & Commercial Gy,near east pharmaceutical commercial gy
C01686,1947,"Near East Produce Trading Cy. W issa, Zaki (Bey), Administl'ateur de la Société Misr d' Assurances Générales",near east produce trading cy w issa zaki bey administl ateur misr assurances generales
C01687,1947,Near East Produce Trading Gy,near east produce trading gy
C01688,1947,Near East Superintending Co. Ltd,near east superintending co
C00103,1947,New Egyptian Co,new egyptian co
C01689,1947,Ni le Brewery,ni brewery
C01690,1947,Nil Paris,nil paris
C01691,1947,"Nil Paris, S.A.E",nil paris s e
C01692,1947,Nile Brewery,nile brewery
C01693,1947,Nile Cold Storage & lee Co,nile cold storage lee co
C01693,1947,Nile Cold Storage 1& lee Co,nile cold storage lee co
C00691,1947,"Nile Ginning Co., S.A.E. (Minia)",nile ginning co s e minia s
C01694,1947,"Nile Textile Co., S.A.E",nile textile co s e
C01695,1947,Nile Textile Cy,nile textile cy
C01696,1947,North East Africa Trading Co,north east africa trading co
C01696,1947,North East Africa Trading Cy,north east africa trading co
C01697,1947,Nouveaux Hôtels d'Egypte,nouveaux hotels egypte
C01698,1947,Office des Territoires Occupés ou Contrôlés,office territoires occupes ou controles
C01699,1947,Oonseil d'Administration de la Société Egyptienne de Ciment Portland Tourah,oonseil administration ciment portland tourah
C01700,1947,Orient Li.nen Industry,orient li nen industry
C01700,1947,Orient Linen Industry,orient li nen industry
C01701,1947,Oriental Bond Stores,oriental bond stores
C01702,1947,Otient Linen Industry. s,otient linen industry s
C01703,1947,Pa1·ghaly Cotton & Jnvestment Cy,pa1 ghaly cotton jnvestment cy
C01704,1947,Palestine Discount Bank,palestine discount bank
C01158,1947,Palestine Hotels Ltd,palestine hotels
C01705,1947,Palestine Mercantile Bank Ltd,palestine mercantile bank
C01706,1947,PatTiarcal -A nnénien Catholique d'Alexandrie,pattiarcal nnenien catholique alexandrie
C01707,1947,"Peltoms, S.A.E",peltoms s e
C01708,1947,"Pinto & Co., Caire et Alexandrie",pinto co caire alexandrie
C01709,1947,"Pinto CottoP Co., S.A.E",pinto cottop co s e
C01709,1947,"Pinto Cotton Co., S.A.E",pinto cottop co s e
C01710,1947,Platrières de Ballah,platrieres ballah
C01711,1947,Plàtriè1·es de Ballah,platrie1 es ballah
C01712,1947,Pool des Egreneurs,pool egreneurs
C00432,1947,Port-Said Salt Association Ltd,port said salt associa lion
C00433,1947,Pressage de Coton,pressage coton
C00109,1947,Presses Libres Egyptiennes,presses libres egypliennes
C01713,1947,Qrands Hôtels d'Egypte,qrands hotels egypte
C00110,1947,Raffinerie d'Egypte,raffinerie egypte
C01714,1947,Red Sea Mining Co,red sea mining co
C01715,1947,Rizerie Egyptienne ModernP,rizerie egyptienne modernp
C01715,1947,Rizerie Egyptienne Moderne,rizerie egyptienne modernp
C01716,1947,"Rosetta & Alexandria Rice Mille Co., S.A.E",rosetta alexandria rice mille co s e
C00435,1947,Rosetta & Alexandria Rice Mills,rosetta alexandria rice mills
C00435,1947,"Rosetta ,& Alexandria Rice Mills",rosetta alexandria rice mills
C01717,1947,Rosetta r& Alexandria Ri ce Mills,rosetta r alexandria ri ce mills
C00435,1947,Rosetta& Alexandria Rice Mills,rosetta alexandria rice mills
C01718,1947,"Rye, Evans & Co. (Sudan) Ltd",rye evans co sudan
C00113,1947,S.A. Agricole et Industrielle d'Egypte,s agricole industrielle egypte
C01719,1947,S.A. Astra et Halles Centrales,s astra halles centrales
C01720,1947,"S.A. Bières Bomonti & Pyramides. lzzel Dine Omar, Administratem Sté. Orientale Cinéma",s bieres bomonti pyramides lzzel dine omar administratem ste orientale cinema
C01010,1947,"S.A. Immobili Riuniti, S.A.E",s immobili riunit i s e
C00443,1947,S.A. Immobilière Terrain~ Guizeh et Rodah,s immobiliere terrains guizch rodah
C00443,1947,S.A. Immobilière des Terrains Guizeh· Rodah,s immobiliere terrains guizch rodah
C01721,1947,S.A. Immobilière du Domaine de Si ouf,s immobiliere domaine si ouf
C00116,1947,S.A. Immobilière du Domaine de Siouf,s immobiliere domaine siouf
C00443,1947,S.A. Immobilièrl? des Terrains Ghizeh & Rodah,s immobiliere terrains guizch rodah
C00805,1947,S.A. Pharos,s pharos
C01017,1947,S.A. d'Industrie Fibres Textiles,s e industrie fibres textiles
C00126,1947,"S.A. de Nettoyage et Pressage de Coton, S.A.E",s nettoyage pressage coton
C00126,1947,S.A. de Nettoyage et Pressage du Coton,s nettoyage pressage coton
C00118,1947,S.A. de Wadi-Kom-Ombo,s wadi kom ombo
C00118,1947,S.A. de \Vadi Kom Ombo,s wadi kom ombo
C00477,1947,S.A. de la Société Egyptienne d'Electricité,s e electricile
C01722,1947,"S.A. des Anciennes Entrepri ses L. Rolin ,& Co",s anciennes entrepri ses rolin co
C01723,1947,S.A. des Anciens Etablissements D.C.~. Brooks,s anciens etablissements c brooks
C00451,1947,S.A. des Bières Bomonti -& Pyramides,s bieres bomonti pyramides
C00121,1947,S.A. des Chemins de Fer Kéneh-Assouan,s chemins fer keneh assouan
C00452,1947,S.A. des Chemins de Fer de la Basse-Egypte,s chemins fer basse egypte
C01724,1947,S.A. des Droguenes d'Egypt.e,s droguenes egypt e
C00456,1947,S.A. des Drogueries d'Egypte,s drogueries cl egypte
C01725,1947,S.A. des Drogueri~s d'Egypte,s drogueri s egypte
C00457,1947,S.A. des Eaux du Caire,s eaux caire
C01726,1947,S.A. des Eaux du Caire de la Compagnie Frigorifique d'Egypte,s eaux caire frigorifique egypte
C01727,1947,S.A. des Immeubles d'E · gyp te,s immeubles e gyp te
C00439,1947,S.A. des Immeubles d'Egypte,s immeubles egyple
C01728,1947,S.A. des Immeubles d'Egypte et Secrétaire Général de la Land Bank of Egypt,s immeubles egypte secretaire general land bank egypt
C01729,1947,S.A. des Magasins Egyptiens Régime Bond,s magasins egyptiens regime bond
C00462,1947,S.A. des Monts de Piété Egyptiens,s monts piete egyptiens
C01730,1947,S.A. des Presses Libres,s presses libres
C00124,1947,S.A. des Presses Libres Egyptiennes,s presses libres egyptiennes
C01731,1947,"S.A. des Presses Libres Egyptiennes, de l'Alexandria Life Insurance Co. S.A.E",s presses libres egyptiennes alexandria life insurance co s e
C00465,1947,S.A. des Terrains de Guizeh-Rodah,s terrains guizeh rodab
C01732,1947,S.A. des Tram\vavs d'Alexandrie,s tram vavs alexandrie
C01733,1947,S.A. des Wagons Lits Iran,s wagons lits iran
C00125,1947,S.A. du Béhéra,s behera
C01734,1947,"S.A. du Béhéra, de The Anglo-American Nile Co",s behera anglo american nile co
C01735,1947,"S.A. du Béhéra, de la Delta Trading Co",s behera delta trading co
C00118,1947,S.A. du Wadi Kom Ombo,s wadi kom ombo
C01736,1947,S.A. ritJs Monts de Piété Egyptiens,s ritjs monts piete egyptiens
C01737,1947,S.A. rles Monts de Piété Egyptiens,s rles monts piete egyptiens
C00452,1947,"S.A., des Chemins de Fer de la Bass~-Egypte",s chemins fer basse egypte
C01738,1947,S.A.E. CAR BA,s e car ba
C00471,1947,S.A.E. Carba,s e carba
C01020,1947,S.A.E. Financière & Immobilière,s e financiere immobiliere
C01020,1947,S.A.E. Financière et Immobilière,s e financiere immobiliere
C01020,1947,S.A.E. Financière et lmmobilière,s e financiere immobiliere
C01739,1947,S.A.E. Moulins «Al-Ma.hmoudiehn,s e moulins al ma hmoudiehn
C01740,1947,"S.A.E. Moulins «Al-Mahmoudieh""",s e moulins al mahmoudieh
C01741,1947,S.A.E. Peltours,s e peltours
C01742,1947,S.A.E. SaheL,s e sahel
C01742,1947,S.A.E. Sahel,s e sahel
C01743,1947,S.A.E. d'Urhani.E'f_ne «Hadaek el Abram» ( Py1·amids Gardens),s e urhani e f ne hadaek el abram py1 amids gardens
C01744,1947,S.A.E. de Capitalisation L'Epargne,s e capitalisation epargne
C01744,1947,S.A.E. de Capitalisation l'Epargne,s e capitalisation epargne
C01744,1947,S.A.E. de Capitalisation «L'Epargne>>,s e capitalisation epargne
C01745,1947,"S.A.E. de Construction, ""Egycon",s e construction egycon
C01746,1947,S.A.E. de Métallurgie,s e metallurgie
C01017,1947,S.A.E. de l'Industrie Fibres Textiles,s e industrie fibres textiles
C01747,1947,S.A.E. des Anciens Etablissements Hovaghimian,s e anciens etablissements hovaghimian
C01748,1947,S.A.E. des Chaussures Bata,s e chaussures bata
C01749,1947,"S.A.E. «Al Ch,arkn",s e al ch arkn
C01750,1947,S.A.E. «Almina''·,s e almina
C00471,1947,S.A.E. «Carban,s e carba
C01751,1947,S.A.E. «Chaw,s e chaw
C01752,1947,S.A.E. «Imprimerie Misr». ·,s e imprimerie misr
C00477,1947,S.E. d'Electricité,s e electricile
C00114,1947,S.E. de Ciment Portland Tourah,s ciment portland tourab
C00114,1947,S.E. de Ciment Portland-Tourah,s ciment portland tourab
C01753,1947,S.E. de Tissage et Tricotage,s e tissage tricotage
C01754,1947,S\é. «The Egyptian Insurance& Commercial Agency (EICA) Tsekis & Co.)),s e egyptian insurance commercial agency eica tsekis co
C01755,1947,"Salvage & Marine Gy. of Egypt, S.A.E",salvage marine gy egypt s e
C01756,1947,"Salvage ·& Marine Cy. of Egypt, S.A.E",salvage marine cy egypt s e
C01757,1947,Si di Salem Co,si di salem co
C00129,1947,Sidi Salem Co,sidi salem co
C01758,1947,"Sidi Salem Co. of Egypt, S.A.E",sidi salem co egypt s e
C01759,1947,Sidi Salem Estat'e of Egypt,sidi salem estat e egypt
C01760,1947,"So- ciétés, Industriel. ·",so cietes industriel
C01761,1947,SoJciété Egyptienne de Ciment Portland Tourah,sojciete egyptienne ciment portland tourah
C01762,1947,Soc. Egypt. de la Bourse Commerciale de M.E.B,soc egypt bourse commerciale m e b
C01763,1947,Soc. d'Avances Commerciales,soc avances commerciales
C00492,1947,"Societa Anonima Immobili Riuniti, S.A.E",societa anonima immobili riuniti
C01764,1947,Società,societa
C01765,1947,Societé Misr pour le Tissage de la. Soie,misr tissage soie
C01766,1947,Soci~té,soci te
C00503,1947,Sociéte,
C00503,1947,Société,
C01767,1947,"Société ""The Egyptiai1 General Omnibus Co. n",egyptiai1 general omnibus co n
C00173,1947,Société <Générale des Sucreries,generale sucreries
C01768,1947,"Société Agricole et Urbaine ""Fayoum»",agricole urbaine fayoum
C01769,1947,Société Agricole et Urbaine ceLe Fayoum»,agricole urbaine cele fayoum
C01770,1947,Société AnonymP. Egyptienne de la Jute Co,anonymp egyptienne jute co
C01771,1947,Société Anonyme Belge-Egyptienne,belge egyptienne
C01772,1947,Société Anonyme Egyptienne de Capitalisation L'Epargne,capitalisation epargne
C01773,1947,"Société Anonyme Egyptienne «Carban, de The Egyptian Copper Works",carban egyptian copper works
C00510,1947,Société Anonyme de Nettoyage,nettoyage
C00137,1947,Société Anonyme de Wadi Kom Ombo,wadi kom ombo
C01774,1947,"Société Anonyme de Wadi Kom Ombo, \le la Société Générale des Sucreries",wadi kom ombo generale sucreries
C00138,1947,Société Anonyme des Anciennes Entreprises L. Rolin & Co,anciennes entreprises rolin co
C00052,1947,Société Anonyme des Eaux du Caire,eaux caire
C01775,1947,Société Anonym~ du Béhéra,anonym behera
C00149,1947,Société Belgo-Egyptienne de l' Ezkébieh,belgo egyplienne ezbekieh
C00149,1947,Société Belgo-Egyptienne de l'Ezbékieh,belgo egyplienne ezbekieh
C01776,1947,Société Bolanachi,bolanachi
C01777,1947,Société California Eg. des Pétroles,california eg petroles
C00514,1947,"Société California Egyptienne de Pétroles, S.A.E",california egyptienne petroles
C00514,1947,Société California Egyptienne des Pétroles,california egyptienne petroles
C00516,1947,Société California Texas des Pétroles,california texas petroles
C01778,1947,Société Co-opérative des Pétroles,co operative petroles
C01779,1947,Société Commerciale Ex,commerciale ex
C01780,1947,Société Copte de Bienfaisance,copte bienfaisance
C00150,1947,"Société Cotonnière ""Maarad",cotonniere maarad
C00150,1947,Société Cotonnière Maarad,cotonniere maarad
C00150,1947,Société Cotonnière Maarad. ·,cotonniere maarad
C00150,1947,"Société Cotonnière «Maarad""",cotonniere maarad
C01781,1947,Société Cotonnière «Maaradn el de la Hamata Mining,cotonniere maaradn el hamata mining
C01782,1947,Société Co·· tonnière d'Egypte,co tonniere egypte
C01783,1947,Société Eg. de Constructions Modernes «Al Chamsn,eg constructions modernes al chamsn
C01784,1947,Société EgylJtienne des Industries Textiles,egyljtienne industries textiles
C01785,1947,"Société Egyptienm des Industries Textiles, S.A.E",egyptienm industries textiles s e
C01786,1947,Société Egyptienne Financière pour leti·atio~ Con~­ merce,financiere leti atio con merce
C01787,1947,Société Egyptienne ct'Entrepl'i.ses et Constructions(S.E.D.E.C.),ct entrepl i ses constructions s e e c
C00152,1947,Société Egyptienne d'Egrenage,egrenage
C01788,1947,Société Egyptienne d'Engrais '& d'Industries Chimiques,engrais industries chimiques
C01789,1947,Société Egyptienne d'Entrep1·ises et Constructions (S.E.D.E.C.),entrep1 ises constructions s e e c
C00153,1947,Société Egyptienne d'Entreprises Urbaines et Rurales,entreprises urbaines rurales
C01790,1947,Société Egyptienne d'Entreprises et Constructions (SEDEC),entreprises constructions sedec
C01791,1947,"Société Egyptienne d'Industries Chimiques, S.A.E., Marsa Matrouh Salt & Potash Cy",industries chimiques s e marsa matrouh salt potash cy
C01792,1947,Société Egyptienne de Ciment Portland Tourah,ciment portland tourah
C01793,1947,Société Egyptienne de Cimeut,cimeut
C01794,1947,Société Egyptienne de Conserves alimentaires,conserves alimentaires
C01795,1947,"Société Egyptienne de Constructions, S.A.E. (Egyco)",constructions s e egyco
C00356,1947,Société Egyptienne de Filature,filature
C00530,1947,Société Egyptienne de Filature et Tissage de Laine S.A.E,filature el tissage laine s e
C00530,1947,"Société Egyptienne de Filature et Tissage de Laine, S.A.E",filature el tissage laine s e
C00530,1947,"Société Egyptienne de Filature et Tissage de la Laine, S.A.E",filature el tissage laine s e
C00532,1947,Société Egyptienne de Placements,placements
C01796,1947,Société Egyptienne de Teinture,teinture
C01797,1947,Société Egyptienne de Teinturerie,teinturerie
C01798,1947,"Société Egyptienne de Tissage eL rrricotage, S.A.E",tissage el rrricotage s e
C00535,1947,Société Egyptienne de Tissage et Tricotage,tissage tricotage
C01799,1947,"Société Egyptienne de Tissage et Tricotage, S.A.E",tissage tricotage s e
C01800,1947,"Société Egyptienne de Tissage et Tricotage, de la Société Franco-Egyptienne d'Importation",tissage tricotage franco egyptienne importation
C01801,1947,"Société Egyptienne de Tissage et Trico~a.ge, S.A.E",tissage trico ge s e
C00536,1947,"Société Egyptienne de Tuyaux, Poteaux et Produits en Ciment Armé (Système Siegwart)",tuyaux poteaux cl produits ciment arme systeme siegwarl
C00540,1947,Société Egyptienne de l'Industrie de Bonneterie,industrie bonneterie
C00542,1947,"Société Egyptienne de la Bourse Commerciale de Minet El B<,tssal",bourse commerciale minet el nassal
C00159,1947,Société Egyptienne de la Bourse Commerciale de Minet El Bassal,bourse commerciale minet el bassa
C00528,1947,"Société Egyptienne des Industries Chimiques, S.A.E",industries chimiques s e
C00509,1947,Société Egyptienne des Industries Textiles,industries textiles
C00544,1947,Société Egyptienne des Industries de Bonneterie,industries bonneterie
C01802,1947,Société Egyptienne des Pétro les,petro
C00545,1947,Société Egyptienne des Pétroles (S.E. P.),petroles s e
C01803,1947,"Société Egyptienne pom l'Exploitation des Mines et Carrières, S.A.E",pom exploitation mines carrieres s e
C01804,1947,Société Egyptienne pom l'Industrie et le Commerce des Cotonnades ceLa Cotonnière»,pom industrie commerce cotonnades cela cotonniere
C01805,1947,Société Egyptienne pom le Tannage,pom tannage
C00540,1947,Société Egyptienne pour l'Industrie de Bonneterie,industrie bonneterie
C01806,1947,Société Egyptienne pour l'Industrie et le Commerce des,industrie commerce
C01807,1947,Société Egyptienne pour la FabriGation,fabrigation
C01808,1947,Société Egyptienne pour le Développement et h~,developpement h
C00555,1947,"Société Egyptienne pour le Développement et le Commerce des Légumes, Fruits et Fleurs",developpement cominercc legumes fruits fleurs
C01809,1947,Société Egyptienne pour le Tannage,tannage
C01809,1947,Société Egyptienne pour le tannage,tannage
C00161,1947,Société Egyptienne. des Pétroles,petroles
C01810,1947,Société Egyptienrw de Placements,egyptienrw placements
C01811,1947,Société Financière .& Industrielle,financiere industrielle
C00163,1947,Société Financière et Industrielle d'Egypte,financiere industrielle egypte
C00165,1947,Société Foncière d'Egypte,fonciere egypte
C00166,1947,Société Foncière du Domaine de Cheikh Fadl,fonciere domaine cheikh fadl
C00167,1947,Société Franco-Egyptienne d'Importation,franco egyptienne importation
C01812,1947,Société Franco-Egyptienne de Crédit,franco egyptienne credit
C01813,1947,Société Général'3 d'Electricité,general 3 electricite
C00562,1947,Société Générale Immobilière d'Egypte,generale immobiliere egyple
C01814,1947,Société Générale Immobilièt-e,generale immobiliet e
C00170,1947,Société Générale d 'Electricité,generale electricite
C00170,1947,Société Générale d'Electricité,generale electricite
C01815,1947,Société Générale de Placement Financier et Industriel,generale placement financier industriel
C00563,1947,Société Générale de Pressage,generale pressage
C00563,1947,Société Générale de Pressag~,generale pressage
C00173,1947,Société Générale des Sucreries,generale sucreries
C01086,1947,Société Générale des Sucreries et Raffinerie d'Egypte,generale sucreries el raffinerie egypte
C01816,1947,"Société Hongra-Egyptienne pour le Commerce, S.A",hongra egyptienne commerce s
C00568,1947,"Société Immobilière d'Alexandrie, S.A.E",immobiliere alexandrie s f y
C00568,1947,"Société Immobilière d'Alexandrie, S.A.F",immobiliere alexandrie s f y
C01817,1947,Société Immobilière de Boulac,immobiliere boulac
C01818,1947,"Société Immobilière de Zamalek, S.A.E",immobiliere zamalek s e
C01819,1947,"Société Industrielle et Commerciale d'Egypte ( S.I.C.O.), S.A.E",industrielle commerciale egypte s i c o s e
C01819,1947,"Société Industrielle et Commerciale d'Egypte (S.I.C.O.), S.A.E",industrielle commerciale egypte s i c o s e
C01820,1947,"Société Industrielle et Commerciale d'Egypte (SICO), S.A.E",industrielle commerciale egypte sico s e
C01821,1947,Société Liban-Egypte,liban egypte
C01822,1947,Société Mi sr pour le Li.n,mi sr li n
C01823,1947,Société Mis1,mis1
C01824,1947,Société Misr Rayonne,misr rayonne
C01825,1947,Société Misr d'Assurances,misr assurances
C00573,1947,Société Misr d'Assurances Générales,misr assurances generales
C01826,1947,Société Misr de Filature,misr filature
C01827,1947,Société Misr de Kafrel Dawar,misr kafrel dawar
C01828,1947,Société Misr de Navigation Maritime,misr navigation maritime
C01829,1947,Société Misr de Tabacs et Cigarette,misr tabacs cigarette
C01829,1947,Société Misr de Tabacs et Cigarettes,misr tabacs cigarette
C01830,1947,Société Misr de Tissage de Coton à Kafr el Dawar,misr tissage coton kafr el dawar
C01831,1947,Société Misr de Transport,misr transport
C01832,1947,Société Misr des Mines et Carrières,misr mines carrieres
C01829,1947,Société Misr des Tabacs et Cigarettes,misr tabacs cigarette
C01833,1947,Société Misr pom la Filature et le Tissage fin en Coton Egyptien (Kafr El Dawar),misr pom filature tissage fin coton egyptien kafr el dawar
C01834,1947,Société Misr pour l'Egrenage du Coton,misr egrenage coton
C00175,1947,Société Misr pour l'Exportation du Coton (ex-Lindemann),misr exportation coton ex lindemann
C01835,1947,"Société Misr pour l'Industrie Pharmaceutique, S.A.E",misr industrie pharmaceutique s e
C01836,1947,Société Misr pour l'Industrie et le Commerce des Huiles,misr industrie commerce huiles
C01837,1947,Société Misr pour la Filature et le Tissage S.A. E,misr filature tissage s e
C01838,1947,"Société Misr pour la Filature et le Tissage, Mehalla El Kobra",misr filature tissage mehalla el kobra
C01839,1947,Société Misr pour la Rayonne S.A.E,misr rayonne s e
C01840,1947,Société Misr pour le Lin,misr lin
C01841,1947,Société Misr pour le Théâtre et le Cinéma,misr theatre cinema
C01765,1947,Société Misr pour le Tissage de la Soie,misr tissage soie
C01842,1947,Société Misr pour le Tissage de la Soie S.A.E,misr tissage soie s e
C01843,1947,Société Misr pour les Fourrages,misr fourrages
C01844,1947,Société Misr pour les Huiles,misr huiles
C01845,1947,Société Misr pour les Pêcheries,misr pecheries
C01846,1947,"Société Nationale de Matières Plastiques, S.A.E",nationale matieres plastiques s e
C01094,1947,"Société Nationale de Papier, S.A.E",nationale papier s e
C01094,1947,"Société Nationale du Papier, S.A.E",nationale papier s e
C01847,1947,Société Orientale de Publicité,orientale publicite
C01848,1947,Société Pharos,pharos
C01849,1947,Société Royale d' Agrt· culture,royale agrt culture
C00576,1947,Société Royale d'Agriculture,royale agricullture
C01850,1947,"Société Royale d'Agriculture, de la Société Royale des Etudes Historiques, du Cercle Royal d'Escrime, du",royale agriculture royale etudes historiques cercle royal escrime
C01851,1947,Société Royale d'Econorme Politique,royale econorme politique
C00178,1947,Société Royale de Papyrologie d'Egypte,royale papyrologie egypte
C00578,1947,Société Texas Egyptienne des Pétroles,texas egyptienne petroles
C00580,1947,Société Viticole & Vinicole d'Egypte,viticole vinicole egypte s e
C01852,1947,"Société Viticole et Vinicole d'Egypte, Représentant de la Cie. Internationale des Wagons-Lits en Egypte, en Palestine, Syrie, Irak et Iran",viticole vinicole egypte representant cie internationale wagons lits egypte palestine syrie irak iran
C00580,1947,"Société Viticole et Vinicole d'Egypte, S.A.E",viticole vinicole egypte s e
C01853,1947,"Société Viticole et Vinicole d'Egypte, de Frosted Food & Cold Storage Cy",viticole vinicole egypte frosted food cold storage cy
C01854,1947,Société Zoologi que d'Egypte,zoologi que egypte
C01855,1947,Société d'Alimentation Générale,alimentation generale
C01856,1947,Société d'Assurances «Al Chark» S.A.E,assurances al chark s e
C00179,1947,Société d'Avances Commerciales,avances commerciales
C01376,1947,"Société d'Entreprises M. Cockinos, S.A.E",entreprises m cockinos s e
C01857,1947,Société d'Exploitations Agricoles,exploitations agricoles
C01858,1947,Société de Cigarettes Nestor Gianaclis,cigarettes nestor gianaclis
C00583,1947,"Société de Ciment Portland de Helouan, S.A.E",ciment portland helouan s e
C01859,1947,Société de Ciment. Portland Tom·ah,ciment portland tom ah
C01106,1947,Société de Crédit Alexandrin,credit alpxandrin
C01860,1947,"Société de Métallui·gie Egyptienne, S.A.E",metallui gie egyptienne s e
C01861,1947,Société des Autobus d'Alexandt·ie,autobus alexandt ie
C00591,1947,Société des Autobus de Béhéra,autobus behera
C01862,1947,"Société des Autobus de Béhéra ct de Gharbieh, S.A.E",autobus behera ct gharbieh s e
C01863,1947,Société des Autobus de Charkieh,autobus charkieh
C01864,1947,Société des Autobus de Charkieh et Dakahlieh,autobus charkieh dakahlieh
C01865,1947,Société des Autobus du,autobus
C00592,1947,Société des Autobus du Caire,autobus caire
C01866,1947,Société des Autobus du Nord de la General Navigation Cy. of Egypt,autobus nord general navigation cy egypt
C00594,1947,"Société des Autobus du Nord, S.A. E",autobus nord s e
C01867,1947,Société des Autohus de Béhéra,autohus behera
C00183,1947,Société des Biens de Rapport d'Egypte,biens rapport egypte
C01376,1947,"Société des Entreprises M. Cockinos, S.A.E",entreprises m cockinos s e
C00599,1947,Société des Omnibus de Fayoum,omnibus fayoum
C00601,1947,Société des Produits Centrifugés en Ciment. ·,produits centrifuge ciment
C00602,1947,Société des Publications Egyptiennes,publications egyptiennes
C01868,1947,Société des Tel' rains de la Ville d'Alexandrie,tel rains ville alexandrie
C00603,1947,Société des Terres Rares d'Egypte,terres rares egypte
C01869,1947,Société lmmo·· bilière d'Alexandrie,lmmo biliere alexandrie
C01870,1947,Société oes Autobus du Béhéra,oes autobus behera
C01871,1947,Société pour la Fabrication ct l'Exportation des Conserves (S.E.F.E.C.) ~ The Egyptian,fabrication ct exportation conserves s e f e c egyptian
C01108,1947,"Société pour la Vente des Produits Egyptiens, S.A.E",vente produits egyptiens s e
C00173,1947,Société<Générale des Sucreries,generale sucreries
C01872,1947,Sociétés,societes
C01873,1947,Sociétés Anonymes Egyptiennes. •,societes anonymes egyptiennes
C01874,1947,Sociétés suivantes,societes suivantes
C01875,1947,Sociétésformant le groupe Misr,societesformant groupe misr
C01876,1947,Sociétéssuivantes,societessuivantes
C01877,1947,Soèiété Misr pour l'Egrenage du Coton,soeiete misr egrenage coton
C01878,1947,Standard Oil Oil Co. of Egypt,standard oil oil co egypt
C01879,1947,Ste. Agricole et Fermière Fermag,ste agricole fermiere fermag
C01880,1947,Ste. Misr d'Assurances Générales,ste misr assurances generales
C01881,1947,Studios Al Ahram,studios al ahram
C01882,1947,Studios Al Aht·am,studios al aht am
C01881,1947,Studios· Al Ahram,studios al ahram
C01883,1947,Sté,ste
C01884,1947,Sté .. Misr pour la Filature et le Tissage (Mehalla-Kobra),ste misr filature tissage mehalla kobra
C01885,1947,"Sté. ""Bolanachi Distillerien",ste bolanachi distillerien
C01886,1947,Sté. Agr. et Urbaine «Le Fayoum». ·,ste agr urbaine fayoum
C01887,1947,Sté. Agricole et Fe1·mière Fermag et dè The Upper Egypt Hotels,ste agricole fe1 miere fermag upper egypt hotels
C01879,1947,Sté. Agricole et Fermière «Fermagn,ste agricole fermiere fermag
C01888,1947,Sté. Agricole et Industrielle d'Egypte,ste agricole industrielle egypte
C01889,1947,"Sté. Agricole et Urbaine«Le Fayoum""",ste agricole urbaine fayoum
C01890,1947,Sté. Agricole «LI] Fayoumn,ste agricole li fayoumn
C01891,1947,Sté. Al Chark Filature Ti->· sage,ste al chark filature ti sage
C01892,1947,Sté. Al Chark Filature Tissage,ste al chark filature tissage
C01892,1947,Sté. Al Chark Filature et le Tissage,ste al chark filature tissage
C01892,1947,Sté. Al Chark pour la Filatme et Tissage,ste al chark filature tissage
C01892,1947,Sté. Al Chark pour la Filature et le Tissage,ste al chark filature tissage
C01893,1947,Sté. An. Eg. de Capitalisation L'Epargne,ste an eg capitalisation epargne
C01894,1947,Sté. An. des Presses Libres Egyptiennes,ste an presses libres egyptiennes
C01894,1947,Sté. An. ries Presses Libres Egyptiennes,ste an presses libres egyptiennes
C01895,1947,Sté. Anonyme Egyptienne des Industries Textiles,ste anonyme egyptienne industries textiles
C01896,1947,Sté. California Texas des Pétl·oles,ste california texas petl oles
C01897,1947,Sté. Commerciale Ex-Import,ste commerciale ex import
C01898,1947,Sté. Cotonnière «Maarad)),ste cotonniere maarad
C01899,1947,Sté. Eg. Financière pour le Commerce,ste eg financiere commerce
C01124,1947,Sté. Eg. d'Entreprises Urbaines et Rurales,ste eni reprises urbaines t rurales
C01900,1947,Sté. Eg. de,ste eg
C01901,1947,Sté. Eg. de Ciment Portland Tourah,ste eg ciment portland tourah
C01902,1947,Sté. Eg. de Minoterie et Silos,ste eg minoterie silos
C01903,1947,Sté. Eg. de l'Industrie de la Bonneterie,ste eg industrie bonneterie
C01904,1947,Sté. Eg. de la Bour..>e Commerciale de Minet el Bassal,ste eg bour e commerciale minet el bassal
C01905,1947,Sté. Eg. des Emballages Economiques,ste eg emballages economiques
C01906,1947,Sté. Eg. des Etablissements Bolanachi-Distillei·ie,ste eg etablissements bolanachi distillei ie
C01907,1947,Sté. Eg. pour la Déshydratation des Légumes,ste eg deshydratation legumes
C01908,1947,Sté. Eg. pour la déshydratation deslégume's,ste eg deshydratation deslegume s
C01909,1947,Sté. Egyptienne de la Bourse Commerciale de Minet El Bassal,ste egyptienne bourse commerciale minet el bassal
C01910,1947,Sté. Egyptienne des Bo\s et Matériaux,ste egyptienne bo s materiaux
C01911,1947,Sté. Egyptienne des Bois d Matériaux ( SEBEM),ste egyptienne bois materiaux sebem
C01910,1947,Sté. Egyptienne des Bois et Matériaux,ste egyptienne bo s materiaux
C01912,1947,Sté. Egyptienne des Industries Texti les,ste egyptienne industries texti
C01913,1947,Sté. Egyptienne pour la Fabrication,ste egyptienne fabrication
C01914,1947,"Sté. Fouad 1er de la Lé,gislation de Statistique",ste fouad 1er gislation statistique
C01915,1947,"Sté. Franco Egyptienne d'Importation, S.A.E",ste franco egyptienne importation s e
C01915,1947,Sté. Franco-Egyptienne d'Importation,ste franco egyptienne importation s e
C01916,1947,"Sté. Générale de Placement Financie,l' et Industriel",ste generale placement financie industriel
C01917,1947,"Sté. Immobilière d'Alexandrie, S.A.F",ste immobiliere alexandrie s f
C01918,1947,Sté. Immobilière de l'Avenue de la Reine Nazli,ste immobiliere avenue reine nazli
C01919,1947,Sté. Industrielle au Moyen-Orient,ste industrielle moyen orient
C01919,1947,Sté. Industrielle du Moyen Orient,ste industrielle moyen orient
C01919,1947,Sté. Industrielle du Moyen-Orient,ste industrielle moyen orient
C01919,1947,Sté. Industrielle du Moyer Orient,ste industrielle moyen orient
C01920,1947,Sté. Misr Rayonne,ste misr rayonne
C01921,1947,Sté. Misr de Filature,ste misr filature
C01922,1947,Sté. Misr pour les Fomrages,ste misr fomrages
C01923,1947,Sté. Misr pour les Fourrages,ste misr fourrages
C01924,1947,Sté. Misr pour lf.s Fourrages,ste misr lf s fourrages
C01925,1947,Sté. Nationale des Matières Plastiques,ste nationale matieres plastiques
C01926,1947,Sté. Nationale du Papier,ste nationale papier
C01927,1947,Sté. Nestor Gianaclis,ste nestor gianaclis
C01928,1947,Sté. Orientale Cinéma,ste orientale cinema
C01928,1947,Sté. Orientale Cinéma·,ste orientale cinema
C01929,1947,Sté. Royale d'Agriculture,ste royale agriculture
C01930,1947,Sté. Texas Egyptienne des Pétroles,ste texas egyptienne petroles
C01931,1947,"Sté. The Clothing ,& Equipment Cy. of Egypt",ste clothing equipment cy egypt
C01932,1947,Sté. Usines Churbagui,ste usines churbagui
C01933,1947,Sté. Viticole .& Vinicole d'Egypte,ste viticole vinicole egypte
C01933,1947,Sté. Viticole et Vinicole d'Egypt.8,ste viticole vinicole egypte
C01934,1947,Sté. cclncorporated Industries»,ste cclncorporated industries
C01935,1947,Sté. des Autobus Charkieh et Dakahlieh,ste autobus charkieh dakahlieh
C01936,1947,Sté. des Autobus de la Basse-Egypte,ste autobus basse egypte
C01937,1947,Sté. des Autobus du Caire,ste autobus caire
C01938,1947,Sté. des Autobus du Nord,ste autobus nord
C01939,1947,Sté. des Biens de Rapport d'Egypte,ste biens rapport egypte
C01940,1947,Sté. des Emballages,ste emballages
C01941,1947,Sté. des Ingénieurs Agronomes pour l'Exploitation Agricole,ste ingenieurs agronomes exploitation agricole
C01942,1947,Sté. des Omnibus de Fayoum,ste omnibus fayoum
C01943,1947,Sté. des Plâtrières de Ballah,ste platrieres ballah
C01944,1947,Sté. des Produits Centrifugés en Ciment,ste produits centrifuges ciment
C01945,1947,Sté. des Terrains de la Ville d'Alexandrie,ste terrains ville alexandrie
C01946,1947,"Sté. en commandite par actions M. L. Franco,& Co. (S. Pinto & Co. Suce.)",ste commandite par actions m franco co s pinto co suce
C01124,1947,Sté.· d'Entreprises Urbaines et Rurales,ste eni reprises urbaines t rurales
C01947,1947,Sucreries d'Egypte,sucreries egypte
C01948,1947,Sudan Import & Export Co. j de la Port-Sudan Forwarding Co. Ltd,sudan import export co j port sudan forwarding co
C01949,1947,Sun Life Insurance Co. of Canada,sun life insurance co canada
C01950,1947,Surveillance de Hamatèl Mining Co,surveillance hamatel mining co
C01951,1947,"Surveillance de Tht Egyptian Delta Rice Mills Co. (N. Yamodis ,& Co.)",surveillance tht egyptian delta rice mills co n yamodis co
C01950,1947,Surveillance de la Hamata MIning Co,surveillance hamatel mining co
C01952,1947,Surveillance de la Ham~ta Mining Co,surveillance ham ta mining co
C01953,1947,"Surveillance de la M. L. Franco & Co. (S. Pinto,& Co. Suce.)",surveillance m franco co s pinto co suce
C01953,1947,Surveillance de la M. L. Franco & Co.-S. Pinto & Co. Succrs,surveillance m franco co s pinto co suce
C01954,1947,Surveillance de la Manufacture Nationale de Couvertures A. Saltiel & Co,surveillance manufacture nationale couvertures saltiel co
C01955,1947,Surveillance de la Société d'Assurance sur la vie «La Genevoise»,surveillance assurance sur vie genevoise
C01956,1947,Surveillance de la Société des Plâtres d'Albâtre Roland Boniteau & Co,surveillance platres albatre roland boniteau co
C01957,1947,Surveillance de la Sté. des Plâtres d'Albâtre,surveillance ste platres albatre
C01958,1947,"Surveillance de«Allen & Co.""",surveillance allen co
C01959,1947,Syndicat ctes Obligataires de la Société GénA· rale des Sucreries,syndicat ctes obligataires gena rale sucreries
C01960,1947,Syndicat de l'Industrie Egyptienne du Riz,syndicat industrie egyptienne riz
C00186,1947,Syndicat des Obligataires de la Société Générale des Sucreries,syndicat obligataires generale sucreries
C01961,1947,"S·Jciété Egyptienne de Tuyaux, Poteaux et Pl'oduits en Ciment Al'mé !Système Sieg\\al't)",s jciete egyptienne tuyaux poteaux pl oduits ciment al me systeme sieg al t
C00619,1947,Sénat,senat
C01962,1947,Tb.e Mediterranean Co. for General Tracte (Egypt) S.A,tb e mediterranean co general tracte egypt s
C01963,1947,Technique de Tht~ Dakahlieh Land Co,technique tht dakahlieh land co
C01964,1947,"Teinturerie Franco-Egyptienne, S.A.K",teinturerie franco egyptienne s k
C01965,1947,"Textile de Choubrah, S.A.E",textile choubrah s e
C01966,1947,"Th""' Egyptian Petroleum Storage",th egyptian petroleum storage
C00503,1947,The,
C01967,1947,"The Abou Zaabal & Kafrel Zayat Chemical ,& Fertilizers Co., S.A.E",abou zaabal kafrel zayat chemical fertilizers co s e
C01403,1947,The Aboukir Cy,aboukir cy
C01968,1947,"The Albert Moussa Agency & Stevedoring Co., S.A.E",albert moussa agency stevedoring co s e
C01968,1947,"The Albert Mussa Agency ,& Stevedoring Co., S.A.E",albert moussa agency stevedoring co s e
C01968,1947,The Albert Mussa Agency ·& Stevedoring Co,albert moussa agency stevedoring co s e
C01968,1947,"The Albert Mussa Agèncy & Stevedoring Co., S.A.E",albert moussa agency stevedoring co s e
C01969,1947,"The Alexa11- dria & Ramleh Raih,·ay Co. Ltd",alexa11 dria ramleh raih ay co
C01970,1947,The Alexandria & Khartoum Trading Corporation,alexandria khartoum trading corporation
C01971,1947,The Alexandria .& Ramleh Buildings Co,alexandria ramleh buildings co
C00189,1947,The Alexandria Central Buildings,alexandria central buildings
C01972,1947,The Alexandria Cotton Trading Co,alexandria cotton trading co
C01973,1947,The Alexandria Engineering Works (ex,alexandria engineering works ex
C00010,1947,The Alexandria Insurance Co,alexandria insurance co
C00010,1947,The Alexandria Insurance Gy,alexandria insurance co
C01418,1947,The Alexandria Life Insurance,alexandria life insurance co s e
C01974,1947,The Alexandria Ma- nufacturing Co,alexandria ma nufacturing co
C01974,1947,The Alexandria Manufacturing Co. Ltd,alexandria ma nufacturing co
C00011,1947,The Alexandria Navigation Co,alexandria navigation cy s e
C00266,1947,"The Alexandria Pressing Co., S.A.E",alexandria pressing co s e
C01334,1947,The Alexandria Racing,alexandria racing
C00894,1947,"The Alexandria Racing Club, S.A.E",alexandria racing clulj s e
C01423,1947,The Alexandria Spinning & Weaving Co,alexandria spinning weaving cy
C01975,1947,The Alexandria Spinning .& W eaving Co,alexandria spinning w eaving co
C01976,1947,"The Alexandria T""r·ansport and lndustrial Co",alexandria t r ansport lndustrial co
C00015,1947,The Alexandria Watel' Co,alexandria water cy
C01977,1947,The Alexandria Water Co. et The Alexandria Transport.& Industrial Gy,alexandria water co alexandria transport industrial gy
C00015,1947,The Alexandria \Vater Co,alexandria water cy
C00015,1947,The Alexandria vVater Co. Ltd,alexandria water cy
C01978,1947,The Amalgamated lee Facto1,amalgamated lee facto1
C01979,1947,The Amalgamated lee Factories &,amalgamated lee factories
C01980,1947,The Amalgamated lee Factories & Cold Stores et General Navigation Cy. of Egypt,amalgamated lee factories cold stores general navigation cy egypt
C00637,1947,"The Amalgamated lee Factories & Cold Stores, S.A.E",amalgamated lee factories cold stores
C00637,1947,"The Amalgamated lee Factories and Cold. Stores, S.A.E",amalgamated lee factories cold stores
C00022,1947,The Anglo- Egyptian Land Allotment Co,anglo egyptian land allotment
C01981,1947,The Anglo-American Nile Co,anglo american nile co
C00276,1947,The Anglo-Belgian Co,anglo belgian co
C00019,1947,The Anglo-Belgian Co. of Egypt Ltd,anglo belgian co egypt
C00022,1947,The Anglo-Egyptian Land Allotment Co,anglo egyptian land allotment
C01429,1947,The Anglo-Egyptian Mining Co,anglo egyptian mining
C01429,1947,"The Anglo-Egyptian Mining Co., S.A.E",anglo egyptian mining
C00195,1947,The Associated Cotton Ginners,associated cotton ginners
C00023,1947,"The Associated Cotton Gin· ners of Egypt, Ltd",associated cotton gin ners egypt
C01982,1947,The Bottled Gas Co,bottled gas co
C01983,1947,"The Bradford Dyers Association Li- mited, Bradfül'd, England. ·",bradford dyers association li mited bradful england
C01984,1947,The Building Lands of Egypt,building lands egypt
C01985,1947,"The Ca11'll Electric Railways & Hellopolis Oases Co., S.A",ca11 ll electric railways hellopolis oases co s
C01986,1947,The Cairo Electr,cairo electr
C00198,1947,"The Cairo Electric Raihvays & Heliopolis Oases Co., S.A.E",cairo electric rallways heliopolis oases cy
C00647,1947,The Cairo Electric Railw ays & Heliopolis Oases Co,cairo electric railw ays heliopolis oases co
C00198,1947,The Cairo Electric Railways & Heliopolis Oases Co,cairo electric rallways heliopolis oases cy
C01987,1947,"The Cairo Electric Railways ,& Heliopolis Oases Co. et The African Enterprise .& Development Cy",cairo electric railways heliopolis oases co african enterprise development cy
C00198,1947,The Cairo Electric Railways and Heliopolis Oases Co,cairo electric rallways heliopolis oases cy
C00198,1947,The Cairo Electric Railways& Heliopolis Oases Co,cairo electric rallways heliopolis oases cy
C00198,1947,The Cairo Electric Railways.& Heliopolis Oases Co,cairo electric rallways heliopolis oases cy
C00036,1947,"The Cairo Sand Bricks Co., S.A",cairo sand bricks co
C00037,1947,The Cairo Suburban Building Land Co,cairo suburban buildings lands co
C01988,1947,"The Cherif Cotton ,& Trading Co., S.A.E. (Négociants et Exportateurs de Coton et Graines de CotG.m, Importations",cherif cotton trading co s e negociants exportateurs coton graines cotg m importations
C01989,1947,The Choremi Benachi & Co. (Liverpool),choremi benachi co liverpool
C00649,1947,The Choremi Benachi Cotton Co,choremi benachi cotton co
C01990,1947,The Consolidated Landed Interests (Egypt),consolidated landed interests egypt
C01531,1947,The Eastern Electric Cy,eastern electric cy
C01991,1947,The Egyptia11 Markets Ltd,egyptia11 markets
C01536,1947,"The Egyptian Aerated Water Company, Ltd",egyptian ae1 ated water co
C00659,1947,"The Egyptian Copper Works, S.A.E",egyptian coppcr vorks s e
C01992,1947,The Egyptian Cotton,egyptian cotton
C00069,1947,The Egyptian Delta Land .& Investment Co,egyptian delta land investment
C00069,1947,The Egyptian Delta Land and Investment Cy,egyptian delta land investment
C01993,1947,The Egyptian Delta Light Rail· ways Co,egyptian delta light rail ways co
C01994,1947,The Egyptian Delta Rice Mills Co. (N. Yamodis & Co.),egyptian delta rice mills co n yamodis co
C01544,1947,"The Egyptian Engineering ,& Marine Cy",egyptian engineering marine cy
C01995,1947,"The Egyptian Engineering Stores (Formerly Steinemann Mabardi ,& Co.), S.A.E",egyptian engineering stores formerly steinemann mabardi co s e
C00210,1947,The Egyptian Enterprise & Development Co,egyptian enterprise development co
C00210,1947,The Egyptian Enterprise & Development Cy,egyptian enterprise development co
C00210,1947,The Egyptian Enterprise .& Development Co,egyptian enterprise development co
C00343,1947,The Egyptian Financ•· Co,egyptian finance co
C00344,1947,The Egyptian General Omnibus Co,egyptian general omnibus cy
C00344,1947,"The Egyptian General Omnibus Co., · S.A.E",egyptian general omnibus cy
C00345,1947,"The Egyptian Independ8nt Oil Co., S.A.E",egyptian independent oil cy
C00345,1947,"The Egyptian Independent Oil Co., S.A.E",egyptian independent oil cy
C00667,1947,The Egyptian Land & Buildings Co,egyptian land building
C00667,1947,The Egyptian Land .& BuildiJ,egyptian land building
C00667,1947,The Egyptian Land .& Buildings Co,egyptian land building
C00667,1947,"The Egyptian Land and Buildings Co., S.A.E",egyptian land building
C00667,1947,The Egyptian Land ·~ Buildings Co,egyptian land building
C01550,1947,"The Egyptian Mining ,& Prospecting Co",egyptian mining prospecting co s e
C01996,1947,"The Egyptian Neon Lights Co., S.A.E",egyptian neon lights co s e
C01997,1947,"The Egyptian Petroleum C9., et The Albert Mussa Agency ,& Stevedoring Co., S.A.E",egyptian petroleum c9 albert mussa agency stevedoring co s e
C01998,1947,"The Egyptian Rice Mills, S.A.E",egyptian rice mills s e
C00664,1947,The Egyptian Road Construction,egyptian huad construction co
C00073,1947,The Egyptian Salkt& Soda Cy,egyptian salt soda
C00073,1947,The Egyptian Salt & Soda Co. Ltd,egyptian salt soda
C01999,1947,The Egyptian Star Navigation Co,egyptian star navigation co
C02000,1947,The Egyptian State Broadcasting,egyptian state broadcasting
C02001,1947,"The Egyptian lnd~­ pendent Oil Co., S.A.E",egyptian lnd pendent oil co s e
C00208,1947,The Egyptian' Bonded Warehouses,egyptian bonded warehouses cy
C02002,1947,"The Egyptiau Copper \\""orks",egyptiau copper orks
C02003,1947,The Eiectricity & lee Supply Co,eiectricity lee supply co
C00675,1947,"The Eleclricity ,& lee Supply Co",eleclricity lee supply co
C00213,1947,The Electric Light & Power Supply Cy,electric light power supply
C00213,1947,"The Electric Light-& Power Supply Co., S.A.E",electric light power supply
C00074,1947,The Electricity & lee Supply Co,electricity lee supply co
C00074,1947,The Electricity and lee Supply Co,electricity lee supply co
C02004,1947,"The Engineering Co. of Egypt, Alexandria & Khartoum Trading Corporation",engineering co egypt alexandria khartoum trading corporation
C00678,1947,The Fayoum LighL Rail ways Co,fayoum light railways co
C02005,1947,The Gabbari Land Company,gabbari land company
C00214,1947,The Gabbari Land Cy,gabbari land co
C02006,1947,The Gabbary Petr•)· leum Co. et Platrières de Ballah,gabbary petr leum co platrieres ballah
C01590,1947,The Garbieh Ginning Co. (S.A.),garbieh ginning co
C01596,1947,"The General Engineering .& Refrigeration Co. «Gerco"", S.A.E",general engineering refrigeration co gerco s e
C00081,1947,The Gharbieh Land Co,gharbieh land co
C02007,1947,"The Gharbieh Land Co. levi, 1. G., D1·. en Droit, Or-che du Nil, Medjidieh, Couronne de",gharbieh land co levi 1 g d1 droit or che nil medjidieh couronne
C02008,1947,The Hin,hin
C00685,1947,"The Hinshelwood Paint & Oil Co. of Egypt, S.A.E",hinshelwood paint oil co egypt s e
C00685,1947,"The Hinshelwood Paint 1& Oil Co. of Egypt, S.A.E",hinshelwood paint oil co egypt s e
C01189,1947,The Imperial Chemical Industries ( Egypt) Ltd,imperial chemical industries egypt s
C01155,1947,The Kafr El Zayat Cotton Co,kafr el zayat cotton co
C01155,1947,The Kafr el Zayat Cotton Co. Ltd,kafr el zayat cotton co
C01639,1947,"The Khedivial Mail Line, S.A.E",khedivial mail line s e
C00091,1947,The Land Bank of Egypt,land bank egypt
C02009,1947,The Land-House Corp,land house corp
C02010,1947,The Levant Bonded Warehouses Co. (Palestine),levant bonded warehouses co palestine
C02011,1947,The Man ure Co. of Egypt (S.A.),man ure co egypt s
C00686,1947,"The Manure Co. of Egypt, S.A",manure co egypt
C02012,1947,The Marconi Radio'f elegraph Co. of Egypt,marconi radio f elegraph co egypt
C02013,1947,The Meditenanean Co. for General Tracte (Egypt) Ltd,meditenanean co general tracte egypt
C01655,1947,The Mediterranean Co. for General Tracte ( Egypt) S.A,mediterranean co general tracte egypt s
C02014,1947,"The Mercantile, Shipping & Coaling Co. Bianchi & Co. (Malta) Ltd",mercantile shipping coaling co bianchi co malta
C01660,1947,"The Misr Concrète Development Co., S.A.E",misr concrete development co s e
C02015,1947,"The Misr Shipping Co., S.A.E",misr shipping co s e
C01663,1947,The Misr Shipping S.A.E,misr shipping s e
C01663,1947,"The Misr Shipping, S.A.E",misr shipping s e
C02016,1947,"The National Contracting Company of Egypt., S.A.E",national contracting company egypt s e
C01671,1947,The National Cotton Cy,national cotton gy
C01671,1947,The National Cotton Gy,national cotton gy
C00417,1947,"The National Ginning Co. of Egypt, S.A.E",national ginning co egypt s e
C00099,1947,The National Insurance Co. of Egypt,national insurance co or egypt
C01675,1947,The National Metal Industries,national metal industries
C00101,1947,The National Petroleum Co,national petroleum cy
C02017,1947,The National Theat res Cy,national theat res cy
C02018,1947,The Near East Cleaning Co. Ltd,near east cleaning co
C02018,1947,The Near East Cleaning Cy. Ltd,near east cleaning co
C02019,1947,The New National Trading,new national trading
C00690,1947,The Nile Ginning Co,nile ginning co
C00690,1947,"The Nile Ginning Co., S.A.E",nile ginning co
C02020,1947,"The Nile Textile Cy., S.A.R",nile textile cy s r
C02021,1947,The North East Africa,north east africa
C01696,1947,The North East Africa Trading Cy,north east africa trading co
C01696,1947,"The North East Africa Trading Cy., S.A.E",north east africa trading co
C02022,1947,"The North East Africa Trading Gy., S.A.E",north east africa trading gy s e
C01696,1947,"The North East Ahica Trading Cy., S.A.E",north east africa trading co
C01701,1947,The Oriental Bond Stores,oriental bond stores
C02023,1947,The Pyramids Gardens,pyramids gardens
C02024,1947,The Sheffield Co. (Egypt) S.A.E,sheffield co egypt s e
C00695,1947,"The Sheffield Smelting Co. (Egypt), S.A",sheffield smelting co egypt s e
C00695,1947,"The Sheffield Smelting Co. (Egypt), S.A.E. v",sheffield smelting co egypt s e
C01161,1947,The Simon,simon
C02025,1947,The Simon Arzt,simon arzt
C02026,1947,"The Simon Arzt Stores, S.A.E",simon arzt stores s e
C02027,1947,The Sinai Mining Co. Ltd,sinai mining co
C02027,1947,The Sinaï Mining Co. Ltd,sinai mining co
C00611,1947,The Standard Oil Co. of Egypt,standard oil co egypt s
C00611,1947,"The Standard Oil Co. of Egypt, S.A",standard oil co egypt s
C01162,1947,"The Standard Oil Company of Egypt, S.A",standard oil company egypt s
C01177,1947,The Tractor & Engineering Co,tractor engineering co
C02028,1947,The Tractor & Engineering Cy of Egypt,tractor engineering cy egypt
C02029,1947,The Union Cotton Cy. of Ale,union cotton cy ale
C02030,1947,The Union Cotton Cy. of Alexandria,union cotton cy alexandria
C01167,1947,The United Bus Co,united bus co
C02031,1947,The United Egyptian Nile Transport Co. et United Storage Navigation 1& Commercial Co,united egyptian nile transport co united storage navigation 1 commercial co
C02032,1947,"The United Egyptian Nile Transport Cy. S.E. Sir C. lW. Spinks (Pacha), MajOT General (El Ferik) K.B.E",united egyptian nile transport cy s e sir c lw spinks pacha majot general el ferik k b e
C02033,1947,The United Egyptian Nite Transport Co. et The Egyptian Copper Works,united egyptian nite transport co egyptian copper works
C02034,1947,The United Storage Navigation & Com· mercial Cy,united storage navigation com mercial cy
C02035,1947,The Upp,upp
C02036,1947,The Upper Bus Co,upper bus co
C02037,1947,"The Upper Bus Co., S.A.E",upper bus co s e
C02038,1947,The Upper Egypt,upper egypt
C02039,1947,"The Upper Egypt Bus Co., S.A.E",upper egypt bus co s e
C00703,1947,The Upper Egypt Ginning Co,upper egypt ginning co s e
C00703,1947,"The Upper Egypt Ginning Co., S.A.E",upper egypt ginning co s e
C00224,1947,The Upper Egypt Hotels,upper egypt hotels
C00224,1947,The Upper Egypt Hotels Co,upper egypt hotels
C00224,1947,"The Upper Egypt Hotels Co., S.A",upper egypt hotels
C02040,1947,The «<ntra» Tracte .& Industr,ntra tracte industr
C02041,1947,Thl,thl
C02042,1947,Thll Upper Egypt Hotels Co. Ltd,thll upper egypt hotels co
C02043,1947,Thü Anglo-Egyptian Land Allotment Co,thu anglo egyptian land allotment co
C00712,1947,Tilbury Contracting & Dredging Co. (Foreign) Ltd,tilbury contracting dredging co foreign ucl
C02044,1947,Tissage Fin en Coton Egyptien (Usines Kafr El Dawar),tissage fin coton egyptien usines kafr el dawar
C02044,1947,Tissage Fin en Coton Egyptien (Usines à Kafr El Dawar),tissage fin coton egyptien usines kafr el dawar
C02044,1947,"Tissage Fin en Coton Egyptien (usines Kafr el Dawar)""",tissage fin coton egyptien usines kafr el dawar
C02045,1947,Tissage Fin encoton égyptien (usines Kafr El Dawar),tissage fin encoton egyptien usines kafr el dawar
C00713,1947,Tissage de Laine,tissage laine
C02046,1947,"Tissage, S.A.E",tissage s e
C02047,1947,Tite Garbieh Ginning Co,tite garbieh ginning co
C02048,1947,Tlw Simon Arzt Stores,tlw simon arzt stores
C00724,1947,"Toukhy's Co. for Sundries & Toys, S.A.E",toukhy s co sundries toys s e
C00724,1947,"Toukhy's Co. for Sundries.& Toys, S.A.E",toukhy s co sundries toys s e
C02049,1947,"Tracte & Fi nan cial Co., S.A.E",tracte fi nan cial co s e
C00698,1947,"Tractor & Engineering Co., S.A.E",tractor engineering co s e
C01177,1947,Tractor .& Engineering Cy,tractor engineering co
C01177,1947,Tractor ·& Engineering Co,tractor engineering co
C02050,1947,Trading Corporation of Egypt,trading corporation egypt
C00729,1947,"Trading.& lndustrial Corp., S.A.E",trading industrial corp s e
C00143,1947,Tramways d'Alexandrie,tramways alexandrie
C02051,1947,Transport & Engineering,transport engineering
C02051,1947,Transport & Engineering Cy,transport engineering
C02051,1947,Transport & Engineering Gy,transport engineering
C02051,1947,Transport .& Engineering Cy,transport engineering
C02052,1947,"Union A lr>..crmdrine, Grand Officier de la Co-uronne d'Italie, Chevalir>r Saints Ma-urice et Lazarr>",union lr crmdrine grand officier co uronne italie chevalir r saints ma urice lazarr
C00220,1947,Union Cotton Co. of Alexandri,union cotton co alexandria
C00230,1947,Union Foncièra d'Egypte,union fonciere egypte
C00230,1947,Union Foncière d'Egypte,union fonciere egypte
C02053,1947,"Union Vie de_ Paris, AdministTateur Naitonal Insurance Cy. of Egypt",union vie paris administtateur naitonal insurance cy egypt
C00734,1947,Union des Agriculteurs d'Egypte,union agriculteurs egypte
C01180,1947,"Unitas Trading & Financial Co., S.A.E",unitas trading financial co s e
C01180,1947,"Unitas Trading 1& Financial Co., S.A.E",unitas trading financial co s e
C00222,1947,United Egyptian Nile Transport Cy,united egyptian nile transport co
C00232,1947,United Egyptian Salt,united egyptian salt
C00232,1947,"United Egyptian Salt, Ltd",united egyptian salt
C02054,1947,United Enterprises,united enterprises
C02054,1947,United Enterprises-,united enterprises
C02034,1947,United Storage Navigation ·& Commercial Cy,united storage navigation com mercial cy
C02034,1947,United Storage Navigation ·~ Commercial Cy,united storage navigation com mercial cy
C02055,1947,UnittJcl Egyptian Salt,unittjcl egyptian salt
C02056,1947,Univet· sal Motor Co. of Egypt Ltd. et Managing-Director Haseld•m& Co. Ltd,univet sal motor co egypt managing director haseld m co
C00703,1947,Upper Egypt Mini.ng Cy,upper egypt ginning co s e
C00703,1947,Upper Egypt Mining Co,upper egypt ginning co s e
C00703,1947,"Upper Egypt Mining Co., S.A.K",upper egypt ginning co s e
C00703,1947,Upper Egypt Mining Cy,upper egypt ginning co s e
C00224,1947,Upper Egyut Hotels,upper egypt hotels
C00703,1947,Upper-Egypt Mining Co,upper egypt ginning co s e
C02057,1947,"Usines Lebon & Cie., en Egyote",usines lebon cie egyote
C02058,1947,Usines Réunies d'Egrenage,usines reunies egrenage
C02059,1947,Usines Réun~es d'Egrenage,usines reun es egrenage
C00739,1947,Usines Textiles ((Al,usines textiles al 1
C02060,1947,Usines Textiles Al-1\ahira,usines textiles al 1 ahira
C00740,1947,Usines Textiles Al-Kahira,usines textiles al kahira
C00740,1947,"Usines Textiles «Al Kahiran, S.A.E",usines textiles al kahira
C00740,1947,Usines Textiles «Al-Kahiran,usines textiles al kahira
C02061,1947,Usini'S Réuniès d'Egrenage,usini s reunies egrenage
C02062,1947,V. Toriel & Co. et V. E. Toriel,v toriel co v e toriel
C02063,1947,V.'ad.J Kom-Onlbo,v ad j kom onlbo
C00580,1947,Viticole & Vinicole d'Egypte,viticole vinicole egypte s e
C02064,1947,Zagazig Cotton & Oil Cy,zagazig cotton oil cy
C02065,1947,Zeitoun Canning & Food Cy,zeitoun canning food cy
C00751,1947,au Consortium de Loteries (F.A.E.P.A.E.),consortium loteries f i p e
C02066,1947,ccAlminan,ccalminan
C02067,1947,ccKarnab Ttm Cotton Spinning Weaving & Dyeing Co,cckarnab ttm cotton spinning weaving dyeing co
C02068,1947,cfu Conseil d'Administration du Crédit Foncier Egyptien,cfu conseil administration credit foncier egyptien
C02069,1947,cie 'rhe ~~gyptian Constwction & Engineering Cy,cie rhe gyptian constwction engineering cy
C02070,1947,"cl'ccAl-Charkn (L'ORIENT), S.A.E. d'Assurances sur la Vie",cl ccal charkn orient s e assurances sur vie
C02071,1947,cte 'T'he Anglo-Egyptian Oilfields,cte t he anglo egyptian oilfields
C00599,1947,d la Société des Omnibus de Fayoum,omnibus fayoum
C02072,1947,"d • The EgypLian Copper Works, S.A.E",egyplian copper works s e
C02073,1947,dans la Sté. d'E,dans ste e
C02074,1947,"de. uLe Scribe Egyptien)), S.A.E",ule scribe egyptien s e
C02075,1947,denombreuses Sociétés belges et étrangères,denombreuses societes belges etrangeres
C02076,1947,desl~tahlissements Bolanachi. (Distillerie),desl tahlissements bolanachi distillerie
C00894,1947,"de· l'Alexandria Racing Club, S.A.E",alexandria racing clulj s e
C00125,1947,de· la S.A. du Béhéra,s behera
C02077,1947,diverses Sociétés,diverses societes
C02078,1947,en Egypte de la Sinai Mining Co. Ltd,egypte sinai mining co
C02079,1947,en nom de <<The Barda Cotton Co,nom barda cotton co
C02080,1947,en nom de Barda Cotton Gy,nom barda cotton gy
C02081,1947,en nom de The Al Hadissa Manufacturing & Trading Gy,nom al hadissa manufacturing trading gy
C02080,1947,en nom de la Barda Cotton Cy,nom barda cotton gy
C02082,1947,et Secrétaire de la . Sté. Edrei .& Co. Lt.d,secretaire ste edrei co lt
C02083,1947,honneur de l'Union Arabe du Caire,honneur union arabe caire
C02084,1947,iGharbieh Land Cy,igharbieh land cy
C02085,1947,iQERCO,iqerco
C00210,1947,l 'Egyptian Enterprise & Development,egyptian enterprise development co
C02086,1947,l 'Egyptian Petroleum Storai)e Co,egyptian petroleum storai e co
C02087,1947,la(1harbieh Land Co,1harbieh land co
C00360,1947,"la>General Society for Banking, Trading .& Land Entreprises, S.A.E",general society banking trading land enterprises s e
C02088,1947,laSociété Misr pour la Rayonne,lasociete misr rayonne
C02089,1947,"laSociété de Transports, Expéditions et Assurances <<Pharos», S.A.E",lasociete transports expeditions assurances pharos s e
C02090,1947,laSociété des A)ltobus de Charkieh et Dakahlieh,lasociete ltobus charkieh dakahlieh
C00099,1947,la_National Insurance Co. of Egypt,national insurance co or egypt
C02091,1947,lacclZoldairn Refrigeration .& Ail· Conditioning Co. of Egypt,lacclzoldairn refrigeration ail conditioning co egypt
C02092,1947,la«Alexaùdria .& Ramleh Rys. Co.n,alexaudria ramleh rys co n
C02093,1947,"la«Almina>>,S.A.E",almina s e
C00390,1947,"la«Josy Film"", S.A.E",josy film s e
C02094,1947,"la· Société pom la Vente des Produits Egyptiens, S.A.E",pom vente produits egyptiens s e
C02095,1947,lmport & Export Bk of Egypt,lmport export bk egypt
C02096,1947,l~tablissements Giacomo Cohenca Fils,tablissements giacomo cohenca fils
C00832,1947,nombreuses Sociétés Belges et Etrangères,nombreuses societes belges etrangeres
C02097,1947,p.i. de la. Société G~­ néra.le d'Electricité,p i g nera electricite
C02098,1947,rie la Maison COR 't BROS Co. Ltd. au Moyen-Orient,rie maison cor t bros co moyen orient
C02099,1947,rrhe Electric Light & Power Supply Co,rrhe electric light power supply co
C02100,1947,so-ciété Coopérative Commerciale de Crédn,so ciete cooperative commerciale credn
C02101,1947,the Egyption Land & Buildings Co,egyption land buildings co
C02102,1947,"u Conseil d'Admnistration de la Société des Autobus du Nord, S.A.E",u conseil admnistration autobus nord s e
C02074,1947,"uLe Scribe Egyptien)), S.A.E",ule scribe egyptien s e
C02103,1947,uNemCO»,unemco
C02104,1947,~ Sté. Misr Filature et Tissage,ste misr filature tissage
C02105,1947,~agazig Cotton& Oil Cy,agazig cotton oil cy
C02106,1947,"~le­ xandria Commercial Co. S.A.E., de la S.A. d'Egrenage & d'Entrepôts",xandria commercial co s e s egrenage entrepots
C02107,1947,~o­ ciété Franco-Egyptienne d'Importation,o ciete franco egyptienne importation
C02108,1947,~stration de la Société Anonyme Egyptienne de Construction EOYCO,stration construction eoyco
C02109,1947,~t- tion de la Sidi Salem Co,t tion sidi salem co
C02110,1947,"«Al Chark""",al chark
C01373,1947,«Al Chark>> Sté. d'Entreprises Générales,al chark ste entreprises generales
C02111,1947,«Al Charkn Sté. d'Entreprises üénérales,al charkn ste entreprises uenerales
C01373,1947,"«Al Charkn, Sté. d'Entreprises Générales",al chark ste entreprises generales
C02112,1947,"«Al-Charkn (L'Orient), S.A.E",al charkn orient s e
C02113,1947,"«Al-Charkn, Sté. d'Entrt' prises Générales",al charkn ste entrt prises generales
C02114,1947,«Almina»,almina
C02115,1947,"«Chaussu- res Bata», S.A.E",chaussu res bata s e
C02116,1947,«Commerciale» Cie. Nationale pour le Commerce,commerciale cie nationale commerce
C02117,1947,«Edrei & Co. Ltd.n,edrei co n
C01570,1947,«Etablissements Industriels pour la Soie et le Coton,etablissements industrip ls soie coton
C02118,1947,"«Fermag,, de la S.A. Agricole et Industrielle d'Egypte",fermag s agricole industrielle egypte
C02119,1947,"«Fluviale,,, S.A.E",fluviale s e
C02120,1947,"«Food Products,, S.A.E",food products s e
C02121,1947,"«Karnak», Cotton Spinning, Weaving .& Dyeing Cy",karnak cotton spinning weaving dyeing cy
C02122,1947,«Koldairn,koldairn
C02123,1947,«Koldair»,koldair
C02124,1947,"«Le Scribe Egyptien», S.A.E",scribe egyptien s e
C02125,1947,«Nemco''·,nemco
C02126,1947,«Nemcon,nemcon
C02125,1947,«Nemco»,nemco
C02127,1947,«Nemeet»,nemeet
C01369,1947,«Sibur)),sibur
C02128,1947,«Siburll,siburll
C02129,1947,«Siburn,siburn
C01972,1947,"«The Alexandria Cotton Trading Co., S.A.E",alexandria cotton trading co
C02130,1947,«The British Egyptian Automobile Got·- . pot<,british egyptian automobile got pot
C02131,1947,·ati.on de la Société Egyptienne de Teinture,ati on teinture
C02132,1947,"·ation de The Hin· shelwood Paint & Oil Co. of Egypt, S.A.E",ation hin shelwood paint oil co egypt s e
C02133,1947,"·ation de la Société de Ciment Portland de Helouan, S.A.E. et dP la Société «Egyptian Cement Productsn",ation ciment portland helouan s e dp egyptian cement productsn
C02134,1947,·ation du Salvage & Marine Co. of,ation salvage marine co
C02135,1947,"·ion de Frosted Food ,& Cold Storage Cy",ion frosted food cold storage cy
C02136,1947,·la Sté. Egyptienne des Em· hallages Economiques,ste egyptienne em hallages economiques
C02137,1947,·ta Sociétt Générale des Sucreries,ta societt generale sucreries
C02138,1947,Âdministration de la Société Egyptienne de Teinture,administration teinture
C02139,1947,"àes Ateliers Mécaniques de la [(bedivial Mail Line, Alexandrie, Suez et Port-Sai d",aes ateliers mecaniques bedivial mail line alexandrie suez port sai
C02140,1947,"â' Actministration de la Société Carrier-Egypt, S.A.E",actministration carrier egypt s e
C00467,1947,•la S.A. des Tramways du Caire,s tramways caire
C02141,1950,- Dél. National Salt & Mining Co,del national salt mining co
C02142,1950,-Contrôleur Général de la Commercial Insurance Cy. of Egypt. S.A.E,controleur general commercial insurance cy egypt s e
C02143,1950,-Contrôleur en Egypte de la S.A. des Monts de Piété Egyptiens,controleur egypte s monts piete egyptiens
C02144,1950,-Dire.cteur S.A.E. Carba,dire cteur s e carba
C02145,1950,-Direc. Général de la National Insurance Co. of Egypt (pour le Caire),direc general national insurance co egypt caire
C02146,1950,-D~recteur de la Banque Belge et Internationale en Egypte,recteur banque belge internationale egypte
C02147,1950,-Dél. Astra et Halles Centrales d'Egypte,del astra halles centrales egypte
C02148,1950,-Dél. Bottling Co of Tantah,del bottling co tantah
C02149,1950,-Dél. Egyptian Flax & Textile Cy,del egyptian flax textile cy
C02150,1950,-Dél. Fish and Produce A.ssoc,del fish produce ssoc
C02151,1950,-Dél. Industrie du Froid,del industrie froid
C02152,1950,-Dél. Les Grands Comptoirs d'Egypte,del grands comptoirs egypte
C02153,1950,-Dél. Near East Pharmaceutical & Commercial Co,del near east pharmaceutical commercial co
C02154,1950,-Dél. Sté. Autobus Caire,del ste autobus caire
C02155,1950,-Dél. Sté. Industrielle «Spahi» de Filés et Textiles,del ste industrielle spahi files textiles
C02156,1950,-Dél. Sté. Misr Théâtre et Cinéma,del ste misr theatre cinema
C02157,1950,-Dél. Sudan Import & Export Cy,del sudan import export cy
C02158,1950,-Dél. Union des Commerçants en Textile,del union commercants textile
C02159,1950,"-Dél. de ASTRA, etc",del astra etc
C02160,1950,-Dél. de l' Alexandria Portland Cement Co,del alexandria portland cement co
C02161,1950,-Dél. de la Société Anonyme Belgo-Egyptienne,del belgo egyptienne
C02162,1950,-Dél. de la «Bolanachi»,del bolanachi
C02163,1950,-Dél. des Usines,del usines
C02164,1950,"-Dél~gué de The Chérif Cotton & Trading Co., S.A.E. (Négociants et Exportateurs de Coton et Graines de Coton, Importations-Exportations",del gue cherif cotton trading co s e negociants exportateurs coton graines coton importations exportations
C01594,1950,-Général de,general
C02165,1950,-Général de la S.A. Agricole et Industrielle d'Egypte,general s agricole industrielle egypte
C02166,1950,"-Propriét~ire des «Fabriques ""de Glaces et Entrepôts Frigorifiques»",propriet ire fabriques glaces entrepots frigorifiques
C02167,1950,-Technique Ammoniac & Chemical Co,technique ammoniac chemical co
C02168,1950,<<Engineering & Trading Enterprises,engineering trading enterprises
C02169,1950,<<Food Products»,food products
C02170,1950,<<La Fluviale»,fluviale
C02171,1950,A lexandria Life Insurance Co. S.A.E,lexandria life insurance co s e
C02172,1950,"A lexandria Racing Club, S.A.E. q",lexandria racing club s e q
C02173,1950,"A,dministration de l' Alexandria Pressing Co., S.A.E",dministration alexandria pressing co s e
C02174,1950,AIRMEC,airmec
C02175,1950,AK FAC,ak fac
C02176,1950,AKFA C,akfa c
C01399,1950,AKFAC,akfac
C01401,1950,Abou Zaabal & Kafr Zayat Fertilizer and Chemical Cy(AKFAC),abou zaabal kah zayat fertiliser chemical cy akfac
C01401,1950,Abou Zaabal and Kafr el Zayat Fertiliser & Chemical Cy. (AKFAC),abou zaabal kah zayat fertiliser chemical cy akfac
C00629,1950,Aboukir Co,aboukir co
C01403,1950,Aboukir Cy,aboukir cy
C01403,1950,Aboukir Cy. Ltd,aboukir cy
C02177,1950,Abu Zaabal& Kafr el Zayat Fertiliser and Chemical Cy. «Akfac»,abu zaabal kafr el zayat fertiliser chemical cy akfac
C02178,1950,Ad m. Hadaek El Ahram,ad m hadaek el ahram
C02179,1950,Adjoint Alexandria Cotton Trading,adjoint alexandria cotton trading
C02180,1950,Adjoint Monts de Piété Egyptiens,adjoint monts piete egyptiens
C02181,1950,Adjoint United Enterprises S.A.E,adjoint united enterprises s e
C02182,1950,Adjoint de la « Nemco »,adjoint nemco
C02183,1950,"Adjoint «La Nationale» Crédit et Réassurances, Paris",adjoint nationale credit reassurances paris
C02184,1950,Administration de la Société Angnyme Egyptienne de Constructions « Egyco »,administration angnyme egyptienne constructions egyco
C00260,1950,African Enterprise & Development Co,african enterprise development co
C01411,1950,Agence du Crédit Lyonnais au Caire,agence credit lyonnais caire
C02185,1950,Agriculture «Al Gaafaria»,agriculture al gaafaria
C02185,1950,Agriculture<<Al Gaafaria»,agriculture al gaafaria
C02186,1950,"Ahram, S.A.E",ahram s e
C02174,1950,Airmec,airmec
C02187,1950,"Al Ahram, S.A.E",al ahram s e
C01373,1950,"Al Chark, Société d'Entreprises Générales",al chark ste entreprises generales
C01968,1950,Albert Mussa Agency and Stevedoring Co,albert moussa agency stevedoring co s e
C02188,1950,Alex. & Ramleh Ry Co. et Alexandria Transport & Industrial Cy,alex ramleh ry co alexandria transport industrial cy
C02189,1950,Alex. Glass & Porcelain Factory,alex glass porcelain factory
C02190,1950,Alex. Water Co,alex water co
C02191,1950,Alexandia & Ramleh Railways Co,alexandia ramleh railways co
C00189,1950,Alexandria Central Buildings,alexandria central buildings
C00008,1950,Alexandria Commercial Co. S.A,alexandria commercial co
C02192,1950,"Alexandria Commercial Co., S.A.E., de la S.A. des Presses Libres Egyptiennes, de la S.A. des Terrains de Guizeh-Rodah",alexandria commercial co s e s presses libres egyptiennes s terrains guizeh rodah
C01972,1950,Alexandria Cotton Trading,alexandria cotton trading co
C01972,1950,Alexandria Cotton Trading Co,alexandria cotton trading co
C01972,1950,Alexandria Cotton Trading Company S.A.E,alexandria cotton trading co
C01973,1950,Alexandria Engineering Works,alexandria engineering works ex
C00264,1950,Alexandria Exchange Co,alexandria exchange co
C00264,1950,Alexandria Exchange Cy,alexandria exchange co
C02193,1950,Alexandria Glass & Por- celain Factory,alexandria glass por celain factory
C02194,1950,Alexandria Glass & Porcelain Co,alexandria glass porcelain co
C02194,1950,Alexandria Glass & Porcelain Factory,alexandria glass porcelain co
C02195,1950,Alexandria Glass & Porcelain Fac·tory,alexandria glass porcelain fac tory
C00010,1950,Alexandria Insurance,alexandria insurance co
C00010,1950,Alexandria Insurance Co,alexandria insurance co
C00010,1950,Alexandria Insurance Co. S.A.E,alexandria insurance co
C00010,1950,Alexandria Insurance Co.· S.A.E,alexandria insurance co
C00010,1950,Alexandria Insurance Cy,alexandria insurance co
C01418,1950,Alexandria Life Insurance Co,alexandria life insurance co s e
C01974,1950,Alexandria Manufacturing Cy,alexandria ma nufacturing co
C02196,1950,Alexandria National Bottling Co,alexandria national bottling co
C02197,1950,Alexandria National Bottling Co. et National Bottling Co. of Egypt,alexandria national bottling co national bottling co egypt
C00011,1950,Alexandria Navigation Co,alexandria navigation cy s e
C01419,1950,Alexandria Navigation Company (London) Ltd,alexandria navigation company london
C00011,1950,Alexandria Navigation Cy. S.A.E,alexandria navigation cy s e
C02198,1950,Alexandria Porland Cement Co. et Helwan Portland Cernent Co,alexandria porland cement co helwan portland cernent co
C02199,1950,Alexandria Portland Cement Co,alexandria portland cement co
C00012,1950,Alexandria Pressing Co,alexandria pressing
C00266,1950,Alexandria Pressing Cy. S.A.E,alexandria pressing co s e
C01334,1950,Alexandria Racing,alexandria racing
C00894,1950,"Alexandria Racing Club, S.A.E",alexandria racing clulj s e
C02200,1950,"Alexandria Racing Club, S.A.E. et Egyptian Mining & Prospecting Co",alexandria racing club s e egyptian mining prospecting co
C02201,1950,"Alexandria Racing Club, S.A.E., Egyptian Engineering Stores",alexandria racing club s e egyptian engineering stores
C02200,1950,"Alexandria Racing Club, S.A.E., de l'Egyptian Mining & Prospecting Co. S.A.E",alexandria racing club s e egyptian mining prospecting co
C01423,1950,Alexandria Spinning & Weaving Co,alexandria spinning weaving cy
C02202,1950,Alexandria Textile Co,alexandria textile co
C02203,1950,"Alexandria Textile Co., Sté Eg. de Distillerie",alexandria textile co ste eg distillerie
C02204,1950,Alexandria Textile Trading Co,alexandria textile trading co
C00267,1950,Alexandria Transport Co,alexandria transport co
C00015,1950,Alexandria Water Co,alexandria water cy
C01415,1950,Alexandria and Khartoum Trading Corp,alexandria khartoum trading corp
C02205,1950,American Eastern Trading & Shipping Company,american eastern trading shipping company
C02206,1950,American Eastern Trading and Shipping Co. S.A.E,american eastern trading shipping co s e
C02207,1950,Amerioan Eastern Trading and Engineering Co,amerioan eastern trading engineering co
C02208,1950,Ammoniac & Chemical Co,ammoniac chemical co
C02209,1950,Anglo Continental Cotton Co,anglo continental cotton co
C02210,1950,Anglo Continental Cotton Cy,anglo continental cotton cy
C00022,1950,Anglo Egyptian Land Allotment,anglo egyptian land allotment
C00022,1950,Anglo Egyptian Land Allotment Co,anglo egyptian land allotment
C01429,1950,Anglo Egyptian Mining,anglo egyptian mining
C01981,1950,Anglo-American Nile,anglo american nile co
C00276,1950,Anglo-Belgian Co,anglo belgian co
C02209,1950,Anglo-Contipental Cotton Co,anglo continental cotton co
C02211,1950,Anglo-Egyptian Chemical Industries,anglo egyptian chemical industries
C00022,1950,Anglo-Egyptian Land Allotment Co,anglo egyptian land allotment
C02212,1950,Anglo-Egyptian Mining et Egyptian Plastics(Shaffermann),anglo egyptian mining egyptian plastics shaffermann
C02213,1950,Anglo-Egyptian OH- fields,anglo egyptian oh fields
C00275,1950,Anglo-Egyptian Oilfields,anglo egyptian oilfields
C01430,1950,Anglo-Egyptian Soap & Edible Products,anglo egyptian soap edible products
C01432,1950,Apprêt,appret
C00900,1950,"Asia & Africa Trading Co., S.A.E",asia ajrica trading cy s e
C02214,1950,Associated Cotton Ginners of Egypt (Anglaise),associated cotton ginners egypt anglaise
C01434,1950,Associated Industries,associated industries
C01435,1950,"Associated Industries, S.A.E",associated industries s e
C01437,1950,Astra et Halles Centrales d'Egypte,astra halles centrales egypte
C01438,1950,Auberges d'Egypte,auberges egypte
C02215,1950,Aàministration de la Société Egyptienne d'Entreprises Urbaines et Rurales,aaministration entreprises urbaines rurales
C02216,1950,"Banco Italo Egiziano et Industrie Fibres Textiles, S.A.E",banco italo egiziano industrie fibres textiles s e
C00024,1950,Banco Italo- Egiziano,banco ilalo egiziano
C00024,1950,Banco Italo-Egiziano,banco ilalo egiziano
C00024,1950,Banco Italo-Egiziano. ·,banco ilalo egiziano
C01440,1950,Banque,banque
C02217,1950,Banque Belge Alexandrie,banque belge alexandrie
C02218,1950,Banque Belge et Egyptian Engineering Stores,banque belge egyptian engineering stores
C00026,1950,Banque Belge et Internationale en Egypte,banque belge in ternationale egypte
C00026,1950,"Banque Belge et Internationale en Egypte, S.A.E",banque belge in ternationale egypte
C02219,1950,Banque Belge et Sté Eg. Ciment Portland Tourah,banque belge ste eg ciment portland tourah
C02220,1950,Banque Industrielle,banque industrielle
C02221,1950,Banque J. N. Mosseri Figli & Co,banque j n mosseri figli co
C01446,1950,Banque Mi sr d'Alexandrie,banque misr alexandrie
C00028,1950,Banque Misr,banque misr
C01445,1950,Banque Misr S.A.E,banque misr s e
C01444,1950,Banque Misr Syrie-Liban,banque misr syrie liban
C02222,1950,Banque Misr et Crédit Foncier Egyptien,banque misr credit foncier egyptien
C02223,1950,"Banque Misr, Airmec., Commercial& Engineering Cy. of Egypt & Middle East Cy",banque misr airmec commercial engineering cy egypt middle east cy
C01445,1950,"Banque Misr, S.A.E",banque misr s e
C02224,1950,"Banque Misr, de la Société Mi sr pour le Tissage de Coton à Kafr el Dawar",banque misr mi sr tissage coton kafr el dawar
C01447,1950,"Banque Misr, de la Société Misr de Filature",banque misr misr filature
C02225,1950,Banque Mosseri,banque mosseri
C00283,1950,Banque Mosseri. S.A.E,banque mosseri s e
C02225,1950,Banque Mosséri,banque mosseri
C00283,1950,Banque Mosséri S.A.E,banque mosseri s e
C02226,1950,Banque Suarès,banque suares
C02227,1950,Banque Tepeghiosi,banque tepeghiosi
C01448,1950,Banque Tepeghiosi & Co,banque tepeghiosi co
C01449,1950,Banque Zilkha,banque zilkha
C01450,1950,Banque Zilkha S.A.E,banque zilkha s e
C01450,1950,"Banque Zilkha, S.A.E",banque zilkha s e
C00284,1950,Banque d'Athènes,banque athenes
C00284,1950,Banque d'Athènes S.A,banque athenes
C02228,1950,Banque d'Athènes en Egypte,banque athenes egypte
C01440,1950,Banque de,banque
C00286,1950,Banque de Commerce N. Tepeghio.si& Co,banque commerce n tcpeglliosi co
C00286,1950,Banque de Commerce N. Tepeghiosi & Co,banque commerce n tcpeglliosi co
C00032,1950,"Banque du Crédit Agricole d'Egypte, S.A.E",banque credit agricole egyple
C00288,1950,"Banque du Crédit Hypothécaire Agricole d'Egypte, S.A.E",banque credit hypothecaire agricole egypte c
C02229,1950,Bassili Pacha Timber Co,bassili pacha timber co
C02230,1950,Ba~sili Pacha Timber Co,ba sili pacha timber co
C01454,1950,Behrend Commercial Cy,behrend commercial cy
C01455,1950,Beida,beida
C01457,1950,"Beida Dyers, S.A",beida dyers s
C01457,1950,"Beida Dyers, S.A.E",beida dyers s
C01459,1950,Beni Mazar Urbaine et Rurale,beni mazat urbaine rurale
C02231,1950,"Bibliothèque Princesse Férial, Sécrétaire général de l'Oeuvre de la Princesse Férial",bibliotheque princesse ferial secretaire general oeuvre princesse ferial
C01776,1950,Bolanachi,bolanachi
C02232,1950,Bolonachi,bolonachi
C02233,1950,Bottling Co. of Tantah,bottling co tantah
C02234,1950,"Bottling Co. of Tantah, Electrical Development Co. of Egypt",bottling co tantah electrical development co egypt
C00291,1950,British Oil & Cake Mills Ltd,british oil cake mills
C01460,1950,Building & Engineering Supplies,building engineering supplies co
C01460,1950,Building & Engineering Supplies Co,building engineering supplies co
C01460,1950,Building & Engineering Supplies Co. S. A. E,building engineering supplies co
C02235,1950,Bénf Mazar Urbaine et Ru- rale,benf mazar urbaine ru rale
C01459,1950,Béni Mazar Urbaine & Rurale,beni mazat urbaine rurale
C01459,1950,Béni Mazar Urbaine et Rurale,beni mazat urbaine rurale
C01459,1950,Béni-Mazar Urbaine et Rurale,beni mazat urbaine rurale
C02236,1950,C. Sender & Co. Ltd,c sender co
C01463,1950,Cairo Agricultural Co,cairo agricultmal co
C02237,1950,"Cairo Agricultural Co., Egyptian F1inance Co",cairo agricultural co egyptian f1inance co
C01463,1950,Cairo Agricultural Cy,cairo agricultmal co
C00038,1950,Cairo Heliopolis,cairo heliopolis
C00293,1950,Cairo Land & Financial Co,cairo land financial co
C00293,1950,Cairo Land & Financial Cy,cairo land financial co
C00293,1950,Cairo Land and Financial Co. S.A.E,cairo land financial co
C02238,1950,Cairo Motor Company,cairo motor company
C00035,1950,Cairo Sand Bricks,cairo sand bricks
C00036,1950,Cairo Sand Bricks Co. S.A.E,cairo sand bricks co
C00037,1950,Cairo Suburban Building Land Co,cairo suburban buildings lands co
C00037,1950,Cairo Suburban Building Lands,cairo suburban buildings lands co
C00038,1950,Cairo-Heliopolis,cairo heliopolis
C00294,1950,Caisse Hypothécaire d'Egypte,caisse hypothecaire egypte
C01466,1950,Capitalisation Egyptienne S.A.E,capitalisation egyptienne s e
C00912,1950,Carrier Egypt,carrier egypt
C00912,1950,Carrier-Egypt,carrier egypt
C00297,1950,"Carrier-Egypt, S.A.E",carrier egypt s e
C02239,1950,Carver Cotton Co,carver cotton co
C02240,1950,Carver Cotton S.A.E,carver cotton s e
C02241,1950,Centre commission Al Chark Trading Co,centre commission al chark trading co
C02242,1950,Centro Commission Al Chark Trading Co,centro commission al chark trading co
C02242,1950,Centro-Commission Al Chark Trading Co,centro commission al chark trading co
C02243,1950,Centrocommission Al Chark Trading Co,centrocommission al chark trading co
C02244,1950,Chambre de l'Industrie Huilière,chambre industrie huiliere
C02245,1950,Chambre de l'Industrie Huilière Egyptienne,chambre industrie huiliere egyptienne
C02246,1950,"Chambre de l'Industrie Huilière, Secrétaire Général des Pools des Egreneurs",chambre industrie huiliere secretaire general pools egreneurs
C02247,1950,Chambre de l'Industrie Savonnière Egyptienne,chambre industrie savonniere egyptienne
C02248,1950,Chambre de l'Industrie Touristique Egyptienne,chambre industrie touristique egyptienne
C01473,1950,Chemical Industries ( C.I.C.),chemical industries cy c i c n
C01473,1950,Chemical Industries Cy. «C.I.C.>>,chemical industries cy c i c n
C01473,1950,Chemical Industries Cy. «C.I.C.»,chemical industries cy c i c n
C02249,1950,Chemical Industries Develop- ment,chemical industries develop ment
C01474,1950,Chemical Industries Development,chemical industries development
C01474,1950,"Chemical Industries Development, S.A.E",chemical industries development
C01475,1950,"Chemical, Industrial & Trading Co",chemical industrial trading gy
C01475,1950,"Chemical, Industrial & Trading Cy",chemical industrial trading gy
C02250,1950,Cherif Cotton & Trading Co,cherif cotton trading co
C00649,1950,Choremi Benachi Cotton Co,choremi benachi cotton co
C01477,1950,Choremi Benachi Cotton Cy,choremi benachi cotton gy
C02251,1950,Cie Française de Mono-Service,cie francaise mono service
C02252,1950,"Cie d'Assurances Générales sur la vie, Branche d'Alexandrie. Abdel Salam el Gaya r, A dm. Rizerie Egyptienne Moderne",cie assurances generales sur vie branche alexandrie abdel salam el gaya r dm rizerie egyptienne moderne
C02253,1950,Cie du Canal de Suez,cie canal suez
C02254,1950,Cie. Commerciale Cotonnière,cie commerciale cotonniere
C01479,1950,Cie. Frigorifique d'Egypte,cie frigorifiquj egypte
C01480,1950,Cie. Générale des Pétroles ( COGEP),cie generale petroles cogep
C01482,1950,Cie. Universelle du Canal Maritime de Suez,cie universelle canal maritime suez
C00044,1950,Cie. d'Assurances «Al Chark»,cie assurances al chark
C01483,1950,"Cie. d'Eclairage par le Gaz, Lebon et Cie",cie eclairage par gaz lebon co
C02255,1950,Cie. du Gaz Lebon et Cie,cie gaz lebon cie
C01858,1950,Cigarettes Nestor Gianaclis,cigarettes nestor gianaclis
C02256,1950,Cigarettes Nestor Gianaclis & Unitas Trading Co,cigarettes nestor gianaclis unitas trading co
C02257,1950,Clo.thing & Equipment Co,clo thing equipment co
C01484,1950,Clothing & Equipment Co,clothing equipment co
C02258,1950,Clothing & Equipment Co. of Egypt,clothing equipment co egypt
C02258,1950,Clothing & Equipment Cy. of Egypt,clothing equipment co egypt
C01485,1950,Coca-Cola Bottling Co. of Alexandria,coca cola bottling co alexandria
C01486,1950,Comité de Surveillance de The E- gyptian Delta Rice Mills Co. (N. Yamodis & Co.),comite surveillance egyptian delta rice mills co n yamodis co
C02259,1950,Commanditaire de la Société Mena Milks,commanditaire mena milks
C02260,1950,Commerce,commerce
C02261,1950,Commerce et Moulins Al Mahmoudieh,commerce moulins al mahmoudieh
C01488,1950,Commercial & Agency Co. of Egypt Ltd,commercial agency co egypt
C01494,1950,Commercial & Agency Cy. of Egypt,commercial agency cy egypt
C01494,1950,Commercial & Agency Cy. of Egypt Ltd,commercial agency cy egypt
C02262,1950,Commercial & Engineering Co. of Egypt & Middle East,commercial engineering co egypt middle east
C02263,1950,Commercial & Estates Co. of Egypt,commercial estates co egypt
C00047,1950,Commercial Bank of Egypt,commercial bank egypt
C02264,1950,Commercial Bank of Egypt S.A.E,commercial bank egypt s e
C02265,1950,Commercial Bank of Egypt~ de la Sté. Industrielle du Moyen-Orient,commercial bank egypt ste industrielle moyen orient
C00308,1950,Commercial Bank of The Near East,commercial bank ncar east
C02266,1950,Commercial Bank of the N ear East,commercial bank n ear east
C00308,1950,Commercial Bank of the Near East,commercial bank ncar east
C02267,1950,Commercial Insur2.nce Cy,commercial insur2 nce cy
C01492,1950,Commercial Insurance Cy of Egypt,commercial insurance cy egypt
C01492,1950,Commercial Insurance Cy. of Egypt,commercial insurance cy egypt
C02263,1950,Commercial and Estates Co. of Egypt,commercial estates co egypt
C02268,1950,Commerciàl Insurance Co of Egypt ( S.A.E.),commercial insurance co egypt s e
C00048,1950,Communauté Hellénique d'Alexandrie,communaute hellenique alexandrie
C00049,1950,Communauté Israélite d'Alexandrie,communaute israelite alexandrie
C00049,1950,Communauté Israélite d) Alexandrie,communaute israelite alexandrie
C02269,1950,Compagnie Commerciale Cotonnière S.A.E,commerciale cotonniere s e
C01497,1950,"Compagnie Commerciale Cotonnière, S.A.E. (Ex-Fenderl & Co.)",commerciale cotonniere s e ex fenderl co
C00050,1950,Compagnie Frigorifique d'Egypte,frigorifique egypte
C01499,1950,"Compagnie Immobilière d'Egypte, S.A.E. (en liquidation)",immobiliere egypte s e liquidation
C00051,1950,Compagnie d'Assurances «Al Chark»,assurances al charkl w
C01502,1950,Comptoir Auxiliaire d'Entreprises,comptoir auxiliaire entreprises s e
C01502,1950,"Comptoir Auxiliaire d'Entreprises, S.A.E",comptoir auxiliaire entreprises s e
C01502,1950,"Comptoir Auxiliaire d'Entreprises, S.A.E. """,comptoir auxiliaire entreprises s e
C01504,1950,Comptoir Belga,comptoir belga
C01507,1950,"Comptoir Commercial Eco- nomique, S.A.E",comptoir commercial economique
C01507,1950,Comptoir Commercial Economique,comptoir commercial economique
C02270,1950,Conseil Surveillance Angelil Trading Co,conseil surveillance angelil trading co
C02270,1950,Conseil Surveillance de The Angelil Trading Co,conseil surveillance angelil trading co
C02271,1950,Conseil d'Ad m. Chemical Industries Development,conseil ad m chemical industries development
C02272,1950,Conseil d'Administration de la National Bank of Egypt,conseil administration national bank egypt
C02270,1950,Conseil de Surveillance Angelil Trading Co,conseil surveillance angelil trading co
C02273,1950,Conseil de Surveillance « Moharrem Press »,conseil surveillance moharrem press
C02274,1950,Conseil de la Société Royale d'Agriculture,conseil royale agriculture
C02275,1950,Constructions Modernes Al Chams,constructions modernes al chams
C01512,1950,Consulat du Portugal au Caire,consulat portugal caire
C02276,1950,Coopérative Centrale de la Ville du Caire,cooperative centrale ville caire
C01513,1950,Coopérative Commerciale de Crédit,cooperative commerciale credit
C02277,1950,Coopérative d'Héliopolis,cooperative heliopolis
C01515,1950,"Cotonnière, S.A.E., Commanditaire de The Middle East Industrial and Trading Co",cotonniere s e commanditaire middle east industrial tradin co
C00056,1950,Crown-Brewery,crown brewery
C00322,1950,Crédit,credit
C01516,1950,Crédit Agricole,credit agricole
C00059,1950,Crédit Agricole d'Egypte,credit agricole egypte
C02278,1950,Crédit Agricole et Coopératif d'Egypte,credit agricole cooperatif egypte
C01106,1950,Crédit Alexandrin,credit alpxandrin
C02279,1950,"Crédit Alexandrin, Alexandria Glass & Porcelain Factor",credit alexandrin alexandria glass porcelain factor
C00060,1950,Crédit Foncier Egyptien,credit foncier egyptien
C00060,1950,Crédit Foncier Egyptien S.A.E,credit foncier egyptien
C02280,1950,Crédit Foncier Egyptien et Cie. Canal de Suez,credit foncier egyptien cie canal suez
C02281,1950,Crédit Foncier d'Orient,credit foncier orient
C02282,1950,Crédit Foncier d'Orient «Egypte»,credit foncier orient egypte
C00324,1950,Crédit Hypothécaire Agricole d'Egypte,credit hypothecaire agricole egypte
C01517,1950,Crédit Hypothécaire Egyptien,credit hypothecaire egyptien
C00062,1950,Crédit Immobilier Suisse-Egyptien,credit immobilier suisse egyptien v
C01518,1950,Crédit Lyonnais (Le Caire),credit lyonnais caire
C02283,1950,Crédit d'Orient,credit orient
C02284,1950,Crédit d'Orient (Egypte),credit orient egypte
C02285,1950,Crédit d'Orient S.A.E. A dm. du Anglo Belgian,credit orient s e dm anglo belgian
C02286,1950,Crédit et Sté. Générale Immobilière,credit ste generale immobiliere
C02287,1950,"Crédit, S.A.E",credit s e
C02288,1950,Daira Sultan Hussein,daira sultan hussein
C01523,1950,Dakahlieh,dakahlieh
C00063,1950,Dakahlieh Land Co,dakahlieh land cy
C02289,1950,Dar El Hilal et Egyptian Press,dar el hilal egyptian press
C02290,1950,Dar el Hilal,dar el hilal
C02289,1950,Dar el Hilal et Egyptian Press,dar el hilal egyptian press
C02291,1950,"Dar el Hilal, S.A.E. et Egyptian Press Co., S.A.E",dar el hilal s e egyptian press co s e
C02292,1950,Dehydration Co. of Egypt,dehydration co egypt
C02292,1950,Dehydration Cy. of Egypt,dehydration co egypt
C02293,1950,Delta Engineering Co,delta engineering co
C02294,1950,Delta Engineering Co. S.A.E,delta engineering co s e
C02293,1950,Delta Engineering Cy,delta engineering co
C00064,1950,Delta Trading Co,delta trading co
C01524,1950,Delta Trading Co. S.A.E,delta trading co s e
C01524,1950,"Delta Trading Co., S.A.E",delta trading co s e
C02295,1950,Diverses Oeuvres Sociales,diverses oeuvres sociales
C02296,1950,Drossos Co. Ltd,drossos co
C02297,1950,Dél. Albert Mussa Agency & Stevedoring Co,del albert mussa agency stevedoring co
C02298,1950,Dél. Alexandria Textile Trading Co,del alexandria textile trading co
C02299,1950,Dél. Alexandria Timber Trading Co,del alexandria timber trading co
C02300,1950,Dél. Cie Commerciale Cotonnière,del cie commerciale cotonniere
C02301,1950,Dél. Crédit d'Orient,del credit orient
C02302,1950,Dél. Eg. Cotton Ginners & Exporters,del eg cotton ginners exporters
C02303,1950,Dél. Egyptian Arab Bank,del egyptian arab bank
C02304,1950,Dél. Egyptian Markets,del egyptian markets
C02305,1950,Dél. Engineering & Trading Entreprises,del engineering trading entreprises
C02306,1950,Dél. F'rosted Food & Cold Storage Co. S.A.E,del f rosted food cold storage co s e
C02307,1950,Dél. F1rosted Food & Cold Storage,del f1rosted food cold storage
C02308,1950,Dél. Fabrique des Produits Chimiques,del fabrique produits chimiques
C02309,1950,Dél. Farghaly Cotton & Investment Cy,del farghaly cotton investment cy
C02310,1950,Dél. Ford Motor Co. (Egypt),del ford motor co egypt
C02311,1950,Dél. Imprimerie Misr,del imprimerie misr
C02312,1950,Dél. Manufacture des Textiles Egyptiens «Matexa»,del manufacture textiles egyptiens matexa
C02313,1950,Dél. Moulins Al Mahmoudieh,del moulins al mahmoudieh
C02141,1950,Dél. National Salt and Mining Co,del national salt mining co
C02314,1950,Dél. Near East Finance S.A.E,del near east finance s e
C02315,1950,Dél. Port-Said Engineering Works,del port said engineering works
C02316,1950,Dél. S.A. des Tramways du Caire,del s tramways caire
C02317,1950,"Dél. Sté Commerciale Ex-Import, S.A.E",del ste commerciale ex import s e
C02318,1950,Dél. Sté d'Entreprises Commerciales en Egypte,del ste entreprises commerciales egypte
C02319,1950,Dél. Sté. Biens de Rapports à'Egypte,del ste biens rapports egypte
C02320,1950,Dél. Sté. Egyptienne des Pétroles,del ste egyptienne petroles
C02321,1950,Dél. United,del united
C02322,1950,Dél. United Cold Storage Cy,del united cold storage cy
C02323,1950,Dél. United Egyptian Nile Transport Company,del united egyptian nile transport company
C02324,1950,Dél. de The Smelting Co. (Egypt) S.A.E,del smelting co egypt s e
C02325,1950,"Dél. de la Société Nationale du Papier, S.A.E",del nationale papier s e
C02326,1950,Dél. de la Sté. Imm. Domaine de Siouf,del ste imm domaine siouf
C02327,1950,Déléguê Gérance Immobilière,delegue gerance immobiliere
C00334,1950,Dépôts,depots
C02328,1950,Dépôts S.A.E,depots s e
C02329,1950,Dé}. Studio Al Ahram,studio al ahram
C02330,1950,EGYCO,egyco
C00204,1950,Eastern Automobile Supplies & Transport Co,eastern automobiles supplies transport co
C00336,1950,Eastern Co. S.A.E,eastern co s e
C00336,1950,"Eastern Co., S.A.E",eastern co s e
C02331,1950,Eastern Cy,eastern cy
C01531,1950,Eastern Electric Co,eastern electric cy
C02332,1950,"Eastern Electric Co., S.A.E",eastern electric co s e
C01531,1950,Eastern Electric Cy,eastern electric cy
C00066,1950,Eastern Export Co,eastern export cy
C02333,1950,"Eastern Export Co., S.A.E",eastern export co s e
C00066,1950,Eastern Export Cy,eastern export cy
C02334,1950,Eg-yptian Plastics & Electrical Industries,eg yptian plastics electrical industries
C02335,1950,Eg. Cy. for International Trade «Ecit» et Astra & Halles Centrales d'Egypte,eg cy international trade ecit astra halles centrales egypte
C02336,1950,Eg. Delta Land & Investment Co,eg delta land investment co
C02337,1950,Eg. Delta Light Rys,eg delta light rys
C02338,1950,Eg. Plastics & Electrical Industries et Sté Al Chark pour la Filature et Tissage,eg plastics electrical industries ste al chark filature tissage
C02339,1950,Eg. Sisal Manufacturing Cy,eg sisal manufacturing cy
C02340,1950,Eg. Works & Construction,eg works construction
C02341,1950,Egyp- tian Sisal Manufacturing Cy,egyp tian sisal manufacturing cy
C02342,1950,"Egypt & The Sudan Trading Co., Egyptian Cotton Ginners & Exporters",egypt sudan trading co egyptian cotton ginners exporters
C01536,1950,Egyptian Aerated Water Co. Ltd,egyptian ae1 ated water co
C02343,1950,Egyptian Aircraft Engineering Co,egyptian aircraft engineering co
C02344,1950,Egyptian Aircraft Engineering Company ( S.A.E.),egyptian aircraft engineering company s e
C02345,1950,"Egyptian Arab Bank, S.A.E",egyptian arab bank s e
C00208,1950,Egyptian Bonded Warehouses Co,egyptian bonded warehouses cy
C00208,1950,Egyptian Bonded Warehouses Co. Ltd,egyptian bonded warehouses cy
C00208,1950,"Egyptian Bonded Warehouses Co., Ltd",egyptian bonded warehouses cy
C02346,1950,Egyptian Chemical & Drug Industries Ltd,egyptian chemical drug industries
C01386,1950,Egyptian Co. for International Trade «ECIT»,egyptian co international trade ecitn
C01386,1950,Egyptian Co. for International Trade« ECIT »,egyptian co international trade ecitn
C01386,1950,Egyptian Co. for International Trade«ECIT»,egyptian co international trade ecitn
C01386,1950,Egyptian Company for International Trade «ECIT»,egyptian co international trade ecitn
C00660,1950,Egyptian Copper Works,egyptian copper works
C00659,1950,"Egyptian Copper Works, S.A.E",egyptian coppcr vorks s e
C01539,1950,Egyptian Cotton & Trading Co,egyptian cotton trading co
C01540,1950,Egyptian Cotton & Trading Cy,egyptian cotton trading cy
C02347,1950,Egyptian Cotton & Trading Cy et Sté Commerciale d'Egypte,egyptian cotton trading cy ste commerciale egypte
C00342,1950,Egyptian Cotton Ginners & Exporters,egyptian cotton ginners exporters s
C00342,1950,Egyptian Cotton Ginners and Exporters,egyptian cotton ginners exporters s
C00342,1950,Egyptian Cotton Ginners& Exporters,egyptian cotton ginners exporters s
C00069,1950,Egyptian Delta Land & Invest- ment Co,egyptian delta land investment
C00069,1950,Egyptian Delta Land & Invest. Co,egyptian delta land investment
C00069,1950,Egyptian Delta Land & Investment Co,egyptian delta land investment
C02348,1950,Egyptian Delta Light Rys,egyptian delta light rys
C01543,1950,"Egyptian Domestic & Foreign Trade Co., S.A.E",egyptian domestic foreign tracte co s e
C01542,1950,Egyptian Domestic & Foreign Trade Company,egyptian domestic foreiga trade cy
C01542,1950,Egyptian Domestic & Foreign Trade Cy,egyptian domestic foreiga trade cy
C01542,1950,Egyptian Domestic ~Foreign Tracte Cy,egyptian domestic foreiga trade cy
C01544,1950,Egyptian Engineering & Marine Co,egyptian engineering marine cy
C02349,1950,"Egyptian Engineering & Marine Co., Sté. Commerciale et Financière «Al Masria» S.A.E",egyptian engineering marine co ste commerciale financiere al masria s e
C01544,1950,Egyptian Engineering & Marine Cy,egyptian engineering marine cy
C01545,1950,Egyptian Engineering Stores,egyptian engineering stores s e
C01544,1950,Egyptian Engineering and Marine Co,egyptian engineering marine cy
C00210,1950,Egyptian Enterprise & Development Co,egyptian enterprise development co
C00210,1950,Egyptian Enterprise and Development Cy,egyptian enterprise development co
C00343,1950,Egyptian Finance Co,egyptian finance co
C02350,1950,Egyptian Finance et Simon Arzt Stores,egyptian finance simon arzt stores
C02351,1950,"Egyptian Flax & Textile Co., S.A.E. et S.A. des Immeubles de l'Est",egyptian flax textile co s e s immeubles est
C02352,1950,Egyptian Flax & Textile Cy,egyptian flax textile cy
C02353,1950,"Egyptian Flax & Textile Cy. et Eastern Export Cy."", S.A.E",egyptian flax textile cy eastern export cy s e
C02354,1950,"Egyptian Foreign Trade & Travel Research Organization, S.A.E. en formation",egyptian foreign trade travel research organization s e formation
C00344,1950,Egyptian General Omnibus,egyptian general omnibus cy
C00344,1950,Egyptian General Omnibus Co,egyptian general omnibus cy
C00211,1950,Egyptian Hotels,egyptian hotels
C00211,1950,Egyptian Hotels Ltd,egyptian hotels
C00345,1950,Egyptian Independent Oil Co,egyptian independent oil cy
C00345,1950,Egyptian Independent Oil Co. S. A. E,egyptian independent oil cy
C02355,1950,Egyptian Jute Co,egyptian jute co
C00667,1950,Egyptian Land & Building,egyptian land building
C00071,1950,Egyptian Markets,egyptian markets
C01550,1950,Egyptian Mining & Prospecting Co,egyptian mining prospecting co s e
C02356,1950,Egyptian Mining & Prospecting Co. et Studio Al Ahram,egyptian mining prospecting co studio al ahram
C01550,1950,Egyptian Mining & Prospecting Cy,egyptian mining prospecting co s e
C00072,1950,Egyptian Mo- tor Transport Co,egyptian motor transport co
C00072,1950,Egyptian Motor Transport,egyptian motor transport co
C02357,1950,Egyptian Motor Transport Co. et Selected Textile Industries Assoc. S.A.E,egyptian motor transport co selected textile industries assoc s e
C00669,1950,Egyptian Petroleum Storage,egyptian petroleum storage co
C02358,1950,Egyptian Plastics & Electrical In- dustries,egyptian plastics electrical in dustries
C02359,1950,Egyptian Plastics & Electrical Industries,egyptian plastics electrical industries
C02359,1950,"Egyptian Plastics & Electrical Industries, S.A.E",egyptian plastics electrical industries
C02359,1950,Egyptian Plastics and Electrical Industries,egyptian plastics electrical industries
C02360,1950,Egyptian Press Co,egyptian press co
C02361,1950,Egyptian Rice Mills,egyptian rice mills
C02362,1950,Egyptian Road Construction et Eg. Rice and Flour Mills,egyptian road construction eg rice flour mills
C02363,1950,Egyptian Road Transport,egyptian road transport
C01553,1950,Egyptian Road Transport Company S.A.E,egyptian road transport co s e
C02363,1950,Egyptian Road Transports Cy,egyptian road transport
C01554,1950,Egyptian Rubber & Shoes Industries,egyptian rubber shoes industry
C01554,1950,Egyptian Rubber & Shoes Industry,egyptian rubber shoes industry
C01554,1950,Egyptian Rubber and Shoes Industry,egyptian rubber shoes industry
C00073,1950,Egyptian Salt & Soda Company Ltd,egyptian salt soda
C00073,1950,Egyptian Salt & Soda Cy Ltd,egyptian salt soda
C02364,1950,"Egyptian Salt and Soda Cy. Ltd., de la Société Financière & Industrielle d'Egypte",egyptian salt soda cy financiere industrielle egypte
C01555,1950,Egyptian Shipping,egyptian shipping
C02365,1950,Egyptian Shipping Co,egyptian shipping co
C02365,1950,Egyptian Shipping Cy,egyptian shipping co
C02366,1950,Egyptian Sisal Manufacturing Co. et « Al Gaafa- ria »,egyptian sisal manufacturing co al gaafa ria
C01557,1950,Egyptian Sisal Manufacturing Cy,egyptian sisal manufactming cy
C02367,1950,Egyptian Stevedoring & Shipping Co,egyptian stevedoring shipping co
C02367,1950,Egyptian Stevedoring Co. & Shipping,egyptian stevedoring shipping co
C02367,1950,Egyptian Stevedoring and Shipping Co,egyptian stevedoring shipping co
C00347,1950,Egyptian Works & Constructions,egyptian vorks construction co
C00347,1950,Egyptiàn Work & Construction,egyptian vorks construction co
C02368,1950,El Gazai Import et Trading Co,el gazai import trading co
C02368,1950,El Gazai Import& Trading Co,el gazai import trading co
C01561,1950,El Tawil Spinning & Weaving Co. z,el tawil spinning weaving cy
C01561,1950,El Tawil Spinning & Weaving Cy,el tawil spinning weaving cy
C02369,1950,El Tawil Spinning and Weaving Company,el tawil spinning weaving company
C00213,1950,Electric Light & Power Supply,electric light power supply
C00213,1950,Electric Light & Power Supply Co,electric light power supply
C02370,1950,Electrical Development Co,electrical development co
C02371,1950,Electrical Development Co. of Egypt,electrical development co egypt
C02371,1950,Electrical Development of Egypt,electrical development co egypt
C02168,1950,Engineering & Trading & Enterprises,engineering trading enterprises
C02168,1950,Engineering & Trading Entreprises,engineering trading enterprises
C02168,1950,Engineering of Trading Entreprises,engineering trading enterprises
C00075,1950,Entrepôts,entrepots
C02372,1950,Escrime,escrime
C02373,1950,Etab. Giacomo Cohen ca,etab giacomo cohen ca
C02374,1950,Etablis-,etablis
C01566,1950,Etablissements Bamco,etablissements bamco
C01568,1950,Etablissements Giacomo Cohenca Fils,etablissements giacomo cohenca
C02375,1950,Etablissements Giacomo Cohenca et Sté Eg. d'Electricité,etablissements giacomo cohenca ste eg electricite
C01570,1950,Etablissements Industriels Soie et Coton,etablissements industrip ls soie coton
C01570,1950,Etablissements Industriels pour la Soie et le Coton,etablissements industrip ls soie coton
C01566,1950,Etablissements «Bamco»,etablissements bamco
C02376,1950,Exchange Trading Co. «Hammad » S.A.E,exchange trading co hammad s e
C00946,1950,Exportation des Conserves,exportation conserves
C02377,1950,F'abrique des Produits Chimiques,f abrique produits chimiques
C02378,1950,"F'ayoum Textile Cy., Sté. des Omnibus de Fayoum",f ayoum textile cy ste omnibus fayoum
C02379,1950,Fa- brique de Produits Chimiques,fa brique produits chimiques
C02380,1950,Fabrique Islam Pacha,fabrique islam pacha
C00350,1950,Fabrique des Produits Chimiques,fabrique produits chimiques
C02381,1950,Fabrique du Riz de la National Starch Cy,fabrique riz national starch cy
C02382,1950,"Faculté de Chimie Industrielle, Université Farouk 1er",faculte chimie industrielle universite farouk 1er
C02383,1950,Farghaly Cotton & Investment Co,farghaly cotton investment co
C01574,1950,Farghaly Cotton & Investment Cy,farghaly cotton investment cy
C01574,1950,Farghaly Cotton and Investment Cy,farghaly cotton investment cy
C01574,1950,Farghaly Cotton and Investment Cy. S.A.E,farghaly cotton investment cy
C00678,1950,Fayoum Light Railways Co,fayoum light railways co
C02384,1950,Fayoum Light Railways et Anglo Belgian Co. of Egypt,fayoum light railways anglo belgian co egypt
C02385,1950,Fayoum Light Rys,fayoum light rys
C02386,1950,Fayoum Light Rys. Co,fayoum light rys co
C01579,1950,Fayoum Textile Co,fayoum textile cy
C01579,1950,Fayoum Textile Cy,fayoum textile cy
C02387,1950,Fayoum Textile et Studios «Al Ahram»,fayoum textile studios al ahram
C02388,1950,Fayoum Textile' Cy et Egyptian Delta Light Rys,fayoum textile cy egyptian delta light rys
C02389,1950,"Fiat Oriente, S.A.E. de la Société pour la vente des Produits Egyptiens, S.A.E",fiat oriente s e vente produits egyptiens s e
C02390,1950,Filature Misr Kafr,filature misr kafr
C02391,1950,Filature Misr de Kafr El Dawar,filature misr kafr el dawar
C00076,1950,Filature Nationale d'Egypte,filature nationale egypte
C00076,1950,"Filature Nationale d'Egypte, S.A.E",filature nationale egypte
C02392,1950,"Filature Nationale, Sté. Immobilière Masr el Guedida, Chemlar Banque Industrielle",filature nationale ste immobiliere masr el guedida chemlar banque industrielle
C02393,1950,"Financial Bureau (Egypt) Ltd., Dakahlieh Land Co",financial bureau egypt dakahlieh land co
C02394,1950,Fish and Produce Assoc,fish produce assoc
C02395,1950,Fish and Produce Assoc. of Egypt,fish produce assoc egypt
C02396,1950,Ford Motor Co. (Egypt),ford motor co egypt
C01583,1950,Ford Motor Co. (Egypt) S.A.E,ford motor cy egypt s e
C02397,1950,Frosted Food & Cold Storage Co,frosted food cold storage co
C01584,1950,Frosted Food & Cold Storage Cy,frosted food cold stora e cy
C00078,1950,Fédération Egyptienne des Industries,federation industries egypte
C02398,1950,Fédération Egyptienne des Industries en Egypte,federation egyptienne industries egypte
C02399,1950,Fédération Internationale des Techniciens Agronomes,federation internationale techniciens agronomes
C02400,1950,GERCO,gerco
C00214,1950,Gabbari Land Co,gabbari land co
C00679,1950,Gabbary Land Co,gabbary land cy
C01590,1950,Garbieh Ginning Co. S.A.E,garbieh ginning co
C01590,1950,"Garbieh Ginning Co., S.A",garbieh ginning co
C02401,1950,General Chemical Industries «C. I. C .. »,general chemical industries c i c
C01596,1950,"General Engineering and Refrigeration Co., GERCO S.A.E",general engineering refrigeration co gerco s e
C02402,1950,"General Mo tors N ear East, S.A",general mo tors n ear east s
C02402,1950,"General Mo tors· N ear East, S.A",general mo tors n ear east s
C02402,1950,General Mo- tor N ear East S.A,general mo tors n ear east s
C02403,1950,"General Motors N ear East, S.A.E",general motors n ear east s e
C01599,1950,General Motors Near East,general motors near east b
C01600,1950,General Navigation Co. of Egypt,general navigation co egypt
C01600,1950,General Navigation Cy of Egypt,general navigation co egypt
C00360,1950,"General Society for Banking, Trading & Land Enterprises S.A.E",general society banking trading land enterprises s e
C00360,1950,"General Society for Banking, Trading & Land Enterprises, S.A.E",general society banking trading land enterprises s e
C00360,1950,"General Society for Banking, Trading and Land Enterprises, S.A.E",general society banking trading land enterprises s e
C00360,1950,"General Society for Banking, Trading and Land Enterprises. SAE",general society banking trading land enterprises s e
C02404,1950,General So~iety for,general so iety
C02400,1950,Gerco,gerco
C02405,1950,"Gevaert Orient, S.A.E",gevaert orient s e
C02405,1950,"Gevaert-Orient, S.A.E",gevaert orient s e
C00361,1950,Gharbieh,gharbieh
C00362,1950,Gharbieh Gin- / ning Co,gharbieh ginning co
C00362,1950,Gharbieh Ginning Co,gharbieh ginning co
C00362,1950,"Gharbieh Ginning Co., S.A",gharbieh ginning co
C00081,1950,Gharbieh Land Co,gharbieh land co
C00081,1950,Gharbieh Land Cy,gharbieh land co
C00363,1950,"Gharbieh, S.A.E",gharbieh s e
C01606,1950,Gouvernement aux Sucreries,gouvernement sucreries
C02406,1950,Gouvernement à la Cie. du Canal de Suez,gouvernement cie canal suez
C01608,1950,Gr. Mag. Chemla,gr mag chemla
C00370,1950,Grands,grands
C02407,1950,Grands Comptoirs d'Egypte,grands comptoirs egypte
C00082,1950,Grands Hôtels d'Egypte,grands hotels egyple
C01609,1950,Grands Hôtels d'Egypte (Ex Nungovitch),grands hotels egypte ex nungovitch
C02408,1950,Grands Hôtels d'Egypte et Sté Nationale de Textile Memphis,grands hotels egypte ste nationale textile memphis
C01610,1950,Grands Mag. Chemla,grands mag chemla
C01611,1950,Grands Magasins Chemla,grands magasins chemla
C01612,1950,"Grands Magasins Ci curel, S.A.E",grands magasins cicurel
C01612,1950,Grands Magasins Cicurel,grands magasins cicurel
C01612,1950,"Grands Magasins Cicurel, S.A.E",grands magasins cicurel
C01614,1950,Grieve & Irwin Ltd,grieve irwin
C02409,1950,Grive & Irwin Ltd,grive irwin
C00083,1950,Gérance Immobilière,gerance immobiliere
C00373,1950,"Gérance Immobilière, S.A.E",gerance immobiliere s e
C02410,1950,Hadaek Al Ahram,hadaek al ahram
C02410,1950,Hadaek El Abram,hadaek al ahram
C02410,1950,Hadaek El Ahram,hadaek al ahram
C02410,1950,Hadaek el Ahram,hadaek al ahram
C02411,1950,Hadaek el Ahrarn,hadaek el ahrarn
C01619,1950,Helwan Land Co,helwan land cy
C02412,1950,Helwan Portland Cement Co,helwan portland cement co
C02413,1950,"Helwan Portland Cement Cy., S.A.E",helwan portland cement cy s e
C00379,1950,Huileries,huileries
C02414,1950,"Hôpital Férial, Trésorier de l'Union Egyptienne pour la Protection de l'Enfance",hopital ferial tresorier union egyptienne protection enfance
C01623,1950,Immobilia d'Egypte,immobilia egypte
C01624,1950,"Immobilia d'Egypte, S.A.E",immobilia egypte s e
C02415,1950,Immobilière Masr El Guédida,immobiliere masr el guedida
C02415,1950,Immobilière Masr el Guedida,immobiliere masr el guedida
C02415,1950,Immobilière Masr el Guédida,immobiliere masr el guedida
C02416,1950,Imperial Chemical Industries,imperial chemical industries
C01189,1950,Imperial Chemical Industries(Egypt) S.A,imperial chemical industries egypt s
C02417,1950,Imperial Trading Co,imperial trading co
C02417,1950,Imperial Tradin~ Co,imperial trading co
C02418,1950,Import & Export,import export
C01625,1950,Import & Export Bank of Egypt,import export bank egypt
C01625,1950,Import & Export Bank of Egypt S.A.E,import export bank egypt
C01625,1950,Import and Export Bank of Egypt,import export bank egypt
C01625,1950,Import and Export Bk. of Egypt,import export bank egypt
C02419,1950,Imprimerie Misr,imprimerie misr
C02420,1950,Incorporated Industries,incorporated industries
C02421,1950,Indo-Egyptiana S.A.E,indo egyptiana s e
C02422,1950,Indo-Egyptiana et S.A.E. Scialli,indo egyptiana s e scialli
C02423,1950,Industrial & Mechanical Supplies Co,industrial mechanical supplies co
C00085,1950,Industrie,industrie
C00383,1950,Industrie Fibres Textiles,industrie fibres textiles s e
C00383,1950,"Industrie Fibres Textiles, S.A.E",industrie fibres textiles s e
C00381,1950,Industrie Meunière d' Alexandrie,industrie meuniere alexandrie
C00381,1950,Industrie Meunière d'Alexandrie,industrie meuniere alexandrie
C02424,1950,"Industrie Meunière d'Alexandrie, Cairo Agricultural Co. et Oriental Bond Stores",industrie meuniere alexandrie cairo agricultural co oriental bond stores
C00381,1950,"Industrie Meunière d'Alexandrie, S.A.E",industrie meuniere alexandrie
C01629,1950,Industrie S.A.E,industrie s e
C01627,1950,Industrie d'Egypte,industrie egypte
C01628,1950,Industrie du Cuir S.A.E,industrie cui s e
C01628,1950,"Industrie du Cuir, S.A.E",industrie cui s e
C00384,1950,Industrie du Froid,industrie froid
C01629,1950,"Industrie, S.A.E",industrie s e
C01629,1950,Industrie. S.A.E,industrie s e
C02425,1950,Industries Chimiques,industries chimiques
C00085,1950,Industrie»,industrie
C02426,1950,Industrie» (Shalaby Saro- fim & Co.). ',industrie shalaby saro fim co
C02427,1950,J os y Film,j os y film
C02428,1950,"Jardins & Vignobles d'Egypte, Commercial Insurance Cy. of Egypt",jardins vignobles egypte commercial insurance cy egypt
C01635,1950,Jardins et Vignobles d'Egypte,jardins vignobles egypte
C02429,1950,Jimprimerie Mi.sr,jimprimerie mi sr
C02430,1950,Josy Filin,josy filin
C01637,1950,Josy Film,josy film
C02431,1950,Journal «Al Misri» à Alexandrie,journal al misri alexandrie
C01155,1950,Kafr El Zayat Cotton Co,kafr el zayat cotton co
C01155,1950,Kafr el Zayat Cotton Co,kafr el zayat cotton co
C00392,1950,Kafr el Zayat Land Co,kafr el zayat land co
C00392,1950,Kafr el Zayat Land Cy,kafr el zayat land co
C02121,1950,"Karnak, Cotton Spinning, Weaving & Dyeing Co",karnak cotton spinning weaving dyeing cy
C02432,1950,Khassa Royale,khassa royale
C01638,1950,Khedivial Mail Line,khedivial mail line
C01639,1950,Khedivial Mail Line Co. S.A.E,khedivial mail line s e
C01639,1950,"Khedivial Mail Line, S.A.E",khedivial mail line s e
C02123,1950,Koldair,koldair
C02433,1950,"Koldair, de SE DEC",koldair se dec
C00089,1950,Koubbeh Gardens,koubbeh gardens
C02434,1950,"Lancashire Egyptian Co. Ltd., (Manchester)",lancashire egyptian co manchester
C02434,1950,Lancashire Egyptian Cy. Ltd. (Manchester),lancashire egyptian co manchester
C02435,1950,Land Agency of Egypt,land agency egypt
C00091,1950,Land Bank of Egypt,land bank egypt
C01641,1950,Lotus Navigation Co,lotus navigation cy
C01641,1950,Lotus Navigation Cy,lotus navigation cy
C02436,1950,Législation,legislation
C01643,1950,"M.L. Franco & Co., (S. Pinto & Co. Succrs.)",m franco co s pinto co succrs
C02437,1950,MISRAIR,misrair
C02438,1950,Maison Bark er & Co,maison bark er co
C02439,1950,Maison CORY BROS Co. Ltd. au Moyen-Orient,maison cory bros co moyen orient
C02440,1950,"Maison Choremi, Benachi Cotton Co",maison choremi benachi cotton co
C02441,1950,"Maison Peel & Co. Ltd., Egyptian Engineering Stores",maison peel co egyptian engineering stores
C02442,1950,Maison Petite Reine,maison petite reine
C01651,1950,"Maison Petite Reine, S.A.E",maison petite reine s e
C01648,1950,Maison Reinhart & Co,maison reinhart co
C01649,1950,Maison V. Toriel & Co,maison v toriel co
C02443,1950,"Maison d'Ameublement B. Pontremoli, S.A.E. et Maison de la Petite Reine",maison ameublement b pontremoli s e maison petite reine
C01650,1950,Maison d'Exportation de Coton Cicurel & Co,maison exportation coton cicurel co
C00403,1950,Maison de Banque J. N. Mosseri Figli & Co,maison banque j n mosscri figli co
C02442,1950,Maison de la Petite Reine,maison petite reine
C00405,1950,Maison «Les Fils de Zaketto Salama & Co.»,maison fils zaketto salama co
C02444,1950,"Manufacture Egyptienne de Bon- neterie et Tricotage «El-Nil», S.A.E",manufacture egyptienne bon neterie tricotage el nil s e
C01652,1950,Manufacture Egyptienne de Bonneterie et Tricotage El-Nil S.A.E,manufacture egyptienne bonneterie tricotage el nii s e
C01652,1950,Manufacture Egyptienne de Bonneterie et Tricotage «El Nil»,manufacture egyptienne bonneterie tricotage el nii s e
C01652,1950,"Manufacture Egyptienne de Bonneterie et Tricotage «El Nil», S.A.E",manufacture egyptienne bonneterie tricotage el nii s e
C02445,1950,Manufacture Nation. Couverture et Lainages,manufacture nation couverture lainages
C02446,1950,Manufacture Textiles Egyptiens Matexa,manufacture textiles egyptiens matexa
C02447,1950,Manufactures Fortunato-Salloum,manufactures fortunato salloum
C00686,1950,Manure Co. of Egypt,manure co egypt
C01653,1950,Marconi Radio Telegraph Co,marconi radio telegraph cy
C00407,1950,Marconi Radio Telegraph Co. of Egypt,marconi radio telegraph cy egypt s
C00407,1950,Marconi Radio Telegraph Co. of Egypt. ·,marconi radio telegraph cy egypt s
C01654,1950,Marsa Matrouh Salt & Potash Cy,marsa matrouh salt potash cy
C01654,1950,Marsa-Matrouh Salt & Potash Cy,marsa matrouh salt potash cy
C02448,1950,Matexa,matexa
C02449,1950,Maü,mau
C02450,1950,Mediterranean Co. for General Tfade,mediterranean co general tfade
C01655,1950,Mediterranean Co. for General Trade (Egypt) S.A,mediterranean co general tracte egypt s
C02451,1950,Mena Milk Products (Yassine Serag El Dîne & Co.),mena milk products yassine serag el dine co
C02452,1950,Menzaleh Canal & Navigation Co. et Menzaleh Shipping,menzaleh canal navigation co menzaleh shipping
C00092,1950,Menzaleh Canal & Navigation Cy,menzaleh canal navigation
C02452,1950,Menzaleh Canal & Navigation et Menzaleh Canal ( Shipping),menzaleh canal navigation co menzaleh shipping
C02453,1950,Menzaleh Canal (Shipping),menzaleh canal shipping
C02454,1950,Middle East Trading & Cotton Co,middle east trading cotton co
C02454,1950,Middle East Trading K Cotton Co,middle east trading cotton co
C02455,1950,"Mineral Water & Wines and Spirits. S.E. Sir C.W. Spinks (Pacha),, Major General (El Ferik) K.B.E",mineral water wines spirits s e sir c w spinks pacha major general el ferik k b e
C02456,1950,Mineral Waters & Wines and Spirits,mineral waters wines spirits
C02457,1950,Mini eh Ginning Cy. Ltd,mini eh ginning cy
C02458,1950,Minieh Ginning Co. Ltd,minieh ginning co
C02459,1950,Minoterie & Silos,minoterie silos
C01657,1950,"Misr Airwork, S.A.E",misr airwork s e
C01658,1950,Misr Car and Engineering Co,misr car engineering co
C01660,1950,"Misr Concrete Development Co., .S.A.E",misr concrete development co s e
C02460,1950,Misr Engineering Works & Transport Co,misr engineering works transport co
C02461,1950,Misr Engineering Works & Transport Co. et Pyramids Industrial & Trading Co,misr engineering works transport co pyramids industrial trading co
C02462,1950,Misr Engineering Works and Egyptian Works and Constructions,misr engineering works egyptian works constructions
C02460,1950,Misr Engineering Works& Transport Co,misr engineering works transport co
C02463,1950,"Misr Navigation Co. de M.L. Franco & Co. (S. Pinto & Co. Succrs), de la Société Orientale de Navigation, de Food Products, S.A.E",misr navigation co m franco co s pinto co succrs orientale navigation food products s e
C02437,1950,Misrair,misrair
C02464,1950,Moharrem-Press,moharrem press
C02465,1950,Monts de Piété Egyptiens,monts piete egyptiens
C02465,1950,Monts de Piétés Egyptiens,monts piete egyptiens
C00094,1950,Mécanique,mecanique
C02466,1950,"Mécanique, de la Rosetta & Alexandria Rice Mill s",mecanique rosetta alexandria rice mill s
C02467,1950,N atipnal Insurance Co. of Egypt,n atipnal insurance co egypt
C02468,1950,N ear East Commercial Co,n ear east commercial co
C02469,1950,N ear East Cotton Export Co,n ear east cotton export co
C02125,1950,NEMCO,nemco
C01668,1950,Nat. Ins. Co. of Egypt (Ace. Inc. et Risques Divers),nat ins co egypt ace inc risques divers
C00097,1950,National Bank of Egypt,national bank egypt s
C02470,1950,National Bank of Egypt et Crédit Agricole et Coo,national bank egypt credit agricole coo
C02471,1950,"National Botling Co. of Egypt, Etablissements Banco",national botling co egypt etablissements banco
C02472,1950,National Bottling Co. of Egypt,national bottling co egypt
C00416,1950,National Contracting Co. of Egypt,national contracting co egypt
C02473,1950,National Electro Medical & Chemical Cy. ( N emco),national electro medical chemical cy n emco
C01672,1950,National Ginning Co,national ginning cy
C00417,1950,National Ginning Co. of Egypt,national ginning co egypt s e
C02474,1950,"National Ginning Co. of Egypt, S.A.E., de The Electricity andlee Supply Co., de la Cairo Sand Bricks Co. S.A.E., de la Fluviale S.A.E",national ginning co egypt s e electricity andlee supply co cairo sand bricks co s e fluviale s e
C00099,1950,National Insurance Co. of Egypt,national insurance co or egypt
C00099,1950,National Insurance Cy. of Egypt,national insurance co or egypt
C02475,1950,National Insurance S.A.E,national insurance s e
C01675,1950,National Metal Industries,national metal industries
C02476,1950,National Petroleum Co. of Egypt,national petroleum co egypt
C02477,1950,"National Plastics Co., Cotton Broker, Alexandrie et Le Caire",national plastics co cotton broker alexandrie caire
C02478,1950,National Salt & Mining Co,national salt mining co
C02479,1950,"National Salt & Mining Co., de la Sahel, S.A.E",national salt mining co sahel s e
C01677,1950,National Starch Co,national starch cy
C02480,1950,"National Starch Co., S.A.E",national starch co s e
C02481,1950,"National Theaters Cy, S.A.E",national theaters cy s e
C02482,1950,Nationale-Vie de Paris,nationale vie paris
C01681,1950,Navigation,navigation
C01682,1950,Near,near
C00252,1950,Near East,near east
C02018,1950,Near East Cleaning,near east cleaning co
C02483,1950,Near East Cleaning Co. Ltd et Grieve & Irwin Ltd. x,near east cleaning co grieve irwin x
C02484,1950,Near East Commercial Corporation,near east commercial corporation
C02485,1950,Near East Cotton Export Co,near east cotton export co
C01683,1950,Near East Finance Co,near east finance co
C02486,1950,Near East Finance S.A.E .. Mattalon,near east finance s e mattalon
C02487,1950,"Near East Finance, S.A.E. Near East Pharmaceutical & Commercial Co",near east finance s e near east pharmaceutical commercial co
C01685,1950,Near East Pharmaceutical & Commercial Co,near east pharmaceutical commercial gy
C02488,1950,Near East Pharmaceutical et Commercial Cy S.A.E,near east pharmaceutical commercial cy s e
C02489,1950,Near East Produce Trading Co. S.A.E,near east produce trading co s e
C02490,1950,Near East Produce Trading Cy,near east produce trading cy
C02125,1950,Nemco,nemco
C02491,1950,Nestor Gianaclis Agricultural & Commercial Cy,nestor gianaclis agricultural commercial cy
C02492,1950,Nestor Gianaclis and Agricultural Cy,nestor gianaclis agricultural cy
C00103,1950,New Egyptian Co,new egyptian co
C01690,1950,Nil Paris,nil paris
C01692,1950,Nile Brewery,nile brewery
C02493,1950,"Nile Brewery, S.A.E",nile brewery s e
C02494,1950,Nile Commercial Co,nile commercial co
C00691,1950,Nile Ginning Co. S.A.E. (Minia),nile ginning co s e minia s
C02495,1950,Nile Insurance Co,nile insurance co
C01695,1950,Nile Textile Co,nile textile cy
C02496,1950,Nile Works,nile works
C02497,1950,Nile Works Co,nile works co
C02498,1950,"North Africa Trading Co., S.A.E",north africa trading co s e
C01697,1950,Nouveaux Hôtels d'Egypte,nouveaux hotels egypte
C02499,1950,Oeuvre Fouad 1er,oeuvre fouad 1er
C02500,1950,Oeuvre de la Princesse Fadia,oeuvre princesse fadia
C02500,1950,Oeuvre de la Princesse Fawzia,oeuvre princesse fadia
C02501,1950,Officiel de The Alexandria Water Co,officiel alexandria water co
C02502,1950,Officielprès l' Alexandria Water Cy Ltd,officielpres alexandria water cy
C01700,1950,Orient Line n Industry,orient li nen industry
C01700,1950,Orient Linen Industry,orient li nen industry
C02503,1950,Orient Linen Industry Partner de la Maison S. & S. Sednaoui Ltd,orient linen industry partner maison s s sednaoui
C01700,1950,"Orient Linen Industry, S.A.E",orient li nen industry
C01700,1950,Orient Linen Industry. s,orient li nen industry
C01701,1950,Oriental Bond Stores,oriental bond stores
C02504,1950,Patriarcal Arménien Catholique d'Alexandrie,patriarcal armenien catholique alexandrie
C00425,1950,"Peltours, S.A.E",peltours s e
C02505,1950,Pieux-Vibro,pieux vibro
C01708,1950,"Pinto & Co., Caire et Alexandrie",pinto co caire alexandrie
C01709,1950,Pinto Cotton Co. S.A.E,pinto cottop co s e
C02506,1950,Pinto Cotton Co. et,pinto cotton co
C02507,1950,"Pinto Cotton Co., Industrie Fibres Textiles",pinto cotton co industrie fibres textiles
C01709,1950,"Pinto Cotton Co., S.A.E",pinto cottop co s e
C02508,1950,Platières de Ballah,platieres ballah
C01710,1950,Platrières de Ballah,platrieres ballah
C01710,1950,Plâtrières de Ballah,platrieres ballah
C00432,1950,Port-Said Salt Association Ltd,port said salt associa lion
C00107,1950,Postes Egyptiennes,postes egyptiennes
C00109,1950,Presses Libres Egyptiennes,presses libres egypliennes
C02509,1950,Provident Ass. of Egypt,provident ass egypt
C02510,1950,Pyramids In- dustrial & Trading Co,pyramids in dustrial trading co
C02511,1950,Pyramids Industrial & Trading Company,pyramids industrial trading company
C00110,1950,Raffinerie d'Egypte,raffinerie egypte
C02512,1950,Raison Sociale Menaché Cousins,raison sociale menache cousins
C02513,1950,"Responsable de «Hamata Mining Cy.», (W. Oettinger & Co.)",responsable hamata mining cy w oettinger co
C01715,1950,Rizerie Egyptienne Moderne,rizerie egyptienne modernp
C02514,1950,Rizerie Egyptienne Moderne et Middle East Trading & Cotton Co,rizerie egyptienne moderne middle east trading cotton co
C01715,1950,"Rizerie Egyptienne Moderne, S.A.E",rizerie egyptienne modernp
C00435,1950,Rosetta & Alexandria Rice Mills,rosetta alexandria rice mills
C00435,1950,Rosetta & Alexandria Rice Mills Co,rosetta alexandria rice mills
C00435,1950,Rosetta and Alexandria Rice Mills,rosetta alexandria rice mills
C02515,1950,"Rotary International, Chicago",rotary international chicago
C01718,1950,"Rye, Evans& Co. (Sudan) Ltd",rye evans co sudan
C02516,1950,S. A. E. L'Union Arabe,s e union arabe
C00113,1950,S.A. Agricole et Industrielle d'Egypte,s agricole industrielle egypte
C02517,1950,S.A. Anc. Entreprises L. Rolin & Co,s anc entreprises rolin co
C01719,1950,S.A. Astra et Halles Centrales,s astra halles centrales
C02518,1950,S.A. Belge-Egyptienne,s belge egyptienne
C02518,1950,S.A. Belgo-Egyptienne,s belge egyptienne
C00451,1950,S.A. Bières Bomonti & Pyramides,s bieres bomonti pyramides
C00452,1950,S.A. Chemins de Fer Basse-Egypte,s chemins fer basse egypte
C02519,1950,"S.A. Imm. Terrains Guizeh et Rodah, de la Sico",s imm terrains guizeh rodah sico
C00123,1950,S.A. Immeubles de l'Est,s immeubles est
C02520,1950,S.A. Immo- bilière du Domaine de Siouf,s immo biliere domaine siouf
C02521,1950,S.A. Immobili Ri unit i et Upper Egypt Ginning,s immobili ri unit i upper egypt ginning
C02522,1950,"S.A. Immobili Riu ni ti, S.A.E",s immobili riu ni ti s e
C01010,1950,"S.A. Immobili Riuniti, S.A.E",s immobili riunit i s e
C00443,1950,S.A. Immobilière des Terrains Ghizeh & Rodah,s immobiliere terrains guizch rodah
C00443,1950,S.A. Immobilière des Terrains Guizeh et Rodah,s immobiliere terrains guizch rodah
C00443,1950,S.A. Immobilière des Terrains Guizeh-Rodah,s immobiliere terrains guizch rodah
C00126,1950,S.A. Nettoyage et Pressage Coton,s nettoyage pressage coton
C00805,1950,S.A. Pharos,s pharos
C02523,1950,S.A. Pieux Vibro,s pieux vibro
C00124,1950,S.A. Presses Libres Egyptiennes,s presses libres egyptiennes
C00118,1950,S.A. Wadi Kom Ombo,s wadi kom ombo
C00118,1950,S.A. Wadi-Kom-Ombo,s wadi kom ombo
C00122,1950,S.A. d'Entreprises Urbaines et Rurales,s entreprises urbaines rurales
C00126,1950,"S.A. de Nettoyage et Pressage de Coton, S.A.E",s nettoyage pressage coton
C00118,1950,S.A. de Wadi-Kom Ombo,s wadi kom ombo
C01723,1950,S.A. des Anciens Etablissements D.C.M. Brooks,s anciens etablissements c brooks
C00451,1950,S.A. des Bières Bomonti et Pyramides,s bieres bomonti pyramides
C02524,1950,S.A. des Chemins de Fer Keneh-Assouan et S.A. Chemins de Fer Basse-Egypte,s chemins fer keneh assouan s chemins fer basse egypte
C00456,1950,S.A. des Drogueries d'Egypte,s drogueries cl egypte
C00457,1950,S.A. des Eaux du Caire,s eaux caire
C00447,1950,"S.A. des Fibres Textiles, S.A.E",s fibres textiles s e
C00439,1950,S.A. des Immeubles d'Egypte,s immeubles egyple
C01728,1950,S.A. des Immeubles d'Egypte et Secrétaire Général d.e la Land Bank of Egypt,s immeubles egypte secretaire general land bank egypt
C02525,1950,S.A. des Immeubles de l'Est et Egyptian Flax & Textile Cy,s immeubles est egyptian flax textile cy
C02526,1950,S.A. des Immeubles de l'E~t,s immeubles e t
C02527,1950,S.A. des Magasins E-,s magasins e
C00462,1950,S.A. des Monts de Piété Egyptiens,s monts piete egyptiens
C01730,1950,S.A. des Presses Libres,s presses libres
C00124,1950,S.A. des Presses Libres Egyptiennes,s presses libres egyptiennes
C00467,1950,S.A. des Tramways du Caire,s tramways caire
C00467,1950,S.A. des Tramways du' Caire,s tramways caire
C01733,1950,S.A. des Wagons Lits Iran,s wagons lits iran
C00125,1950,S.A. du Béhéra,s behera
C02528,1950,S.A. du Béhéra et Alexandria Portland Cement Co,s behera alexandria portland cement co
C00125,1950,S.A. du Béhéra. ·,s behera
C00471,1950,S.A.E. Carb a,s e carba
C00471,1950,S.A.E. Carba,s e carba
C01745,1950,S.A.E. Constructions <<Egyco»,s e construction egycon
C01020,1950,S.A.E. Financière et Immobilière,s e financiere immobiliere
C01017,1950,S.A.E. Industrie Fibres Textiles,s e industrie fibres textiles
C02529,1950,S.A.E. L'Epargne,s e epargne
C02530,1950,S.A.E. Moulins «Al Mahmou- dieh»,s e moulins al mahmou dieh
C01740,1950,S.A.E. Moulins «Al-Mahmoudieh»,s e moulins al mahmoudieh
C01741,1950,S.A.E. Peltours,s e peltours
C01742,1950,S.A.E. Sahel,s e sahel
C02531,1950,S.A.E. Scialli,s e scialli
C02532,1950,S.A.E. d'Assurances Al Chark,s e assurances al chark
C02533,1950,S.A.E. d'Assurances «Al Chark». Crédit Agricole et Coopératif,s e assurances al chark credit agricole cooperatif
C02534,1950,S.A.E. d'Urbanisme Hadaek El Ahram,s e urbanisme hadaek el ahram
C02535,1950,S.A.E. d'Urbanisme «Hadaek el Ahram» (Pyramids Gardens),s e urbanisme hadaek el ahram pyramids gardens
C01744,1950,S.A.E. de Capitalisation l'Epargne,s e capitalisation epargne
C01744,1950,S.A.E. de Capitalisation «L'Epargne»,s e capitalisation epargne
C01745,1950,S.A.E. de Constructions (Egyco),s e construction egycon
C01745,1950,S.A.E. de Constructions «Egyco»,s e construction egycon
C01746,1950,S.A.E. de Métallurgie,s e metallurgie
C01747,1950,S.A.E. des Anciens Etablissements Hovaghimian,s e anciens etablissements hovaghimian
C01748,1950,S.A.E. des Chaussures Bata,s e chaussures bata
C02536,1950,S.A.E. suivantes,s e suivantes
C02537,1950,S.A.E. «Al Ahram»,s e al ahram
C01748,1950,S.A.E. «Chaussures Bata»,s e chaussures bata
C02529,1950,S.A.E. «L'Epargne>>,s e epargne
C02538,1950,S.A.E. «Marbre,s e marbre
C02539,1950,S.A.E. «Marbres et Couleurs»,s e marbres couleurs
C00114,1950,S.E. de Ciment Porland Tourah,s ciment portland tourab
C02540,1950,S.E. de Ciment Portland,s e ciment portland
C02541,1950,S.E. de Filature et Tissage de Laine,s e filature tissage laine
C02542,1950,"S.E. de Tuyaux, Poteaux et Produits en Ciment Armé",s e tuyaux poteaux produits ciment arme
C02543,1950,S.S. Genisserlis & Co,s s genisserlis co
C02544,1950,SAI DE,sai
C02545,1950,SAIDE,saide
C02546,1950,"SEDEC, et Alexandria Glass & Porcelain Factory",sedec alexandria glass porcelain factory
C02547,1950,"Sahel, S.A.E",sahel s e
C02548,1950,"Salon i ca Cigarettes Co., S. A. E",salon i ca cigarettes co s e
C00128,1950,Salonica Cigarettes Co,salonica cigarette co
C00128,1950,Salonica Cigarettes Cy,salonica cigarette co
C01756,1950,"Salvage & Marine Cy of Egypt, S.A.E",salvage marine cy egypt s e
C01756,1950,Salvage & Marine Cy. of Egypt. S.A.E,salvage marine cy egypt s e
C02549,1950,Salvage and Marine Cy. of,salvage marine cy
C02550,1950,Secrétaire Général Banque Belge,secretaire general banque belge
C02551,1950,Selected Textile Industries,selected textile industries
C02551,1950,Selected Textile Industries Ass,selected textile industries
C02552,1950,Selected Textile Industries Assoc. S.A.E,selected textile industries assoc s e
C02551,1950,Selected Textiles Industries,selected textile industries
C02553,1950,Sid i Salem,sid i salem
C00129,1950,Sidi Salem Co,sidi salem co
C02554,1950,Sidi Salem Company,sidi salem company
C00129,1950,Sidi Salem Cy,sidi salem co
C02555,1950,Simon Arzt Stores,simon arzt stores
C02026,1950,"Simon Arzt Stores, S.A.E",simon arzt stores s e
C02556,1950,Sisal Manufacturing Co,sisal manufacturing co
C02557,1950,Smelting Co,smelting co
C02558,1950,Smelting Co . . (Egypt). S.A.E,smelting co egypt s e
C02558,1950,Smelting Co. (Egypt) S.A.E,smelting co egypt s e
C02559,1950,"So- ciété Egyptienne de Filature et Tissage de Laine, S.A.E",so ciete egyptienne filature tissage laine s e
C02560,1950,So- ciété d'Entreprises M. Cockinos S.A.E,so ciete entreprises m cockinos s e
C02561,1950,Soc. Egyptienne de Constructions Modernes « Al Chams »,soc egyptienne constructions modernes al chams
C01763,1950,Soc. d'Avances Commerciales,soc avances commerciales
C02562,1950,Socifté de Mé-,socifte me
C00503,1950,Société,
C01768,1950,Société Agricole et Urbaine «Le Fayoum»,agricole urbaine fayoum
C02563,1950,Société Anonyme Egyptienne Financière et Immobilière (Cairo),financiere immobiliere cairo
C00136,1950,Société Anonyme de Nettoyage et Pressage de Coton,nettoyage pressage coton
C00137,1950,Société Anonyme de Wadi Kom Ombo,wadi kom ombo
C00139,1950,Société Anonyme des Chemins de Fer de la Basse-Egypte,chemins fer basse egypte
C00052,1950,Société Anonyme des Eaux du Caire,eaux caire
C02564,1950,"Société Anonyme des Immeubles Réunis, S.A.E",immeubles reunis s e
C02565,1950,Société Arabe de Filature,arabe filature
C00149,1950,Société Belgo-Egyptienne de l'Ezbékieh,belgo egyplienne ezbekieh
C01776,1950,Société Bolanachi,bolanachi
C02566,1950,Société Bolanachi-Distillerie et Sté Foncière Domaine Cheikh Fadl,bolanachi distillerie ste fonciere domaine cheikh fadl
C02567,1950,Société Califor,califor
C00514,1950,"Société California Egyptienne des Pétroles, S.A.E",california egyptienne petroles
C01778,1950,Société Co-opérative des Pétroles,co operative petroles
C02568,1950,"Société Commerciale Ex-lmport, S.A.E",commerciale ex lmport s e
C01513,1950,Société Coopérative Commerciale de Crédit,cooperative commerciale credit
C01780,1950,Société Copte de Bienfaisance,copte bienfaisance
C00150,1950,Société Cotonnière Maarad,cotonniere maarad
C00150,1950,Société Cotonnière «Maarad»,cotonniere maarad
C02569,1950,"Société Cotonnière «Maarad», de la Société Egyptienne de la Bourse Commerciale de Minet El Bassai",cotonniere maarad bourse commerciale minet el bassai
C01783,1950,Société Eg. de Constructions Modernes « Al Chams »,eg constructions modernes al chamsn
C02570,1950,"Société Egyp- tienne des Industries Chimiques, S.A.E",egyp tienne industries chimiques s e
C00525,1950,Société Egyptienne Financière pour le Commerce,financiere commerce
C00527,1950,Société Egyptienne d'Electricité,electricite
C01788,1950,Société Egyptienne d'Engrais & d'Industries Chimiques,engrais industries chimiques
C00153,1950,Société Egyptienne d'Entreprises Urbaines et Rurales,entreprises urbaines rurales
C02571,1950,"Société Egyptienne d'Entreprises et Constructions ( S.E.D.E.C.), S.A.E",entreprises constructions s e e c s e
C02571,1950,Société Egyptienne d'Entreprises et Constructions (S.E.D.E.C.),entreprises constructions s e e c s e
C02572,1950,Société Egyptienne d'Expansion Commerciale et Industrielle «Sedex» S A.E. en formation,expansion commerciale industrielle sedex s e formation
C01792,1950,Société Egyptienne de Ciment Porland Tourah,ciment portland tourah
C01792,1950,Société Egyptienne de Ciment Portland Tourah,ciment portland tourah
C01794,1950,Société Egyptienne de Conserves Alimentaires,conserves alimentaires
C01794,1950,Société Egyptienne de Conserves alimentaires,conserves alimentaires
C02275,1950,Société Egyptienne de Constructions Modernes «Al Chams» S.A.E,constructions modernes al chams
C01795,1950,"Société Egyptienne de Constructions, S.A.E. (Egyco)",constructions s e egyco
C02573,1950,Société Egyptienne de Divulgation,divulgation
C00530,1950,Société Egyptienne de Filature et Tissage de Laine S.A.E,filature el tissage laine s e
C00530,1950,"Société Egyptienne de Filature et Tissage de Laine, S.A.E",filature el tissage laine s e
C00530,1950,"Société Egyptienne de Filature et Tissage de la Laine, S.A.E",filature el tissage laine s e
C00532,1950,Société Egyptienne de Placements,placements
C01796,1950,Société Egyptienne de Teinture,teinture
C01797,1950,Société Egyptienne de Teinturerie,teinturerie
C00535,1950,Société Egyptienne de Tissage et Tricotage,tissage tricotage
C01799,1950,"Société Egyptienne de Tissage et Tricotage, S.A.E",tissage tricotage s e
C01799,1950,Société Egyptienne de Tissage et Tricotage. S.A.E,tissage tricotage s e
C00536,1950,"Société Egyptienne de Tuyaux, Poteaux et Produits en Ciment Armé (Système Siegwart)",tuyaux poteaux cl produits ciment arme systeme siegwarl
C00159,1950,Société Egyptienne de la Bourse Commerciale de Minet El Bassal,bourse commerciale minet el bassa
C02574,1950,Société Egyptienne des In- dustries Textiles,in dustries textiles
C00528,1950,"Société Egyptienne des Industries Chimiques, S.A.E",industries chimiques s e
C02575,1950,Société Egyptienne des Industries Electriques et Mécaniques,industries electriques mecaniques
C00509,1950,Société Egyptienne des Industries Textiles,industries textiles
C00509,1950,"Société Egyptienne des Industries Textiles, S.A",industries textiles
C00509,1950,Société Egyptienne des Industries Textiles. S.A.E,industries textiles
C00552,1950,"Société Egyptienne pour l'Exploitation des Mines et Carrières, S.A.E",exploitation mines carrieres s e
C02576,1950,Société Egyptienne pour l'industrie et le Commerce des Cotonnades«La Cotonnière» S.A.E,industrie commerce cotonnades cotonniere s e
C00555,1950,"Société Egyptienne pour le Développement et le Commerce des Légumes, Fruits et Fleurs",developpement cominercc legumes fruits fleurs
C01809,1950,Société Egyptienne pour le Tannage,tannage
C02577,1950,Société F'ranco-Egyptienne d'Importation S.A.E,f ranco egyptienne importation s e
C01811,1950,Société Financière & Industrielle,financiere industrielle
C00165,1950,Société Foncière d'Egypte,fonciere egypte
C00166,1950,Société Foncière du Domaine de Cheikh Fadl,fonciere domaine cheikh fadl
C01812,1950,Société Franco-Egyptienne de Crédit,franco egyptienne credit
C02578,1950,"Société Franco-Egyptienne de Soieries, S.A.E",franco egyptienne soieries s e
C01812,1950,Société Franco-Egyptienne du Crédit S.A.E,franco egyptienne credit
C02579,1950,"Société Générale Immobilière. N acamuli, Georges, A dm. Sté de Placements",generale immobiliere n acamuli georges dm ste placements
C00170,1950,Société Générale d'Electricité,generale electricite
C01815,1950,Société Générale de Placement Financier et Industriel,generale placement financier industriel
C00563,1950,Société Générale de Pressage,generale pressage
C00173,1950,Société Générale des Sucreries,generale sucreries
C01086,1950,Société Générale des Sucreries et Raffinerie d'Egypte,generale sucreries el raffinerie egypte
C02580,1950,"Société Hongro-Egyptienne pour le Commerce, S.A",hongro egyptienne commerce s
C00568,1950,"Société Immobilière d'Alexandrie, S.A.F",immobiliere alexandrie s f y
C01817,1950,Société Immobilière de Boulac,immobiliere boulac
C01818,1950,"Société Immobilière de Zamalek, S.A.E",immobiliere zamalek s e
C02581,1950,Société Industrielle et Commerciale Laitière « Mandara»,industrielle commerciale laitiere mandara
C01820,1950,"Société Industrielle et Commerciale d'Egypte ( SICO), S.A.E",industrielle commerciale egypte sico s e
C01819,1950,Société Industrielle et Commerciale d'Egypte (S.I.C.O.),industrielle commerciale egypte s i c o s e
C01819,1950,"Société Industrielle et Commerciale d'Egypte (S.I.C.O.), S.A.E",industrielle commerciale egypte s i c o s e
C02582,1950,Société Mi sr des Mines et Carrières,mi sr mines carrieres
C02583,1950,Société Mi sr des Tabacs et Cigarettes,mi sr tabacs cigarettes
C02584,1950,Société Mi sr pour le Lin,mi sr lin
C01824,1950,Société Misr Rayonne,misr rayonne
C01825,1950,Société Misr d'Assurances,misr assurances
C01826,1950,Société Misr de Filature,misr filature
C01829,1950,Société Misr de Tabacs et Cigarettes,misr tabacs cigarette
C01831,1950,Société Misr de Transport,misr transport
C02585,1950,Société Misr des Produits Pharmaceutiques,misr produits pharmaceutiques
C01834,1950,Société Misr pour l'Egrenage du Coton,misr egrenage coton
C01835,1950,"Société Misr pour l'Industrie Pharmaceutique, S.A.E",misr industrie pharmaceutique s e
C01836,1950,Société Misr pour l'Industrie et le Commerce des Huiles,misr industrie commerce huiles
C02586,1950,"Société Misr pour la Filature et le Tissage, de la Société Misr d'Assurances, de la Société Misr pour le Tissage de la Soie, de la Société Misr de Navigation Maritime",misr filature tissage misr assurances misr tissage soie misr navigation maritime
C02587,1950,"Société Misr pour la Filature et le Tissage, de la Société Misr pour la Rayonne, de la Société Misr pour le Tissage de la",misr filature tissage misr rayonne misr tissage
C01824,1950,Société Misr pour la Rayonne,misr rayonne
C01840,1950,Société Misr pour le Lin,misr lin
C01841,1950,Société Misr pour le Théâtre et le Cinéma,misr theatre cinema
C01765,1950,Société Misr pour le Tissage de la Soie,misr tissage soie
C01842,1950,Société Misr pour le Tissage de la Soie S.A.E,misr tissage soie s e
C01844,1950,Société Misr pour les Huiles,misr huiles
C01845,1950,Société Misr pour les Pêcheries,misr pecheries
C02588,1950,Société Misr «la Fluviale» S.A.E,misr fluviale s e
C01846,1950,Société Nationale de Matières Plastiques S.A.E,nationale matieres plastiques s e
C02589,1950,Société Nationale du Papier,nationale papier
C01094,1950,"Société Nationale du Papier, S.A.E",nationale papier s e
C01847,1950,Société Orientale de Publicité,orientale publicite
C01848,1950,Société Pharos,pharos
C00576,1950,Société Royale d'Agriculture,royale agricullture
C02590,1950,"Société Royale d'Agriculture, de la Société Royale des Etudes Historiques, Comité National des Sports du Cercle Royal d'Escrime, du Club El-Fouroussia, des Fédérations Egyptiennes Equestres",royale agriculture royale etudes historiques comite national sports cercle royal escrime club el fouroussia federations egyptiennes equestres
C01851,1950,Société Royale d'Economie Politique,royale econorme politique
C00178,1950,Société Royale de Papyrologie d'Egypte,royale papyrologie egypte
C00578,1950,Société Texas Egyptienne des Pétroles,texas egyptienne petroles
C02591,1950,Société The Middle East Industrial & Trading Co. (S.M. Besso & Co.),middle east industrial trading co s m besso co
C02592,1950,Société Union Commerçants en Textiles et Alexandria Textile Trading Co,union commercants textiles alexandria textile trading co
C01852,1950,"Société Viticole et Vinicole d'Egypte, Représentant de la Cie. Internationale des Wagons-Lits en Egypte, en Palestine, Syrie, Irak et Iran",viticole vinicole egypte representant cie internationale wagons lits egypte palestine syrie irak iran
C01853,1950,"Société Viticole et Vinicole d'Egypte, de Frosted Food & Cold Storage Cy",viticole vinicole egypte frosted food cold storage cy
C00580,1950,Société Viticole et· Vinicole d'Egypte S.A.E,viticole vinicole egypte s e
C01855,1950,Société d'Alimentation Générale,alimentation generale
C00179,1950,Société d'Avances Commerciales,avances commerciales
C00152,1950,Société d'Egrenage,egrenage
C01376,1950,"Société d'Entreprises M. Cockinos, S.A.E",entreprises m cockinos s e
C02593,1950,Société d'Exploitation Agricole,exploitation agricole
C01858,1950,Société de Cigarettes Nestor Gianaclis,cigarettes nestor gianaclis
C01792,1950,Société de Ciment Portland Tourah,ciment portland tourah
C00583,1950,"Société de Ciment Portland de Hélouan, S.A.E",ciment portland helouan s e
C02594,1950,Société de Collectivité Financière,collectivite financiere
C02595,1950,Société des Au.tobus de Charkieh et Dakahlieh,tobus charkieh dakahlieh
C00591,1950,Société des Autobus de Béhéra,autobus behera
C01863,1950,Société des Autobus de Charkieh,autobus charkieh
C01864,1950,Société des Autobus de Charkieh et Dakahlieh,autobus charkieh dakahlieh
C02596,1950,Société des Autobus de la Basse-Egypte,autobus basse egypte
C00591,1950,Société des Autobus du Béhéra,autobus behera
C00592,1950,Société des Autobus du Caire,autobus caire
C02597,1950,"Société des Autobus du Nord, S.A.E. de la Société des Omnibus de Fayoum",autobus nord s e omnibus fayoum
C02598,1950,"Société des Autobus du Nord, de la Sté. des Autobus du Caire",autobus nord ste autobus caire
C00183,1950,Société des Biens de Rapport d'Egypte,biens rapport egypte
C02599,1950,"Société des Biens de Rapport d'Egypte, S.A.E",biens rapport egypte s e
C02600,1950,"Société des Entrepri ses M. Cockinos, S.A.E",entrepri ses m cockinos s e
C00599,1950,Société des Omnibus de Fayoum,omnibus fayoum
C02601,1950,Société des Terrains de la Ville d'Alexandrie,terrains ville alexandrie
C00603,1950,Société des Terres Rares d'Egypte,terres rares egypte
C02602,1950,Société du Croissant Rouge,croissant rouge
C01106,1950,Société du Crédit Alexandrin,credit alpxandrin
C00540,1950,Société pour l'Industrie de Bonneterie,industrie bonneterie
C01108,1950,Société pour la Vente des Produits Egyptiens S.A.E,vente produits egyptiens s e
C01108,1950,"Société pour la Vente des Produits Egyptiens, S.A.E",vente produits egyptiens s e
C02603,1950,Société pour la vente des Produits,vente produits
C01848,1950,Société «Pharos»,pharos
C00344,1950,Société «The Egyptian General Omnibus Co.»,egyptian general omnibus cy
C01872,1950,Sociétés,societes
C02604,1950,"Sociétés, Industriel",societes industriel
C00159,1950,Sociétê Egyptienne de la Bourse Commerciale de Minet el Bassal,bourse commerciale minet el bassa
C00611,1950,Standard Oil Co. of Egypt,standard oil co egypt s
C02605,1950,Standard Oil Cy. p,standard oil cy p
C02606,1950,Statistique Egyptienne,statistique egyptienne
C01881,1950,Studios Al Ahram,studios al ahram
C02607,1950,Studios Al Ahram et Carver Cotton Co,studios al ahram carver cotton co
C01883,1950,Sté,ste
C02608,1950,Sté Agricole et Fermière FERMAG et Sté An. Agricole et Industrielle d'Egypte,ste agricole fermiere fermag ste an agricole industrielle egypte
C01879,1950,Sté Agricole et Fermière «Fermag»,ste agricole fermiere fermag
C02609,1950,"Sté Agricole et Urbaine « Le Fayoum ». Elo ui, Aziz, Ingénieur Diplômé de l) Ecole Royale Polytechnique de Guizeh) Le Caire",ste agricole urbaine fayoum elo ui aziz ingenieur diplome ecole royale polytechnique guizeh caire
C02610,1950,Sté Al Wadi pour les métaux et les Bijoux,ste al wadi metaux bijoux
C02611,1950,Sté An on. du Béhéra,ste an on behera
C01894,1950,Sté An. des Presses Libres Egyptiennes,ste an presses libres egyptiennes
C02612,1950,Sté Arabe Filature et Tissage,ste arabe filature tissage
C02613,1950,Sté Autobus Routes Désert,ste autobus routes desert
C02614,1950,Sté Autobus d'Alexandrie,ste autobus alexandrie
C01938,1950,Sté Autobus du Nord,ste autobus nord
C02615,1950,"Sté Belge Electro-rail, etc",ste belge electro rail etc
C02616,1950,Sté Belge-Egyptienne de l'Ezbékieh,ste belge egyptienne ezbekieh
C02617,1950,Sté California Texas Pétroles,ste california texas petroles
C02618,1950,"Sté Chemins de Fer,Basse-Egypte",ste chemins fer basse egypte
C01897,1950,Sté Commerciale Ex-Import,ste commerciale ex import
C02619,1950,Sté Commerciale d'Egypte,ste commerciale egypte
C02620,1950,Sté Cotonnière d'Egypte,ste cotonniere egypte
C02621,1950,Sté Eg. Fabrication et Exportation Conserves,ste eg fabrication exportation conserves
C01899,1950,Sté Eg. Financière pour le Commerce,ste eg financiere commerce
C02622,1950,Sté Eg. d'Electricité,ste eg electricite
C02621,1950,Sté Eg. de Fabrication et Exportation de Conserves,ste eg fabrication exportation conserves
C02623,1950,Sté Eg. de Filature et Tissage de Laine,ste eg filature tissage laine
C01903,1950,Sté Eg. de l'Industrie de Bonneterie,ste eg industrie bonneterie
C02624,1950,Sté Eg. des Conserves Alimentaires,ste eg conserves alimentaires
C01905,1950,Sté Eg. des Emballages Economiques,ste eg emballages economiques
C01906,1950,"Sté Eg. des Etablissements Bolanachi-Distillerie, S.A.E",ste eg etablissements bolanachi distillei ie
C02625,1950,Sté Eg. des Industries Electriques et Mécaniques,ste eg industries electriques mecaniques
C02626,1950,Sté Eg. des Industries Textiles,ste eg industries textiles
C01902,1950,Sté Egypt. Minoterie & Silos,ste eg minoterie silos
C02622,1950,Sté Egypt. d'Electricité,ste eg electricite
C02627,1950,Sté Egypt. des Industries Chimiques,ste egypt industries chimiques
C02628,1950,Sté Egyptienne Maritime ~Commerciale,ste egyptienne maritime commerciale
C02629,1950,Sté Egyptienne de Constructions Modernes «Al Chams»,ste egyptienne constructions modernes al chams
C01911,1950,Sté Egyptienne des Bois et Matériaux «SEBEM»,ste egyptienne bois materiaux sebem
C02630,1950,Sté Egyptienne des Pétroles,ste egyptienne petroles
C01913,1950,Sté Egyptienne pour la Fabrication,ste egyptienne fabrication
C02631,1950,Sté Entreprises Cockinos,ste entreprises cockinos
C02632,1950,Sté Foncière Domaine Cheikh Fadl,ste fonciere domaine cheikh fadl
C02633,1950,Sté Foncière d'Egypte,ste fonciere egypte
C02634,1950,"Sté Fouad 1er d'Economie Politique, de Statistique",ste fouad 1er economie politique statistique
C02635,1950,Sté Franco-Egyptienne de Crédit,ste franco egyptienne credit
C02636,1950,Sté Gle Pressage et Dépôts et Sté Cotonnière d'Egypte,ste gle pressage depots ste cotonniere egypte
C02637,1950,Sté Générale Pressage et Dépôts,ste generale pressage depots
C02638,1950,Sté Générale d'Electricité et Mécanique,ste generale electricite mecanique
C02639,1950,Sté Hinshelwood Paint & Oil Cy of Egypt,ste hinshelwood paint oil cy egypt
C02640,1950,Sté Imm. Domaine de Siouf,ste imm domaine siouf
C02641,1950,Sté Immobilière Masr el Guedida,ste immobiliere masr el guedida
C01917,1950,Sté Immobilière d'Alexandrie S. A. F,ste immobiliere alexandrie s f
C02642,1950,Sté Immobilière de Zamalek,ste immobiliere zamalek
C01918,1950,Sté Immobilière de l'Avenue de la Reine Nazli,ste immobiliere avenue reine nazli
C02643,1950,Sté Indust. et Commerciale Laitière Man- dara,ste indust commerciale laitiere man dara
C02644,1950,Sté Industrielle et Commerciale Laitière Mandara,ste industrielle commerciale laitiere mandara
C02645,1950,Sté Industrielle «Spahi» de Filés et Textiles,ste industrielle spahi files textiles
C02104,1950,Sté Misr Filature et Tissage,ste misr filature tissage
C02646,1950,Sté Misr Produits Pharmaceutiques,ste misr produits pharmaceutiques
C01920,1950,Sté Misr Rayonne,ste misr rayonne
C02647,1950,"Sté Misr Transports & Na- vigation. Hassan Bey El N ahas, A dm. Transport & Engineering",ste misr transports na vigation hassan bey el n ahas dm transport engineering
C02648,1950,Sté Misr d'Assurances,ste misr assurances
C02649,1950,Sté Misr de Navigation Maritime,ste misr navigation maritime
C02650,1950,Sté Misr pour l'Industrie Pharmaceutique,ste misr industrie pharmaceutique
C02651,1950,Sté Misr pour la Rayonne S.A.E,ste misr rayonne s e
C01923,1950,Sté Misr pour les Fourrages,ste misr fourrages
C02652,1950,Sté Métallurgie Egyptienne et S.A. du Béhéra,ste metallurgie egyptienne s behera
C02653,1950,Sté Nationale d'Energie Electrique,ste nationale energie electrique
C02654,1950,Sté Nationale de Textile Memphis,ste nationale textile memphis
C02655,1950,Sté Nationale de Textile Memphis (Alexandrie),ste nationale textile memphis alexandrie
C02654,1950,Sté Nationale de Textile «Memphis» S.A.E,ste nationale textile memphis
C01925,1950,Sté Nationale des Matières Plastiques,ste nationale matieres plastiques
C01926,1950,Sté Nationale du Papier,ste nationale papier
C02656,1950,"Sté Nationale du Papier, S.A.E",ste nationale papier s e
C01928,1950,Sté Orientale Cinéma,ste orientale cinema
C02657,1950,Sté Orientale de Publicité,ste orientale publicite
C01894,1950,Sté Presses Libres Egyptiennes,ste an presses libres egyptiennes
C02658,1950,Sté Rolny,ste rolny
C02659,1950,Sté Sinaï Mining Co,ste sinai mining co
C02660,1950,Sté Sucreries d'Egypte,ste sucreries egypte
C01931,1950,Sté The Clothing & Equipment Cy of Egypt,ste clothing equipment cy egypt
C01932,1950,Sté Usines Chourbagui,ste usines churbagui
C01932,1950,Sté Usines el Chourbagui,ste usines churbagui
C01933,1950,Sté Viticole et Vinicole d'Egypte,ste viticole vinicole egypte
C02661,1950,Sté d'Entreprises Commerciales en Egypte,ste entreprises commerciales egypte
C01124,1950,Sté d'Entreprises Urbaines et Rurales,ste eni reprises urbaines t rurales
C01901,1950,Sté de Ciment Portland Tourah,ste eg ciment portland tourah
C01902,1950,Sté de Minoterie et Silos,ste eg minoterie silos
C02662,1950,Sté de Publications Egyptiennes,ste publications egyptiennes
C02663,1950,Sté des Engrais Organiques,ste engrais organiques
C02664,1950,Sté des Industries Modernes du Bâtiment,ste industries modernes batiment
C02664,1950,"Sté des Industries Modernes du Bâtiment, S.A.E",ste industries modernes batiment
C01942,1950,Sté des Omnibus de Fayoum,ste omnibus fayoum
C01944,1950,Sté des Produits Centrifugés en Ciment,ste produits centrifuges ciment
C01945,1950,Sté des Terrains de la Ville d'Alexandrie,ste terrains ville alexandrie
C02665,1950,Sté du Ciment Portland Hélouan,ste ciment portland helouan
C02666,1950,Sté pour l'Industrie,ste industrie
C02667,1950,Sté « Egyptian Cement Products »,ste egyptian cement products
C02668,1950,Sté «La Commerciale»,ste commerciale
C02669,1950,Sté «The Egyptian Insurance & Commercial Agency (EICA) (Tsekis & Fils),ste egyptian insurance commercial agency eica tsekis fils
C02670,1950,"Sté, «SOTRAC»",ste sotrac
C01939,1950,Sté. - Biens de Rapport d'Egypte,ste biens rapport egypte
C01886,1950,Sté. Agr. et Urbaine «Le Fayoum»,ste agr urbaine fayoum
C01879,1950,Sté. Agricole et Fermière «Fermag»,ste agricole fermiere fermag
C01889,1950,Sté. Agricole et Urbaine «Le Fayoum»,ste agricole urbaine fayoum
C02671,1950,Sté. Agricole «Le Fayoum»,ste agricole fayoum
C02672,1950,Sté. Al Chark Filature,ste al chark filature
C01892,1950,Sté. Al Chark Filature Tissage,ste al chark filature tissage
C01892,1950,Sté. Al Chark pour la Filature et Tissage,ste al chark filature tissage
C01892,1950,Sté. Al Chark pour la Filature et le Tissage,ste al chark filature tissage
C02673,1950,Sté. An. Agricole et Industrielle,ste an agricole industrielle
C02674,1950,Sté. An. Eg. Financière& Immobilière,ste an eg financiere immobiliere
C01893,1950,Sté. An. Eg. de Capitalisation L'Epargne,ste an eg capitalisation epargne
C01894,1950,Sté. An. des Presses Libres Egyptiennes,ste an presses libres egyptiennes
C02675,1950,Sté. Anglo-American Nile Co,ste anglo american nile co
C02676,1950,Sté. Anonyme « Egyptian Flax & Textile Cy. »,ste anonyme egyptian flax textile cy
C02612,1950,Sté. Arabe Filature et Tissage,ste arabe filature tissage
C02677,1950,Sté. Assurances «Al Chark»,ste assurances al chark
C02613,1950,Sté. Autobus Routes Désert,ste autobus routes desert
C01938,1950,Sté. Autobus du Nord,ste autobus nord
C02678,1950,Sté. Autqbus Routes du Désert et Sté. des Omnibus de Fayoum,ste autqbus routes desert ste omnibus fayoum
C02679,1950,Sté. Bibaoui pour le Commerce des Cotons,ste bibaoui commerce cotons
C01939,1950,Sté. Biens de Rapport d'Egypte,ste biens rapport egypte
C02680,1950,"Sté. Bolanachi, de la Sté Commerciale et Financière «Al Masria»",ste bolanachi ste commerciale financiere al masria
C01885,1950,Sté. Bolanachi-Distillerie,ste bolanachi distillerien
C02617,1950,Sté. California Texas des Pétroles,ste california texas petroles
C02681,1950,Sté. Commerciale Belgo Egyptienne,ste commerciale belgo egyptienne
C02681,1950,Sté. Commerciale Belgo-Egyptienne,ste commerciale belgo egyptienne
C02619,1950,Sté. Commerciale d'Egypte,ste commerciale egypte
C02682,1950,Sté. Commerciale et Financière «Al Masria)),ste commerciale financiere al masria
C02682,1950,Sté. Commerciale et Financière «Al Masria»,ste commerciale financiere al masria
C02683,1950,Sté. Coopérative des Pétroles,ste cooperative petroles
C02620,1950,Sté. Cotonnière d'Egypte,ste cotonniere egypte
C01898,1950,Sté. Cotonnière «Maarad»,ste cotonniere maarad
C02684,1950,Sté. Eg. Divulgation,ste eg divulgation
C01905,1950,Sté. Eg. Emballages Economiques,ste eg emballages economiques
C01124,1950,Sté. Eg. Entreprises Urbaines et Rurales,ste eni reprises urbaines t rurales
C02685,1950,Sté. Eg. Maritime Commerciale,ste eg maritime commerciale
C02686,1950,Sté. Eg. Minoterie et Silos et Sté. Crédit Alexandrin,ste eg minoterie silos ste credit alexandrin
C02687,1950,Sté. Eg. d'Egrenage,ste eg egrenage
C02622,1950,Sté. Eg. d'Electricité,ste eg electricite
C02688,1950,Sté. Eg. d'Engrais,ste eg engrais
C01124,1950,Sté. Eg. d'Entreprises Urbaines et Rurales,ste eni reprises urbaines t rurales
C01901,1950,Sté. Eg. de Ciment Portland Tourah,ste eg ciment portland tourah
C02684,1950,Sté. Eg. de Divulgation,ste eg divulgation
C02689,1950,Sté. Eg. de Fabrication et Exportation des Conserves. Licencié en droit en 1809. Nichan El Nil 5e. Classe,ste eg fabrication exportation conserves licencie droit 1809 nichan el nil 5e classe
C01902,1950,Sté. Eg. de Minoterie et Silos,ste eg minoterie silos
C02690,1950,"Sté. Eg. de Tuyaux, Poteaux et Produits en Ciment Armé (Système Siegwart)",ste eg tuyaux poteaux produits ciment arme systeme siegwart
C02691,1950,"Sté. Eg. de Tuyaux, Poteaux et Produits en ciment armé",ste eg tuyaux poteaux produits ciment arme
C02627,1950,Sté. Eg. des Industries Chimiques,ste egypt industries chimiques
C02692,1950,Sté. Eg. · pour la Fabrication,ste eg fabrication
C02693,1950,Sté. Egyptienne Financière pour le Commerce,ste egyptienne financiere commerce
C02694,1950,Sté. Egyptienne d'Electricité et Sté. Ass. «Al Chark»,ste egyptienne electricite ste ass al chark
C00612,1950,"Sté. Egyptienne d'Industries Chimiques, S.A.E",ste egyptienne industries chimiques s e
C02695,1950,Sté. Egyptienne de Divulgation,ste egyptienne divulgation
C02696,1950,Sté. Egyptienne des Bois et Matériaux (SEBEM) et Sté pour l'Industrie,ste egyptienne bois materiaux sebem ste industrie
C02136,1950,Sté. Egyptienne des Emballages Economiques,ste egyptienne em hallages economiques
C01911,1950,Sté. Egyptiennedss Bois et Matériaux (SEBEM),ste egyptienne bois materiaux sebem
C02661,1950,Sté. Entreprises Commerciales en Egypte,ste entreprises commerciales egypte
C01915,1950,Sté. Franco-Egyptienne d'Importation,ste franco egyptienne importation s e
C01915,1950,"Sté. Franco-Egyptienne d'Importation, S.A.E",ste franco egyptienne importation s e
C02697,1950,Sté. Franco-Egyptienne de Soieries,ste franco egyptienne soieries
C02698,1950,Sté. Gle. Pressage et Dépôts,ste gle pressage depots
C02699,1950,Sté. Gle. Travaux Publics Bâtiments et Industries Connexes (SOTRAC),ste gle travaux publics batiments industries connexes sotrac
C01916,1950,Sté. Gle. de Placement Financier et Industriel,ste generale placement financie industriel
C02700,1950,Sté. Générale Immobilière,ste generale immobiliere
C02637,1950,Sté. Générale Pressage et Dépôts,ste generale pressage depots
C02701,1950,Sté. Générale de,ste generale
C01916,1950,Sté. Générale de Placement Financier et Industriel,ste generale placement financie industriel
C02702,1950,Sté. Générale de Pressage,ste generale pressage
C02703,1950,Sté. Générale de Travaux,ste generale travaux
C01917,1950,"Sté. Immobilière d'Alexandrie, S.A.E",ste immobiliere alexandrie s f
C01917,1950,"Sté. Immobilière d'Alexandrie, S.A.F",ste immobiliere alexandrie s f
C02642,1950,Sté. Immobilière de Zamalek,ste immobiliere zamalek
C02704,1950,Sté. Indul' trielle et Commerciale de Matériaux de Constructions «AL NISR»,ste indul trielle commerciale materiaux constructions al nisr
C02705,1950,Sté. Industrie Fibres Textiles,ste industrie fibres textiles
C01919,1950,Sté. Industrielle du Moyen Orient,ste industrielle moyen orient
C01919,1950,Sté. Industrielle du Moyen-Orient,ste industrielle moyen orient
C02644,1950,Sté. Industrielle et Commerciale Laitière Mand ara,ste industrielle commerciale laitiere mandara
C02645,1950,Sté. Industrielle «Spahi» de Filés et Textile s,ste industrielle spahi files textiles
C02645,1950,Sté. Industrielle «Spahi» de Filés et Textiles,ste industrielle spahi files textiles
C01923,1950,Sté. Mi sr pour les Fourrages,ste misr fourrages
C02706,1950,Sté. Mi.sr pour la Rayonne,ste mi sr rayonne
C02707,1950,"Sté. Misr Filature et Tissage Fin en Coton Egyptien de Kafr el Dawar, de la Beida Dyers",ste misr filature tissage fin coton egyptien kafr el dawar beida dyers
C02650,1950,Sté. Misr Industrie Pharmaceutique,ste misr industrie pharmaceutique
C01920,1950,Sté. Misr Rayonne,ste misr rayonne
C02708,1950,Sté. Misr Transport et Navigation,ste misr transport navigation
C02648,1950,Sté. Misr d'Assurances,ste misr assurances
C01921,1950,Sté. Misr de Filature,ste misr filature
C02709,1950,Sté. Misr pour )e Tissage de la Soie,ste misr e tissage soie
C01921,1950,Sté. Misr pour la Filature et le,ste misr filature
C02104,1950,Sté. Misr pour la Filature et le Tissage S.A.E,ste misr filature tissage
C01920,1950,Sté. Misr pour la Rayonne,ste misr rayonne
C02710,1950,Sté. Misr pour le Théâtre et le Cinéma,ste misr theatre cinema
C01923,1950,Sté. Misr pour les Fourrages,ste misr fourrages
C02711,1950,Sté. Métallurgie Egyptienne,ste metallurgie egyptienne
C02653,1950,Sté. Nationale d'Energie Electrique,ste nationale energie electrique
C02654,1950,Sté. Nationale de Textile MEMPHIS,ste nationale textile memphis
C02654,1950,Sté. Nationale de Textile Memphis,ste nationale textile memphis
C02654,1950,Sté. Nationale de Textile «Memphis»,ste nationale textile memphis
C02712,1950,Sté. Nationale de Transport et Tourisme Karnak,ste nationale transport tourisme karnak
C01926,1950,Sté. Nationale du Papier,ste nationale papier
C01925,1950,Sté. Nationale d~s Matières Plastiques,ste nationale matieres plastiques
C01928,1950,Sté. Orientale Cinéma,ste orientale cinema
C02662,1950,Sté. Publications Egyptiennes,ste publications egyptiennes
C02658,1950,Sté. ROLNY,ste rolny
C02713,1950,Sté. SELAR,ste selar
C01930,1950,Sté. Texas Egyptienne des Pétroles,ste texas egyptienne petroles
C01932,1950,Sté. Usines Chourbagui,ste usines churbagui
C01933,1950,Sté. Viticole & Vinicole d'Egypte,ste viticole vinicole egypte
C01933,1950,"Sté. Viticole et Vinicole d'Egypte, S.A.E",ste viticole vinicole egypte
C02714,1950,Sté. d'Alexandrie pour le Commerce en Bois,ste alexandrie commerce bois
C02715,1950,Sté. d'Alimentation Générale,ste alimentation generale
C02716,1950,Sté. de Bienfaisance Arménienne-Catholique d'Alexandrie,ste bienfaisance armenienne catholique alexandrie
C02624,1950,Sté. de Conserves Alimentaires,ste eg conserves alimentaires
C02717,1950,Sté. de Crédit,ste credit
C01935,1950,Sté. des Autobus Charkieh et Dakahlieh,ste autobus charkieh dakahlieh
C02614,1950,Sté. des Autobus d'Alexandrie,ste autobus alexandrie
C01936,1950,Sté. des Autobus de la Basse Egypte,ste autobus basse egypte
C02718,1950,"Sté. des Autobus du Nord, S.A.E. et Egyptian Road Transport Co. S.A.E",ste autobus nord s e egyptian road transport co s e
C01939,1950,Sté. des Biens de Rapport d'Egypte,ste biens rapport egypte
C02663,1950,Sté. des Engrais Organiques,ste engrais organiques
C02719,1950,"Sté. des Engrais Organiques, S.A.E",ste engrais organiques s e
C02720,1950,Sté. des Industries du Bâtiment,ste industries batiment
C02720,1950,"Sté. des Industries du Bâtiment, S.A.E",ste industries batiment
C01942,1950,Sté. des Omnibus de Fayoum,ste omnibus fayoum
C01944,1950,Sté. des Produits Centrifugés en Ciment,ste produits centrifuges ciment
C02721,1950,Sté. des Salines de Port Said,ste salines port said
C02722,1950,Sté. en commandite par actions M.L. F'ranco and Co. (S. Pinto & Co. Suce.),ste commandite par actions m f ranco co s pinto co suce
C02723,1950,Sté. «Al Chams» S.A.E,ste al chams s e
C01892,1950,Sté. «Al Chark» pour la Filature et le Tissage,ste al chark filature tissage
C02724,1950,"Sté. «Cigarettes Nestor Gianaclis, S.A.E.»",ste cigarettes nestor gianaclis s e
C02725,1950,Sté. «L. Pathy & Co.». u,ste pathy co u
C02726,1950,Sté. «SEDEX» S.A.E,ste sedex s e
C02669,1950,Sté. «The Egyptian Insurance & Commercial Agency (EICA) «Tsekis & Co.»,ste egyptian insurance commercial agency eica tsekis fils
C02669,1950,Sté. «The Egyptian Insurance & Commercial Agency (EICA)» «Tsekis & Co.»,ste egyptian insurance commercial agency eica tsekis fils
C01932,1950,Sté. «Usines Chourbagui»,ste usines churbagui
C02723,1950,Sté«Al Chams» S.A.E,ste al chams s e
C01947,1950,Sucreries d'Egypte,sucreries egypte
C02727,1950,Sud an Soap F'actory Ltd,sud an soap f actory
C02728,1950,Sudan Import & Export Cy,sudan import export cy
C02728,1950,Sudan Import& Export Co,sudan import export cy
C01949,1950,Sun Life Insurance Co. of Canada,sun life insurance co canada
C01950,1950,Surveillance de Hamata Mining Co,surveillance hamatel mining co
C01951,1950,Surveillance de The Egyptian Delta Rice Mills Co. (N. Yamodis and Co.),surveillance tht egyptian delta rice mills co n yamodis co
C01951,1950,Surveillance de The Egyptian Delta Rice Mills Co. (N. Yiamodis and Co.),surveillance tht egyptian delta rice mills co n yamodis co
C01950,1950,Surveillance de la Hamata Mining Co,surveillance hamatel mining co
C01950,1950,Surveillance de la Hamata Mining Cy,surveillance hamatel mining co
C01953,1950,Surveillance de la M. L. Franco & Co. - S. Pinto & Co. Succrs,surveillance m franco co s pinto co suce
C01954,1950,Surveillance de la Manufacture Nationale de Couvertures et Lainages (A. Saltiel & Co.),surveillance manufacture nationale couvertures saltiel co
C02729,1950,Surveillance de la Société d'Assurances sur la vie «La,surveillance assurances sur vie
C01957,1950,Surveillance de la Sté. des Plâtres d'Albâtre,surveillance ste platres albatre
C02730,1950,Surveillance« Moharrem Press »,surveillance moharrem press
C00186,1950,Syndicat des Obligataires de la Société Générale des Sucreries,syndicat obligataires generale sucreries
C00186,1950,Syndicat des Obligataires dé la Société Générale des Sucreries,syndicat obligataires generale sucreries
C02731,1950,SÔciété Anonyme Egyptienne de Construction «EGYCO»,construction egyco
C02732,1950,Tarification du Tourisme Egyptien,tarification tourisme egyptien
C02733,1950,Technique Salonica Cigarettes Company,technique salonica cigarettes company
C01963,1950,Technique de The Dakahlieh Land Co,technique tht dakahlieh land co
C00622,1950,Technique de la Nitrate Corporation of Chile Ltd. (Egypt and Near East Branch),technique nitrate corporation chile egypt near east branch
C02734,1950,Technique de la Sté. Agricole et Fermière «Fermag»,technique ste agricole fermiere fermag
C02735,1950,"Technique et ACministrateur Su,?pléant de Kafr el Zayat Cotton Co",technique acministrateur su pleant kafr el zayat cotton co
C01964,1950,"Teinturerie Franco-Egyptienne, S.A.E",teinturerie franco egyptienne s k
C02736,1950,Textile Machinery Plat t Eros,textile machinery plat t eros
C02736,1950,Textile Machinery Platt Bros,textile machinery plat t eros
C02737,1950,Textile Machinery Platt Bros. (Orient),textile machinery platt bros orient
C01965,1950,"Textile de Choubrah, S.A.E",textile choubrah s e
C00503,1950,The,
C02738,1950,The .E gyptian Independent Oil Co. S.A.E,e gyptian independent oil co s e
C00629,1950,The Aboukir Co. Ltd,aboukir co
C01403,1950,The Aboukir Cy,aboukir cy
C00260,1950,The African Enterprise & Development Cy,african enterprise development co
C02739,1950,The African Enterprise& Development Cy et Egyptian Hotels Ltd,african enterprise development cy egyptian hotels
C01968,1950,The Albert Mussa Agency & Stevedoring Co,albert moussa agency stevedoring co s e
C01968,1950,The Albert Mussa Agency & Stevedoring Co. S.A.E,albert moussa agency stevedoring co s e
C01415,1950,The Alexandria & Khartoum Trading Corp,alexandria khartoum trading corp
C01970,1950,The Alexandria & Khartoum Trading Corporation,alexandria khartoum trading corporation
C02740,1950,"The Alexandria & Ramleh Buildings Co., Secrétaire de Sociétés Industrielles",alexandria ramleh buildings co secretaire societes industrielles
C02741,1950,"The Alexandria Cotton Trading Co., de la Land Bank of Egypt",alexandria cotton trading co land bank egypt
C02742,1950,The Alexandria Dehydration & Commercial Cy (S.A.E. en formation) Sté Eg. Minoterie et Silos,alexandria dehydration commercial cy s e formation ste eg minoterie silos
C01973,1950,The Alexandria Engineering Works,alexandria engineering works ex
C00264,1950,The Alexandria Exchange Co. Ltd,alexandria exchange co
C00010,1950,The Alexandria Insurance Co,alexandria insurance co
C00010,1950,"The Alexandria Insurance Co., S.A.E",alexandria insurance co
C00010,1950,The Alexandria Insurance Cy,alexandria insurance co
C01418,1950,The Alexandria Life Insurance Co,alexandria life insurance co s e
C01974,1950,The Alexandria Manufacturing Co. Ltd,alexandria ma nufacturing co
C00011,1950,The Alexandria Navigation Co,alexandria navigation cy s e
C00266,1950,The Alexandria Pressing Co. S.A.E,alexandria pressing co s e
C00894,1950,"The Alexandria Racing Club, S. A. E",alexandria racing clulj s e
C02743,1950,"The Alexandria Racing Club, S.A. Wadi Kom Ombo",alexandria racing club s wadi kom ombo
C00894,1950,"The Alexandria Racing Club, S.A.E",alexandria racing clulj s e
C01423,1950,The Alexandria Spinning & Weaving Co,alexandria spinning weaving cy
C02744,1950,The Alexandria Transport & Industrial Cy,alexandria transport industrial cy
C00015,1950,The Alexandria Water Co,alexandria water cy
C00015,1950,The Alexandria Water Co. Ltd,alexandria water cy
C02745,1950,"The Amalgamated lee Fac- tories and Cold Stores, S.A.E. et Simon Arzt Stores",amalgamated lee fac tories cold stores s e simon arzt stores
C01979,1950,The Amalgamated lee Factories &,amalgamated lee factories
C02746,1950,The Amalgamated lee Factories & Cold,amalgamated lee factories cold
C00637,1950,The Amalgamated lee Factories & Cold Stores,amalgamated lee factories cold stores
C00637,1950,"The Amalgamated lee Factories & Cold Stores, S.A.E",amalgamated lee factories cold stores
C02747,1950,The Angelil Trading Co,angelil trading co
C01981,1950,The Anglo-American Nile Co,anglo american nile co
C00276,1950,The Anglo-Belgian Co,anglo belgian co
C00019,1950,The Anglo-Belgian Co. of Egypt Ltd,anglo belgian co egypt
C00022,1950,The Anglo-Egyptian Land Allotment Co,anglo egyptian land allotment
C01429,1950,The Anglo-Egyptian Mining Co,anglo egyptian mining
C02213,1950,The Anglo-Egyptian OH- fields,anglo egyptian oh fields
C00195,1950,The Associated Cotton Ginners,associated cotton ginners
C00023,1950,The Associated Cotton Ginners of Egypt Ltd,associated cotton gin ners egypt
C02748,1950,"The Bassili Pacha Timber Cy., de la Sté Orientale Cinéma",bassili pacha timber cy ste orientale cinema
C01982,1950,The Bottled Gas. Co,bottled gas co
C02749,1950,The Cairo Agricultural Co. S.A.E,cairo agricultural co s e
C02750,1950,The Cairo Electric Railw ays and Helio polis Oases Co,cairo electric railw ays helio polis oases co
C00198,1950,The Cairo Electric Railways & Heliopolis Oases Co,cairo electric rallways heliopolis oases cy
C00198,1950,The Cairo Electric Railways and Heliopolis Oases Co,cairo electric rallways heliopolis oases cy
C00198,1950,"The Cairo Electric Railways and Heliopolis Oases Co., S.A",cairo electric rallways heliopolis oases cy
C00036,1950,The Cairo Sand Bricks Co,cairo sand bricks co
C00037,1950,The Cairo Suburban Building Land Co,cairo suburban buildings lands co
C00649,1950,The Choremi Benachi Cotton Co,choremi benachi cotton co
C02751,1950,The Consolidated Landed In- terests (Egypt),consolidated landed in terests egypt
C02752,1950,"The Cotton Spinning, Weaving & Dyeing«Karnak»",cotton spinning weaving dyeing karnak
C01531,1950,The Eastern Electric Cy,eastern electric cy
C01532,1950,The Edrei & Co. Ltd,edrei co
C02753,1950,The Egyp- tian Finance Cy,egyp tian finance cy
C01536,1950,"The Egyptian Aerated Water Company, Ltd",egyptian ae1 ated water co
C00208,1950,The Egyptian Bonded Warehouses,egyptian bonded warehouses cy
C02754,1950,The Egyptian Construction& Engineering Cy,egyptian construction engineering cy
C00660,1950,The Egyptian Copper Works,egyptian copper works
C00659,1950,The Egyptian Copper Works S.A.E,egyptian coppcr vorks s e
C00659,1950,"The Egyptian Copper Works, S.A.E",egyptian coppcr vorks s e
C01544,1950,The Egyptian Engineering & Marine Cy,egyptian engineering marine cy
C01995,1950,"The Egyptian Engineering Stores ( Formerly Steinemann Mabardi & Co.), S.A.E",egyptian engineering stores formerly steinemann mabardi co s e
C01545,1950,"The Egyptian Engineering Stores, ~.A.E",egyptian engineering stores s e
C00210,1950,The Egyptian Enterprise & Development Cy,egyptian enterprise development co
C00210,1950,The Egyptian Enterprise and Development Co,egyptian enterprise development co
C00344,1950,The Egyptian General Omnibus Co,egyptian general omnibus cy
C00344,1950,The Egyptian General Omnibus Co. S.A.E,egyptian general omnibus cy
C00345,1950,The Egyptian Independent Oil Co. S.A.E,egyptian independent oil cy
C00345,1950,"The Egyptian Independent Oil Co., S.A.E",egyptian independent oil cy
C00345,1950,The Egyptian Independent Oïl Co. S.A.E,egyptian independent oil cy
C00667,1950,The Egyptian Land & Building Co,egyptian land building
C00667,1950,The Egyptian Land & Buildings Co,egyptian land building
C02755,1950,"The Egyptian Land and Buildings Co., S.A.E. et Sté. Biens de Rapport d'Egypte",egyptian land buildings co s e ste biens rapport egypte
C01550,1950,The Egyptian Mining and Prospecting Co,egyptian mining prospecting co s e
C01996,1950,The Egyptian Neon Lights Co. S.A.E,egyptian neon lights co s e
C00669,1950,The Egyptian Petroleum Storage,egyptian petroleum storage co
C01997,1950,The Egyptian Petroleum Storage Co. et The Albert Mussa Agency & Stevedoring Co. S.A.E,egyptian petroleum c9 albert mussa agency stevedoring co s e
C01998,1950,"The Egyptian Rice Mills, S.A.E",egyptian rice mills s e
C02756,1950,The Egyptian Star Navig~tion Co,egyptian star navig tion co
C02757,1950,The Egyptian Stevedoring & Shipping Go. S.A.E,egyptian stevedoring shipping go s e
C02758,1950,The Egypttian Aerated Water Co. Ltd. et Menzaleh Canal & Navigation Cy,egypttian aerated water co menzaleh canal navigation cy
C00213,1950,The Electric Light & Power Supply Co,electric light power supply
C00213,1950,The Electric Light & Power Supply Cy,electric light power supply
C00074,1950,The Electricity & lee Supply Co,electricity lee supply co
C02759,1950,The Engineering Co. of,engineering co
C00678,1950,The Fayoum Light Railways Co,fayoum light railways co
C02005,1950,The Gabbari Land Company,gabbari land company
C02760,1950,The Gabbary Petroleum Co,gabbary petroleum co
C00215,1950,The General Accident Fire & Life Assurance Corporation Ltd,general accident fire life assurance corporation
C01600,1950,The General Navigation Co. of Egypt,general navigation co egypt
C00362,1950,The Gharbieh Ginning Co,gharbieh ginning co
C00362,1950,The Gharbieh Ginning Co. (S.A.),gharbieh ginning co
C00081,1950,The Gharbieh Land Co,gharbieh land co
C02761,1950,"The Hinshel- wood Paint & Oil Co. of Egypt, S.A.E",hinshel wood paint oil co egypt s e
C02761,1950,The Hinshel- wood Paint & Oil Co. of Egypt. S.A.E,hinshel wood paint oil co egypt s e
C02761,1950,"The Hinshel- wo~d Paint & Oil Co. of Egypt, S.A.E",hinshel wood paint oil co egypt s e
C00685,1950,"The Hinshelwood Paint and Oil Co. of Egypt, S.A.E",hinshelwood paint oil co egypt s e
C02762,1950,"The Hinshelwood ~aint & Oil Co. of Egypt, S.A.E",hinshelwood aint oil co egypt s e
C02416,1950,The Imperial Chemical Industries,imperial chemical industries
C01189,1950,The Imperial Chemical Industries (Egypt) Ltd,imperial chemical industries egypt s
C02423,1950,"The Industrial & Mechanical Supplies Co., S.A.E",industrial mechanical supplies co
C01155,1950,The Kafr El Zayat Cotton Co,kafr el zayat cotton co
C01639,1950,"The Khedivial Mail Line, S.A.E",khedivial mail line s e
C00091,1950,The Land Bank of Egypt,land bank egypt
C02763,1950,The Manu re Co. of Egypt (S.A.),manu re co egypt s
C00686,1950,"The Manure Co. of Egypt, S.A",manure co egypt
C02764,1950,The Marconi Radio Tele- graph Co. of Egypt,marconi radio tele graph co egypt
C01655,1950,The Mediterranean Co. for General Trade (Egypt) Ltd,mediterranean co general tracte egypt s
C01655,1950,The Mediterranean Co. for General Trade (Egypt) S.A,mediterranean co general tracte egypt s
C02014,1950,The Mercantile Shipping & Coaling Co. Bianchi & Co. (Malta) Ltd,mercantile shipping coaling co bianchi co malta
C02765,1950,"The Mercantile, Shipping and Coaling Co., Bianchi & Co., (Egypt) Ltd",mercantile shipping coaling co bianchi co egypt
C02766,1950,The Merchants & Manufacturers Insurance Co. Ltd. London,merchants manufacturers insurance co london
C02767,1950,The Misr Concrete Development Co. et Sté. Misr Produits Pharmaceutiques S.A.E,misr concrete development co ste misr produits pharmaceutiques s e
C02015,1950,The Misr Shipping Co. S.A.E,misr shipping co s e
C01663,1950,The Misr Shipping S.A.E,misr shipping s e
C02768,1950,The N ear East Produce Trading Cy,n ear east produce trading cy
C01671,1950,The National Cotton Cy,national cotton gy
C00417,1950,The National Ginning Co. of Egypt. S.A.E,national ginning co egypt s e
C02769,1950,"The Na· tional Contracting Company of Egypt, S.A.E",na tional contracting company egypt s e
C02018,1950,The Near East Cleaning Co. Ltd,near east cleaning co
C02018,1950,The Near East Cleaning Cy Ltd,near east cleaning co
C02770,1950,The Near East Pharmaceu- tical & Commercial Co. et Sté Eg. Financière pour le Commerce,near east pharmaceu tical commercial co ste eg financiere commerce
C00103,1950,The New Egyptian Co,new egyptian co
C02019,1950,The New National Trading,new national trading
C02771,1950,"The Nile Ginning Co. S.A.E. Wittert Van Hoogland Jonkheer O.A.E.E.L., Chevalier de l)Ordre Sou-",nile ginning co s e wittert van hoogland jonkheer o e e chevalier ordre sou
C02772,1950,"The Nile Ginning Company, S.A.E",nile ginning company s e
C01694,1950,The Nile Textile Cy. S.A.E,nile textile co s e
C01696,1950,The North East Africa Trading Cy,north east africa trading co
C02773,1950,The North East Africa Trading Cy S.A.E. et National Starch Cy,north east africa trading cy s e national starch cy
C01696,1950,The North East Africa Trading Cy. S.A.E,north east africa trading co
C02773,1950,The North East Africa Trading Cy. S.A.E. et National Starch Cy,north east africa trading cy s e national starch cy
C01701,1950,The Oriental Bond Stores,oriental bond stores
C02023,1950,The Pyramids Gardens,pyramids gardens
C00695,1950,The Sheffield Smelting Co. (Egypt) S.A,sheffield smelting co egypt s e
C00695,1950,"The Sheffield Smelting Co. (Egypt), S.A",sheffield smelting co egypt s e
C02026,1950,"The Simon Arzt Stores, S.A.E",simon arzt stores s e
C02027,1950,The Sinaï Mining Co. Ltd,sinai mining co
C00611,1950,The Standard Oil Co. of Egypt,standard oil co egypt s
C02774,1950,"The Standard Oil Company of Egypt S.A., Carrier-Egypt S.A.E",standard oil company egypt s carrier egypt s e
C02775,1950,The St~ndard Oil Co. of Egypt S.A,st ndard oil co egypt s
C02776,1950,The Sud an Oil Mills Ltd,sud an oil mills
C02777,1950,The Sudan Soap Factory Ltd,sudan soap factory
C01177,1950,The Tractor and Engineering Co,tractor engineering co
C02778,1950,"The Tractor& Engineering Company, S.A.E",tractor engineering company s e
C02779,1950,The Union Cotton Company of Alexandria,union cotton company alexandria
C02030,1950,The Union Cotton Cy of Alexandria,union cotton cy alexandria
C02030,1950,The Union Cotton Cy. of Alexandria,union cotton cy alexandria
C01167,1950,The United Bus Co,united bus co
C00222,1950,The United Egyptian Nile Transport Co,united egyptian nile transport co
C02034,1950,"The United Storage Navigati,on & Commercial Cy",united storage navigation com mercial cy
C02036,1950,The Upper Bus Co,upper bus co
C02037,1950,The Upper Bus Co. S.A.E,upper bus co s e
C02780,1950,The Upper Egypt Bus Co,upper egypt bus co
C02039,1950,The Upper Egypt Bus Co. S.A.E,upper egypt bus co s e
C02039,1950,"The Upper Egypt Bus Co., S.A.E",upper egypt bus co s e
C02039,1950,"The Upper Egypt Bus, S.A.E",upper egypt bus co s e
C00703,1950,The Upper Egypt Ginning Co,upper egypt ginning co s e
C00703,1950,The Upper Egypt Ginning Co~ S.A.E,upper egypt ginning co s e
C00224,1950,The Upper Egypt Hotels,upper egypt hotels
C00224,1950,The Upper Egypt Hotels Co,upper egypt hotels
C00224,1950,The Upper Egypt Hotels Co. Ltd,upper egypt hotels
C00712,1950,Tilbury Contracting & Dredging Co. (Foreign) Ltd,tilbury contracting dredging co foreign ucl
C02781,1950,Tissage,tissage
C02044,1950,Tissage Fin en Coton Egyptien (Usines Kafr El Dawar),tissage fin coton egyptien usines kafr el dawar
C02044,1950,Tissage Fin en coton égyptien (usine Kafr El Dawar),tissage fin coton egyptien usines kafr el dawar
C02046,1950,Tissage S.A.E,tissage s e
C02046,1950,"Tissage, S.A.E",tissage s e
C02782,1950,"Tissage, S.A.E. (Méhalla el Kobra)",tissage s e mehalla el kobra
C00724,1950,"Toukhy's Co. for Sundries & Toys, S.A.E",toukhy s co sundries toys s e
C01177,1950,Tractor & Engineer- ing Cy,tractor engineering co
C01177,1950,Tractor & Engineering Co,tractor engineering co
C00698,1950,"Tractor & Engineering Cy., S.A.E",tractor engineering co s e
C00698,1950,"Tractor and Engineering Co., S.A.E",tractor engineering co s e
C00729,1950,Trading & Industrial Corp. S.A.E,trading industrial corp s e
C02783,1950,Trading Corp. of Egypt,trading corp egypt
C02050,1950,Trading Corporation of Egypt,trading corporation egypt
C00729,1950,Trading Industrial Corp. S.A.E,trading industrial corp s e
C02051,1950,Transport & Engineering,transport engineering
C02051,1950,Transport & Engineering Co,transport engineering
C02051,1950,Transport & Engineering Cy,transport engineering
C02051,1950,Transport and Engineering Cy,transport engineering
C02784,1950,"Tuyaux, Poteaux. 'Miel i, Marcello, Ad m. Salonica Cigarettes Cy",tuyaux poteaux miel i marcello ad m salonica cigarettes cy
C02785,1950,Union Cotton Co. of Alexandria et Banque Mosseri,union cotton co alexandria banque mosseri
C00230,1950,Union Foncière d'Egypte,union fonciere egypte
C02786,1950,Union Vie de Paris,union vie paris
C00734,1950,Union des Agriculteurs d'Egypte,union agriculteurs egypte
C02787,1950,Union des Commerçants en Textiles,union commercants textiles
C02788,1950,Union des Hôteliers d'Egypte,union hoteliers egypte
C00230,1950,Union foncière d'Egypte,union fonciere egypte
C02789,1950,Unit as Trading & Financial Co,unit as trading financial co
C01180,1950,Unitas Trading & Financial Co,unitas trading financial co s e
C01180,1950,Unitas Trading & Financial Co. S.A.E,unitas trading financial co s e
C01167,1950,United Bus Co,united bus co
C02790,1950,United Cold Storage,united cold storage
C00222,1950,United Egyptian Nile Transport,united egyptian nile transport co
C00222,1950,United Egyptian Nile Transport Co,united egyptian nile transport co
C00232,1950,United Egyptian Salt,united egyptian salt
C00232,1950,United Egyptian Salt Ltd,united egyptian salt
C02054,1950,United Enterprises,united enterprises
C02791,1950,United Nile Engineering Co. S.A.E,united nile engineering co s e
C02034,1950,United Storage Navigation & Commercial Co,united storage navigation com mercial cy
C02034,1950,United Storage Navigation & Commercial Cy,united storage navigation com mercial cy
C02034,1950,United Storage Navigation& Commercial Cy,united storage navigation com mercial cy
C02792,1950,Universal Modern Office Equipment Co. (L. Soussi & Co.),universal modern office equipment co soussi co
C02793,1950,Universal Motor Company,universal motor company
C00703,1950,Upper Egypt Ginning,upper egypt ginning co s e
C00703,1950,Upper Egypt Ginning Co,upper egypt ginning co s e
C02794,1950,Upper Egypt Ginning et Gharbieh Ginning Co,upper egypt ginning gharbieh ginning co
C00224,1950,Upper Egypt Hotels,upper egypt hotels
C00224,1950,Upper Egypt Hotels Co,upper egypt hotels
C00703,1950,Upper Egypt Mining Co,upper egypt ginning co s e
C00703,1950,"Upper Egypt Mining Co., S.A.E",upper egypt ginning co s e
C00703,1950,Upper Egypt Mining Cy,upper egypt ginning co s e
C02795,1950,"Upper Egypt Mining Cy., et Cairo Land & Financial Co",upper egypt mining cy cairo land financial co
C02796,1950,"Usines El Chorbagui, S.A.E",usines el chorbagui s e
C02797,1950,Usines Le- bon et Cie. en Egypte. ·,usines bon cie egypte
C02058,1950,Usines Réunies d'Egrenage,usines reunies egrenage
C00740,1950,Usines Textiles Al Kahira,usines textiles al kahira
C00740,1950,Usines Textiles Al-Kahira,usines textiles al kahira
C00740,1950,Usines Textiles «Al Kahira»,usines textiles al kahira
C00740,1950,Usines Textiles «Al Kahira» S.A.E,usines textiles al kahira
C00740,1950,"Usines Textiles «Al-Kahira», S.A.E",usines textiles al kahira
C00740,1950,"Usines Textiles«Al-Kahira», S.A.E",usines textiles al kahira
C02798,1950,Usines el Chourbagui,usines el chourbagui
C02799,1950,V. Toriel & Co. et V. E. Toriel. (lm.-Exp.),v toriel co v e toriel lm exp
C02800,1950,WATTCOE,wattcoe
C02801,1950,Warehouses of Egy.pt,warehouses egy pt
C02801,1950,Warehouses of Egypt,warehouses egy pt
C02800,1950,Wattcoe,wattcoe
C02064,1950,Zagazig Cotton & Oil Cy,zagazig cotton oil cy
C02802,1950,Zeitoun Canning & Fc,zeitoun canning fc
C02065,1950,Zeitoun Canning & Food Cy,zeitoun canning food cy
C02802,1950,Zeitoun Canning Co,zeitoun canning fc
C02803,1950,"au Ministère des Finances, Ancien Alternate Governor for International Bank for Reconstruction and Development",ministere finances ancien alternate governor international bank reconstruction development
C02804,1950,autres Sociétés. r,autres societes r
C02805,1950,dans la Sté. d'Entreprises Ahmed Abboud & Co,dans ste entreprises ahmed abboud co
C02806,1950,dela Société Egyptienne de,dela
C02077,1950,diverses Sociétés,diverses societes
C02807,1950,du· Conseil d'Administration de la S.A. des,conseil administration s
C02808,1950,e d'Honneur de la Crown Brewery,e honneur crown brewery
C02078,1950,en Egypte de la Sinaï Mining Co. Ltd,egypte sinai mining co
C02080,1950,en nom de Barda Cotton Cy,nom barda cotton gy
C02080,1950,en nom de la Barda Cotton Cy,nom barda cotton gy
C02809,1950,en nom de la Maison Greens Commercial Agen ci es ( J. Green & Co.),nom maison greens commercial agen ci es j green co
C02810,1950,"et A dm. Dél. Sté Orientale du Cinéma, S.A.E",dm del ste orientale cinema s e
C02811,1950,et Secrétaire Sinai Mining Co,secretaire sinai mining co
C02082,1950,et Secrétaire de la Sté Edrei& Co. Ltd,secretaire ste edrei co lt
C02812,1950,et Secrétaire du Conseil d'Administration de la Near East Cotton Export Co,secretaire conseil administration near east cotton export co
C02813,1950,et Trésorier de l'Union des Coopératives de la Ville du Caire,tresorier union cooperatives ville caire
C02814,1950,fOffice des Territoires Occupés ou Contrôlés)· Grand Officier de la Couronne de Belgique,foffice territoires occupes ou controles grand officier couronne belgique
C02083,1950,honneur de l'Union Arabe du Caire,honneur union arabe caire
C02815,1950,i on de la Société Générale de Pressage et Dépôts,i on generale pressage depots
C00467,1950,la S.A. des Tramways du. Caire,s tramways caire
C02816,1950,lateur de la Société Egyptienne d'Entreprises Urbaines et Rurales,lateur entreprises urbaines rurales
C02817,1950,l} Hôpital Fouad 1er,hopital fouad 1er
C02818,1950,nombreu ses Sociétés belges et étrangères,nombreu ses societes belges etrangeres
C02819,1950,pour Alexandrie de la Commercial Insurance Cy. of Egypt,alexandrie commercial insurance cy egypt
C02820,1950,"rUnion Alexandrine, Grand Officier de la Couronne d'Italie, Chevalier Saints Maurice et Lazare",runion alexandrine grand officier couronne italie chevalier saints maurice lazare
C02821,1950,solidairement responsable de la <<Société Générale Egyptienne pour le Commerce,solidairement responsable generale egyptienne commerce
C01950,1950,surveillance de la «HAMATA MINING» Company,surveillance hamatel mining co
C02822,1950,surveillance du Coca-Cola (Alex.),surveillance coca cola alex
C00667,1950,the Egyptian Land & Buildings Co,egyptian land building
C02823,1950,« EFTRO »,eftro
C02123,1950,« Koldair »,koldair
C02124,1950,"« Le Scribe Egyptien », S.A.E",scribe egyptien s e
C02824,1950,« Société d'Industriels Hollandais »,industriels hollandais
C02800,1950,« Wattcoe »,wattcoe
C02825,1950,«.Koldair» Refrigeration & Air Conditioning Co. of Egypt,koldair refrigeration air conditioning co egypt
C02826,1950,«AIRMEC» et Commercial & Engineering Cy. of Egypt and Middle East Co,airmec commercial engineering cy egypt middle east co
C01399,1950,«AKFAC»,akfac
C02826,1950,«Airmec» et Commercial & Engineering Co. of Egypt & Middl~ East,airmec commercial engineering cy egypt middle east co
C02827,1950,"«Al Chark» (L'Orient), Cie. d'Assurances sur la Vie S.A.E",al chark orient cie assurances sur vie s e
C01373,1950,«Al Chark» Sté. Entreprises Générales,al chark ste entreprises generales
C01373,1950,«Al Chark» Sté. d'Entreprises Générales,al chark ste entreprises generales
C01373,1950,"«Al Chark», Sté d'Entreprises Générales",al chark ste entreprises generales
C01373,1950,"«Al Chark», Sté. d'Entreprises Générales",al chark ste entreprises generales
C02828,1950,«Al Mansur Construction Co. Ltd. Bagdad»,al mansur construction co bagdad
C02110,1950,«Al-Chark»,al chark
C02093,1950,"«Almina», S.A.E",almina s e
C02093,1950,"«Almina», S.A.E.»",almina s e
C02829,1950,«Chaussures,chaussures
C00517,1950,«Commerciale»,commerciale
C02116,1950,«Commerciale» Cie. Nationale pour le Commerce,commerciale cie nationale commerce
C00056,1950,«Crown Brewery» S.A.B,crown brewery
C02830,1950,"«Delta» Stà Agricola Edile Egiziana, S.A.E",delta sta agricola edile egiziana s e
C02823,1950,«EFTRO»,eftro
C01532,1950,"«Edrei & Co., Ltd. »",edrei co
C02831,1950,«Etablissements In- dustriels pour la Soie et le Coton»,etablissements in dustriels soie coton
C01570,1950,«Etablissements Industriels pour la Soie et le Coton»,etablissements industrip ls soie coton
C02832,1950,"«Fermag», Sté d'Alimentation Générale",fermag ste alimentation generale
C02119,1950,«Fluviale» S.A.E,fluviale s e
C02120,1950,«Food Products» S.A.E,food products s e
C02400,1950,«Gerco»,gerco
C00370,1950,«Grands,grands
C00389,1950,«Josy,josy
C02121,1950,"«Karnak» Cotton Spinning, Weaving& Dyeing Cy",karnak cotton spinning weaving dyeing cy
C02833,1950,"«Karnak», Cotton",karnak cotton
C02123,1950,«Koldair»,koldair
C02834,1950,«L'Informateur des Actions»,informateur actions
C01514,1950,«La Cotonnière»,cotonniere
C02170,1950,«La Fluviale»,fluviale
C02124,1950,"«Le Scribe Egyptien », S.A.E",scribe egyptien s e
C02124,1950,"«Le Scribe Egyptien», S.A.E",scribe egyptien s e
C02464,1950,«Moharrem Press»,moharrem press
C02125,1950,«Nemco»,nemco
C02491,1950,«Nestor Gianaclis (Agricultural & Commercial) Limited,nestor gianaclis agricultural commercial cy
C02835,1950,«SE DEX» S.A.E,se dex s e
C02836,1950,«SEDEC»,sedec
C02837,1950,«SEDEX» S.A.E,sedex s e
C01369,1950,«Sibur»,sibur
C02838,1950,«Sibur» et Clothing & Equipment Co,sibur clothing equipment co
C02839,1950,«Sté. Borsali pour le Commerce,ste borsali commerce
C01371,1950,«Zama.»,zama
C01371,1950,«Zama»,zama
C01840,1950,·Société Misr pour le Lin,misr lin
C00198,1950,à la Cairo Electric Rys & Heliopolis Oases Co,cairo electric rallways heliopolis oases cy
C00078,1950,à la Fédération Egyptienne des Industries,federation industries egypte
