year,level,node_id,label,degree,weighted_degree,betweenness,eigenvector,closeness
1932,company,C00023,Banque du Crédit Agricole d'Egypte,5.0,5.0,0.01381732250911414,0.0,0.2451716874349669
1932,company,C00184,The United Egyptian Nile Transport Co,0.0,0.0,0.0,0.0,0.0
1932,company,C00084,Land Bank of Egypt,4.0,6.0,0.0051944350484208444,0.0,0.2440444612858406
1932,company,C00092,National Insurance Co,12.0,14.0,0.047039800734931574,0.0,0.2869171369171369
1932,company,C00005,"The Alexa11- dria & Ramleh Raih,·ay Co. Ltd",13.0,18.0,0.02488052169537809,0.0,0.30073467608878374
1932,company,C00009,Alexandria Water Company,16.0,21.0,0.10004687655331213,0.0,0.31879681879681876
1932,company,C00062,Eastern Export Cy,7.0,9.0,0.007063661822025005,0.0,0.21798632578920052
1932,company,C00147,Société Générale de Pressage el de Dépôts,6.0,6.0,0.016023059435724116,0.0,0.2451716874349669
1932,company,C00113,Société Anonyme des Immeubles de l'Est,6.0,8.0,0.0,0.0,0.2045459357598086
1932,company,C00114,S.A. du Béhéra,10.0,10.0,0.036297212609367316,0.0,0.2474576705345936
1932,company,C00029,Building Lands of Egypt,9.0,9.0,0.02477080930119604,0.0,0.20573515631655165
1932,company,C00076,The Gharbieh Land Co,8.0,8.0,0.023877219657682292,0.0,0.23538656465485733
1932,company,C00083,Koubbeh Gardens,6.0,6.0,0.0,0.0,0.2045459357598086
1932,company,C00120,Société Anonyme Agricole et Industrielle d'Egyptc,6.0,6.0,0.0,0.0,0.2045459357598086
1932,company,C00048,Société Anonyme des Eaux du Caire,16.0,19.0,0.044303235676710254,0.0,0.2998851431054821
1932,company,C00187,Tramways d'Alexandrie et Présiclen t de la Société Franco-Egyptienne d'Importation 1(S. A. E.),0.0,0.0,0.0,0.0,0.0
1932,company,C00001,Alexandria Insurance Co,27.0,28.0,0.11782571434156043,0.0,0.3216949716949717
1932,company,C00035,Société Anonyme du Chemin de Fer Ken eh-Assouan,4.0,4.0,0.011378202811631264,0.0,0.19917324701564854
1932,company,C00112,Société Egyptienne d'Entreprises Urbaines et Rurales,6.0,6.0,0.01763573996741382,0.0,0.2434847262828914
1932,company,C00188,Tramways d'Alexandrie. Aghion Max,1.0,1.0,0.0,0.0,0.005494505494505495
1932,company,C00143,Société Franco-Egyptienne d'Importation,1.0,1.0,0.0,0.0,0.005494505494505495
1932,company,C00202,"- lion de la Banque Misr, S.A.E",1.0,1.0,0.0,0.0,0.17932321057321055
1932,company,C00141,Société Foncière d'Egypte,10.0,10.0,0.019038092369250168,0.0,0.23383114682674153
1932,company,C00155,Société des Automobiles,11.0,12.0,0.021989769394298586,0.0,0.27790403313963524
1932,company,C00096,Omnibus du Caire,11.0,12.0,0.021989769394298586,0.0,0.27790403313963524
1932,company,C00186,"Tilbury Contracting & Dredging Co (Egypt), Ltd",5.0,5.0,0.0,0.0,0.2085645199594119
1932,company,C00038,Clothing & Equipment Co,5.0,5.0,0.0,0.0,0.2085645199594119
1932,company,C00093,National Petroleum Cy,8.0,8.0,0.01550137980530794,0.0,0.2127441696579973
1932,company,C00137,Société Egyptienne de Pétrole (S.E. P.),5.0,5.0,0.0,0.0,0.2085645199594119
1932,company,C00115,"S.A. de Nettoyage et Pressage de Coton, S.A.E",2.0,2.0,0.0,0.0,0.18889562394900472
1932,company,C00061,Députés,1.0,1.0,0.0,0.0,0.18591828486749676
1932,company,C00177,The Egyptian Produce Trading Cy. S. A. E,9.0,9.0,0.005069873100047344,0.0,0.27790403313963524
1932,company,C00008,Alexandria Pressing Co,4.0,4.0,0.0,0.0,0.2307811753463927
1932,company,C00075,Gabbari Land Co,8.0,8.0,0.016635298403254204,0.0,0.24978668390433098
1932,company,C00190,Union Foncière d'Egypte,0.0,0.0,0.0,0.0,0.0
1932,company,C00176,Egyptian Hotels,5.0,5.0,0.0,0.0,0.20494081208366924
1932,company,C00077,S. A. Les Grands Hôtelscl'Egyptc,6.0,7.0,0.003219559533687396,0.0,0.20815556992027576
1932,company,C00097,Palestine Hotels Co. Ltd,5.0,5.0,0.0,0.0,0.20494081208366924
1932,company,C00178,The Electric Light & Power Supply Cy,9.0,9.0,0.05191343626927377,0.0,0.27360654809108415
1932,company,C00185,The Upper Egypt Hotels,6.0,7.0,0.003219559533687396,0.0,0.20815556992027576
1932,company,C00106,Société Egyptienne de Ciment Portland Tourah,5.0,5.0,0.0,0.0,0.20494081208366924
1932,company,C00149,"Société Immobilière elu Domaine de Siouf. Baron Louis de Benoist d'Erquennes, Agent Supérieur de la Compagnf<> Universelle du Canal Maritime de Suez",0.0,0.0,0.0,0.0,0.0
1932,company,C00094,New Egyptian Co,12.0,14.0,0.02015073792743636,0.0,0.31595041862899004
1932,company,C00130,Société Belge-Egyptienne de l'Ezbékieh,8.0,9.0,0.016635298403254204,0.0,0.27360654809108415
1932,company,C00072,Filature Nationale d'Egypte,19.0,22.0,0.04449225459941264,0.0,0.311317714543521
1932,company,C00091,National Bank of Egypt,12.0,13.0,0.02015073792743636,0.0,0.31595041862899004
1932,company,C00026,Société Egyptienne de la Bourse Commerciale de Minet El Bassal,24.0,26.0,0.08390874296784688,0.0,0.3226727679615217
1932,company,C00089,"National Bank of Egypl, The Agr.icultural Bank of Egypt el elu Crédil Foncier Egyptien",0.0,0.0,0.0,0.0,0.0
1932,company,C00196,The Sinaï Mining Co. Ltd,0.0,0.0,0.0,0.0,0.0
1932,company,C00004,"« Al-Chark » (L'Orient), Société Anonyme Egyptienne cl' Assurances sur la Vie",3.0,3.0,0.00018213830368526501,0.0,0.017582417582417586
1932,company,C00055,Crédit Agricole d'Egypte,6.0,6.0,0.0,0.0,0.2486167228555987
1932,company,C00105,S.A. Agricole et Industrielle d'Egypte,0.0,0.0,0.0,0.0,0.0
1932,company,C00145,Société Générale d'Electricité,1.0,4.0,0.0,0.0,0.005494505494505495
1932,company,C00088,Mécanique,1.0,4.0,0.0,0.0,0.005494505494505495
1932,company,C00052,Crown Brewery,0.0,0.0,0.0,0.0,0.0
1932,company,C00033,Car ver Br os & Co Ltd,3.0,3.0,0.0,0.0,0.20494081208366924
1932,company,C00027,lu Bomse de Minet El Bassal,3.0,3.0,0.0,0.0,0.20494081208366924
1932,company,C00015,The Associated Cotton Ginners,6.0,6.0,0.01092294971537276,0.0,0.25156241862403
1932,company,C00069,Egyptian Salt & Soda,14.0,14.0,0.029539480107144495,0.0,0.28614377536210417
1932,company,C00201,suivantes Sociétés,1.0,1.0,0.0,0.0,0.15821064181719918
1932,company,C00082,The Kafr El Zayat Cotton Co,0.0,0.0,0.0,0.0,0.0
1932,company,C00109,Société Anonyme de Wadi Kom Ombo,16.0,17.0,0.010391259116290989,0.0,0.27360654809108415
1932,company,C00047,Compagnie Frigorifique d'Egypte,18.0,21.0,0.034051108723259775,0.0,0.2957084698031773
1932,company,C00158,Société Anonyme des Halles Centrales d'Egypte,5.0,5.0,0.0,0.0,0.21709476617452075
1932,company,C00053,Crown Egypt Co,5.0,5.0,0.0,0.0,0.21709476617452075
1932,company,C00146,Société Générale d'Irrigation,5.0,5.0,0.0,0.0,0.21709476617452075
1932,company,C00043,Commercial Bank of Egypt,0.0,0.0,0.0,0.0,0.0
1932,company,C00017,Banco Ilalo-Egiziano ct de The Electric Light & Power Supply,0.0,0.0,0.0,0.0,0.0
1932,company,C00010,Alexandria Exchange Co,3.0,4.0,0.0,0.0,0.2440444612858406
1932,company,C00024,Banque de Crédit Agricole d'Egyple,1.0,1.0,0.0,0.0,0.005494505494505495
1932,company,C00019,Banque Hypothécaire,1.0,1.0,0.0,0.0,0.005494505494505495
1932,company,C00205,üsociation dll Commerce d'lm.portation,0.0,0.0,0.0,0.0,0.0
1932,company,C00020,Banque Misr,3.0,3.0,0.0,0.0,0.222556269726081
1932,company,C00153,Société d'Avances Commerciales,1.0,1.0,0.0,0.0,0.005494505494505495
1932,company,C00172,The Egypt and Sudan Export Co,1.0,1.0,0.0,0.0,0.005494505494505495
1932,company,C00003,The Agricultural Bank of Egypt,6.0,6.0,0.0,0.0,0.1833494657328854
1932,company,C00067,Egyptian Markets,0.0,0.0,0.0,0.0,0.0
1932,company,C00013,- Hon de The Anglo-American Nile & Tourist Co,1.0,1.0,0.0,0.0,0.005494505494505495
1932,company,C00198,intérêtséconomiques exotiques de la ville d'Alexandrie,7.0,7.0,0.0,0.0,0.2647365103724206
1932,company,C00018,Banque Belge et Internationale en Egypte,30.0,30.0,0.11447325504000865,0.0,0.32866668934780385
1932,company,C00129,Société Anonyme du Béhéra,22.0,23.0,0.07444365595585924,0.0,0.3348875099663743
1932,company,C00066,Egyptian Joint Cotton Committee,7.0,7.0,0.0,0.0,0.2647365103724206
1932,company,C00073,Fédération Egyptienne des Industries,7.0,7.0,0.0,0.0,0.2647365103724206
1932,company,C00040,Commer ce Egyptienne,7.0,7.0,0.0,0.0,0.2647365103724206
1932,company,C00032,Cairo-Heliopolis,2.0,2.0,0.0,0.0,0.2307811753463927
1932,company,C00189,"Tramways du Caire, ainsi que de nombreuses autres Sociétés Belges et Etrangères",2.0,2.0,0.0,0.0,0.2307811753463927
1932,company,C00164,The Cairo Electric Railways and Heliopolis Oases Co,0.0,0.0,0.0,0.0,0.0
1932,company,C00101,S.A. des Presses Libres Egyptiennes,9.0,11.0,0.0,0.0,0.27717843514188156
1932,company,C00006,Alexandria Commercial Co,11.0,11.0,0.021262869679784236,0.0,0.28614377536210417
1932,company,C00116,S.A.I. des Terrains Ghizeh et Rodah,9.0,9.0,0.0,0.0,0.27717843514188156
1932,company,C00133,Société Egyptienne d'Egrenage,9.0,9.0,0.0,0.0,0.27717843514188156
1932,company,C00071,Entrepôts,9.0,9.0,0.0,0.0,0.27717843514188156
1932,company,C00151,Société Orientale de Publicité,9.0,9.0,0.0,0.0,0.27717843514188156
1932,company,C00012,Anglo-Belgian Co. of Egypt,14.0,15.0,0.016635298403254204,0.0,0.2708146445391343
1932,company,C00086,The Menzaleh Canal Navigation Co,1.0,1.0,0.0,0.0,0.005494505494505495
1932,company,C00079,Gérance Immobilière ct de la Yiodern Buildings,2.0,2.0,0.0,0.0,0.18889562394900472
1932,company,C00127,Tramways d'Alexandrie,4.0,4.0,0.0,0.0,0.2307811753463927
1932,company,C00136,Société Egyptienne de Pétrole (S.A.E.),3.0,3.0,0.0,0.0,0.17205727821611128
1932,company,C00132,Société Delta (Società Edile Egiziana),3.0,3.0,0.0,0.0,0.17205727821611128
1932,company,C00150,Société Misr pour l'Exportation du Coton (ex-Lindemann),6.0,6.0,0.00581830770951043,0.0,0.1995476328183095
1932,company,C00104,Réunion des Compagnies d'Assurances sur la Vie,1.0,1.0,0.0,0.0,0.01098901098901099
1932,company,C00123,Société Anonyme des Chemins de Fer de la Basse Egypte,2.0,3.0,0.0,0.0,0.2307811753463927
1932,company,C00128,S.A. des Tramways du Caire,2.0,3.0,0.0,0.0,0.2307811753463927
1932,company,C00090,"National Bank of Egypt, The Agricultural Bank of Egypt",1.0,1.0,0.0,0.0,0.005494505494505495
1932,company,C00057,Crédit Foncier Egyptien. Ismalum René. Chevalier de la Légion d'Honneur,1.0,1.0,0.0,0.0,0.005494505494505495
1932,company,C00030,Cairo Sand Bricks,7.0,7.0,0.03824843343391093,0.0,0.2451716874349669
1932,company,C00118,Sidi Salem Co,8.0,8.0,0.04844878878028049,0.0,0.2380254274873109
1932,company,C00044,Commerciale Suisse d'Alexandrie,0.0,0.0,0.0,0.0,0.0
1932,company,C00011,Alliance Française,1.0,1.0,0.0,0.0,0.005494505494505495
1932,company,C00059,Dakahlieh Land Co,1.0,1.0,0.0,0.0,0.005494505494505495
1932,company,C00167,Com- mercial & Estates Co. of Egypt,4.0,4.0,0.0,0.0,0.2307811753463927
1932,company,C00126,S.A. des Immeubles d'Egypte,8.0,8.0,0.013082507935583035,0.0,0.2390976140976141
1932,company,C00028,Bourse des Marchandises,1.0,1.0,0.0,0.0,0.17576049778036532
1932,company,C00171,Egyptian Bonded Warehouses Co. Ltd,2.0,2.0,0.00837836196952219,0.0,0.22780974390416447
1932,company,C00144,Société Ghizeh et Rodah,2.0,2.0,0.0,0.0,0.21665171563130747
1932,company,C00042,Commerce Hellénique d'Alexandrie,8.0,10.0,0.003987205128605163,0.0,0.2757385471671186
1932,company,C00200,Banque d'Athènes,6.0,6.0,0.0,0.0,0.2486167228555987
1932,company,C00056,Crédit Foncier Egyptien,23.0,23.0,0.07217002509941613,0.0,0.30681890363971287
1932,company,C00162,The Alexandria Central Buildings,6.0,6.0,0.0,0.0,0.1833494657328854
1932,company,C00107,"Fiat Oriente, S.A.E",3.0,3.0,0.0,0.0,0.19586594217590528
1932,company,C00140,Société Financière et Industrielle d'Egypte,9.0,9.0,0.03258664804411874,0.0,0.25642352816265856
1932,company,C00119,Société <( Maarad l>,3.0,3.0,0.0,0.0,0.19586594217590528
1932,company,C00192,United Egyptian Salt,4.0,4.0,0.002648659008321446,0.0,0.24460677571276648
1932,company,C00065,The Egyptian Delta Land & Investment Cy,3.0,3.0,0.00837836196952219,0.0,0.22116529304029306
1932,company,C00046,Communauté Israélite d'Alexandrie,3.0,3.0,0.0,0.0,0.19093406593406592
1932,company,C00034,Cass·t di Sconto e di. Risparmio,8.0,8.0,0.00861177999785249,0.0,0.22780974390416447
1932,company,C00014,The Anglo-Egyptian Land Allotment Co,3.0,3.0,0.00018213830368526501,0.0,0.017582417582417586
1932,company,C00138,Société Egyptienne des Madina,2.0,2.0,0.0,0.0,0.014652014652014652
1932,company,C00121,"Société Immobilière d'Alexandrie, S.A.F",3.0,3.0,0.0,0.0,0.16282107463089057
1932,company,C00163,The Anglo-Egyptian Land Allotment Company etde la Fayoum Light Railways,2.0,2.0,0.0,0.0,0.20067928290990672
1932,company,C00036,Chemins de Fer de la S. A. de W a di Kom Ombo,2.0,2.0,0.0,0.0,0.20067928290990672
1932,company,C00081,"Josy Film, S.A.E",0.0,0.0,0.0,0.0,0.0
1932,company,C00074,Fédération des Industries en Egypte,12.0,12.0,0.0,0.0,0.2694399509120321
1932,company,C00148,Société Générale des Sucreries,13.0,14.0,0.004158824600813551,0.0,0.2701255487515029
1932,company,C00102,Raffinerie d'Egypte,13.0,14.0,0.004158824600813551,0.0,0.2701255487515029
1932,company,C00134,S.E. d'Irrigation,12.0,12.0,0.0,0.0,0.2694399509120321
1932,company,C00191,Union des Agriculteurs d'Egypte,12.0,12.0,0.0,0.0,0.2694399509120321
1932,company,C00165,The Cairo Elec- trie Railwavs & Heliopolis Oases Co. el de The African En- terprises & Development Co,12.0,12.0,0.0,0.0,0.2694399509120321
1932,company,C00124,Société Anonyme des Ciments d'Egypte,12.0,12.0,0.0,0.0,0.2694399509120321
1932,company,C00039,Comite de Londres de The Mortgage Co. Ltd,0.0,0.0,0.0,0.0,0.0
1932,company,C00181,The Manure Co. of Egypt,1.0,1.0,0.0,0.0,0.1717788683808101
1932,company,C00174,The Egyptian Cotton Cy,3.0,3.0,0.0,0.0,0.16282107463089057
1932,company,C00049,"Constructions Modernes, S. A. E",3.0,3.0,0.0,0.0,0.16282107463089057
1932,company,C00111,Sté. Gle. Pressage et Dépôts,4.0,4.0,0.0,0.0,0.24630937507967668
1932,company,C00117,Salonica Cigarette Co,4.0,4.0,0.0,0.0,0.24630937507967668
1932,company,C00175,The Egyptian Enterprise & Development Co,2.0,2.0,0.0,0.0,0.22349334875650662
1932,company,C00007,The Alexandria Navigation Co,2.0,2.0,0.0,0.0,0.22732192860672518
1932,company,C00199,la« Ganz S. A. E,2.0,2.0,0.0,0.0,0.22732192860672518
1932,company,C00060,"Delta Trading Co., S.A.E",1.0,1.0,0.0,0.0,0.1824043653940561
1932,company,C00068,The Egyptian'1\Œotor Transport Co,2.0,2.0,0.0,0.0,0.23331723221833112
1932,company,C00170,The Eastern Automobiles Supplies & Transport Co,6.0,6.0,0.0,0.0,0.1833494657328854
1932,company,C00179,The Ge- neral Accident Fire and Life Assurance Corporalion LH,6.0,6.0,0.0,0.0,0.1833494657328854
1932,company,C00064,Egyptian Consolidated Land Ltd,6.0,6.0,0.0,0.0,0.1833494657328854
1932,company,C00087,The Mortgage Co. of Egypt Ltd,6.0,6.0,0.0,0.0,0.1833494657328854
1932,company,C00108,Société Anonyme Immobilière du Domaine de Siouf,3.0,3.0,0.0,0.0,0.21533334819338873
1932,company,C00122,Société Anonyme des Anciennes Entreprises L. Rolin et Co,2.0,2.0,0.0,0.0,0.20220826792255361
1932,company,C00166,The Cairo Suburban,2.0,2.0,0.0,0.0,0.20220826792255361
1932,company,C00054,"Crownegypt Co., S.A.E",7.0,7.0,0.0,0.0,0.27150726511340323
1932,company,C00131,Société Cotonnière Maarad,7.0,7.0,0.0,0.0,0.27150726511340323
1932,company,C00031,The Cairo Suburban Building Land Co,1.0,1.0,0.0,0.0,0.01098901098901099
1932,company,C00085,Maison Bellrend & Co. Ltd,3.0,3.0,0.0,0.0,0.2282996573319154
1932,company,C00103,Rosetta & Alexandria Rice Mills,3.0,3.0,0.0,0.0,0.2282996573319154
1932,company,C00193,"Usines 1\élinies d'Egrenage ct cl'IIuilcrics, S.A.E",3.0,3.0,0.0,0.0,0.2282996573319154
1932,company,C00098,Port-Said Salt Assoc,0.0,0.0,0.0,0.0,0.0
1932,company,C00016,Banco Italo-Egiziano,2.0,2.0,0.0,0.0,0.19732219453409044
1932,company,C00110,Société Anonyme de Nettoyage,1.0,1.0,0.0,0.0,0.005494505494505495
1932,company,C00100,"Pressage du Coton. S.E. Sir Ismail Sirry Pacha K.C.M.G., Anci('n",1.0,1.0,0.0,0.0,0.005494505494505495
1932,company,C00168,The Commercial Bank of Egypt et Société Egyptienne d'Entreprises Urbaines et Rurales,0.0,0.0,0.0,0.0,0.0
1932,company,C00159,So- ciété Foncière du Domaine de Cheikh Fadl,1.0,1.0,0.0,0.0,0.17932321057321055
1932,company,C00021,"Banque Misr ct de toutes les institutions financières, commerciales et Industrielles, fondées par la Banque Misr, en Egypte et à l'Etranger",4.0,4.0,0.0008394262932542333,0.0,0.22635253871927644
1932,company,C00125,Société Anonyme des Immeubles d'Egyptc,1.0,1.0,0.0,0.0,0.20897508003807216
1932,company,C00139,Société Egyptienne des Pétroles,1.0,1.0,0.0,0.0,0.005494505494505495
1932,company,C00078,Société Générale Immobilière d'Egypte,1.0,1.0,0.0,0.0,0.005494505494505495
1932,company,C00157,Société des Biens de Rapport d'Egypte,3.0,3.0,0.00837836196952219,0.0,0.22302382491458123
1932,company,C00183,The Union Cotton Cy,1.0,1.0,0.0,0.0,0.17289794895658087
1932,company,C00182,The Union Cotton Company of Alexandria,2.0,2.0,0.0,0.0,0.222556269726081
1932,company,C00045,"Commerciale Suisse, Siège du Caire",4.0,4.0,0.0,0.0,0.18690024763968424
1932,company,C00203,~u Comptoir des Ciments,4.0,4.0,0.0,0.0,0.18690024763968424
1932,company,C00135,Société Egyptienne de Ciment Portland Tourah-Le Caire,4.0,4.0,0.0,0.0,0.18690024763968424
1932,company,C00058,Crédit Immobilier Suisse-Egyptien,4.0,4.0,0.0,0.0,0.18690024763968424
1932,company,C00037,Compagnie d'Assurances «Al Charkl). w,1.0,1.0,0.0,0.0,0.21933748070111705
1932,company,C00173,The Egyptian Boncled Warehouses Cy Ltcl,2.0,2.0,0.0,0.0,0.20030064275347292
1932,company,C00180,The Kafr El Z,0.0,0.0,0.0,0.0,0.0
1932,person,P00001,Abdel Hadi Mohamed,9.0,9.0,0.0,0.0,0.20433750687947164
1932,person,P00002,Badaoui,9.0,9.0,0.0,0.0,0.20433750687947164
1932,person,P00003,Abaza,2.0,2.0,0.0,0.0,0.012658227848101266
1932,person,P00004,Abdy Richard,13.0,18.0,0.016884214797196002,0.0,0.26760214424073153
1932,person,P00005,Adda Abram,5.0,5.0,0.009223958873237272,0.0,0.20489428482737213
1932,person,P00006,Adda César V,3.0,5.0,0.0,0.0,0.17693224125093077
1932,person,P00007,Adda Fernand C.A,3.0,5.0,0.0,0.0,0.17693224125093077
1932,person,P00008,Adda Joseph A,7.0,9.0,0.03166703757689807,0.0,0.21987193722703385
1932,person,P00009,Adly Yeghen,5.0,5.0,0.0,0.0,0.22786728039892598
1932,person,P00010,Aghion Max César,0.0,0.0,0.0,0.0,0.0
1932,person,P00011,Aghion Gustave,9.0,9.0,0.0,0.0,0.2417884325776385
1932,person,P00012,Aghion Is. Jacques,4.0,4.0,0.01122966627446094,0.0,0.1933064332433048
1932,person,P00013,Aghion Maurice,0.0,0.0,0.0,0.0,0.0
1932,person,P00014,Ahmed Midhat Yeghen,3.0,3.0,0.0,0.0,0.1884616604803147
1932,person,P00015,Abboud,2.0,3.0,0.00553936643592372,0.0,0.2118202888215368
1932,person,P00016,Ahmed Pacha Abdel Wahab,9.0,9.0,0.0,0.0,0.20433750687947164
1932,person,P00017,Alby Albert,1.0,1.0,0.0,0.0,0.15600871894532276
1932,person,P00018,Allam Mohamed,9.0,9.0,0.0,0.0,0.20433750687947164
1932,person,P00019,Aly Bey Emine Yehia,12.0,12.0,0.019769411396377834,0.0,0.2506540084388186
1932,person,P00020,Arcache Antoine,3.0,3.0,0.0,0.0,0.18475725437750753
1932,person,P00021,Arcoudaris P,2.0,2.0,0.0,0.0,0.20052320675105487
1932,person,P00022,Bacos Lebnan,0.0,0.0,0.0,0.0,0.0
1932,person,P00023,Baehler Charles Commandeur Medjidié,5.0,6.0,0.023383198463468407,0.0,0.21063362053682236
1932,person,P00024,Banoun Alfred,0.0,0.0,0.0,0.0,0.0
1932,person,P00025,Barker Henry Kniglll Bachelor,21.0,26.0,0.09608762387934645,0.0,0.3133175105485232
1932,person,P00026,Biagi Dr. Enrico,0.0,0.0,0.0,0.0,0.0
1932,person,P00027,Blattner C. D. Henry,0.0,0.0,0.0,0.0,0.0
1932,person,P00029,Bourre Edouard,8.0,9.0,0.021150908810559463,0.0,0.24335340625128016
1932,person,P00030,Boyé Jean André,4.0,4.0,0.0,0.0,0.028481012658227847
1932,person,P00031,Brereton H. K,1.0,1.0,0.0,0.0,0.1994594231608636
1932,person,P00032,Campos A,1.0,1.0,0.0,0.0,0.006329113924050633
1932,person,P00033,Campos Benvenuto,3.0,6.0,0.0,0.0,0.0189873417721519
1932,person,P00034,Campos Giuseppe,3.0,6.0,0.0,0.0,0.0189873417721519
1932,person,P00035,Cantoni Charles,1.0,1.0,0.0,0.0,0.006329113924050633
1932,person,P00036,Carver H. B,4.0,4.0,0.003690395041277893,0.0,0.22051672296670255
1932,person,P00037,Cattaui Aslan,3.0,3.0,0.0,0.0,0.21484629294755878
1932,person,P00038,Cattaui Edgard de,2.0,2.0,0.0,0.0,0.15731423123775226
1932,person,P00039,Cattaui Elie J,3.0,6.0,0.0,0.0,0.0189873417721519
1932,person,P00040,Cattaui Emile,1.0,1.0,0.0,0.0,0.006329113924050633
1932,person,P00041,Cattaui Joseph A.,6.0,7.0,0.00854886421684777,0.0,0.22717885961222226
1932,person,P00042,Cattaui René,2.0,2.0,0.0,0.0,0.012658227848101266
1932,person,P00043,Chafik Pacha Mohamed,0.0,0.0,0.0,0.0,0.0
1932,person,P00044,Constantin Jean Choremi Assocjé de la Y.Iaison Choremi,13.0,14.0,0.024938546226327647,0.0,0.2754439653173831
1932,person,P00045,Choucry Mahmoud Pacha Ancien :\Iinistrc,0.0,0.0,0.0,0.0,0.0
1932,person,P00046,Christomanos A. Max,0.0,0.0,0.0,0.0,0.0
1932,person,P00047,Cicurel David,3.0,3.0,0.0,0.0,0.18475725437750753
1932,person,P00048,Cicurel Joseph,2.0,2.0,0.0,0.0,0.1820731296165752
1932,person,P00049,Cohen Alfred N,0.0,0.0,0.0,0.0,0.0
1932,person,P00050,Edward Cook C.S.I,1.0,1.0,0.0,0.0,0.14831598132474472
1932,person,P00051,Cook John Lt.-Col. A. Gt. D.S.O,1.0,1.0,0.0,0.0,0.006329113924050633
1932,person,P00052,G. Corsi,2.0,2.0,0.0,0.0,0.012658227848101266
1932,person,P00053,Diacono Robert M.B.E,2.0,2.0,0.0,0.0,0.012658227848101266
1932,person,P00054,Emine Yehia,13.0,13.0,0.03324666207021522,0.0,0.2848341004986575
1932,person,P00055,Empain François,5.0,5.0,0.0,0.0,0.2449387704613862
1932,person,P00056,Fakhry Mahmoud,0.0,0.0,0.0,0.0,0.0
1932,person,P00057,Fenderl Hugo,7.0,8.0,0.002565496218241523,0.0,0.25318586710991775
1932,person,P00058,Finney Harold E,3.0,3.0,0.0,0.0,0.21546189837147728
1932,person,P00059,Finney Oswald J,24.0,28.0,0.08494182173273092,0.0,0.30944939313434394
1932,person,P00060,Fitzgerard Francis C. R. E,6.0,7.0,0.0008622204119261281,0.0,0.22855988611442424
1932,person,P00061,Foster G. C,4.0,4.0,0.0,0.0,0.2489940481180317
1932,person,P00062,Friend Astley P,2.0,2.0,0.0,0.0,0.012658227848101266
1932,person,P00063,Fumaroli,3.0,3.0,0.008707570749012336,0.0,0.20105936505787586
1932,person,P00064,Galal Fahim,9.0,9.0,0.0,0.0,0.20433750687947164
1932,person,P00065,Gallini Fahmi,9.0,9.0,0.0,0.0,0.20433750687947164
1932,person,P00066,GarofaiiO Douca,1.0,1.0,0.0,0.0,0.18385379592089382
1932,person,P00067,Gasche Linus,5.0,5.0,0.0,0.0,0.24735592938041304
1932,person,P00068,Gianotti Vittorio,2.0,2.0,0.00020156413770861886,0.0,0.1689802304081923
1932,person,P00069,Goar Edwin N. J,9.0,9.0,0.0,0.0,0.2417884325776385
1932,person,P00070,Comm. Grassi Carlo,2.0,2.0,0.0,0.0,0.012658227848101266
1932,person,P00071,Grimprel Maurice,4.0,4.0,0.0,0.0,0.028481012658227847
1932,person,P00072,Hassan Said,9.0,9.0,0.0,0.0,0.20433750687947164
1932,person,P00073,Hault,2.0,3.0,0.0,0.0,0.18251505468846013
1932,person,P00074,Hecht Van Der L,2.0,2.0,0.0,0.0,0.18251505468846013
1932,person,P00075,Henein Sadik,2.0,2.0,0.0,0.0,0.16418384832237023
1932,person,P00076,Nationale>>,4.0,4.0,0.0,0.0,0.028481012658227847
1932,person,P00077,Home John,4.0,5.0,0.00438002823478823,0.0,0.1756920619898261
1932,person,P00078,Home F. J,1.0,1.0,0.0,0.0,0.006329113924050633
1932,person,P00079,Homsby Bertram,0.0,0.0,0.0,0.0,0.0
1932,person,P00080,Ithier Gaston,7.0,8.0,0.017253890187857775,0.0,0.24654492633326416
1932,person,P00081,Jacobs Emile,5.0,5.0,0.0,0.0,0.2449387704613862
1932,person,P00082,Jacot J. G. Descombes Ing,8.0,8.0,0.04479800789137714,0.0,0.25318586710991775
1932,person,P00083,Transport,0.0,0.0,0.0,0.0,0.0
1932,person,P00084,Jullien Léopold Ingénieur Agricole,0.0,0.0,0.0,0.0,0.0
1932,person,P00085,Karam Edouard,15.0,15.0,0.044115060139409086,0.0,0.24982127086925437
1932,person,P00086,Kerihuel V. J,6.0,8.0,0.0005782651150707267,0.0,0.229957805907173
1932,person,P00087,Kitroeff Alex. Th,2.0,2.0,0.0,0.0,0.20159839820816505
1932,person,P00088,Klat Bey Dimitri,6.0,6.0,0.0,0.0,0.23796266623938472
1932,person,P00089,Klat Jules,1.0,1.0,0.0,0.0,0.1798952213675731
1932,person,P00090,Labruyère René Julien,8.0,9.0,0.0036260791918815826,0.0,0.24414351471313495
1932,person,P00091,Lagonico S,3.0,3.0,0.006258551630283326,0.0,0.23498813291139242
1932,person,P00092,Lascaris Mario,16.0,19.0,0.06396061587547518,0.0,0.27953978636299465
1932,person,P00094,Lian Alfred,1.0,1.0,0.0,0.0,0.14831598132474472
1932,person,P00095,Lindemann Hugo,3.0,3.0,0.003208517140630339,0.0,0.19788474350433044
1932,person,P00096,Lowe A. J,6.0,6.0,0.005643206441993262,0.0,0.2523362501061932
1932,person,P00097,Lozi Bey Abd el Fattah el,2.0,2.0,0.0,0.0,0.1820731296165752
1932,person,P00098,Lumbroso Jean,6.0,7.0,0.0,0.0,0.23796266623938472
1932,person,P00099,Marcovitch Jacques,1.0,1.0,0.0,0.0,0.2142341952468535
1932,person,P00100,Mazloum Hassan,15.0,15.0,0.05244481547996825,0.0,0.2523362501061932
1932,person,P00101,Menasce Baron Félix de,6.0,6.0,0.006966248565055304,0.0,0.1973653609754477
1932,person,P00102,Minost Emile,13.0,13.0,0.0298225133910049,0.0,0.2523362501061932
1932,person,P00103,Mohamed Mahmoud Bey Khalil Avocat,6.0,6.0,0.0006450052406675804,0.0,0.0379746835443038
1932,person,P00104,Monnerat E. Ing,12.0,14.0,0.05043555653951145,0.0,0.28163371734698717
1932,person,P00105,Morin Jean,1.0,1.0,0.0,0.0,0.13524496858209636
1932,person,P00106,Mosséri Elie N,2.0,2.0,0.0,0.0,0.20946017418285676
1932,person,P00107,Mosseri Joseph,0.0,0.0,0.0,0.0,0.0
1932,person,P00109,Mosseri J. Nessim,2.0,2.0,0.0,0.0,0.02278481012658228
1932,person,P00110,Nakhla Pacha El Motei Ancien Magistrat,4.0,4.0,0.0,0.0,0.028481012658227847
1932,person,P00111,Naeff Emile,4.0,4.0,0.006825202943314786,0.0,0.22181770658302527
1932,person,P00112,Naggiar F. Victor,3.0,3.0,0.0,0.0,0.2417884325776385
1932,person,P00113,Nahman Enrico,3.0,6.0,0.0,0.0,0.0189873417721519
1932,person,P00114,Nathan Edward,4.0,5.0,0.000992143477832424,0.0,0.24256839526337282
1932,person,P00115,Naus Henry,17.0,22.0,0.08336736274735149,0.0,0.29839762909383166
1932,person,P00116,Nubar Arakel,0.0,0.0,0.0,0.0,0.0
1932,person,P00117,Pegna E,10.0,10.0,0.008707570749012336,0.0,0.24256839526337282
1932,person,P00118,Perrott C.H,2.0,2.0,0.0,0.0,0.18566963588060637
1932,person,P00119,Pilavachi C,2.0,2.0,0.008707570749012336,0.0,0.16784866636528029
1932,person,P00120,Pinto Silvio,10.0,10.0,0.025183925179775326,0.0,0.2666532004668283
1932,person,P00121,Piot Bey J.B,6.0,6.0,0.012612245987235914,0.0,0.23572477282647514
1932,person,P00122,Polnauer L,9.0,9.0,0.0,0.0,0.2417884325776385
1932,person,P00123,Rabbath Sélim,2.0,2.0,0.0,0.0,0.18893518224031552
1932,person,P00124,Raybaud Max,1.0,1.0,0.0,0.0,0.006329113924050633
1932,person,P00125,Reinhart Alfred,11.0,11.0,0.014902160244013014,0.0,0.2481722855829887
1932,person,P00126,Richmond T.S,4.0,4.0,0.025880835281786665,0.0,0.1884616604803147
1932,person,P00127,Riquez Cav. Uff. Giuseppe,8.0,8.0,0.020790344276064052,0.0,0.22581442201695368
1932,person,P00128,Rolin Léon,2.0,2.0,0.0,0.0,0.2167037536935031
1932,person,P00129,Rolo Max,3.0,3.0,0.0,0.0,0.18475725437750753
1932,person,P00130,Rolo Robert J,19.0,21.0,0.07201985209381426,0.0,0.29839762909383166
1932,person,P00131,Rom François,2.0,2.0,0.0,0.0,0.02278481012658228
1932,person,P00132,Rowlatt Sir F.T. K.B.E,1.0,1.0,0.0,0.0,0.14831598132474472
1932,person,P00133,Safwat Mohamed,2.0,2.0,0.0,0.0,0.17090046029919448
1932,person,P00134,Salvago Micliel,16.0,21.0,0.033287043157105414,0.0,0.29488706875155124
1932,person,P00135,Salvago Constantin M,5.0,5.0,0.0,0.0,0.25149231615934975
1932,person,P00136,Savon G. L,0.0,0.0,0.0,0.0,0.0
1932,person,P00137,Lionello Scelsi,4.0,4.0,0.0016394312642611215,0.0,0.20545410527772015
1932,person,P00138,Shama Elie F,2.0,2.0,0.0,0.0,0.17090046029919448
1932,person,P00139,Sidi Vitali,0.0,0.0,0.0,0.0,0.0
1932,person,P00140,Spetseropoulo G. D,2.0,2.0,0.0,0.0,0.012658227848101266
1932,person,P00141,Strologo G. D,11.0,12.0,0.0020597004471873456,0.0,0.24335340625128016
1932,person,P00142,Suarès Alfred,2.0,2.0,0.0,0.0,0.012658227848101266
1932,person,P00143,Suarès Fernand,2.0,2.0,0.0,0.0,0.012658227848101266
1932,person,P00144,Suarès Jacques,0.0,0.0,0.0,0.0,0.0
1932,person,P00145,Léon Suarès,3.0,3.0,0.0,0.0,0.1884616604803147
1932,person,P00146,Sultan Dr. Fouad,10.0,10.0,0.0024962160131070887,0.0,0.20772431638576125
1932,person,P00147,Sursock Nicolas A,4.0,4.0,0.0,0.0,0.23352857929082474
1932,person,P00148,Sursock Vladimir,1.0,1.0,0.0,0.0,0.006329113924050633
1932,person,P00149,Talaat Harb,10.0,10.0,0.029942332296601416,0.0,0.24573922395962605
1932,person,P00150,Takla G.,0.0,0.0,0.0,0.0,0.0
1932,person,P00151,Toriel Elie,1.0,1.0,0.0,0.0,0.18295913024731283
1932,person,P00152,Toriel Raphael,6.0,6.0,0.008707570749012336,0.0,0.2481722855829887
1932,person,P00153,Trembley Ernest,2.0,2.0,0.0,0.0,0.19182704727460606
1932,person,P00154,Vais Ezio,1.0,1.0,0.0,0.0,0.006329113924050633
1932,person,P00155,Vannucci Comm. Gr·isante,1.0,1.0,0.0,0.0,0.1617122635089152
1932,person,P00156,Vincenot,4.0,4.0,0.0,0.0,0.24101346965271014
1932,person,P00158,Wellhoïf Salomon,1.0,2.0,0.0,0.0,0.20887834036568212
1932,person,P00159,Williamson John,2.0,2.0,0.0,0.0,0.18566963588060637
1932,person,P00160,Wood Smith K.B,5.0,5.0,0.0,0.0,0.24414351471313495
1932,person,P00161,Zarifi Th,3.0,3.0,0.0,0.0,0.19840686683811495
1932,person,P00162,Zorbini Dimitri,0.0,0.0,0.0,0.0,0.0
1932,person,P00163,Sir Ziwer Ahmed,2.0,2.0,0.0,0.0,0.24101346965271014
1938,company,C00184,The United Egyptian Nile Transport Co,1.0,1.0,0.0,0.0,0.0027605244996549345
1938,company,C00448,"Société Egyptienne pour le Développement et le Commerce des Légumes, Fruits et Fleurs",4.0,4.0,0.0,0.0,0.1507200553215775
1938,company,C00565,"TlJC Egyplinn General Omnibus Co., S.A.E",5.0,5.0,0.0,0.0,0.15904005837542254
1938,company,C00043,Commercial Bank of Egypt,14.0,15.0,0.006201833806675946,0.0,0.18159483029048246
1938,company,C00325,Khedivial Mail Line,5.0,5.0,0.0,0.0,0.15904005837542254
1938,company,C00558,Tilbury Contracting & Dredging Co. (Foreign) Ltd,5.0,5.0,0.0,0.0,0.15904005837542254
1938,company,C00355,"The Pharaonic Mail Lino, S.A.E",35.0,35.0,0.04104793701344967,0.0,0.21432866236001152
1938,company,C00107,"Fiat Oriente, S.A.E",5.0,5.0,0.0,0.0,0.15904005837542254
1938,company,C00249,Carrier-Egypt,0.0,0.0,0.0,0.0,0.0
1938,company,C00341,"The i\!isr Concretc Development Cy., S.A.E",7.0,7.0,0.010736688933870033,0.0,0.12870767610794506
1938,company,C00449,"Société Egyptienne pour Je Tannage eL l'Tndustl·ie elu Cuir, S.A.E",1.0,1.0,0.0,0.0,0.10461992666874863
1938,company,C00614,elu Crédit Agricole d'Egyptc,0.0,0.0,0.0,0.0,0.0
1938,company,C00482,Société des Omnibus de Fayoum,1.0,1.0,0.0,0.0,0.002070393374741201
1938,company,C00113,Société Anonyme des Immeubles de l'Est,0.0,0.0,0.0,0.0,0.0
1938,company,C00388,"S.A. nes Immeubles de l'Est et Aclnlinislt<.l.Lcm-llélégué de l' Eastem Export Co., S. A",0.0,0.0,0.0,0.0,0.0
1938,company,C00083,Koubbeh Gardens,2.0,2.0,0.0,0.0,0.004140786749482402
1938,company,C00585,\.omité de Surveillance de la S.A. Agricole cL Industrielle d'EgypLe,2.0,2.0,0.0,0.0,0.004140786749482402
1938,company,C00464,"Société Jnduslricl\c des Asplla.Hcs cL Pétroles de Lattaquié ct de la Egyptian \Vorks & Constructions Co., S.A.E",2.0,2.0,0.0,0.0,0.004140786749482402
1938,company,C00381,S.A. des Immcul.Jlcs de l'E,1.0,1.0,0.0,0.0,0.13706837601980607
1938,company,C00553,The ational Pctrolrum Co. ct de la Société Egyptienne des P6L!·olcs,0.0,0.0,0.0,0.0,0.0
1938,company,C00441,Société Egyptienne de Ti,0.0,0.0,0.0,0.0,0.0
1938,company,C00587,"\dlttiuislr<tltull de la S.,\. Financière cL Immobilière",0.0,0.0,0.0,0.0,0.0
1938,company,C00515,The Anglo-Egy11tiun Oillïclcl,1.0,1.0,0.0,0.0,0.002070393374741201
1938,company,C00602,"d ',\clminislmtion de l'.\lcxuudria Central Buildings",1.0,1.0,0.0,0.0,0.002070393374741201
1938,company,C00383,S.A. des Monts de Piété Egyptiens,1.0,1.0,0.0,0.0,0.09696811326190813
1938,company,C00453,"Société Egyptienne pour le Développement du Commerce clos légumes, Ft'uiLs & Fleurs",0.0,0.0,0.0,0.0,0.0
1938,company,C00130,Société Belge-Egyptienne de l'Ezbékieh,8.0,9.0,0.0,0.0,0.17792842635350123
1938,company,C00026,Société Egyptienne de la Bourse Commerciale de Minet El Bassal,32.0,34.0,0.0566922483653437,0.0,0.20055653947744045
1938,company,C00001,Alexandria Insurance Co,20.0,23.0,0.025543914518696857,0.0,0.18359771444809808
1938,company,C00576,"Union ,lle.Tandrirze, Gm·nd O!ficie7· cle la Co'Uronnc d'Italie, Chevalier Sls. Mato-rice cC",1.0,1.0,0.0,0.0,0.002070393374741201
1938,company,C00223,Aclnünislration de la Société Egyptiennecl 'Entreprises U t·baincs cL Rurales,1.0,1.0,0.0,0.0,0.002070393374741201
1938,company,C00431,"Société Egyp- tienne des Industries Chimiques, S.A.E",0.0,0.0,0.0,0.0,0.0
1938,company,C00025,"Banque Mosséri, S.A.E",4.0,4.0,0.0,0.0,0.14281766919890185
1938,company,C00412,Sociélé Française cles ConillllsliiJirs Uq11idrs,2.0,2.0,0.0,0.0,0.004140786749482402
1938,company,C00407,Sociél6 .Egyplionnc des Pétroles,2.0,2.0,0.0,0.0,0.004140786749482402
1938,company,C00577,Union Internationale des Puli'Olcs ct clc J'Union des PNrulcs des Martigues,2.0,2.0,0.0,0.0,0.004140786749482402
1938,company,C00498,Surveillance de la Banque de ContmcJ·cc,0.0,0.0,0.0,0.0,0.0
1938,company,C00164,The Cairo Electric Railways and Heliopolis Oases Co,35.0,38.0,0.03420951578510503,0.0,0.21341272790548152
1938,company,C00317,"Industrie Meunière d'Alexandrie, S.A.E",1.0,1.0,0.0,0.0,0.002070393374741201
1938,company,C00435,"Société Egyptienne des Industries Chimiques, S.A.E",1.0,1.0,0.0,0.0,0.002070393374741201
1938,company,C00415,"Socié- té Egyplienne de Filature el de Tissage de Laine, S.A.E",2.0,2.0,0.0,0.0,0.16391218270202193
1938,company,C00093,National Petroleum Cy,26.0,29.0,0.0207974173768832,0.0,0.19306151416191758
1938,company,C00443,"Société Egyptienne de Tuyaux, Poteaux et Produits en Ciment Armé",0.0,0.0,0.0,0.0,0.0
1938,company,C00456,Société· Franco,0.0,0.0,0.0,0.0,0.0
1938,company,C00106,Société Egyptienne de Ciment Portland Tourah,0.0,0.0,0.0,0.0,0.0
1938,company,C00282,"Eastern Co., S.A.E",0.0,0.0,0.0,0.0,0.0
1938,company,C00054,"Crownegypt Co., S.A.E",0.0,0.0,0.0,0.0,0.0
1938,company,C00272,Contentieux cle l'Etat,0.0,0.0,0.0,0.0,0.0
1938,company,C00336,Marché des Céréales au Sahel de Rod El Farag,0.0,0.0,0.0,0.0,0.0
1938,company,C00357,S.A.E. Peltours,0.0,0.0,0.0,0.0,0.0
1938,company,C00445,Société Egyptienne pour l'Industrie de Bonneterie,14.0,16.0,0.0006706282134895398,0.0,0.1731973814909226
1938,company,C00209,"""é de la Marconi Radio Telegraph Co. of Egypt, S.A.E",8.0,8.0,0.0,0.0,0.17792842635350123
1938,company,C00094,New Egyptian Co,8.0,9.0,0.0,0.0,0.17792842635350123
1938,company,C00345,National Contracting Co. of Egypt,17.0,20.0,0.012916045021717133,0.0,0.18518632260772316
1938,company,C00092,National Insurance Co,31.0,32.0,0.029579545656052277,0.0,0.20163625166843613
1938,company,C00562,Tl1c rational Bank of Egypt,8.0,8.0,0.0,0.0,0.17792842635350123
1938,company,C00009,Alexandria Water Company,27.0,30.0,0.0225737109699578,0.0,0.21250458863779864
1938,company,C00296,Filature Nationale d’'E- gypte,17.0,17.0,0.021785259294170415,0.0,0.19281304374472077
1938,company,C00444,Société Egyptienne de l'Industrie Textile el de la Société Egyptienne de la Bourse Commerciale de Minet El Bassal,8.0,8.0,0.0,0.0,0.17792842635350123
1938,company,C00613,elu Crédit,0.0,0.0,0.0,0.0,0.0
1938,company,C00207,""" Asatra », S. A. E",0.0,0.0,0.0,0.0,0.0
1938,company,C00432,Société Egvplienne de l'In- dustrie de Bonneterie,0.0,0.0,0.0,0.0,0.0
1938,company,C00507,"The Hinshelwood Paint & Oil Co. of Egypt, S.A.E",2.0,2.0,0.0014495662886471498,0.0,0.11213752618985631
1938,company,C00005,"The Alexa11- dria & Ramleh Raih,·ay Co. Ltd",11.0,15.0,0.0004317001320944516,0.0,0.16590889810592252
1938,company,C00314,Hosctta & Alcxandria lUce Mills ct de Bchrcnd & Co. Ltcl,1.0,1.0,0.0,0.0,0.002070393374741201
1938,company,C00246,British Oil & Cake Mills Ltd,1.0,1.0,0.0,0.0,0.002070393374741201
1938,company,C00521,The Choremi l3enn.clli Cotton Co,0.0,0.0,0.0,0.0,0.0
1938,company,C00589,"a ti on de The Simon At tz Stores, S.A.E",0.0,0.0,0.0,0.0,0.0
1938,company,C00547,The Simon Artz,0.0,0.0,0.0,0.0,0.0
1938,company,C00460,Société Générn.le des Sucrel'ies ct de la Raffinerie d'Egypte,2.0,2.0,0.0,0.0,0.13496913062130453
1938,company,C00078,Société Générale Immobilière d'Egypte,7.0,7.0,0.004782175857579567,0.0,0.1465907387374247
1938,company,C00048,Société Anonyme des Eaux du Caire,23.0,25.0,0.008352050666731866,0.0,0.17687808145176864
1938,company,C00217,-Dél6gué de,1.0,1.0,0.0,0.0,0.002070393374741201
1938,company,C00581,Usines Textiles Al-1\,1.0,1.0,0.0,0.0,0.002070393374741201
1938,company,C00494,"The Standard Oil Company of Egypt, S.A",4.0,4.0,0.003202993868182909,0.0,0.10739479210727458
1938,company,C00214,-1Jéiégu6 clc la Société Française des Comlmsliblcs Liquides,1.0,1.0,0.0,0.0,0.002070393374741201
1938,company,C00457,Société Française de,1.0,1.0,0.0,0.0,0.002070393374741201
1938,company,C00374,S.A. des Bières Bomonti & Pyramides,0.0,0.0,0.0,0.0,0.0
1938,company,C00058,Crédit Immobilier Suisse-Egyptien,0.0,0.0,0.0,0.0,0.0
1938,company,C00065,The Egyptian Delta Land & Investment Cy,12.0,12.0,0.0016855180416229835,0.0,0.18587560172412906
1938,company,C00127,Tramways d'Alexandrie,2.0,4.0,0.0,0.0,0.1448894922530445
1938,company,C00084,Land Bank of Egypt,11.0,12.0,0.00046632530422964475,0.0,0.17359876592079726
1938,company,C00387,S.A. elu Béhéra,9.0,9.0,0.0006966753908599664,0.0,0.17877772671795708
1938,company,C00056,Crédit Foncier Egyptien,28.0,29.0,0.030734315490500534,0.0,0.19558189946429247
1938,company,C00055,Crédit Agricole d'Egypte,7.0,7.0,0.0006868440054553463,0.0,0.15887140507916017
1938,company,C00598,clc Tilc Manmc Co. of Egypt,0.0,0.0,0.0,0.0,0.0
1938,company,C00018,Banque Belge et Internationale en Egypte,29.0,32.0,0.007424995402457803,0.0,0.1935603811235763
1938,company,C00588,"_'ile Oil Co., S.A.E",0.0,0.0,0.0,0.0,0.0
1938,company,C00242,Banque de l'Union Parisienne,3.0,3.0,0.002302346159463244,0.0,0.10432850626020058
1938,company,C00353,à Paris),1.0,1.0,0.0,0.0,0.08792003227092021
1938,company,C00660,à Bruxelles de la Société Belge Egyptienne de l'Ezbékieh,0.0,0.0,0.0,0.0,0.0
1938,company,C00232,Anglo-Egyptian Oilfields,0.0,0.0,0.0,0.0,0.0
1938,company,C00347,Ncur,0.0,0.0,0.0,0.0,0.0
1938,company,C00324,Kafr El Zayat Land Co,1.0,1.0,0.0,0.0,0.002070393374741201
1938,company,C00015,The Associated Cotton Ginners,13.0,13.0,0.017828300259443902,0.0,0.19635089775838535
1938,company,C00105,S.A. Agricole et Industrielle d'Egypte,0.0,0.0,0.0,0.0,0.0
1938,company,C00302,"General Society for Banking, Trading & Land Enterprises, S.A.E",0.0,0.0,0.0,0.0,0.0
1938,company,C00539,The Gharbieh Land Co. (Résiùant à Londres),0.0,0.0,0.0,0.0,0.0
1938,company,C00509,The Aboul<ir Co,0.0,0.0,0.0,0.0,0.0
1938,company,C00147,Société Générale de Pressage el de Dépôts,2.0,2.0,0.0045875106311692995,0.0,0.14818569237353912
1938,company,C00261,Commercial Bank of the Near East,0.0,0.0,0.0,0.0,0.0
1938,company,C00016,Banco Italo-Egiziano,8.0,8.0,0.002302346159463244,0.0,0.1572043389188332
1938,company,C00535,"and Engineering Co. of Egvpl, S.A.E",0.0,0.0,0.0,0.0,0.0
1938,company,C00442,Société Egyptienne de Tissage et Tricotage,20.0,21.0,0.013862493199844998,0.0,0.19109149871128575
1938,company,C00121,"Société Immobilière d'Alexandrie, S.A.F",2.0,2.0,0.0,0.0,0.004140786749482402
1938,company,C00304,The Gharbieh Ginning Co,14.0,15.0,0.008917550849523337,0.0,0.16646192776627558
1938,company,C00459,Société Générale de Pressage,12.0,12.0,0.01833922160065851,0.0,0.1626663789246993
1938,company,C00280,Dépôts,2.0,2.0,0.0,0.0,0.13644420308711114
1938,company,C00082,The Kafr El Zayat Cotton Co,1.0,1.0,0.0,0.0,0.002070393374741201
1938,company,C00035,Société Anonyme du Chemin de Fer Ken eh-Assouan,3.0,3.0,0.0,0.0,0.13376404909790005
1938,company,C00635,lu S.A. de\Vacli 1\.om Omho,8.0,8.0,0.0,0.0,0.14687817155847846
1938,company,C00256,Compagnie Frigorifique d'E· gypte,24.0,25.0,0.0034785000119175774,0.0,0.1783520654638667
1938,company,C00637,lu S.A. desllulles Centrales d'EgypLe,8.0,8.0,0.0,0.0,0.14687817155847846
1938,company,C00190,Union Foncière d'Egypte,30.0,32.0,0.0129273631338928,0.0,0.1831488202807433
1938,company,C00142,Société Foncière du Domaine de Cheikh Fadl,8.0,8.0,0.0,0.0,0.14687817155847846
1938,company,C00377,S.A. des Cigm·eL Les Ciauaclis,8.0,8.0,0.0,0.0,0.14687817155847846
1938,company,C00379,S.A. des Eaux elu Cail·e,8.0,8.0,0.0,0.0,0.14687817155847846
1938,company,C00148,Société Générale des Sucreries,32.0,38.0,0.010758323638781288,0.0,0.19431353435752013
1938,company,C00312,Haffinel'ie cl'Egypte,8.0,8.0,0.0,0.0,0.14687817155847846
1938,company,C00461,Société Royale d'Agriculture,2.0,2.0,0.0,0.0,0.13962323857376333
1938,company,C00118,Sidi Salem Co,1.0,1.0,0.0,0.0,0.13795187383945492
1938,company,C00520,The Choremi Benachi Cotton Co,1.0,1.0,0.0,0.0,0.002070393374741201
1938,company,C00275,Crédit Hypothécaire Agricole d'Egypte,14.0,15.0,0.0012998106247319374,0.0,0.17985082231650426
1938,company,C00297,Société Egyptienne de Filature,16.0,18.0,0.0009678471258990735,0.0,0.15954817357789994
1938,company,C00559,"Tissage de Laine, S.A.E",4.0,6.0,0.0,0.0,0.14587705451767094
1938,company,C00075,Gabbari Land Co,19.0,22.0,0.0016068679456598311,0.0,0.19507257160110422
1938,company,C00008,Alexandria Pressing Co,12.0,15.0,0.0024670336212249725,0.0,0.15971826757958213
1938,company,C00309,Grands,0.0,0.0,0.0,0.0,0.0
1938,company,C00248,Caisse Hypothécaire d'Egypte,0.0,0.0,0.0,0.0,0.0
1938,company,C00116,S.A.I. des Terrains Ghizeh et Rodah,2.0,2.0,0.0,0.0,0.13694308499967828
1938,company,C00332,"Maison d'Ameublement B. Pontremoli, S.A.E",0.0,0.0,0.0,0.0,0.0
1938,company,C00153,Société d'Avances Commerciales,2.0,3.0,0.0,0.0,0.004140786749482402
1938,company,C00081,"Josy Film, S.A.E",1.0,1.0,0.0,0.0,0.002070393374741201
1938,company,C00359,"Phi- lips-Orient, S.A",1.0,1.0,0.0,0.0,0.002070393374741201
1938,company,C00427,Société California Texas des Pétroles,4.0,4.0,0.0,0.0,0.10163889755064318
1938,company,C00608,ear Ea t,0.0,0.0,0.0,0.0,0.0
1938,company,C00213,Near East,0.0,0.0,0.0,0.0,0.0
1938,company,C00348,"Nile Oil Co., S.A.E",0.0,0.0,0.0,0.0,0.0
1938,company,C00126,S.A. des Immeubles d'Egypte,2.0,2.0,0.0,0.0,0.004140786749482402
1938,company,C00235,Banca Commerciale Italiana per l'Egitto,0.0,0.0,0.0,0.0,0.0
1938,company,C00450,"Société Egyptienne pour l'Exploitation des Mines et Carrières, S. A.E",0.0,0.0,0.0,0.0,0.0
1938,company,C00293,"The Egyptian Works & Construction Co., S.A.E",1.0,1.0,0.0,0.0,0.13258029645101596
1938,company,C00123,Société Anonyme des Chemins de Fer de la Basse Egypte,5.0,6.0,0.0,0.0,0.16023073260924925
1938,company,C00278,"Cy. of Egypt, S.A.E",0.0,0.0,0.0,0.0,0.0
1938,company,C00566,Tlic Chorcn1i Bcnacl1i Cotton Co,0.0,0.0,0.0,0.0,0.0
1938,company,C00543,"The Nile Ginning Co., S.A.E",2.0,2.0,0.002302346159463244,0.0,0.11731850821428977
1938,company,C00642,lu Société Immobilière de Boulac. (Domicilié à Paris),0.0,0.0,0.0,0.0,0.0
1938,company,C00337,Mcss1·s. Gibson & Pauling (Foreign) Ltcl,0.0,0.0,0.0,0.0,0.0
1938,company,C00176,Egyptian Hotels,11.0,12.0,0.004847357637856388,0.0,0.17542826111200005
1938,company,C00185,The Upper Egypt Hotels,5.0,5.0,0.001845981744370372,0.0,0.15524946631051612
1938,company,C00070,The Electricity & lee Supply Co,0.0,0.0,0.0,0.0,0.0
1938,company,C00371,S.A. d'Irrigation de Baliana eL de la Société Egyptienne d'Irrigation,0.0,0.0,0.0,0.0,0.0
1938,company,C00006,Alexandria Commercial Co,13.0,18.0,0.008705139543681595,0.0,0.16947481333670592
1938,company,C00133,Société Egyptienne d'Egrenage,11.0,13.0,0.000943525620401917,0.0,0.1637330437045334
1938,company,C00294,Enil'ep()Ls,4.0,4.0,0.0,0.0,0.1371938965106667
1938,company,C00370,S.A. Immobilière des Terrains Guizell n.odall,4.0,4.0,0.0,0.0,0.1371938965106667
1938,company,C00101,S.A. des Presses Libres Egyptiennes,19.0,23.0,0.008499719357603635,0.0,0.17481415984789736
1938,company,C00013,- Hon de The Anglo-American Nile & Tourist Co,2.0,2.0,8.590843878594195e-06,0.0,0.004140786749482402
1938,company,C00643,lu Société de Navigation Fluviale cL des Bateaux Omnibus,1.0,1.0,0.0,0.0,0.0027605244996549345
1938,company,C00582,Usines Textiles Al-Kahira,5.0,5.0,0.0,0.0,0.010351966873706004
1938,company,C00471,Société d'.\viution Horus,2.0,2.0,0.0,0.0,0.004140786749482402
1938,company,C00488,Société Misr de Navigation Maritime,2.0,2.0,0.0,0.0,0.004140786749482402
1938,company,C00239,Banque Mi sr (Syrie-L.il.Jan),2.0,2.0,0.0,0.0,0.004140786749482402
1938,company,C00436,Société Egyptienne de Ciment Porlland,0.0,0.0,0.0,0.0,0.0
1938,company,C00369,S.A. Immobilière des Terrains Guizch-Hoclnll el Aclministmleur de The Alexandria Commercial Co,0.0,0.0,0.0,0.0,0.0
1938,company,C00382,S.A. des Monts cie,0.0,0.0,0.0,0.0,0.0
1938,company,C00200,Banque d'Athènes,5.0,5.0,0.006855493415118167,0.0,0.12793828777937494
1938,company,C00250,"Carrier-Egypt, S.A.E",2.0,2.0,0.0,0.0,0.10565284554982232
1938,company,C00339,Misr,0.0,0.0,0.0,0.0,0.0
1938,company,C00295,"Fabrique des Produits Chimiques, S.A.E",0.0,0.0,0.0,0.0,0.0
1938,company,C00572,"Toukhy's Co. for Sundries & Toys, S.A.E",0.0,0.0,0.0,0.0,0.0
1938,company,C00510,The African Enterprise &,1.0,1.0,0.0,0.0,0.15444921132953407
1938,company,C00645,denombreuses Sociétés belges et étrangères,0.0,0.0,0.0,0.0,0.0
1938,company,C00472,"Société de Ciment Portland de Hélouan, S.A.E",1.0,1.0,0.0,0.0,0.002070393374741201
1938,company,C00490,Sociétécc Egyptian Cement Products »,1.0,1.0,0.0,0.0,0.002070393374741201
1938,company,C00175,The Egyptian Enterprise & Development Co,23.0,26.0,0.037007008290735874,0.0,0.1868026620818554
1938,company,C00117,Salonica Cigarette Co,9.0,9.0,0.0045875106311692995,0.0,0.15736946952694122
1938,company,C00299,Fédération des Industries du Tabac,2.0,2.0,0.0,0.0,0.12290052091029371
1938,company,C00245,Bourse des Valeurs d'Alexandrie,2.0,2.0,0.0,0.0,0.12290052091029371
1938,company,C00478,Société des Autobus de Béhéra,1.0,3.0,0.0,0.0,0.002070393374741201
1938,company,C00303,"Gharbieh, S.A.E",1.0,3.0,0.0,0.0,0.002070393374741201
1938,company,C00258,Co- milé de Paris de la Banque d'Athènes),2.0,2.0,0.0,0.0,0.10425590465528743
1938,company,C00632,ln Société des Biens de Rapport cl' Egypte,0.0,0.0,0.0,0.0,0.0
1938,company,C00274,Crédit Agricole cL du CrédiL llypoLhécaim Egyptien,1.0,1.0,0.0,0.0,0.002070393374741201
1938,company,C00487,Société du Croissant Rouge,1.0,1.0,0.0,0.0,0.002070393374741201
1938,company,C00402,Soci6L6 i\lisr d'A suranccs Génémles,7.0,7.0,0.0,0.0,0.14892220177897417
1938,company,C00384,S.A. des Tcnes Hn1·cs d'Egypte,7.0,7.0,0.0,0.0,0.14892220177897417
1938,company,C00413,Sociélé lllis1· pom le Talmc,7.0,7.0,0.0,0.0,0.14892220177897417
1938,company,C00285,EgypLian Public \\'orks Co,7.0,7.0,0.0,0.0,0.14892220177897417
1938,company,C00264,Compagnie C<'nérnlc Egypiiennc des PéLmlrs (Cogcp),7.0,7.0,0.0,0.0,0.14892220177897417
1938,company,C00301,GaiJlJary Laud C,7.0,7.0,0.0,0.0,0.14892220177897417
1938,company,C00609,"elu Co11seil d',\clminislntlion de lo S.A. des Prcs.-cs Libres Eg~·pticunes",0.0,0.0,0.0,0.0,0.0
1938,company,C00406,Sociélé des Publications Egyptien- nes,0.0,0.0,0.0,0.0,0.0
1938,company,C00368,S.A. Immobilière des Ter- rains Guizeh et Rodah,10.0,12.0,0.006153297094994284,0.0,0.16890161780118154
1938,company,C00071,Entrepôts,9.0,9.0,0.0,0.0,0.16337593782949622
1938,company,C00606,do l'Union Alexandrine,9.0,9.0,0.0,0.0,0.16337593782949622
1938,company,C00049,"Constructions Modernes, S. A. E",12.0,12.0,0.013556351640421639,0.0,0.1644519593739276
1938,company,C00484,Société des Produits Centrifugés en Ciment (Stac),9.0,9.0,0.0,0.0,0.16337593782949622
1938,company,C00012,Anglo-Belgian Co. of Egypt,18.0,18.0,0.002302346159463244,0.0,0.17481415984789736
1938,company,C00536,Fayoum Light Railways Co,1.0,1.0,0.0,0.0,0.13316954221302046
1938,company,C00114,S.A. du Béhéra,1.0,1.0,0.0,0.0,0.004732327713694174
1938,company,C00483,Sté. des Produits Centrifugés en Ciment,4.0,4.0,2.5772531635782584e-05,0.0,0.008281573498964804
1938,company,C00343,The Modern Buildings,2.0,2.0,0.0,0.0,0.116226326601744
1938,company,C00300,GaJJIJo.ri Land Co. ct de la S.A. de Nettoyage ct Pressage de Coton,2.0,2.0,0.0,0.0,0.116226326601744
1938,company,C00468,Société Texas,0.0,0.0,0.0,0.0,0.0
1938,company,C00639,lu Société Cotonnière d'Egypte,0.0,0.0,0.0,0.0,0.0
1938,company,C00318,"Industrie Fibres Textiles, S.A.E",12.0,12.0,0.0,0.0,0.19109149871128575
1938,company,C00072,Filature Nationale d'Egypte,30.0,33.0,0.019405654313875215,0.0,0.19816896162651856
1938,company,C00423,Société Egyptienne des Industries Textiles,23.0,28.0,0.004467135063801957,0.0,0.1973856850983505
1938,company,C00268,ComptoiJ' pour la Vente des Filés Egyptiens,6.0,6.0,0.0,0.0,0.16284319020613916
1938,company,C00421,Société Anonyme Egyptienne (( Carba »,6.0,6.0,0.0,0.0,0.16284319020613916
1938,company,C00524,"The Egyptian Copper Works, S.A.E",16.0,18.0,0.006759756725551023,0.0,0.17380015660051976
1938,company,C00139,Société Egyptienne des Pétroles,24.0,27.0,0.009241570048272333,0.0,0.18050088552969643
1938,company,C00132,Société Delta (Società Edile Egiziana),3.0,3.0,0.0,0.0,0.14377709691904803
1938,company,C00408,Sociél6 des Terres Rares d'Egypte,3.0,3.0,0.0,0.0,0.14377709691904803
1938,company,C00046,Communauté Israélite d'Alexandrie,1.0,1.0,0.0,0.0,0.002070393374741201
1938,company,C00563,Tl1e Alexandria Insurance Co,1.0,1.0,0.0,0.0,0.002070393374741201
1938,company,C00575,"Trading & Industrial Corp., S.A.E",0.0,0.0,0.0,0.0,0.0
1938,company,C00485,Société des Publications Egyptiennes,0.0,0.0,0.0,0.0,0.0
1938,company,C00504,Technique de la Salonica Cigarette Co .. S. A. E,0.0,0.0,0.0,0.0,0.0
1938,company,C00210,& Engineering Co,2.0,2.0,0.0,0.0,0.13269772806877594
1938,company,C00104,Réunion des Compagnies d'Assurances sur la Vie,2.0,2.0,0.0,0.0,0.004140786749482402
1938,company,C00578,Union Syndicale des Compagnies d'Assurances à p1 imes fixes de toutenature,2.0,2.0,0.0,0.0,0.004140786749482402
1938,company,C00004,"« Al-Chark » (L'Orient), Société Anonyme Egyptienne cl' Assurances sur la Vie",2.0,2.0,0.0,0.0,0.004140786749482402
1938,company,C00319,Industrie du Froid,0.0,0.0,0.0,0.0,0.0
1938,company,C00486,"Société des,'\.utobus de l3éhém el de Ghmbiell",0.0,0.0,0.0,0.0,0.0
1938,company,C00356,"Pcltoms, S. A. E",0.0,0.0,0.0,0.0,0.0
1938,company,C00533,The Elcctric,1.0,1.0,0.0,0.0,0.13340670969692614
1938,company,C00103,Rosetta & Alexandria Rice Mills,15.0,17.0,0.00960302447279614,0.0,0.1752230818592375
1938,company,C00634,lu Khedivial Mail Slcamship & Graving Docks Co. Ltcl. i7,0.0,0.0,0.0,0.0,0.0
1938,company,C00396,"Société Egyptienne de Tuyaux, Poteaux et Produits en Ciment Armé (Système Siegwart)",2.0,2.0,0.0,0.0,0.0972198150484413
1938,company,C00143,Société Franco-Egyptienne d'Importation,5.0,5.0,0.0045875106311692995,0.0,0.11759476843771431
1938,company,C00495,Succession Léon de I-Ielller,2.0,2.0,0.0,0.0,0.0972198150484413
1938,company,C00605,dlf Conseil d'Administration de la Société Générale des Sucreries,3.0,3.0,0.0,0.0,0.14502975313615493
1938,company,C00102,Raffinerie d'Egypte,29.0,33.0,0.012276751415170642,0.0,0.19406183288814513
1938,company,C00091,National Bank of Egypt,6.0,6.0,0.0008636619806923748,0.0,0.15753494741287913
1938,company,C00020,Banque Misr,8.0,8.0,0.0045875106311692995,0.0,0.16284319020613916
1938,company,C00653,"toutes les Entreprises Misr, financières, commerciales et industrielles, fondées par la Banque Misr en Egypte et à l'étranger",6.0,6.0,0.0,0.0,0.16248995118183082
1938,company,C00141,Société Foncière d'Egypte,9.0,10.0,0.0018634654001189464,0.0,0.17380015660051976
1938,company,C00234,Assicurazioni Generali (Trieste),6.0,6.0,0.0,0.0,0.16248995118183082
1938,company,C00290,The Egyptian General Omnibus Co,12.0,12.0,0.0,0.0,0.15148203740105967
1938,company,C00068,The Egyptian'1\Œotor Transport Co,5.0,5.0,0.0,0.0,0.15287319896902862
1938,company,C00534,The Elcdrit,1.0,1.0,0.0,0.0,0.10461992666874863
1938,company,C00376,S.A. des Chemins de I• er de la 13assc-Egypte ct de la S.A. des Tramways du Caire,3.0,3.0,0.0,0.0,0.12696248727936274
1938,company,C00417,Société,5.0,5.0,0.0,0.0,0.15287319896902862
1938,company,C00546,"The Sheffield Smelting Co. (Egypt), S.A",2.0,2.0,0.0,0.0,0.004140786749482402
1938,company,C00346,"The National Ginning Co. of Egypt, S.A.E",0.0,0.0,0.0,0.0,0.0
1938,company,C00311,Grands I-Ié'Jtels d'Egypte,10.0,11.0,0.0021337960244174016,0.0,0.17359876592079726
1938,company,C00541,The National J3ank of Egypt ct de The National Insurance Co,3.0,3.0,0.0,0.0,0.13376404909790005
1938,company,C00599,"cle lu Société Hongro-EgypLienne pom le Commerce, S. A. ct de la Socié16 des Autobus du Caire",0.0,0.0,0.0,0.0,0.0
1938,company,C00629,"ln Commercial Bank of Egypt. lsmalun, René, Ingénieur ,tgronome, l.N .. \",5.0,5.0,0.0,0.0,0.010351966873706004
1938,company,C00212,'aLion de la Société r\nonyme des Bières Bomonti & Pymmiclcs,5.0,5.0,0.0,0.0,0.010351966873706004
1938,company,C00418,"Société "" Phal'os »",5.0,5.0,0.0,0.0,0.010351966873706004
1938,company,C00542,The New Egyplian Coy,5.0,5.0,0.0,0.0,0.010351966873706004
1938,company,C00375,Société Anonyme des Chemins de Fer de la Basse E- gypte,5.0,5.0,0.0,0.0,0.010351966873706004
1938,company,C00628,lion de la Banque Belge ct lntcmnlionalc en Egyple,5.0,5.0,0.0,0.0,0.010351966873706004
1938,company,C00277,Cuisse IIypoll1écuirc d'Egyplc,1.0,1.0,0.0,0.0,0.12269920965573139
1938,company,C00567,Tllc Eledrir,2.0,2.0,0.0,0.0,0.004140786749482402
1938,company,C00287,Egyplian i\lolor Tn,2.0,2.0,0.0,0.0,0.004140786749482402
1938,company,C00428,Sté. Commerciale d'Egypte,2.0,2.0,0.0,0.0,0.13833401199413484
1938,company,C00640,lu Société Egyptienne cl 'Eu trcp1-iscs Urbailws ct Rumlcs,2.0,2.0,0.0,0.0,0.13833401199413484
1938,company,C00500,Sénat,5.0,5.0,0.0,0.0,0.16109218816091186
1938,company,C00392,S.A.E. des Tracteul'S cl'Egypte,5.0,5.0,0.0,0.0,0.16109218816091186
1938,company,C00014,The Anglo-Egyptian Land Allotment Co,10.0,10.0,0.004944374366656159,0.0,0.17220199424097474
1938,company,C00362,Port-Said Salt Association Ltd,8.0,8.0,0.0019474953407068562,0.0,0.16499530285203529
1938,company,C00228,Alexandria Navigation Co. ct Commissairrfln Gouvernement Egyptien à l'Exposition Internationale 1937 de Paris,5.0,5.0,0.0,0.0,0.16109218816091186
1938,company,C00028,Bourse des Marchandises,8.0,8.0,0.0,0.0,0.17729672779840006
1938,company,C00171,Egyptian Bonded Warehouses Co. Ltd,11.0,11.0,0.003450952523141381,0.0,0.17856464241912756
1938,company,C00076,The Gharbieh Land Co,11.0,12.0,0.0012250967835231118,0.0,0.17985082231650426
1938,company,C00108,Société Anonyme Immobilière du Domaine de Siouf,35.0,36.0,0.0625275209058388,0.0,0.22630775678194567
1938,company,C00626,S.A. Pharos,8.0,8.0,0.0,0.0,0.17729672779840006
1938,company,C00326,Levant Bonded Ware- houses Co,8.0,8.0,0.0,0.0,0.17729672779840006
1938,company,C00394,S.E. de Ciment,0.0,0.0,0.0,0.0,0.0
1938,company,C00281,Dépôts ct de la Société Cotonnière « Maarad »,3.0,3.0,0.0,0.0,0.12696248727936274
1938,company,C00434,Société Egyptienne Financière pour le Commerce,8.0,10.0,0.0011468776577923249,0.0,0.14460978280854056
1938,company,C00316,Industrie (( Sefina »,8.0,10.0,0.0011468776577923249,0.0,0.14460978280854056
1938,company,C00513,The Anglo-Belgian Co. ct de la Société Egyptienne de Ciment Portland Tomall,0.0,0.0,0.0,0.0,0.0
1938,company,C00128,S.A. des Tramways du Caire,5.0,5.0,0.0,0.0,0.16023073260924925
1938,company,C00241,Banque de Commerce N. Tepeghiosi & Co,0.0,0.0,0.0,0.0,0.0
1938,company,C00391,S.A.E. Portland de Hélouan,0.0,0.0,0.0,0.0,0.0
1938,company,C00042,Commerce Hellénique d'Alexandrie,11.0,11.0,0.002302346159463244,0.0,0.16590889810592252
1938,company,C00620,et Admi-,1.0,1.0,0.0,0.0,0.12793828777937494
1938,company,C00266,"Cie. d'Eclairage par le Gaz, Lebon& Co",1.0,1.0,0.0,0.0,0.12463871463365062
1938,company,C00393,Société Egyptienne d'Electricité,6.0,6.0,0.002302346159463244,0.0,0.1604022858561542
1938,company,C00031,The Cairo Suburban Building Land Co,15.0,17.0,0.012326025958165203,0.0,0.1696667440426365
1938,company,C00086,The Menzaleh Canal Navigation Co,4.0,4.0,0.0,0.0,0.15194293609497772
1938,company,C00473,"Société de Métallurgie Egyptienne, S. A. E",0.0,0.0,0.0,0.0,0.0
1938,company,C00574,Trading & Industrial,0.0,0.0,0.0,0.0,0.0
1938,company,C00650,plusieurs Sociétés Anglaises,0.0,0.0,0.0,0.0,0.0
1938,company,C00338,"Messrs. DaYies, l38llé.tClJi & Co. (UYerpool)",1.0,1.0,0.0,0.0,0.002070393374741201
1938,company,C00476,"Société des Autobus du Nord, S.A.E",1.0,1.0,0.0,0.0,0.002070393374741201
1938,company,C00475,Société des Aulobus du!\orel,2.0,2.0,0.0,0.0,0.10129529072998515
1938,company,C00477,Société des Autobus d'Alexandrie,4.0,4.0,0.0045875106311692995,0.0,0.1236103424006997
1938,company,C00479,Société des Autobus du Caire,2.0,2.0,0.0,0.0,0.10129529072998515
1938,company,C00661,«iu Conseil ‘d'Administration de la S.A.E. Carhba,3.0,3.0,0.0,0.0,0.0066252587991718435
1938,company,C00550,The United Egyplii,3.0,3.0,0.0,0.0,0.0066252587991718435
1938,company,C00525,"The Egyptian Copper Wor·l<s, S.A.E",3.0,3.0,0.0,0.0,0.0066252587991718435
1938,company,C00489,Société l'1 unco-Egyptienne clc,0.0,0.0,0.0,0.0,0.0
1938,company,C00506,"The ,\lcxnndt'ia Excilange Co. Ud. ct cle l'Alexandrin & Hnmlclt Huilways Co",0.0,0.0,0.0,0.0,0.0
1938,company,C00636,lu S.A. des Monts de Piété,0.0,0.0,0.0,0.0,0.0
1938,company,C00528,The Egyptian Engineering,0.0,0.0,0.0,0.0,0.0
1938,company,C00604,delu oriét6 des Autobus de Béhéra,1.0,1.0,0.0,0.0,0.002070393374741201
1938,company,C00254,"Charliieh, S.A.E",1.0,1.0,0.0,0.0,0.002070393374741201
1938,company,C00429,"Société Com- merciale Bulgaro-Egyplienne, S.A.E",0.0,0.0,0.0,0.0,0.0
1938,company,C00052,Crown Brewery,7.0,7.0,0.011339913919744336,0.0,0.1480392638237629
1938,company,C00590,au Consortium de Loteries (F.A.E.P.A.E.),2.0,2.0,0.0,0.0,0.11497754028368998
1938,company,C00289,Egyptian Finance Co,14.0,15.0,0.0023791915173071924,0.0,0.17963517384849884
1938,company,C00291,"The Egyptian Independent Oil Co., S.A.E",11.0,11.0,0.0,0.0,0.17899132017879096
1938,company,C00023,Banque du Crédit Agricole d'Egypte,16.0,17.0,0.010846800770591369,0.0,0.18587560172412906
1938,company,C00422,"Société Egyptienne de Constructions, S.A.E. (Egyco)",12.0,12.0,0.0,0.0,0.19109149871128575
1938,company,C00467,Société Roumaine<< Prahova u Societate Anonima Romana Pentru Industria si Corner-,2.0,2.0,0.0,0.0,0.004140786749482402
1938,company,C00177,The Egyptian Produce Trading Cy. S. A. E,9.0,12.0,1.0738554848242744e-05,0.0,0.1525618482582974
1938,company,C00419,"Société Nationale du Papier, S.A.E",4.0,4.0,0.0,0.0,0.15178899188414186
1938,company,C00181,The Manure Co. of Egypt,1.0,1.0,0.0,0.0,0.09008763378812269
1938,company,C00037,Compagnie d'Assurances «Al Charkl). w,4.0,5.0,3.393383332044707e-05,0.0,0.14774727316533337
1938,company,C00433,"Société Egyptiem1e Financière pour le Commerce et l""lndustl'ie cc Sefina u",0.0,0.0,0.0,0.0,0.0
1938,company,C00059,Dakahlieh Land Co,11.0,11.0,0.003197659837209756,0.0,0.13509083407542655
1938,company,C00288,"Egyptian Cotton Ginners & Exporters, S.A",3.0,3.0,0.0,0.0,0.12761135859424877
1938,company,C00115,"S.A. de Nettoyage et Pressage de Coton, S.A.E",3.0,3.0,0.0,0.0,0.12761135859424877
1938,company,C00262,Commercial Bank of the T\'eat' East,0.0,0.0,0.0,0.0,0.0
1938,company,C00447,"Société Egyptienne des lncluslries Clümiques, S.A.E",0.0,0.0,0.0,0.0,0.0
1938,company,C00243,Banque· de Paris el des P'ays-Bas,1.0,1.0,0.0,0.0,0.1448894922530445
1938,company,C00552,The Upper Egypt Ginning Co,10.0,10.0,0.0014879643750931218,0.0,0.1612655920233025
1938,company,C00323,«Josy,0.0,0.0,0.0,0.0,0.0
1938,company,C00255,Chemins de. Fer 1\,12.0,12.0,0.0,0.0,0.15148203740105967
1938,company,C00373,S.A. de \Vac!i 1\om-Om!Jo,12.0,12.0,0.0,0.0,0.15148203740105967
1938,company,C00514,The Anglo-Belgian Co. ct de la Société Viticole et Vinicolecl'Egyptc,12.0,12.0,0.0,0.0,0.15148203740105967
1938,company,C00502,TJ1c Gabbari Land Co,12.0,12.0,0.0,0.0,0.15148203740105967
1938,company,C00522,The Egyplian Ilolels l .tel,12.0,12.0,0.0,0.0,0.15148203740105967
1938,company,C00310,Grands Hôtels d'Egypte,12.0,12.0,0.0,0.0,0.15148203740105967
1938,company,C00030,Cairo Sand Bricks,12.0,12.0,0.0,0.0,0.15148203740105967
1938,company,C00380,clc la S.A. des Halles Centrales cl'Egyple,12.0,12.0,0.0,0.0,0.15148203740105967
1938,company,C00410,Sociélé Egyptienne de Ciment,12.0,12.0,0.0,0.0,0.15148203740105967
1938,company,C00389,S.A.E. Carba,10.0,11.0,0.0005976315114778194,0.0,0.15654726749179523
1938,company,C00523,The Egyptian Land & Buildings Co,4.0,4.0,0.0,0.0,0.14281766919890185
1938,company,C00499,Syndicat des Obligataires de la Société Générale des Sucreries ct de la Raffinerie d'Egypte,4.0,4.0,0.0,0.0,0.14281766919890185
1938,company,C00263,Communauté Hellénique du Caire,3.0,3.0,0.0,0.0,0.11741045061884642
1938,company,C00240,Banque de Commerce,3.0,3.0,0.0,0.0,0.11741045061884642
1938,company,C00226,The African Enterprise & Development Co,21.0,22.0,0.005661968490757206,0.0,0.18203612999957236
1938,company,C00529,The Egyptian Road Construction,4.0,4.0,0.0,0.0,0.10163889755064318
1938,company,C00440,Société Egyptienne de Placements ct de Crédit,0.0,0.0,0.0,0.0,0.0
1938,company,C00439,Société Egyptienne de Placements,1.0,1.0,0.0,0.0,0.002070393374741201
1938,company,C00273,Crédit,1.0,1.0,0.0,0.0,0.002070393374741201
1938,company,C00385,Société des Terres Rares d'Egypte,11.0,12.0,0.0016937661078532764,0.0,0.1644519593739276
1938,company,C00247,Cairo Land & Financial Co,0.0,0.0,0.0,0.0,0.0
1938,company,C00508,The Aboukir Co,0.0,0.0,0.0,0.0,0.0
1938,company,C00251,Cercle Belge,17.0,17.0,0.0,0.0,0.1746104137408485
1938,company,C00424,Société Belge de Bienfaisance,17.0,17.0,0.0,0.0,0.1746104137408485
1938,company,C00298,Fondation Egyptologique Reine Elisabeth,17.0,17.0,0.0,0.0,0.1746104137408485
1938,company,C00621,ete la Fédémtion des Industries en Egypte,17.0,17.0,0.0,0.0,0.1746104137408485
1938,company,C00154,Société d'Economie Politique,17.0,17.0,0.0,0.0,0.1746104137408485
1938,company,C00134,S.E. d'Irrigation,17.0,17.0,0.0,0.0,0.1746104137408485
1938,company,C00191,Union des Agriculteurs d'Egypte,17.0,17.0,0.0,0.0,0.1746104137408485
1938,company,C00109,Société Anonyme de Wadi Kom Ombo,17.0,17.0,0.0,0.0,0.1746104137408485
1938,company,C00458,Société Générale Immobilière d’E- gvple,17.0,17.0,0.0,0.0,0.1746104137408485
1938,company,C00047,Compagnie Frigorifique d'Egypte,5.0,6.0,0.0006873881401448156,0.0,0.15671101986364858
1938,company,C00658,"·ation de la Société Texas Egyptienne des Pétroles, S.A.E",0.0,0.0,0.0,0.0,0.0
1938,company,C00462,"Société IIor,gro Egypticnne pom le Commerce. (Etaùli à Burlapest)",0.0,0.0,0.0,0.0,0.0
1938,company,C00390,"S.A.E. "" Gunz"" (Egypte)",2.0,2.0,0.0,0.0,0.12340670097994072
1938,company,C00400,Soc,11.0,11.0,0.024430962464776013,0.0,0.15786694940953427
1938,company,C00364,"S . .-\.E. "" Ganz""",0.0,0.0,0.0,0.0,0.0
1938,company,C00403,Soci[•té drs i\ulolms du Caire,0.0,0.0,0.0,0.0,0.0
1938,company,C00633,lu Fabrique clcs Produits Chillli<J ues,0.0,0.0,0.0,0.0,0.0
1938,company,C00623,i\lcxnndria Insumncc Co,2.0,2.0,0.0,0.0,0.004140786749482402
1938,company,C00446,Société Egyptienne de la Ilout·sc Comntct·c·iulc de,2.0,2.0,0.0,0.0,0.004140786749482402
1938,company,C00627,lfl cw Egyplian Co. LLd,1.0,1.0,0.0,0.0,0.002070393374741201
1938,company,C00600,clr Tite Egyplian Engineering Slm·cs,1.0,1.0,0.0,0.0,0.002070393374741201
1938,company,C00029,Building Lands of Egypt,2.0,2.0,0.0,0.0,0.004140786749482402
1938,company,C00174,The Egyptian Cotton Cy,2.0,2.0,0.0,0.0,0.004140786749482402
1938,company,C00610,"elu Comite de Surveillance de la Compagnie de Navigation"" La Fluviale, F. Van Der Zee & Co",5.0,5.0,0.0,0.0,0.167579121912358
1938,company,C00367,"S.A. Immobili Riuniti, S.A.E",5.0,5.0,0.0,0.0,0.167579121912358
1938,company,C00372,"S.A. des Fibres Textiles, S.A.E",12.0,12.0,0.009955630750397557,0.0,0.17985082231650426
1938,company,C00292,"Egyptian PublicvVorks, S.A.E",5.0,5.0,0.0,0.0,0.167579121912358
1938,company,C00405,"Società Anonima Immobili Ri uni ti, S.A.E",7.0,7.0,0.0,0.0,0.1570395544964864
1938,company,C00069,Egyptian Salt & Soda,15.0,15.0,0.019214556935150735,0.0,0.18940042350145136
1938,company,C00437,"Société Egyptienne de Filature et Tissage de la Laine, S.A.E",0.0,0.0,0.0,0.0,0.0
1938,company,C00060,"Delta Trading Co., S.A.E",2.0,2.0,0.0,0.0,0.004140786749482402
1938,company,C00463,Société Immobilière de Boulac,2.0,2.0,0.0,0.0,0.004140786749482402
1938,company,C00481,Société des Biens de Rapport cl 'Egyptc,10.0,10.0,0.0,0.0,0.1340033407778605
1938,company,C00193,"Usines 1\élinies d'Egrenage ct cl'IIuilcrics, S.A.E",18.0,18.0,0.024167909744858204,0.0,0.17299738451460514
1938,company,C00554,The l,10.0,10.0,0.0,0.0,0.1340033407778605
1938,company,C00538,The General Accident Fire & Life Assumncc Corporation Ud. (Nca1· Easl Board),10.0,10.0,0.0,0.0,0.1340033407778605
1938,company,C00064,Egyptian Consolidated Land Ltd,10.0,10.0,0.0,0.0,0.1340033407778605
1938,company,C00162,The Alexandria Central Buildings,10.0,10.0,0.0,0.0,0.1340033407778605
1938,company,C00560,Tite Aboukir Co,10.0,10.0,0.0,0.0,0.1340033407778605
1938,company,C00305,Gibson & Pauling (Foreign) Lld,10.0,10.0,0.0,0.0,0.1340033407778605
1938,company,C00555,"The r,ond Agenl'y of Egypt",10.0,10.0,0.0,0.0,0.1340033407778605
1938,company,C00518,The British Egyptian Cotton Cy. Ud,10.0,10.0,0.0,0.0,0.1340033407778605
1938,company,C00010,Alexandria Exchange Co,0.0,0.0,0.0,0.0,0.0
1938,company,C00216,-Dit·ecteur de la S.A. des Anc,4.0,4.0,0.0,0.0,0.1465907387374247
1938,company,C00631,ln Soc,4.0,4.0,0.0,0.0,0.1465907387374247
1938,company,C00322,Ja Textile de Choul.Jrah,4.0,4.0,0.0,0.0,0.1465907387374247
1938,company,C00122,Société Anonyme des Anciennes Entreprises L. Rolin et Co,6.0,6.0,0.0,0.0,0.14433115124243548
1938,company,C00306,The Gl~n.r· bieh Land Co,6.0,6.0,0.0,0.0,0.14433115124243548
1938,company,C00414,SociélélJclgo-Egyplicnnc,6.0,6.0,0.0,0.0,0.14433115124243548
1938,company,C00493,Sol'iélé lmnwbiliè•rc de Zmualck,6.0,6.0,0.0,0.0,0.14433115124243548
1938,company,C00409,Sociélé Civile Norlil Zamalcl< Land,6.0,6.0,0.0,0.0,0.14433115124243548
1938,company,C00579,'Upper Egvpt Ginning Co,1.0,1.0,0.0,0.0,0.1282668963952466
1938,company,C00307,Gl1arbiell Land Co,4.0,4.0,0.0,0.0,0.14731144050112885
1938,company,C00420,Société Anonyme Belge-Egyptienne,4.0,4.0,0.0,0.0,0.14731144050112885
1938,company,C00218,"-Dél6gué de la Nile Oil Co., S.A.E",0.0,0.0,0.0,0.0,0.0
1938,company,C00505,The,0.0,0.0,0.0,0.0,0.0
1938,company,C00544,Nile Ginning Co. S.A.E. (Minia),0.0,0.0,0.0,0.0,0.0
1938,company,C00647,"ociété Nationale d'Egypte pour l'Exploitation des Mines ct Carrières, S. A. E",12.0,12.0,0.0,0.0,0.19109149871128575
1938,company,C00229,Alexandria Transport Co,20.0,24.0,0.003468923129150028,0.0,0.19532690350671192
1938,company,C00624,"ile Oil Cy., Crédit Minier S.E. de Buca!'csl",12.0,12.0,0.0,0.0,0.19109149871128575
1938,company,C00569,"Tlle Egyptian Cottun Ginn~·s & Exporters, S.E",12.0,12.0,0.0,0.0,0.19109149871128575
1938,company,C00571,Tlte National Insurance Co. of Egypt,12.0,12.0,0.0,0.0,0.19109149871128575
1938,company,C00545,The Sheffield Co. (Egypt) S.A.E,0.0,0.0,0.0,0.0,0.0
1938,company,C00526,"The Egyptian Copper vVorks, S.A.E. et clé l'Alexanclria Transport Co",0.0,0.0,0.0,0.0,0.0
1938,company,C00342,Mission Er,4.0,4.0,0.0,0.0,0.1401456828715136
1938,company,C00236,Banco Ilalo-Egiziano ct de la Société des Cign.rettes Nestor Gianaclis,4.0,4.0,0.0,0.0,0.1401456828715136
1938,company,C00386,S.A. du Domaine de Siouf,0.0,0.0,0.0,0.0,0.0
1938,company,C00238,"Banque de Cré- dit Hypothécaire Agricole d'Egypte, S.A.E",5.0,6.0,0.00027412261344982904,0.0,0.15087183785463043
1938,company,C00583,Usines d'Egrenage,1.0,1.0,0.0,0.0,0.12014092621463356
1938,company,C00315,Huileries,6.0,6.0,0.002302346159463244,0.0,0.1530293513683841
1938,company,C00580,Usines Réunies d'Egrenage,5.0,5.0,0.0,0.0,0.15287319896902862
1938,company,C00378,S.A. des Drogueries d'Egypte,2.0,3.0,0.0,0.0,0.004140786749482402
1938,company,C00260,Commerce Hellénique,9.0,9.0,0.0,0.0,0.15638385698293114
1938,company,C00110,Société Anonyme de Nettoyage,9.0,9.0,0.0,0.0,0.15638385698293114
1938,company,C00363,Pressage de Coton,9.0,9.0,0.0,0.0,0.15638385698293114
1938,company,C00129,Société Anonyme du Béhéra,10.0,10.0,0.0,0.0,0.16572537056376996
1938,company,C00073,Fédération Egyptienne des Industries,10.0,10.0,0.0,0.0,0.16572537056376996
1938,company,C00237,Bancollulu-Egiziuno,0.0,0.0,0.0,0.0,0.0
1938,company,C00395,S.E. de Ciment Po.rlluncl Tonn1ll,0.0,0.0,0.0,0.0,0.0
1938,company,C00601,"clç lu S.E. de Ciment Pnrllnn<l ToiJJ'ah, l_c Caire",0.0,0.0,0.0,0.0,0.0
1938,company,C00265,Compagnie Généi'Ulc Jtgypliennc de~· Pé·Lrolcs Co~ cp. S.A.E,0.0,0.0,0.0,0.0,0.0
1938,company,C00401,"Soci(•!é de Métallmgie Egyplicune, S.A.E",0.0,0.0,0.0,0.0,0.0
1938,company,C00641,lu Société Générale pour favoriser le dévcloppc Jilenl elu Commel'(,0.0,0.0,0.0,0.0,0.0
1938,company,C00253,Challlllre de Comme1·L·e Hellénique,0.0,0.0,0.0,0.0,0.0
1938,company,C00584,"Société Viticole et Vinicole d'Egypte, S.A.E",0.0,0.0,0.0,0.0,0.0
1938,company,C00656,~tration de la Banque d'Athènes,0.0,0.0,0.0,0.0,0.0
1938,company,C00426,Société California Egyptiennne de,0.0,0.0,0.0,0.0,0.0
1938,company,C00112,Société Egyptienne d'Entreprises Urbaines et Rurales,15.0,17.0,0.0028163639594449576,0.0,0.18071861880536555
1938,company,C00125,Société Anonyme des Immeubles d'Egyptc,1.0,1.0,0.0,0.0,0.14818569237353912
1938,company,C00425,Société California Egyptienne des Pétroles,5.0,5.0,0.009106294511309846,0.0,0.12391706781608605
1938,company,C00469,Société Texas Egyptienne des Pétroles,4.0,4.0,0.0,0.0,0.10163889755064318
1938,company,C00512,"The Amalgamated lee Factories & Cold Stores, S.A.E",4.0,4.0,0.0,0.0,0.10163889755064318
1938,company,C00252,Cercle Royal d'Escrime et autres cercles sporl'ifs,7.0,7.0,0.0,0.0,0.14447033268047063
1938,company,C00340,"Misr Airworks, S.A.E",7.0,7.0,0.0,0.0,0.14447033268047063
1938,company,C00465,Société Misr d'Assurances Générales,7.0,7.0,0.0,0.0,0.14447033268047063
1938,company,C00466,Société Misr pour Voyages,7.0,7.0,0.0,0.0,0.14447033268047063
1938,company,C00438,Société Egyptienne de Minoterie,2.0,2.0,0.0,0.0,0.004140786749482402
1938,company,C00399,Silos,2.0,2.0,0.0,0.0,0.004140786749482402
1938,company,C00530,"The Egyplian Neon Lights Co., S.A.E",2.0,2.0,0.0,0.0,0.004140786749482402
1938,company,C00630,ln S.E. cl'ltTig.1lion,0.0,0.0,0.0,0.0,0.0
1938,company,C00557,"Thr Sl1effield Smclling Co. (Egypl), S.A.E",0.0,0.0,0.0,0.0,0.0
1938,company,C00649,"p.i. du Conseil d'Administration~n clc The Union CoLLan Cy.-of Alcxandl""ia, S.A",8.0,8.0,0.0,0.0,0.1702451533973273
1938,company,C00652,socidé Gént'~1 ale de Pressage cl de Dépôt~,8.0,8.0,0.0,0.0,0.1702451533973273
1938,company,C00131,Société Cotonnière Maarad,8.0,8.0,0.0,0.0,0.1702451533973273
1938,company,C00551,The Upper Bgypt Ginning Factory,8.0,8.0,0.0,0.0,0.1702451533973273
1938,company,C00517,The Bottled Gas Co,2.0,2.0,0.0,0.0,0.004140786749482402
1938,company,C00203,~u Comptoir des Ciments,0.0,0.0,0.0,0.0,0.0
1938,company,C00313,"Honneto'/' de la Commv,nauté Israélite d",1.0,1.0,0.0,0.0,0.13340670969692614
1938,company,C00327,"Liou de Pellours, S. A. E",0.0,0.0,0.0,0.0,0.0
1938,company,C00644,lu s ..\ . des Tramways elu Caire,1.0,1.0,0.0,0.0,0.002070393374741201
1938,company,C00398,S.ociété Egy[lliennc cl'Eicdt·icité. v,1.0,1.0,0.0,0.0,0.002070393374741201
1938,company,C00592,cL Dirccl.eur Générnl cie In Société Anonyme Ag1·icole ct Jncluslriclle d'Egyple,0.0,0.0,0.0,0.0,0.0
1938,company,C00097,Palestine Hotels Co. Ltd,8.0,8.0,0.0,0.0,0.1731973814909226
1938,company,C00140,Société Financière et Industrielle d'Egypte,8.0,8.0,0.0,0.0,0.1731973814909226
1938,company,C00491,"Sociétés d'Assurances ""La Nationale )). (Nombreuseshautes décorations égyptiennes et étrangères)",2.0,2.0,0.0,0.0,0.14502975313615493
1938,company,C00320,Italo-Egiziano,0.0,0.0,0.0,0.0,0.0
1938,company,C00276,Crédit Lyonnais,0.0,0.0,0.0,0.0,0.0
1938,company,C00470,Société Texas Egyptienne des Pétroles ct de la Califomia Egyptienne des Pét1·oles,0.0,0.0,0.0,0.0,0.0
1938,company,C00531,The Egyptian Petroleum Storage Co,3.0,3.0,0.0,0.0,0.14241039447685175
1938,company,C00474,Société de Trans-,3.0,3.0,0.0,0.0,0.14241039447685175
1938,company,C00654,toutes les Sociétés créées par le Groupement Misr,2.0,2.0,0.0,0.0,0.12621376157510364
1938,company,C00455,Société Foncière d'Egyp- te,2.0,2.0,0.0,0.0,0.12621376157510364
1938,company,C00259,Commerce Egyptienne d'Alexandrie,8.0,8.0,0.0,0.0,0.15240664800574572
1938,company,C00027,lu Bomse de Minet El Bassal,8.0,8.0,0.0,0.0,0.15240664800574572
1938,company,C00007,The Alexandria Navigation Co,8.0,8.0,0.0,0.0,0.15240664800574572
1938,company,C00501,T!1e Alexandrin Navigation Cy. Ltcl. (London),8.0,8.0,0.0,0.0,0.15240664800574572
1938,company,C00532,The Egyptian Trading Co. Ltcl. (Liverpool),8.0,8.0,0.0,0.0,0.15240664800574572
1938,company,C00646,ociélé de Hégic des Revenusaffectés nu Service de lu Dette Pul.Jiiquc Hellénique,0.0,0.0,0.0,0.0,0.0
1938,company,C00516,"Asia & Africa Trading CY., S.A.E",5.0,5.0,0.0,0.0,0.010351966873706004
1938,company,C00511,The Alexandria Cotton Trading Co,5.0,5.0,0.0,0.0,0.010351966873706004
1938,company,C00284,Edrci & Co. Ltcl,5.0,5.0,0.0,0.0,0.010351966873706004
1938,company,C00211,"'' Bcsso"" S.A. pe1· l'Esporlazionc(Milnno)",5.0,5.0,0.0,0.0,0.010351966873706004
1938,company,C00492,"Socl6t6 Egyptienne Financière pour le Commercect l'Industrie "" Sefina ""·",5.0,5.0,0.0,0.0,0.010351966873706004
1938,company,C00556,The. Land Baui<. of Egy11L,0.0,0.0,0.0,0.0,0.0
1938,company,C00454,"Société Egyptienne pour le Tannage cL l'Industrie du Cuir, S.A.K",1.0,1.0,0.0,0.0,0.002070393374741201
1938,company,C00540,The Kaf1· El Znynt Collun Compally,1.0,1.0,0.0,0.0,0.002070393374741201
1938,company,C00206,!Jl du Comite de Sunrcillancc de The Egyptian Della Hicc Mills Co,1.0,1.0,0.0,0.0,0.002070393374741201
1938,company,C00215,-Dircc,1.0,1.0,0.0,0.0,0.002070393374741201
1938,person,P00164,Abaza Abele! Ilamid,3.0,3.0,0.0,0.0,0.008714596949891067
1938,person,P00165,Abaza Fouad,3.0,3.0,0.0,0.0,0.10411391783940803
1938,person,P00166,Abboud Mohamed Ahmed,10.0,10.0,0.005364910423470366,0.0,0.13757910571636062
1938,person,P00168,Abdel Rahman Fayed,1.0,1.0,0.0,0.0,0.002178649237472767
1938,person,P00169,Abdel Rahman Hamada,3.0,3.0,0.0,0.0,0.09245315904139433
1938,person,P00170,Abdel Rahman Rida,0.0,0.0,0.0,0.0,0.0
1938,person,P00172,Aboul Ela Meheissen El llag,4.0,4.0,0.0,0.0,0.00907770515613653
1938,person,P00174,Adela Césal' V,0.0,0.0,0.0,0.0,0.0
1938,person,P00175,Adda Femand C.A,0.0,0.0,0.0,0.0,0.0
1938,person,P00008,Adda Joseph A,0.0,0.0,0.0,0.0,0.0
1938,person,P00177,Adda Victot· A,5.0,5.0,0.0,0.0,0.11822654608873955
1938,person,P00178,Adès Elie N,0.0,0.0,0.0,0.0,0.0
1938,person,P00179,Adès Gaston N,0.0,0.0,0.0,0.0,0.0
1938,person,P00181,Aghiou,0.0,0.0,0.0,0.0,0.0
1938,person,P00182,Agnew Anch·ew,0.0,0.0,0.0,0.0,0.0
1938,person,P00183,Allain Maurice,2.0,2.0,0.0,0.0,0.07133731407514995
1938,person,P00018,Allam Mohamed,0.0,0.0,0.0,0.0,0.0
1938,person,P00184,Allard Josse-Louis Baron,3.0,3.0,0.0,0.0,0.11960305179999267
1938,person,P00185,Allemann Georges,11.0,11.0,0.009092957283293148,0.0,0.1420171413846303
1938,person,P00187,Ambron Aldo,0.0,0.0,0.0,0.0,0.0
1938,person,P00188,Amiel Raphaël,2.0,2.0,0.0,0.0,0.004357298474945534
1938,person,P00189,Amin Samy,2.0,2.0,0.0,0.0,0.09773061209449718
1938,person,P00190,Ancll'il t Col. Maurice,0.0,0.0,0.0,0.0,0.0
1938,person,P00191,Angeloglou Jean L,0.0,0.0,0.0,0.0,0.0
1938,person,P00193,At·msh·ong Lord,8.0,8.0,0.0,0.0,0.1332178084169947
1938,person,P00194,At·slan Abclalla,5.0,5.0,3.8055008514808156e-05,0.0,0.010893246187363835
1938,person,P00195,Alla,8.0,8.0,0.005466452835662529,0.0,0.1440080358900223
1938,person,P00196,Audebeau Charles,0.0,0.0,0.0,0.0,0.0
1938,person,P00197,Système Siegwart,3.0,3.0,0.0,0.0,0.006535947712418301
1938,person,P00198,Auer Conrad,0.0,0.0,0.0,0.0,0.0
1938,person,P00199,Awad Elias,3.0,3.0,0.0,0.0,0.006535947712418301
1938,person,P00201,Axeh·ood Matt M,0.0,0.0,0.0,0.0,0.0
1938,person,P00002,Badaoui,0.0,0.0,0.0,0.0,0.0
1938,person,P00202,Bahad Tewfik,0.0,0.0,0.0,0.0,0.0
1938,person,P00203,Barl{aï Ben Zion,1.0,1.0,0.0,0.0,0.002178649237472767
1938,person,P00204,"Bal""lœr A. H",3.0,3.0,0.0,0.0,0.11643974690351931
1938,person,P00205,Bat·ker,15.0,16.0,0.0353044196366775,0.0,0.16219852463402515
1938,person,P00206,Barld Edouard,0.0,0.0,0.0,0.0,0.0
1938,person,P00207,Ballino Elliott,0.0,0.0,0.0,0.0,0.0
1938,person,P00208,Bauerlé Gustave,0.0,0.0,0.0,0.0,0.0
1938,person,P00209,Beattie Thomas,5.0,5.0,0.0,0.0,0.07990765690699597
1938,person,P00210,Bégué Emile,6.0,6.0,0.0,0.0,0.11152371416332248
1938,person,P00211,Bchl'Cnd J. L,0.0,0.0,0.0,0.0,0.0
1938,person,P00213,Ben Asher Moïse,1.0,1.0,0.0,0.0,0.002178649237472767
1938,person,P00214,Benachi Alexandre L,0.0,0.0,0.0,0.0,0.0
1938,person,P00215,Benachi Lucas Ant,0.0,0.0,0.0,0.0,0.0
1938,person,P00216,Bendedi,3.0,3.0,0.0,0.0,0.006535947712418301
1938,person,P00217,Benderli Simon,3.0,3.0,0.0,0.0,0.006535947712418301
1938,person,P00218,Benoist B:uon Louis de,5.0,5.0,0.000547406680396918,0.0,0.1147061526568168
1938,person,P00219,Besso Joseph M,0.0,0.0,0.0,0.0,0.0
1938,person,P00221,Malone Peter,9.0,9.0,0.00325851925249369,0.0,0.08505350417791567
1938,person,P00222,Bonafous Alh·ed Résidant ~t Pal·is,0.0,0.0,0.0,0.0,0.0
1938,person,P00223,Bomonti Cm't,1.0,1.0,0.0,0.0,0.002178649237472767
1938,person,P00224,Bordier Pierre,5.0,5.0,0.0,0.0,0.010893246187363835
1938,person,P00226,Bouchra Hanna Chal'les,2.0,2.0,0.0,0.0,0.12006903771609652
1938,person,P00227,Boulle Léon,6.0,8.0,0.0,0.0,0.11152371416332248
1938,person,P00228,Bolll're Edouard,3.0,3.0,0.0008112670227006495,0.0,0.1237659424918264
1938,person,P00229,Boyer P,5.0,5.0,0.0,0.0,0.1266481630704032
1938,person,P00231,Brereton II. R,2.0,2.0,0.0,0.0,0.10700597111272492
1938,person,P00232,Bridson IL,0.0,0.0,0.0,0.0,0.0
1938,person,P00233,Bt·mmer :Frédéric,6.0,6.0,0.0,0.0,0.12426499871155151
1938,person,P00234,Buchlea Constantin Dr,0.0,0.0,0.0,0.0,0.0
1938,person,P00235,Hungenet· Alexand1·e,3.0,3.0,0.001950319186383918,0.0,0.07634447484838508
1938,person,P00236,Burlet Charles de,0.0,0.0,0.0,0.0,0.0
1938,person,P00237,Buxton Robert V,4.0,4.0,0.0,0.0,0.008714596949891068
1938,person,P00238,Cadéménos Stavros Me,0.0,0.0,0.0,0.0,0.0
1938,person,P00239,Caias Pantazi,1.0,1.0,0.0,0.0,0.002904865649963689
1938,person,P00240,Calambokidis A,2.0,2.0,0.0,0.0,0.12612982133887357
1938,person,P00241,Callens Auguste,6.0,6.0,0.0,0.0,0.12426499871155151
1938,person,P00242,Campbell The Hon,2.0,2.0,0.0,0.0,0.11944852589327433
1938,person,P00243,Campos Amedgo,0.0,0.0,0.0,0.0,0.0
1938,person,P00034,Campos Giuseppe,2.0,2.0,0.0,0.0,0.004357298474945534
1938,person,P00244,Campos Hans,0.0,0.0,0.0,0.0,0.0
1938,person,P00245,Ca1·ter Robm1,0.0,0.0,0.0,0.0,0.0
1938,person,P00246,Carton de Wiart Edmond Baron,6.0,6.0,0.0,0.0,0.12426499871155151
1938,person,P00036,Carver H. B,8.0,8.0,0.013252656715281941,0.0,0.13226489133246686
1938,person,P00247,Cassavetti Demetl'ious John,1.0,1.0,0.0,0.0,0.002178649237472767
1938,person,P00248,Castelletti,6.0,6.0,0.0,0.0,0.10864060991938229
1938,person,P00249,Castro Charles V,0.0,0.0,0.0,0.0,0.0
1938,person,P00250,Casti·o Salvatore,3.0,3.0,0.0,0.0,0.12426499871155151
1938,person,P00251,Casulli Jean N,3.0,3.0,0.0,0.0,0.006535947712418301
1938,person,P00252,Casulli Michel S,7.0,7.0,0.0035247182339134897,0.0,0.12310673640665025
1938,person,P00040,Cattaui Emile,1.0,1.0,0.0,0.0,0.002904865649963689
1938,person,P00253,Cattaui Hector de,1.0,1.0,0.0,0.0,0.09090772767098755
1938,person,P00041,Cattaui Joseph A.,8.0,10.0,0.002480944936063811,0.0,0.12527528325392187
1938,person,P00042,Cattaui René,1.0,1.0,0.0,0.0,0.09570720397659868
1938,person,P00254,Chaaraoui Hassan,2.0,2.0,0.0,0.0,0.004357298474945534
1938,person,P00255,Chalom C,4.0,4.0,0.0,0.0,0.11852969107871068
1938,person,P00256,Chale Charles Geoîh·ey,3.0,3.0,0.0,0.0,0.006535947712418301
1938,person,P00257,Choremi Georges J,2.0,2.0,0.0,0.0,0.004357298474945534
1938,person,P00258,Choucri Mahmoud,11.0,14.0,0.003099231000911407,0.0,0.12578661094067256
1938,person,P00046,Christomanos A. Max,2.0,2.0,0.0,0.0,0.12527528325392187
1938,person,P00047,Cicurel David,4.0,4.0,0.0,0.0,0.11072234615735847
1938,person,P00259,Cicurel Elvira Mme,1.0,1.0,0.0,0.0,0.002178649237472767
1938,person,P00260,CicUl'cl J'oseph,1.0,1.0,0.0,0.0,0.002178649237472767
1938,person,P00261,Clark G. H,3.0,3.0,0.0,0.0,0.006535947712418301
1938,person,P00262,Clark Henry,2.0,2.0,0.0,0.0,0.09630537400145242
1938,person,P00263,Coconi Jean D,5.0,5.0,0.0,0.0,0.11261042514177143
1938,person,P00264,Coen Edouard,4.0,4.0,0.0,0.0,0.00907770515613653
1938,person,P00265,Coen James,4.0,4.0,0.0,0.0,0.00907770515613653
1938,person,P00266,Coen Maul'izio,4.0,4.0,0.0,0.0,0.00907770515613653
1938,person,P00267,Cogels Baron Jean,3.0,3.0,0.0,0.0,0.006535947712418301
1938,person,P00268,Cohen Aron,3.0,3.0,0.0,0.0,0.006535947712418301
1938,person,P00269,Cohen Alîred N,2.0,2.0,0.0,0.0,0.004357298474945534
1938,person,P00270,Cohen,4.0,4.0,0.0,0.0,0.008714596949891068
1938,person,P00271,Cohen Victot·,3.0,3.0,0.0,0.0,0.006535947712418301
1938,person,P00272,Cohenca Monis,1.0,1.0,0.0,0.0,0.002178649237472767
1938,person,P00273,Collier Henry Dewat·d,2.0,2.0,0.0,0.0,0.07251228160109359
1938,person,P00274,Constant Benjamin,0.0,0.0,0.0,0.0,0.0
1938,person,P00275,Constant,1.0,1.0,0.0,0.0,0.002178649237472767
1938,person,P00276,Constantinescu Michel Ingénicut·,1.0,1.0,0.0,0.0,0.002178649237472767
1938,person,P00277,Constantinidis Emile,1.0,1.0,0.0,0.0,0.002178649237472767
1938,person,P00278,Conti Ettore,2.0,2.0,0.0,0.0,0.004357298474945534
1938,person,P00279,Cossery Edouard,3.0,3.0,0.0,0.0,0.006535947712418301
1938,person,P00280,CI·ame1·-Robm·ts F. W,2.0,2.0,0.0,0.0,0.09263843591322078
1938,person,P00281,Crespi Silvio,2.0,2.0,0.0,0.0,0.004357298474945534
1938,person,P00282,Critchley T.A.F,8.0,9.0,0.0,0.0,0.1332178084169947
1938,person,P00283,Curie! Elie M,2.0,2.0,0.0,0.0,0.09773061209449718
1938,person,P00284,Curiel Maurice E,0.0,0.0,0.0,0.0,0.0
1938,person,P00286,Davies Thomas E. H,0.0,0.0,0.0,0.0,0.0
1938,person,P00287,Davis T. A,5.0,5.0,0.009561320889345548,0.0,0.10353097317065435
1938,person,P00288,Defcsc Joseph,0.0,0.0,0.0,0.0,0.0
1938,person,P00289,Dclany At'tllllJ' S,0.0,0.0,0.0,0.0,0.0
1938,person,P00290,Delany W.B,3.0,3.0,0.0006649041926034818,0.0,0.11807555433128268
1938,person,P00291,Dclaquis René,0.0,0.0,0.0,0.0,0.0
1938,person,P00292,Deleuze C,0.0,0.0,0.0,0.0,0.0
1938,person,P00294,Dellaporta Byron G,6.0,9.0,0.0005551771489948715,0.0,0.12196986680922735
1938,person,P00295,Det·vieu P,1.0,1.0,0.0,0.0,0.06529177898403554
1938,person,P00297,Diacono Ileclot· V,3.0,3.0,0.0,0.0,0.008714596949891067
1938,person,P00298,Diucono R. O,3.0,3.0,0.0,0.0,0.008714596949891067
1938,person,P00299,Dierman Piel'l'c,5.0,5.0,0.0,0.0,0.011204481792717087
1938,person,P00300,Dol'l'a Jacques,3.0,3.0,0.0,0.0,0.11643974690351931
1938,person,P00301,J3clgiqtte,0.0,0.0,0.0,0.0,0.0
1938,person,P00302,Dubanc Joseph Me,1.0,1.0,0.0,0.0,0.006051803437424353
1938,person,P00303,Dubied Pierre,0.0,0.0,0.0,0.0,0.0
1938,person,P00304,Dulœs Et·ic,0.0,0.0,0.0,0.0,0.0
1938,person,P00306,Eicl Raymond,0.0,0.0,0.0,0.0,0.0
1938,person,P00307,Eliasco J. C,4.0,4.0,0.0,0.0,0.09135687652311693
1938,person,P00308,Le Caire,7.0,7.0,0.007357659153449824,0.0,0.09338702933474176
1938,person,P00309,Eloui Mme Elisabeth,1.0,1.0,0.0,0.0,0.002178649237472767
1938,person,P00310,Général de la Misr Airwork,0.0,0.0,0.0,0.0,0.0
1938,person,P00311,El Sayed Abdel Rahman,1.0,1.0,0.0,0.0,0.002178649237472767
1938,person,P00312,El-Toukhy Abdel Baki Taha,7.0,7.0,0.0,0.0,0.015250544662309368
1938,person,P00313,El-Toul hy Abdel Fattah Taha,7.0,7.0,0.0,0.0,0.015250544662309368
1938,person,P00314,EI-Toukhy El Sayed Ahmed,7.0,7.0,0.0,0.0,0.015250544662309368
1938,person,P00315,El Toukhy Hassan Ahmed,7.0,7.0,0.0,0.0,0.015250544662309368
1938,person,P00316,EI-Toukhy Mohamed Ahmed,7.0,7.0,0.0,0.0,0.015250544662309368
1938,person,P00317,El-Toul hy Taha Ahmed,7.0,7.0,0.0,0.0,0.015250544662309368
1938,person,P00318,El Zayat,7.0,7.0,0.0,0.0,0.015250544662309368
1938,person,P00319,Empain M. le Bar-on Jean,8.0,8.0,0.0,0.0,0.1332178084169947
1938,person,P00320,Empain Baron Louis,0.0,0.0,0.0,0.0,0.0
1938,person,P00321,Empedocles Gregory,1.0,1.0,0.0,0.0,0.002178649237472767
1938,person,P00322,Enan Saleh,1.0,1.0,0.0,0.0,0.002178649237472767
1938,person,P00323,Epaulat·d P,3.0,3.0,0.0,0.0,0.006535947712418301
1938,person,P00324,Erfan Mohamed,5.0,5.0,0.0,0.0,0.1191406688677762
1938,person,P00325,El'l'era Isaac,4.0,4.0,0.0,0.0,0.10838588398756663
1938,person,P00328,El Borollos,2.0,4.0,0.0,0.0,0.004357298474945534
1938,person,P00329,Eslabt•ool{ Edward Lewis,4.0,4.0,0.0,0.0,0.07835013478084266
1938,person,P00330,Eugenicli E,4.0,4.0,0.0,0.0,0.09135687652311693
1938,person,P00331,Eves II. B. Heath,4.0,4.0,0.0,0.0,0.008714596949891068
1938,person,P00332,Exbrayal,6.0,6.0,0.005793875046379542,0.0,0.0916285025187258
1938,person,P00333,Ezri Emmanuel,0.0,0.0,0.0,0.0,0.0
1938,person,P00334,Fahmi Gallini l~acha,0.0,0.0,0.0,0.0,0.0
1938,person,P00338,Fat·ghaly,9.0,10.0,0.0011825286063948059,0.0,0.13188753072952117
1938,person,P00339,Fcndcl'l Hugo,0.0,0.0,0.0,0.0,0.0
1938,person,P00340,Fcn·o J. H,0.0,0.0,0.0,0.0,0.0
1938,person,P00341,Feyerick Jacques,3.0,3.0,0.0,0.0,0.006535947712418301
1938,person,P00058,Finney Harold E,8.0,10.0,0.004436788017505299,0.0,0.12229253841454277
1938,person,P00059,Finney Oswald J,13.0,19.0,0.03296338747176529,0.0,0.14816211384838834
1938,person,P00060,Fitzgerard Francis C. R. E,1.0,1.0,0.0,0.0,0.11357881946117239
1938,person,P00061,Foster G. C,1.0,1.0,0.0,0.0,0.002178649237472767
1938,person,P00342,F1·asm· William,4.0,4.0,0.0,0.0,0.008714596949891068
1938,person,P00063,Fumaroli,2.0,2.0,0.0,0.0,0.09804152602480841
1938,person,P00343,Garboua Emile,3.0,3.0,0.0,0.0,0.006535947712418301
1938,person,P00344,Ga•·nou•· Gab!'icl,1.0,1.0,0.0,0.0,0.002178649237472767
1938,person,P00345,Gclal'Ciin Jacques,0.0,0.0,0.0,0.0,0.0
1938,person,P00346,Gr·ego Oscal',2.0,2.0,0.0,0.0,0.12261692180556277
1938,person,P00067,Gasche Linus,15.0,18.0,0.013943800467139663,0.0,0.1446841299552337
1938,person,P00347,Gautier Charles,5.0,5.0,0.0,0.0,0.010893246187363835
1938,person,P00348,Geisenberget· Piene,1.0,1.0,0.0,0.0,0.002178649237472767
1938,person,P00350,Ghazi Mahrous Mohamed,7.0,7.0,0.0,0.0,0.015250544662309368
1938,person,P00351,Ghazi Moustapha Ramet,4.0,7.0,0.0,0.0,0.12426499871155151
1938,person,P00069,Goar Edwin N. J,0.0,0.0,0.0,0.0,0.0
1938,person,P00352,Godbcr· Fr·cdcricl<,4.0,4.0,0.0,0.0,0.008714596949891068
1938,person,P00353,Golding Chal'lcs Mc,0.0,0.0,0.0,0.0,0.0
1938,person,P00354,Goulène G,1.0,1.0,0.0,0.0,0.002178649237472767
1938,person,P00355,Grassi Gr. Uff. Carlo,6.0,6.0,8.562376915831835e-05,0.0,0.013071895424836602
1938,person,P00356,Grassi. Stanislas,0.0,0.0,0.0,0.0,0.0
1938,person,P00357,Gt·assi Ugo Oott,4.0,4.0,0.0,0.0,0.10838588398756663
1938,person,P00358,Gt·asso Oscar· Rag,3.0,3.0,0.0,0.0,0.006535947712418301
1938,person,P00359,Gt·eenhalgh Thomas,1.0,1.0,0.0,0.0,0.09245315904139433
1938,person,P00360,Gt·egusci G,2.0,2.0,0.0,0.0,0.10295452009063957
1938,person,P00361,Gdmpt·el Maui'Ïce,1.0,1.0,0.0,0.0,0.002178649237472767
1938,person,P00362,Groppi A,0.0,0.0,0.0,0.0,0.0
1938,person,P00363,Gueziri Ot·,4.0,4.0,0.0,0.0,0.00907770515613653
1938,person,P00364,Guirguis Elias,0.0,0.0,0.0,0.0,0.0
1938,person,P00366,Ginsberg Richard,0.0,0.0,0.0,0.0,0.0
1938,person,P00367,Hahnlose•· 0•·. Emile,5.0,5.0,0.0,0.0,0.11792494775688052
1938,person,P00368,Halim Mot·aan EH,0.0,0.0,0.0,0.0,0.0
1938,person,P00369,Hanan Victot,2.0,2.0,0.0,0.0,0.080957232085284
1938,person,P00371,Sir Harat•i Victot·,7.0,7.0,0.0017028395580953612,0.0,0.12426499871155151
1938,person,P00372,Harb Mohamed Talaat,18.0,20.0,0.020733869116165718,0.0,0.14651847708620339
1938,person,P00373,Jlare Commander F. T,3.0,3.0,0.0,0.0,0.10329961904066406
1938,person,P00374,Ilarmant Eugène,8.0,8.0,0.0,0.0,0.1332178084169947
1938,person,P00375,Hasda A,1.0,1.0,0.0,0.0,0.10541979366179513
1938,person,P00376,Hassan Hafez,3.0,3.0,0.0,0.0,0.09245315904139433
1938,person,P00377,Ciment Portland Tourah,5.0,5.0,0.012574026793826363,0.0,0.11456401368202519
1938,person,P00378,Ilegener Th. M,3.0,3.0,0.0,0.0,0.11960305179999267
1938,person,P00379,Helier Edouard de~,2.0,2.0,0.0,0.0,0.10554013589200266
1938,person,P00380,Henkart Raoul,5.0,5.0,0.0,0.0,0.011204481792717087
1938,person,P00381,Ililal Léonidas Gamil,1.0,1.0,0.0,0.0,0.002178649237472767
1938,person,P00382,Ililali Ahmecl Naguib,1.0,1.0,0.0,0.0,0.002178649237472767
1938,person,P00383,Ilit·sh Siegmund,4.0,4.0,0.0,0.0,0.11614718472536976
1938,person,P00384,Jlochart Mam·ice,1.0,1.0,0.0,0.0,0.002178649237472767
1938,person,P00385,Hoet·ni Robm·t,5.0,5.0,0.0,0.0,0.010893246187363835
1938,person,P00386,Home Sit· John Ba1·t,3.0,4.0,0.001950319186383918,0.0,0.11385857024802258
1938,person,P00387,Horne F. J,1.0,1.0,0.0,0.0,0.002178649237472767
1938,person,P00388,Horthy,0.0,0.0,0.0,0.0,0.0
1938,person,P00389,Huber Osca1· Com. Ing,0.0,0.0,0.0,0.0,0.0
1938,person,P00390,Izzet Abdullah,6.0,6.0,0.0,0.0,0.10864060991938229
1938,person,P00391,Jacot-Descombcs J.G,1.0,1.0,0.0,0.0,0.002178649237472767
1938,person,P00392,K:-u·am Edouanl,6.0,6.0,0.001950319186383918,0.0,0.12426499871155151
1938,person,P00395,Kel'ihuel V. J,1.0,1.0,0.0,0.0,0.09804152602480841
1938,person,P00396,IHoul'i Joseph,4.0,4.0,0.0,0.0,0.00907770515613653
1938,person,P00397,Kfomi Philippe,4.0,4.0,0.0,0.0,0.00907770515613653
1938,person,P00398,Kfomi Michel,4.0,4.0,0.0,0.0,0.00907770515613653
1938,person,P00399,Khalil Mohamed Mahmoud,9.0,9.0,0.005423407508348497,0.0,0.13923668530330474
1938,person,P00400,Kii'J{man Robert,5.0,5.0,0.0,0.0,0.07990765690699597
1938,person,P00089,Klat Jules,12.0,13.0,0.02332358394766679,0.0,0.15332198846002376
1938,person,P00401,Koch Gaspat·,0.0,0.0,0.0,0.0,0.0
1938,person,P00090,Labruyère René Julien,7.0,8.0,0.00016664167419083652,0.0,0.11484864477191843
1938,person,P00091,Lagonico S,4.0,6.0,0.0,0.0,0.11484864477191843
1938,person,P00402,Lagoudalds Constantin J,2.0,4.0,0.0,0.0,0.09773061209449718
1938,person,P00403,LaheiTèt·c L,3.0,3.0,0.0,0.0,0.10329961904066406
1938,person,P00404,Lambert Florent Casimir,0.0,0.0,0.0,0.0,0.0
1938,person,P00405,Lancker Fr. De,1.0,1.0,0.0,0.0,0.10566075319016495
1938,person,P00406,Lappas Georges,1.0,1.0,0.0,0.0,0.002178649237472767
1938,person,P00407,Larsen Gunnat·,0.0,0.0,0.0,0.0,0.0
1938,person,P00092,Lascaris Mario,1.0,1.0,0.0,0.0,0.11085510676426179
1938,person,P00408,Lebon Mat•cel,2.0,2.0,0.0,0.0,0.10578164650045117
1938,person,P00409,Lee Lee Roger Malcolm,5.0,5.0,0.0,0.0,0.1275215986777853
1938,person,P00410,Lees Sir William Clare,5.0,5.0,0.0,0.0,0.1275215986777853
1938,person,P00411,Lemarquis J,5.0,8.0,8.562376915831835e-06,0.0,0.12393184858095756
1938,person,P00412,Leten Paul,5.0,5.0,0.0,0.0,0.011204481792717087
1938,person,P00413,Leten Roland,5.0,5.0,0.0,0.0,0.011204481792717087
1938,person,P00093,Levi Guido,8.0,11.0,0.0031191427585518165,0.0,0.12894443380947604
1938,person,P00414,Levi 1. G,1.0,1.0,0.0,0.0,0.002178649237472767
1938,person,P00415,Levi Nellos A,5.0,5.0,0.0,0.0,0.011204481792717087
1938,person,P00416,Levi RoU,0.0,0.0,0.0,0.0,0.0
1938,person,P00417,Lhomme L,5.0,8.0,8.562376915831835e-06,0.0,0.12393184858095756
1938,person,P00418,Lloyd John Evans,0.0,0.0,0.0,0.0,0.0
1938,person,P00419,Lloyd John E,2.0,2.0,0.0,0.0,0.004357298474945534
1938,person,P00420,Lomba•·cl Albert,5.0,5.0,0.0,0.0,0.010893246187363835
1938,person,P00421,Lombat·do Cesat·e,1.0,1.0,0.0,0.0,0.006051803437424353
1938,person,P00422,Lombardo Hugo,1.0,1.0,0.0,0.0,0.08536764454422376
1938,person,P00423,Losco Bernat•d,3.0,3.0,0.0,0.0,0.008714596949891067
1938,person,P00096,Lowe A. J,1.0,1.0,0.0,0.0,0.002178649237472767
1938,person,P00425,Luce,0.0,0.0,0.0,0.0,0.0
1938,person,P00426,Lumbroso J,0.0,0.0,0.0,0.0,0.0
1938,person,P00428,MacCuloch Norman G,5.0,5.0,0.0,0.0,0.1275215986777853
1938,person,P00429,Mac Ewen William G,3.0,3.0,0.0,0.0,0.0845092861438705
1938,person,P00430,Maggiar Anch·é 0,0.0,0.0,0.0,0.0,0.0
1938,person,P00431,Maher DL·. Ahmed,5.0,5.0,0.0,0.0,0.11822654608873955
1938,person,P00432,Mahfouz Hassan,1.0,1.0,0.0,0.0,0.002178649237472767
1938,person,P00433,Mahmoud Zald,3.0,3.0,0.0,0.0,0.10411391783940803
1938,person,P00434,Maksucl Emile,0.0,0.0,0.0,0.0,0.0
1938,person,P00435,Malatesta Me Tt·istan,4.0,4.0,0.0,0.0,0.10838588398756663
1938,person,P00437,Mai·chal H,2.0,2.0,0.0,0.0,0.10578164650045117
1938,person,P00438,Et:yptienne des Pétroles COGEP,0.0,0.0,0.0,0.0,0.0
1938,person,P00439,MasUl'el Andr·é Follet,3.0,5.0,0.0,0.0,0.10725424482760364
1938,person,P00440,Mattalon William,5.0,5.0,0.0,0.0,0.11792494775688052
1938,person,P00441,Matecf Matey R,3.0,3.0,0.0,0.0,0.006535947712418301
1938,person,P00442,Matossian Joseph O,3.0,3.0,0.0,0.0,0.006535947712418301
1938,person,P00443,Matossian Vincent O,3.0,3.0,0.0,0.0,0.006535947712418301
1938,person,P00444,Matsa Constantin A,3.0,3.0,0.0,0.0,0.09835442451212163
1938,person,P00445,Maughfling J,3.0,3.0,0.0,0.0,0.10329961904066406
1938,person,P00446,Mavro Mike,2.0,4.0,0.0,0.0,0.09773061209449718
1938,person,P00447,Mazin L. A. Ing,2.0,2.0,0.0,0.0,0.09263843591322078
1938,person,P00100,Mazloum Hassan,26.0,34.0,0.037829828027799876,0.0,0.1580395881049476
1938,person,P00448,Medici Del Vascello Le Marquis Luigi,1.0,1.0,0.0,0.0,0.12245451528661501
1938,person,P00449,Peel Col. E.T,0.0,0.0,0.0,0.0,0.0
1938,person,P00450,Messiqua Marcel,10.0,13.0,0.005513681276660147,0.0,0.14050632073160232
1938,person,P00451,Metwalli Mohamed,1.0,1.0,0.0,0.0,0.09742166390031015
1938,person,P00452,Michell F. W,2.0,2.0,0.0,0.0,0.11944852589327433
1938,person,P00453,Michriki Youssef,5.0,5.0,0.0,0.0,0.11822654608873955
1938,person,P00454,Millet· A,4.0,4.0,0.0,0.0,0.07835013478084266
1938,person,P00455,Mills A. E,2.0,2.0,0.0,0.0,0.10825896843254605
1938,person,P00102,Minost Emile,8.0,9.0,0.0017475112010910555,0.0,0.12858575666396985
1938,person,P00456,Misrahi Albert,0.0,0.0,0.0,0.0,0.0
1938,person,P00457,Misrahi Isaac J,6.0,6.0,0.007818429072557058,0.0,0.09376588138072448
1938,person,P00458,Mitarachi Th,6.0,6.0,0.015136379636764945,0.0,0.1137185228061431
1938,person,P00459,Mobel'ly Cha1·le~ Hem·y Dowarcl,0.0,0.0,0.0,0.0,0.0
1938,person,P00460,Mohamccl Abbas Rachid,0.0,0.0,0.0,0.0,0.0
1938,person,P00461,Mohamcd Fouad,5.0,5.0,0.0038816108685104317,0.0,0.08466406505622191
1938,person,P00462,Monchicourt Ancll'é P,2.0,2.0,0.0,0.0,0.07133731407514995
1938,person,P00464,Montaner,1.0,1.0,0.0,0.0,0.002178649237472767
1938,person,P00465,Morch O. V,1.0,1.0,0.0,0.0,0.002178649237472767
1938,person,P00466,MOI·dan James,1.0,1.0,0.0,0.0,0.002178649237472767
1938,person,P00467,Moreau E,5.0,5.0,0.0,0.0,0.1266481630704032
1938,person,P00469,M01·pm·go Gustavo,2.0,2.0,0.0,0.0,0.11165840463936513
1938,person,P00470,Morton James Het·bei·t,1.0,1.0,0.0,0.0,0.10541979366179513
1938,person,P00471,Mossél'i AlbCI't Vita,0.0,0.0,0.0,0.0,0.0
1938,person,P00106,Mosséri Elie N,13.0,14.0,0.011075915494395785,0.0,0.13360283098467388
1938,person,P00473,Portland Tourab,5.0,6.0,0.001950319186383918,0.0,0.11629328181307463
1938,person,P00476,Mosseri Joseph Vita,1.0,1.0,0.0,0.0,0.002178649237472767
1938,person,P00108,Mosseri Maurice N,2.0,2.0,0.0,0.0,0.10554013589200266
1938,person,P00477,Egyptienne de Tuyaux,5.0,6.0,0.0038816108685104317,0.0,0.12459994479972282
1938,person,P00478,Moucbly Cécile,3.0,3.0,0.0,0.0,0.006535947712418301
1938,person,P00479,Moucbly Max,3.0,3.0,0.0,0.0,0.006535947712418301
1938,person,P00480,Mou1·atiadi C. M,5.0,5.0,0.0038816108685104317,0.0,0.0985641354385867
1938,person,P00481,Mullet Georges,14.0,16.0,0.010911332579328666,0.0,0.1379897896140214
1938,person,P00482,MUI·at E,2.0,2.0,0.0,0.0,0.07251228160109359
1938,person,P00483,Nacamuli Albcl'l,0.0,0.0,0.0,0.0,0.0
1938,person,P00484,Nacamuli Isaac E. Comm,0.0,0.0,0.0,0.0,0.0
1938,person,P00485,Nachaty Youssef Dr,2.0,2.0,0.0,0.0,0.004357298474945534
1938,person,P00486,Nahas Michel,3.0,3.0,0.0,0.0,0.006535947712418301
1938,person,P00487,Nahas Robert,3.0,3.0,0.0,0.0,0.006535947712418301
1938,person,P00488,Nahman Armand V,12.0,13.0,0.004537871781705246,0.0,0.12459994479972282
1938,person,P00489,Nahmias Salomon,0.0,0.0,0.0,0.0,0.0
1938,person,P00490,Napier Sir ' Joseph W. L,0.0,0.0,0.0,0.0,0.0
1938,person,P00114,Nathan Edward,3.0,4.0,0.0,0.0,0.11960305179999267
1938,person,P00115,Naus Henry,26.0,33.0,0.02264716008488249,0.0,0.1518114269973634
1938,person,P00491,Nelson George,5.0,5.0,0.0,0.0,0.07990765690699597
1938,person,P00492,Neuflize Baron A. de,2.0,2.0,0.0,0.0,0.07628148435758608
1938,person,P00493,Nichols D,2.0,4.0,0.0,0.0,0.004357298474945534
1938,person,P00494,NicoloU Assen,3.0,3.0,0.0,0.0,0.006535947712418301
1938,person,P00495,NicoloH Ivan,3.0,3.0,0.0,0.0,0.006535947712418301
1938,person,P00496,Nogara G1·. Cord. Ing. Bei·nardino,2.0,2.0,0.0,0.0,0.004357298474945534
1938,person,P00116,Nubar Arakel,10.0,12.0,0.0009066963799780088,0.0,0.13399008556723818
1938,person,P00497,Nubar Zarch,6.0,8.0,0.0,0.0,0.11152371416332248
1938,person,P00498,Nurray Geo1·ge Maggibon,0.0,0.0,0.0,0.0,0.0
1938,person,P00500,Orsi Carlo,6.0,6.0,0.0,0.0,0.10864060991938229
1938,person,P00501,Pace UmbCI·to Mc,2.0,2.0,0.0,0.0,0.080957232085284
1938,person,P00502,Passardi Renato Ha!J,2.0,2.0,0.0,0.0,0.12261692180556277
1938,person,P00503,Pathy Polnaue1· EI·nst,0.0,0.0,0.0,0.0,0.0
1938,person,P00504,J>athy Polnaucr· Georges,4.0,4.0,0.001950319186383918,0.0,0.10529972555967464
1938,person,P00505,Pathy Polnauer Ladislas,0.0,0.0,0.0,0.0,0.0
1938,person,P00506,Commerce,0.0,0.0,0.0,0.0,0.0
1938,person,P00507,Pavlica Dussan,0.0,0.0,0.0,0.0,0.0
1938,person,P00508,Pcgua,0.0,0.0,0.0,0.0,0.0
1938,person,P00510,Pilavachi Constantin G,3.0,3.0,0.0,0.0,0.006535947712418301
1938,person,P00511,Pinto Cav. Attilio,9.0,9.0,0.014752124301565202,0.0,0.14887787285248683
1938,person,P00513,Pinto Ezio,2.0,2.0,0.0,0.0,0.11112158538629127
1938,person,P00120,Pinto Silvio,21.0,21.0,0.036426716349769496,0.0,0.1420171413846303
1938,person,P00514,Pollet Raymond,0.0,0.0,0.0,0.0,0.0
1938,person,P00515,Pollet Robe1·t,3.0,5.0,0.0,0.0,0.10725424482760364
1938,person,P00516,"Pontremoli Maul""ice B",3.0,3.0,0.0,0.0,0.006535947712418301
1938,person,P00517,Pontremoli Rachel Mme. Vve. B,3.0,3.0,0.0,0.0,0.006535947712418301
1938,person,P00123,Rabbath Sélim,1.0,1.0,0.0,0.0,0.002178649237472767
1938,person,P00518,Raemy Bemai'CI de,1.0,1.0,0.0,0.0,0.1030692965901832
1938,person,P00519,Ragheb Hanna,3.0,3.0,0.0,0.0,0.12476809587232704
1938,person,P00520,Ralli Alexandre,3.0,3.0,0.0,0.0,0.006535947712418301
1938,person,P00521,Ramlot Paul,6.0,6.0,0.0,0.0,0.12426499871155151
1938,person,P00124,Raybaud Max,3.0,3.0,0.0,0.0,0.09835442451212163
1938,person,P00522,Razeti Aldo,3.0,3.0,0.0,0.0,0.006535947712418301
1938,person,P00523,Reinha1·t P. J1·,1.0,1.0,0.0,0.0,0.002178649237472767
1938,person,P00524,Remaugé,6.0,6.0,0.0,0.0,0.11152371416332248
1938,person,P00525,Richès Jacques,2.0,2.0,0.009459823136247552,0.0,0.11484864477191843
1938,person,P00526,Hodocanachi Th,0.0,0.0,0.0,0.0,0.0
1938,person,P00527,Holin Daniel,6.0,8.0,0.0006513124205999255,0.0,0.12426499871155151
1938,person,P00528,Holin Léon,9.0,9.0,0.011602665715026439,0.0,0.12327087872185911
1938,person,P00529,Holo,5.0,5.0,0.0,0.0,0.11261042514177143
1938,person,P00530,Uolo Max,4.0,4.0,0.0,0.0,0.11072234615735847
1938,person,P00531,Hom Fl'ançois,9.0,11.0,0.01021263330994547,0.0,0.12510576324951872
1938,person,P00532,Homniciano Ion,0.0,0.0,0.0,0.0,0.0
1938,person,P00534,Houchdy Mohamed,0.0,0.0,0.0,0.0,0.0
1938,person,P00537,Rutimeycr R. L,0.0,0.0,0.0,0.0,0.0
1938,person,P00538,Saab Comte Aziz de,1.0,1.0,0.0,0.0,0.09680959061926107
1938,person,P00539,Saab Comte Sélim de,4.0,4.0,0.0,0.0,0.11852969107871068
1938,person,P00542,Sabry Hussein,27.0,30.0,0.0375226296012981,0.0,0.16809665280253516
1938,person,P00543,Sachs Ft·eddy,0.0,0.0,0.0,0.0,0.0
1938,person,P00544,Sade!< \Vahba,0.0,0.0,0.0,0.0,0.0
1938,person,P00545,Sadik Henein,4.0,5.0,0.0007058510797415385,0.0,0.11960305179999267
1938,person,P00546,SaiwaL Mohamed I>acha,0.0,0.0,0.0,0.0,0.0
1938,person,P00547,Said Hassan,3.0,4.0,0.001950319186383918,0.0,0.12148903947620807
1938,person,P00548,Said Khachaba,3.0,3.0,0.0,0.0,0.10411391783940803
1938,person,P00549,Salama Joseph,1.0,1.0,0.0,0.0,0.10541979366179513
1938,person,P00550,Salama Mat•co,2.0,2.0,0.0,0.0,0.004357298474945534
1938,person,P00551,Salama Salvatore,14.0,15.0,0.01093871433498114,0.0,0.13757910571636062
1938,person,P00552,Salem Comm. Emmanuel,4.0,4.0,0.0,0.0,0.10838588398756663
1938,person,P00553,Salem Ovadia,2.0,3.0,0.0,0.0,0.004357298474945534
1938,person,P00135,Salvago Constantin M,16.0,22.0,0.014427729796868283,0.0,0.1379897896140214
1938,person,P00555,Salvago Michel C,20.0,27.0,0.016411400988861367,0.0,0.14698435459681136
1938,person,P00556,Samel Mamice,7.0,10.0,0.00135095280227569,0.0,0.12612982133887357
1938,person,P00557,Saxby Ch. H,5.0,5.0,3.8055008514808156e-05,0.0,0.010893246187363835
1938,person,P00558,Sayet· Sidney,2.0,2.0,0.0,0.0,0.07251228160109359
1938,person,P00559,Scclsi Gr. UH. Lconcllo,0.0,0.0,0.0,0.0,0.0
1938,person,P00561,Schellcnbet·g Hans,0.0,0.0,0.0,0.0,0.0
1938,person,P00562,Schmidheyni Emst Jt·,0.0,0.0,0.0,0.0,0.0
1938,person,P00563,Scoccimam Silvio N,0.0,0.0,0.0,0.0,0.0
1938,person,P00564,Scdclil{ Ahmed,0.0,0.0,0.0,0.0,0.0
1938,person,P00565,Sellas,5.0,5.0,0.0,0.0,0.11261042514177143
1938,person,P00566,Seoucl,3.0,3.0,0.0,0.0,0.006535947712418301
1938,person,P00567,Shamà Me. André,2.0,2.0,0.0,0.0,0.004357298474945534
1938,person,P00139,Sidi Vitali,1.0,1.0,0.0,0.0,0.09081842734911034
1938,person,P00569,S~mon,0.0,0.0,0.0,0.0,0.0
1938,person,P00570,Sinadino Aug. Th,0.0,0.0,0.0,0.0,0.0
1938,person,P00571,Singleton Alex. Joseph Nichols,1.0,1.0,0.0,0.0,0.002178649237472767
1938,person,P00572,Small Walter Madison,4.0,4.0,0.0,0.0,0.07835013478084266
1938,person,P00573,Smith K. B. Woodd,3.0,3.0,0.0,0.0,0.13496811538889683
1938,person,P00575,Soliman Abdel Hamid,0.0,0.0,0.0,0.0,0.0
1938,person,P00576,Soliman Skender,2.0,2.0,0.0,0.0,0.004357298474945534
1938,person,P00577,Spetscropoulo D,3.0,3.0,0.0,0.0,0.008714596949891067
1938,person,P00140,Spetseropoulo G. D,3.0,3.0,0.0,0.0,0.008714596949891067
1938,person,P00579,SpiniŒ Pacha Major Général El Férik Sir C. W,6.0,6.0,0.0038816108685104317,0.0,0.11643974690351931
1938,person,P00580,Stathatos Antoine,4.0,4.0,0.0,0.0,0.09135687652311693
1938,person,P00581,Stephanou A,0.0,0.0,0.0,0.0,0.0
1938,person,P00582,Stevens T. F,4.0,4.0,0.0009679186374349234,0.0,0.12527528325392187
1938,person,P00583,Stoffel Arrigo,6.0,6.0,0.0,0.0,0.10864060991938229
1938,person,P00584,Sti·ange Abner Franl{,0.0,0.0,0.0,0.0,0.0
1938,person,P00141,Strologo G. D,9.0,9.0,0.004773761587708974,0.0,0.12876484546155198
1938,person,P00585,Suarès Gustave,3.0,3.0,0.0,0.0,0.11702931524227131
1938,person,P00144,Suarès Jacques,6.0,7.0,0.0004596388126656129,0.0,0.1237659424918264
1938,person,P00586,Suarès Léon,3.0,3.0,0.0,0.0,0.11702931524227131
1938,person,P00146,Sultan Dr. Fouad,12.0,14.0,0.012277880850818029,0.0,0.13496811538889683
1938,person,P00147,Sursock Nicolas A,3.0,3.0,0.0,0.0,0.13113923268282882
1938,person,P00587,Sm·sock Wladimlr·,2.0,2.0,9.513752128702039e-06,0.0,0.004357298474945534
1938,person,P00588,Tagher Oscar,5.0,5.0,0.007725166728506055,0.0,0.08632414476320667
1938,person,P00589,Tagher Philippe Me,5.0,5.0,0.0,0.0,0.07990765690699597
1938,person,P00590,Taher Mohamed,6.0,11.0,0.0038816108685104317,0.0,0.12459994479972282
1938,person,P00150,Takla G.,0.0,0.0,0.0,0.0,0.0
1938,person,P00593,Tel'llynl R,0.0,0.0,0.0,0.0,0.0
1938,person,P00594,Theunis Col. Georges,8.0,8.0,0.0,0.0,0.1332178084169947
1938,person,P00596,Thui\CI' Geor·ges Léonard,0.0,0.0,0.0,0.0,0.0
1938,person,P00597,Tot·icl Raphaël,12.0,14.0,0.01762216486059176,0.0,0.14863851935915487
1938,person,P00598,Toulow1ji J,2.0,3.0,0.0,0.0,0.004357298474945534
1938,person,P00599,Tl·ehal<i Antoine,2.0,2.0,0.0,0.0,0.09630537400145242
1938,person,P00600,Trembley Ernesl,0.0,0.0,0.0,0.0,0.0
1938,person,P00601,Tomal1,5.0,5.0,0.0,0.0,0.010893246187363835
1938,person,P00602,Tuby Félix,5.0,5.0,0.0,0.0,0.11792494775688052
1938,person,P00603,Tul'llowsky \i\1aller,0.0,0.0,0.0,0.0,0.0
1938,person,P00604,Tuttle James Henry,2.0,2.0,0.0,0.0,0.07251228160109359
1938,person,P00605,Urban Il,0.0,0.0,0.0,0.0,0.0
1938,person,P00154,Vais Ezio,0.0,0.0,0.0,0.0,0.0
1938,person,P00607,ValpCt·ga Conte Em·ico San Marlino,3.0,3.0,0.0,0.0,0.006535947712418301
1938,person,P00155,Vannucci Comm. Gr·isante,11.0,16.0,0.020064363374369742,0.0,0.15082081409689124
1938,person,P00608,Venino Comte Pier· Gaetano,6.0,6.0,0.0,0.0,0.10864060991938229
1938,person,P00609,Vcroi Gr. Uff. Giuseppe Pieti·o,6.0,6.0,0.0,0.0,0.10864060991938229
1938,person,P00156,Vincenot,5.0,6.0,0.0,0.0,0.1266481630704032
1938,person,P00610,Vitali Gr·. Uff. Avv. Vittorio Cal'lo,0.0,0.0,0.0,0.0,0.0
1938,person,P00612,Vogué Mat•quis de,0.0,0.0,0.0,0.0,0.0
1938,person,P00613,Vraila Nicolas,1.0,1.0,0.0,0.0,0.002178649237472767
1938,person,P00614,Waeckei·Iin Comm. Osca1·,0.0,0.0,0.0,0.0,0.0
1938,person,P00615,Wcdcmeycr Ruppel'l Golclinn,4.0,4.0,0.009561320889345548,0.0,0.10578164650045117
1938,person,P00158,Wellhoïf Salomon,3.0,3.0,0.0004840243366658298,0.0,0.12101198827407635
1938,person,P00616,Wemer W. II,2.0,4.0,0.0,0.0,0.004357298474945534
1938,person,P00617,Williams R. E,7.0,9.0,0.008818012882287793,0.0,0.12229253841454277
1938,person,P00619,Carrières,3.0,3.0,0.0,0.0,0.0845092861438705
1938,person,P00620,Wyle1· E,3.0,3.0,0.0,0.0,0.006535947712418301
1938,person,P00623,Yeghen Ahmecl Miclhat,1.0,1.0,0.0,0.0,0.1105899031595626
1938,person,P00624,Yehia Aly Emine,10.0,13.0,0.005513681276660147,0.0,0.14050632073160232
1938,person,P00625,Yokana Davis,1.0,1.0,0.0,0.0,0.002178649237472767
1938,person,P00626,Ypsilanti Théodol'e,0.0,0.0,0.0,0.0,0.0
1938,person,P00627,Zaccai' Joseph E,6.0,6.0,4.7568760643510197e-05,0.0,0.013071895424836602
1938,person,P00628,Zananil'i GcOt·ges l'acha,5.0,5.0,0.0,0.0,0.010893246187363835
1938,person,P00629,ZarHi ThéotiOI'C,0.0,0.0,0.0,0.0,0.0
1938,person,P00630,Zaycd,0.0,0.0,0.0,0.0,0.0
1938,person,P00631,ZcriJiui S,0.0,0.0,0.0,0.0,0.0
1938,person,P00632,Syrie-Liban,1.0,1.0,0.0,0.0,0.0071301247771836
1938,person,P00633,France,1.0,1.0,0.0,0.0,0.10639028658388301
1942,company,C01052,"Société pour la Vente des Produits Egyptiens, S.A.E",5.0,5.0,0.0006949501632817442,0.0,0.1555105157693478
1942,company,C00989,"Société Egyplienne pour le Développe- ment et le Commerce des Légumes, Fruits et Fleurs",0.0,0.0,0.0,0.0,0.0
1942,company,C01154,lAssocialion des Anciens Elèves du Collège d'Agriculture d'Egypte,1.0,1.0,0.0,0.0,0.0014388489208633094
1942,company,C01130,Union des Agriculleurs d'Egvple,1.0,1.0,0.0,0.0,0.0014388489208633094
1942,company,C00781,Con- seil d'Administration de The Egvptian General Omnibus Co,5.0,5.0,0.0,0.0,0.12727281270998878
1942,company,C00043,Commercial Bank of Egypt,6.0,6.0,0.0015217796944000995,0.0,0.12735599755489727
1942,company,C00716,-Dé- légué de la Société Générale des Sucreries el Raffinerie d'E- gvple,5.0,5.0,0.0,0.0,0.12727281270998878
1942,company,C00325,Khedivial Mail Line,17.0,17.0,0.009006282006095412,0.0,0.16668492408810334
1942,company,C00558,Tilbury Contracting & Dredging Co. (Foreign) Ltd,5.0,5.0,0.0,0.0,0.12727281270998878
1942,company,C00458,Société Générale Immobilière d’E- gvple,5.0,5.0,0.0,0.0,0.12727281270998878
1942,company,C00131,Société Cotonnière Maarad,17.0,17.0,0.002854619600204118,0.0,0.17274350732180216
1942,company,C00202,"- lion de la Banque Misr, S.A.E",2.0,2.0,0.0,0.0,0.12125368777784244
1942,company,C00961,"Sociélé Misr de Fila- ture el de Tissage, S.A.E",2.0,2.0,0.0,0.0,0.12125368777784244
1942,company,C01033,Société Misr pour le Tissage de la Soie,11.0,11.0,0.00303526631144652,0.0,0.15701424356083224
1942,company,C00937,So- ciété des Aulobus de Charkieh el Dakabhlieh,2.0,3.0,0.0,0.0,0.1050429521611821
1942,company,C00698,- tion de Ja Société Misr de Filature el de Tissage Fin en co- ton égvplien (usines Kafr EI Dawar) el de Mehalla Kobra. de la Banque Misr,1.0,1.0,0.0,0.0,0.1296438298463026
1942,company,C01020,Société Misr pour la Filature et le Tissage S.A. E,18.0,18.0,0.003101864775379545,0.0,0.1715270037491134
1942,company,C00981,Société Egvp- tienne de Minolerie el de Silos,10.0,11.0,0.0,0.0,0.16611651854986598
1942,company,C00817,Fiat,0.0,0.0,0.0,0.0,0.0
1942,company,C00982,"Société Egyplienne d'Electricilé, S.A",11.0,11.0,0.0031245155400536143,0.0,0.16682763378338425
1942,company,C00001,Alexandria Insurance Co,34.0,36.0,0.025327958216418325,0.0,0.18973191456571842
1942,company,C00084,Land Bank of Egypt,15.0,15.0,0.0034899988474059356,0.0,0.17259050155800956
1942,company,C01075,la«Alexaùdria .& Ramleh Rys. Co.n,4.0,4.0,0.0,0.0,0.14874402767862047
1942,company,C01057,Société Misr de Transport,4.0,4.0,0.0,0.0,0.14874402767862047
1942,company,C00239,Banque Mi sr (Syrie-L.il.Jan),18.0,18.0,0.006419824799749511,0.0,0.17077535167308747
1942,company,C00693,- ration de The Manure Co. of Egvpl (S.A.),0.0,0.0,0.0,0.0,0.0
1942,company,C01074,"The Albert Mussa Agen- cy & Stevedoring Co., S.A.E",0.0,0.0,0.0,0.0,0.0
1942,company,C00863,"The Misr Shipping, S.A.E",0.0,0.0,0.0,0.0,0.0
1942,company,C00984,"Société Egvplienne de Caout- chouc, S.A.E",3.0,3.0,1.6586154707358032e-05,0.0,0.0044964028776978415
1942,company,C00914,S.A.E. «Almina''·,1.0,1.0,0.0,0.0,0.0029976019184652283
1942,company,C00701,- tion de la Société Egvplienne pour le Développement et le,0.0,0.0,0.0,0.0,0.0
1942,company,C00419,"Société Nationale du Papier, S.A.E",4.0,4.0,0.0012824299621715758,0.0,0.163058306492881
1942,company,C00431,"Société Egyp- tienne des Industries Chimiques, S.A.E",0.0,0.0,0.0,0.0,0.0
1942,company,C00614,elu Crédit Agricole d'Egyptc,0.0,0.0,0.0,0.0,0.0
1942,company,C01029,Société Misr pour la Filalure el le Tissage (Mehalla el Kobra),5.0,5.0,0.0,0.0,0.13016344439478478
1942,company,C00690,- nistration de la Société Misr pour la Filature et le Tissage Fin en Coton Egvplien (Kafr el Dawar),5.0,5.0,0.0,0.0,0.13016344439478478
1942,company,C00752,"Beida Dyers, S.A.E",23.0,23.0,0.012012522546804055,0.0,0.17182952051057565
1942,company,C00341,"The i\!isr Concretc Development Cy., S.A.E",5.0,5.0,0.0,0.0,0.13016344439478478
1942,company,C00454,"Société Egyptienne pour le Tannage cL l'Industrie du Cuir, S.A.K",5.0,5.0,0.0,0.0,0.13016344439478478
1942,company,C01030,Société Misr pour le Lin,5.0,5.0,0.0,0.0,0.13016344439478478
1942,company,C00798,Crédit Agricole el Hypothécaire d'E- gvple,3.0,3.0,0.0,0.0,0.15538650419377417
1942,company,C00018,Banque Belge et Internationale en Egypte,11.0,12.0,0.0021342640259478306,0.0,0.16388114067198722
1942,company,C00987,"Société Egyptienm des Industries Textiles, S.A.E",37.0,39.0,0.011027944977146053,0.0,0.21295593033769705
1942,company,C00882,"PAlexan- dria Navigation Gx., S.A.E. de la Commercial & Agency of Egypt Ltd",3.0,3.0,0.0,0.0,0.15538650419377417
1942,company,C00482,Société des Omnibus de Fayoum,9.0,9.0,0.012029108701511413,0.0,0.13086277787709388
1942,company,C00968,Sociélé des Aulobus de Charkieh,2.0,2.0,0.0,0.0,0.10509960963268221
1942,company,C01118,The Upper Bus Co,3.0,3.0,0.0015217796944000995,0.0,0.10515632825633718
1942,company,C01002,Société Egyptienne pour le Tannage,1.0,1.0,0.0,0.0,0.11681935027517554
1942,company,C00837,"Industrie du Cuir, S.A.E",4.0,4.0,0.0015217796944000995,0.0,0.14977300250499065
1942,company,C00516,"Asia & Africa Trading CY., S.A.E",3.0,3.0,0.0,0.0,0.1156407574237346
1942,company,C01119,"The Upper Egvpt Bus Co., S.A.E",2.0,3.0,0.0,0.0,0.1050429521611821
1942,company,C00114,S.A. du Béhéra,4.0,4.0,0.0,0.0,0.14806586341868752
1942,company,C00530,"The Egyplian Neon Lights Co., S.A.E",11.0,12.0,0.0015217796944000995,0.0,0.16625825619367987
1942,company,C00380,clc la S.A. des Halles Centrales cl'Egyple,1.0,1.0,0.0,0.0,0.12661122563937152
1942,company,C00062,Eastern Export Cy,0.0,0.0,0.0,0.0,0.0
1942,company,C00585,\.omité de Surveillance de la S.A. Agricole cL Industrielle d'EgypLe,3.0,3.0,0.0,0.0,0.004316546762589928
1942,company,C00814,"FEaslern Export Co., de Ta Garbieh Land Co. de lEgvplian Enterprise & De- velopment Co",3.0,3.0,0.0,0.0,0.004316546762589928
1942,company,C00921,SALE. Carba,3.0,3.0,0.0,0.0,0.004316546762589928
1942,company,C00663,"!a Sociélé Industrielle des Asphalles e! Pétroles de Lallaquiéel de la Egyplian Works & Construction Co., S.A.E",3.0,3.0,0.0,0.0,0.004316546762589928
1942,company,C00918,SA. des Chemins de Fer Kéneh Assouan el de la S.A. des Halles Cen- lrales d'Egyple,0.0,0.0,0.0,0.0,0.0
1942,company,C00803,"Eastern Export Co. el de la S.A, des Immeubles de PEsl",2.0,2.0,0.0,0.0,0.0028776978417266188
1942,company,C00805,"Egvplian Works & Cons- truclion Co. el de la Sté, Anon. du Béhéra",2.0,2.0,0.0,0.0,0.0028776978417266188
1942,company,C00892,S'é. Egvplienne pour la Fabrication el l'Ex- porlalion des Conserves,2.0,2.0,0.0,0.0,0.0028776978417266188
1942,company,C00970,Société,3.0,3.0,0.00303526631144652,0.0,0.08675631178049545
1942,company,C01109,"The Natio- nal Pelroleum Co., de la Société Egvplienne des Pélroles el de lPAlexandria Racing Club, S.A.E",0.0,0.0,0.0,0.0,0.0
1942,company,C00737,"The Alexandria Racing Club, S.A.E",11.0,11.0,0.010029224857049239,0.0,0.1746009643897785
1942,company,C00582,Usines Textiles Al-Kahira,8.0,8.0,0.010557926919717296,0.0,0.14761717898408547
1942,company,C00845,"Ja Société Egyplienne de Tissa- ge el Tricotage, S.A.E",18.0,20.0,0.00225156133585961,0.0,0.17746327528141423
1942,company,C00355,"The Pharaonic Mail Lino, S.A.E",28.0,28.0,0.010551078476594655,0.0,0.1782750926431773
1942,company,C00985,Société Egvplienne de Teinture,5.0,5.0,0.0015217796944000995,0.0,0.1427506785780167
1942,company,C00559,"Tissage de Laine, S.A.E",5.0,5.0,0.0015217796944000995,0.0,0.1427506785780167
1942,company,C00873,National Petroleum Co. de la Société Egyptienne des Pétroles (S.E.P.),4.0,4.0,0.0,0.0,0.14264617588506062
1942,company,C01127,U- nion Foncière d'Egyple,24.0,24.0,0.009700860315798797,0.0,0.17198117939893454
1942,company,C00020,Banque Misr,37.0,39.0,0.009968328756217558,0.0,0.207071919510088
1942,company,C00800,Crédit Foncier Egyptien el de la Socié(é Générale des Su- creries el de la Raffinerie d'Egvpte,1.0,1.0,0.0,0.0,0.148971465029811
1942,company,C00184,The United Egyptian Nile Transport Co,0.0,0.0,0.0,0.0,0.0
1942,company,C00831,Grands Hôtels d'Egypte (Ex- Nungovich),3.0,3.0,0.0,0.0,0.13998180765732243
1942,company,C00958,Sociélé Manufacture des Textiles Egyp- liens (Karpelès et Co.),3.0,3.0,0.0,0.0,0.13998180765732243
1942,company,C00112,Société Egyptienne d'Entreprises Urbaines et Rurales,3.0,3.0,0.0,0.0,0.13998180765732243
1942,company,C00840,Ja So- ciélé Franco-Egy\plienne d’'Importation,2.0,2.0,1.6586154707358032e-05,0.0,0.003996802557953637
1942,company,C00908,S.A.E. Financière el Immo- di el Co»,1.0,1.0,0.0,0.0,0.0027670171555063644
1942,company,C00232,Anglo-Egyptian Oilfields,0.0,0.0,0.0,0.0,0.0
1942,company,C01150,S.A.E. «Imprimerie Misr». ·,1.0,1.0,0.0,0.0,0.0014388489208633094
1942,company,C01101,The Electric et Power Supply Co,1.0,1.0,0.0,0.0,0.0014388489208633094
1942,company,C00813,The Alexandria Engineering Work (ex-,6.0,6.0,0.0,0.0,0.15906504184407574
1942,company,C00535,"and Engineering Co. of Egvpl, S.A.E",0.0,0.0,0.0,0.0,0.0
1942,company,C00383,S.A. des Monts de Piété Egyptiens,3.0,3.0,0.00303526631144652,0.0,0.11577817959536114
1942,company,C00952,Sociélé Egyplienne pour le Développement du Commerce des Légumes. Fruits et Fleurs,1.0,1.0,0.0,0.0,0.0014388489208633094
1942,company,C00977,Société Coopérative Commerciale de Crédit,1.0,1.0,0.0,0.0,0.0014388489208633094
1942,company,C00130,Société Belge-Egyptienne de l'Ezbékieh,10.0,11.0,0.0033984351535050502,0.0,0.15318763856839057
1942,company,C00947,Sté. Egyptienne de la Bourse Commerciale de Minet El Bassal,37.0,38.0,0.016981505698374814,0.0,0.20067422889700598
1942,company,C00734,AlexXandria Insurance Co. de PAlexandria Life Insurance Co,4.0,4.0,0.0,0.0,0.16063864489611937
1942,company,C00868,The National Bank of Egvpl,27.0,28.0,0.015399862845411096,0.0,0.2046792817846563
1942,company,C00389,S.A.E. Carba,17.0,18.0,0.002744657980752273,0.0,0.17714061478090254
1942,company,C00979,Société Cotonnière «Maarad» el de la Hamala Mining Co,4.0,4.0,0.0,0.0,0.16063864489611937
1942,company,C00951,Sociélé Egyp- tienne d'Entreprises el Constructions (S.E.D.E.C.),0.0,0.0,0.0,0.0,0.0
1942,company,C00671,- lion de Ja Société Egyptienne d'Entreprises el Constructions(S.E.D.E.C.),2.0,2.0,0.0,0.0,0.12201294693737809
1942,company,C00357,S.A.E. Peltours,0.0,0.0,0.0,0.0,0.0
1942,company,C00915,"«Chaussu- res Bata», S.A.E",0.0,0.0,0.0,0.0,0.0
1942,company,C01128,"Union A lr>..crmdrine, Grand Officier de la Co-uronne d'Italie, Chevalir>r Saints Ma-urice et Lazarr>",2.0,2.0,0.0,0.0,0.12201294693737809
1942,company,C00983,Société Egvplienne d'Entre- prises Urbaines et Rurales,7.0,7.0,0.00303526631144652,0.0,0.15828974513321917
1942,company,C00963,Sociélé Nalionale du Papier,1.0,1.0,0.0,0.0,0.10271727794359137
1942,company,C00925,So- ciélé Coopéralive Commerciale de Crédit,0.0,0.0,0.0,0.0,0.0
1942,company,C00669,"- lion de Ja Nalional Bank of Egvpl, de la Land Bank of Egypt",0.0,0.0,0.0,0.0,0.0
1942,company,C00025,"Banque Mosséri, S.A.E",5.0,5.0,0.007550846930524744,0.0,0.1034809751773727
1942,company,C00751,"Bei- da Dyers, S.A.E. el de The Bradford Dvers! Association Li- mited, Bradford, England",0.0,0.0,0.0,0.0,0.0
1942,company,C01009,Société Française des Combustibles Liquides,2.0,2.0,0.0,0.0,0.07459979948659756
1942,company,C01006,Société Fran- gaise de Distribulion des Pélroles au Maroc,2.0,2.0,0.0,0.0,0.07459979948659756
1942,company,C01064,Surveillance de la Banque de Commerce X. Tepeghiosi el Co,0.0,0.0,0.0,0.0,0.0
1942,company,C00120,Société Anonyme Agricole et Industrielle d'Egyptc,1.0,1.0,0.0,0.0,0.0014388489208633094
1942,company,C00545,The Sheffield Co. (Egypt) S.A.E,0.0,0.0,0.0,0.0,0.0
1942,company,C00008,Alexandria Pressing Co,31.0,32.0,0.013320207391880588,0.0,0.20489450710724794
1942,company,C00824,General,0.0,0.0,0.0,0.0,0.0
1942,company,C00317,"Industrie Meunière d'Alexandrie, S.A.E",6.0,6.0,0.00029448416669573954,0.0,0.14628729448873334
1942,company,C00938,"Socicté Egvptlienne d'Industries Chimiques, S.A.E",2.0,2.0,0.0,0.0,0.13201536331910083
1942,company,C00857,Manufacture de Texli- les Egypliens (Karpelès & Co.),15.0,15.0,0.002611172433741239,0.0,0.17397738951695785
1942,company,C00106,Société Egyptienne de Ciment Portland Tourah,0.0,0.0,0.0,0.0,0.0
1942,company,C00127,Tramways d'Alexandrie,5.0,5.0,0.0,0.0,0.15803298966666082
1942,company,C00282,"Eastern Co., S.A.E",0.0,0.0,0.0,0.0,0.0
1942,company,C00054,"Crownegypt Co., S.A.E",0.0,0.0,0.0,0.0,0.0
1942,company,C00291,"The Egyptian Independent Oil Co., S.A.E",12.0,12.0,0.0,0.0,0.16583376702893005
1942,company,C00869,The Nalional Contracting Company of Egvpl. S.A.E,18.0,18.0,0.0,0.0,0.18790229147443857
1942,company,C01059,Sté. Fouad ler de la Légis- lation de Statistique el d'Economie Politique,0.0,0.0,0.0,0.0,0.0
1942,company,C00108,Société Anonyme Immobilière du Domaine de Siouf,21.0,21.0,0.003278255272135857,0.0,0.1784383482225209
1942,company,C00839,Near East Finance Co,1.0,1.0,0.0,0.0,0.002589928057553957
1942,company,C00178,The Electric Light & Power Supply Cy,5.0,5.0,0.0005661109409918298,0.0,0.12802541147108595
1942,company,C00118,Sidi Salem Co,0.0,0.0,0.0,0.0,0.0
1942,company,C00712,- tration de la Société pour la Vente des Produits Egyptiens. S.A.E,0.0,0.0,0.0,0.0,0.0
1942,company,C01073,The,0.0,0.0,0.0,0.0,0.0
1942,company,C00478,Société des Autobus de Béhéra,3.0,4.0,1.2439616030518525e-05,0.0,0.00460431654676259
1942,company,C00303,"Gharbieh, S.A.E",3.0,4.0,1.2439616030518525e-05,0.0,0.00460431654676259
1942,company,C01117,The United Bus Co,2.0,2.0,0.0,0.0,0.0038369304556354917
1942,company,C01047,Société des Terrains de la Ville d'Alexandrie,0.0,0.0,0.0,0.0,0.0
1942,company,C00771,Commercial & Agency Co. of Egypt Lid. el de The Alexandria Manufacturing Co. Lid,0.0,0.0,0.0,0.0,0.0
1942,company,C00894,"S.A. Immobilière du Domaine de Siouf el de la Société des Au- tobus du Nord, S.A.E",0.0,0.0,0.0,0.0,0.0
1942,company,C00926,"So- ciélé Egvplienne du Caoutchouc, S.A.E",0.0,0.0,0.0,0.0,0.0
1942,company,C00445,Société Egyptienne pour l'Industrie de Bonneterie,15.0,15.0,0.0030394128501233593,0.0,0.1889958062647845
1942,company,C01058,"Sté. Colonnière d'Egvple, S.A.E",1.0,1.0,0.0,0.0,0.13938102736694766
1942,company,C00795,Société du Crédit Alexandrin,15.0,16.0,0.004064340741261959,0.0,0.16711378752915335
1942,company,C00714,"- üon de la Gréance Immobilière, S.A.E. el de «Modern Buil- dings»",1.0,1.0,0.0,0.0,0.12710676859686418
1942,company,C00173,The Egyptian Boncled Warehouses Cy Ltcl,2.0,2.0,0.0,0.0,0.0028776978417266188
1942,company,C01042,Société de,2.0,2.0,0.0,0.0,0.0028776978417266188
1942,company,C00774,"Comptoir Auxiliaire d'Entreprises, S.A.E",0.0,0.0,0.0,0.0,0.0
1942,company,C00432,Société Egvplienne de l'In- dustrie de Bonneterie,0.0,0.0,0.0,0.0,0.0
1942,company,C00529,The Egyptian Road Construction,3.0,3.0,8.293077353679016e-06,0.0,0.004316546762589928
1942,company,C01014,"Société Immobilière de Boulac el de la Société Immobilière de Zamalek, S.A.E",0.0,0.0,0.0,0.0,0.0
1942,company,C00507,"The Hinshelwood Paint & Oil Co. of Egypt, S.A.E",0.0,0.0,0.0,0.0,0.0
1942,company,C00005,"The Alexa11- dria & Ramleh Raih,·ay Co. Ltd",15.0,16.0,0.002718593470459231,0.0,0.19197505050147073
1942,company,C00229,Alexandria Transport Co,22.0,23.0,0.007888999024518348,0.0,0.19273459570622434
1942,company,C00103,Rosetta & Alexandria Rice Mills,25.0,25.0,0.01712515842870367,0.0,0.1799212153822648
1942,company,C00750,Behrend & Co. Lid,1.0,1.0,0.0,0.0,0.13438253535102954
1942,company,C00830,Grands Hôtels d'Egyple el des Egvplian Hotels Lid,0.0,0.0,0.0,0.0,0.0
1942,company,C00435,"Société Egyptienne des Industries Chimiques, S.A.E",0.0,0.0,0.0,0.0,0.0
1942,company,C00708,"- tration de la S.A.E, de l'Industrie Fibres Textiles",0.0,0.0,0.0,0.0,0.0
1942,company,C00769,Société de Cigarettes Nestor Gianaclis,3.0,3.0,0.00303526631144652,0.0,0.1317475836774799
1942,company,C00520,The Choremi Benachi Cotton Co,3.0,3.0,0.0,0.0,0.15058321194667143
1942,company,C01076,"The Alexandria Walter Co, Lid. el de la SA. des Presses Libres Egvpliennes",3.0,3.0,0.0,0.0,0.15058321194667143
1942,company,C01114,The Simon,2.0,2.0,0.0,0.0,0.0028776978417266188
1942,company,C01113,"The Simon Arzt Stores, S.A.E",0.0,0.0,0.0,0.0,0.0
1942,company,C00695,- ration de la National Insurance Co. of Egypt,0.0,0.0,0.0,0.0,0.0
1942,company,C01166,«Commerciale» Cie. Nationale pour le Commerce,3.0,3.0,0.0,0.0,0.1156407574237346
1942,company,C00080,Industrie,3.0,3.0,0.0,0.0,0.1156407574237346
1942,company,C00492,"Socl6t6 Egyptienne Financière pour le Commercect l'Industrie "" Sefina ""·",1.0,1.0,0.0,0.0,0.11550366109009651
1942,company,C00753,"Bev- da Dyers, S.A.E. el de The Bradford Dyers” Association Limited, Bradford, England",0.0,0.0,0.0,0.0,0.0
1942,company,C01145,en Kgyple de la Si- nai Mining Co. Lid,0.0,0.0,0.0,0.0,0.0
1942,company,C00164,The Cairo Electric Railways and Heliopolis Oases Co,16.0,16.0,0.003950430878843544,0.0,0.17428861919409017
1942,company,C00998,Société Egyptienne de Teinlture el d’'Apprêt,0.0,0.0,0.0,0.0,0.0
1942,company,C00052,Crown Brewery,9.0,9.0,0.0060373603134783235,0.0,0.13503442568190768
1942,company,C01115,The Standard Oil Company of Egvpl. S.A,3.0,3.0,0.0,0.0,0.004316546762589928
1942,company,C00955,Sociélé Française des Combustibles Liquides,4.0,4.0,0.0,0.0,0.14661751411511872
1942,company,C00954,Sociélé Française de Distribution des Pétroles au Maroc,4.0,4.0,0.0,0.0,0.14661751411511872
1942,company,C01008,Société Française de Distribution des Pétroles en Algérie,4.0,4.0,0.0,0.0,0.14661751411511872
1942,company,C00988,Société Egyp- tienne des Pétroles,28.0,29.0,0.00749069071597495,0.0,0.19466001624275003
1942,company,C00093,National Petroleum Cy,13.0,14.0,0.0017540753494039909,0.0,0.16711378752915335
1942,company,C01072,Société Egyptienne de Teinturerie,2.0,2.0,0.0,0.0,0.1266935476326351
1942,company,C00058,Crédit Immobilier Suisse-Egyptien,2.0,2.0,0.0,0.0,0.13042481677308757
1942,company,C00348,"Nile Oil Co., S.A.E",1.0,1.0,0.0,0.0,0.12710676859686418
1942,company,C00972,Société Anonvme Egvplienne de Constructions EGYCO,0.0,0.0,0.0,0.0,0.0
1942,company,C00667,- lation de la. Sié. Immobilière de lAvenue de la Reine,0.0,0.0,0.0,0.0,0.0
1942,company,C00065,The Egyptian Delta Land & Investment Cy,12.0,12.0,0.0,0.0,0.16583376702893005
1942,company,C00738,Alexandria and Ramleh Railways Co. el des Tramways d'Alexandrie,0.0,0.0,0.0,0.0,0.0
1942,company,C00969,Sociélé des Autobus de Charkieh el de Dakahlieh el de The UÜnileldl Bus Co,0.0,0.0,0.0,0.0,0.0
1942,company,C00986,Société Egvplienne de Teinturerie el d'Apprèt,0.0,0.0,0.0,0.0,0.0
1942,company,C00465,Société Misr d'Assurances Générales,0.0,0.0,0.0,0.0,0.0
1942,company,C00004,"« Al-Chark » (L'Orient), Société Anonyme Egyptienne cl' Assurances sur la Vie",0.0,0.0,0.0,0.0,0.0
1942,company,C01165,«Commercia- le» Cie. Nationale pour le Commerce ef l'Industrie,0.0,0.0,0.0,0.0,0.0
1942,company,C00804,"The Egyptian Aerated Water Company, Ltd",0.0,0.0,0.0,0.0,0.0
1942,company,C00742,"Ban- que Belge el Internationale en Egvpie, S.A.E",18.0,18.0,0.003745799421174595,0.0,0.18142893506423913
1942,company,C00242,Banque de l'Union Parisienne,4.0,4.0,0.0030394128501233593,0.0,0.1408927521756998
1942,company,C00353,à Paris),1.0,1.0,0.0,0.0,0.11134552929085303
1942,company,C00709,- tration de la Société Générale de Pressage,13.0,14.0,0.0003256873863165504,0.0,0.16597502236711484
1942,company,C00280,Dépôts,16.0,18.0,0.0010003714428992588,0.0,0.1664002359171587
1942,company,C00870,"National Ginning Co. of Egvpl, S.A",5.0,5.0,0.0,0.0,0.15163788035719283
1942,company,C00070,The Electricity & lee Supply Co,16.0,16.0,0.004026159826092939,0.0,0.1741328652895378
1942,company,C00944,Sociélé Cotonnière«#Maarad»,5.0,5.0,0.0,0.0,0.15163788035719283
1942,company,C01170,à Bruxelles de la Socié- té Belge-Egvptienne de F'Ezbékieh,0.0,0.0,0.0,0.0,0.0
1942,company,C01080,The Bradford Dyers Associalion Lid. Bradford (England) el de la Socjélé Misr de Filalure,2.0,2.0,0.0,0.0,0.1299031175059952
1942,company,C01123,Tissage Fin en Coton Egyptien (Usines Kafr El Dawar),2.0,2.0,0.0,0.0,0.1299031175059952
1942,company,C00324,Kafr El Zayat Land Co,1.0,2.0,0.0,0.0,0.10239341894849859
1942,company,C00764,Cie. Egvplienne de Navigalion «Le Dodécanèse»,0.0,0.0,0.0,0.0,0.0
1942,company,C00858,Marconi Radio Telegraph Company of Egvpl. S.A,1.0,1.0,0.0,0.0,0.0014388489208633094
1942,company,C00196,The Sinaï Mining Co. Ltd,0.0,0.0,0.0,0.0,0.0
1942,company,C00105,S.A. Agricole et Industrielle d'Egypte,0.0,0.0,0.0,0.0,0.0
1942,company,C00842,Ja Sociélé Générale d'Electricité,1.0,1.0,0.0,0.0,0.07689608376440127
1942,company,C00088,Mécanique,3.0,3.0,0.0015217796944000995,0.0,0.08991909379741246
1942,company,C00648,p.i. de la Sociélé Géné- rale d’Electricité el de Mécanique,2.0,2.0,0.0060373603134783235,0.0,0.13512806952773426
1942,company,C00302,"General Society for Banking, Trading & Land Enterprises, S.A.E",3.0,3.0,0.004540459851139262,0.0,0.10807247712645192
1942,company,C00508,The Aboukir Co,0.0,0.0,0.0,0.0,0.0
1942,company,C00956,Sociélé Générale de Pres- sage,4.0,4.0,0.0,0.0,0.14851728373398843
1942,company,C00760,Carver Bros & Co. Lid,4.0,4.0,0.0,0.0,0.14851728373398843
1942,company,C00459,Société Générale de Pressage,4.0,4.0,0.0,0.0,0.14851728373398843
1942,company,C01077,The Amalgamated lee Factories &,0.0,0.0,0.0,0.0,0.0
1942,company,C00261,Commercial Bank of the Near East,0.0,0.0,0.0,0.0,0.0
1942,company,C00210,& Engineering Co,0.0,0.0,0.0,0.0,0.0
1942,company,C00304,The Gharbieh Ginning Co,13.0,13.0,0.0016205581714688127,0.0,0.17137614446701216
1942,company,C00809,Egyptian Cement Works,0.0,0.0,0.0,0.0,0.0
1942,company,C00147,Société Générale de Pressage el de Dépôts,4.0,4.0,8.441301588408275e-05,0.0,0.15588374100719424
1942,company,C00072,Filature Nationale d'Egypte,52.0,56.0,0.019823410819840622,0.0,0.2162649015083161
1942,company,C00190,Union Foncière d'Egypte,1.0,1.0,0.0,0.0,0.0014388489208633094
1942,company,C00082,The Kafr El Zayat Cotton Co,4.0,5.0,0.0030394128501233593,0.0,0.12685851318944844
1942,company,C00056,Crédit Foncier Egyptien,18.0,20.0,0.006335612084968281,0.0,0.1782750926431773
1942,company,C00775,Comp- toir National d'Escompte de Paris,1.0,1.0,0.0,0.0,0.1334621070267074
1942,company,C00906,"S.A. des Wagons Lits Iran, de«The Upper Egypt Hotels», de la Société Viticole el Vinicole d'Egvpte, Représentant de la Cie. Internalionale des Wa- gons-Lits en Egypte et en Palestine, Chargé des Missions en",0.0,0.0,0.0,0.0,0.0
1942,company,C00851,"Manufac- ture Egyptienne de Bonnelterie et Tricotage «EI-Nil», S.A.E",2.0,2.0,0.0,0.0,0.08664058526411418
1942,company,C00740,Apprêt,1.0,1.0,0.0,0.0,0.11250269991858707
1942,company,C00718,-Délé- qué du Crédit Agricole d'Egypte,2.0,2.0,0.0,0.0,0.0028776978417266188
1942,company,C00275,Crédit Hypothécaire Agricole d'Egypte,2.0,2.0,0.0,0.0,0.0028776978417266188
1942,company,C01138,biens de S.A. la Princesse Chivekiar Ibrahim,2.0,2.0,0.0,0.0,0.0028776978417266188
1942,company,C00832,"Grands Magasins Cicurel, S.A.E",2.0,2.0,0.0,0.0,0.0028776978417266188
1942,company,C00758,"Carrier(Egvpt}, S.A.E",2.0,2.0,0.0,0.0,0.0028776978417266188
1942,company,C00996,"Société Egyplienne de Placements el de Crédit, S.A.E",2.0,2.0,0.0,0.0,0.0028776978417266188
1942,company,C00116,S.A.I. des Terrains Ghizeh et Rodah,0.0,0.0,0.0,0.0,0.0
1942,company,C00966,"là So- ciété des Entreprises M. Cockinos, S.A.E",0.0,0.0,0.0,0.0,0.0
1942,company,C01137,administration de la So- ciété d'Entreprises M. Cockinos. S.A.E,0.0,0.0,0.0,0.0,0.0
1942,company,C00757,Cais- se Hypothécaire d'Egyple,2.0,2.0,0.0,0.0,0.09509745059004042
1942,company,C00965,Sociélé d'Avances Commerciales,0.0,0.0,0.0,0.0,0.0
1942,company,C00332,"Maison d'Ameublement B. Pontremoli, S.A.E",0.0,0.0,0.0,0.0,0.0
1942,company,C00323,«Josy,0.0,0.0,0.0,0.0,0.0
1942,company,C00359,"Phi- lips-Orient, S.A",0.0,0.0,0.0,0.0,0.0
1942,company,C00427,Société California Texas des Pétroles,0.0,0.0,0.0,0.0,0.0
1942,company,C00874,Near,0.0,0.0,0.0,0.0,0.0
1942,company,C00494,"The Standard Oil Company of Egypt, S.A",0.0,0.0,0.0,0.0,0.0
1942,company,C00009,Alexandria Water Company,31.0,33.0,0.00941603879393196,0.0,0.20129615316011654
1942,company,C00167,Com- mercial & Estates Co. of Egypt,5.0,5.0,0.0,0.0,0.15803298966666082
1942,company,C00092,National Insurance Co,29.0,30.0,0.02022502756926105,0.0,0.20884745579741992
1942,company,C00293,"The Egyptian Works & Construction Co., S.A.E",2.0,2.0,0.0,0.0,0.13355358208292858
1942,company,C00091,National Bank of Egypt,12.0,12.0,0.003758314905685584,0.0,0.15816126319723442
1942,company,C00957,Sociélé Générale de Pressage el de Dépôts,0.0,0.0,0.0,0.0,0.0
1942,company,C01083,The Cairo Electric Railways& Heliopolis Oases Co.-el de la SA. des Chemins de Fer de la Basse-Egvyple,0.0,0.0,0.0,0.0,0.0
1942,company,C00692,- on de The TFraclor & Engineering Co of Egvpt (S.A.E.),0.0,0.0,0.0,0.0,0.0
1942,company,C00013,- Hon de The Anglo-American Nile & Tourist Co,1.0,1.0,0.0,0.0,0.0014388489208633094
1942,company,C00121,"Société Immobilière d'Alexandrie, S.A.F",2.0,2.0,0.0,0.0,0.0028776978417266188
1942,company,C00463,Société Immobilière de Boulac,7.0,7.0,0.0015217796944000995,0.0,0.13095072329233387
1942,company,C01016,"Société Immobilière de Zamalek, S.A.E., domicilié à Paris",1.0,1.0,0.0,0.0,0.1050429521611821
1942,company,C00859,Messrs. Gibson & Pauling(Foreign) Lid,1.0,1.0,0.0,0.0,0.0014388489208633094
1942,company,C00340,"Misr Airworks, S.A.E",15.0,15.0,0.0015857420264352726,0.0,0.1733582528994598
1942,company,C01096,The Egyp- lian Hotels Lid,2.0,2.0,3.80216056205524e-05,0.0,0.13645285452310418
1942,company,C00512,"The Amalgamated lee Factories & Cold Stores, S.A.E",1.0,1.0,0.0,0.0,0.002589928057553957
1942,company,C00200,Banque d'Athènes,21.0,23.0,0.013295300416135986,0.0,0.19084689153672163
1942,company,C00735,"Alexandria Commercial Co., S.A.E. el de la S.A.E. d'E- grenage & d'Enlrepôls",2.0,2.0,0.0,0.0,0.14391039605538614
1942,company,C00945,"Sociélé E- gvptienne d'Electricité, S.A",2.0,2.0,0.0,0.0,0.1290428319595979
1942,company,C00931,"Sociéié Egvptienne pour l'Exploilation des Mines el Carrières, S.A.E",0.0,0.0,0.0,0.0,0.0
1942,company,C00783,Con- seil d'Administration de The United Egvplian Nile Trans- port,0.0,0.0,0.0,0.0,0.0
1942,company,C01087,The Consolidatetl Landed Interests (Egvpl),0.0,0.0,0.0,0.0,0.0
1942,company,C00703,- tion de la Société Egyptienne de Teinture el d'Apprêt,0.0,0.0,0.0,0.0,0.0
1942,company,C01028,"Société Misr pour l'Industrie Pharmaceutique, S.A.E",1.0,1.0,0.0,0.0,0.13938102736694766
1942,company,C00888,"The Upper Egvpt Holelé Co., S.A",9.0,9.0,0.0015217796944000995,0.0,0.1383911052975801
1942,company,C00763,Cheikh Fadl,8.0,8.0,0.0,0.0,0.1382928859183767
1942,company,C00711,- tration de la Société Misr d'Assurances Générales,8.0,8.0,0.0,0.0,0.1382928859183767
1942,company,C00934,So- ciété Misr de Navigation Maritime,8.0,8.0,0.0,0.0,0.1382928859183767
1942,company,C00962,Sociélé Misr de Filalure el de Tissage Fin en Coton Egvptien (Usines à Kafr EI Dawar),8.0,8.0,0.0,0.0,0.1382928859183767
1942,company,C01034,Société Misr pour l'Industrie et le Commerce des Huiles,8.0,8.0,0.0,0.0,0.1382928859183767
1942,company,C01026,Société Misr des Mines et Carrières,8.0,8.0,0.0,0.0,0.1382928859183767
1942,company,C00980,Société E- gvptienne de Ciment Porlland Tourah,2.0,2.0,0.0,0.0,0.0028776978417266188
1942,company,C00368,S.A. Immobilière des Ter- rains Guizeh et Rodah,6.0,6.0,4.5611925445234586e-05,0.0,0.008633093525179856
1942,company,C00964,Sociélé Orientale de Publicité,3.0,3.0,0.0,0.0,0.005755395683453237
1942,company,C00946,Sociélé Egvp- benne d'Egrenage,3.0,3.0,0.0,0.0,0.005755395683453237
1942,company,C00071,Entrepôts,3.0,3.0,0.0,0.0,0.005755395683453237
1942,company,C00290,The Egyptian General Omnibus Co,6.0,6.0,0.0007483282951323503,0.0,0.16429567981365328
1942,company,C00967,"Sociélé de Métallurgie Kgvplienne, S.A.E",0.0,0.0,0.0,0.0,0.0
1942,company,C00706,"- tralion de The Menzaleh Canal & Navigalion Co., S.A.E. el du Comptoir Auxiliaire d'Entreprises, S.A.E",0.0,0.0,0.0,0.0,0.0
1942,company,C00715,-Direc- teur du Crédit Foncier d'Orient,2.0,2.0,0.0,0.0,0.09509745059004042
1942,company,C00808,"Egyptian Rie€ .& Flour Mills Co., S.A.E",2.0,2.0,0.0,0.0,0.003237410071942446
1942,company,C00259,Commerce Egyptienne d'Alexandrie,2.0,2.0,0.0,0.0,0.003237410071942446
1942,company,C00055,Crédit Agricole d'Egypte,1.0,1.0,0.0,0.0,0.0014388489208633094
1942,company,C00685,"- nistralion de la Société pour la Vente des Produits Egvh- liens, S.A.E",0.0,0.0,0.0,0.0,0.0
1942,company,C00472,"Société de Ciment Portland de Hélouan, S.A.E",2.0,2.0,4.146538676839508e-06,0.0,0.0028776978417266188
1942,company,C01055,"Standard Oil Co. of E- £vpt de la Misr Concrele Development Co., S.A.E",1.0,1.0,0.0,0.0,0.0019184652278177458
1942,company,C01141,el Direc- leur Général de la Misr Airworks. S.A.E,1.0,1.0,0.0,0.0,0.0014388489208633094
1942,company,C01089,"The Crown- egvpl Co., S.A.E. el de la Carrier-Egvptl, SALE",1.0,1.0,0.0,0.0,0.0014388489208633094
1942,company,C00572,"Toukhy's Co. for Sundries & Toys, S.A.E",0.0,0.0,0.0,0.0,0.0
1942,company,C01125,Toukh\°s Co. for Sundries & Toys. S.A.E,0.0,0.0,0.0,0.0,0.0
1942,company,C00697,"- ration de la Toukhv's Co. for Sundries & Toys, S.A.E",0.0,0.0,0.0,0.0,0.0
1942,company,C00165,The Cairo Elec- trie Railwavs & Heliopolis Oases Co. el de The African En- terprises & Development Co,6.0,6.0,0.0,0.0,0.13918191161356627
1942,company,C00393,Société Egyptienne d'Electricité,9.0,10.0,0.0006907228478730964,0.0,0.1555105157693478
1942,company,C00128,S.A. des Tramways du Caire,14.0,16.0,0.002971578003208445,0.0,0.1585473362563001
1942,company,C00123,Société Anonyme des Chemins de Fer de la Basse Egypte,9.0,9.0,0.0012102073151563698,0.0,0.15663559184806494
1942,company,C01094,"The Egvptian Hotels Lid., de The Egvptian Ge- neral Omnibus Co",6.0,6.0,0.0,0.0,0.13918191161356627
1942,company,C00645,denombreuses Sociétés belges et étrangères,0.0,0.0,0.0,0.0,0.0
1942,company,C01053,Société «Egyplian Cement Products»,1.0,1.0,0.0,0.0,0.0019184652278177458
1942,company,C00175,The Egyptian Enterprise & Development Co,14.0,19.0,0.0024036074449741416,0.0,0.14285533450072785
1942,company,C00117,Salonica Cigarette Co,1.0,1.0,0.0,0.0,0.0014388489208633094
1942,company,C00245,Bourse des Valeurs d'Alexandrie,1.0,1.0,0.0,0.0,0.0014388489208633094
1942,company,C01081,"The Bradford Dyers’ Association Limited, Bradford, England",1.0,1.0,0.0,0.0,0.1298165731239126
1942,company,C00258,Co- milé de Paris de la Banque d'Athènes),2.0,2.0,0.0,0.0,0.14068929693790094
1942,company,C00157,Société des Biens de Rapport d'Egypte,0.0,0.0,0.0,0.0,0.0
1942,company,C00799,Crédit Agricole el du Crédit Hypothé- caire Egyptien,1.0,1.0,0.0,0.0,0.0014388489208633094
1942,company,C00487,Société du Croissant Rouge,1.0,1.0,0.0,0.0,0.0014388489208633094
1942,company,C01084,The Cairo Electrié Railways & Heliopolis Oases Co. el de la SA. des Eaux du Caire,0.0,0.0,0.0,0.0,0.0
1942,company,C00179,The Ge- neral Accident Fire and Life Assurance Corporalion LH,3.0,3.0,0.0,0.0,0.004316546762589928
1942,company,C00886,Platrières de Ballah,3.0,3.0,0.0,0.0,0.004316546762589928
1942,company,C01156,"lImpe- rial Chemical Industries (Egvpl), SA",3.0,3.0,0.0,0.0,0.004316546762589928
1942,company,C01079,The Asso- ciated Collon Ginners el de la Société Egyplienne de Pro- duils Chimiques,0.0,0.0,0.0,0.0,0.0
1942,company,C00026,Société Egyptienne de la Bourse Commerciale de Minet El Bassal,17.0,17.0,0.005139744477989456,0.0,0.18142893506423913
1942,company,C00920,SA. «La Fluviale» {Van Der Zee),15.0,15.0,0.0,0.0,0.1706258110849324
1942,company,C00850,The Land Bank of Egvpl,31.0,32.0,0.015353644569584745,0.0,0.20026174332887237
1942,company,C00867,Nationa! Bak of Egvpl,15.0,15.0,0.0,0.0,0.1706258110849324
1942,company,C00101,S.A. des Presses Libres Egyptiennes,16.0,16.0,0.0015217796944000995,0.0,0.17077535167308747
1942,company,C00741,Asosciated Cotton Ginners of Egvpt,15.0,15.0,0.0,0.0,0.1706258110849324
1942,company,C00488,Société Misr de Navigation Maritime,15.0,15.0,0.0,0.0,0.1706258110849324
1942,company,C00959,Sociélé Misr d'Assurances Générales,15.0,15.0,0.0,0.0,0.1706258110849324
1942,company,C00579,'Upper Egvpt Ginning Co,16.0,16.0,0.0007687645493692623,0.0,0.17259050155800956
1942,company,C00075,Gabbari Land Co,37.0,41.0,0.012457038619434972,0.0,0.2046792817846563
1942,company,C00078,Société Générale Immobilière d'Egypte,43.0,46.0,0.022389326556624813,0.0,0.2046792817846563
1942,company,C01021,Société Misr de Fi- lature de Cotons Fins (Kafr E! Dawar),15.0,15.0,0.0,0.0,0.1706258110849324
1942,company,C00318,"Industrie Fibres Textiles, S.A.E",26.0,27.0,0.0022542315808089597,0.0,0.17778711337499342
1942,company,C01107,The Manure Company of Egvpt (S.A.),0.0,0.0,0.0,0.0,0.0
1942,company,C00485,Société des Publications Egyptiennes,0.0,0.0,0.0,0.0,0.0
1942,company,C00905,S.A. des Terrains de Guizeh-Rodah el l'Alexandria Commercial Co,1.0,1.0,0.0,0.0,0.12921397629906684
1942,company,C00778,"Comploir Auxiliaire d'Entreprises, SALE",0.0,0.0,0.0,0.0,0.0
1942,company,C00929,So- ciété Egyplienne de Ciment Portland Tourah. Le Caire,0.0,0.0,0.0,0.0,0.0
1942,company,C00115,"S.A. de Nettoyage et Pressage de Coton, S.A.E",5.0,5.0,0.00036946317317578876,0.0,0.15919499694362158
1942,company,C00836,Hôpital Européen,3.0,3.0,0.0,0.0,0.14942843271395154
1942,company,C01070,Technique de The Dakahlieh Land Co,0.0,0.0,0.0,0.0,0.0
1942,company,C00442,Société Egyptienne de Tissage et Tricotage,5.0,5.0,0.0,0.0,0.16415726727800573
1942,company,C00268,ComptoiJ' pour la Vente des Filés Egyptiens,5.0,5.0,0.0,0.0,0.16415726727800573
1942,company,C00974,"Société Anonyme Egyptlienne «Carba», de The Egyvptian Copper Works",5.0,5.0,0.0,0.0,0.16415726727800573
1942,company,C00378,S.A. des Drogueries d'Egypte,2.0,2.0,0.0,0.0,0.0028776978417266188
1942,company,C00374,S.A. des Bières Bomonti & Pyramides,1.0,1.0,0.0,0.0,0.1356926714895493
1942,company,C00076,The Gharbieh Land Co,17.0,21.0,0.014059836663868125,0.0,0.16597502236711484
1942,company,C00046,Communauté Israélite d'Alexandrie,4.0,4.0,5.07011043338381e-05,0.0,0.15663559184806494
1942,company,C00736,Alexandria Life Insurance Co,25.0,28.0,0.0034652402483203674,0.0,0.1948546762589928
1942,company,C00575,"Trading & Industrial Corp., S.A.E",0.0,0.0,0.0,0.0,0.0
1942,company,C00992,"Société Egyh- tienne pour l'Exploitation des Mines ei Carrières, S.A.E",0.0,0.0,0.0,0.0,0.0
1942,company,C00833,Grieve & Irwin Ltd,0.0,0.0,0.0,0.0,0.0
1942,company,C00319,Industrie du Froid,0.0,0.0,0.0,0.0,0.0
1942,company,C01071,"Teinturerie Franco-Egyptienne, S.A.E",8.0,8.0,0.0,0.0,0.14706013302565493
1942,company,C01046,"Société des Autobus de Béhéra ct de Gharbieh, S.A.E",0.0,0.0,0.0,0.0,0.0
1942,company,C00436,Société Egyptienne de Ciment Porlland,0.0,0.0,0.0,0.0,0.0
1942,company,C01116,"The Standard Oil Com- pany of Egvpt., S.A",0.0,0.0,0.0,0.0,0.0
1942,company,C00151,Société Orientale de Publicité,0.0,0.0,0.0,0.0,0.0
1942,company,C00203,~u Comptoir des Ciments,0.0,0.0,0.0,0.0,0.0
1942,company,C00849,"Khedivial Mail Steamship& Graving Docks Co., Ltd",0.0,0.0,0.0,0.0,0.0
1942,company,C00396,"Société Egyptienne de Tuyaux, Poteaux et Produits en Ciment Armé (Système Siegwart)",11.0,11.0,0.01628345738394875,0.0,0.16555197643075006
1942,company,C00143,Société Franco-Egyptienne d'Importation,6.0,6.0,0.010478303236373436,0.0,0.127606205801567
1942,company,C00495,Succession Léon de I-Ielller,4.0,4.0,0.0,0.0,0.1270239089041674
1942,company,C01126,Trading &,0.0,0.0,0.0,0.0,0.0
1942,company,C00289,Egyptian Finance Co,25.0,28.0,0.012921396091818693,0.0,0.1822775269027061
1942,company,C00109,Société Anonyme de Wadi Kom Ombo,51.0,55.0,0.036095911822097725,0.0,0.21967832723674496
1942,company,C00909,S.A.E. Financière et Immobilière,7.0,7.0,0.0,0.0,0.16401908776009494
1942,company,C00841,"Ja Sociélé Générale Immobilière d'Egypte, S.A.E",7.0,7.0,0.0,0.0,0.16401908776009494
1942,company,C01011,Société Géntrale des Sucreries el de la Raffinerie d’E- gypte,7.0,7.0,0.0,0.0,0.16401908776009494
1942,company,C00097,Palestine Hotels Co. Ltd,7.0,7.0,0.0,0.0,0.16401908776009494
1942,company,C00835,Honneur de la Société Générale des Sucreries,2.0,2.0,0.0,0.0,0.12193659340362503
1942,company,C00102,Raffinerie d'Egypte,2.0,2.0,0.0,0.0,0.12193659340362503
1942,company,C00999,Société Egyptienne des Industries Textiles el de la Filature Nationale d'Egypte,0.0,0.0,0.0,0.0,0.0
1942,company,C00670,- lion de Ja Sociélé Misr d'Assurances Générales,0.0,0.0,0.0,0.0,0.0
1942,company,C01097,The Egyp- tian Motor Transport Co. el de l'Universal Motor Co. of Egvpt Lid,0.0,0.0,0.0,0.0,0.0
1942,company,C00739,The Anglo-Egyptian Mining Co,3.0,3.0,2.487923206103705e-05,0.0,0.005138746145940391
1942,company,C00674,"- lion de la Misr Concrele Development Co., S.A.E",4.0,4.0,0.0,0.0,0.1503508304467537
1942,company,C00767,Cie. Nationale pour le Commerce el l'Industrie «La Commercia- le»,4.0,4.0,0.0,0.0,0.1503508304467537
1942,company,C00375,Société Anonyme des Chemins de Fer de la Basse E- gypte,25.0,25.0,0.008567361347219344,0.0,0.19388525000894805
1942,company,C00158,Société Anonyme des Halles Centrales d'Egypte,0.0,0.0,0.0,0.0,0.0
1942,company,C00919,SA. des Chemins de Fer de la Basse-Egyple el de la S.A. des Tramways du Caire,0.0,0.0,0.0,0.0,0.0
1942,company,C00675,~t- tion de la Sidi Salem Co,4.0,4.0,0.0,0.0,0.1270239089041674
1942,company,C01129,"Union Foncière d'Egvple, ei«le Ja Compagnie Immobilière d'Egvpte. SALE. (en liquida- tion)",4.0,4.0,0.0,0.0,0.1270239089041674
1942,company,C01152,"ja Société Egvptienne de Tuvaux, Poleaux el Produits en Gi- ment Armé (Sysième Siegwartl)",0.0,0.0,0.0,0.0,0.0
1942,company,C00904,S.A. des Magasins Egyp- liens Régime Bond el de la Near East Superintending Co. Lid,0.0,0.0,0.0,0.0,0.0
1942,company,C00903,S.A. des Maga- sins Egypliens Régime Bond,1.0,1.0,0.0,0.0,0.0014388489208633094
1942,company,C01151,ja Near East Superinten- ding Co. Lid,1.0,1.0,0.0,0.0,0.0014388489208633094
1942,company,C00346,"The National Ginning Co. of Egypt, S.A.E",1.0,1.0,0.0,0.0,0.0014388489208633094
1942,company,C00524,"The Egyptian Copper Works, S.A.E",39.0,41.0,0.018165922462441808,0.0,0.19583384548642493
1942,company,C01163,"«A]-Chark» (L'Orient), S.A.E",7.0,7.0,0.0,0.0,0.16541143994821123
1942,company,C00067,Egyptian Markets,0.0,0.0,0.0,0.0,0.0
1942,company,C00912,S.A.E. des Anciens Etablissements Hovaghimian,0.0,0.0,0.0,0.0,0.0
1942,company,C00973,"Société Anonyme Egyplienne de Gonstruclions, «Egyco»",0.0,0.0,0.0,0.0,0.0
1942,company,C00930,"So- ciété Egyplienne de Tuyaux, Poteaux el Produits en Cimenl Armé (Système Siegwart)",0.0,0.0,0.0,0.0,0.0
1942,company,C00773,Commercial Bank of Egypt el de la Société Foncière d'Egvple,0.0,0.0,0.0,0.0,0.0
1942,company,C00477,Société des Autobus d'Alexandrie,10.0,12.0,0.0009495357996201377,0.0,0.16401908776009494
1942,company,C00677,- lion de la Société Coopérative Commerciale de Crédit,2.0,2.0,0.0,0.0,0.13228423371282608
1942,company,C00679,- lion de la Société des Aulobus de Béhéra,1.0,1.0,0.0,0.0,0.0028776978417266188
1942,company,C00896,S.A. des Bières Bomonti & Pyramides el de la Société «Pharos»,4.0,4.0,0.0,0.0,0.14806586341868752
1942,company,C00094,New Egyptian Co,4.0,5.0,0.0,0.0,0.14806586341868752
1942,company,C00680,- lion du Banco Ialo-Egiziano,0.0,0.0,0.0,0.0,0.0
1942,company,C00248,Caisse Hypothécaire d'Egypte,1.0,1.0,0.0,0.0,0.0014388489208633094
1942,company,C00743,Ban- que Belge el Internationale en Egvple el de la S.A. des Monts de Piélé Egypliens,1.0,1.0,0.0,0.0,0.0014388489208633094
1942,company,C00780,Con- seil d'Administration de The Egvplian Motor Transport Co,5.0,5.0,0.0,0.0,0.1585473362563001
1942,company,C00030,Cairo Sand Bricks,7.0,7.0,0.0011440963932519488,0.0,0.16197396197755015
1942,company,C01112,"The Shef- field Smelling Co. (Egypl), S.A",5.0,5.0,0.0,0.0,0.1585473362563001
1942,company,C01102,"The Gab- bari Slorage Co., S.A.E",0.0,0.0,0.0,0.0,0.0
1942,company,C00880,Officiel de The Alexandria Water Company Limiled,0.0,0.0,0.0,0.0,0.0
1942,company,C00844,Ja Société Coopérative de Pélroles el de ses composés,0.0,0.0,0.0,0.0,0.0
1942,company,C00125,Société Anonyme des Immeubles d'Egyptc,8.0,8.0,0.0011502465505433938,0.0,0.17137614446701216
1942,company,C00707,- tration de la Beida Dyers. S.A.E,0.0,0.0,0.0,0.0,0.0
1942,company,C00727,Ad- administration de la Sociélé de l'Egvptian Slate Rys,3.0,3.0,0.0,0.0,0.10509960963268221
1942,company,C01158,la«Bus Cy.»r,3.0,3.0,0.0,0.0,0.10509960963268221
1942,company,C00816,Fayoum Lighl Rys. Go. el de la Sociélé Anonyme des Chemins de Fer de la Basse-Egvpte,3.0,3.0,0.0,0.0,0.10509960963268221
1942,company,C00704,Société Misr pour l'Egrenage du Coton,2.0,2.0,0.0,0.0,0.0028776978417266188
1942,company,C00500,Sénat,9.0,9.0,0.0060373603134783235,0.0,0.16597502236711484
1942,company,C00710,- tration de la Société Générale de la Sucrerie ef de la Raffine- rie d'Egypte,7.0,7.0,0.0,0.0,0.16541143994821123
1942,company,C00171,Egyptian Bonded Warehouses Co. Ltd,35.0,38.0,0.012748772009409003,0.0,0.20213140690766887
1942,company,C00362,Port-Said Salt Association Ltd,20.0,20.0,0.004551474941783601,0.0,0.1805882078396597
1942,company,C00748,"Banque Misr el d’autres Sociélés filiales de cetle Banque, etc., etc",7.0,7.0,0.0,0.0,0.16541143994821123
1942,company,C01106,"The Hin- shelwood Paint & Oil Co. of Egvpt, S.A.E",10.0,10.0,0.009006282006095412,0.0,0.1598479706800597
1942,company,C01062,Supérieur Economique,5.0,5.0,0.0,0.0,0.15932516456172757
1942,company,C00722,Ad- administration de The Associated Cotton Ginners,5.0,5.0,0.0,0.0,0.15932516456172757
1942,company,C00129,Société Anonyme du Béhéra,35.0,36.0,0.01937919564188899,0.0,0.21554720825109824
1942,company,C00326,Levant Bonded Ware- houses Co,14.0,14.0,0.0026048127006493725,0.0,0.1678334851498646
1942,company,C01159,là S.A. «Pha- os»,5.0,5.0,0.0,0.0,0.15932516456172757
1942,company,C00135,Société Egyptienne de Ciment Portland Tourah-Le Caire,0.0,0.0,0.0,0.0,0.0
1942,company,C00825,là General Mo- tors Near East. S.A.E,0.0,0.0,0.0,0.0,0.0
1942,company,C00953,Sociélé Egyptienne de Tissageel Tricolage,2.0,2.0,0.0,0.0,0.10320692598463602
1942,company,C00705,- tion de l’Alexandria Commercial Co,1.0,1.0,0.0,0.0,0.004708960104643558
1942,company,C00069,Egyptian Salt & Soda,18.0,18.0,0.000642913031303262,0.0,0.1888126707935977
1942,company,C00060,"Delta Trading Co., S.A.E",2.0,2.0,0.0,0.0,0.0028776978417266188
1942,company,C00916,«Fluviale» S.A.E,12.0,12.0,0.00454875292849294,0.0,0.1636059414433189
1942,company,C00241,Banque de Commerce N. Tepeghiosi & Co,0.0,0.0,0.0,0.0,0.0
1942,company,C00042,Commerce Hellénique d'Alexandrie,13.0,14.0,0.0,0.0,0.188629889892539
1942,company,C01103,The Gabbari Land Company. SA. Nettoyage,1.0,1.0,0.0,0.0,0.12316983328634186
1942,company,C00363,Pressage de Coton,8.0,8.0,0.0015217796944000995,0.0,0.16037421914320393
1942,company,C01040,"Société Viticole & Vinicole d'Egvple, SALE",1.0,1.0,0.0,0.0,0.0014388489208633094
1942,company,C00266,"Cie. d'Eclairage par le Gaz, Lebon& Co",0.0,0.0,0.0,0.0,0.0
1942,company,C00423,Société Egyptienne des Industries Textiles,0.0,0.0,0.0,0.0,0.0
1942,company,C00770,Commerce Française du Caire,1.0,1.0,0.0,0.0,0.10977728239943256
1942,company,C00899,"S.A. des Elablissements Jan- sen en Egvple, S.A.E",0.0,0.0,0.0,0.0,0.0
1942,company,C01010,Société Générale des Sucreries et Raffinerie d'Egypte,13.0,13.0,0.0010084172070194725,0.0,0.16899798461317678
1942,company,C00014,The Anglo-Egyptian Land Allotment Co,16.0,19.0,0.0097730341195212,0.0,0.15997920875122562
1942,company,C00031,The Cairo Suburban Building Land Co,9.0,10.0,0.0036776671098322404,0.0,0.15563472544647988
1942,company,C00191,Union des Agriculteurs d'Egypte,2.0,2.0,0.0,0.0,0.0028776978417266188
1942,company,C00726,Ad- administration de la S.A.E. de Minoterie el de Silos,2.0,2.0,0.0,0.0,0.0028776978417266188
1942,company,C00807,"Egyplian Neon Light Co., S.A.E. ef du Syndicat des Obligalaires de la Société Géné- rale des Sucreries ef de la Raffinerie d'Egvpte",2.0,2.0,0.0,0.0,0.0028776978417266188
1942,company,C00784,Con- seil d'Administration de lEgvplian Salt & Soda Co,8.0,8.0,0.0,0.0,0.14706013302565493
1942,company,C00140,Société Financière et Industrielle d'Egypte,8.0,8.0,0.0,0.0,0.14706013302565493
1942,company,C00192,United Egyptian Salt,22.0,23.0,0.003469084062674388,0.0,0.17182952051057565
1942,company,C00126,S.A. des Immeubles d'Egypte,8.0,8.0,0.0,0.0,0.14706013302565493
1942,company,C01039,Société Vilicole& Vinicole d'Egvple,8.0,8.0,0.0,0.0,0.14706013302565493
1942,company,C00162,The Alexandria Central Buildings,18.0,21.0,0.001340606277043046,0.0,0.1664002359171587
1942,company,C00007,The Alexandria Navigation Co,33.0,35.0,0.010886090037812128,0.0,0.1978220063543074
1942,company,C00235,Banca Commerciale Italiana per l'Egitto,8.0,8.0,0.0,0.0,0.14706013302565493
1942,company,C01135,Webbs (Aberbeeg) Ltd. (de South Wales),4.0,4.0,0.0,0.0,0.0057553956834532375
1942,company,C01090,"The Daniel Layborn & Co. Lid. (de Liverpool, Manchester et Hull)",4.0,4.0,0.0,0.0,0.0057553956834532375
1942,company,C01091,The Dinmore Quarries (North Wa- les),4.0,4.0,0.0,0.0,0.0057553956834532375
1942,company,C01110,The National Associalion of Employment for Regu- lar Sailors. Soldiers & Airmen,4.0,4.0,0.0,0.0,0.0057553956834532375
1942,company,C01088,The Cotton Spinning & Doubling Co. (Oberleutensdorf) Lid,4.0,4.0,0.0,0.0,0.0057553956834532375
1942,company,C01086,The Choremi Benachi Cotton Co. (Alexandria),0.0,0.0,0.0,0.0,0.0
1942,company,C01085,The Cho- remi Benachi & Co. (Liverpool),0.0,0.0,0.0,0.0,0.0
1942,company,C01045,Société des Auto- bus du Nord el de la Sté. des Aulobus du Caire,0.0,0.0,0.0,0.0,0.0
1942,company,C00476,"Société des Autobus du Nord, S.A.E",12.0,14.0,0.014757255724585031,0.0,0.17107522059613064
1942,company,C00927,So- ciélé des Aulobus du Caire,3.0,4.0,9.389082917580003e-05,0.0,0.13165856503986
1942,company,C01082,The Cairo Agricultural Co. S.A.E,0.0,0.0,0.0,0.0,0.0
1942,company,C00296,Filature Nationale d’'E- gypte,19.0,19.0,0.006695403309679196,0.0,0.19466001624275003
1942,company,C00483,Sté. des Produits Centrifugés en Ciment,6.0,6.0,0.0,0.0,0.15906504184407574
1942,company,C00345,National Contracting Co. of Egypt,2.0,2.0,0.0,0.0,0.15391364633411753
1942,company,C01018,"Société Industrielle et Commerciale d'Egypte (S.I.C.O.), S.A.E",8.0,8.0,0.0,0.0,0.16130353994949737
1942,company,C00010,Alexandria Exchange Co,1.0,1.0,0.0,0.0,0.14099470062155775
1942,company,C00928,"Sociélé California Egyplienne de Pélroles, S.A.E",1.0,1.0,0.0,0.0,0.0014388489208633094
1942,company,C00543,"The Nile Ginning Co., S.A.E",1.0,1.0,0.0,0.0,0.0014388489208633094
1942,company,C00853,Maison Peel & Co. Lid,2.0,2.0,0.0,0.0,0.12514751204816493
1942,company,C00860,Mini eh Ginning Cy. Ltd,2.0,2.0,0.0,0.0,0.12514751204816493
1942,company,C01041,Société Zoologi que d'Egypte,0.0,0.0,0.0,0.0,0.0
1942,company,C01093,"The Egvplian Engince- ring Slores, S.A.E",1.0,1.0,0.0,0.0,0.0014388489208633094
1942,company,C00694,- ration de la Cie. Générale Egvplienne des Pélroles COGEP. S.A.E,0.0,0.0,0.0,0.0,0.0
1942,company,C00730,"Ad- nistration de Ja S.Eg. de Ciment Portland Tourah, Le Cai- re",1.0,1.0,0.0,0.0,0.0014388489208633094
1942,company,C00861,"Misr Concre- te Development Co., SALE",1.0,1.0,0.0,0.0,0.0014388489208633094
1942,company,C00815,"FEastern Co., SALE",0.0,0.0,0.0,0.0,0.0
1942,company,C01066,Syndical de l'industrie Egvplien- ne du Riz,1.0,1.0,0.0,0.0,0.13438253535102954
1942,company,C00590,au Consortium de Loteries (F.A.E.P.A.E.),1.0,1.0,0.0,0.0,0.0014388489208633094
1942,company,C00683,- nistralion de la Société Egvptienne Financière pour le Commerce el Findustrie,1.0,1.0,0.0,0.0,0.0014388489208633094
1942,company,C00923,SALE. «Chaussures Bala»,0.0,0.0,0.0,0.0,0.0
1942,company,C00884,"PEgyplian Mining & Prospeclting Co., S.A.E",12.0,12.0,0.0,0.0,0.16583376702893005
1942,company,C00023,Banque du Crédit Agricole d'Egypte,12.0,12.0,0.0,0.0,0.16583376702893005
1942,company,C00810,Etablissements Industriels pour la Soie et le Coton,1.0,1.0,0.0,0.0,0.0014388489208633094
1942,company,C00759,"Carrier-Egvpl el des KEla- blissements Industriels pour la Soie el le Coton, S.A.E",0.0,0.0,0.0,0.0,0.0
1942,company,C00777,Compagnie Générale Egyplienne des Pétroles (CO-,0.0,0.0,0.0,0.0,0.0
1942,company,C01037,"Société Rou- maine «Prahova» Socielale Anonima Romana Pentru In- dustria di Comertul Petrolului, Bucarest",0.0,0.0,0.0,0.0,0.0
1942,company,C00429,"Société Com- merciale Bulgaro-Egyplienne, S.A.E",2.0,2.0,0.0,0.0,0.003996802557953637
1942,company,C00772,Commercial Bank of Egvpl,0.0,0.0,0.0,0.0,0.0
1942,company,C00796,Crédil Agricole d'Egypte el de la Sociéié d'Assurances «Al-Chark»,2.0,2.0,0.0,0.0,0.15140223485547227
1942,company,C00473,"Société de Métallurgie Egyptienne, S. A. E",27.0,29.0,0.00818842462228723,0.0,0.20108841719194304
1942,company,C00461,Société Royale d'Agriculture,2.0,2.0,0.0,0.0,0.15489242945865883
1942,company,C00059,Dakahlieh Land Co,6.0,6.0,0.00303526631144652,0.0,0.12340384816908981
1942,company,C00855,"Maison de la Petite Reine, S.A.E",4.0,4.0,0.0,0.0,0.1232477395692554
1942,company,C00779,Comptoir Commercial Economique,4.0,4.0,0.0,0.0,0.1232477395692554
1942,company,C00818,Finan- cial Bureau (Egypt) 114,4.0,4.0,0.0,0.0,0.1232477395692554
1942,company,C01155,"lEgvplian Ginners & Exporters, S.A",2.0,2.0,0.0,0.0,0.1411990407673861
1942,company,C01153,lAboukir Co,0.0,0.0,0.0,0.0,0.0
1942,company,C00922,SALE. de Cons- tructions (EGYCO”,0.0,0.0,0.0,0.0,0.0
1942,company,C01139,dela Commercial Bank of The Near East,0.0,0.0,0.0,0.0,0.0
1942,company,C00940,Socié- lé Misr d'Assurances Générales el de la Sociélé Misr de Ta- bacs el Cigarelles,0.0,0.0,0.0,0.0,0.0
1942,company,C00676,- lion de la Sociélé Industrielle et Commerciale d'Egypte(S.I.C.0.),0.0,0.0,0.0,0.0,0.0
1942,company,C00843,Ja Sociélé Misr de Cigarelles el de la Société Misr de Ci- néma,1.0,1.0,0.0,0.0,0.0014388489208633094
1942,company,C01044,Société des Autobus de Charkieh et Dakahlieh,1.0,1.0,0.0,0.0,0.08777237669324
1942,company,C00584,"Société Viticole et Vinicole d'Egypte, S.A.E",1.0,1.0,0.0,0.0,0.0014388489208633094
1942,company,C00047,Compagnie Frigorifique d'Egypte,3.0,4.0,0.00024408859646848018,0.0,0.13674012369052127
1942,company,C00048,Société Anonyme des Eaux du Caire,4.0,5.0,0.0007567473230291012,0.0,0.14243762884429298
1942,company,C00015,The Associated Cotton Ginners,0.0,0.0,0.0,0.0,0.0
1942,company,C00749,"Banque de Paris el des Pays-Bas, Mem- bre du Conseil d'Administration du Crédit Foncier Egyp- tien",0.0,0.0,0.0,0.0,0.0
1942,company,C00765,Cie. Generale Egvplienne des Pélroles (Cogep) S.A.E,0.0,0.0,0.0,0.0,0.0
1942,company,C00885,"Pinto Cotton Co., S.A.E",13.0,13.0,0.0004101743760330859,0.0,0.16090394406192635
1942,company,C00552,The Upper Egypt Ginning Co,7.0,7.0,0.00028611507892558745,0.0,0.15828974513321917
1942,company,C00081,"Josy Film, S.A.E",0.0,0.0,0.0,0.0,0.0
1942,company,C00247,Cairo Land & Financial Co,4.0,4.0,0.0,0.0,0.14739385496141663
1942,company,C00012,Anglo-Belgian Co. of Egypt,22.0,24.0,0.0049226569139357145,0.0,0.19388525000894805
1942,company,C00536,Fayoum Light Railways Co,22.0,24.0,0.0049226569139357145,0.0,0.19388525000894805
1942,company,C00900,S.A. des Hal- les Centrales,4.0,4.0,0.0,0.0,0.14739385496141663
1942,company,C00820,Fédération Internationale des Tech- niciens Agronomes,3.0,3.0,0.0,0.0,0.13938102736694766
1942,company,C00672,- lion de The Gharbieh Land Co,3.0,3.0,0.0,0.0,0.13938102736694766
1942,company,C01067,Syndicat des Obligataires de la Société Générale des Sucreries el de là Raffinerie d'Egyvple,4.0,4.0,0.0,0.0,0.13948079904008076
1942,company,C00310,Grands Hôtels d'Egypte,4.0,4.0,0.0,0.0,0.13948079904008076
1942,company,C00917,S.E. de Tissage el,4.0,4.0,0.0,0.0,0.13948079904008076
1942,company,C00263,Communauté Hellénique du Caire,4.0,4.0,0.0,0.0,0.10783324640785434
1942,company,C00794,Croir Rouge Hellénique,4.0,4.0,0.0,0.0,0.10783324640785434
1942,company,C00240,Banque de Commerce,4.0,4.0,0.0,0.0,0.10783324640785434
1942,company,C01007,Société Franco-Egyptien- ne d'Importalion el de la Sociélé des Elablissements Bola- nachi,4.0,4.0,0.0,0.0,0.10783324640785434
1942,company,C00717,dela Société Egyptienne de,4.0,4.0,0.0,0.0,0.1481784610334546
1942,company,C00469,Société Texas Egyptienne des Pétroles,0.0,0.0,0.0,0.0,0.0
1942,company,C00755,The Building Lands of Egvpl,4.0,4.0,0.0,0.0,0.1408927521756998
1942,company,C00856,"Manu- facture de Textiles Egyptiens, S.A.E",4.0,4.0,0.0,0.0,0.1408927521756998
1942,company,C00949,Sociélé Egvptienne d'Entreprises Ur- baines et Rurales,4.0,4.0,0.0,0.0,0.1408927521756998
1942,company,C00440,Société Egyptienne de Placements ct de Crédit,1.0,1.0,0.0,0.0,0.14772909496511963
1942,company,C00993,Société Egyp- tienne des Placements,7.0,7.0,0.00303526631144652,0.0,0.1348475268228324
1942,company,C00273,Crédit,2.0,2.0,0.0,0.0,0.10759507247873706
1942,company,C01060,Sté. Gén. Immobilière,2.0,2.0,0.0,0.0,0.10759507247873706
1942,company,C01173,‘le ia Société,0.0,0.0,0.0,0.0,0.0
1942,company,C01049,Société des Terres Rares d'Egyple,4.0,4.0,0.0,0.0,0.15211137881264075
1942,company,C01035,Société Misr «la Fluviale» S.A.E,4.0,4.0,0.0,0.0,0.15211137881264075
1942,company,C00352,Paris de la Banque d'Athènes),1.0,1.0,0.0,0.0,0.11134552929085303
1942,company,C00822,Garbieh,1.0,1.0,0.0,0.0,0.0028776978417266188
1942,company,C00746,Banque Misr (France),0.0,0.0,0.0,0.0,0.0
1942,company,C01012,Société Hongro-Egyptienne pour le Commerce (Elabli à Budapest),0.0,0.0,0.0,0.0,0.0
1942,company,C00479,Société des Autobus du Caire,25.0,26.0,0.0057367797735380765,0.0,0.19802304497865122
1942,company,C01013,"Société Hongro-Egyptienne pour le Commerce, S.A",8.0,8.0,0.0,0.0,0.16130353994949737
1942,company,C00838,the Alexandria Navigation Co. Lid. (London),24.0,26.0,0.00273848760201779,0.0,0.19466001624275003
1942,company,C00295,"Fabrique des Produits Chimiques, S.A.E",0.0,0.0,0.0,0.0,0.0
1942,company,C01036,Société Pharos,4.0,4.0,0.0,0.0,0.1585473362563001
1942,company,C00531,The Egyptian Petroleum Storage Co,11.0,13.0,0.0003848413141459086,0.0,0.16471232143617315
1942,company,C00875,New Egyptian Co. Lid,1.0,1.0,0.0,0.0,0.0014388489208633094
1942,company,C00876,Nile Cold Storage 1& lee Co,1.0,1.0,0.0,0.0,0.0014388489208633094
1942,company,C00696,' tration de la S.A.E. «Carban,1.0,1.0,0.0,0.0,0.0014388489208633094
1942,company,C00422,"Société Egyptienne de Constructions, S.A.E. (Egyco)",0.0,0.0,0.0,0.0,0.0
1942,company,C00847,Kafr El Zaval Cotton Co. Id,0.0,0.0,0.0,0.0,0.0
1942,company,C01167,«Neslor Gianaclis (Agri- cultural & Commercial) Limited»,1.0,1.0,0.0,0.0,0.0014388489208633094
1942,company,C00029,Building Lands of Egypt,2.0,2.0,0.0,0.0,0.0028776978417266188
1942,company,C00174,The Egyptian Cotton Cy,2.0,2.0,0.0,0.0,0.0028776978417266188
1942,company,C00893,"Immobilia d'Egypte, S.A.E",0.0,0.0,0.0,0.0,0.0
1942,company,C00939,"Socielà Ano- nima Immobili Riunili el de la Pinto Cotton Co., S.A.E",0.0,0.0,0.0,0.0,0.0
1942,company,C01120,"The Upper Egypt Ginning Co., S.A.E. el de la Pinto Cotton Co., S.A.E",0.0,0.0,0.0,0.0,0.0
1942,company,C00995,"Société Egyplienne de Filature el de Tissage de la Laine, S.A.E",0.0,0.0,0.0,0.0,0.0
1942,company,C00415,"Socié- té Egyplienne de Filature el de Tissage de Laine, S.A.E",0.0,0.0,0.0,0.0,0.0
1942,company,C00297,Société Egyptienne de Filature,1.0,1.0,0.0,0.0,0.11250269991858707
1942,company,C00437,"Société Egyptienne de Filature et Tissage de la Laine, S.A.E",0.0,0.0,0.0,0.0,0.0
1942,company,C00687,"- nistration de la Maison d'Ameublement B. Pontremoli, S.A.E",0.0,0.0,0.0,0.0,0.0
1942,company,C00871,"National Insurance Co. of Egvpl (Incendie, Accidents et Risques Divers)",1.0,1.0,0.0,0.0,0.13025045204478128
1942,company,C00933,So- ciété Immobilière de Boulac,2.0,2.0,0.0,0.0,0.0028776978417266188
1942,company,C00681,- nisiralion de la S.A. des Immeubles d'Egypte,2.0,2.0,0.0,0.0,0.0028776978417266188
1942,company,C00688,"- nistration de la Société Egyplienne d'Industries Chimiques, S.A.E",0.0,0.0,0.0,0.0,0.0
1942,company,C01061,Sté. «Cigareltes,0.0,0.0,0.0,0.0,0.0
1942,company,C01157,"lU- nitas Trading & Financial Co., S.A.E",0.0,0.0,0.0,0.0,0.0
1942,company,C00450,"Société Egyptienne pour l'Exploitation des Mines et Carrières, S. A.E",0.0,0.0,0.0,0.0,0.0
1942,company,C00686,- nistration de l'Egvplian Motor Transport Coy,1.0,1.0,0.0,0.0,0.0014388489208633094
1942,company,C01108,"The Manure Co. of Egypt, S.A",0.0,0.0,0.0,0.0,0.0
1942,company,C00061,Députés,1.0,1.0,0.0,0.0,0.0014388489208633094
1942,company,C00673,"- lion de la Marconi Radio Telegraph Co. of Egypl, S.A.E",1.0,1.0,0.0,0.0,0.0014388489208633094
1942,company,C00834,Génté- ral de la Société Anonyme des Anciennes Entreprises L. Ro- lin & Co,3.0,3.0,0.0,0.0,0.12379585531066888
1942,company,C00122,Société Anonyme des Anciennes Entreprises L. Rolin et Co,6.0,6.0,0.0,0.0,0.13086277787709388
1942,company,C00166,The Cairo Suburban,6.0,6.0,0.0,0.0,0.13086277787709388
1942,company,C00420,Société Anonyme Belge-Egyptienne,6.0,6.0,0.0,0.0,0.13086277787709388
1942,company,C01005,Société Foncière de Cheikh Fadl,5.0,5.0,0.0,0.0,0.16374342542772505
1942,company,C00872,National Insurance Co. of Egvpli KEgyplian Mining & Prospecting Co,5.0,5.0,0.0,0.0,0.16374342542772505
1942,company,C01048,"Société des Terrains de la Ville d'Alexandrie, de la «Fluviale»",1.0,1.0,0.0,0.0,0.1311269692187031
1942,company,C00801,Crédits,5.0,5.0,0.0,0.0,0.13466114461575177
1942,company,C00544,Nile Ginning Co. S.A.E. (Minia),0.0,0.0,0.0,0.0,0.0
1942,company,C01105,The Gbharbieh Land Co. el de The Associated Collon Ginners of Egypt Lid,0.0,0.0,0.0,0.0,0.0
1942,company,C00768,Cie. Universelle du Canal Maritime de Suez,2.0,2.0,0.0,0.0,0.14784118077313568
1942,company,C00943,Sociélé Anonyme des Eaux du Caire el de la Compagnie Frigorifique d'Egypte,2.0,2.0,0.0,0.0,0.14784118077313568
1942,company,C00994,Société Egyplienne de Constructions,12.0,12.0,0.0,0.0,0.1602423324498296
1942,company,C00877,"Nile Oil Co. (Cré- dit Minier, S.E. de Bucares!}",12.0,12.0,0.0,0.0,0.1602423324498296
1942,company,C00941,Socié- té Anonyme Egvplienne des Industries Textiles,12.0,12.0,0.0,0.0,0.1602423324498296
1942,company,C01111,The National Insurance Co. of Egvpl,12.0,12.0,0.0,0.0,0.1602423324498296
1942,company,C00913,S.A.E. des Etablissements Distillerie Bolanachi,12.0,12.0,0.0,0.0,0.1602423324498296
1942,company,C00865,"Moulins «Al Mahmou- dieh», S.A.E",2.0,2.0,0.0,0.0,0.0028776978417266188
1942,company,C00546,"The Sheffield Smelting Co. (Egypt), S.A",2.0,2.0,0.0,0.0,0.0028776978417266188
1942,company,C00846,Société Franco-Egyptienne de Crédit,2.0,2.0,0.0,0.0,0.0028776978417266188
1942,company,C01024,Société Misr de Filature el de Tissage Fin en Coton Egvyptien (Usines Kafr EI Dawar),9.0,9.0,0.0,0.0,0.15676160600079872
1942,company,C00997,"Société Egyptienne d'Entreprises et Constructions ( S.E.D.E.C.), S.A.E",9.0,9.0,0.0,0.0,0.15676160600079872
1942,company,C01032,Société Misr pour le Théâtre et le Cinéma,9.0,9.0,0.0,0.0,0.15676160600079872
1942,company,C01022,Société Misr de Filature,9.0,10.0,0.0,0.0,0.15676160600079872
1942,company,C01124,"Tissage, S.A.E",9.0,10.0,0.0,0.0,0.15676160600079872
1942,company,C00150,Société Misr pour l'Exportation du Coton (ex-Lindemann),9.0,9.0,0.0,0.0,0.15676160600079872
1942,company,C00864,Mission Egyptienne à la Conférence Economique Internationale d° Genève 1927,2.0,2.0,0.0,0.0,0.10561229065528066
1942,company,C00898,S.A. des Eaux du Caire el de la Compagnie Frigorifique d'Egypte,2.0,2.0,0.0,0.0,0.10561229065528066
1942,company,C00786,Con- seil d'Administration de la S.A. Immobilière du Domaine de Siouf,1.0,1.0,0.0,0.0,0.0014388489208633094
1942,company,C00991,"Société Egvptienne pour l'Industrie et le Com- merce des Cotonnades «La Cotonnière», S.A.E",1.0,1.0,0.0,0.0,0.0014388489208633094
1942,company,C00744,Banque Hypothécaire Agri- cole d'Egvple el de la Société Royale d'Agriculture,1.0,1.0,0.0,0.0,0.0014388489208633094
1942,company,C00792,Conseil d'Administration de la Société Franco-Egyptienne de Crédil,0.0,0.0,0.0,0.0,0.0
1942,company,C00580,Usines Réunies d'Egrenage,12.0,13.0,0.0005559064419200465,0.0,0.16988201940627098
1942,company,C00315,Huileries,12.0,13.0,0.0005559064419200465,0.0,0.16988201940627098
1942,company,C00068,The Egyptian'1\Œotor Transport Co,4.0,4.0,0.0,0.0,0.15575913370023406
1942,company,C00496,-Dél. Sudan Import & Export Cy,2.0,2.0,0.0,0.0,0.003237410071942446
1942,company,C00897,S.A. des Drogueries d’E- gvple,3.0,3.0,8.293077353679016e-06,0.0,0.004316546762589928
1942,company,C01031,Société Misr pour le Lin el de la Société Misr pour les Huiles,2.0,2.0,0.0,0.0,0.003237410071942446
1942,company,C00406,Sociélé des Publications Egyptien- nes,0.0,0.0,0.0,0.0,0.0
1942,company,C01000,Société Egyptienne des Pétro- les,7.0,7.0,0.0,0.0,0.1602423324498296
1942,company,C00971,Société Anonv- me de Nettovage,7.0,7.0,0.0,0.0,0.1602423324498296
1942,company,C00073,Fédération Egyptienne des Industries,38.0,40.0,0.01320009881749406,0.0,0.21342242744687054
1942,company,C00828,Gie. Egyp- tienne de Navigation «Le Dodécanèse»,0.0,0.0,0.0,0.0,0.0
1942,company,C01131,"United Egvptian Salt, TAd",19.0,19.0,0.00032970983404489215,0.0,0.19311662661941803
1942,company,C00684,"- nistralion de la Société Nalionale de Papier, S.A.E",0.0,0.0,0.0,0.0,0.0
1942,company,C01100,The Egyptian Road Construction Co. de The Anglo-Ameri- can Nile & Tourist Cv,0.0,0.0,0.0,0.0,0.0
1942,company,C01051,Société Egyptienne pour la FabriGation,1.0,1.0,0.0,0.0,0.0014388489208633094
1942,company,C00812,Exportation des Conserves,1.0,1.0,0.0,0.0,0.0014388489208633094
1942,company,C00077,S. A. Les Grands Hôtelscl'Egyptc,17.0,17.0,0.0,0.0,0.18700064900095278
1942,company,C01149,f.f. du Conseil d’Ad- administration de la National Petroleum Co,17.0,17.0,0.0,0.0,0.18700064900095278
1942,company,C00699,- tion de la Compagnie Universelle du Canal Maritime de Suez,17.0,17.0,0.0,0.0,0.18700064900095278
1942,company,C01023,Société Misr de Filature de la Soie,17.0,17.0,0.0,0.0,0.18700064900095278
1942,company,C01027,Société Misr d’Egrenage,17.0,17.0,0.0,0.0,0.18700064900095278
1942,company,C00960,Sociélé Misr d'Exportalion du Coton,17.0,17.0,0.0,0.0,0.18700064900095278
1942,company,C00145,Société Générale d'Electricité,2.0,2.0,0.0,0.0,0.08987761820064244
1942,company,C00249,Carrier-Egypt,0.0,0.0,0.0,0.0,0.0
1942,company,C00666,'Ad- administration de la Société Carrier-Egvpt. S.A.E,0.0,0.0,0.0,0.0,0.0
1942,company,C00936,"So- ciété Texas Egyplienne des Pétroles, S.A.E",0.0,0.0,0.0,0.0,0.0
1942,company,C00902,S.A. des Immeubles d'Egypteel de la S.A. des Chemins de Fer Kéneh-Assouan,0.0,0.0,0.0,0.0,0.0
1942,company,C00668,"- lion cle la Société des Entreprises M. Cockinos, S.A.E",0.0,0.0,0.0,0.0,0.0
1942,company,C01015,"Société Immobilière de Zamalek, S.A.E",0.0,0.0,0.0,0.0,0.0
1942,company,C00525,"The Egyptian Copper Wor·l<s, S.A.E",0.0,0.0,0.0,0.0,0.0
1942,company,C00159,So- ciété Foncière du Domaine de Cheikh Fadl,1.0,1.0,0.0,0.0,0.15538650419377417
1942,company,C00990,Société Egvplienne pour le Tannage el l'industrie du,0.0,0.0,0.0,0.0,0.0
1942,company,C00024,Banque de Crédit Agricole d'Egyple,3.0,3.0,0.0,0.0,0.13456814658770222
1942,company,C00238,"Banque de Cré- dit Hypothécaire Agricole d'Egypte, S.A.E",3.0,3.0,0.0,0.0,0.13456814658770222
1942,company,C00950,Sociélé Egvptiienne pour le,3.0,3.0,0.0,0.0,0.13456814658770222
1942,company,C00883,PAlexandria,1.0,1.0,0.0,0.0,0.0014388489208633094
1942,company,C00761,Central Buildings Company,3.0,3.0,0.0,0.0,0.1579049240348402
1942,company,C00682,"- nistralion de la Kafr El Zavat Land Co. fabet, Khalil (Bey), ltédacteur en Chef du Journal At Mokaltan",1.0,1.0,0.0,0.0,0.10239341894849859
1942,company,C01019,Société Liban-Egyple,2.0,2.0,0.0,0.0,0.08664058526411418
1942,company,C00425,Société California Egyptienne des Pétroles,1.0,1.0,0.0,0.0,0.0014388489208633094
1942,company,C00976,Société California Texas,1.0,1.0,0.0,0.0,0.0014388489208633094
1942,company,C00252,Cercle Royal d'Escrime et autres cercles sporl'ifs,3.0,3.0,0.0,0.0,0.15128468653648508
1942,company,C00890,Red Sea Mining Co,10.0,10.0,0.0,0.0,0.16611651854986598
1942,company,C00343,The Modern Buildings,10.0,10.0,0.0,0.0,0.16611651854986598
1942,company,C00891,"Royal Ex- change Assurance, etc",10.0,10.0,0.0,0.0,0.16611651854986598
1942,company,C00910,S.A.E. Moulins «Al,1.0,1.0,0.0,0.0,0.12506718630230604
1942,company,C00182,The Union Cotton Company of Alexandria,0.0,0.0,0.0,0.0,0.0
1942,company,C01148,"et Administrat&ur-Dé- légué de The Union Collon Co. of Alexandria, S.A.E",9.0,9.0,0.0,0.0,0.16319487123868742
1942,company,C01121,The Upper Egypt Ginning Factory,9.0,9.0,0.0,0.0,0.16319487123868742
1942,company,C00942,Sociéli Franco-Egyptienne de Crédit,2.0,2.0,0.0,0.0,0.10018235283238704
1942,company,C00691,- nistration de la Société des Biens de Rapport d'Egypte,2.0,2.0,0.0,0.0,0.10018235283238704
1942,company,C00517,The Bottled Gas Co,2.0,2.0,0.0,0.0,0.0028776978417266188
1942,company,C00153,Société d'Avances Commerciales,2.0,2.0,0.0,0.0,0.0028776978417266188
1942,company,C01003,Société Egyptienne ue,0.0,0.0,0.0,0.0,0.0
1942,company,C01168,"«Peli- tours», S.A.E",0.0,0.0,0.0,0.0,0.0
1942,company,C00924,Sa- ciété California Texas des Pétroles,0.0,0.0,0.0,0.0,0.0
1942,company,C01095,"The Egvyplian General Omnibus Co., S.A.E. el de la SA. des Chemins de Fer de la Basse Egypte",2.0,2.0,0.0,0.0,0.13121527020807597
1942,company,C00339,Misr,0.0,0.0,0.0,0.0,0.0
1942,company,C01172,‘a So- ciété Anonyme Agricole et Industrielle d'Egypte,2.0,2.0,0.0,0.0,0.12685851318944844
1942,company,C00911,S.A.E. Starr-Orient,0.0,0.0,0.0,0.0,0.0
1942,company,C00901,S.A. des Immeubles d'Egvple el Secretaire Général de la Land Bank of Egypt,0.0,0.0,0.0,0.0,0.0
1942,company,C00037,Compagnie d'Assurances «Al Charkl). w,2.0,2.0,0.0,0.0,0.13355358208292858
1942,company,C01054,Sociétés d'Assurances «La Na- lionale» de Paris,2.0,2.0,0.0,0.0,0.13355358208292858
1942,company,C01136,"a. L. de l'Imperial Chemical [n- dustries (Egypt), S.A",1.0,1.0,0.0,0.0,0.14306510738545727
1942,company,C00276,Crédit Lyonnais,0.0,0.0,0.0,0.0,0.0
1942,company,C00700,- tion de la Société California Texas des Pétroles,1.0,1.0,0.0,0.0,0.0014388489208633094
1942,company,C01078,"The Amalgamated Ice Factories & Cold Slores. S.A.E., Admi- nistrateur de Ja S.A.E. «Carba»",0.0,0.0,0.0,0.0,0.0
1942,company,C00148,Société Générale des Sucreries,9.0,9.0,0.0,0.0,0.15367088033043597
1942,company,C00889,Raffinerie d’E- gypte,9.0,9.0,0.0,0.0,0.15367088033043597
1942,company,C00776,Compa- gnie Générale des Sels Marins,9.0,9.0,0.0,0.0,0.15367088033043597
1942,company,C00626,S.A. Pharos,9.0,9.0,0.0,0.0,0.15367088033043597
1942,company,C00827,General Motors Near,0.0,0.0,0.0,0.0,0.0
1942,company,C00006,Alexandria Commercial Co,2.0,2.0,0.0,0.0,0.005179856115107914
1942,company,C01001,Société Egyptienne d’E- grenage ‘et d’Entrepôts (S.A.),2.0,2.0,0.0,0.0,0.005179856115107914
1942,company,C00689,"- nistration de la Société Egyptienne pour lExploitation des Mines et Carrières, S.A.E",2.0,2.0,0.0,0.0,0.13355358208292858
1942,company,C00678,"- lion de la Société Immobilière d'Alexandrie, S.A.F",0.0,0.0,0.0,0.0,0.0
1942,company,C00206,!Jl du Comite de Sunrcillancc de The Egyptian Della Hicc Mills Co,0.0,0.0,0.0,0.0,0.0
1942,company,C00723,Ad- administration de la Banque Misr el de toutes les Sociétéscréées par lé Groupement Misr,2.0,2.0,0.0,0.0,0.0028776978417266188
1942,company,C01004,Société Fon- cière d'Egyple el de la Société des Aulobus du Caire,2.0,2.0,0.0,0.0,0.0028776978417266188
1942,company,C00821,Fédération Nationale Aéronautique,18.0,18.0,0.0,0.0,0.18790229147443857
1942,company,C01162,the Egyptian Trading Co. Ltd. (Liverpool),18.0,18.0,0.0,0.0,0.18790229147443857
1942,company,C01161,"the Egyptian Salt and Soda Co. LAd., de la So- ciété Financière el Industrielle d'Egypte",18.0,18.0,0.0,0.0,0.18790229147443857
1942,company,C01043,"Société de Transports, Ex- pédilions el Assurances «PHAROS»",18.0,18.0,0.0,0.0,0.18790229147443857
1942,company,C01017,Société Indus- trielle et Commerciale d'Egyple (SICO),18.0,18.0,0.0,0.0,0.18790229147443857
1942,company,C01133,Usines Textiles «Al-Kahira» Alexandria Cotton Trading Co,0.0,0.0,0.0,0.0,0.0
1942,company,C00935,So- ciété Misr de Transport el de Navigation,2.0,2.0,0.0,0.0,0.0028776978417266188
1942,company,C00811,"Etablisse- ments Industriels pour la Soie el le Coton. 8.E. Zananiri, Georges (Pacha), Ancien Sénateur",2.0,2.0,0.0,0.0,0.0028776978417266188
1942,company,C00932,So- ciété Egyptienne pour le Tannage,3.0,3.0,0.0,0.0,0.14965796947695298
1942,company,C00713,"- uistration de la Trade & Financial Co., S.A.E",1.0,1.0,0.0,0.0,0.0014388489208633094
1942,company,C00878,"Nile Textile Co., S.A.E",1.0,1.0,0.0,0.0,0.0014388489208633094
1942,company,C00702,"- tion de la Société Egyplienne pour l’Industrie et le Commer- ce des Cotonnades «La Cotonnière»., cavorau unrcroiTn THE EGYPTIAN Hotels LTD. HHHHLLEŒLEÇŒEÇŒÇÇEEEEEE-- EF, R.C. 182 N LE CAIRE N SEMIRAMIS HOTEL N au bord du Nil À SHEPHEARD'S HOTEL À Renommée mondiale À CONTINENTAL SAVOY à Près de l'Opéra Royal à à MENA HOUSE HOTEL à Au pied de la Grande Pyramide de Giza *",0.0,0.0,0.0,0.0,0.0
1942,person,P00634,Abaza Abdallah Fikri,3.0,3.0,0.0,0.0,0.11060651679379098
1942,person,P00635,Abaza Abdel Hamid,3.0,3.0,0.0,0.0,0.003989361702127659
1942,person,P00165,Abaza Fouad,0.0,0.0,0.0,0.0,0.0
1942,person,P00166,Abboud Mohamed Ahmed,4.0,4.0,0.003633453267983115,0.0,0.12119289856961322
1942,person,P00636,Abdel Aziz Radwan,6.0,6.0,0.0,0.0,0.12394512571019177
1942,person,P00637,Abdel Fattah El Lozi,1.0,1.0,0.0,0.0,0.11209484811042131
1942,person,P00638,Abdel Fattah Eff. El Robi,2.0,2.0,0.0,0.0,0.08188201010445674
1942,person,P00639,Abdel Hai Khalil Bey Dépulé,2.0,2.0,0.0,0.0,0.12147193056938978
1942,person,P00640,Abd El-Hamid El-Chérif,2.0,2.0,0.0,0.0,0.11856024384413101
1942,person,P00641,Abdel Hamid El Bannan,0.0,0.0,0.0,0.0,0.0
1942,person,P00642,Abdel Hamid Fathi,3.0,3.0,0.0,0.0,0.003989361702127659
1942,person,P00643,Sir Abdel Hamid Soliman Pacha À.U./,19.0,19.0,0.005781044648819507,0.0,0.14764731859320418
1942,person,P00644,Abdel Kerim El Sibai,3.0,3.0,0.0,0.0,0.12184597808461499
1942,person,P00645,Abdel Kerim Raouf,0.0,0.0,0.0,0.0,0.0
1942,person,P00646,Abdel Latif Moussa,4.0,4.0,0.0,0.0,0.005319148936170213
1942,person,P00647,Abdel Maksoud Ahmed,2.0,2.0,0.0,0.0,0.0026595744680851063
1942,person,P00648,Abdel Malek Hamza Bey Avocal,3.0,3.0,5.6662039266793214e-05,0.0,0.007387706855791962
1942,person,P00649,Abdel Meguid Radouan,0.0,0.0,0.0,0.0,0.0
1942,person,P00650,Abdel Moneim El Dib,4.0,4.0,0.0,0.0,0.12175225040916529
1942,person,P00167,Abele! Rahim Hussein Me,4.0,4.0,0.0,0.0,0.005319148936170213
1942,person,P00651,Abdel Rahman Aly,0.0,0.0,0.0,0.0,0.0
1942,person,P00169,Abdel Rahman Hamada,6.0,6.0,0.001218233844236054,0.0,0.12156522698303755
1942,person,P00652,Abdel Razzak Aboul Kheir,9.0,9.0,0.0038666665694546943,0.0,0.15175256522714753
1942,person,P00654,Aboul Ela Aly Mohayessin El Hag,9.0,9.0,0.001218233844236054,0.0,0.09935839644188003
1942,person,P00171,Aboul Ela Mahmoud,1.0,1.0,0.0,0.0,0.10730706815723043
1942,person,P00655,Aboul-Fath,1.0,1.0,0.0,0.0,0.09138448356346125
1942,person,P00656,Aboul Wafa Dunkol El Hag,3.0,3.0,0.0,0.0,0.08192439209726443
1942,person,P00658,Adda Achille,2.0,2.0,0.0,0.0,0.10811333711196372
1942,person,P00659,Adda Me. Charles,3.0,3.0,0.0,0.0,0.11864911958914161
1942,person,P00007,Adda Fernand C.A,0.0,0.0,0.0,0.0,0.0
1942,person,P00008,Adda Joseph A,0.0,0.0,0.0,0.0,0.0
1942,person,P00660,Adda Me. René,0.0,0.0,0.0,0.0,0.0
1942,person,P00661,Adda Victor AÀ,1.0,1.0,0.0,0.0,0.0013297872340425532
1942,person,P00662,A.dès Clément N,6.0,6.0,0.0,0.0,0.06819384986295342
1942,person,P00178,Adès Elie N,0.0,0.0,0.0,0.0,0.0
1942,person,P00663,Adès Emile N,22.0,22.0,0.0171500371418665,0.0,0.1487574488081907
1942,person,P00179,Adès Gaston N,4.0,4.0,0.0,0.0,0.12672371940105276
1942,person,P00665,Afifi Atta,9.0,9.0,0.0038175393686954644,0.0,0.1371559146723699
1942,person,P00666,Dr. Afifi Hafez,3.0,3.0,0.0,0.0,0.13932915979922086
1942,person,P00667,Transjordanie,0.0,0.0,0.0,0.0,0.0
1942,person,P00011,Aghion Gustave,10.0,10.0,0.0,0.0,0.13739403257978725
1942,person,P00010,Aghion Max César,1.0,1.0,0.0,0.0,0.0053191489361702135
1942,person,P00668,Agnew Andrew,5.0,5.0,0.0,0.0,0.006648936170212766
1942,person,P00669,Ahmed Chafik,0.0,0.0,0.0,0.0,0.0
1942,person,P00670,Alderson Alex. G,1.0,1.0,0.0,0.0,0.11265332778072233
1942,person,P00671,Alexander A,0.0,0.0,0.0,0.0,0.0
1942,person,P00183,Allain Maurice,4.0,4.0,0.0,0.0,0.09191517162132107
1942,person,P00018,Allam Mohamed,0.0,0.0,0.0,0.0,0.0
1942,person,P00184,Allard Josse-Louis Baron,4.0,4.0,0.0,0.0,0.11045214621906134
1942,person,P00185,Allemann Georges,14.0,14.0,0.00246899834917326,0.0,0.15396685363026738
1942,person,P00672,Almagia Roberto,0.0,0.0,0.0,0.0,0.0
1942,person,P00673,Almagià Vittorio,3.0,3.0,0.0,0.0,0.09387777315060195
1942,person,P00186,Alphandary Robert,2.0,2.0,0.0,0.0,0.0026595744680851063
1942,person,P00674,Aly Ayoub,3.0,3.0,0.0,0.0,0.003989361702127659
1942,person,P00187,Ambron Aldo,5.0,5.0,0.003633453267983115,0.0,0.11776631363981761
1942,person,P00676,Amer Ibrahim,3.0,3.0,0.001218233844236054,0.0,0.09610074409952331
1942,person,P00188,Amiel Raphaël,4.0,4.0,0.0,0.0,0.005319148936170213
1942,person,P00677,Amine El Moghraby,0.0,0.0,0.0,0.0,0.0
1942,person,P00678,Sir Amin Osman,0.0,0.0,0.0,0.0,0.0
1942,person,P00679,Sadek Wahba Pacha Sénateur,5.0,5.0,0.003633453267983115,0.0,0.07973699019240045
1942,person,P00680,Anderson Allan Lindsay,1.0,1.0,0.0,0.0,0.0013297872340425532
1942,person,P00681,Andraus Elias,5.0,5.0,0.0,0.0,0.12147193056938978
1942,person,P00682,Andriot Col. Maurice,6.0,6.0,0.0,0.0,0.06819384986295342
1942,person,P00191,Angeloglou Jean L,0.0,0.0,0.0,0.0,0.0
1942,person,P00683,Antebi Me. Moise,1.0,1.0,0.0,0.0,0.0017730496453900709
1942,person,P00684,Appel Emmanuel M,0.0,0.0,0.0,0.0,0.0
1942,person,P00020,Arcache Antoine,11.0,11.0,0.0,0.0,0.14401995043850307
1942,person,P00685,Ardon John G,4.0,4.0,0.0,0.0,0.005319148936170213
1942,person,P00686,Arslan Abdallah Bey Sénaleur,8.0,8.0,0.0018057735021995457,0.0,0.12743794326241134
1942,person,P00687,Atta El Ayoubi,3.0,3.0,0.0,0.0,0.12184597808461499
1942,person,P00198,Auer Conrad,3.0,3.0,0.0,0.0,0.003989361702127659
1942,person,P00688,Autin Jean,2.0,2.0,0.0,0.0,0.11724290780141843
1942,person,P00689,Awre Gilbert Christopher,3.0,3.0,0.0,0.0,0.003989361702127659
1942,person,P00201,Axeh·ood Matt M,0.0,0.0,0.0,0.0,0.0
1942,person,P00690,Ayoub Georges Me,7.0,7.0,0.0,0.0,0.12110017255693563
1942,person,P00691,Ayres H F,1.0,1.0,0.0,0.0,0.13070018623609816
1942,person,P00692,Badaoui Abdel Hamid,0.0,0.0,0.0,0.0,0.0
1942,person,P00693,Bachour Wadih,2.0,2.0,0.0,0.0,0.12561740121580547
1942,person,P00694,Badr Mohamed,2.0,2.0,0.0,0.0,0.0029920212765957447
1942,person,P00695,Baehler René,3.0,3.0,0.0,0.0,0.09569402994674418
1942,person,P00696,Bahari Tewfik,1.0,1.0,0.0,0.0,0.0013297872340425532
1942,person,P00697,Bahnass Soultan Mahmoud,0.0,0.0,0.0,0.0,0.0
1942,person,P00698,Bahrawy Aly Dr,2.0,2.0,0.0,0.0,0.0026595744680851063
1942,person,P00699,Bailey A. W,5.0,6.0,2.3018953452134745e-05,0.0,0.006648936170212766
1942,person,P00700,Bak Richard,0.0,0.0,0.0,0.0,0.0
1942,person,P00701,Ball,0.0,0.0,0.0,0.0,0.0
1942,person,P00024,Banoun Alfred,0.0,0.0,0.0,0.0,0.0
1942,person,P00702,Barda,11.0,11.0,0.0,0.0,0.14401995043850307
1942,person,P00703,Baricalla Guido,1.0,1.0,0.0,0.0,0.0013297872340425532
1942,person,P00203,Barl{aï Ben Zion,2.0,2.0,0.0,0.0,0.0026595744680851063
1942,person,P00704,Barker H. A,2.0,2.0,0.0,0.0,0.1324501468886317
1942,person,P00705,Barki Edouard,4.0,4.0,0.0,0.0,0.11981674907790679
1942,person,P00413,Leten Roland,12.0,12.0,0.007203161741791087,0.0,0.11444535468685096
1942,person,P00706,Barron J.B,2.0,2.0,3.541377454174576e-06,0.0,0.0026595744680851063
1942,person,P00707,Barthe-Dejean Jules,3.0,3.0,0.0,0.0,0.003989361702127659
1942,person,P00708,Bata Henri,3.0,3.0,0.0,0.0,0.003989361702127659
1942,person,P00709,Battino Elie V,3.0,3.0,0.0,0.0,0.12591720408266896
1942,person,P00208,Bauerlé Gustave,3.0,3.0,0.0,0.0,0.003989361702127659
1942,person,P00710,Bavin F. G,3.0,3.0,0.0,0.0,0.005319148936170212
1942,person,P00711,Bayram Mahmoud,0.0,0.0,0.0,0.0,0.0
1942,person,P00209,Beattie Thomas,3.0,3.0,0.0,0.0,0.003989361702127659
1942,person,P00210,Bégué Emile,4.0,5.0,8.63168595199646e-05,0.0,0.13574436151965255
1942,person,P00712,Behrend Jd. L,7.0,7.0,0.0,0.0,0.12561740121580547
1942,person,P00713,Belilos Léon Jacques,0.0,0.0,0.0,0.0,0.0
1942,person,P00714,Belilos Maurice Youssef,0.0,0.0,0.0,0.0,0.0
1942,person,P00715,Bella Alfred,0.0,0.0,0.0,0.0,0.0
1942,person,P00716,Belleni Parissi,6.0,6.0,0.002429384933563759,0.0,0.13059234779860962
1942,person,P00214,Benachi Alexandre L,15.0,15.0,0.005641027427877523,0.0,0.14310843176484164
1942,person,P00215,Benachi Lucas Ant,4.0,4.0,0.0,0.0,0.1093835007131409
1942,person,P00717,Benderli Benjamin,2.0,2.0,0.0,0.0,0.0026595744680851063
1942,person,P00718,Benderli Henri,1.0,1.0,0.0,0.0,0.0017730496453900709
1942,person,P00217,Benderli Simon,3.0,3.0,0.0,0.0,0.003989361702127659
1942,person,P00719,Benoist Baron Louis de,0.0,0.0,0.0,0.0,0.0
1942,person,P00720,Soierie,9.0,9.0,0.001218233844236054,0.0,0.11403308755901649
1942,person,P00721,Besso Sabino,8.0,8.0,0.0,0.0,0.11395099030375441
1942,person,P00723,Blakey George A,0.0,0.0,0.0,0.0,0.0
1942,person,P00724,Blattner Henry CG. D,0.0,0.0,0.0,0.0,0.0
1942,person,P00725,Boels Jean,7.0,7.0,0.0,0.0,0.12713086388105613
1942,person,P00726,Boissonas Alphonse,0.0,0.0,0.0,0.0,0.0
1942,person,P00727,Elablissements Bolanachi Dislillerie,4.0,4.0,0.0,0.0,0.09855412548687104
1942,person,P00728,Bolton R. P,2.0,2.0,0.0,0.0,0.0026595744680851063
1942,person,P00729,Bonafous Alfred,4.0,5.0,3.972462228475487e-05,0.0,0.1378727574319816
1942,person,P00730,Bonenfant Cav. Luigi,1.0,1.0,0.0,0.0,0.09449428389965067
1942,person,P00224,Bordier Pierre,4.0,4.0,0.0,0.0,0.09886191476072136
1942,person,P00225,Bosiano Constantin,4.0,4.0,0.0,0.0,0.09546316377075686
1942,person,P00731,Bouchra Hanna Charles,0.0,0.0,0.0,0.0,0.0
1942,person,P00732,Boulad Albert,1.0,1.0,0.0,0.0,0.0013297872340425532
1942,person,P00028,Boulad Khalil,0.0,0.0,0.0,0.0,0.0
1942,person,P00733,Nazli,1.0,1.0,0.0,0.0,0.12054678258333197
1942,person,P00227,Boulle Léon,0.0,0.0,0.0,0.0,0.0
1942,person,P00734,Boulos Fouad,0.0,0.0,0.0,0.0,0.0
1942,person,P00735,Bouvier André,1.0,1.0,0.0,0.0,0.0013297872340425532
1942,person,P00736,Bowring H,2.0,2.0,0.0,0.0,0.0026595744680851063
1942,person,P00030,Boyé Jean André,0.0,0.0,0.0,0.0,0.0
1942,person,P00737,Brandenburg Edgar,0.0,0.0,0.0,0.0,0.0
1942,person,P00738,Brown T. E,2.0,2.0,0.0,0.0,0.0026595744680851063
1942,person,P00739,Brunner Frederic,5.0,5.0,0.0,0.0,0.12941776413075623
1942,person,P00740,Buccianti Mirko E. Ing. Arch,7.0,7.0,0.0,0.0,0.12110017255693563
1942,person,P00741,Buccianti Ruggero E. Ing,7.0,7.0,0.0,0.0,0.12110017255693563
1942,person,P00234,Buchlea Constantin Dr,4.0,4.0,0.0,0.0,0.09546316377075686
1942,person,P00742,Bungener Alexandre,3.0,3.0,0.001218233844236054,0.0,0.10433614075933743
1942,person,P00327,El Bassal,12.0,14.0,0.002236132571819824,0.0,0.14272130345528844
1942,person,P00236,Burlet Charles de,0.0,0.0,0.0,0.0,0.0
1942,person,P00744,Buttacalice Mario,4.0,4.0,0.0,0.0,0.005319148936170213
1942,person,P00745,Butterworth James,5.0,5.0,0.0,0.0,0.12147193056938978
1942,person,P00237,Buxton Robert V,5.0,5.0,0.0,0.0,0.006648936170212766
1942,person,P00239,Caias Pantazi,2.0,2.0,0.0,0.0,0.07862788153597362
1942,person,P00241,Callens Auguste,5.0,5.0,0.0,0.0,0.12941776413075623
1942,person,P00746,Cambouris Jean E,2.0,2.0,0.0,0.0,0.0026595744680851063
1942,person,P00747,Campbell,2.0,2.0,0.0,0.0,0.0026595744680851063
1942,person,P00748,Campbell Major Macknight,2.0,2.0,0.0,0.0,0.0026595744680851063
1942,person,P00749,Campos Amerigo,1.0,1.0,0.0,0.0,0.0013297872340425532
1942,person,P00033,Campos Benvenuto,1.0,1.0,0.0,0.0,0.06963393116230307
1942,person,P00034,Campos Giuseppe,5.0,5.0,0.004830438847494121,0.0,0.09960851197729068
1942,person,P00244,Campos Hans,3.0,3.0,0.0,0.0,0.0820092878403704
1942,person,P00750,Carter Robert,0.0,0.0,0.0,0.0,0.0
1942,person,P00246,Carton de Wiart Edmond Baron,5.0,5.0,0.0,0.0,0.11999842724178535
1942,person,P00036,Carver H. B,6.0,7.0,7.116482312674623e-06,0.0,0.1390842930860412
1942,person,P00751,Cassar Paul,0.0,0.0,0.0,0.0,0.0
1942,person,P00752,Gassaveti Demetrius John,2.0,2.0,0.0,0.0,0.0026595744680851063
1942,person,P00249,Castro Charles V,1.0,1.0,0.0,0.0,0.0013297872340425532
1942,person,P00250,Casti·o Salvatore,4.0,4.0,0.0,0.0,0.12672371940105276
1942,person,P00753,Casulli Alexandre M,5.0,5.0,0.0,0.0,0.12110017255693563
1942,person,P00251,Casulli Jean N,0.0,0.0,0.0,0.0,0.0
1942,person,P00252,Casulli Michel S,7.0,7.0,0.00016766612050913836,0.0,0.12652112352671055
1942,person,P00754,Catseflis Jules,5.0,5.0,0.0,0.0,0.14467817690303006
1942,person,P00037,Cattaui Aslan,1.0,1.0,0.0,0.0,0.0013297872340425532
1942,person,P00039,Cattaui Elie J,2.0,2.0,0.0,0.0,0.09935839644188003
1942,person,P00040,Cattaui Emile,4.0,4.0,0.0,0.0,0.0947204820657779
1942,person,P00042,Cattaui René,1.0,1.0,0.0,0.0,0.0013297872340425532
1942,person,P00755,Celier A,5.0,5.0,0.0,0.0,0.1269269651418724
1942,person,P00757,Polaire de Suède,0.0,0.0,0.0,0.0,0.0
1942,person,P00758,Chalhoub Georges A,3.0,3.0,0.0,0.0,0.06801801698836049
1942,person,P00759,Chalhoub Selim A,3.0,3.0,0.0,0.0,0.06801801698836049
1942,person,P00760,Chalom Me. Charles,4.0,4.0,0.0,0.0,0.12413954943679598
1942,person,P00761,Champier Jean,1.0,1.0,0.0,0.0,0.10565949634974292
1942,person,P00762,Chate Charles Geoffrey,3.0,3.0,0.0,0.0,0.003989361702127659
1942,person,P00257,Choremi Georges J,4.0,4.0,0.0,0.0,0.1093835007131409
1942,person,P00763,Choremi Jean A,7.0,7.0,0.0,0.0,0.12110017255693563
1942,person,P00764,Chosal Baron J. Buffin de,7.0,7.0,0.0,0.0,0.12713086388105613
1942,person,P00766,Ancien Ministre,0.0,0.0,0.0,0.0,0.0
1942,person,P00767,Cicurel Clément,1.0,1.0,0.0,0.0,0.0013297872340425532
1942,person,P00047,Cicurel David,11.0,11.0,0.0,0.0,0.14401995043850307
1942,person,P00768,Cicurel Léon,11.0,11.0,0.0,0.0,0.14401995043850307
1942,person,P00769,Cicurel Salvator,1.0,1.0,0.0,0.0,0.0013297872340425532
1942,person,P00262,Clark Henry,0.0,0.0,0.0,0.0,0.0
1942,person,P00770,Cockinos Anastase,1.0,1.0,0.0,0.0,0.0013297872340425532
1942,person,P00771,Cockinos Miltiade,0.0,0.0,0.0,0.0,0.0
1942,person,P00264,Coen Edouard,5.0,5.0,0.0,0.0,0.10885689513886856
1942,person,P00265,Coen James,5.0,5.0,0.0,0.0,0.10885689513886856
1942,person,P00772,Coen Maurizio Gomm,5.0,5.0,0.0,0.0,0.10885689513886856
1942,person,P00267,Cogels Baron Jean,2.0,2.0,0.0,0.0,0.07672221305473334
1942,person,P00049,Cohen Alfred N,0.0,0.0,0.0,0.0,0.0
1942,person,P00268,Cohen Aron,2.0,2.0,0.0,0.0,0.0026595744680851063
1942,person,P00773,Cohen Sir Robert Waley,5.0,5.0,0.0,0.0,0.006648936170212766
1942,person,P00270,Cohen,2.0,2.0,0.0,0.0,0.0026595744680851063
1942,person,P00272,Cohenca Monis,0.0,0.0,0.0,0.0,0.0
1942,person,P00472,Film,0.0,0.0,0.0,0.0,0.0
1942,person,P00774,Collier Henry Deward,1.0,1.0,0.0,0.0,0.0013297872340425532
1942,person,P00274,Constant Benjamin,2.0,2.0,0.0,0.0,0.0029920212765957447
1942,person,P00775,Constant Halford,1.0,1.0,0.0,0.0,0.0013297872340425532
1942,person,P00776,Constantinescu Michel,4.0,4.0,0.0,0.0,0.09546316377075686
1942,person,P00777,Cook C.E,1.0,1.0,0.0,0.0,0.0013297872340425532
1942,person,P00778,Cornish J. E,4.0,4.0,0.0,0.0,0.13969808078721524
1942,person,P00779,Couldrey Oscar,1.0,1.0,0.0,0.0,0.11715612548624345
1942,person,P00780,Cozzika Th. P,19.0,19.0,0.01085967784044071,0.0,0.16504476072149624
1942,person,P00781,Cramer-Roberts F.W,1.0,1.0,0.0,0.0,0.10011253986838387
1942,person,P00782,Crawford John A,3.0,3.0,0.0,0.0,0.11329844347309584
1942,person,P00282,Critchley T.A.F,1.0,1.0,0.0,0.0,0.0013297872340425532
1942,person,P00783,Crombé Georges,0.0,0.0,0.0,0.0,0.0
1942,person,P00284,Curiel Maurice E,0.0,0.0,0.0,0.0,0.0
1942,person,P00784,Dabbah Maurice,2.0,2.0,3.541377454174576e-06,0.0,0.0026595744680851063
1942,person,P00785,Daniel Moise A,3.0,3.0,0.0,0.0,0.003989361702127659
1942,person,P00786,Davezac G,2.0,2.0,0.0,0.0,0.0026595744680851063
1942,person,P00286,Davies Thomas E. H,4.0,4.0,0.0,0.0,0.1093835007131409
1942,person,P00287,Davis T. A,1.0,1.0,0.0,0.0,0.0013297872340425532
1942,person,P00787,Defese Joseph,1.0,1.0,0.0,0.0,0.09627611042087279
1942,person,P00788,Delany Arthur S,2.0,2.0,0.0,0.0,0.0026595744680851063
1942,person,P00789,Delany Gerald,3.0,3.0,0.0,0.0,0.12472649766108344
1942,person,P00290,Delany W.B,5.0,5.0,0.0003867842512946914,0.0,0.12073068309070548
1942,person,P00291,Dclaquis René,5.0,5.0,0.0,0.0,0.12384814204375187
1942,person,P00790,Delia Vincent,5.0,5.0,2.8331019633396607e-05,0.0,0.006838905775075987
1942,person,P00791,Detiyanni Basile,9.0,9.0,0.0,0.0,0.1342476043527692
1942,person,P00294,Dellaporta Byron G,16.0,16.0,0.0024867088498645175,0.0,0.14094205301150034
1942,person,P00792,Delprat A,2.0,2.0,0.0,0.0,0.10811333711196372
1942,person,P00793,Delsemme P,3.0,3.0,0.0,0.0,0.09806562920192992
1942,person,P00794,Ders Antonin,5.0,5.0,0.0,0.0,0.12462828782040543
1942,person,P00795,Dervieu P,1.0,1.0,0.0,0.0,0.08504993311763293
1942,person,P00796,Dessberg Ugo Ing,1.0,1.0,0.0,0.0,0.0013297872340425532
1942,person,P00296,Destrée René,12.0,12.0,0.0021717682843274263,0.0,0.13932915979922086
1942,person,P00797,Diacono Hector V,0.0,0.0,0.0,0.0,0.0
1942,person,P00798,Dierm~an Pierre,8.0,8.0,0.0,0.0,0.11395099030375441
1942,person,P00799,Dïmopoulo D,0.0,0.0,0.0,0.0,0.0
1942,person,P00800,Doligez Marcel Auguste Joseph,0.0,0.0,0.0,0.0,0.0
1942,person,P00801,Dorra Haim,2.0,2.0,0.0,0.0,0.1324501468886317
1942,person,P00802,Dorra Jacques,3.0,3.0,0.0,0.0,0.003989361702127659
1942,person,P00803,Dorra Zaki,3.0,3.0,0.0,0.0,0.003989361702127659
1942,person,P00804,Doss Tewfik,9.0,9.0,0.0033372972465342426,0.0,0.13124206097173705
1942,person,P00805,Doss Mtre. Wahib,1.0,1.0,0.0,0.0,0.0961591285127065
1942,person,P00303,Dubied Pierre,1.0,1.0,0.0,0.0,0.0013297872340425532
1942,person,P00806,Dukes Eric,2.0,2.0,0.0,0.0,0.0026595744680851063
1942,person,P00807,Dumont Paul,8.0,8.0,0.0003270824863571872,0.0,0.12054678258333197
1942,person,P00808,Eberlé E,0.0,0.0,0.0,0.0,0.0
1942,person,P00809,Economou GC.D,1.0,1.0,0.0,0.0,0.07949669790653686
1942,person,P00810,Efflatoun Mohamed,0.0,0.0,0.0,0.0,0.0
1942,person,P00811,Eid Raymond,6.0,6.0,0.002429384933563759,0.0,0.09202204972785749
1942,person,P00812,El Chaféi Abdel Salam,2.0,2.0,0.0,0.0,0.005114566284779051
1942,person,P00813,EI Chami Mohamed Hassan,4.0,4.0,1.770688727087288e-05,0.0,0.005984042553191489
1942,person,P00814,El Ghichini Pacha Hassan Kamel,4.0,4.0,0.0,0.0,0.005319148936170213
1942,person,P00815,El Gazzar Mohamed Eloui,0.0,0.0,0.0,0.0,0.0
1942,person,P00816,Eliasco Jd. C,9.0,9.0,0.0,0.0,0.1342476043527692
1942,person,P00817,El-Menzalaoui Moustafa Me,1.0,1.0,0.0,0.0,0.0013297872340425532
1942,person,P00818,Guizseh,1.0,1.0,0.0,0.0,0.0013297872340425532
1942,person,P00819,Eloui Kamal,0.0,0.0,0.0,0.0,0.0
1942,person,P00312,El-Toukhy Abdel Baki Taha,6.0,6.0,0.0,0.0,0.007978723404255319
1942,person,P00820,El Toukhy Abdel Fattah Taha,6.0,6.0,0.0,0.0,0.007978723404255319
1942,person,P00314,EI-Toukhy El Sayed Ahmed,6.0,6.0,0.0,0.0,0.007978723404255319
1942,person,P00315,El Toukhy Hassan Ahmed,6.0,6.0,0.0,0.0,0.007978723404255319
1942,person,P00316,EI-Toukhy Mohamed Ahmed,6.0,6.0,0.0,0.0,0.007978723404255319
1942,person,P00821,El-Toukhy Taha Ahmed,0.0,0.0,0.0,0.0,0.0
1942,person,P00822,El-Zayat Mohamed Ibrahim,0.0,0.0,0.0,0.0,0.0
1942,person,P00823,Empain Baron Edouard,10.0,10.0,0.0019016349970884519,0.0,0.13896218220536863
1942,person,P00824,Empain M. le Baron Jean,17.0,19.0,0.005880999585259302,0.0,0.13932915979922086
1942,person,P00320,Empain Baron Louis,0.0,0.0,0.0,0.0,0.0
1942,person,P00321,Empedocles Gregory,2.0,2.0,0.0,0.0,0.0026595744680851063
1942,person,P00322,Enan Saleh,1.0,1.0,0.0,0.0,0.0013297872340425532
1942,person,P00825,Epaulard P,2.0,2.0,0.0,0.0,0.0026595744680851063
1942,person,P00324,Erfan Mohamed,5.0,5.0,0.0,0.0,0.10433614075933743
1942,person,P00325,El'l'era Isaac,4.0,4.0,0.0,0.0,0.005319148936170213
1942,person,P00826,Estabrook Edward Lewis,2.0,2.0,0.0,0.0,0.0026595744680851063
1942,person,P00827,Eugenidi E,9.0,9.0,0.0,0.0,0.1342476043527692
1942,person,P00331,Eves II. B. Heath,5.0,5.0,0.0,0.0,0.006648936170212766
1942,person,P00828,Ewing A,5.0,5.0,0.0,0.0,0.12147193056938978
1942,person,P00829,Exbrayat,11.0,11.0,0.003633453267983115,0.0,0.13459007273122015
1942,person,P00830,Ezri Raymond,0.0,0.0,0.0,0.0,0.0
1942,person,P00831,Fahmi Gallini,0.0,0.0,0.0,0.0,0.0
1942,person,P00056,Fakhry Mahmoud,0.0,0.0,0.0,0.0,0.0
1942,person,P00832,Fanner William Rogers,2.0,2.0,0.0,0.0,0.0026595744680851063
1942,person,P00833,Farès Joseph,0.0,0.0,0.0,0.0,0.0
1942,person,P00834,Farghaly Mohamed Ahmed,32.0,34.0,0.02767604963955842,0.0,0.16418871943144697
1942,person,P00835,Fauqueux Arthur,3.0,3.0,0.0,0.0,0.003989361702127659
1942,person,P00836,Favenc B,0.0,0.0,0.0,0.0,0.0
1942,person,P00057,Fenderl Hugo,2.0,2.0,0.0,0.0,0.12110017255693563
1942,person,P00837,Ferro,1.0,1.0,0.0,0.0,0.0013297872340425532
1942,person,P00341,Feyerick Jacques,2.0,2.0,0.0,0.0,0.07672221305473334
1942,person,P00838,Fils P.A,3.0,3.0,0.0,0.0,0.003989361702127659
1942,person,P00058,Finney Harold E,2.0,2.0,0.0,0.0,0.12110017255693563
1942,person,P00839,Fischer Max,0.0,0.0,0.0,0.0,0.0
1942,person,P00840,Franck Alfred,7.0,7.0,0.0,0.0,0.12713086388105613
1942,person,P00841,Francken,7.0,7.0,0.0,0.0,0.11811785487456336
1942,person,P00842,Frangoulis Antoine,2.0,2.0,0.0,0.0,0.0026595744680851063
1942,person,P00843,Fraser William,5.0,5.0,0.0,0.0,0.006648936170212766
1942,person,P00844,Frey Jd.H,1.0,1.0,0.0,0.0,0.0013297872340425532
1942,person,P00845,Fumaroli Jd,10.0,11.0,0.0021011913990810305,0.0,0.14182609814687713
1942,person,P00343,Garboua Emile,6.0,6.0,0.0,0.0,0.06819384986295342
1942,person,P00846,Garboua Maurice,0.0,0.0,0.0,0.0,0.0
1942,person,P00847,Gargour Gabriel,6.0,6.0,0.0,0.0,0.06819384986295342
1942,person,P00067,Gasche Linus,13.0,14.0,0.003847284743766245,0.0,0.15796200152885717
1942,person,P00848,Gasche Robert,3.0,3.0,0.0,0.0,0.003989361702127659
1942,person,P00849,Gattegno S,2.0,2.0,0.0,0.0,0.0026595744680851063
1942,person,P00347,Gautier Charles,4.0,4.0,0.0,0.0,0.09886191476072136
1942,person,P00850,Geisenberger Pierre,1.0,1.0,0.0,0.0,0.10074979346398147
1942,person,P00349,Ghali Youssef Boutros,6.0,6.0,0.0,0.0,0.11750402786333695
1942,person,P00350,Ghazi Mahrous Mohamed,6.0,6.0,0.0,0.0,0.007978723404255319
1942,person,P00851,Ghazi Moustapha Kamel,6.0,6.0,0.0,0.0,0.007978723404255319
1942,person,P00366,Ginsberg Richard,2.0,2.0,0.0,0.0,0.0026595744680851063
1942,person,P00069,Goar Edwin N. J,12.0,13.0,0.0007150325509636688,0.0,0.1500264696984975
1942,person,P00852,Godber Frederick,5.0,5.0,0.0,0.0,0.006648936170212766
1942,person,P00853,Golding Charles Mtre,1.0,1.0,0.0,0.0,0.0013297872340425532
1942,person,P00854,Gorra Oswald,3.0,3.0,0.0,0.0,0.09387777315060195
1942,person,P00358,Gt·asso Oscar· Rag,0.0,0.0,0.0,0.0,0.0
1942,person,P00856,Grieve R,1.0,1.0,0.0,0.0,0.0013297872340425532
1942,person,P00362,Groppi A,1.0,1.0,0.0,0.0,0.0013297872340425532
1942,person,P00857,Gueziri Dr. Moukhtar Zaki El,5.0,5.0,0.0,0.0,0.10885689513886856
1942,person,P00858,Guggiari Luigi,2.0,2.0,0.0,0.0,0.10672820332563376
1942,person,P00364,Guirguis Elias,0.0,0.0,0.0,0.0,0.0
1942,person,P00859,Guirguis Nassif Eff,8.0,8.0,0.0,0.0,0.09929606369630796
1942,person,P00860,Gygi Dr. Hans,0.0,0.0,0.0,0.0,0.0
1942,person,P00377,Ciment Portland Tourah,12.0,12.0,0.005178893788911608,0.0,0.12561740121580547
1942,person,P00861,Haesen R,3.0,3.0,0.0,0.0,0.09806562920192992
1942,person,P00862,Haight,0.0,0.0,0.0,0.0,0.0
1942,person,P00863,Haim Henri,0.0,0.0,0.0,0.0,0.0
1942,person,P00864,Hakim Eff. Morgan,12.0,13.0,0.004833980224948296,0.0,0.09954586511441188
1942,person,P00865,Halford R. F,7.0,7.0,0.0,0.0,0.12561740121580547
1942,person,P00867,Halter Hans,0.0,0.0,0.0,0.0,0.0
1942,person,P00868,Hamilton Ernest Lord,0.0,0.0,0.0,0.0,0.0
1942,person,P00869,Hazan Victor,2.0,2.0,0.014151344306881605,0.0,0.11882727142035653
1942,person,P00870,Hann A. C,6.0,6.0,0.0,0.0,0.1416991276024305
1942,person,P00370,Hanna Mina,0.0,0.0,0.0,0.0,0.0
1942,person,P00871,Hanna Willy,11.0,11.0,0.0,0.0,0.14401995043850307
1942,person,P00872,Harari Ralph A,13.0,15.0,0.01898377586962079,0.0,0.15640111218568664
1942,person,P00873,Sir Harari Victor,3.0,3.0,0.0,0.0,0.11329844347309584
1942,person,P00874,Hare Commander E. T,7.0,7.0,0.0,0.0,0.11847150114664289
1942,person,P00875,Hargreaves Clive R,0.0,0.0,0.0,0.0,0.0
1942,person,P00876,Hargreaves Sir Walter E,0.0,0.0,0.0,0.0,0.0
1942,person,P00877,Haselden E. F,0.0,0.0,0.0,0.0,0.0
1942,person,P00878,Harmant Eugène,7.0,7.0,0.0,0.0,0.12713086388105613
1942,person,P00879,Hartogs Max,5.0,5.0,0.0,0.0,0.007822277847309137
1942,person,P00880,Sir Hassan Hafez,10.0,10.0,0.0013050247698701766,0.0,0.1445460507140775
1942,person,P00881,Hassan Khairy,0.0,0.0,0.0,0.0,0.0
1942,person,P00882,Hassan Moukhtar Rasmi,4.0,4.0,0.0,0.0,0.005319148936170213
1942,person,P00883,Hassib Mohamed Kamel,4.0,4.0,0.0,0.0,0.005319148936170213
1942,person,P00884,Hault Auguste de la,0.0,0.0,0.0,0.0,0.0
1942,person,P00885,Hauman Edouard,2.0,2.0,0.0,0.0,0.11724290780141843
1942,person,P00886,Hegener Th. M,4.0,4.0,0.0,0.0,0.11045214621906134
1942,person,P00887,Heller Edouard De,0.0,0.0,0.0,0.0,0.0
1942,person,P00888,Hemsi,0.0,0.0,0.0,0.0,0.0
1942,person,P00889,Hemsi Robert J. G,0.0,0.0,0.0,0.0,0.0
1942,person,P00380,Henkart Raoul,8.0,8.0,0.0,0.0,0.11395099030375441
1942,person,P00890,Herman Max M,7.0,7.0,0.0,0.0,0.12110017255693563
1942,person,P00891,Hilty ÀA,2.0,2.0,0.0,0.0,0.0026595744680851063
1942,person,P00892,Hirsch Siegmund,6.0,6.0,0.0,0.0,0.13390687439248297
1942,person,P00893,Hochart Maurice,1.0,1.0,0.0,0.0,0.1178540026298696
1942,person,P00894,Hoerni Robert,4.0,4.0,0.0,0.0,0.09886191476072136
1942,person,P00895,Hollings J. S,2.0,2.0,0.0,0.0,0.0026595744680851063
1942,person,P00896,Hollingsworth W.T.P,3.0,3.0,0.0,0.0,0.11864911958914161
1942,person,P00897,Hopkinson Frank,1.0,1.0,0.0,0.0,0.0013297872340425532
1942,person,P00387,Horne F. J,0.0,0.0,0.0,0.0,0.0
1942,person,P00898,Hovaghimian A,2.0,2.0,0.0,0.0,0.0026595744680851063
1942,person,P00899,Hovaghimian Hovaghim,2.0,2.0,0.0,0.0,0.0026595744680851063
1942,person,P00900,Hubert Oscar,0.0,0.0,0.0,0.0,0.0
1942,person,P00901,Hussein Mahmoud Enan,4.0,4.0,0.0,0.0,0.005319148936170213
1942,person,P00902,Hussein Said,0.0,0.0,0.0,0.0,0.0
1942,person,P00903,Ibrahim Abdel Hadi,0.0,0.0,0.0,0.0,0.0
1942,person,P00904,Innes W,2.0,2.0,0.0,0.0,0.0026595744680851063
1942,person,P00905,Irwin F.J.R,6.0,6.0,0.00037562799837214094,0.0,0.13005581391283064
1942,person,P00906,Irwin LE.M,1.0,1.0,0.0,0.0,0.0013297872340425532
1942,person,P00907,Iskandar Said Eff,3.0,3.0,0.0,0.0,0.08192439209726443
1942,person,P00908,Islam Aly,5.0,5.0,0.0006532943612561276,0.0,0.12355809955652998
1942,person,P00909,Ismail El Baroudy Propriétaire,2.0,2.0,0.0,0.0,0.004155585106382979
1942,person,P00910,Ismalun René,8.0,9.0,0.006610858041106366,0.0,0.14119351073319794
1942,person,P00080,Ithier Gaston,14.0,15.0,0.003946415410075564,0.0,0.12443233139301486
1942,person,P00390,Izzet Abdullah,0.0,0.0,0.0,0.0,0.0
1942,person,P00081,Jacobs Emile,1.0,1.0,0.0,0.0,0.0013297872340425532
1942,person,P00911,Jacot-Descombes J. G,13.0,13.0,0.005350049858585282,0.0,0.15189820108629065
1942,person,P00912,Johnson,4.0,4.0,0.0,0.0,0.005319148936170213
1942,person,P00913,Jones,1.0,1.0,0.0,0.0,0.0013297872340425532
1942,person,P00914,Kamwl Ahmed,0.0,0.0,0.0,0.0,0.0
1942,person,P00915,Kamel Ibrahim,0.0,0.0,0.0,0.0,0.0
1942,person,P00085,Karam Edouard,26.0,27.0,0.011386643262432048,0.0,0.1571776817595977
1942,person,P00916,Kelebdjian Hagop,2.0,2.0,0.0,0.0,0.0026595744680851063
1942,person,P00393,Kennedy Geor·ge Er·nest,1.0,1.0,0.0,0.0,0.0013297872340425532
1942,person,P00917,St. John's College Oxford,0.0,0.0,0.0,0.0,0.0
1942,person,P00918,Kfoury Joseph,8.0,8.0,0.0,0.0,0.09929606369630796
1942,person,P00919,Kfouri Michel,8.0,8.0,0.0,0.0,0.09929606369630796
1942,person,P00920,Kfoury Philippe,8.0,8.0,0.0,0.0,0.09929606369630796
1942,person,P00921,Khachaba Sayed Mohamed,3.0,3.0,0.0,0.0,0.003989361702127659
1942,person,P00922,Khalil Aly El Gazzar,1.0,1.0,0.0,0.0,0.0013297872340425532
1942,person,P00399,Khalil Mohamed Mahmoud,16.0,18.0,0.012854474256177903,0.0,0.1584363618938087
1942,person,P00923,Kher Georges J,1.0,1.0,0.0,0.0,0.0013297872340425532
1942,person,P00924,Kirkman Robert,2.0,2.0,0.0,0.0,0.11281391698639692
1942,person,P00089,Klat Jules,9.0,9.0,0.008406311480355968,0.0,0.1505974553110513
1942,person,P00926,Koblet J. O,2.0,2.0,0.0,0.0,0.0026595744680851063
1942,person,P00927,Koch Gaspar,0.0,0.0,0.0,0.0,0.0
1942,person,P00928,Kouhi N,1.0,1.0,0.0,0.0,0.0013297872340425532
1942,person,P00929,Krischewsky Henry,3.0,3.0,0.013011020766637392,0.0,0.09569402994674418
1942,person,P00930,Kupper H,8.0,8.0,0.00011257893507490246,0.0,0.12621844141301028
1942,person,P00090,Labruyère René Julien,8.0,8.0,0.0014173426479855554,0.0,0.14195329644117927
1942,person,P00091,Lagonico S,2.0,2.0,0.0,0.0,0.0026595744680851063
1942,person,P00931,Laherrère L,7.0,7.0,0.0,0.0,0.11847150114664289
1942,person,P00932,Lambiotte E,6.0,6.0,0.0010093273435412995,0.0,0.1359775992542224
1942,person,P00933,Lancaster,1.0,1.0,0.0,0.0,0.0013297872340425532
1942,person,P00934,Landerer R,3.0,3.0,0.0,0.0,0.11655222793219062
1942,person,P00406,Lappas Georges,0.0,0.0,0.0,0.0,0.0
1942,person,P00935,Lascaris Mario AÀ,9.0,10.0,0.0,0.0,0.1342476043527692
1942,person,P00936,Egvpte,1.0,1.0,0.0,0.0,0.11281391698639692
1942,person,P00937,Lebnan Bakhos,1.0,1.0,0.0,0.0,0.0013297872340425532
1942,person,P00938,Lebon Marcel,0.0,0.0,0.0,0.0,0.0
1942,person,P00410,Lees Sir William Clare,1.0,1.0,0.0,0.0,0.0013297872340425532
1942,person,P00939,Lefrère Lucien,2.0,2.0,0.0,0.0,0.10218071370685274
1942,person,P00940,Leheta Ibrahim,2.0,2.0,0.0,0.0,0.004352030947775628
1942,person,P00941,Lehman Victor,0.0,0.0,0.0,0.0,0.0
1942,person,P00411,Lemarquis J,3.0,3.0,0.0,0.0,0.12355809955652998
1942,person,P00942,Leport Henry,4.0,4.0,0.0,0.0,0.1468255338886038
1942,person,P00412,Leten Paul,8.0,8.0,0.0,0.0,0.11395099030375441
1942,person,P00093,Levi Guido,12.0,17.0,0.0021348937709931865,0.0,0.12878594428959714
1942,person,P00414,Levi 1. G,0.0,0.0,0.0,0.0,0.0
1942,person,P00943,Levi Nellos AÀ,8.0,8.0,0.0,0.0,0.11395099030375441
1942,person,P00944,Levi Rolf,1.0,1.0,0.0,0.0,0.0013297872340425532
1942,person,P00417,Lhomme L,3.0,3.0,0.0,0.0,0.12355809955652998
1942,person,P00094,Lian Alfred,8.0,9.0,0.0026007698934930714,0.0,0.1388402855543113
1942,person,P00418,Lloyd John Evans,0.0,0.0,0.0,0.0,0.0
1942,person,P00945,Messrs. Davies,0.0,0.0,0.0,0.0,0.0
1942,person,P00419,Lloyd John E,0.0,0.0,0.0,0.0,0.0
1942,person,P00946,Lombard Albert,4.0,4.0,0.0,0.0,0.09886191476072136
1942,person,P00947,Lombardini Mario,1.0,1.0,0.0,0.0,0.0013297872340425532
1942,person,P00948,Lombardo Cesare,0.0,0.0,0.0,0.0,0.0
1942,person,P00422,Lombardo Hugo,5.0,7.0,0.00013074990410174707,0.0,0.12531902259058977
1942,person,P00949,Lopez Ercole Jd,7.0,7.0,0.0,0.0,0.12110017255693563
1942,person,P00950,Losco Bernard,1.0,1.0,0.0,0.0,0.0017730496453900709
1942,person,P00951,Loutfallah Michel,1.0,1.0,0.0,0.0,0.0013297872340425532
1942,person,P00096,Lowe A. J,14.0,15.0,0.005761686615124567,0.0,0.14917806364930716
1942,person,P00952,Lozy Taher El,9.0,9.0,0.006848002668838414,0.0,0.1500264696984975
1942,person,P00954,Luke D. C,3.0,3.0,0.0,0.0,0.11715612548624345
1942,person,P00426,Lumbroso J,5.0,5.0,0.002429384933563759,0.0,0.13402025870610912
1942,person,P00955,Mac Culloch Norman G,4.0,4.0,0.0,0.0,0.14587827237964507
1942,person,P00956,Mac Cullock Joseph Paul,1.0,1.0,0.0,0.0,0.0013297872340425532
1942,person,P00429,Mac Ewen William G,2.0,2.0,0.0,0.0,0.0026595744680851063
1942,person,P00957,Mackenzie W,3.0,3.0,0.0,0.0,0.11655222793219062
1942,person,P00958,Maggiar André,4.0,4.0,0.0,0.0,0.09191517162132107
1942,person,P00959,Maggiar G,4.0,4.0,0.0,0.0,0.09191517162132107
1942,person,P00432,Mahfouz Hassan,8.0,8.0,0.004830438847494121,0.0,0.12018065719963165
1942,person,P00960,Mahfouz Rachouan,0.0,0.0,0.0,0.0,0.0
1942,person,P00961,Mahmoud Aly Allouba,3.0,3.0,0.0,0.0,0.11715612548624345
1942,person,P00962,Mahmoud Eff. Fahmy,4.0,4.0,0.0,0.0,0.005319148936170213
1942,person,P00963,Mahmoud Zaki,3.0,3.0,0.0,0.0,0.003989361702127659
1942,person,P00964,Maksud Emile,1.0,1.0,0.0,0.0,0.0013297872340425532
1942,person,P00966,Malatesta Me. Tristan,4.0,4.0,0.0,0.0,0.005319148936170213
1942,person,P00968,Maller Jd. AÀ,5.0,5.0,0.0,0.0,0.007822277847309137
1942,person,P00221,Malone Peter,3.0,3.0,0.0,0.0,0.003989361702127659
1942,person,P00969,Marcarian A. D,4.0,5.0,3.541377454174576e-06,0.0,0.11873812868110643
1942,person,P00970,Mariotti Vittorio Carlo Gomm,0.0,0.0,0.0,0.0,0.0
1942,person,P00971,Marshall,1.0,1.0,0.0,0.0,0.0013297872340425532
1942,person,P00972,Martin G. A,6.0,6.0,0.001218233844236054,0.0,0.128995864329189
1942,person,P00973,Martz Dr. Ernst,0.0,0.0,0.0,0.0,0.0
1942,person,P00974,Matossian Joseph 0O,0.0,0.0,0.0,0.0,0.0
1942,person,P00443,Matossian Vincent O,3.0,3.0,0.0,0.0,0.003989361702127659
1942,person,P00444,Matsa Constantin A,4.0,4.0,0.0,0.0,0.09855412548687104
1942,person,P00440,Mattalon William,7.0,7.0,0.0,0.0,0.12561740121580547
1942,person,P00445,Maughfling J,7.0,7.0,0.0,0.0,0.11847150114664289
1942,person,P00446,Mavro Mike,0.0,0.0,0.0,0.0,0.0
1942,person,P00975,Mawas Maurice,0.0,0.0,0.0,0.0,0.0
1942,person,P00976,Mawas Zaki,6.0,6.0,0.0,0.0,0.06819384986295342
1942,person,P00100,Mazloum Hassan,39.0,41.0,0.03278434782013674,0.0,0.16334151241683684
1942,person,P00978,Menaché Albert,2.0,2.0,0.0,0.0,0.0026595744680851063
1942,person,P00979,Menaché Maurice M,0.0,0.0,0.0,0.0,0.0
1942,person,P00980,Mercalli Luigi Gol,0.0,0.0,0.0,0.0,0.0
1942,person,P00981,GEP,0.0,0.0,0.0,0.0,0.0
1942,person,P00982,Messiqua B,2.0,2.0,0.0,0.0,0.0026595744680851063
1942,person,P00450,Messiqua Marcel,24.0,25.0,0.005163636888505626,0.0,0.15640111218568664
1942,person,P00451,Metwalli Mohamed,1.0,1.0,0.0,0.0,0.0060444874274661504
1942,person,P00452,Michell F. W,2.0,2.0,0.0,0.0,0.0026595744680851063
1942,person,P00453,Michriki Youssef,0.0,0.0,0.0,0.0,0.0
1942,person,P00984,Middleton K.W.M,2.0,2.0,0.0,0.0,0.0026595744680851063
1942,person,P00455,Mills A. E,3.0,3.0,0.0,0.0,0.12754063298300958
1942,person,P00102,Minost Emile,10.0,11.0,0.0007733006863202621,0.0,0.1449431552490063
1942,person,P00456,Misrahi Albert,13.0,13.0,0.005148109514541758,0.0,0.15189820108629065
1942,person,P00457,Misrahi Isaac J,3.0,3.0,0.001218233844236054,0.0,0.11289438340364828
1942,person,P00985,Misrahi Léon,2.0,2.0,0.0,0.0,0.0026595744680851063
1942,person,P00458,Mitarachi Th,10.0,10.0,0.0002717912657142619,0.0,0.13551192254444766
1942,person,P00986,Mitchel G.A,0.0,0.0,0.0,0.0,0.0
1942,person,P00987,Mitchell Gaston,2.0,2.0,0.0,0.0,0.11553133250504738
1942,person,P00988,Mitsano Lorenzo,0.0,0.0,0.0,0.0,0.0
1942,person,P00989,Moberly Charles Henry Doward,0.0,0.0,0.0,0.0,0.0
1942,person,P00990,Moghazi Mohamed Abd Rabbou,6.0,6.0,0.0,0.0,0.12394512571019177
1942,person,P00460,Mohamccl Abbas Rachid,4.0,4.0,0.0,0.0,0.005319148936170213
1942,person,P00991,Mohamed Abdel Moneim El Dib,0.0,0.0,0.0,0.0,0.0
1942,person,P00992,Mohamed Aly El Gohari,2.0,2.0,0.0,0.0,0.0026595744680851063
1942,person,P00461,Mohamcd Fouad,8.0,8.0,0.0,0.0,0.09929606369630796
1942,person,P00993,Mohamed Eff. Fouad Darwiche El Hag,4.0,5.0,3.541377454174576e-06,0.0,0.08196681798649139
1942,person,P00002,Badaoui,0.0,0.0,0.0,0.0,0.0
1942,person,P00995,Mohamed Omar Sultan,2.0,2.0,0.0,0.0,0.0026595744680851063
1942,person,P00996,Mohamed Raghebh,2.0,2.0,0.0,0.0,0.09604243054121048
1942,person,P00997,Mohamed Salem Salem,1.0,1.0,0.0,0.0,0.08171291973769483
1942,person,P01000,Mohamed Zeidan,8.0,8.0,0.0,0.0,0.09929606369630796
1942,person,P01001,Moharrem Osman,3.0,3.0,0.0,0.0,0.003989361702127659
1942,person,P00463,Monnerat E,5.0,6.0,0.0009526491332167165,0.0,0.10855824796427634
1942,person,P01003,Moraitinis G,1.0,1.0,0.0,0.0,0.0013297872340425532
1942,person,P00466,MOI·dan James,1.0,1.0,0.0,0.0,0.0013297872340425532
1942,person,P00467,Moreau E,0.0,0.0,0.0,0.0,0.0
1942,person,P01004,Moriatti Georges,0.0,0.0,0.0,0.0,0.0
1942,person,P01005,Morpurgo Gustave,4.0,4.0,0.00024019248813195293,0.0,0.12733541877064752
1942,person,P01006,Morton James Herbert,2.0,2.0,0.0,0.0,0.12091514555532078
1942,person,P01007,Mosseri Albert Vita,1.0,1.0,0.0,0.0,0.0013297872340425532
1942,person,P01008,Mosseri Félix N,6.0,6.0,0.0,0.0,0.13390687439248297
1942,person,P01009,Mosseri Guido J,8.0,10.0,0.004150768042301948,0.0,0.13847587535600603
1942,person,P01010,Mosseri Henry Victor,8.0,9.0,0.0018740863301949762,0.0,0.1332305770470664
1942,person,P01011,Mosseri E. Humbert J,2.0,2.0,0.0,0.0,0.10651273588957934
1942,person,P00476,Mosseri Joseph Vita,1.0,1.0,0.0,0.0,0.0013297872340425532
1942,person,P00108,Mosseri Maurice N,8.0,8.0,0.007203161741791087,0.0,0.07985768190308522
1942,person,P00477,Egyptienne de Tuyaux,8.0,9.0,0.0018740863301949762,0.0,0.1332305770470664
1942,person,P01012,Mouchly Cecile,3.0,3.0,0.0,0.0,0.003989361702127659
1942,person,P01013,Mouchly Max,3.0,3.0,0.0,0.0,0.003989361702127659
1942,person,P01014,Mouratiadi G.M,4.0,4.0,0.0,0.0,0.09855412548687104
1942,person,P01015,Moursi Ahmed Awad,1.0,1.0,0.0,0.0,0.0013297872340425532
1942,person,P01016,Muller E,1.0,1.0,0.0,0.0,0.10893181385541285
1942,person,P00481,Mullet Georges,12.0,13.0,0.0068323858315773554,0.0,0.14310843176484164
1942,person,P01017,Muntz Alyan,3.0,3.0,0.0,0.0,0.12472649766108344
1942,person,P01018,Murat E,1.0,1.0,0.0,0.0,0.0013297872340425532
1942,person,P01019,Murgatroyd,3.0,3.0,0.0,0.0,0.005319148936170212
1942,person,P01020,Murray,0.0,0.0,0.0,0.0,0.0
1942,person,P01021,Mussa Albert,4.0,4.0,0.0,0.0,0.005319148936170213
1942,person,P01022,Mustaki Armand,14.0,14.0,0.0032481945183892216,0.0,0.13504942451528573
1942,person,P01023,Nacamuli Albert,6.0,6.0,0.0,0.0,0.13896218220536863
1942,person,P01024,Nacamuli Isaac,1.0,1.0,0.0,0.0,0.09837037012549092
1942,person,P01025,Nachaat Hassan,4.0,4.0,0.0,0.0,0.12175225040916529
1942,person,P00485,Nachaty Youssef Dr,4.0,4.0,0.0,0.0,0.005319148936170213
1942,person,P00487,Nahas Robert,0.0,0.0,0.0,0.0,0.0
1942,person,P00488,Nahman Armand V,18.0,18.0,0.002232079868762797,0.0,0.14750971624595982
1942,person,P01026,Nahman Raphael,9.0,9.0,0.007203161741791087,0.0,0.12621844141301028
1942,person,P00489,Nahmias Salomon,2.0,2.0,0.0,0.0,0.10651273588957934
1942,person,P01027,Nasser Mohamed Aly,1.0,1.0,0.0,0.0,0.0013297872340425532
1942,person,P00114,Nathan Edward,4.0,5.0,0.0,0.0,0.11045214621906134
1942,person,P01028,Naus Hughes,6.0,6.0,0.0,0.0,0.13896218220536863
1942,person,P01029,Nelson Georges,3.0,3.0,0.0,0.0,0.003989361702127659
1942,person,P00492,Neuflize Baron A. de,2.0,2.0,0.0,0.0,0.1042674081237911
1942,person,P01030,Neuville Paul,3.0,3.0,0.0,0.0,0.003989361702127659
1942,person,P00493,Nichols D,2.0,2.0,0.0,0.0,0.004155585106382979
1942,person,P00116,Nubar Arakel,9.0,10.0,0.0016093057844350721,0.0,0.12962975064038892
1942,person,P01031,Nyegaard A,1.0,1.0,0.0,0.0,0.0017730496453900709
1942,person,P01032,Pace Me. Umberto,6.0,6.0,3.187239708757118e-05,0.0,0.008311170212765957
1942,person,P01033,Papastratos E,2.0,2.0,0.0,0.0,0.10178644728740507
1942,person,P01034,Paskelier Joseph,1.0,1.0,0.0,0.0,0.0013297872340425532
1942,person,P01035,Passardi Renato,4.0,4.0,0.0,0.0,0.12672371940105276
1942,person,P01036,Pathy Poinauer Dr. Ernst,0.0,0.0,0.0,0.0,0.0
1942,person,P01037,Pathy Georges,4.0,5.0,0.0001874612363239892,0.0,0.1388402855543113
1942,person,P00505,Pathy Polnauer Ladislas,22.0,27.0,0.01699839748300866,0.0,0.1568661303586867
1942,person,P00507,Pavlica Dussan,1.0,1.0,0.0,0.0,0.0013297872340425532
1942,person,P00449,Peel Col. E.T,13.0,13.0,0.005169215377051581,0.0,0.14587827237964507
1942,person,P00117,Pegna E,14.0,16.0,0.0025447831486513704,0.0,0.15487076862222593
1942,person,P01038,Perkins Edward J,1.0,1.0,0.0,0.0,0.0013297872340425532
1942,person,P01039,Perkins,0.0,0.0,0.0,0.0,0.0
1942,person,P01040,Peter Louis Ing,0.0,0.0,0.0,0.0,0.0
1942,person,P01041,Petrocochino Demetrius Stephen,2.0,2.0,0.0,0.0,0.0026595744680851063
1942,person,P01042,Peytel André,5.0,5.0,0.0,0.0,0.11999842724178535
1942,person,P01043,Pezas Me. A,7.0,7.0,0.002152837075204269,0.0,0.13459007273122015
1942,person,P01044,Philp E. L,0.0,0.0,0.0,0.0,0.0
1942,person,P01045,Picot Jacques Georges,6.0,6.0,0.0,0.0,0.13896218220536863
1942,person,P01046,Pierrakos Nicolas,3.0,3.0,0.0,0.0,0.003989361702127659
1942,person,P00510,Pilavachi Constantin G,2.0,2.0,0.0,0.0,0.0026595744680851063
1942,person,P01047,Pinto ?runo,0.0,0.0,0.0,0.0,0.0
1942,person,P01048,Pinto Prof. Dott. Cav. Uff. Carlo,0.0,0.0,0.0,0.0,0.0
1942,person,P01049,Anonima Immobili Riunili,0.0,0.0,0.0,0.0,0.0
1942,person,P00120,Pinto Silvio,2.0,2.0,0.0,0.0,0.11750402786333695
1942,person,P01050,Pinto Uberto,6.0,6.0,0.0,0.0,0.06819384986295342
1942,person,P01051,Platt James,2.0,2.0,0.0,0.0,0.0026595744680851063
1942,person,P01052,Pollet Masurel André,0.0,0.0,0.0,0.0,0.0
1942,person,P00514,Pollet Raymond,0.0,0.0,0.0,0.0,0.0
1942,person,P01053,Pollet Robert,1.0,1.0,0.0,0.0,0.10565949634974292
1942,person,P01054,Pollet Thiriez,0.0,0.0,0.0,0.0,0.0
1942,person,P01055,Pontremoli Maurice B,2.0,2.0,0.0,0.0,0.0026595744680851063
1942,person,P00517,Pontremoli Rachel Mme. Vve. B,0.0,0.0,0.0,0.0,0.0
1942,person,P01056,Pottier Armand,5.0,5.0,0.0,0.0,0.12462828782040543
1942,person,P01057,Pougin Henri,1.0,1.0,0.0,0.0,0.0013297872340425532
1942,person,P01058,Pringo Stephane,2.0,2.0,0.0,0.0,0.005114566284779051
1942,person,P01059,Purkiss E. C,2.0,2.0,0.0,0.0,0.004155585106382979
1942,person,P00123,Rabbath Sélim,1.0,1.0,0.0,0.0,0.0013297872340425532
1942,person,P01060,Rachid Mohamed Abbas,0.0,0.0,0.0,0.0,0.0
1942,person,P01061,Rachid Moustafa,3.0,3.0,0.0,0.0,0.11060651679379098
1942,person,P01062,Raemy Bernard de,3.0,3.0,0.0,0.0,0.09569402994674418
1942,person,P01063,Raftopoulos A. S,0.0,0.0,0.0,0.0,0.0
1942,person,P01064,Nestor Gianaclis,0.0,0.0,0.0,0.0,0.0
1942,person,P01065,Raïilton Gecil G,1.0,1.0,0.0,0.0,0.0013297872340425532
1942,person,P00520,Ralli Alexandre,0.0,0.0,0.0,0.0,0.0
1942,person,P00521,Ramlot Paul,5.0,5.0,0.0,0.0,0.12941776413075623
1942,person,P00124,Raybaud Max,4.0,4.0,0.0,0.0,0.09855412548687104
1942,person,P00522,Razeti Aldo,1.0,1.0,0.0,0.0,0.0013297872340425532
1942,person,P01066,Reinhart P,2.0,2.0,0.0,0.0,0.0026595744680851063
1942,person,P01067,Remauge Adrien,1.0,1.0,0.0,0.0,0.11177819599711503
1942,person,P01068,Richard Edouard,0.0,0.0,0.0,0.0,0.0
1942,person,P01069,Rodosli Richard,7.0,7.0,0.0,0.0,0.11811785487456336
1942,person,P01070,Richards G. P,1.0,1.0,0.0,0.0,0.12100758832715204
1942,person,P01071,Wakÿs,0.0,0.0,0.0,0.0,0.0
1942,person,P01072,Riley E. C,1.0,1.0,0.0,0.0,0.0013297872340425532
1942,person,P01073,Roberts Stanley P,2.0,2.0,0.0,0.0,0.0026595744680851063
1942,person,P01075,Rodocanachi Th. C,2.0,2.0,0.0,0.0,0.10385690651700451
1942,person,P01076,Rofé Charles,3.0,3.0,0.0,0.0,0.003989361702127659
1942,person,P01077,Rolin Daniel Baron,9.0,10.0,0.0028600881187493855,0.0,0.1164664647033958
1942,person,P01078,Rolin Léon Baron,13.0,16.0,0.002937701370876983,0.0,0.12175225040916529
1942,person,P01079,Rolo Ibram,4.0,4.0,0.0,0.0,0.13037720389778823
1942,person,P01080,Rolo Jacques R,6.0,6.0,0.0006717179172739181,0.0,0.1302698975571316
1942,person,P00129,Rolo Max,14.0,14.0,0.0027582087665713392,0.0,0.15175256522714753
1942,person,P01081,Rolo,9.0,9.0,0.00021312616177785533,0.0,0.12551778392697455
1942,person,P00130,Rolo Robert J,21.0,23.0,0.010412130768451074,0.0,0.15749047316608447
1942,person,P01082,Rolo Simon E,7.0,9.0,5.0476952196645136e-05,0.0,0.1291010811842699
1942,person,P00131,Rom François,16.0,20.0,0.00718914519503969,0.0,0.12512088974854932
1942,person,P01083,Romniciano,4.0,4.0,0.0,0.0,0.09546316377075686
1942,person,P01084,Rosenthal Oswald,2.0,2.0,0.0,0.0,0.0026595744680851063
1942,person,P01085,Rouchdy Ahmed,7.0,7.0,0.0,0.0,0.11847150114664289
1942,person,P01086,Ruelens Charles Me,5.0,5.0,0.0,0.0,0.12384814204375187
1942,person,P01087,Rutimeyer R. L,0.0,0.0,0.0,0.0,0.0
1942,person,P00538,Saab Comte Aziz de,0.0,0.0,0.0,0.0,0.0
1942,person,P00539,Saab Comte Sélim de,4.0,4.0,0.0,0.0,0.12413954943679598
1942,person,P01088,Saad Eff. Abdel Razek,4.0,4.0,0.0,0.0,0.005319148936170213
1942,person,P00540,Sabri Yacoub,6.0,6.0,0.0,0.0,0.11750402786333695
1942,person,P00541,Sabry Chérif,6.0,6.0,0.0,0.0,0.1416991276024305
1942,person,P00542,Sabry Hussein,26.0,28.0,0.013701918430357587,0.0,0.1567108173583316
1942,person,P01089,Sachs David,2.0,2.0,0.0,0.0,0.0029920212765957447
1942,person,P01090,Sachs Freddy,3.0,3.0,7.082754908349152e-06,0.0,0.003989361702127659
1942,person,P01091,Sadek Wahba,13.0,14.0,0.0063078581539061365,0.0,0.14820030480516375
1942,person,P00545,Sadik Henein,2.0,2.0,0.0,0.0,0.10178644728740507
1942,person,P00133,Safwat Mohamed,0.0,0.0,0.0,0.0,0.0
1942,person,P00547,Said Hassan,4.0,4.0,0.0,0.0,0.005319148936170213
1942,person,P00549,Salama Joseph,0.0,0.0,0.0,0.0,0.0
1942,person,P01092,Salama Marco,3.0,3.0,0.0,0.0,0.0820092878403704
1942,person,P00551,Salama Salvatore,13.0,14.0,0.004926397198488111,0.0,0.14641806247170666
1942,person,P00553,Salem Ovadia,1.0,1.0,0.0,0.0,0.0023936170212765953
1942,person,P01094,Baltati,0.0,0.0,0.0,0.0,0.0
1942,person,P01095,BSalvago Constantin M,20.0,22.0,0.0046707746899812075,0.0,0.14945979748056173
1942,person,P00555,Salvago Michel C,38.0,45.0,0.046560761108007664,0.0,0.1857722130656278
1942,person,P01096,Santas Basile,0.0,0.0,0.0,0.0,0.0
1942,person,P00136,Savon G. L,4.0,4.0,0.0003124229636201756,0.0,0.1414458673207461
1942,person,P00557,Saxby Ch. H,11.0,12.0,0.01528458509221747,0.0,0.12541832451023366
1942,person,P01097,Sayed El Lozy Eff,0.0,0.0,0.0,0.0,0.0
1942,person,P01098,Sayed Mohamed Badraoui Achour,1.0,2.0,0.0,0.0,0.11209484811042131
1942,person,P00558,Sayet· Sidney,0.0,0.0,0.0,0.0,0.0
1942,person,P01100,Schemeil Raymond Me,4.0,4.0,0.0,0.0,0.005319148936170213
1942,person,P01101,Schmidheiny Ernst,3.0,3.0,0.0,0.0,0.003989361702127659
1942,person,P01102,Schmidheiny Jacob,1.0,1.0,0.0,0.0,0.0013297872340425532
1942,person,P01104,Schoenman,2.0,2.0,0.0,0.0,0.0029920212765957447
1942,person,P01105,Scott Frank Douglas,0.0,0.0,0.0,0.0,0.0
1942,person,P01106,Seddik Ahmed,29.0,35.0,0.029924380397738308,0.0,0.18151138249072807
1942,person,P01107,Sedky Kamel,4.0,4.0,0.0,0.0,0.005319148936170213
1942,person,P01108,Sellas André,5.0,5.0,0.0,0.0,0.12110017255693563
1942,person,P01109,Semo Giuseppe de,3.0,3.0,0.0,0.0,0.09387777315060195
1942,person,P01110,Seoud Aly,7.0,7.0,9.561719126271354e-05,0.0,0.010229132569558102
1942,person,P01111,Serageldine Anis,7.0,7.0,0.0,0.0,0.12561740121580547
1942,person,P01112,Servaye L,3.0,3.0,0.0,0.0,0.09806562920192992
1942,person,P00567,Shamà Me. André,4.0,4.0,0.001218233844236054,0.0,0.08205180172727573
1942,person,P00138,Shama Elie F,5.0,5.0,0.0006450417774490784,0.0,0.11732981877829125
1942,person,P01113,Sheridan J. P,0.0,0.0,0.0,0.0,0.0
1942,person,P01114,Sheriff Robert,2.0,2.0,0.0,0.0,0.004155585106382979
1942,person,P01115,Simaika Wassef,8.0,8.0,0.0008320279959761602,0.0,0.14246437941666507
1942,person,P01116,Sims Marshall George,0.0,0.0,0.0,0.0,0.0
1942,person,P01117,Maison Choremi,11.0,12.0,0.0011003121010718802,0.0,0.14272130345528844
1942,person,P01118,Singleton Alex,0.0,0.0,0.0,0.0,0.0
1942,person,P01119,Sinigaglia Carlo,0.0,0.0,0.0,0.0,0.0
1942,person,P01120,Sirakian S. Ing,1.0,1.0,0.0,0.0,0.0013297872340425532
1942,person,P01121,Small Irving,3.0,3.0,0.0,0.0,0.003989361702127659
1942,person,P00572,Small Walter Madison,1.0,1.0,0.0,0.0,0.0013297872340425532
1942,person,P01122,Smouha Joseph,5.0,5.0,0.0,0.0,0.12147193056938978
1942,person,P01123,Smyrniadis Polyvios,0.0,0.0,0.0,0.0,0.0
1942,person,P00574,Sofio S,2.0,2.0,0.0,0.0,0.10385690651700451
1942,person,P00576,Soliman Skender,4.0,4.0,0.0,0.0,0.1093835007131409
1942,person,P01124,Sorbara Salvator,0.0,0.0,0.0,0.0,0.0
1942,person,P01125,Sourour Hassan Me,7.0,7.0,0.0,0.0,0.12110017255693563
1942,person,P01126,Spindier,7.0,7.0,0.0,0.0,0.11811785487456336
1942,person,P01127,Sir CG. W. Spinks,0.0,0.0,0.0,0.0,0.0
1942,person,P01128,Stiassny Ewald,3.0,3.0,0.0,0.0,0.003989361702127659
1942,person,P01130,Strangman Sir Thomas J,3.0,3.0,0.0,0.0,0.003989361702127659
1942,person,P00144,Suarès Jacques,2.0,2.0,0.0,0.0,0.11750402786333695
1942,person,P00586,Suarès Léon,5.0,5.0,0.0,0.0,0.1468255338886038
1942,person,P00146,Sultan Dr. Fouad,0.0,0.0,0.0,0.0,0.0
1942,person,P01131,Cuir,7.0,7.0,0.0,0.0,0.12561740121580547
1942,person,P01132,Sultan Mohamed,2.0,2.0,0.0,0.0,0.0026595744680851063
1942,person,P01133,Sursock Nicolas Alexandre,8.0,9.0,0.0018250279095633542,0.0,0.1559388428885861
1942,person,P01134,Sursock Wladimir,4.0,4.0,0.0,0.0,0.0947204820657779
1942,person,P00588,Tagher Oscar,0.0,0.0,0.0,0.0,0.0
1942,person,P00589,Tagher Philippe Me,3.0,3.0,0.0,0.0,0.003989361702127659
1942,person,P00590,Taher Mohamed,7.0,8.0,0.001404199196302307,0.0,0.14401995043850307
1942,person,P00150,Takla G.,21.0,25.0,0.017130427820155034,0.0,0.15955436041523677
1942,person,P01135,Tancred GC. H,7.0,7.0,0.0,0.0,0.11847150114664289
1942,person,P01136,Taylor Ewart John,3.0,3.0,0.0,0.0,0.003989361702127659
1942,person,P01137,Tepeghiosi Nicolas,2.0,2.0,0.0,0.0,0.10218071370685274
1942,person,P01138,Theodorakis A. D,1.0,1.0,0.0,0.0,0.0013297872340425532
1942,person,P01139,Thuker Georges Léonard,1.0,1.0,0.0,0.0,0.0023936170212765953
1942,person,P01140,Tilche Joseph,3.0,3.0,0.0,0.0,0.11655222793219062
1942,person,P01141,Toriel André,1.0,1.0,0.0,0.0,0.0013297872340425532
1942,person,P01142,Toriel Henri,1.0,1.0,0.0,0.0,0.0013297872340425532
1942,person,P00152,Toriel Raphael,19.0,21.0,0.007886406242600986,0.0,0.15578535977550678
1942,person,P01143,Toriel Victor,1.0,1.0,0.0,0.0,0.09065173283614827
1942,person,P01144,Le Prince Omar Toussoun,1.0,1.0,0.0,0.0,0.11419763746891406
1942,person,P01145,Toutounji J,2.0,2.0,0.0,0.0,0.0026595744680851063
1942,person,P00153,Trembley Ernest,0.0,0.0,0.0,0.0,0.0
1942,person,P01146,Tsekis Charles,3.0,3.0,0.0,0.0,0.11715612548624345
1942,person,P01147,Turnowsky Walter,0.0,0.0,0.0,0.0,0.0
1942,person,P00604,Tuttle James Henry,0.0,0.0,0.0,0.0,0.0
1942,person,P01148,Urban H,10.0,10.0,0.001454809797312601,0.0,0.12878594428959714
1942,person,P01149,Uthwatt Gerald A,0.0,0.0,0.0,0.0,0.0
1942,person,P00154,Vais Ezio,8.0,11.0,0.0002096512351357981,0.0,0.11811785487456336
1942,person,P01150,Vallet Jean,1.0,1.0,0.0,0.0,0.0013297872340425532
1942,person,P01151,Van Damme L,8.0,10.0,0.0015064535652566469,0.0,0.14375833381645312
1942,person,P01152,Van Den Bosch Paul,1.0,1.0,0.0,0.0,0.0013297872340425532
1942,person,P01153,Varvarian Garabed,0.0,0.0,0.0,0.0,0.0
1942,person,P01154,Vickery J. G,2.0,2.0,0.0,0.0,0.004352030947775628
1942,person,P01155,Vincendon Jacques,0.0,0.0,0.0,0.0,0.0
1942,person,P01156,Vincenot Marcel,5.0,5.0,0.0,0.0,0.1269269651418724
1942,person,P01157,Vitale Comm. Aldo,4.0,4.0,0.0,0.0,0.005319148936170213
1942,person,P01158,Vivante Alfred,4.0,4.0,0.0,0.0,0.12672371940105276
1942,person,P01159,Vivante Sabino Mtre,4.0,4.0,0.0,0.0,0.12672371940105276
1942,person,P01160,Vogt Stener H,6.0,6.0,0.0,0.0,0.13390687439248297
1942,person,P01161,Vogue Marquis de,0.0,0.0,0.0,0.0,0.0
1942,person,P01162,Vollgraff d.G,5.0,5.0,0.0,0.0,0.007822277847309137
1942,person,P01163,Wahba E. H,4.0,4.0,0.0,0.0,0.005319148936170213
1942,person,P01164,Walter Umberto,2.0,2.0,0.0,0.0,0.10672820332563376
1942,person,P01165,Wedemeyer Ruppert Golding,1.0,1.0,0.0,0.0,0.0013297872340425532
1942,person,P01166,Weissenberg Harold,0.0,0.0,0.0,0.0,0.0
1942,person,P00158,Wellhoïf Salomon,11.0,14.0,0.0024811174263852497,0.0,0.1456098670946779
1942,person,P01167,Werner W. H,3.0,4.0,1.770688727087288e-06,0.0,0.004749240121580547
1942,person,P01168,Wibaut P,7.0,7.0,0.0,0.0,0.11847150114664289
1942,person,P01169,Wieland A. J,4.0,4.0,0.0,0.0,0.005319148936170213
1942,person,P01170,Wild E. K,0.0,0.0,0.0,0.0,0.0
1942,person,P00617,Williams R. E,2.0,2.0,0.0,0.0,0.0026595744680851063
1942,person,P00765,Wissa Choukry G.,11.0,11.0,0.0,0.0,0.14401995043850307
1942,person,P00618,Wissa Fahmy Hanna,4.0,4.0,0.001218233844236054,0.0,0.12795305216807992
1942,person,P01171,Wissa Zaki,2.0,2.0,0.0,0.0,0.0026595744680851063
1942,person,P01172,Wistenetzki Oscar,2.0,2.0,0.0,0.0,0.0026595744680851063
1942,person,P01173,Wolf Daniel,5.0,5.0,0.0,0.0,0.007822277847309137
1942,person,P01174,Woodhead W. G,2.0,2.0,0.0,0.0,0.0026595744680851063
1942,person,P01175,Woods J. J,4.0,4.0,0.0,0.0,0.005319148936170213
1942,person,P01176,Worrall Alfred Georges,2.0,2.0,0.0,0.0,0.0026595744680851063
1942,person,P01177,Wyler E,0.0,0.0,0.0,0.0,0.0
1942,person,P01178,Yamodis Ph,0.0,0.0,0.0,0.0,0.0
1942,person,P01179,Yancovich Jack,3.0,3.0,7.082754908349152e-06,0.0,0.003989361702127659
1942,person,P01180,Yazbeck R,3.0,3.0,0.0,0.0,0.003989361702127659
1942,person,P01181,Yeghen Ahmed Midhat,1.0,1.0,0.0,0.0,0.0013297872340425532
1942,person,P00624,Yehia Aly Emine,1.0,1.0,0.0,0.0,0.0036824877250409165
1942,person,P01182,Comité Gouvernemental des Transports Maritimes,44.0,52.0,0.037092046436143215,0.0,0.18255816093646468
1942,person,P01183,Yolkendjoglou Alex,4.0,4.0,0.0,0.0,0.005319148936170213
1942,person,P00625,Yokana Davis,1.0,1.0,0.0,0.0,0.0013297872340425532
1942,person,P01184,Zabal Wadie,3.0,3.0,0.0,0.0,0.06801801698836049
1942,person,P00627,Zaccai' Joseph E,0.0,0.0,0.0,0.0,0.0
1942,person,P01185,Zakaria Mahran,1.0,1.0,0.0,0.0,0.0013297872340425532
1942,person,P01186,Zariti L,9.0,9.0,0.0,0.0,0.1342476043527692
1942,person,P01187,Zariti Theodore,5.0,5.0,0.0,0.0,0.12462828782040543
1942,person,P01188,BE. Zayed Issawi,7.0,7.0,0.00345265360234971,0.0,0.1399451154128337
1942,person,P00162,Zorbini Dimitri,5.0,6.0,0.0006073462333909397,0.0,0.0947772009173143
1942,person,P01189,Zerbini S,5.0,6.0,0.0006073462333909397,0.0,0.0947772009173143
1942,person,P01190,Egypte Alexandrie,0.0,0.0,0.0,0.0,0.0
1942,person,P01191,Ministre des Wakfs,6.0,6.0,0.007220868629061961,0.0,0.11891654810812538
1942,person,P01193,Zude Emmanuel,3.0,3.0,0.0,0.0,0.003989361702127659
1942,person,P01194,Zulfikar Ahmed,12.0,12.0,0.0017878771065853174,0.0,0.12571717675291094
1942,person,P01195,Zulfikar Mohamed,0.0,0.0,0.0,0.0,0.0
1947,company,C01052,"Société pour la Vente des Produits Egyptiens, S.A.E",6.0,6.0,0.0018319767782304273,0.0,0.16450003243549602
1947,company,C00461,Société Royale d'Agriculture,11.0,11.0,0.0049447750698689424,0.0,0.19101409802009245
1947,company,C00191,Union des Agriculteurs d'Egypte,8.0,8.0,0.0016188543466708497,0.0,0.17180663473984872
1947,company,C01550,honneur de l'Union Arabe du Caire,7.0,7.0,0.0,0.0,0.16098182364930336
1947,company,C01136,"a. L. de l'Imperial Chemical [n- dustries (Egypt), S.A",9.0,9.0,0.0014271044418655847,0.0,0.16656612135962606
1947,company,C01441,Société d'Exploitations Agricoles,7.0,7.0,0.0,0.0,0.16098182364930336
1947,company,C00118,Sidi Salem Co,10.0,10.0,0.005116469015369885,0.0,0.16276946517433943
1947,company,C01412,Société Egyptienne d'Engrais '& d'Industries Chimiques,7.0,7.0,0.0,0.0,0.16098182364930336
1947,company,C01188,Egyptian Company for- International Tracte«ECIT»,12.0,12.0,0.008733008682250786,0.0,0.20093690830685051
1947,company,C01526,The United Storage Navigation & Com· mercial Cy,2.0,2.0,0.0,0.0,0.003251445086705202
1947,company,C01216,Auberges d'Egypte et Egyptian Co. for International Tracte «ECIT»,0.0,0.0,0.0,0.0,0.0
1947,company,C01275,Egyptian Domestic & Foreign Trade Cy,13.0,13.0,0.0,0.0,0.18945479926074474
1947,company,C00290,The Egyptian General Omnibus Co,6.0,6.0,0.0018319767782304273,0.0,0.18817469926573974
1947,company,C01010,Société Générale des Sucreries et Raffinerie d'Egypte,5.0,5.0,0.0,0.0,0.18804764004949007
1947,company,C00325,Khedivial Mail Line,43.0,44.0,0.039663437127499375,0.0,0.23521837408217464
1947,company,C00558,Tilbury Contracting & Dredging Co. (Foreign) Ltd,5.0,5.0,0.0,0.0,0.18804764004949007
1947,company,C00078,Société Générale Immobilière d'Egypte,16.0,16.0,0.010816841679620518,0.0,0.2069082874541566
1947,company,C00008,Alexandria Pressing Co,20.0,20.0,0.019722856352143592,0.0,0.2260540218452068
1947,company,C01455,Sté,5.0,5.0,0.001060922848196305,0.0,0.15628426201643927
1947,company,C01537,Zagazig Cotton & Oil Cy,3.0,3.0,5.8747207785629074e-05,0.0,0.1600566407547671
1947,company,C00131,Société Cotonnière Maarad,12.0,12.0,0.005525588148490308,0.0,0.2044776467792179
1947,company,C01033,Société Misr pour le Tissage de la Soie,28.0,28.0,0.009813230358181171,0.0,0.2165618622964967
1947,company,C01044,Société des Autobus de Charkieh et Dakahlieh,2.0,3.0,0.0,0.0,0.13712385766287286
1947,company,C01460,Sté. Al Chark pour la Filature et le Tissage,0.0,0.0,0.0,0.0,0.0
1947,company,C01022,Société Misr de Filature,35.0,42.0,0.008844466420366131,0.0,0.2229772257112048
1947,company,C01123,Tissage Fin en Coton Egyptien (Usines Kafr El Dawar),28.0,33.0,0.004636169347009383,0.0,0.2174071466926579
1947,company,C01221,"Banque Misr, de la Société Misr de Filature",3.0,3.0,0.0,0.0,0.16528104149156958
1947,company,C01179,"'Tissage, S.A.E. (Méhallael Kobra)",3.0,3.0,0.0,0.0,0.16528104149156958
1947,company,C01433,Sté. Misr pour les Fourrages,1.0,1.0,0.0,0.0,0.14735373275835703
1947,company,C00107,"Fiat Oriente, S.A.E",5.0,5.0,0.0,0.0,0.1644029249783322
1947,company,C01430,Société Misr de Tabacs et Cigarettes,16.0,18.0,0.0024011720330781527,0.0,0.1907524348721197
1947,company,C01002,Société Egyptienne pour le Tannage,20.0,24.0,0.005618849371874297,0.0,0.2058378085094566
1947,company,C00837,"Industrie du Cuir, S.A.E",30.0,35.0,0.019290474951166366,0.0,0.21723756233486333
1947,company,C01502,"The Cherif Cotton ,& Trading Co., S.A.E. (Négociants et Exportateurs de Coton et Graines de CotG.m, Importations",5.0,5.0,0.0,0.0,0.1644029249783322
1947,company,C01362,The North East Africa Trading Cy,16.0,16.0,0.005479199953154931,0.0,0.18984223238806733
1947,company,C00878,"Nile Textile Co., S.A.E",1.0,1.0,0.0,0.0,0.1461934671460865
1947,company,C00157,Société des Biens de Rapport d'Egypte,7.0,9.0,0.0025809878304742287,0.0,0.1918034124747209
1947,company,C01108,"The Manure Co. of Egypt, S.A",0.0,0.0,0.0,0.0,0.0
1947,company,C01074,"The Albert Mussa Agen- cy & Stevedoring Co., S.A.E",6.0,6.0,0.0,0.0,0.17449784142437016
1947,company,C00020,Banque Misr,34.0,36.0,0.014921154156942461,0.0,0.22279884393063581
1947,company,C01449,Sociétésformant le groupe Misr,4.0,4.0,0.0,0.0,0.1908831767740197
1947,company,C00479,Société des Autobus du Caire,17.0,17.0,0.012900369742804393,0.0,0.21390057981051827
1947,company,C00752,"Beida Dyers, S.A.E",30.0,33.0,0.014467933580981095,0.0,0.22940572892363653
1947,company,C01360,Nil Paris,10.0,10.0,0.0011721950186028244,0.0,0.21130391116334962
1947,company,C00552,The Upper Egypt Ginning Co,17.0,17.0,0.012708202295570193,0.0,0.20629522586169982
1947,company,C01539,ccAlminan,2.0,2.0,0.0,0.0,0.15584698092517896
1947,company,C01185,·ation du Salvage & Marine Co. of,12.0,12.0,0.0018319767782304273,0.0,0.18358507245438022
1947,company,C01209,Anglo-Egyptian Soap .& Edible Products,1.0,1.0,0.0,0.0,0.14245450379196664
1947,company,C01423,Société Egyptienne pour le Développement et h~,0.0,0.0,0.0,0.0,0.0
1947,company,C00055,Crédit Agricole d'Egypte,25.0,25.0,0.015864908911878,0.0,0.23246957839173185
1947,company,C01324,Jardins,0.0,0.0,0.0,0.0,0.0
1947,company,C01553,lacclZoldairn Refrigeration .& Ail· Conditioning Co. of Egypt,0.0,0.0,0.0,0.0,0.0
1947,company,C01029,Société Misr pour la Filalure el le Tissage (Mehalla el Kobra),15.0,15.0,0.00258815433154152,0.0,0.1996405411564837
1947,company,C01197,Trading Corporation of Egypt,12.0,13.0,0.0009138970914231698,0.0,0.19193559952673658
1947,company,C01340,Misr Car and Engineering Co,26.0,27.0,0.008263704293217445,0.0,0.22423394115402157
1947,company,C01432,Société Misr pom la Filature et le Tissage fin en Coton Egyptien (Kafr El Dawar),11.0,11.0,0.0,0.0,0.1918034124747209
1947,company,C01551,laSociété Misr pour la Rayonne,11.0,11.0,0.0,0.0,0.1918034124747209
1947,company,C00341,"The i\!isr Concretc Development Cy., S.A.E",27.0,28.0,0.009533461979052098,0.0,0.21538944695537107
1947,company,C01030,Société Misr pour le Lin,22.0,22.0,0.022544512013596595,0.0,0.20007080094345892
1947,company,C01421,Société Egyptienne pom le Tannage,11.0,11.0,0.0,0.0,0.1918034124747209
1947,company,C01301,"General Warehouses Cy. of Egypt, S.A.E",21.0,21.0,0.010468678395802367,0.0,0.21162504172742766
1947,company,C01206,The Alexandria & Khartoum Trading Corp,12.0,13.0,0.0009138970914231698,0.0,0.19193559952673658
1947,company,C01320,Rizerie Egyptienne Moderne,0.0,0.0,0.0,0.0,0.0
1947,company,C01248,Commercial Insurance Cy. of Egypt,9.0,11.0,0.005574574076364508,0.0,0.1924661747845852
1947,company,C00081,"Josy Film, S.A.E",3.0,3.0,0.0,0.0,0.15734381633519479
1947,company,C01355,cle 'rhe Near .East Pharmaceutical & Commercial Co,16.0,16.0,0.004935211698078807,0.0,0.1924661747845852
1947,company,C01346,The National Cotton Cy,6.0,6.0,0.005479199953154931,0.0,0.1576109535445924
1947,company,C01424,Société Générale de Placement Financier et Industriel,1.0,1.0,0.0,0.0,0.12630319950716318
1947,company,C01568,«Nemco»,0.0,0.0,0.0,0.0,0.0
1947,company,C00482,Société des Omnibus de Fayoum,8.0,9.0,0.009082505876546514,0.0,0.17471678476367303
1947,company,C01442,Société des Autobus de Charkieh,4.0,4.0,0.0036555883656926792,0.0,0.13739445234992342
1947,company,C01118,The Upper Bus Co,3.0,5.0,6.273893076131601e-06,0.0,0.13732670360616112
1947,company,C00259,Commerce Egyptienne d'Alexandrie,4.0,4.0,0.0028793420087929117,0.0,0.17637653889379024
1947,company,C01177,"Al Chark, Société d'Entreprises Générales",4.0,4.0,0.0018319767782304273,0.0,0.1493289838677184
1947,company,C00043,Commercial Bank of Egypt,9.0,11.0,0.008612945372800896,0.0,0.1925992772567737
1947,company,C01472,Sté. Industrielle du Moyen Orient,14.0,15.0,0.005133712200534697,0.0,0.16469459190614713
1947,company,C01302,General Chemical Industries Gy «CICn,3.0,3.0,0.0,0.0,0.1492489576169854
1947,company,C01299,Dél. F'rosted Food & Cold Storage Co. S.A.E,16.0,16.0,0.002811779406145924,0.0,0.1935361743664314
1947,company,C01571,«Siburll,0.0,0.0,0.0,0.0,0.0
1947,company,C00232,Anglo-Egyptian Oilfields,0.0,0.0,0.0,0.0,0.0
1947,company,C00114,S.A. du Béhéra,22.0,22.0,0.013655232297394782,0.0,0.20239720560559213
1947,company,C00530,"The Egyplian Neon Lights Co., S.A.E",1.0,1.0,0.0,0.0,0.1193224314110089
1947,company,C01214,Astra et Halles Centrales d'Egypte,5.0,5.0,0.0018319767782304273,0.0,0.14688742347747616
1947,company,C01187,-D~légué de l'Eastern Export Co,0.0,0.0,0.0,0.0,0.0
1947,company,C00083,Koubbeh Gardens,3.0,3.0,0.0,0.0,0.1589603623934331
1947,company,C00076,The Gharbieh Land Co,17.0,19.0,0.008055882261943106,0.0,0.19286603525851437
1947,company,C00175,The Egyptian Enterprise & Development Co,18.0,22.0,0.010400191954079771,0.0,0.17979248219063573
1947,company,C00389,S.A.E. Carba,14.0,16.0,0.005317541608212246,0.0,0.19502699923900196
1947,company,C01284,Egyptian Works R<,2.0,2.0,0.0,0.0,0.006165703275529864
1947,company,C01469,Sté. Egyptienne pour la Fabrication,3.0,4.0,2.091297692043867e-06,0.0,0.006606110652353427
1947,company,C00812,Exportation des Conserves,7.0,8.0,6.483022845335987e-05,0.0,0.010276172125883108
1947,company,C00442,Société Egyptienne de Tissage et Tricotage,30.0,37.0,0.004247944095955744,0.0,0.22173451824306908
1947,company,C00582,Usines Textiles Al-Kahira,3.0,3.0,0.0,0.0,0.19101409802009245
1947,company,C00190,Union Foncière d'Egypte,35.0,39.0,0.01662626300609967,0.0,0.23092749163623116
1947,company,C00018,Banque Belge et Internationale en Egypte,33.0,35.0,0.029539647527647334,0.0,0.24029210950241134
1947,company,C00737,"The Alexandria Racing Club, S.A.E",20.0,20.0,0.016894392042977113,0.0,0.22120615958164794
1947,company,C00302,"General Society for Banking, Trading & Land Enterprises, S.A.E",2.0,6.0,0.0,0.0,0.1241080904248194
1947,company,C01318,Helwan Land Cy. p,7.0,8.0,0.0,0.0,0.18603777883319625
1947,company,C01082,The Cairo Agricultural Co. S.A.E,8.0,8.0,0.0012238819906037165,0.0,0.1929996915546048
1947,company,C00297,Société Egyptienne de Filature,7.0,7.0,0.0,0.0,0.18603777883319625
1947,company,C00559,"Tissage de Laine, S.A.E",7.0,7.0,0.0,0.0,0.18603777883319625
1947,company,C00093,National Petroleum Cy,15.0,15.0,0.003421818822450669,0.0,0.2053824151277985
1947,company,C00139,Société Egyptienne des Pétroles,10.0,10.0,0.0010503653554256246,0.0,0.1946181376053772
1947,company,C01429,Société Misr de Kafrel Dawar,4.0,4.0,0.0,0.0,0.17362752800080722
1947,company,C01427,Société Misr Rayonne,14.0,15.0,0.0005472126842865402,0.0,0.19023125335607569
1947,company,C00209,"""é de la Marconi Radio Telegraph Co. of Egypt, S.A.E",5.0,5.0,0.0006139145000846076,0.0,0.17772722074875225
1947,company,C01523,The United Egyptian Nile Transport Co. et United Storage Navigation 1& Commercial Co,0.0,0.0,0.0,0.0,0.0
1947,company,C00001,Alexandria Insurance Co,37.0,43.0,0.04157379816577285,0.0,0.23925992690145598
1947,company,C00831,Grands Hôtels d'Egypte (Ex- Nungovich),2.0,2.0,0.0,0.0,0.17471678476367303
1947,company,C00112,Société Egyptienne d'Entreprises Urbaines et Rurales,16.0,17.0,0.010372559302370913,0.0,0.18754111441972712
1947,company,C01456,cte la Sté. Bolanachi-Distillerie,2.0,2.0,0.0,0.0,0.12965482072313536
1947,company,C00143,Société Franco-Egyptienne d'Importation,3.0,3.0,0.0,0.0,0.14497582244315188
1947,company,C01419,"Société Egyptienne pa1· actions ""Lindi et Co",3.0,3.0,0.0,0.0,0.14497582244315188
1947,company,C01384,S.A.E. d'Urhani.E'f_ne «Hadaek el Abram» ( Py1·amids Gardens),3.0,3.0,0.0,0.0,0.14497582244315188
1947,company,C01294,Fayoum Textile Cy,1.0,1.0,0.0,0.0,0.1181079537376144
1947,company,C01266,El Tawil Spinning & Weaving Cy,0.0,0.0,0.0,0.0,0.0
1947,company,C01541,cie 'rhe ~~gyptian Constwction & Engineering Cy,0.0,0.0,0.0,0.0,0.0
1947,company,C00275,Crédit Hypothécaire Agricole d'Egypte,1.0,1.0,0.0,0.0,0.17023139053379877
1947,company,C00026,Société Egyptienne de la Bourse Commerciale de Minet El Bassal,22.0,22.0,0.02218272996075147,0.0,0.21860169145470545
1947,company,C00736,Alexandria Life Insurance Co,17.0,19.0,0.008728029118698875,0.0,0.21098375372219302
1947,company,C00091,National Bank of Egypt,48.0,52.0,0.04093515963078561,0.0,0.2508995990209863
1947,company,C01388,S.A.E. «Carban,5.0,5.0,0.0,0.0,0.20328361672503267
1947,company,C00979,Société Cotonnière «Maarad» el de la Hamala Mining Co,5.0,5.0,0.0,0.0,0.20328361672503267
1947,company,C00997,"Société Egyptienne d'Entreprises et Constructions ( S.E.D.E.C.), S.A.E",2.0,2.0,0.0,0.0,0.14490039277486721
1947,company,C00356,"Pcltoms, S. A. E",0.0,0.0,0.0,0.0,0.0
1947,company,C01212,"Associated Industries, S.A.E",2.0,2.0,0.0,0.0,0.1600566407547671
1947,company,C01190,"-Général de l 'Electricitv and lee Supply Co., S.A.E",2.0,2.0,0.0,0.0,0.1600566407547671
1947,company,C00884,"PEgyplian Mining & Prospeclting Co., S.A.E",16.0,16.0,0.0036555883656926792,0.0,0.21373641973391772
1947,company,C01128,"Union A lr>..crmdrine, Grand Officier de la Co-uronne d'Italie, Chevalir>r Saints Ma-urice et Lazarr>",2.0,2.0,0.0,0.0,0.14490039277486721
1947,company,C01229,"Beida Dyers, S.A.E. et Administration· de la Sté. M isr ~""'i la ture Tissage Fin Cotton Egyptien",0.0,0.0,0.0,0.0,0.0
1947,company,C00739,The Anglo-Egyptian Mining Co,3.0,3.0,0.0018319767782304273,0.0,0.13890202240064578
1947,company,C00545,The Sheffield Co. (Egypt) S.A.E,1.0,1.0,0.0,0.0,0.11399858981305558
1947,company,C01192,"-Propriét~ire des «Fabriques ""de Glaces et Entrepôts Frigorifiques»",0.0,0.0,0.0,0.0,0.0
1947,company,C01293,Farghaly Cotton & Investment Cy,7.0,7.0,0.0018319767782304273,0.0,0.1821442478177206
1947,company,C01385,Sté. An. Eg. de Capitalisation L'Epargne,2.0,2.0,0.0018319767782304273,0.0,0.1208236680751821
1947,company,C01230,Béni Mazar Urbaine et Rurale,15.0,15.0,0.012673264013785834,0.0,0.18504887369654138
1947,company,C01454,Studios Al Ahram,0.0,0.0,0.0,0.0,0.0
1947,company,C00239,Banque Mi sr (Syrie-L.il.Jan),12.0,12.0,0.0,0.0,0.18407042624804676
1947,company,C00106,Société Egyptienne de Ciment Portland Tourah,9.0,10.0,0.003854792044715804,0.0,0.1844361290816522
1947,company,C00092,National Insurance Co,45.0,55.0,0.02809917610586488,0.0,0.25272101171805333
1947,company,C01363,Nouveaux Hôtels d'Egypte,2.0,4.0,0.0,0.0,0.003251445086705202
1947,company,C01222,Banque Tepeghiosi & Co,2.0,2.0,0.0,0.0,0.003251445086705202
1947,company,C01271,Egyptian Rubber & Shoes Industry,3.0,5.0,8.365190768175467e-06,0.0,0.004335260115606936
1947,company,C01272,Egyptia.n Sisal Ma.nufa.ctmi.n g Cy,1.0,1.0,0.0,0.0,0.0026011560693641614
1947,company,C00282,"Eastern Co., S.A.E",0.0,0.0,0.0,0.0,0.0
1947,company,C00345,National Contracting Co. of Egypt,2.0,2.0,0.0,0.0,0.1600566407547671
1947,company,C00065,The Egyptian Delta Land & Investment Cy,16.0,16.0,0.0027437825719615534,0.0,0.21373641973391772
1947,company,C01352,"National Starch Do., S.A.E. et Near East Produce Co., S.A.E",0.0,0.0,0.0,0.0,0.0
1947,company,C00428,Sté. Commerciale d'Egypte,0.0,0.0,0.0,0.0,0.0
1947,company,C01470,"Sté. Fouad 1er de la Lé,gislation de Statistique",4.0,4.0,0.0,0.0,0.16286465199607883
1947,company,C00154,Société d'Economie Politique,4.0,4.0,0.0,0.0,0.16286465199607883
1947,company,C01200,"Abou Zaabal ,& Kafr el Zayat Fertiliser· & Chemieal CY-.. (AKFAC)",11.0,11.0,0.0031318266976286813,0.0,0.17806812973995828
1947,company,C01440,Société d'Alimentation Générale,4.0,4.0,0.0,0.0,0.16286465199607883
1947,company,C00523,The Egyptian Land & Buildings Co,20.0,21.0,0.010201195664640556,0.0,0.20971276725398702
1947,company,C00779,Comptoir Commercial Economique,10.0,10.0,0.004149945345448421,0.0,0.199783755318002
1947,company,C01558,rrhe Electric Light & Power Supply Co,0.0,0.0,0.0,0.0,0.0
1947,company,C01243,"Cie. Immobilière d'8gypte, S.A.K",2.0,2.0,0.0,0.0,0.12965482072313536
1947,company,C01328,Lotus Navigation Cy,2.0,2.0,0.0018319767782304273,0.0,0.1450513306840077
1947,company,C01046,"Société des Autobus de Béhéra ct de Gharbieh, S.A.E",1.0,1.0,0.0,0.0,0.001445086705202312
1947,company,C01117,The United Bus Co,1.0,1.0,0.0,0.0,0.001445086705202312
1947,company,C01047,Société des Terrains de la Ville d'Alexandrie,1.0,1.0,0.0,0.0,0.16334226094621396
1947,company,C01247,Commercial & Agency Co. of Egypt Ltd,1.0,1.0,0.0,0.0,0.001445086705202312
1947,company,C01495,The Alexandria Manufacturing Co. Ltd,1.0,1.0,0.0,0.0,0.001445086705202312
1947,company,C00108,Société Anonyme Immobilière du Domaine de Siouf,0.0,0.0,0.0,0.0,0.0
1947,company,C01400,Société Agricole et Urbaine «Le Fayoum»,2.0,2.0,0.0,0.0,0.006165703275529864
1947,company,C01546,en nom de la Barda Cotton Cy,2.0,2.0,0.0,0.0,0.12636050585902667
1947,company,C01269,"«Edrei & Co., Ltd. »",2.0,2.0,0.0,0.0,0.12636050585902667
1947,company,C00121,"Société Immobilière d'Alexandrie, S.A.F",19.0,20.0,0.002961015874958171,0.0,0.21980943560638894
1947,company,C00009,Alexandria Water Company,32.0,34.0,0.017329881456271477,0.0,0.22660582173579724
1947,company,C00072,Filature Nationale d'Egypte,29.0,34.0,0.01119175980971425,0.0,0.22315589336001185
1947,company,C00141,Société Foncière d'Egypte,12.0,12.0,0.0024369422157723133,0.0,0.21162504172742766
1947,company,C00171,Egyptian Bonded Warehouses Co. Ltd,24.0,25.0,0.018232253713971584,0.0,0.21472517726545473
1947,company,C01514,The Levant Bonded Warehouses Co. (Palestine),6.0,6.0,0.0,0.0,0.17449784142437016
1947,company,C01552,"laSociété de Transports, Expéditions et Assurances <<Pharos», S.A.E",6.0,6.0,0.0,0.0,0.17449784142437016
1947,company,C00531,The Egyptian Petroleum Storage Co,8.0,9.0,0.0005410054359671359,0.0,0.18119619708086843
1947,company,C01208,"Alexandria Timber Trade Co., S.A.E. (en formation)",6.0,6.0,0.0,0.0,0.17449784142437016
1947,company,C00774,"Comptoir Auxiliaire d'Entreprises, S.A.E",0.0,0.0,0.0,0.0,0.0
1947,company,C01223,"Banque Zilkha, S.A.E",2.0,2.0,0.0018319767782304273,0.0,0.14627024942925146
1947,company,C01217,Banque,0.0,0.0,0.0,0.0,0.0
1947,company,C00915,"«Chaussu- res Bata», S.A.E",4.0,4.0,0.0,0.0,0.0077071290944123304
1947,company,C01349,National Metal Industries,25.0,25.0,0.01758096610114954,0.0,0.2145597495479929
1947,company,C00529,The Egyptian Road Construction,16.0,16.0,0.01479830350409076,0.0,0.19598772337318424
1947,company,C00463,Société Immobilière de Boulac,1.0,1.0,0.0,0.0,0.001445086705202312
1947,company,C01015,"Société Immobilière de Zamalek, S.A.E",1.0,1.0,0.0,0.0,0.001445086705202312
1947,company,C01338,Tb.e Mediterranean Co. for General Tracte (Egypt) S.A,3.0,3.0,0.0,0.0,0.15395166109082078
1947,company,C00507,"The Hinshelwood Paint & Oil Co. of Egypt, S.A.E",3.0,3.0,0.0,0.0,0.17170071203039133
1947,company,C00005,"The Alexa11- dria & Ramleh Raih,·ay Co. Ltd",13.0,13.0,0.003632004776679797,0.0,0.20007080094345892
1947,company,C01496,"The Alexandria T""r·ansport and lndustrial Co",1.0,1.0,0.0,0.0,0.15218500268486054
1947,company,C00103,Rosetta & Alexandria Rice Mills,22.0,22.0,0.01635668858481359,0.0,0.2029872849222265
1947,company,C01226,"Behrend ,& Co. Ltd",2.0,2.0,0.0,0.0,0.15395166109082078
1947,company,C00246,British Oil & Cake Mills Ltd,2.0,2.0,0.0,0.0,0.15395166109082078
1947,company,C00310,Grands Hôtels d'Egypte,11.0,11.0,0.0,0.0,0.19821961203793223
1947,company,C01414,"Société Egyptienne d'Industries Chimiques, S.A.E., Marsa Matrouh Salt & Potash Cy",0.0,0.0,0.0,0.0,0.0
1947,company,C00318,"Industrie Fibres Textiles, S.A.E",5.0,6.0,0.0015035081856305081,0.0,0.16144843763089553
1947,company,C01377,S.A. des Presses Libres,1.0,1.0,0.0,0.0,0.1641122892830258
1947,company,C00520,The Choremi Benachi Cotton Co,2.0,2.0,0.0,0.0,0.17023139053379877
1947,company,C01113,"The Simon Arzt Stores, S.A.E",0.0,0.0,0.0,0.0,0.0
1947,company,C01373,"Rye, Evans & Co. (Sudan) Ltd",1.0,1.0,0.0,0.0,0.15243489595692106
1947,company,C01365,Orient Linen Industry,9.0,10.0,0.0024511473804657907,0.0,0.20050291930402792
1947,company,C01353,National lnsurance Co. of Egypt (Branche-Vie),6.0,6.0,0.0,0.0,0.19502699923900196
1947,company,C00893,"Immobilia d'Egypte, S.A.E",15.0,17.0,0.0002813858543242753,0.0,0.20195689261297664
1947,company,C00148,Société Générale des Sucreries,28.0,35.0,0.006914125330061537,0.0,0.23092749163623116
1947,company,C00102,Raffinerie d'Egypte,42.0,53.0,0.023597901622016457,0.0,0.24386913740218455
1947,company,C00048,Société Anonyme des Eaux du Caire,15.0,18.0,0.003157101028094513,0.0,0.20845700218060986
1947,company,C00581,Usines Textiles Al-1\,0.0,0.0,0.0,0.0,0.0
1947,company,C01422,Société Egyptienne pour l'Industrie et le Commerce des,0.0,0.0,0.0,0.0,0.0
1947,company,C00176,Egyptian Hotels,5.0,5.0,0.001590811325726604,0.0,0.16257942493478972
1947,company,C01477,Société des Autobus de la Basse-Egypte,4.0,4.0,0.0018319767782304273,0.0,0.16126146781314116
1947,company,C01473,Sté. Nestor Gianaclis,3.0,3.0,0.0,0.0,0.161168145204453
1947,company,C01292,Etablissements Giacomo Cohenca Fils,0.0,0.0,0.0,0.0,0.0
1947,company,C01181,"'l'he Mercantile, Ship· ping & Coaling Co., Bianchi & Co. (Egypt) Ltd",2.0,2.0,0.0,0.0,0.002890173410404624
1947,company,C01515,"The Mercantile, Shipping & Coaling Co. Bianchi & Co. (Malta) Ltd",2.0,2.0,0.0,0.0,0.002890173410404624
1947,company,C01508,The Egyptian Star Navigation Co,2.0,2.0,0.0,0.0,0.002890173410404624
1947,company,C01417,Société Egyptienne de Teinture,1.0,2.0,0.0,0.0,0.0026011560693641614
1947,company,C00740,Apprêt,3.0,4.0,1.2547786152263202e-05,0.0,0.004335260115606936
1947,company,C01289,"Sté Eg. des Etablissements Bolanachi-Distillerie, S.A.E",14.0,14.0,0.0,0.0,0.2134088543396895
1947,company,C01276,Egyptian Engineering & Marine Cy,11.0,11.0,0.0,0.0,0.18603777883319625
1947,company,C00058,Crédit Immobilier Suisse-Egyptien,3.0,3.0,0.0036555883656926792,0.0,0.14900939267699026
1947,company,C00851,"Manufac- ture Egyptienne de Bonnelterie et Tricotage «EI-Nil», S.A.E",11.0,11.0,0.0,0.0,0.18346413367147216
1947,company,C01561,~stration de la Société Anonyme Egyptienne de Construction EOYCO,1.0,1.0,0.0,0.0,0.1433343051535228
1947,company,C01337,Marsa Matrouh Salt & Potash Cy,0.0,0.0,0.0,0.0,0.0
1947,company,C01471,Sté. Immobilière de l'Avenue de la Reine Nazli,1.0,1.0,0.0,0.0,0.15996470701510326
1947,company,C01262,Dakahlieh,2.0,2.0,0.0,0.0,0.1130270109226034
1947,company,C01182,'l'he Uniterl Bus Co,2.0,2.0,0.0,0.0,0.1130270109226034
1947,company,C01574,·ati.on de la Société Egyptienne de Teinture,1.0,1.0,0.0,0.0,0.0026011560693641614
1947,company,C01542,"cl'ccAl-Charkn (L'ORIENT), S.A.E. d'Assurances sur la Vie",0.0,0.0,0.0,0.0,0.0
1947,company,C01178,United Enterprises,2.0,2.0,0.0,0.0,0.11736138007302771
1947,company,C01529,The «<ntra» Tracte .& Industr,2.0,2.0,0.0,0.0,0.11736138007302771
1947,company,C01303,"The General Engineering .& Refrigeration Co. «Gerco"", S.A.E",5.0,5.0,0.0036555883656926792,0.0,0.1438525593560407
1947,company,C01166,«Commerciale» Cie. Nationale pour le Commerce,1.0,1.0,0.0,0.0,0.00760241266649912
1947,company,C00080,Industrie,9.0,9.0,0.00010874747998628108,0.0,0.013450422409959981
1947,company,C01114,The Simon,0.0,0.0,0.0,0.0,0.0
1947,company,C00804,"The Egyptian Aerated Water Company, Ltd",0.0,0.0,0.0,0.0,0.0
1947,company,C00459,Société Générale de Pressage,11.0,16.0,0.004926421390931735,0.0,0.17738761459445526
1947,company,C00280,Dépôts,11.0,16.0,0.004926421390931735,0.0,0.17738761459445526
1947,company,C00346,"The National Ginning Co. of Egypt, S.A.E",7.0,7.0,0.0010775233871813976,0.0,0.18002492237446333
1947,company,C00070,The Electricity & lee Supply Co,7.0,7.0,0.0018319767782304273,0.0,0.17559808002099292
1947,company,C01236,"Cairo Sand Bricks Co., de la Fluviale S.A.E",6.0,6.0,0.0,0.0,0.17548743220749513
1947,company,C01242,Chemical Industries Development,0.0,0.0,0.0,0.0,0.0
1947,company,C00324,Kafr El Zayat Land Co,3.0,3.0,0.0,0.0,0.15395166109082078
1947,company,C01218,"Banque Belge et Internationale en Egypte, S.A.E. ~aiomiris, Georges S., Médaille Balkanique 1912-1913",0.0,0.0,0.0,0.0,0.0
1947,company,C01321,"Hôtelière), Fond'lteur National Petroleum Co., S.A.E",0.0,0.0,0.0,0.0,0.0
1947,company,C01506,"The Egyptian Petroleum C9., et The Albert Mussa Agency ,& Stevedoring Co., S.A.E",0.0,0.0,0.0,0.0,0.0
1947,company,C00196,The Sinaï Mining Co. Ltd,0.0,0.0,0.0,0.0,0.0
1947,company,C00105,S.A. Agricole et Industrielle d'Egypte,3.0,3.0,0.0,0.0,0.004624277456647399
1947,company,C00145,Société Générale d'Electricité,3.0,8.0,0.0009138970914231698,0.0,0.15412205584576358
1947,company,C00088,Mécanique,3.0,8.0,0.0009138970914231698,0.0,0.15412205584576358
1947,company,C01466,Sté. Eg. pour la Déshydratation des Légumes,0.0,0.0,0.0,0.0,0.0
1947,company,C00033,Car ver Br os & Co Ltd,3.0,3.0,0.0,0.0,0.1388327791192895
1947,company,C00947,Sté. Egyptienne de la Bourse Commerciale de Minet El Bassal,3.0,3.0,0.0,0.0,0.1388327791192895
1947,company,C01077,The Amalgamated lee Factories &,0.0,0.0,0.0,0.0,0.0
1947,company,C00261,Commercial Bank of the Near East,0.0,0.0,0.0,0.0,0.0
1947,company,C01509,"The Engineering Co. of Egypt, Alexandria & Khartoum Trading Corporation",0.0,0.0,0.0,0.0,0.0
1947,company,C01254,"Comptoir Commercial Economi que, de la Société des Biens de Rapport d'Egypte",11.0,11.0,0.0,0.0,0.18603777883319625
1947,company,C00260,Commerce Hellénique,8.0,9.0,0.0,0.0,0.18334335412330138
1947,company,C00304,The Gharbieh Ginning Co,10.0,11.0,0.0036555883656926792,0.0,0.18358507245438022
1947,company,C01532,Tite Garbieh Ginning Co,2.0,2.0,0.0,0.0,0.1387636048397084
1947,company,C01545,diverses Sociétés,1.0,1.0,0.0,0.0,0.1694030139375272
1947,company,C00109,Société Anonyme de Wadi Kom Ombo,24.0,27.0,0.007317531755977834,0.0,0.21538944695537107
1947,company,C00056,Crédit Foncier Egyptien,22.0,25.0,0.007624679631184656,0.0,0.21406499224695985
1947,company,C00435,"Société Egyptienne des Industries Chimiques, S.A.E",0.0,0.0,0.0,0.0,0.0
1947,company,C01379,S.A. des Wagons Lits Iran,1.0,1.0,0.0,0.0,0.001445086705202312
1947,company,C01438,"Société Viticole et Vinicole d'Egypte, Représentant de la Cie. Internationale des Wagons-Lits en Egypte, en Palestine, Syrie, Irak et Iran",1.0,1.0,0.0,0.0,0.001445086705202312
1947,company,C00639,lu Société Cotonnière d'Egypte,4.0,4.0,0.0,0.0,0.18554200860312778
1947,company,C01564,"«Fermag,, de la S.A. Agricole et Industrielle d'Egypte",1.0,1.0,0.0,0.0,0.001445086705202312
1947,company,C01287,Etablissements,1.0,1.0,0.0,0.0,0.001445086705202312
1947,company,C01341,Misr Engineering Vl'orks & Transport Co,1.0,1.0,0.0,0.0,0.1415854371699516
1947,company,C01475,Sté. cclncorporated Industries»,3.0,3.0,0.0,0.0,0.004624277456647399
1947,company,C01290,Etablissements Giacomo Cohenca,3.0,3.0,0.0,0.0,0.004624277456647399
1947,company,C01453,Sté. Agricole et Fermière «Fermagn,4.0,4.0,1.2547786152263202e-05,0.0,0.005780346820809248
1947,company,C01534,Transport & Engineering Cy,13.0,13.0,0.0018319767782304273,0.0,0.1841921659479463
1947,company,C01325,Jardins et Vignobles d'Egypte,0.0,0.0,0.0,0.0,0.0
1947,company,C00291,"The Egyptian Independent Oil Co., S.A.E",15.0,15.0,0.000911805793731126,0.0,0.21357251143657574
1947,company,C00164,The Cairo Electric Railways and Heliopolis Oases Co,16.0,17.0,0.0014374729182793635,0.0,0.1924661747845852
1947,company,C00437,"Société Egyptienne de Filature et Tissage de la Laine, S.A.E",11.0,11.0,0.0,0.0,0.18346413367147216
1947,company,C01267,The Eastern Electric Cy,11.0,11.0,0.0,0.0,0.18346413367147216
1947,company,C00037,Compagnie d'Assurances «Al Charkl). w,11.0,12.0,0.0,0.0,0.18346413367147216
1947,company,C01020,Société Misr pour la Filature et le Tissage S.A. E,14.0,14.0,0.0026176541223358785,0.0,0.1904914876287926
1947,company,C01399,Société,11.0,11.0,0.0,0.0,0.18346413367147216
1947,company,C00584,"Société Viticole et Vinicole d'Egypte, S.A.E",12.0,12.0,0.004694319270749744,0.0,0.1904914876287926
1947,company,C00832,"Grands Magasins Cicurel, S.A.E",1.0,2.0,0.0,0.0,0.001445086705202312
1947,company,C01544,"«Le Scribe Egyptien», S.A.E",1.0,2.0,0.0,0.0,0.001445086705202312
1947,company,C00439,Société Egyptienne de Placements,7.0,7.0,0.0,0.0,0.15102958509397763
1947,company,C00101,S.A. des Presses Libres Egyptiennes,4.0,4.0,0.0036555883656926792,0.0,0.16646656001990123
1947,company,C01180,"Société d'Entreprises M. Cockinos, S.A.E",0.0,0.0,0.0,0.0,0.0
1947,company,C00317,"Industrie Meunière d'Alexandrie, S.A.E",5.0,5.0,0.0,0.0,0.16107493054557245
1947,company,C00248,Caisse Hypothécaire d'Egypte,2.0,2.0,0.0,0.0,0.17449784142437016
1947,company,C00153,Société d'Avances Commerciales,9.0,9.0,0.0012288655218536393,0.0,0.1554989139661054
1947,company,C00332,"Maison d'Ameublement B. Pontremoli, S.A.E",0.0,0.0,0.0,0.0,0.0
1947,company,C01274,Egyptian Cotton & Trading Co,16.0,16.0,0.0,0.0,0.20971276725398702
1947,company,C01464,Sté. Eg. de Minoterie et Silos,0.0,0.0,0.0,0.0,0.0
1947,company,C01311,Grands Magasins Chemla,2.0,2.0,0.0005960012760462443,0.0,0.1390407163820743
1947,company,C00508,The Aboukir Co,6.0,6.0,0.0,0.0,0.15029603611079048
1947,company,C01383,S.A.E. Sahel,1.0,1.0,0.0,0.0,0.10153064342446036
1947,company,C00874,Near,0.0,0.0,0.0,0.0,0.0
1947,company,C00825,là General Mo- tors Near East. S.A.E,0.0,0.0,0.0,0.0,0.0
1947,company,C00450,"Société Egyptienne pour l'Exploitation des Mines et Carrières, S. A.E",0.0,0.0,0.0,0.0,0.0
1947,company,C01436,"Société Nationale de Matières Plastiques, S.A.E",6.0,7.0,0.0018319767782304273,0.0,0.19723693690743258
1947,company,C00419,"Société Nationale du Papier, S.A.E",13.0,14.0,0.005630187638946229,0.0,0.21589035264596496
1947,company,C00123,Société Anonyme des Chemins de Fer de la Basse Egypte,4.0,4.0,0.0004695259012813083,0.0,0.1889406749750982
1947,company,C00210,& Engineering Co,0.0,0.0,0.0,0.0,0.0
1947,company,C01549,et Secretaire de la . Sté. Edrei .& Co. Lt.d,0.0,0.0,0.0,0.0,0.0
1947,company,C00339,Misr,0.0,0.0,0.0,0.0,0.0
1947,company,C00795,Société du Crédit Alexandrin,1.0,1.0,0.0,0.0,0.13759810025360414
1947,company,C00735,"Alexandria Commercial Co., S.A.E. el de la S.A.E. d'E- grenage & d'Enlrepôls",8.0,8.0,0.0,0.0,0.18906894427243365
1947,company,C00368,S.A. Immobilière des Ter- rains Guizeh et Rodah,11.0,12.0,0.0012476787506221065,0.0,0.18984223238806733
1947,company,C00151,Société Orientale de Publicité,11.0,12.0,0.0012476787506221065,0.0,0.18984223238806733
1947,company,C01378,"S.A. des Presses Libres Egyptiennes, de l'Alexandria Life Insurance Co. S.A.E",8.0,8.0,0.0,0.0,0.18906894427243365
1947,company,C01395,Soc. Egypt. de la Bourse Commerciale de M.E.B,8.0,8.0,0.0,0.0,0.18906894427243365
1947,company,C00084,Land Bank of Egypt,23.0,23.0,0.016171741438930534,0.0,0.23305318402786174
1947,company,C01501,The Cairo Electr,2.0,2.0,0.0,0.0,0.13578671619370783
1947,company,C01261,Daira Assaad Bassili Pacha,0.0,0.0,0.0,0.0,0.0
1947,company,C01232,Building & Engineering Supplies Co,2.0,2.0,0.0,0.0,0.1475098278142451
1947,company,C00289,Egyptian Finance Co,27.0,33.0,0.008784068864085129,0.0,0.22423394115402157
1947,company,C01503,The Consolidated Landed In- terests (Egypt),2.0,2.0,0.0,0.0,0.003251445086705202
1947,company,C01157,"lU- nitas Trading & Financial Co., S.A.E",3.0,3.0,8.365190768175467e-06,0.0,0.004335260115606936
1947,company,C00069,Egyptian Salt & Soda,11.0,11.0,0.002710550368482348,0.0,0.19326756066155085
1947,company,C01465,Sté. Eg. des Emballages Economiques,1.0,1.0,0.0,0.0,0.1482163677026582
1947,company,C00445,Société Egyptienne pour l'Industrie de Bonneterie,20.0,21.0,0.0019708172502017765,0.0,0.21998306075299745
1947,company,C01028,"Société Misr pour l'Industrie Pharmaceutique, S.A.E",7.0,7.0,0.00024075762341706022,0.0,0.1986437624203244
1947,company,C00038,Clothing & Equipment Co,26.0,28.0,0.003085945651901539,0.0,0.21706824233304345
1947,company,C00888,"The Upper Egvpt Holelé Co., S.A",12.0,12.0,0.0,0.0,0.18407042624804676
1947,company,C00763,Cheikh Fadl,12.0,12.0,0.0,0.0,0.18407042624804676
1947,company,C01215,Auberges d'Egypte,12.0,13.0,0.0,0.0,0.18407042624804676
1947,company,C00465,Société Misr d'Assurances Générales,14.0,14.0,0.0010684175378122133,0.0,0.19220052098916132
1947,company,C00488,Société Misr de Navigation Maritime,12.0,12.0,0.0,0.0,0.18407042624804676
1947,company,C01034,Société Misr pour l'Industrie et le Commerce des Huiles,12.0,12.0,0.0,0.0,0.18407042624804676
1947,company,C01026,Société Misr des Mines et Carrières,12.0,12.0,0.0,0.0,0.18407042624804676
1947,company,C01415,Société Egyptienne de Cimeut,0.0,0.0,0.0,0.0,0.0
1947,company,C00133,Société Egyptienne d'Egrenage,4.0,4.0,0.0,0.0,0.15386660492447227
1947,company,C00071,Entrepôts,4.0,4.0,0.0,0.0,0.15386660492447227
1947,company,C00483,Sté. des Produits Centrifugés en Ciment,9.0,9.0,0.0017071951192539985,0.0,0.1886846578003352
1947,company,C00184,The United Egyptian Nile Transport Co,0.0,0.0,0.0,0.0,0.0
1947,company,C01563,«Edrei & Co. Ltd.n,0.0,0.0,0.0,0.0,0.0
1947,company,C01516,"National Theaters Cy, S.A.E",5.0,5.0,0.0,0.0,0.1741704533541556
1947,company,C00886,Platrières de Ballah,7.0,7.0,0.0021892489840074593,0.0,0.17626490817297136
1947,company,C00914,S.A.E. «Almina''·,0.0,0.0,0.0,0.0,0.0
1947,company,C00808,"Egyptian Rie€ .& Flour Mills Co., S.A.E",2.0,2.0,0.0,0.0,0.15690059431734918
1947,company,C01350,National Plastics Co,1.0,1.0,0.0,0.0,0.1306891388612364
1947,company,C01361,Nile Brewery,0.0,0.0,0.0,0.0,0.0
1947,company,C00182,The Union Cotton Company of Alexandria,14.0,14.0,0.0036555883656926792,0.0,0.1897129120662771
1947,company,C00472,"Société de Ciment Portland de Hélouan, S.A.E",0.0,0.0,0.0,0.0,0.0
1947,company,C01452,Standard Oil Oil Co. of Egypt,11.0,11.0,0.0,0.0,0.18603777883319625
1947,company,C00340,"Misr Airworks, S.A.E",15.0,15.0,0.0018319767782304273,0.0,0.21357251143657574
1947,company,C00863,"The Misr Shipping, S.A.E",1.0,1.0,0.0,0.0,0.1598728788250831
1947,company,C00572,"Toukhy's Co. for Sundries & Toys, S.A.E",0.0,0.0,0.0,0.0,0.0
1947,company,C00165,The Cairo Elec- trie Railwavs & Heliopolis Oases Co. el de The African En- terprises & Development Co,2.0,2.0,0.0,0.0,0.002890173410404624
1947,company,C00393,Société Egyptienne d'Electricité,2.0,2.0,0.0,0.0,0.002890173410404624
1947,company,C00645,denombreuses Sociétés belges et étrangères,2.0,2.0,0.0,0.0,0.002890173410404624
1947,company,C01576,"·ation de la Société de Ciment Portland de Helouan, S.A.E. et dP la Société «Egyptian Cement Productsn",0.0,0.0,0.0,0.0,0.0
1947,company,C00245,Bourse des Valeurs d'Alexandrie,0.0,0.0,0.0,0.0,0.0
1947,company,C00494,"The Standard Oil Company of Egypt, S.A",2.0,2.0,0.0,0.0,0.14370410470242248
1947,company,C01304,General Navigation Co. of Egypt,0.0,0.0,0.0,0.0,0.0
1947,company,C00059,Dakahlieh Land Co,7.0,7.0,0.0036555883656926792,0.0,0.179444945176092
1947,company,C01259,Crédit Hypothécaire Egyptien,1.0,1.0,0.0,0.0,0.17023139053379877
1947,company,C01256,Consuivantes,0.0,0.0,0.0,0.0,0.0
1947,company,C01448,Sociétés suivantes,2.0,2.0,0.0,0.0,0.16276946517433943
1947,company,C01371,Pool des Egreneurs,2.0,2.0,0.0,0.0,0.16276946517433943
1947,company,C01250,"Compagnie Commerciale Cotonnière, S.A.E. (Ex-Fenderl & Co.}",0.0,0.0,0.0,0.0,0.0
1947,company,C00116,S.A.I. des Terrains Ghizeh et Rodah,2.0,2.0,0.0,0.0,0.1319898364517985
1947,company,C00006,Alexandria Commercial Co,2.0,2.0,0.0,0.0,0.1319898364517985
1947,company,C01513,The Land-House Corp,1.0,1.0,0.0,0.0,0.005138086062941554
1947,company,C00293,"The Egyptian Works & Construction Co., S.A.E",5.0,5.0,2.9278167688614137e-05,0.0,0.008407777193904361
1947,company,C01394,SoJciété Egyptienne de Ciment Portland Tourah,0.0,0.0,0.0,0.0,0.0
1947,company,C01314,Gérance,0.0,0.0,0.0,0.0,0.0
1947,company,C01288,Etablissements Bamco,0.0,0.0,0.0,0.0,0.0
1947,company,C01410,Société Egyptienne de Constructions Modernes «Al Chams» S.A.E,0.0,0.0,0.0,0.0,0.0
1947,company,C01070,Technique de The Dakahlieh Land Co,0.0,0.0,0.0,0.0,0.0
1947,company,C00296,Filature Nationale d’'E- gypte,6.0,6.0,0.0,0.0,0.18666122983464795
1947,company,C00423,Société Egyptienne des Industries Textiles,19.0,20.0,0.0014166832021019222,0.0,0.21843023914768217
1947,company,C00268,ComptoiJ' pour la Vente des Filés Egyptiens,8.0,8.0,0.00047903337417234455,0.0,0.19023125335607569
1947,company,C01403,"Société Anonyme Egyptienne «Carban, de The Egyptian Copper Works",6.0,6.0,0.0,0.0,0.18666122983464795
1947,company,C00987,"Société Egyptienm des Industries Textiles, S.A.E",2.0,3.0,0.0,0.0,0.16858266035913727
1947,company,C01375,S.A. des Drogueri~s d'Egypte,0.0,0.0,0.0,0.0,0.0
1947,company,C00374,S.A. des Bières Bomonti & Pyramides,0.0,0.0,0.0,0.0,0.0
1947,company,C01366,The Oriental Bond Stores,5.0,5.0,0.0036555883656926792,0.0,0.1876674898337566
1947,company,C00357,S.A.E. Peltours,0.0,0.0,0.0,0.0,0.0
1947,company,C00046,Communauté Israélite d'Alexandrie,8.0,9.0,0.0004337113570352478,0.0,0.1975167056122658
1947,company,C01569,«Nemcon,0.0,0.0,0.0,0.0,0.0
1947,company,C01322,Import & Export Bank of Egypt,26.0,26.0,0.010830678052767351,0.0,0.22120615958164794
1947,company,C01462,"Dél. Sté Commerciale Ex-Import, S.A.E",0.0,0.0,0.0,0.0,0.0
1947,company,C00833,Grieve & Irwin Ltd,2.0,2.0,0.0,0.0,0.00760241266649912
1947,company,C01517,The Near East Cleaning Co. Ltd,8.0,8.0,7.528671691357921e-05,0.0,0.012489677952105697
1947,company,C01279,"Egyptian Plastics .& Electrical Industries, S.A.E. et Universal Modern Office Equipment Co",2.0,2.0,0.0,0.0,0.00760241266649912
1947,company,C00319,Industrie du Froid,0.0,0.0,0.0,0.0,0.0
1947,company,C00478,Société des Autobus de Béhéra,7.0,8.0,0.0018319767782304273,0.0,0.16276946517433943
1947,company,C00303,"Gharbieh, S.A.E",1.0,2.0,0.0,0.0,0.12959448809366905
1947,company,C01538,Zeitoun Canning & Food Cy,1.0,1.0,0.0,0.0,0.001445086705202312
1947,company,C01446,Sociétés,0.0,0.0,0.0,0.0,0.0
1947,company,C01567,«Koldair»,0.0,0.0,0.0,0.0,0.0
1947,company,C01463,Sté. Eg. de,0.0,0.0,0.0,0.0,0.0
1947,company,C00575,"Trading & Industrial Corp., S.A.E",0.0,0.0,0.0,0.0,0.0
1947,company,C01205,The Alexandria Spinning & Weaving Co,0.0,0.0,0.0,0.0,0.0
1947,company,C01202,"Ad- administration de «Le Scribe Egyptien», S.A.E",0.0,0.0,0.0,0.0,0.0
1947,company,C00396,"Société Egyptienne de Tuyaux, Poteaux et Produits en Ciment Armé (Système Siegwart)",6.0,6.0,0.0,0.0,0.185295113049431
1947,company,C01316,Haseld•m& Co. Ltd,0.0,0.0,0.0,0.0,0.0
1947,company,C01566,«Koldairn,3.0,3.0,0.0,0.0,0.16024082561179215
1947,company,C00675,~t- tion de la Sidi Salem Co,0.0,0.0,0.0,0.0,0.0
1947,company,C01265,"Dél. de-3 Usines El Chorbagui, S.A.E",0.0,0.0,0.0,0.0,0.0
1947,company,C00903,S.A. des Maga- sins Egypliens Régime Bond,1.0,1.0,0.0,0.0,0.001445086705202312
1947,company,C01358,Near East Superintending Co. Ltd,1.0,1.0,0.0,0.0,0.001445086705202312
1947,company,C01295,Fayoum Textih~ Cy,13.0,13.0,0.0,0.0,0.18945479926074474
1947,company,C01577,·la Sté. Egyptienne des Em· hallages Economiques,1.0,1.0,0.0,0.0,0.001445086705202312
1947,company,C00457,Société Française de,1.0,1.0,0.0,0.0,0.001445086705202312
1947,company,C00524,"The Egyptian Copper Works, S.A.E",27.0,29.0,0.012161644952773934,0.0,0.22138199913616438
1947,company,C01198,ccKarnab Ttm Cotton Spinning Weaving & Dyeing Co,0.0,0.0,0.0,0.0,0.0
1947,company,C01234,"B~i­ da Dyers, S.A.E",1.0,1.0,0.0,0.0,0.001445086705202312
1947,company,C01500,"The Bradford Dyers Association Li- mited, Bradfül'd, England. ·",1.0,1.0,0.0,0.0,0.001445086705202312
1947,company,C00067,Egyptian Markets,0.0,0.0,0.0,0.0,0.0
1947,company,C00203,~u Comptoir des Ciments,0.0,0.0,0.0,0.0,0.0
1947,company,C01490,"S·Jciété Egyptienne de Tuyaux, Poteaux et Pl'oduits en Ciment Al'mé !Système Sieg\\al't)",0.0,0.0,0.0,0.0,0.0
1947,company,C01359,Ni le Brewery,0.0,0.0,0.0,0.0,0.0
1947,company,C01176,«Zama.»,0.0,0.0,0.0,0.0,0.0
1947,company,C01306,"Gl""ieve & lnYin Ltd",6.0,6.0,0.0,0.0,0.010928468208092484
1947,company,C01329,Ltion de The Merchants' .& Manufacturers' Insurance Cn. Ltd. London,6.0,6.0,0.0,0.0,0.010928468208092484
1947,company,C01312,Grieve & InYin Ltd. lsherwood,6.0,6.0,0.0,0.0,0.010928468208092484
1947,company,C00434,Société Egyptienne Financière pour le Commerce,6.0,6.0,0.0,0.0,0.010928468208092484
1947,company,C01327,"Lancashir~ - ( Egyptian) Cotton Co. Ltd. (Manchester). lskandar Said Eff., Administration de The Upper Egypl Buq, S.A.E",6.0,6.0,0.0,0.0,0.010928468208092484
1947,company,C00925,So- ciélé Coopéralive Commerciale de Crédit,6.0,6.0,0.0,0.0,0.16267438955215816
1947,company,C01305,"Gharbieh. lsmalun, René, Ingénieur A.gronome",6.0,6.0,0.0,0.0,0.16267438955215816
1947,company,C01273,Egyptian Bonded V\'arehouses Co. Ltd .. MemlJre du Conseil d'Administration de The Land Bank nf Egypt,6.0,6.0,0.0,0.0,0.16267438955215816
1947,company,C00094,New Egyptian Co,12.0,13.0,0.0030073265970559726,0.0,0.20035867259949267
1947,company,C00130,Société Belge-Egyptienne de l'Ezbékieh,12.0,13.0,0.0030073265970559726,0.0,0.20035867259949267
1947,company,C01374,"S.A. Bières Bomonti & Pyramides. lzzel Dine Omar, Administration Sté. Orientale Cinéma",0.0,0.0,0.0,0.0,0.0
1947,company,C00185,The Upper Egypt Hotels,3.0,3.0,0.0,0.0,0.1764883110984124
1947,company,C01382,S.A. ritJs Monts de Piété Egyptiens,2.0,2.0,0.0,0.0,0.17449784142437016
1947,company,C00030,Cairo Sand Bricks,6.0,6.0,0.002286099214631078,0.0,0.17784071194974124
1947,company,C01315,Hamata Mining Company,3.0,3.0,0.0,0.0,0.17075325255260257
1947,company,C00378,S.A. des Drogueries d'Egypte,12.0,13.0,0.0035559178782587084,0.0,0.15446397943055729
1947,company,C00839,Near East Finance Co,1.0,1.0,0.0,0.0,0.12427423244680713
1947,company,C01391,"Salvage ·& Marine Cy. of Egypt, S.A.E",0.0,0.0,0.0,0.0,0.0
1947,company,C01474,Sté. Orientale Cinéma,0.0,0.0,0.0,0.0,0.0
1947,company,C01408,Société Co-opérative des Pétroles,1.0,1.0,0.0,0.0,0.001445086705202312
1947,company,C00912,S.A.E. des Anciens Etablissements Hovaghimian,1.0,1.0,0.0,0.0,0.001445086705202312
1947,company,C01402,Société AnonymP. Egyptienne de la Jute Co,0.0,0.0,0.0,0.0,0.0
1947,company,C01491,The,0.0,0.0,0.0,0.0,0.0
1947,company,C01450,Socjété des Omnibus de Fayoum,1.0,1.0,0.0,0.0,0.12863674591838095
1947,company,C00704,Société Misr pour l'Egrenage du Coton,8.0,8.0,0.0,0.0,0.18842933350019944
1947,company,C01057,Société Misr de Transport,12.0,13.0,0.0020862578958330243,0.0,0.19892753922378198
1947,company,C01354,Navigation,12.0,13.0,0.0020862578958330243,0.0,0.19892753922378198
1947,company,C01124,"Tissage, S.A.E",23.0,25.0,0.0021178094735602765,0.0,0.21538944695537107
1947,company,C01435,Société Misr pour les Pêcheries,8.0,8.0,0.0,0.0,0.18842933350019944
1947,company,C01431,Société Misr de Tissage de Coton à Kafr el Dawar,8.0,8.0,0.0,0.0,0.18842933350019944
1947,company,C01241,Chemical Industries Cy. <<C.I.C.n,0.0,0.0,0.0,0.0,0.0
1947,company,C00500,Sénat,9.0,9.0,0.0,0.0,0.19667977041899348
1947,company,C01163,"«A]-Chark» (L'Orient), S.A.E",9.0,9.0,0.0,0.0,0.19667977041899348
1947,company,C00140,Société Financière et Industrielle d'Egypte,18.0,18.0,0.008003286663067394,0.0,0.21538944695537107
1947,company,C01297,Filatul.'e Misr Kafr Da·war,9.0,9.0,0.0,0.0,0.19667977041899348
1947,company,C01194,-iGénéral de la S.A. AgT1- cole et Industrielle d'Egypte,1.0,1.0,0.0,0.0,0.0033030553261767133
1947,company,C01249,Communauté Orthodoxe Egyptienne,7.0,7.0,0.0,0.0,0.1729804688902452
1947,company,C01231,Bourse des Marchandises d'Alexan- drie,7.0,7.0,0.0,0.0,0.1729804688902452
1947,company,C00015,The Associated Cotton Ginners,7.0,7.0,0.0,0.0,0.1729804688902452
1947,company,C00626,S.A. Pharos,7.0,7.0,0.0,0.0,0.1729804688902452
1947,company,C00025,"Banque Mosséri, S.A.E",14.0,14.0,0.00586108932919045,0.0,0.1993547279264816
1947,company,C00909,S.A.E. Financière et Immobilière,3.0,3.0,0.0,0.0,0.1527693663814014
1947,company,C01418,"Société Egyptienne de Tissage et Tricotage, de la Société Franco-Egyptienne d'Importation",3.0,3.0,0.0,0.0,0.1527693663814014
1947,company,C01235,à la Cairo Electric Rys & Heliopolis Oases Co,0.0,0.0,0.0,0.0,0.0
1947,company,C00241,Banque de Commerce N. Tepeghiosi & Co,0.0,0.0,0.0,0.0,0.0
1947,company,C00060,"Delta Trading Co., S.A.E",1.0,1.0,0.0,0.0,0.15352731803378983
1947,company,C01224,"Banque d'Athènes en Egypte, en Angleterre et à Chypre",2.0,2.0,0.0,0.0,0.16557583526355218
1947,company,C00075,Gabbari Land Co,28.0,30.0,0.010528586141234276,0.0,0.22369361840425284
1947,company,C01497,The Alexandria Water Co. et The Alexandria Transport.& Industrial Gy,2.0,2.0,0.0,0.0,0.16557583526355218
1947,company,C00266,"Cie. d'Eclairage par le Gaz, Lebon& Co",0.0,0.0,0.0,0.0,0.0
1947,company,C00160,Syndicat des Obligataires de la Société Générale des Sucreries,3.0,3.0,0.0,0.0,0.1764883110984124
1947,company,C00770,Commerce Française du Caire,3.0,3.0,0.0,0.0,0.1764883110984124
1947,company,C00512,"The Amalgamated lee Factories & Cold Stores, S.A.E",0.0,0.0,0.0,0.0,0.0
1947,company,C00014,The Anglo-Egyptian Land Allotment Co,12.0,14.0,0.0016716582143357951,0.0,0.15734381633519479
1947,company,C00031,The Cairo Suburban Building Land Co,8.0,10.0,9.57825913825626e-05,0.0,0.15111153277986694
1947,company,C01511,"The Gharbieh Land Co. levi, 1. G., D1·. en Droit, Or-che du Nil, Medjidieh, Couronne de",3.0,3.0,0.0,0.0,0.14136982482908364
1947,company,C00192,United Egyptian Salt,16.0,16.0,0.007363608041321868,0.0,0.20629522586169982
1947,company,C00162,The Alexandria Central Buildings,12.0,12.0,0.0018498151451107137,0.0,0.19286603525851437
1947,company,C00007,The Alexandria Navigation Co,16.0,17.0,0.001556813895999554,0.0,0.19502699923900196
1947,company,C00235,Banca Commerciale Italiana per l'Egitto,9.0,9.0,0.0,0.0,0.18628665880487946
1947,company,C01071,"Teinturerie Franco-Egyptienne, S.A.E",9.0,9.0,0.0,0.0,0.18628665880487946
1947,company,C01357,Near East Produce Trading Co. S.A.E,0.0,0.0,0.0,0.0,0.0
1947,company,C01572,«Siburn,1.0,1.0,0.0,0.0,0.001445086705202312
1947,company,C01263,Dél. <<Al Charkn,1.0,1.0,0.0,0.0,0.001445086705202312
1947,company,C01085,The Cho- remi Benachi & Co. (Liverpool),0.0,0.0,0.0,0.0,0.0
1947,company,C01443,Société des Autobus du,0.0,0.0,0.0,0.0,0.0
1947,company,C00813,The Alexandria Engineering Work (ex-,5.0,5.0,0.0,0.0,0.18566570327552986
1947,company,C00868,The National Bank of Egvpl,1.0,1.0,0.0,0.0,0.14348199634894115
1947,company,C01281,Egyptian Road Transport Company S.A.E,9.0,9.0,0.0018319767782304273,0.0,0.185295113049431
1947,company,C01018,"Société Industrielle et Commerciale d'Egypte (S.I.C.O.), S.A.E",8.0,8.0,0.0,0.0,0.1851719115114992
1947,company,C00010,Alexandria Exchange Co,3.0,3.0,0.0008046987821176108,0.0,0.16042543485788868
1947,company,C00425,Société California Egyptienne des Pétroles,1.0,1.0,0.0,0.0,0.1216150894817881
1947,company,C00543,"The Nile Ginning Co., S.A.E",1.0,1.0,0.0,0.0,0.001445086705202312
1947,company,C01333,"Maison Peel & C·J. Ltd., de Minieh Ginning Co. Ltd",1.0,1.0,0.0,0.0,0.001445086705202312
1947,company,C00916,«Fluviale» S.A.E,1.0,1.0,0.0,0.0,0.001445086705202312
1947,company,C01041,Société Zoologi que d'Egypte,0.0,0.0,0.0,0.0,0.0
1947,company,C00766,Cie. Générale des Pétroles (COGEP),0.0,0.0,0.0,0.0,0.0
1947,company,C01184,- tion de la Société Industrielle & Commerciale d'Egypf.e(S.I.C.O.),0.0,0.0,0.0,0.0,0.0
1947,company,C01458,Sté. Agricole et Fe1·mière Fermag et dè The Upper Egypt Hotels,0.0,0.0,0.0,0.0,0.0
1947,company,C01406,Société Bolanachi,0.0,0.0,0.0,0.0,0.0
1947,company,C01280,Egyptian Rice Mills et Near East Produce Trading Cy,0.0,0.0,0.0,0.0,0.0
1947,company,C01199,AKFAC,0.0,0.0,0.0,0.0,0.0
1947,company,C01066,Syndical de l'industrie Egvplien- ne du Riz,1.0,1.0,0.0,0.0,0.15386660492447227
1947,company,C01476,Sté. de Bienfaisance A.rrnénienne Catholique d'Alexandrie,1.0,1.0,0.0,0.0,0.001445086705202312
1947,company,C01369,PatTiarcal -A nnénien Catholique d'Alexandrie,1.0,1.0,0.0,0.0,0.001445086705202312
1947,company,C00590,au Consortium de Loteries (F.A.E.P.A.E.),2.0,2.0,0.0,0.0,0.007947976878612716
1947,company,C01411,Société Egyptienne Financière pour leti·atio~ Con~­ merce,2.0,2.0,0.0,0.0,0.007947976878612716
1947,company,C01389,S.A.E. «Chaw,0.0,0.0,0.0,0.0,0.0
1947,company,C00810,Etablissements Industriels pour la Soie et le Coton,18.0,18.0,0.007957450746598064,0.0,0.1946181376053772
1947,company,C01239,Cen .. tral Trading Co,3.0,3.0,0.0,0.0,0.14370410470242248
1947,company,C00876,Nile Cold Storage 1& lee Co,4.0,4.0,0.0018319767782304273,0.0,0.143778293708464
1947,company,C01245,Comite de Surveillance de The E- gyptian Delta Rice Mills Co. (N. Yamodis & Co.),0.0,0.0,0.0,0.0,0.0
1947,company,C01252,Comptoir Belga,0.0,0.0,0.0,0.0,0.0
1947,company,C00362,Port-Said Salt Association Ltd,0.0,0.0,0.0,0.0,0.0
1947,company,C00473,"Société de Métallurgie Egyptienne, S. A. E",2.0,2.0,0.0,0.0,0.1607959323979762
1947,company,C01512,The Hin,2.0,2.0,0.0,0.0,0.14001938406902703
1947,company,C00855,"Maison de la Petite Reine, S.A.E",2.0,2.0,0.0,0.0,0.14001938406902703
1947,company,C01401,Société Agricole et Urbaine ceLe Fayoum»,2.0,2.0,0.0,0.0,0.14908916215915138
1947,company,C01238,Carmel Gard~ws(Terrains en Palestine),2.0,2.0,0.0,0.0,0.14908916215915138
1947,company,C01246,CommPt' cial Bank of The Near East,0.0,0.0,0.0,0.0,0.0
1947,company,C01554,"la«Almina>>,S.A.E",0.0,0.0,0.0,0.0,0.0
1947,company,C00937,So- ciété des Aulobus de Charkieh el Dakabhlieh,1.0,1.0,0.0,0.0,0.001445086705202312
1947,company,C01527,The Upp,1.0,1.0,0.0,0.0,0.001445086705202312
1947,company,C01351,"National Starch Co., S.A.E",2.0,2.0,0.0,0.0,0.14627024942925146
1947,company,C01268,Eastern Electric Cy. et Sté. Eg·. Deshydratation Légumes,2.0,2.0,0.0,0.0,0.14627024942925146
1947,company,C01270,"Eg. Cy. for International Tracte «Ecit,,_",0.0,0.0,0.0,0.0,0.0
1947,company,C01342,"Misr Navigation Co., de M.L. Franco& Co. (S. Pinto & Co. Succrs.), de la Société Orientale de Navigation, de Food Products. S.A.E",13.0,13.0,0.0,0.0,0.18945479926074474
1947,company,C01264,Dél. Sté. Osines El,0.0,0.0,0.0,0.0,0.0
1947,company,C00383,S.A. des Monts de Piété Egyptiens,0.0,0.0,0.0,0.0,0.0
1947,company,C01483,Surveillance de la M. L. Franco & Co. - S. Pinto & Co. Succrs,0.0,0.0,0.0,0.0,0.0
1947,company,C00247,Cairo Land & Financial Co,4.0,4.0,0.0,0.0,0.14680999204707157
1947,company,C00012,Anglo-Belgian Co. of Egypt,7.0,7.0,0.007194560185307938,0.0,0.18603777883319625
1947,company,C00536,Fayoum Light Railways Co,4.0,4.0,0.0,0.0,0.14680999204707157
1947,company,C01210,Anglo-Egyptian l~and Allotment Co,2.0,2.0,0.0,0.0,0.17265874452157146
1947,company,C00097,Palestine Hotels Co. Ltd,11.0,11.0,0.0,0.0,0.19821961203793223
1947,company,C01489,Syndicat ctes Obligataires de la Société GénA· rale des Sucreries,11.0,11.0,0.0,0.0,0.19821961203793223
1947,company,C00127,Tramways d'Alexandrie,22.0,22.0,0.004983105006267651,0.0,0.20971276725398702
1947,company,C01195,"1 d'Administration de The Simon Arzt Stores, S.A.E",0.0,0.0,0.0,0.0,0.0
1947,company,C01193,"-ation de la Misr Al•' work, S.A.E",0.0,0.0,0.0,0.0,0.0
1947,company,C00469,Société Texas Egyptienne des Pétroles,6.0,6.0,0.0,0.0,0.15029603611079048
1947,company,C00029,Building Lands of Egypt,5.0,5.0,0.0,0.0,0.16107493054557245
1947,company,C00200,Banque d'Athènes,20.0,21.0,0.007866095983858694,0.0,0.21308229144092944
1947,company,C00511,The Alexandria Cotton Trading Co,9.0,9.0,0.0016321070812328144,0.0,0.18842933350019944
1947,company,C01487,"Surveillance de«Allen & Co.""",5.0,5.0,0.0,0.0,0.16107493054557245
1947,company,C01573,«The British Egyptian Automobile Got·- . pot<,5.0,5.0,0.0,0.0,0.16107493054557245
1947,company,C00993,Société Egyp- tienne des Placements,2.0,2.0,0.0,0.0,0.1589603623934331
1947,company,C00273,Crédit,9.0,9.0,0.002028744473647825,0.0,0.16616858885041455
1947,company,C01548,"et Adut. Dé!. de la Société Nationale du Papier, S.A.E",1.0,1.0,0.0,0.0,0.15053975941259176
1947,company,C01398,Sociéte,0.0,0.0,0.0,0.0,0.0
1947,company,C01207,"Alexandria Pressing Co., de The Upper Egypt Ginning Co",2.0,2.0,0.0,0.0,0.142527407836896
1947,company,C00385,Société des Terres Rares d'Egypte,2.0,2.0,0.0,0.0,0.142527407836896
1947,company,C01319,"Helwan Land Cy. Na.sr, Max Anis, Administl·atem Sté. Orientale Cinéma",0.0,0.0,0.0,0.0,0.0
1947,company,C01560,uNemCO»,1.0,1.0,0.0,0.0,0.001445086705202312
1947,company,C01575,"·ation de The Hin· shelwood Paint & Oil Co. of Egypt, S.A.E",0.0,0.0,0.0,0.0,0.0
1947,company,C00047,Compagnie Frigorifique d'Egypte,4.0,5.0,0.00010430652797797205,0.0,0.1871630073342035
1947,company,C00838,the Alexandria Navigation Co. Lid. (London),8.0,8.0,0.0,0.0,0.1851719115114992
1947,company,C00477,Société des Autobus d'Alexandrie,8.0,8.0,0.0,0.0,0.1851719115114992
1947,company,C01444,Société des Autobus du Nord de la General Navigation Cy. of Egypt,8.0,8.0,0.0,0.0,0.1851719115114992
1947,company,C00295,"Fabrique des Produits Chimiques, S.A.E",0.0,0.0,0.0,0.0,0.0
1947,company,C01036,Société Pharos,3.0,3.0,0.0,0.0,0.16827707245516302
1947,company,C00696,' tration de la S.A.E. «Carban,1.0,1.0,0.0,0.0,0.11726254943717675
1947,company,C00422,"Société Egyptienne de Constructions, S.A.E. (Egyco)",16.0,16.0,0.0019357546285006671,0.0,0.199783755318002
1947,company,C01578,·ta Sociétt Générale des Sucreries,2.0,2.0,0.0,0.0,0.18407042624804676
1947,company,C01225,Barclays Bank (D.C. & O.) à AlPxandrie,0.0,0.0,0.0,0.0,0.0
1947,company,C01175,«Sibur)),1.0,1.0,0.0,0.0,0.12092859527281578
1947,company,C01291,Etablissements Giacomo Cohenca Fiis Incorporated Inâustries,0.0,0.0,0.0,0.0,0.0
1947,company,C01174,"""Nestor Gianaclis (Agricultural & Commercial. Limitedn",1.0,1.0,0.0,0.0,0.14657818679647094
1947,company,C00885,"Pinto Cotton Co., S.A.E",4.0,6.0,0.000675207176010668,0.0,0.15663585765652124
1947,company,C00367,"S.A. Immobili Riuniti, S.A.E",2.0,3.0,0.0,0.0,0.12881524279060813
1947,company,C01396,Società,0.0,0.0,0.0,0.0,0.0
1947,company,C00405,"Società Anonima Immobili Ri uni ti, S.A.E",3.0,3.0,0.0,0.0,0.1565478105189965
1947,company,C01528,The Upper Egypt,0.0,0.0,0.0,0.0,0.0
1947,company,C01426,Société Mis1,1.0,1.0,0.0,0.0,0.001445086705202312
1947,company,C01213,Assurances,1.0,1.0,0.0,0.0,0.001445086705202312
1947,company,C01251,Comptoir,11.0,11.0,0.0,0.0,0.18603777883319625
1947,company,C01380,"S.A. du Béhéra, de The Anglo-American Nile Co",0.0,0.0,0.0,0.0,0.0
1947,company,C01282,Egyptian Shipping,22.0,23.0,0.0042996448448496295,0.0,0.21210857190654592
1947,company,C01570,«Nemeet»,1.0,1.0,0.0,0.0,0.15905114501044817
1947,company,C00178,The Electric Light & Power Supply Cy,12.0,12.0,0.0010435893161913382,0.0,0.1876674898337566
1947,company,C01186,"-.J 'légné de la Sté. «Cigarettes Ne stos Gianaclis, S.A. E. """,1.0,1.0,0.0,0.0,0.0026011560693641614
1947,company,C00052,Crown Brewery,7.0,7.0,0.0,0.0,0.15102958509397763
1947,company,C01227,Behrend Commercial Cy,6.0,8.0,0.0,0.0,0.1831022714748815
1947,company,C01075,la«Alexaùdria .& Ramleh Rys. Co.n,14.0,14.0,0.0,0.0,0.21178597331809487
1947,company,C01525,The United Egyptian Nite Transport Co. et The Egyptian Copper Works,0.0,0.0,0.0,0.0,0.0
1947,company,C01428,Société Misr d'Assurances,0.0,0.0,0.0,0.0,0.0
1947,company,C01253,Comptoir Commercial,0.0,0.0,0.0,0.0,0.0
1947,company,C01522,The Union Cotton Cy. of Ale,0.0,0.0,0.0,0.0,0.0
1947,company,C00824,General,0.0,0.0,0.0,0.0,0.0
1947,company,C01494,The Alexandria .& Ramleh Buildings Co,0.0,0.0,0.0,0.0,0.0
1947,company,C01439,"Société Viticole et Vinicole d'Egypte, de Frosted Food & Cold Storage Cy",0.0,0.0,0.0,0.0,0.0
1947,company,C01387,"S.A.E. «Al Ch,arkn",1.0,1.0,0.0,0.0,0.17023139053379877
1947,company,C00122,Société Anonyme des Anciennes Entreprises L. Rolin et Co,3.0,3.0,0.0018319767782304273,0.0,0.1403722555006526
1947,company,C01285,"Electric Light & Power Supply Co., Adminis~rateur de The Cairo Suburban Building Lands",2.0,2.0,0.0,0.0,0.14030153899914094
1947,company,C01277,Egyptian Enterprise & Development Co. et. de la Gharbieh Land Co,1.0,1.0,0.0,0.0,0.11498701689235953
1947,company,C01505,"The Egyptian Engineering Stores (Formerly Steinemann Mabardi ,& Co.), S.A.E",0.0,0.0,0.0,0.0,0.0
1947,company,C00420,Société Anonyme Belge-Egyptienne,7.0,7.0,0.0,0.0,0.15102958509397763
1947,company,C00115,"S.A. de Nettoyage et Pressage de Coton, S.A.E",18.0,18.0,0.003290604277118393,0.0,0.22085531713980552
1947,company,C00174,The Egyptian Cotton Cy,4.0,4.0,0.0,0.0,0.18554200860312778
1947,company,C01478,Sté. des Emballages,0.0,0.0,0.0,0.0,0.0
1947,company,C01488,"Syndicale des Entrepreneurs, Expert près les Tribunaux Mixtes",1.0,1.0,0.0,0.0,0.14520258337502334
1947,company,C01032,Société Misr pour le Théâtre et le Cinéma,22.0,22.0,0.004976540919118436,0.0,0.22315589336001185
1947,company,C00977,Société Coopérative Commerciale de Crédit,6.0,6.0,0.0,0.0,0.19380553577821488
1947,company,C00544,Nile Ginning Co. S.A.E. (Minia),0.0,0.0,0.0,0.0,0.0
1947,company,C01518,The New National Trading,1.0,1.0,0.0,0.0,0.14281977175040758
1947,company,C01240,Chemical Industrial & Tra· ding Cy,0.0,0.0,0.0,0.0,0.0
1947,company,C00768,Cie. Universelle du Canal Maritime de Suez,6.0,6.0,0.0,0.0,0.18202519928973512
1947,company,C00256,Compagnie Frigorifique d'E· gypte,6.0,6.0,0.0,0.0,0.18202519928973512
1947,company,C00082,The Kafr El Zayat Cotton Co,19.0,19.0,0.004289356074371925,0.0,0.19206796890572056
1947,company,C01461,Sté. Anonyme Egyptienne des Industries Textiles,13.0,13.0,0.0,0.0,0.18945479926074474
1947,company,C00546,"The Sheffield Smelting Co. (Egypt), S.A",1.0,1.0,0.0,0.0,0.12312049288828239
1947,company,C00865,"Moulins «Al Mahmou- dieh», S.A.E",4.0,4.0,0.0018319767782304273,0.0,0.1526856112463239
1947,company,C00229,Alexandria Transport Co,29.0,30.0,0.006250376836146663,0.0,0.2328583235060993
1947,company,C01413,Société Egyptienne d'Entreprises et Constructions (SEDEC),16.0,16.0,0.0,0.0,0.20971276725398702
1947,company,C00150,Société Misr pour l'Exportation du Coton (ex-Lindemann),16.0,16.0,0.0,0.0,0.20971276725398702
1947,company,C00769,Société de Cigarettes Nestor Gianaclis,3.0,3.0,0.0,0.0,0.18084321747616544
1947,company,C00238,"Banque de Cré- dit Hypothécaire Agricole d'Egypte, S.A.E",13.0,13.0,0.0018024662728787586,0.0,0.1934017742453436
1947,company,C00580,Usines Réunies d'Egrenage,13.0,18.0,0.005908447118512015,0.0,0.20035867259949267
1947,company,C00315,Huileries,13.0,18.0,0.005908447118512015,0.0,0.20035867259949267
1947,company,C01416,Société Egyptienne de Conserves alimentaires,6.0,6.0,0.0,0.0,0.1831022714748815
1947,company,C01309,Gr. Mag·. Chemla,8.0,8.0,0.0,0.0,0.15412205584576358
1947,company,C01434,Société Misr pour les Huiles,8.0,8.0,0.0,0.0,0.15412205584576358
1947,company,C01392,Sidi Salem Estat'e of Egypt,8.0,8.0,0.0,0.0,0.15412205584576358
1947,company,C01367,Palestine Discount Bank,8.0,8.0,0.0,0.0,0.15412205584576358
1947,company,C01368,Palestine Mercantile Bank Ltd,8.0,8.0,0.0,0.0,0.15412205584576358
1947,company,C01000,Société Egyptienne des Pétro- les,8.0,8.0,0.0,0.0,0.18334335412330138
1947,company,C00110,Société Anonyme de Nettoyage,8.0,8.0,0.0,0.0,0.18334335412330138
1947,company,C00363,Pressage de Coton,8.0,8.0,0.0,0.0,0.18334335412330138
1947,company,C00042,Commerce Hellénique d'Alexandrie,17.0,17.0,0.0033401533825763064,0.0,0.21291938449028655
1947,company,C00073,Fédération Egyptienne des Industries,14.0,14.0,0.0,0.0,0.21178597331809487
1947,company,C01405,Société Anonym~ du Béhéra,14.0,14.0,0.0,0.0,0.21178597331809487
1947,company,C01562,«Almina»,11.0,11.0,0.0,0.0,0.18603777883319625
1947,company,C01348,National Insurance Co. (Ace. Inc. & Risques Divers),2.0,2.0,0.0,0.0,0.15584698092517896
1947,company,C01344,Nat. Ins. Co. (Life Ins. Co.),2.0,2.0,0.0,0.0,0.15584698092517896
1947,company,C00476,"Société des Autobus du Nord, S.A.E",15.0,16.0,0.002380283824202178,0.0,0.1946181376053772
1947,company,C01092,The Eastern Company,1.0,1.0,0.0,0.0,0.1615420852165283
1947,company,C01381,"S.A. du Béhéra, de la Delta Trading Co",3.0,3.0,0.0,0.0,0.15628426201643927
1947,company,C01201,"Abram, S.A.E",3.0,3.0,0.0,0.0,0.15628426201643927
1947,company,C01386,S.A.E. de Métallurgie,3.0,3.0,0.0,0.0,0.15628426201643927
1947,company,C01183,'lation de Ja,0.0,0.0,0.0,0.0,0.0
1947,company,C01397,Soci~té,0.0,0.0,0.0,0.0,0.0
1947,company,C01468,Sté. Egyptienne des Bois d Matériaux ( SEBEM),1.0,1.0,0.0,0.0,0.001445086705202312
1947,company,C01445,Société pour la Fabrication ct l'Exportation des Conserves (S.E.F.E.C.) ~ The Egyptian,1.0,1.0,0.0,0.0,0.001445086705202312
1947,company,C01326,Josy Film,11.0,11.0,0.0,0.0,0.18603777883319625
1947,company,C01286,Etabl. Giacomo Cohenca~ Incorporated Industrie,0.0,0.0,0.0,0.0,0.0
1947,company,C01447,Sociétés Anonymes Egyptiennes. •,0.0,0.0,0.0,0.0,0.0
1947,company,C01196,1GERCO,12.0,12.0,0.0018319767782304273,0.0,0.18431406678576756
1947,company,C01457,Sté. Agr. et Urbaine «Le Fayoum». ·,1.0,1.0,0.0,0.0,0.14289305023770896
1947,company,C01345,Nat. Ins. Co. of Egypt (Ace. Inc. et Risques Divers),1.0,1.0,0.0,0.0,0.001445086705202312
1947,company,C01347,National Ins. Co. of Egypt (Life Ins. Co.),1.0,1.0,0.0,0.0,0.001445086705202312
1947,company,C00898,S.A. des Eaux du Caire el de la Compagnie Frigorifique d'Egypte,2.0,2.0,0.0,0.0,0.1806086607738617
1947,company,C01580,"â' Administration de la Société Carrier-Egypt, S.A.E",0.0,0.0,0.0,0.0,0.0
1947,company,C00125,Société Anonyme des Immeubles d'Egyptc,1.0,1.0,0.0,0.0,0.001445086705202312
1947,company,C00035,Société Anonyme du Chemin de Fer Ken eh-Assouan,1.0,1.0,0.0,0.0,0.001445086705202312
1947,company,C00485,Société des Publications Egyptiennes,0.0,0.0,0.0,0.0,0.0
1947,company,C00890,Red Sea Mining Co,13.0,13.0,0.0,0.0,0.18945479926074474
1947,company,C01404,"Société Anonyme de Wadi Kom Ombo, \le la Société Générale des Sucreries",2.0,2.0,0.0,0.0,0.1946181376053772
1947,company,C01228,Beida,0.0,0.0,0.0,0.0,0.0
1947,company,C01459,Sté. Agricole «LI] Fayoumn,0.0,0.0,0.0,0.0,0.0
1947,company,C01393,"So- ciétés, Industriel. ·",0.0,0.0,0.0,0.0,0.0
1947,company,C01524,"The United Egyptian Nile Transport Cy. S.E. Sir C. lW. Spinks (Pacha), MajOT General (El Ferik) K.B.E",4.0,4.0,0.0,0.0,0.0077071290944123304
1947,company,C01051,Société Egyptienne pour la FabriGation,4.0,4.0,0.0,0.0,0.0077071290944123304
1947,company,C00023,Banque du Crédit Agricole d'Egypte,11.0,11.0,0.0,0.0,0.1841921659479463
1947,company,C00448,"Société Egyptienne pour le Développement et le Commerce des Légumes, Fruits et Fleurs",11.0,11.0,0.0,0.0,0.1841921659479463
1947,company,C01013,"Société Hongro-Egyptienne pour le Commerce, S.A",11.0,11.0,0.0,0.0,0.1841921659479463
1947,company,C00126,S.A. des Immeubles d'Egypte,1.0,1.0,0.0,0.0,0.18084321747616544
1947,company,C01425,Société Liban-Egypte,11.0,11.0,0.0,0.0,0.18346413367147216
1947,company,C00427,Société California Texas des Pétroles,7.0,7.0,0.0018319767782304273,0.0,0.15037718947802095
1947,company,C01407,Société California Eg. des Pétroles,6.0,6.0,0.0,0.0,0.15029603611079048
1947,company,C01298,Ford Motor Cy. (Egypt) S.A.E,6.0,6.0,0.0,0.0,0.15029603611079048
1947,company,C01498,The Amalgamated lee Factories & Cold Stores et General Navigation Cy. of Egypt,6.0,6.0,0.0,0.0,0.15029603611079048
1947,company,C01283,Egyptian Sisal Manufacturing Cy,0.0,0.0,0.0,0.0,0.0
1947,company,C01437,"Société Royale d'Agriculture, de la Société Royale des Etudes Historiques, du Cercle Royal d'Escrime, du",0.0,0.0,0.0,0.0,0.0
1947,company,C01343,Misr-Airways,0.0,0.0,0.0,0.0,0.0
1947,company,C01565,"«Food Products,, S.A.E",0.0,0.0,0.0,0.0,0.0
1947,company,C01510,The Gabbary Petr•)· leum Co. et Platrières de Ballah,0.0,0.0,0.0,0.0,0.0
1947,company,C01237,Capitalisation Egyptienne S.A.E,2.0,2.0,0.0,0.0,0.002890173410404624
1947,company,C01531,Thll Upper Egypt Hotels Co. Ltd,2.0,2.0,0.0,0.0,0.002890173410404624
1947,company,C01520,The Pyramids Gardens,2.0,2.0,0.0,0.0,0.002890173410404624
1947,company,C01467,Sté. Egyptienne des Bo\s et Matériaux,0.0,0.0,0.0,0.0,0.0
1947,company,C01555,Import and Export Bk. of Egypt,3.0,3.0,0.0,0.0,0.15260194789769577
1947,company,C01530,Thl,2.0,2.0,0.0,0.0,0.15243489595692106
1947,company,C00846,Société Franco-Egyptienne de Crédit,5.0,5.0,0.0,0.0,0.1792139993007045
1947,company,C00517,The Bottled Gas Co,4.0,4.0,0.0,0.0,0.1310581434886093
1947,company,C01482,Sudan Import & Export Co. j de la Port-Sudan Forwarding Co. Ltd,4.0,4.0,0.0,0.0,0.1310581434886093
1947,company,C01310,Grands Mag. Chemla,4.0,4.0,0.0,0.0,0.1310581434886093
1947,company,C01072,Société Egyptienne de Teinturerie,1.0,1.0,0.0,0.0,0.0026011560693641614
1947,company,C01376,S.A. des Immeubles d'Egypte et Secretaire Général d.e la Land Bank of Egypt,0.0,0.0,0.0,0.0,0.0
1947,company,C01519,The North East Africa,3.0,3.0,0.0,0.0,0.17170071203039133
1947,company,C01356,"Near East Produce Trading Cy. W issa, Zaki (Bey), Administl'ateur de la Société Misr d' Assurances Générales",1.0,1.0,0.0,0.0,0.001445086705202312
1947,company,C01504,The Egyptian Delta Rice Mills Co. (N. Yamodis & Co.),0.0,0.0,0.0,0.0,0.0
1947,company,C01339,Mena Milk Produet,1.0,1.0,0.0,0.0,0.001445086705202312
1947,company,C01258,"Cotonnière, S.A.E .. Commanditaire de The Middle East Industrial & Tradin~ Co. ·",1.0,1.0,0.0,0.0,0.001445086705202312
1947,company,C01451,Soèiété Misr pour l'Egrenage du Coton,5.0,5.0,0.0,0.0,0.17075325255260257
1947,company,C01150,S.A.E. «Imprimerie Misr». ·,5.0,5.0,0.0,0.0,0.17075325255260257
1947,company,C01323,Ja1·diris & Vignobles d'Egypte,0.0,0.0,0.0,0.0,0.0
1947,company,C01189,-Fondateur de The Egyptian Cotton Pressing Cy,3.0,3.0,0.0,0.0,0.1663671176304031
1947,company,C01492,"The Abou Zaabal & Kafrel Zayat Chemical ,& Fertilizers Co., S.A.E",3.0,3.0,0.0,0.0,0.1663671176304031
1947,company,C01533,"Tracte & Fi nan cial Co., S.A.E",1.0,1.0,0.0,0.0,0.11891483984342219
1947,company,C01420,Société Egyptienne pom l'Industrie et le Commerce des Cotonnades ceLa Cotonnière»,0.0,0.0,0.0,0.0,0.0
1947,company,C01493,The Alexandria & Khartoum Trading Corporation,4.0,4.0,0.0,0.0,0.1874149090937381
1947,person,P00634,Abaza Abdallah Fikri,3.0,3.0,0.0,0.0,0.13346276920864344
1947,person,P00003,Abaza,12.0,12.0,0.013698895337984959,0.0,0.16959224634735784
1947,person,P01196,Abaza Gala!,3.0,3.0,0.0,0.0,0.004199475065616798
1947,person,P01197,Abbas Sid Ahmed,0.0,0.0,0.0,0.0,0.0
1947,person,P01198,Abbas el Ghafei,3.0,3.0,0.0,0.0,0.15515688216073487
1947,person,P00166,Abboud Mohamed Ahmed,17.0,17.0,0.012883742288638747,0.0,0.20326667799618575
1947,person,P01199,Abdallah Kabbani,2.0,2.0,0.0,0.0,0.12825269288002641
1947,person,P00636,Abdel Aziz Radwan,5.0,5.0,5.6878268307490103e-05,0.0,0.16322396442212486
1947,person,P00637,Abdel Fattah El Lozi,3.0,3.0,0.0,0.0,0.16678906872178167
1947,person,P01200,Abdel Fattah Ragab,2.0,2.0,0.0,0.0,0.1149006435196007
1947,person,P01201,Abdel Galil Abdel Dayem,5.0,5.0,0.0,0.0,0.006561679790026247
1947,person,P01202,Abdel Haï 1Khalil Bey Député,5.0,8.0,0.0,0.0,0.17175725374753686
1947,person,P00766,Ancien Ministre,6.0,6.0,0.006346118693113427,0.0,0.15473202760936372
1947,person,P00641,Abdel Hamid El Bannan,8.0,12.0,0.0048665881171257,0.0,0.1706163541151559
1947,person,P01203,Exportations Représentations,3.0,3.0,0.0,0.0,0.15515688216073487
1947,person,P01204,Abdel Hamid Hamdi,6.0,6.0,0.003186855256759134,0.0,0.15558407621954742
1947,person,P01205,Abdel Kerim Raout,1.0,1.0,0.0,0.0,0.0013123359580052493
1947,person,P00646,Abdel Latif Moussa,2.0,2.0,0.0,0.0,0.13649308329212473
1947,person,P00647,Abdel Maksoud Ahmed,12.0,12.0,0.008874505336324464,0.0,0.19730494582031993
1947,person,P01206,Abdel Malek Hamza Bey G.C. Roumanie,9.0,9.0,4.3043450335542404e-05,0.0,0.16219327348719756
1947,person,P01207,Abdel Meguid Magued,2.0,2.0,0.001596876605930172,0.0,0.14616693347889195
1947,person,P00649,Abdel Meguid Radouan,0.0,0.0,0.0,0.0,0.0
1947,person,P00542,Sabry Hussein,31.0,31.0,0.04561415979234432,0.0,0.20775050177551335
1947,person,P01208,Abdel Moneim Mohamed Achour Dr,4.0,4.0,0.0,0.0,0.12359609904404995
1947,person,P00651,Abdel Rahman Aly,9.0,9.0,0.0,0.0,0.1795048808225528
1947,person,P01209,Abdel Rahman el Bialy,0.0,0.0,0.0,0.0,0.0
1947,person,P00168,Abdel Rahman Fayed,0.0,0.0,0.0,0.0,0.0
1947,person,P00169,Abdel Rahman Hamada,14.0,17.0,0.023491481837667028,0.0,0.1988322888210402
1947,person,P01210,Abdel Razzak Aly Hamed,5.0,5.0,0.0,0.0,0.006561679790026247
1947,person,P01211,Abdel Rehim Helmi,3.0,3.0,0.0,0.0,0.003937007874015748
1947,person,P00308,Le Caire,9.0,9.0,0.010033459899274334,0.0,0.16688758559639585
1947,person,P01212,Abdel Wahab Abd Rabbo,5.0,5.0,0.0,0.0,0.006561679790026247
1947,person,P01213,Abdel Wahab Talaat,4.0,4.0,0.003186855256759134,0.0,0.13135317638991081
1947,person,P01214,About Ela Hanafi Dr,1.0,1.0,0.0,0.0,0.0013123359580052493
1947,person,P00654,Aboul Ela Aly Mohayessin El Hag,8.0,9.0,0.0031799573016579236,0.0,0.14148256505493148
1947,person,P00171,Aboul Ela Mahmoud,5.0,8.0,0.0014780346171905149,0.0,0.1708226616775684
1947,person,P01215,About Fath Mahmoud,16.0,16.0,0.01644193189662878,0.0,0.1573166383155335
1947,person,P00656,Aboul Wafa Dunkol El Hag,3.0,3.0,0.0,0.0,0.11499417273695489
1947,person,P01216,Abram Joseph,0.0,0.0,0.0,0.0,0.0
1947,person,P01218,Acland Rt. Hon. Sir Francis Dyke,5.0,5.0,0.0,0.0,0.006561679790026247
1947,person,P00658,Adda Achille,4.0,4.0,0.0,0.0,0.15397312393171564
1947,person,P00659,Adda Me. Charles,1.0,1.0,0.0,0.0,0.1209506345953331
1947,person,P00007,Adda Fernand C.A,0.0,0.0,0.0,0.0,0.0
1947,person,P00008,Adda Joseph A,11.0,13.0,0.0033172636855557224,0.0,0.16017045488361573
1947,person,P01219,Adda Victor A,2.0,3.0,0.0,0.0,0.004101049868766404
1947,person,P00662,A.dès Clément N,6.0,6.0,0.0,0.0,0.17323156493850286
1947,person,P00663,Adès Emile N,24.0,25.0,0.016358012165850914,0.0,0.20638472053666776
1947,person,P00179,Adès Gaston N,6.0,6.0,0.0,0.0,0.17323156493850286
1947,person,P00664,Adèe Raphael,5.0,5.0,0.0,0.0,0.10507277144466275
1947,person,P00665,Afifi Atta,18.0,20.0,0.013590855808704928,0.0,0.20312054810546237
1947,person,P00666,Dr. Afifi Hafez,9.0,10.0,0.003877632007077659,0.0,0.17803445646798877
1947,person,P01220,Aghazarm J. Me,0.0,0.0,0.0,0.0,0.0
1947,person,P00011,Aghion Gustave,11.0,12.0,0.0037172010412286137,0.0,0.18240198993847526
1947,person,P01221,Aghion Henry,2.0,2.0,0.0,0.0,0.1101952739526904
1947,person,P00010,Aghion Max César,7.0,7.0,0.003186855256759134,0.0,0.14784965066179914
1947,person,P00668,Agnew Andrew,5.0,5.0,0.0,0.0,0.006561679790026247
1947,person,P01222,Ahmed Fahmy Hanafi,3.0,3.0,0.0,0.0,0.004199475065616798
1947,person,P01223,Dr. Ahmed Hilmy,2.0,2.0,0.0,0.0,0.15644556058399675
1947,person,P01224,Ahmed Racheed Abdallah,5.0,5.0,0.0,0.0,0.10163333899809288
1947,person,P01225,Ahmed Youssef el Tawil,3.0,3.0,0.0,0.0,0.003937007874015748
1947,person,P01226,Alexane Alphonse,0.0,0.0,0.0,0.0,0.0
1947,person,P01227,Alexane Emile,4.0,4.0,0.0,0.0,0.1608085841859409
1947,person,P01228,Alexane Farid,4.0,4.0,0.0,0.0,0.1608085841859409
1947,person,P00018,Allam Mohamed,9.0,9.0,0.0,0.0,0.1795048808225528
1947,person,P00185,Allemann Georges,22.0,24.0,0.02379279768479955,0.0,0.2150233503917033
1947,person,P00673,Almagià Vittorio,1.0,1.0,0.0,0.0,0.11896449785882028
1947,person,P00186,Alphandary Robert,0.0,0.0,0.0,0.0,0.0
1947,person,P00674,Aly Ayoub,9.0,9.0,0.0,0.0,0.1795048808225528
1947,person,P01229,Ambache S,3.0,3.0,0.001596876605930172,0.0,0.16918603737407076
1947,person,P01230,S.S. le Nabil Amr Ibrahim,4.0,4.0,0.0,0.0,0.1608085841859409
1947,person,P00187,Ambron Aldo,6.0,6.0,0.001596876605930172,0.0,0.14777232343864966
1947,person,P01231,Ancona Isaac,2.0,2.0,0.0,0.0,0.1101952739526904
1947,person,P00681,Andraus Elias,0.0,0.0,0.0,0.0,0.0
1947,person,P00684,Appel Emmanuel M,1.0,1.0,0.0,0.0,0.1149006435196007
1947,person,P01232,Arr~ailhe Raymond,0.0,0.0,0.0,0.0,0.0
1947,person,P01233,Argy Edouard,2.0,2.0,0.0,0.0,0.1465459971030592
1947,person,P01234,Assaf Victor,5.0,5.0,0.0,0.0,0.10495567697425637
1947,person,P01235,Assem,5.0,5.0,0.0,0.0,0.14692703193692053
1947,person,P01236,Athénogènes Efthymios,2.0,2.0,0.0,0.0,0.0026246719160104987
1947,person,P00687,Atta El Ayoubi,1.0,1.0,0.0,0.0,0.14854925468701272
1947,person,P00198,Auer Conrad,6.0,6.0,0.0,0.0,0.14862739737753716
1947,person,P01237,Auterbe Henry,8.0,8.0,0.0,0.0,0.19299226940894684
1947,person,P01239,Avierino Achille,5.0,7.0,0.0,0.0,0.006749156355455568
1947,person,P01240,Avierino Homère,6.0,6.0,1.7244887753025618e-05,0.0,0.007874015748031496
1947,person,P01241,Avril Marcel,5.0,5.0,0.0,0.0,0.13499315929990355
1947,person,P00689,Awre Gilbert Christopher,2.0,2.0,0.0,0.0,0.0026246719160104987
1947,person,P01242,Etablissements Bolanachi-Distillerie,3.0,3.0,1.7244887753025617e-06,0.0,0.1690847889974256
1947,person,P01243,Aziz Hassan,0.0,0.0,0.0,0.0,0.0
1947,person,P01244,Azzam Chams el Dine Azzam,0.0,0.0,0.0,0.0,0.0
1947,person,P01245,Import,3.0,3.0,0.0,0.0,0.003937007874015748
1947,person,P00692,Badaoui Abdel Hamid,7.0,7.0,0.004325023863174028,0.0,0.1706163541151559
1947,person,P01246,Badr-EI-Dïn Ibrahim,16.0,18.0,0.036006564403766254,0.0,0.1977191619417062
1947,person,P00695,Baehler René,0.0,0.0,0.0,0.0,0.0
1947,person,P00696,Bahari Tewfik,6.0,6.0,0.003186855256759134,0.0,0.13441516765684974
1947,person,P01247,Bahgat el Derini,7.0,7.0,0.007915403478638759,0.0,0.12173230608130037
1947,person,P00699,Bailey A. W,1.0,1.0,0.0,0.0,0.0013123359580052493
1947,person,P01248,Bajada J. B,2.0,2.0,0.0,0.0,0.13649308329212473
1947,person,P00700,Bak Richard,1.0,1.0,0.0,0.0,0.13479994390014224
1947,person,P01249,Bali D,3.0,3.0,6.897955101210247e-06,0.0,0.003937007874015748
1947,person,P00024,Banoun Alfred,1.0,1.0,0.0,0.0,0.0013123359580052493
1947,person,P01250,Barcïlon Jack,1.0,1.0,0.0,0.0,0.002982581722739203
1947,person,P01251,Barda Jacques J,2.0,2.0,0.0,0.0,0.13123115764732846
1947,person,P00704,Barker H. A,20.0,23.0,0.007670570581309837,0.0,0.20913447995166407
1947,person,P01253,Barnard Rowland L,4.0,4.0,0.0,0.0,0.16493910240204213
1947,person,P00706,Barron J.B,7.0,8.0,0.005293237801458009,0.0,0.1757093796111307
1947,person,P00707,Barthe-Dejean Jules,2.0,2.0,0.0,0.0,0.0026246719160104987
1947,person,P01254,Bashi Saleh Eliahou,3.0,3.0,0.0,0.0,0.12408462117465884
1947,person,P01255,Basri Elie,0.0,0.0,0.0,0.0,0.0
1947,person,P00708,Bata Henri,1.0,1.0,0.0,0.0,0.0032808398950131233
1947,person,P00208,Bauerlé Gustave,6.0,6.0,0.0,0.0,0.16600510130123275
1947,person,P00710,Bavin F. G,3.0,3.0,0.0,0.0,0.1508492698423375
1947,person,P00711,Bayram Mahmoud,1.0,1.0,0.0,0.0,0.0013123359580052493
1947,person,P01256,Baz Maroun,3.0,3.0,0.0,0.0,0.12925008344679698
1947,person,P00209,Beattie Thomas,2.0,2.0,0.0,0.0,0.14127034120734908
1947,person,P00210,Bégué Emile,2.0,2.0,0.0,0.0,0.15740427989676778
1947,person,P01257,Behrend,6.0,6.0,0.0,0.0,0.1586415959655801
1947,person,P00713,Belilos Léon Jacques,1.0,1.0,0.0,0.0,0.15627250133556314
1947,person,P00714,Belilos Maurice Youssef,0.0,0.0,0.0,0.0,0.0
1947,person,P00715,Bella Alfred,3.0,3.0,0.0,0.0,0.13123115764732846
1947,person,P00716,Belleni Parissi,4.0,4.0,0.0,0.0,0.17134062002104194
1947,person,P01258,Egyptiennes,10.0,10.0,0.0037618208169741202,0.0,0.1801917617440677
1947,person,P00217,Benderli Simon,1.0,1.0,0.0,0.0,0.0013123359580052493
1947,person,P01260,IBlenin Albert,3.0,3.0,0.0,0.0,0.15971774020050772
1947,person,P01261,IBlenoist Baron Louis de,20.0,26.0,0.006054501705160417,0.0,0.20882533807442585
1947,person,P00219,Besso Joseph M,0.0,0.0,0.0,0.0,0.0
1947,person,P00721,Besso Sabino,0.0,0.0,0.0,0.0,0.0
1947,person,P01263,Bethell Alexander Duke,8.0,8.0,0.0,0.0,0.1621002194002858
1947,person,P01264,Nil B.A. Oxford UniveTSity F.R.G.S,10.0,10.0,0.005947185363712702,0.0,0.16688758559639585
1947,person,P01265,Bialobos Joseph,1.0,1.0,0.0,0.0,0.0013123359580052493
1947,person,P01266,Bianchi Philip N,0.0,0.0,0.0,0.0,0.0
1947,person,P01267,Bless Rodolphe,4.0,4.0,0.0,0.0,0.12359609904404995
1947,person,P00726,Boissonas Alphonse,3.0,4.0,0.0,0.0,0.003937007874015748
1947,person,P01268,Bolanachi A,2.0,2.0,0.0,0.0,0.1689836617312788
1947,person,P01269,Bolanachi Emmanuel,2.0,2.0,0.0,0.0,0.1689836617312788
1947,person,P01270,Bonett Georges P,2.0,2.0,0.0,0.0,0.14761791139743896
1947,person,P00224,Bordier Pierre,5.0,5.0,0.0,0.0,0.1261342332208474
1947,person,P01271,Borsali Georges,2.0,2.0,0.0,0.0,0.1460913559538253
1947,person,P00731,Bouchra Hanna Charles,5.0,5.0,0.0,0.0,0.14692703193692053
1947,person,P01272,Boudet René,0.0,0.0,0.0,0.0,0.0
1947,person,P00732,Boulad Albert,4.0,4.0,0.0,0.0,0.13428739658493258
1947,person,P00028,Boulad Khalil,2.0,2.0,0.0,0.0,0.1689836617312788
1947,person,P00734,Boulos Fouad,1.0,1.0,0.0,0.0,0.11485393594093422
1947,person,P00735,Bouvier André,3.0,3.0,0.0,0.0,0.003937007874015748
1947,person,P00030,Boyé Jean André,0.0,0.0,0.0,0.0,0.0
1947,person,P01273,Brakha Maurice,3.0,3.0,0.003186855256759134,0.0,0.1188144164906216
1947,person,P00737,Brandenburg Edgar,2.0,2.0,0.0,0.0,0.002952755905511811
1947,person,P01274,Broatch R. W,0.0,0.0,0.0,0.0,0.0
1947,person,P00738,Brown T. E,0.0,0.0,0.0,0.0,0.0
1947,person,P00739,Brunner Frederic,8.0,8.0,0.0,0.0,0.1857598174981579
1947,person,P01275,Burckhardt C. L,21.0,26.0,0.0174671322492235,0.0,0.18228431123528915
1947,person,P01276,Bustros Antoine M,1.0,1.0,0.0,0.0,0.0013123359580052493
1947,person,P00745,Butterworth James,7.0,11.0,0.0005204011089629882,0.0,0.18134831990673825
1947,person,P00237,Buxton Robert V,1.0,1.0,0.0,0.0,0.12913193894638855
1947,person,P00241,Callens Auguste,0.0,0.0,0.0,0.0,0.0
1947,person,P01277,Etudes: American College Smyrne & Hotel School,0.0,0.0,0.0,0.0,0.0
1947,person,P01278,Camiglieri Raoul,0.0,0.0,0.0,0.0,0.0
1947,person,P01279,IOlatmpbell The Hon. Cecil,5.0,5.0,0.000570837731175546,0.0,0.15206710571296994
1947,person,P00748,Campbell Major Macknight,1.0,1.0,0.0,0.0,0.0013123359580052493
1947,person,P00749,Campos Amerigo,2.0,2.0,0.0,0.0,0.002952755905511811
1947,person,P00033,Campos Benvenuto,6.0,11.0,0.0015830806957277516,0.0,0.12669985758506644
1947,person,P00034,Campos Giuseppe,6.0,11.0,0.0015830806957277516,0.0,0.12669985758506644
1947,person,P00244,Campos Hans,5.0,5.0,0.0,0.0,0.10507277144466275
1947,person,P01280,Caraggia Anastase,0.0,0.0,0.0,0.0,0.0
1947,person,P00246,Carton de Wiart Edmond Baron,8.0,8.0,0.0,0.0,0.1857598174981579
1947,person,P00036,Carver H. B,5.0,10.0,0.0,0.0,0.14148256505493148
1947,person,P01281,Cassab Jacques,4.0,4.0,0.0,0.0,0.13428739658493258
1947,person,P00751,Cassar Paul,1.0,1.0,0.0,0.0,0.0013123359580052493
1947,person,P01282,Cold Stores,0.0,0.0,0.0,0.0,0.0
1947,person,P00249,Castro Charles V,0.0,0.0,0.0,0.0,0.0
1947,person,P01283,Castro Léon Me,4.0,4.0,0.0,0.0,0.15524213319488908
1947,person,P01284,Egypt,13.0,14.0,0.012016433554037392,0.0,0.19458724684207862
1947,person,P00753,Casulli Alexandre M,4.0,5.0,0.0,0.0,0.14601585654506366
1947,person,P00252,Casulli Michel S,5.0,10.0,0.0,0.0,0.14148256505493148
1947,person,P00037,Cattaui Aslan,8.0,8.0,0.0,0.0,0.18111582206070395
1947,person,P00042,Cattaui René,6.0,7.0,0.0006774582605709236,0.0,0.17669836298605263
1947,person,P00254,Chaaraoui Hassan,2.0,2.0,0.0,0.0,0.0026246719160104987
1947,person,P01285,Chahine Khalil,5.0,5.0,0.0,0.0,0.10495567697425637
1947,person,P00757,Polaire de Suède,0.0,0.0,0.0,0.0,0.0
1947,person,P00759,Chalhoub Selim A,2.0,2.0,0.0,0.0,0.1460913559538253
1947,person,P00760,Chalom Me. Charles,11.0,12.0,0.001276211955328796,0.0,0.18146479281611955
1947,person,P01286,Chalom Moise,1.0,1.0,0.0,0.0,0.14556449377367242
1947,person,P01287,Chalom Rodolphe Bey Me,0.0,0.0,0.0,0.0,0.0
1947,person,P01288,Charara Mohamed,2.0,2.0,0.0,0.0,0.1465459971030592
1947,person,P01289,Chawarby Hamed,3.0,3.0,6.897955101210247e-06,0.0,0.003937007874015748
1947,person,P01290,Chedel A,4.0,4.0,0.0,0.0,0.14313104478961405
1947,person,P01291,Chedid Charles de Me,6.0,6.0,0.0,0.0,0.16600510130123275
1947,person,P01292,Chédid Max,6.0,6.0,0.0,0.0,0.14894079199509655
1947,person,P01293,Chesman John S,1.0,1.0,0.0,0.0,0.002362204724409449
1947,person,P01294,Chevalier Jean,3.0,3.0,0.0,0.0,0.1648428718872218
1947,person,P01295,Chikhani ·William,3.0,3.0,0.0,0.0,0.003937007874015748
1947,person,P00044,Constantin Jean Choremi Assocjé de la Y.Iaison Choremi,3.0,3.0,0.0,0.0,0.12925008344679698
1947,person,P00257,Choremi Georges J,3.0,3.0,0.0,0.0,0.12925008344679698
1947,person,P00763,Choremi Jean A,4.0,4.0,0.0,0.0,0.16918603737407076
1947,person,P00764,Chosal Baron J. Buffin de,6.0,6.0,0.0,0.0,0.15714164761662855
1947,person,P00679,Sadek Wahba Pacha Sénateur,26.0,29.0,0.026548934375181094,0.0,0.19194339837955038
1947,person,P01296,Choucri Moustapha,5.0,5.0,0.0,0.0,0.1501278865115293
1947,person,P00767,Cicurel Clément,3.0,4.0,0.0,0.0,0.003937007874015748
1947,person,P00047,Cicurel David,15.0,16.0,0.007331833938886263,0.0,0.19785762073858415
1947,person,P01297,Cicurel Guy,3.0,3.0,0.0,0.0,0.003937007874015748
1947,person,P00768,Cicurel Léon,6.0,6.0,0.0,0.0,0.17527337618777802
1947,person,P01298,Cicurel René,3.0,4.0,0.0,0.0,0.003937007874015748
1947,person,P01299,Cicurel,1.0,1.0,0.0,0.0,0.12084716955290768
1947,person,P00262,Clark Henry,3.0,3.0,0.0,0.0,0.1346072808073836
1947,person,P00770,Cockinos Anastase,2.0,2.0,0.0,0.0,0.0026246719160104987
1947,person,P00771,Cockinos Miltiade,2.0,2.0,0.0,0.0,0.0026246719160104987
1947,person,P00264,Coen Edouard,4.0,4.0,0.0,0.0,0.132090080605282
1947,person,P00265,Coen James,4.0,4.0,0.0,0.0,0.132090080605282
1947,person,P01300,Coen Maurizio Comm,4.0,4.0,0.0,0.0,0.132090080605282
1947,person,P00267,Cogels Baron Jean,3.0,3.0,0.0,0.0,0.142841598794084
1947,person,P00049,Cohen Alfred N,2.0,2.0,0.0,0.0,0.12715602268888307
1947,person,P00268,Cohen Aron,2.0,2.0,0.0,0.0,0.0026246719160104987
1947,person,P01301,Cohen Daniel,4.0,4.0,0.0,0.0,0.1626601510735165
1947,person,P01302,Cohen Fernand,4.0,4.0,0.0,0.0,0.1626601510735165
1947,person,P01303,Cohen Isaac,0.0,0.0,0.0,0.0,0.0
1947,person,P01304,Cohen Maurice,2.0,2.0,0.0,0.0,0.11689726206648662
1947,person,P00773,Cohen Sir Robert Waley,5.0,5.0,0.0,0.0,0.006561679790026247
1947,person,P01305,Cohenca Jacques,1.0,1.0,0.0,0.0,0.0013123359580052493
1947,person,P00449,Peel Col. E.T,1.0,1.0,0.0,0.0,0.12115809709035084
1947,person,P01306,Contomichalos Gérassimo,1.0,1.0,0.0,0.0,0.08958170019489478
1947,person,P00775,Constant Halford,0.0,0.0,0.0,0.0,0.0
1947,person,P01307,Copelin P. W,3.0,3.0,0.0,0.0,0.003937007874015748
1947,person,P00778,Cornish J. E,4.0,4.0,0.0,0.0,0.17714149367692675
1947,person,P01308,Couannier Pierre,8.0,8.0,0.0,0.0,0.19299226940894684
1947,person,P00279,Cossery Edouard,0.0,0.0,0.0,0.0,0.0
1947,person,P00780,Cozzika Th. P,28.0,29.0,0.03112880698718645,0.0,0.2116409606102608
1947,person,P00782,Crawford John A,9.0,9.0,0.0,0.0,0.18886409252319397
1947,person,P00783,Crombé Georges,7.0,7.0,0.0006926803418645517,0.0,0.16878176966230474
1947,person,P00284,Curiel Maurice E,0.0,0.0,0.0,0.0,0.0
1947,person,P01309,Curwen,0.0,0.0,0.0,0.0,0.0
1947,person,P01311,Mines,4.0,4.0,0.0,0.0,0.17291351432968063
1947,person,P00286,Davies Thomas E. H,5.0,10.0,0.0,0.0,0.14148256505493148
1947,person,P00788,Delany Arthur S,2.0,2.0,0.0,0.0,0.14056750368890455
1947,person,P00789,Delany Gerald,0.0,0.0,0.0,0.0,0.0
1947,person,P01313,Misr Shipping,1.0,1.0,0.0,0.0,0.1403580141155977
1947,person,P00790,Delia Vincent,18.0,19.0,0.021431203921818916,0.0,0.19552988402401256
1947,person,P00296,Destrée René,5.0,5.0,0.0008292859157954024,0.0,0.13870431144560538
1947,person,P01314,Dib Georges,0.0,0.0,0.0,0.0,0.0
1947,person,P01315,Diab Emile,1.0,2.0,0.0,0.0,0.14996851508211154
1947,person,P01316,Dicny Moise,5.0,5.0,0.0,0.0,0.17430023591283045
1947,person,P00797,Diacono Hector V,3.0,3.0,0.0,0.0,0.004199475065616798
1947,person,P00798,Dierm~an Pierre,5.0,5.0,0.0,0.0,0.15456273655071015
1947,person,P00799,Dïmopoulo D,4.0,4.0,1.034693265181537e-05,0.0,0.005249343832020997
1947,person,P01317,Djeddah Eli~ N,4.0,4.0,0.0,0.0,0.15264218390853493
1947,person,P01318,IDoligez Marcel Auguste Joseph,3.0,4.0,0.0,0.0,0.003937007874015748
1947,person,P01319,Dorra Albert,2.0,2.0,0.0,0.0,0.12512873446177952
1947,person,P00801,Dorra Haim,5.0,5.0,0.00019252519345967068,0.0,0.17825910562441524
1947,person,P00802,Dorra Jacques,4.0,4.0,0.0,0.0,0.17051338709396388
1947,person,P00803,Dorra Zaki,4.0,4.0,0.0,0.0,0.17051338709396388
1947,person,P00804,Doss Tewfik,21.0,26.0,0.014930353764507728,0.0,0.19634515803662136
1947,person,P00805,Doss Mtre. Wahib,9.0,11.0,0.006506485131759022,0.0,0.17175725374753686
1947,person,P01320,Dreyfus René Gaston,2.0,2.0,0.0,0.0,0.11906476292233381
1947,person,P00303,Dubied Pierre,0.0,0.0,0.0,0.0,0.0
1947,person,P01321,Dudler Joseph,8.0,8.0,0.0,0.0,0.1621002194002858
1947,person,P00806,Dukes Eric,3.0,4.0,0.00010115697255494668,0.0,0.15515688216073487
1947,person,P01322,Dutard Jacques,0.0,0.0,0.0,0.0,0.0
1947,person,P01323,Edrei Elie,0.0,0.0,0.0,0.0,0.0
1947,person,P01324,Artistes Français Paris,14.0,15.0,0.021342176592871097,0.0,0.18287422810012824
1947,person,P01325,Eid Saleh,4.0,4.0,0.0,0.0,0.12359609904404995
1947,person,P00812,El Chaféi Abdel Salam,0.0,0.0,0.0,0.0,0.0
1947,person,P00813,EI Chami Mohamed Hassan,4.0,4.0,0.0011684999164720076,0.0,0.15775582491049592
1947,person,P01326,El Chichini Hassan 1Kamel .,3.0,3.0,0.0,0.0,0.13346276920864344
1947,person,P01327,Eliakim Albert,1.0,1.0,0.0,0.0,0.0013123359580052493
1947,person,P01328,El Masri Habib,5.0,5.0,0.004769935952486886,0.0,0.15558407621954742
1947,person,P00817,El-Menzalaoui Moustafa Me,3.0,4.0,1.3795910202420493e-05,0.0,0.004686914135733034
1947,person,P01329,Eloui Aziz,0.0,0.0,0.0,0.0,0.0
1947,person,P00819,Eloui Kamal,4.0,4.0,0.004769935952486886,0.0,0.1694905113465496
1947,person,P00315,El Toukhy Hassan Ahmed,1.0,1.0,0.0,0.0,0.0013123359580052493
1947,person,P01330,Eman André,2.0,2.0,0.0,0.0,0.10812884899146505
1947,person,P00823,Empain Baron Edouard,2.0,2.0,3.4489775506051233e-06,0.0,0.0026246719160104987
1947,person,P00320,Empain Baron Louis,1.0,1.0,0.0,0.0,0.0017497812773403323
1947,person,P01331,Enan Hussein Pacha Ancien Ministre,3.0,3.0,0.0,0.0,0.13202835626855053
1947,person,P01332,National Plastics,5.0,5.0,0.0,0.0,0.12535079077848188
1947,person,P00322,Enan Saleh,0.0,0.0,0.0,0.0,0.0
1947,person,P00324,Erfan Mohamed,5.0,5.0,0.0,0.0,0.13748938317016943
1947,person,P00325,El'l'era Isaac,0.0,0.0,0.0,0.0,0.0
1947,person,P00826,Estabrook Edward Lewis,2.0,2.0,0.0,0.0,0.12100243358231184
1947,person,P01333,Eugenides Eugène,1.0,1.0,0.0,0.0,0.0013123359580052493
1947,person,P00830,Ezri Raymond,2.0,2.0,0.0,0.0,0.14563952701788566
1947,person,P00831,Fahmi Gallini,9.0,9.0,0.0,0.0,0.1795048808225528
1947,person,P00056,Fakhry Mahmoud,9.0,10.0,0.0010165092512153173,0.0,0.17430023591283045
1947,person,P00832,Fanner William Rogers,6.0,6.0,0.004175064295818886,0.0,0.1508492698423375
1947,person,P01334,Farès Youssef,0.0,0.0,0.0,0.0,0.0
1947,person,P01336,Farghaly Abdel Aziz Ahmed,3.0,3.0,0.0,0.0,0.1346072808073836
1947,person,P00834,Farghaly Mohamed Ahmed,5.0,5.0,0.0,0.0,0.1694905113465496
1947,person,P01337,Feldman 1. R.,0.0,0.0,0.0,0.0,0.0
1947,person,P00341,Feyerick Jacques,3.0,3.0,0.0,0.0,0.142841598794084
1947,person,P00838,Fils P.A,2.0,2.0,0.0,0.0,0.0026246719160104987
1947,person,P00058,Finney Harold E,3.0,3.0,0.0,0.0,0.1346072808073836
1947,person,P00839,Fischer Max,2.0,2.0,0.0,0.0,0.0026246719160104987
1947,person,P01338,Flower Edmond 1W,2.0,2.0,0.0,0.0,0.10812884899146505
1947,person,P00840,Franck Alfred,6.0,6.0,0.0,0.0,0.15714164761662855
1947,person,P01339,Frank Victor,1.0,1.0,0.0,0.0,0.0032808398950131233
1947,person,P01340,Frey J.H,0.0,0.0,0.0,0.0,0.0
1947,person,P00063,Fumaroli,0.0,0.0,0.0,0.0,0.0
1947,person,P01341,Immobilière,2.0,2.0,0.0,0.0,0.0994861557798233
1947,person,P01342,Galal Moustapha,2.0,2.0,0.0,0.0,0.0026246719160104987
1947,person,P01343,Galanté Raymond,4.0,4.0,0.0,0.0,0.15264218390853493
1947,person,P01344,Galanté Robert,4.0,4.0,0.0,0.0,0.15264218390853493
1947,person,P01345,Gantès Edouard,0.0,0.0,0.0,0.0,0.0
1947,person,P00846,Garboua Maurice,0.0,0.0,0.0,0.0,0.0
1947,person,P00067,Gasche Linus,19.0,21.0,0.004495413759630396,0.0,0.19967539393264888
1947,person,P00848,Gasche Robert,7.0,8.0,0.0010306707136034192,0.0,0.17549110708987462
1947,person,P01346,Gatteg~ S,0.0,0.0,0.0,0.0,0.0
1947,person,P00347,Gautier Charles,5.0,5.0,0.0,0.0,0.1261342332208474
1947,person,P01347,Geahel Pierre,4.0,4.0,0.0,0.0,0.15541291661974596
1947,person,P00850,Geisenberger Pierre,0.0,0.0,0.0,0.0,0.0
1947,person,P01348,Ghandour Hachem,2.0,2.0,0.0,0.0,0.15060803966668346
1947,person,P00350,Ghazi Mahrous Mohamed,1.0,1.0,0.0,0.0,0.0013123359580052493
1947,person,P00852,Godber Frederick,5.0,5.0,0.0,0.0,0.006561679790026247
1947,person,P00366,Ginsberg Richard,0.0,0.0,0.0,0.0,0.0
1947,person,P01349,Goar,8.0,11.0,0.0006457185896917038,0.0,0.18275593946616958
1947,person,P01350,Goldstein Charles,0.0,0.0,0.0,0.0,0.0
1947,person,P01351,Goldstein-Gantes Ignace Me,4.0,4.0,0.0,0.0,0.1689836617312788
1947,person,P01352,Goodwin E.A.H,1.0,1.0,0.0,0.0,0.11792182070730307
1947,person,P01353,Goradesky Léon dit Lebel,1.0,1.0,0.0,0.0,0.0013123359580052493
1947,person,P01354,Goulakis C,5.0,5.0,0.0,0.0,0.10495567697425637
1947,person,P01355,Grad Isaac,2.0,2.0,0.0,0.0,0.12512873446177952
1947,person,P01356,Granguillot G. P,5.0,5.0,0.001596876605930172,0.0,0.17301940135621444
1947,person,P00856,Grieve R,1.0,1.0,0.0,0.0,0.002362204724409449
1947,person,P00362,Groppi A,0.0,0.0,0.0,0.0,0.0
1947,person,P01357,Grunberg Jos. Julien,2.0,2.0,0.0,0.0,0.0026246719160104987
1947,person,P00857,Gueziri Dr. Moukhtar Zaki El,4.0,4.0,0.0,0.0,0.132090080605282
1947,person,P00364,Guirguis Elias,2.0,3.0,0.0,0.0,0.1303833329094131
1947,person,P01358,Guirguis Fouad,6.0,6.0,0.001596876605930172,0.0,0.10499467945548055
1947,person,P00859,Guirguis Nassif Eff,5.0,5.0,0.0,0.0,0.14127034120734908
1947,person,P01359,Guttmann Isaac,2.0,2.0,0.0,0.0,0.0026246719160104987
1947,person,P00860,Gygi Dr. Hans,6.0,6.0,0.0,0.0,0.14862739737753716
1947,person,P01360,Cour de Cassation,1.0,1.0,0.0,0.0,0.0013123359580052493
1947,person,P01361,Haggag Zakaria,4.0,4.0,0.0,0.0,0.1626601510735165
1947,person,P01362,Hakim Youssef,0.0,0.0,0.0,0.0,0.0
1947,person,P00865,Halford R. F,6.0,6.0,0.0,0.0,0.1586415959655801
1947,person,P01363,Halfm Eff. Mo·rgan,8.0,10.0,0.003171334857781411,0.0,0.14148256505493148
1947,person,P00867,Halter Hans,0.0,0.0,0.0,0.0,0.0
1947,person,P01365,Hamed el Alaily,5.0,5.0,0.0,0.0,0.10163333899809288
1947,person,P01366,Hamed El Lozy,2.0,2.0,0.0,0.0,0.1460913559538253
1947,person,P01367,Hammad Mohamed Wassef,4.0,4.0,0.01103327918438579,0.0,0.15117211472161485
1947,person,P01368,Hammad Adel Mohamed,2.0,2.0,0.0,0.0,0.12147062872514969
1947,person,P00870,Hann A. C,9.0,9.0,0.0,0.0,0.18886409252319397
1947,person,P00370,Hanna Mina,0.0,0.0,0.0,0.0,0.0
1947,person,P01369,Harari Clément Me,3.0,3.0,0.0,0.0,0.003937007874015748
1947,person,P01370,Harari Ernest Me,3.0,3.0,0.0,0.0,0.003937007874015748
1947,person,P01371,Harari Marc,0.0,0.0,0.0,0.0,0.0
1947,person,P00872,Harari Ralph A,20.0,28.0,0.00534630707555647,0.0,0.1966184289594281
1947,person,P01372,Harari Raymond,3.0,3.0,0.0,0.0,0.003937007874015748
1947,person,P00875,Hargreaves Clive R,6.0,7.0,0.0006780918465407089,0.0,0.1711330602148384
1947,person,P00877,Haselden E. F,0.0,0.0,0.0,0.0,0.0
1947,person,P00878,Harmant Eugène,6.0,6.0,0.0,0.0,0.15714164761662855
1947,person,P01373,Hassan Abdalla,5.0,5.0,0.0,0.0,0.12535079077848188
1947,person,P01374,Hassan Fouad,3.0,3.0,0.0,0.0,0.003937007874015748
1947,person,P00882,Hassan Moukhtar Rasmi,6.0,6.0,0.0034893586451387936,0.0,0.16989818545682392
1947,person,P01375,Hassler Richard,6.0,6.0,0.0,0.0,0.16600510130123275
1947,person,P01376,Hawa Georges,5.0,5.0,0.0,0.0,0.006749156355455568
1947,person,P00869,Hazan Victor,0.0,0.0,0.0,0.0,0.0
1947,person,P01377,Heatheves H. B,5.0,5.0,0.0,0.0,0.006561679790026247
1947,person,P01378,Hefni Mahmoud Pacha Ancien Ministre,1.0,1.0,0.0,0.0,0.0013123359580052493
1947,person,P00887,Heller Edouard De,1.0,1.0,0.0,0.0,0.14870562232352533
1947,person,P01379,Hemsi Joseph,1.0,1.0,0.0,0.0,0.0013123359580052493
1947,person,P00888,Hemsi,0.0,0.0,0.0,0.0,0.0
1947,person,P00890,Herman Max M,4.0,4.0,0.0,0.0,0.16918603737407076
1947,person,P01380,Heyndrickx Pierre,0.0,0.0,0.0,0.0,0.0
1947,person,P00892,Hirsch Siegmund,4.0,4.0,0.0,0.0,0.1682791437848113
1947,person,P00894,Hoerni Robert,5.0,5.0,0.0,0.0,0.1261342332208474
1947,person,P01381,IHollings J. S,1.0,1.0,0.0,0.0,0.0013123359580052493
1947,person,P01382,Homsy Edgard,2.0,2.0,0.0,0.0,0.0026246719160104987
1947,person,P01383,Homsy Riskallah,8.0,9.0,0.0,0.0,0.18111582206070395
1947,person,P01384,Homewood Georges,8.0,8.0,0.0,0.0,0.1621002194002858
1947,person,P00897,Hopkinson Frank,0.0,0.0,0.0,0.0,0.0
1947,person,P00387,Horne F. J,0.0,0.0,0.0,0.0,0.0
1947,person,P01385,Hugh-Jones LI. O.B.E,0.0,0.0,0.0,0.0,0.0
1947,person,P01386,Hussein Fahmy,4.0,4.0,0.0,0.0,0.15264218390853493
1947,person,P00902,Hussein Said,0.0,0.0,0.0,0.0,0.0
1947,person,P01387,Hussein Samy,3.0,3.0,0.0,0.0,0.003937007874015748
1947,person,P01388,Ibrahim Fahmy,0.0,0.0,0.0,0.0,0.0
1947,person,P01389,Imam Wakid,0.0,0.0,0.0,0.0,0.0
1947,person,P00905,Irwin F.J.R,3.0,3.0,6.897955101210247e-06,0.0,0.003937007874015748
1947,person,P00908,Islam Aly,7.0,8.0,0.004014674129216916,0.0,0.16571301021389923
1947,person,P01390,Israel Raymond,1.0,1.0,0.0,0.0,0.0013123359580052493
1947,person,P01391,Ivens H.J.G,0.0,0.0,0.0,0.0,0.0
1947,person,P01392,Jackson W,2.0,2.0,0.0,0.0,0.14349450605114178
1947,person,P00081,Jacobs Emile,12.0,12.0,0.006356465625765242,0.0,0.18624962585016358
1947,person,P01393,Jacoel Sam,5.0,5.0,0.0,0.0,0.006749156355455568
1947,person,P00911,Jacot-Descombes J. G,7.0,7.0,0.006216284443542692,0.0,0.18275593946616958
1947,person,P01394,Jameson J. A,5.0,5.0,0.0,0.0,0.006561679790026247
1947,person,P01395,Jancovitch,3.0,3.0,0.0,0.0,0.12602171383349606
1947,person,P01396,Jarrosson,3.0,3.0,0.0,0.0,0.1425533210972241
1947,person,P01397,Jones Archibald Probart,1.0,1.0,0.0,0.0,0.0013123359580052493
1947,person,P01398,Kamal el Dine el Chérif,3.0,3.0,0.0,0.0,0.15515688216073487
1947,person,P01399,H<amel Hussein Wassef,1.0,1.0,0.0,0.0,0.0013123359580052493
1947,person,P00915,Kamel Ibrahim,0.0,0.0,0.0,0.0,0.0
1947,person,P01400,John's College Oxford,0.0,0.0,0.0,0.0,0.0
1947,person,P01401,Kettaneh Charles,0.0,0.0,0.0,0.0,0.0
1947,person,P01402,Kettaneh Désiré,4.0,4.0,0.0,0.0,0.15541291661974596
1947,person,P01403,IKfoury Michel,5.0,5.0,0.0,0.0,0.14127034120734908
1947,person,P00920,Kfoury Philippe,1.0,1.0,0.0,0.0,0.1310485539956856
1947,person,P00921,Khachaba Sayed Mohamed,12.0,15.0,0.004847264104997331,0.0,0.1966184289594281
1947,person,P01404,Khairy Mahmoud,3.0,3.0,0.0,0.0,0.003937007874015748
1947,person,P00399,Khalil Mohamed Mahmoud,19.0,25.0,0.017895381492051825,0.0,0.2057834540529484
1947,person,P01405,Khattab Mohamed,3.0,3.0,0.0,0.0,0.003937007874015748
1947,person,P01406,Kher,1.0,1.0,0.0,0.0,0.002362204724409449
1947,person,P00924,Kirkman Robert,2.0,2.0,0.0,0.0,0.14127034120734908
1947,person,P00089,Klat Jules,17.0,19.0,0.010642770568009162,0.0,0.1722809039114013
1947,person,P01407,IKnaider C. R,1.0,1.0,0.0,0.0,0.13246164201345437
1947,person,P01408,Kohorn Henri ·von,3.0,3.0,0.0,0.0,0.003937007874015748
1947,person,P00929,Krischewsky Henry,6.0,6.0,0.006938339094855929,0.0,0.1586415959655801
1947,person,P00930,Kupper H,6.0,11.0,0.001596876605930172,0.0,0.1415534481035562
1947,person,P01409,Labib Attallah,5.0,5.0,0.0,0.0,0.10163333899809288
1947,person,P01410,Labib Francis,2.0,2.0,0.0,0.0,0.0994861557798233
1947,person,P01411,Lackany Sanny,0.0,0.0,0.0,0.0,0.0
1947,person,P01412,Lagnado Joseph S,5.0,5.0,0.0,0.0,0.14692703193692053
1947,person,P01413,Lagoudakis Eustache,1.0,1.0,0.0,0.0,0.0013123359580052493
1947,person,P00931,Laherrère L,4.0,4.0,0.0,0.0,0.15272469319713414
1947,person,P00932,Lambiotte E,6.0,6.0,0.0018136706851645545,0.0,0.16878176966230474
1947,person,P00933,Lancaster,6.0,6.0,0.003186855256759134,0.0,0.1541411251580459
1947,person,P00934,Landerer R,1.0,1.0,0.0,0.0,0.13333680151708266
1947,person,P01414,Lappas Christodule,2.0,2.0,0.0,0.0,0.002952755905511811
1947,person,P00406,Lappas Georges,1.0,1.0,0.0,0.0,0.0013123359580052493
1947,person,P01415,Lascaris,4.0,4.0,0.0,0.0,0.17165290547673034
1947,person,P00937,Lebnan Bakhos,0.0,0.0,0.0,0.0,0.0
1947,person,P00409,Lee Lee Roger Malcolm,2.0,2.0,0.0,0.0,0.13636133321172692
1947,person,P00939,Lefrère Lucien,9.0,9.0,0.003186855256759134,0.0,0.1874855225047765
1947,person,P00940,Leheta Ibrahim,1.0,1.0,0.0,0.0,0.0013123359580052493
1947,person,P00412,Leten Paul,5.0,5.0,0.0,0.0,0.15456273655071015
1947,person,P00413,Leten Roland,5.0,5.0,0.0,0.0,0.15456273655071015
1947,person,P00093,Levi Guido,6.0,8.0,0.00013706154072529959,0.0,0.13911407307469137
1947,person,P01416,Levi Neflos A,5.0,5.0,0.0,0.0,0.15456273655071015
1947,person,P01417,Lévy Joseph M,3.0,3.0,0.0,0.0,0.003937007874015748
1947,person,P01418,Lévy Maurice M,3.0,3.0,0.0,0.0,0.003937007874015748
1947,person,P00094,Lian Alfred,24.0,26.0,0.020932970882750073,0.0,0.19338855743648062
1947,person,P01419,Lifschitz Paul,5.0,5.0,0.0,0.0,0.10163333899809288
1947,person,P01420,Lisbona Mayer,0.0,0.0,0.0,0.0,0.0
1947,person,P01421,Liverant Joseph,0.0,0.0,0.0,0.0,0.0
1947,person,P00419,Lloyd John E,0.0,0.0,0.0,0.0,0.0
1947,person,P00946,Lombard Albert,5.0,5.0,0.0,0.0,0.1261342332208474
1947,person,P00948,Lombardo Cesare,0.0,0.0,0.0,0.0,0.0
1947,person,P01422,Lopez Ercole J,4.0,4.0,0.0,0.0,0.16918603737407076
1947,person,P00951,Loutfallah Michel,2.0,2.0,0.0,0.0,0.15618611520989395
1947,person,P00096,Lowe A. J,12.0,14.0,0.005621730091032329,0.0,0.19129362384204343
1947,person,P00952,Lozy Taher El,1.0,1.0,0.0,0.0,0.147233289429233
1947,person,P00954,Luke D. C,2.0,2.0,0.0,0.0,0.1473100533966101
1947,person,P00426,Lumbroso J,4.0,4.0,0.0019603884429565065,0.0,0.159627504189095
1947,person,P01424,Maarouf Abd Rabbo,5.0,5.0,0.0,0.0,0.006561679790026247
1947,person,P00955,Mac Culloch Norman G,2.0,2.0,0.0,0.0,0.16969410355237127
1947,person,P00956,Mac Cullock Joseph Paul,1.0,1.0,0.0,0.0,0.1011602872949152
1947,person,P00429,Mac Ewen William G,1.0,1.0,0.0,0.0,0.0013123359580052493
1947,person,P00957,Mackenzie W,0.0,0.0,0.0,0.0,0.0
1947,person,P01425,Magar Alfred,2.0,2.0,0.0,0.0,0.0026246719160104987
1947,person,P00959,Maggiar G,1.0,1.0,0.0,0.0,0.14269731435085767
1947,person,P00960,Mahfouz Rachouan,0.0,0.0,0.0,0.0,0.0
1947,person,P01426,Commandeur Couronne de Roumanie ChevalieT .Medjidieh,0.0,0.0,0.0,0.0,0.0
1947,person,P00961,Mahmoud Aly Allouba,0.0,0.0,0.0,0.0,0.0
1947,person,P01427,Mahmoud Ghazali,3.0,3.0,0.0,0.0,0.12602171383349606
1947,person,P01428,Mahmoud Mohasseb,0.0,0.0,0.0,0.0,0.0
1947,person,P01429,Mahmoud Tewfik Hefnaoui,2.0,2.0,0.0,0.0,0.16590762326171354
1947,person,P01430,Malcolm Major,3.0,3.0,0.0,0.0,0.1327728770745762
1947,person,P00221,Malone Peter,9.0,9.0,0.004494160278708023,0.0,0.18370655553621465
1947,person,P01432,Mansour Gamal el Dîne,3.0,3.0,0.0,0.0,0.15004815847833147
1947,person,P01433,Mansour,0.0,0.0,0.0,0.0,0.0
1947,person,P01434,Marcus Adolphe,0.0,0.0,0.0,0.0,0.0
1947,person,P01435,Maret Baron Guy de,6.0,6.0,0.0,0.0,0.14823750389018792
1947,person,P01436,Marii Sayed,0.0,0.0,0.0,0.0,0.0
1947,person,P00972,Martin G. A,5.0,5.0,0.0,0.0,0.17430023591283045
1947,person,P01437,Martz,6.0,6.0,0.0,0.0,0.14862739737753716
1947,person,P01438,Massabky Maurice,2.0,2.0,0.0,0.0,0.12311140845956348
1947,person,P00440,Mattalon William,6.0,6.0,0.0,0.0,0.1586415959655801
1947,person,P01439,Mathieu A,3.0,3.0,0.0,0.0,0.1425533210972241
1947,person,P00442,Matossian Joseph O,2.0,2.0,0.0,0.0,0.0026246719160104987
1947,person,P00443,Matossian Vincent O,0.0,0.0,0.0,0.0,0.0
1947,person,P01440,Maunsell Brig. R. J,3.0,3.0,0.0,0.0,0.12602171383349606
1947,person,P00446,Mavro Mike,2.0,2.0,0.0,0.0,0.002952755905511811
1947,person,P00975,Mawas Maurice,0.0,0.0,0.0,0.0,0.0
1947,person,P00976,Mawas Zaki,5.0,5.0,0.0,0.0,0.16959224634735784
1947,person,P01441,Mayer Moshé,3.0,3.0,0.0,0.0,0.003937007874015748
1947,person,P00100,Mazloum Hassan,60.0,73.0,0.07340914954873909,0.0,0.23350469621049436
1947,person,P01442,Meltz Léon,2.0,2.0,0.0,0.0,0.15532747796300062
1947,person,P00978,Menaché Albert,6.0,6.0,0.0,0.0,0.15198530522576556
1947,person,P01443,IMenaché Maurice C,5.0,5.0,0.0,0.0,0.14692703193692053
1947,person,P00979,Menaché Maurice M,7.0,7.0,0.006356465625765242,0.0,0.147233289429233
1947,person,P00982,Messiqua B,3.0,3.0,0.0,0.0,0.12602171383349606
1947,person,P00450,Messiqua Marcel,6.0,6.0,0.0,0.0,0.17527337618777802
1947,person,P01444,Metaxas Ménélas,0.0,0.0,0.0,0.0,0.0
1947,person,P00451,Metwalli Mohamed,4.0,4.0,0.0,0.0,0.1462425892415622
1947,person,P01445,Metzger Albert,3.0,3.0,0.0,0.0,0.13202835626855053
1947,person,P01446,Meyvis Louis,0.0,0.0,0.0,0.0,0.0
1947,person,P00455,Mills A. E,0.0,0.0,0.0,0.0,0.0
1947,person,P00456,Misrahi Albert,6.0,6.0,0.0015094784418608746,0.0,0.16878176966230474
1947,person,P01447,Misrahi,2.0,2.0,0.0,0.0,0.14563952701788566
1947,person,P00985,Misrahi Léon,6.0,6.0,0.0,0.0,0.15198530522576556
1947,person,P00987,Mitchell Gaston,1.0,1.0,0.0,0.0,0.0017497812773403323
1947,person,P00989,Moberly Charles Henry Doward,0.0,0.0,0.0,0.0,0.0
1947,person,P00990,Moghazi Mohamed Abd Rabbou,4.0,4.0,0.0,0.0,0.16312972425790886
1947,person,P01448,Adel Rached,2.0,2.0,0.0,0.0,0.0026246719160104987
1947,person,P01449,Mohamed Abdel Malek Hamza,2.0,2.0,0.0,0.0,0.0026246719160104987
1947,person,P00991,Mohamed Abdel Moneim El Dib,8.0,8.0,0.002602742617214228,0.0,0.17848432243505885
1947,person,P01450,Mohamed Abdel Rahman Nosseir,0.0,0.0,0.0,0.0,0.0
1947,person,P01451,Mohaf!led Aly Namazi,9.0,9.0,0.0,0.0,0.1795048808225528
1947,person,P01452,Mohamed Amine Chohayeb,7.0,7.0,0.0024623853554911214,0.0,0.18674202406787715
1947,person,P01453,Mohamed Chafik,1.0,1.0,0.0,0.0,0.0013123359580052493
1947,person,P01454,Mohamed Fathy Sabry,1.0,1.0,0.0,0.0,0.004294917680744452
1947,person,P00993,Mohamed Eff. Fouad Darwiche El Hag,0.0,0.0,0.0,0.0,0.0
1947,person,P01455,Mohamed Hachem Pacha Dr,2.0,2.0,0.0,0.0,0.0026246719160104987
1947,person,P01456,Mohamed Bey Hamada,4.0,4.0,0.0,0.0,0.15541291661974596
1947,person,P01457,Mohamed Hassan El Abd Bey Député de Gamalieh,0.0,0.0,0.0,0.0,0.0
1947,person,P01458,Mohamed 'Khattab,2.0,2.0,0.0,0.0,0.0026246719160104987
1947,person,P01460,Mohamed Mohamed 1Kira,3.0,3.0,0.0,0.0,0.003937007874015748
1947,person,P01462,Mohamed Sakr,6.0,6.0,0.0,0.0,0.14894079199509655
1947,person,P01463,Mohamed Salah el Dine,6.0,6.0,0.0,0.0,0.14894079199509655
1947,person,P01464,Mohamed Salab el Dine el Chorbagui,0.0,0.0,0.0,0.0,0.0
1947,person,P00997,Mohamed Salem Salem,4.0,5.0,5.173466325907685e-06,0.0,0.11504099446852531
1947,person,P01465,Mohamed Sobhi el Chorbagui,1.0,1.0,0.0,0.0,0.0013123359580052493
1947,person,P01466,Mohamed Youssef El Abd,1.0,1.0,0.0,0.0,0.0013123359580052493
1947,person,P01000,Mohamed Zeidan,5.0,5.0,0.0,0.0,0.14127034120734908
1947,person,P01001,Moharrem Osman,5.0,5.0,0.0,0.0,0.1501278865115293
1947,person,P01467,Mohsin Shawki,2.0,2.0,0.0,0.0,0.15784395665625595
1947,person,P01002,Monchicourt André G,0.0,0.0,0.0,0.0,0.0
1947,person,P01468,Montant Gaston,4.0,4.0,0.0,0.0,0.14313104478961405
1947,person,P01469,Moore Léon,2.0,2.0,0.0,0.0,0.1460913559538253
1947,person,P01470,Morpurgo Georges,2.0,2.0,0.0,0.0,0.002952755905511811
1947,person,P01005,Morpurgo Gustave,0.0,0.0,0.0,0.0,0.0
1947,person,P01007,Mosseri Albert Vita,2.0,2.0,0.0,0.0,0.13110936538965112
1947,person,P01008,Mosseri Félix N,4.0,4.0,0.0,0.0,0.1682791437848113
1947,person,P01471,Mosseri GL1ido,4.0,4.0,0.0021697350554396254,0.0,0.1508492698423375
1947,person,P01010,Mosseri Henry Victor,11.0,11.0,0.006331839643892483,0.0,0.179277082750443
1947,person,P00476,Mosseri Joseph Vita,2.0,2.0,0.0,0.0,0.13110936538965112
1947,person,P00108,Mosseri Maurice N,28.0,36.0,0.02061614962855325,0.0,0.21006742186966404
1947,person,P01013,Mouchly Max,0.0,0.0,0.0,0.0,0.0
1947,person,P01015,Moursi Ahmed Awad,2.0,2.0,0.0,0.0,0.0026246719160104987
1947,person,P01016,Muller E,9.0,9.0,0.0018016681912918356,0.0,0.15819747055694186
1947,person,P01017,Muntz Alyan,0.0,0.0,0.0,0.0,0.0
1947,person,P01472,Murray Georges Maggibon,1.0,1.0,0.0,0.0,0.12115809709035084
1947,person,P01022,Mustaki Armand,7.0,7.0,0.006426824767797587,0.0,0.1682791437848113
1947,person,P01023,Nacamuli Albert,4.0,4.0,0.001083996939525229,0.0,0.16503544533568817
1947,person,P01473,Londres,2.0,2.0,0.0,0.0,0.1572290942764041
1947,person,P01474,Linen Industry,2.0,2.0,0.0,0.0,0.0026246719160104987
1947,person,P00486,Nahas Michel,4.0,4.0,0.0,0.0,0.1462425892415622
1947,person,P00487,Nahas Robert,0.0,0.0,0.0,0.0,0.0
1947,person,P01475,Classe,6.0,6.0,0.0020093330992862796,0.0,0.1372889613288135
1947,person,P00488,Nahman Armand V,4.0,4.0,0.0,0.0,0.14601585654506366
1947,person,P01026,Nahman Raphael,9.0,12.0,0.00947779030906288,0.0,0.15917784924771727
1947,person,P01476,Natar Nathan Raphael,0.0,0.0,0.0,0.0,0.0
1947,person,P01477,Négrin Edmond N,2.0,2.0,0.0,0.0,0.0026246719160104987
1947,person,P01029,Nelson Georges,0.0,0.0,0.0,0.0,0.0
1947,person,P00493,Nichols D,2.0,3.0,0.0,0.0,0.1303833329094131
1947,person,P01478,No~n Edouard,5.0,5.0,0.0,0.0,0.13499315929990355
1947,person,P00116,Nubar Arakel,9.0,11.0,0.0010165092512153173,0.0,0.17430023591283045
1947,person,P01480,Léopold de Belgique Croix de Guerre Yser,4.0,4.0,0.0,0.0,0.15264218390853493
1947,person,P01481,Pace,1.0,1.0,0.0,0.0,0.0013123359580052493
1947,person,P01482,JD'athy Ladislas,13.0,16.0,0.011382113781976585,0.0,0.19405266649361136
1947,person,P00507,Pavlica Dussan,1.0,1.0,0.0,0.0,0.0013123359580052493
1947,person,P01483,Paxton Lloyd,2.0,2.0,0.0,0.0,0.12100243358231184
1947,person,P00117,Pegna E,4.0,5.0,0.00043802406771049267,0.0,0.16979608318190995
1947,person,P01484,Peillon Paul,1.0,1.0,0.0,0.0,0.0013123359580052493
1947,person,P01485,Perez Joseph,5.0,5.0,0.0,0.0,0.13499315929990355
1947,person,P01486,Perkins William H,1.0,1.0,0.0,0.0,0.11861489605990687
1947,person,P01043,Pezas Me. A,12.0,12.0,0.00215969832130212,0.0,0.19813512090792296
1947,person,P01044,Philp E. L,0.0,0.0,0.0,0.0,0.0
1947,person,P01487,Picciotto David de,4.0,4.0,0.0,0.0,0.16493910240204213
1947,person,P01488,Picciotto Fernand de,6.0,6.0,0.0,0.0,0.15198530522576556
1947,person,P01489,Picciotto Henri,1.0,1.0,0.0,0.0,0.10402823358420404
1947,person,P01490,Picciotto Joseph,3.0,3.0,0.0,0.0,0.003937007874015748
1947,person,P01491,Picciotto Léon,0.0,0.0,0.0,0.0,0.0
1947,person,P01492,Picciotto Lucien,2.0,2.0,0.0,0.0,0.12403015031373932
1947,person,P01046,Pierrakos Nicolas,5.0,5.0,0.0,0.0,0.1501278865115293
1947,person,P01493,Pilavachi John,2.0,2.0,0.0,0.0,0.1483932155539381
1947,person,P01494,Pinto Bruno B. Corn. Liverpool,4.0,6.0,3.925515844320015e-05,0.0,0.13129213866854003
1947,person,P01048,Pinto Prof. Dott. Cav. Uff. Carlo,0.0,0.0,0.0,0.0,0.0
1947,person,P00513,Pinto Ezio,12.0,13.0,0.003887150898116022,0.0,0.1630355928532592
1947,person,P00120,Pinto Silvio,2.0,3.0,0.0,0.0,0.12872012866273264
1947,person,P01495,Upper Egypt Oinning-Co,4.0,4.0,0.0,0.0,0.15264218390853493
1947,person,P01050,Pinto Uberto,4.0,4.0,0.0,0.0,0.1462425892415622
1947,person,P01496,Anonyme des Immeubles Réunis,0.0,0.0,0.0,0.0,0.0
1947,person,P01051,Platt James,0.0,0.0,0.0,0.0,0.0
1947,person,P01497,Podesta Edward Major,2.0,2.0,0.0,0.0,0.11906476292233381
1947,person,P01498,Politi Elie 1,4.0,4.0,0.0,0.0,0.15524213319488908
1947,person,P01052,Pollet Masurel André,4.0,4.0,0.0,0.0,0.1462425892415622
1947,person,P00514,Pollet Raymond,4.0,4.0,0.0,0.0,0.1462425892415622
1947,person,P01053,Pollet Robert,4.0,4.0,0.0,0.0,0.1462425892415622
1947,person,P01499,Pollet-Thiriez Pierre,4.0,4.0,0.0,0.0,0.1462425892415622
1947,person,P01055,Pontremoli Maurice B,2.0,2.0,0.0,0.0,0.0026246719160104987
1947,person,P01500,Pontremoli Rachel,2.0,2.0,0.0,0.0,0.0026246719160104987
1947,person,P01502,Dringo Stephane,2.0,2.0,0.0,0.0,0.1690847889974256
1947,person,P01503,Psacharopoulo Georges,4.0,4.0,0.0,0.0,0.12359609904404995
1947,person,P01504,Psaltis A. M,6.0,6.0,0.0015179141862993895,0.0,0.15507172470620098
1947,person,P01505,Rabbath Fernand,2.0,2.0,0.0,0.0,0.12311140845956348
1947,person,P01506,Rabbath Henri,0.0,0.0,0.0,0.0,0.0
1947,person,P01507,Rachid Ibrahim,2.0,2.0,0.0,0.0,0.16503544533568817
1947,person,P01061,Rachid Moustafa,3.0,3.0,0.0,0.0,0.13346276920864344
1947,person,P01062,Raemy Bernard de,3.0,3.0,0.0018265133768925188,0.0,0.16071711172622194
1947,person,P01063,Raftopoulos A. S,1.0,1.0,0.0,0.0,0.002999625046869141
1947,person,P00519,Ragheb Hanna,5.0,5.0,5.173466325907685e-06,0.0,0.1692874070789084
1947,person,P00521,Ramlot Paul,8.0,8.0,0.0,0.0,0.1857598174981579
1947,person,P00124,Raybaud Max,1.0,1.0,0.0,0.0,0.12084716955290768
1947,person,P01508,Rpes William Edward,3.0,3.0,0.0,0.0,0.1457898258073778
1947,person,P01509,Reichfeld André,4.0,4.0,0.0,0.0,0.14313104478961405
1947,person,P01067,Remauge Adrien,1.0,1.0,0.0,0.0,0.16532515062299483
1947,person,P01510,Reynolds A,0.0,0.0,0.0,0.0,0.0
1947,person,P01511,Riaz Mamdouh,2.0,2.0,0.0,0.0,0.0026246719160104987
1947,person,P01068,Richard Edouard,1.0,1.0,0.0,0.0,0.0013123359580052493
1947,person,P01070,Richards G. P,0.0,0.0,0.0,0.0,0.0
1947,person,P01512,Richès Gustave,0.0,0.0,0.0,0.0,0.0
1947,person,P01513,Economique,3.0,3.0,0.0,0.0,0.15473202760936372
1947,person,P01514,Richès Victor,0.0,0.0,0.0,0.0,0.0
1947,person,P01072,Riley E. C,1.0,1.0,0.0,0.0,0.0013123359580052493
1947,person,P01515,Rivelli Jean N,0.0,0.0,0.0,0.0,0.0
1947,person,P01073,Roberts Stanley P,3.0,3.0,0.0,0.0,0.1327728770745762
1947,person,P01516,Rodocanachi K. G,7.0,12.0,0.001053946689540713,0.0,0.1467743804751679
1947,person,P01517,Rodriguez Eddie,2.0,2.0,0.0,0.0,0.14761791139743896
1947,person,P01076,Rofé Charles,0.0,0.0,0.0,0.0,0.0
1947,person,P01518,Roger-Machart Ch,9.0,9.0,0.0,0.0,0.1795048808225528
1947,person,P01077,Rolin Daniel Baron,6.0,6.0,0.001596876605930172,0.0,0.13755632055243336
1947,person,P01078,Rolin Léon Baron,1.0,1.0,0.0,0.0,0.11225295288625274
1947,person,P01519,Rolin Louis Baron,6.0,6.0,0.0,0.0,0.14823750389018792
1947,person,P01081,Rolo,4.0,4.0,0.0,0.0,0.17134062002104194
1947,person,P01080,Rolo Jacques R,4.0,4.0,0.0,0.0,0.14601585654506366
1947,person,P00129,Rolo Max,0.0,0.0,0.0,0.0,0.0
1947,person,P00130,Rolo Robert J,30.0,33.0,0.030629634554491397,0.0,0.21132436979408986
1947,person,P01082,Rolo Simon E,6.0,6.0,0.0,0.0,0.17323156493850286
1947,person,P00131,Rom François,13.0,17.0,0.004151858788033146,0.0,0.1506883639545057
1947,person,P01521,Rossano Charles,8.0,8.0,0.003907717996053184,0.0,0.1911641964916767
1947,person,P01522,Rossano Fernand,4.0,4.0,0.0,0.0,0.1626601510735165
1947,person,P01523,Rossetto Victor,0.0,0.0,0.0,0.0,0.0
1947,person,P01085,Rouchdy Ahmed,4.0,4.0,0.0,0.0,0.15272469319713414
1947,person,P01524,Rouchdy Mohamed,16.0,20.0,0.009094516349029264,0.0,0.20488809457193485
1947,person,P01525,Belgique,2.0,2.0,0.0,0.0,0.002952755905511811
1947,person,P01087,Rutimeyer R. L,0.0,0.0,0.0,0.0,0.0
1947,person,P01526,Rye Edward,3.0,3.0,0.0,0.0,0.15971774020050772
1947,person,P00539,Saab Comte Sélim de,8.0,8.0,0.0,0.0,0.18111582206070395
1947,person,P01527,Saad Alexander,6.0,6.0,0.0,0.0,0.14894079199509655
1947,person,P01528,Saad el Labbane,1.0,1.0,0.0,0.0,0.0013123359580052493
1947,person,P00653,Abdel Razzak Saad,6.0,6.0,0.0,0.0,0.14894079199509655
1947,person,P00540,Sabri Yacoub,6.0,6.0,0.0,0.0,0.14823750389018792
1947,person,P00541,Sabry Chérif,21.0,24.0,0.015390514187524598,0.0,0.19272897845477366
1947,person,P01090,Sachs Freddy,3.0,3.0,0.001596876605930172,0.0,0.126246953715236
1947,person,P01529,Saddik Hassan,6.0,6.0,0.0,0.0,0.16600510130123275
1947,person,P01530,Grand Officier Couronne Belge,39.0,49.0,0.052348544459394665,0.0,0.22125347095904319
1947,person,P00545,Sadik Henein,12.0,14.0,0.0008107368434780042,0.0,0.19000718387000548
1947,person,P00547,Said Hassan,12.0,12.0,0.004121604829423936,0.0,0.18761001488359771
1947,person,P01531,Sakellarios Nicolas,3.0,3.0,0.0,0.0,0.003937007874015748
1947,person,P01532,Salah el Dîne El Chourbagui·,5.0,5.0,0.0,0.0,0.006561679790026247
1947,person,P00549,Salama Joseph,6.0,11.0,0.0003169216941282216,0.0,0.15881994514597983
1947,person,P01092,Salama Marco,5.0,5.0,0.0,0.0,0.10507277144466275
1947,person,P01533,Salama Max J,3.0,3.0,0.0,0.0,0.1457898258073778
1947,person,P00551,Salama Salvatore,21.0,26.0,0.021471055032121194,0.0,0.19129362384204343
1947,person,P01534,Salem Maurice O,4.0,4.0,0.0012357016406722226,0.0,0.1304435283539696
1947,person,P00553,Salem Ovadia,11.0,12.0,0.011080677786365336,0.0,0.1586415959655801
1947,person,P00135,Salvago Constantin M,14.0,17.0,0.009472570782695427,0.0,0.191553005026914
1947,person,P00555,Salvago Michel C,38.0,44.0,0.0444506915173565,0.0,0.22675817208242227
1947,person,P01535,Sami Off,5.0,5.0,0.0,0.0,0.006561679790026247
1947,person,P01536,Santarelli Michel,1.0,1.0,0.0,0.0,0.0013123359580052493
1947,person,P01537,Saouaf Camille,8.0,8.0,0.0,0.0,0.1621002194002858
1947,person,P01538,Sariyanni Demosthène A,1.0,1.0,0.0,0.0,0.13911407307469137
1947,person,P01539,Sarofim Shalaby,4.0,4.0,0.0,0.0,0.1689836617312788
1947,person,P00136,Savon G. L,2.0,2.0,0.0,0.0,0.1573166383155335
1947,person,P01097,Sayed El Lozy Eff,3.0,3.0,0.0,0.0,0.16678906872178167
1947,person,P01540,El Sayed Mohamed Badraoui,6.0,7.0,0.00011225695302800645,0.0,0.16969410355237127
1947,person,P01541,Sayed Mohamed Badraoui Achour Pacha Député,5.0,7.0,0.0,0.0,0.17175725374753686
1947,person,P01542,Scamvouyeras Panayotti,3.0,3.0,0.0,0.0,0.003937007874015748
1947,person,P01543,Schaechter H,3.0,3.0,0.0,0.0,0.003937007874015748
1947,person,P01544,Sc:hellenberg Hans,3.0,3.0,0.0,0.0,0.1628476555704312
1947,person,P01101,Schmidheiny Ernst,0.0,0.0,0.0,0.0,0.0
1947,person,P01102,Schmidheiny Jacob,0.0,0.0,0.0,0.0,0.0
1947,person,P01103,Schmidheiny Max,4.0,4.0,0.0,0.0,0.1462425892415622
1947,person,P01545,Schoenman Juljan,2.0,2.0,0.0,0.0,0.12619056829597952
1947,person,P01546,Sc::houten Fernand,3.0,3.0,0.0,0.0,0.12602171383349606
1947,person,P01547,Conseil,0.0,0.0,0.0,0.0,0.0
1947,person,P01548,Sedky Aziz,0.0,0.0,0.0,0.0,0.0
1947,person,P01549,Sedky,0.0,0.0,0.0,0.0,0.0
1947,person,P01107,Sedky Kamel,9.0,9.0,0.0,0.0,0.1795048808225528
1947,person,P01550,Sekaly Achille,5.0,7.0,0.0,0.0,0.006749156355455568
1947,person,P01108,Sellas André,4.0,4.0,0.0,0.0,0.14601585654506366
1947,person,P01111,Serageldine Anis,6.0,6.0,0.0,0.0,0.1586415959655801
1947,person,P01551,Setton César J,1.0,1.0,0.0,0.0,0.1463183233633859
1947,person,P01552,Sevastopulo Ambroise,0.0,0.0,0.0,0.0,0.0
1947,person,P00567,Shamà Me. André,6.0,11.0,0.0015830806957277516,0.0,0.12669985758506644
1947,person,P00138,Shama Elie F,1.0,1.0,0.0,0.0,0.0013123359580052493
1947,person,P01553,Shamsy Aly,14.0,15.0,0.007765779203224613,0.0,0.19103494416139158
1947,person,P01114,Sheriff Robert,1.0,1.0,0.0,0.0,0.0013123359580052493
1947,person,P01116,Sims Marshall George,0.0,0.0,0.0,0.0,0.0
1947,person,P01117,Maison Choremi,8.0,9.0,0.005019251195497249,0.0,0.17249125910543234
1947,person,P01119,Sinigaglia Carlo,0.0,0.0,0.0,0.0,0.0
1947,person,P01554,Sirakian S. lng,0.0,0.0,0.0,0.0,0.0
1947,person,P01555,Cottop Spinning,16.0,16.0,0.005269051496966012,0.0,0.20683798126991082
1947,person,P01556,Sirry Mohamed,1.0,1.0,0.0,0.0,0.0013123359580052493
1947,person,P01121,Small Irving,1.0,1.0,0.0,0.0,0.0013123359580052493
1947,person,P01122,Smouha Joseph,0.0,0.0,0.0,0.0,0.0
1947,person,P00574,Sofio S,2.0,2.0,0.0,0.0,0.13092710028484622
1947,person,P01557,S.S. le Nabil Soliman Daoud,0.0,0.0,0.0,0.0,0.0
1947,person,P01124,Sorbara Salvator,1.0,1.0,0.0,0.0,0.0013123359580052493
1947,person,P01125,Sourour Hassan Me,0.0,0.0,0.0,0.0,0.0
1947,person,P01558,Spetseropoulo Georges D,4.0,4.0,2.414284285423586e-05,0.0,0.0054680664916885394
1947,person,P01559,Strangman,6.0,6.0,0.0,0.0,0.14862739737753716
1947,person,P00146,Sultan Dr. Fouad,28.0,32.0,0.03376202766705285,0.0,0.19246640491464453
1947,person,P01133,Sursock Nicolas Alexandre,8.0,8.0,0.0,0.0,0.19299226940894684
1947,person,P00148,Sursock Vladimir,10.0,10.0,0.007039202403387586,0.0,0.16379169995054965
1947,person,P01560,Tagher Albert Bey Me,8.0,8.0,0.0,0.0,0.1621002194002858
1947,person,P01561,Tagher François,6.0,6.0,0.0,0.0,0.15198530522576556
1947,person,P01562,Tagher Omar,6.0,6.0,0.0,0.0,0.15198530522576556
1947,person,P00588,Tagher Oscar,6.0,6.0,0.0063633635808664525,0.0,0.15117211472161485
1947,person,P01563,Taher Hassan Hosnr,0.0,0.0,0.0,0.0,0.0
1947,person,P01564,Taher Mahmoud Hamtdi,5.0,7.0,0.0,0.0,0.006749156355455568
1947,person,P00590,Taher Mohamed,0.0,0.0,0.0,0.0,0.0
1947,person,P01565,Club El-Fouroussia,0.0,0.0,0.0,0.0,0.0
1947,person,P01566,Takla Berti Kamel,0.0,0.0,0.0,0.0,0.0
1947,person,P01567,Tancred C. H,4.0,4.0,0.0,0.0,0.15272469319713414
1947,person,P01568,Tarraf Aly,0.0,0.0,0.0,0.0,0.0
1947,person,P01569,Tavoularidis C,5.0,5.0,0.0,0.0,0.10495567697425637
1947,person,P01570,Tawil Pierre,0.0,0.0,0.0,0.0,0.0
1947,person,P01136,Taylor Ewart John,2.0,2.0,0.0,0.0,0.0026246719160104987
1947,person,P01137,Tepeghiosi Nicolas,2.0,2.0,0.0,0.0,0.14349450605114178
1947,person,P01138,Theodorakis A. D,1.0,1.0,0.0,0.0,0.13435125174260493
1947,person,P01571,Thomaidis Constantin B,2.0,2.0,0.0,0.0,0.0026246719160104987
1947,person,P01572,Thomaidis Ivan Evangelo B,2.0,2.0,0.0,0.0,0.0026246719160104987
1947,person,P01573,Thomaidis Pandélis C,2.0,2.0,0.0,0.0,0.0026246719160104987
1947,person,P01140,Tilche Joseph,6.0,10.0,0.004769935952486886,0.0,0.15890927019949277
1947,person,P01574,Toriel Eliott,2.0,2.0,0.0,0.0,0.0026246719160104987
1947,person,P01142,Toriel Henri,4.0,8.0,0.0,0.0,0.1586415959655801
1947,person,P01143,Toriel Victor,13.0,17.0,0.011616281576316397,0.0,0.1911641964916767
1947,person,P01575,Totah Ibrahim Eid,3.0,3.0,0.0,0.0,0.003937007874015748
1947,person,P01576,Totah Youssef,3.0,3.0,0.0,0.0,0.003937007874015748
1947,person,P01577,Toutounji Joseph,7.0,8.0,0.0002467739257068759,0.0,0.13512227757756964
1947,person,P01578,Trad Samaan,5.0,5.0,0.0,0.0,0.10163333899809288
1947,person,P00153,Trembley Ernest,13.0,13.0,0.017695632330577696,0.0,0.15810894371275777
1947,person,P01579,Triulzi E. W,3.0,3.0,0.0,0.0,0.003937007874015748
1947,person,P01146,Tsekis Charles,2.0,2.0,0.0,0.0,0.1473100533966101
1947,person,P01139,Thuker Georges Léonard,1.0,1.0,0.0,0.0,0.10460595424461243
1947,person,P01150,Vallet Jean,3.0,3.0,0.0,0.0,0.003937007874015748
1947,person,P01151,Van Damme L,14.0,14.0,0.008991685441964346,0.0,0.19485564304461941
1947,person,P01152,Van Den Bosch Paul,3.0,3.0,0.0,0.0,0.142841598794084
1947,person,P00155,Vannucci Comm. Gr·isante,5.0,5.0,0.0,0.0,0.14769507705943447
1947,person,P01154,Vickery J. G,1.0,1.0,0.0,0.0,0.0013123359580052493
1947,person,P01580,Vidon Aslan,6.0,6.0,0.001596876605930172,0.0,0.12540642805801072
1947,person,P01581,Vidon Joseph,5.0,5.0,0.0,0.0,0.12535079077848188
1947,person,P01582,Vigneau André,3.0,3.0,0.0,0.0,0.1648428718872218
1947,person,P01155,Vincendon Jacques,0.0,0.0,0.0,0.0,0.0
1947,person,P01156,Vincenot Marcel,4.0,5.0,0.0,0.0,0.16620040142041068
1947,person,P01159,Vivante Sabino Mtre,8.0,8.0,0.0013900441837504886,0.0,0.1501278865115293
1947,person,P01161,Vogue Marquis de,1.0,1.0,0.0,0.0,0.14647002717195343
1947,person,P01163,Wahba E. H,3.0,3.0,0.0,0.0,0.003937007874015748
1947,person,P01583,Watouri Joseph,2.0,2.0,0.0,0.0,0.12403015031373932
1947,person,P01165,Wedemeyer Ruppert Golding,2.0,2.0,0.001596876605930172,0.0,0.121262095456952
1947,person,P01166,Weissenberg Harold,1.0,1.0,0.0,0.0,0.0013123359580052493
1947,person,P01168,Wibaut P,4.0,4.0,0.0,0.0,0.15272469319713414
1947,person,P01169,Wieland A. J,1.0,1.0,0.0,0.0,0.0013123359580052493
1947,person,P01584,Wissa Fahm1y /Wissa,1.0,1.0,0.0,0.0,0.0013123359580052493
1947,person,P01174,Woodhead W. G,3.0,3.0,0.0,0.0,0.1327728770745762
1947,person,P01177,Wyler E,8.0,8.0,0.0006849079824169893,0.0,0.18478788908744156
1947,person,P00621,Yamodis Nicolas,0.0,0.0,0.0,0.0,0.0
1947,person,P01585,Yassine Mohamed Sayed,3.0,3.0,0.0,0.0,0.15004815847833147
1947,person,P01586,Yassine Serag El Dîne Bey Propriétaire Foncier,0.0,0.0,0.0,0.0,0.0
1947,person,P00625,Yokana Davis,1.0,1.0,0.0,0.0,0.0013123359580052493
1947,person,P01587,Zabal Wadih,5.0,5.0,0.0,0.0,0.15456273655071015
1947,person,P01588,Zaidan Georges,1.0,1.0,0.0,0.0,0.0013123359580052493
1947,person,P01185,Zakaria Mahran,15.0,16.0,0.005478786746927522,0.0,0.17647762799169153
1947,person,P01589,Me. Zananiri,6.0,6.0,0.0,0.0,0.14894079199509655
1947,person,P01590,Zarmati L. M,10.0,10.0,0.00947779030906288,0.0,0.12647300018563035
1947,person,P01591,Zarbhanelian Mardig,0.0,0.0,0.0,0.0,0.0
1947,person,P01592,Zerbini Dimitri J·ean,4.0,4.0,0.000861220732004351,0.0,0.17592819577502997
1947,person,P01189,Zerbini S,3.0,3.0,0.0,0.0,0.15635898307398902
1947,person,P01593,Zilkha,8.0,8.0,0.0,0.0,0.18111582206070395
1947,person,P01190,Egypte Alexandrie,3.0,3.0,0.0,0.0,0.12408462117465884
1947,person,P01594,Zilkha Maurice,3.0,3.0,0.0,0.0,0.12408462117465884
1947,person,P01195,Zulfikar Mohamed,0.0,0.0,0.0,0.0,0.0
1947,person,P01595,Zulfikar Samir,5.0,5.0,0.0,0.0,0.12535079077848188
1947,person,P01596,Zulficar Youssouf Pacha G.C.O. Nil,17.0,17.0,0.018689704292630054,0.0,0.1988322888210402
1950,company,C01052,"Société pour la Vente des Produits Egyptiens, S.A.E",0.0,0.0,0.0,0.0,0.0
1950,company,C00288,"Egyptian Cotton Ginners & Exporters, S.A",2.0,2.0,0.0,0.0,0.13214132020103478
1950,company,C00461,Société Royale d'Agriculture,8.0,8.0,0.0,0.0,0.13839822893340348
1950,company,C00191,Union des Agriculteurs d'Egypte,8.0,8.0,0.0,0.0,0.13839822893340348
1950,company,C01550,honneur de l'Union Arabe du Caire,8.0,8.0,0.0,0.0,0.13839822893340348
1950,company,C01699,"Egypt & The Sudan Trading Co., Egyptian Cotton Ginners & Exporters",8.0,8.0,0.0,0.0,0.13839822893340348
1950,company,C00118,Sidi Salem Co,15.0,15.0,0.006881072352206101,0.0,0.14165972565793455
1950,company,C01136,"a. L. de l'Imperial Chemical [n- dustries (Egypt), S.A",13.0,13.0,0.010248782041928165,0.0,0.1576411296411157
1950,company,C01441,Société d'Exploitations Agricoles,8.0,8.0,0.0,0.0,0.13839822893340348
1950,company,C01412,Société Egyptienne d'Engrais '& d'Industries Chimiques,8.0,8.0,0.0,0.0,0.13839822893340348
1950,company,C01188,Egyptian Company for- International Tracte«ECIT»,16.0,16.0,0.017622071299672883,0.0,0.166020178741373
1950,company,C00184,The United Egyptian Nile Transport Co,13.0,15.0,0.00923741982979752,0.0,0.16759217412135446
1950,company,C01526,The United Storage Navigation & Com· mercial Cy,3.0,4.0,4.689318835062865e-06,0.0,0.1318678489257843
1950,company,C01157,"lU- nitas Trading & Financial Co., S.A.E",4.0,4.0,0.0016242294171517747,0.0,0.13948893301431473
1950,company,C01197,Trading Corporation of Egypt,1.0,1.0,0.0,0.0,0.1280517375420799
1950,company,C01672,"Dar el Hilal, S.A.E. et Egyptian Press Co., S.A.E",0.0,0.0,0.0,0.0,0.0
1950,company,C00128,S.A. des Tramways du Caire,10.0,11.0,0.005098535394260748,0.0,0.1565566206411277
1950,company,C00084,Land Bank of Egypt,13.0,14.0,0.004282385698050191,0.0,0.15748528077345272
1950,company,C00295,"Fabrique des Produits Chimiques, S.A.E",0.0,0.0,0.0,0.0,0.0
1950,company,C01215,Auberges d'Egypte,4.0,4.0,0.0,0.0,0.13154117382522496
1950,company,C01601,Ad m. Hadaek El Ahram,2.0,2.0,0.0016023873202389446,0.0,0.11476683105356442
1950,company,C01909,Sté. «SEDEX» S.A.E,2.0,2.0,0.0004888663969547915,0.0,0.09894183944245181
1950,company,C00290,The Egyptian General Omnibus Co,22.0,22.0,0.009472734368377929,0.0,0.1784833182099131
1950,company,C01010,Société Générale des Sucreries et Raffinerie d'Egypte,6.0,6.0,0.0,0.0,0.15265583277656677
1950,company,C01889,Sté. Eg. d'Engrais,13.0,14.0,0.0013600230781360783,0.0,0.17018842040849083
1950,company,C00435,"Société Egyptienne des Industries Chimiques, S.A.E",15.0,16.0,0.004226024413212734,0.0,0.17037044010946248
1950,company,C00325,Khedivial Mail Line,21.0,21.0,0.025084015144899274,0.0,0.17938779448462547
1950,company,C00558,Tilbury Contracting & Dredging Co. (Foreign) Ltd,6.0,6.0,0.0,0.0,0.15265583277656677
1950,company,C01925,"The Alexandria Racing Club, S.A. Wadi Kom Ombo",6.0,6.0,0.0,0.0,0.15265583277656677
1950,company,C01406,Société Bolanachi,0.0,0.0,0.0,0.0,0.0
1950,company,C01460,Sté. Al Chark pour la Filature et le Tissage,0.0,0.0,0.0,0.0,0.0
1950,company,C00368,S.A. Immobilière des Ter- rains Guizeh et Rodah,10.0,10.0,0.0018997214099444617,0.0,0.16413844564899271
1950,company,C01199,AKFAC,5.0,5.0,0.00019549789370761251,0.0,0.1530959745337313
1950,company,C01687,Dél. United Cold Storage Cy,1.0,1.0,0.0,0.0,0.12622532607159065
1950,company,C00131,Société Cotonnière Maarad,7.0,7.0,0.0,0.0,0.16221625407571022
1950,company,C00020,Banque Misr,33.0,36.0,0.04426211180081528,0.0,0.19666217469425606
1950,company,C01022,Société Misr de Filature,24.0,27.0,0.013522044825751221,0.0,0.18437078877586507
1950,company,C01124,"Tissage, S.A.E",22.0,24.0,0.011538934211201139,0.0,0.18415764335531493
1950,company,C01033,Société Misr pour le Tissage de la Soie,15.0,17.0,0.004247503723801136,0.0,0.17918600843908594
1950,company,C01275,Egyptian Domestic & Foreign Trade Cy,16.0,16.0,0.004286589099816289,0.0,0.15913722427806937
1950,company,C01044,Société des Autobus de Charkieh et Dakahlieh,7.0,10.0,0.002247805037419399,0.0,0.14429018252024223
1950,company,C01696,Eg. Plastics & Electrical Industries et Sté Al Chark pour la Filature et Tissage,0.0,0.0,0.0,0.0,0.0
1950,company,C00105,S.A. Agricole et Industrielle d'Egypte,1.0,1.0,0.0,0.0,0.0011737089201877935
1950,company,C01917,Technique de la Sté. Agricole et Fermière «Fermag»,1.0,1.0,0.0,0.0,0.0011737089201877935
1950,company,C01123,Tissage Fin en Coton Egyptien (Usines Kafr El Dawar),16.0,17.0,0.0008746154519941007,0.0,0.16964468743593972
1950,company,C01221,"Banque Misr, de la Société Misr de Filature",3.0,3.0,0.0,0.0,0.1418489416761776
1950,company,C01179,"'Tissage, S.A.E. (Méhallael Kobra)",3.0,3.0,0.0,0.0,0.1418489416761776
1950,company,C01433,Sté. Misr pour les Fourrages,19.0,19.0,0.01458001232632293,0.0,0.15647972642666738
1950,company,C01349,National Metal Industries,9.0,9.0,0.007699802982948564,0.0,0.15858273917605517
1950,company,C01598,Dél. Engineering & Trading Entreprises,0.0,0.0,0.0,0.0,0.0
1950,company,C01731,"Fiat Oriente, S.A.E. de la Société pour la vente des Produits Egyptiens, S.A.E",4.0,4.0,0.0,0.0,0.14010234081121145
1950,company,C01430,Société Misr de Tabacs et Cigarettes,6.0,6.0,0.0021902759848971428,0.0,0.153686793538203
1950,company,C01002,Société Egyptienne pour le Tannage,11.0,13.0,0.0023282116992253328,0.0,0.17055284957424777
1950,company,C00837,"Industrie du Cuir, S.A.E",11.0,13.0,0.0023282116992253328,0.0,0.17055284957424777
1950,company,C01596,"-Dél~gué de The Chérif Cotton & Trading Co., S.A.E. (Négociants et Exportateurs de Coton et Graines de Coton, Importations-Exportations",0.0,0.0,0.0,0.0,0.0
1950,company,C01276,Egyptian Engineering & Marine Cy,12.0,12.0,0.010866085229126547,0.0,0.1479074851460979
1950,company,C01674,Dehydration Co. of Egypt,0.0,0.0,0.0,0.0,0.0
1950,company,C01905,"Sté. des Industries du Bâtiment, S.A.E",0.0,0.0,0.0,0.0,0.0
1950,company,C01176,«Zama.»,0.0,0.0,0.0,0.0,0.0
1950,company,C01887,Sté. Eg. Maritime Commerciale,0.0,0.0,0.0,0.0,0.0
1950,company,C01763,MISRAIR,8.0,8.0,0.0014343798789604057,0.0,0.16533094084312133
1950,company,C01899,Sté. Indul' trielle et Commerciale de Matériaux de Constructions «AL NISR»,2.0,2.0,0.0,0.0,0.10832802550312642
1950,company,C01534,Transport & Engineering Cy,15.0,15.0,0.015582330646629484,0.0,0.13154117382522496
1950,company,C01774,Menzaleh Canal (Shipping),2.0,2.0,0.0,0.0,0.10832802550312642
1950,company,C01108,"The Manure Co. of Egypt, S.A",0.0,0.0,0.0,0.0,0.0
1950,company,C01737,«Gerco»,18.0,18.0,0.010271212846790355,0.0,0.16188654624222298
1950,company,C01753,"Industrie Meunière d'Alexandrie, Cairo Agricultural Co. et Oriental Bond Stores",0.0,0.0,0.0,0.0,0.0
1950,company,C01074,"The Albert Mussa Agen- cy & Stevedoring Co., S.A.E",15.0,15.0,0.00832189047450611,0.0,0.1481137717362598
1950,company,C01852,"Société Misr pour la Filature et le Tissage, de la Société Misr d'Assurances, de la Société Misr pour le Tissage de la Soie, de la Société Misr de Navigation Maritime",1.0,1.0,0.0,0.0,0.14887510420780134
1950,company,C00752,"Beida Dyers, S.A.E",15.0,15.0,0.0014343798789604057,0.0,0.16955440287636764
1950,company,C01749,"The Industrial & Mechanical Supplies Co., S.A.E",1.0,1.0,0.0,0.0,0.002112676056338028
1950,company,C01949,"Upper Egypt Mining Cy., et Cairo Land & Financial Co",1.0,1.0,0.0,0.0,0.0011737089201877935
1950,company,C01537,Zagazig Cotton & Oil Cy,1.0,1.0,0.0,0.0,0.0011737089201877935
1950,company,C01647,Cherif Cotton & Trading Co,2.0,2.0,0.0,0.0,0.1345408458634691
1950,company,C00141,Société Foncière d'Egypte,7.0,7.0,0.0,0.0,0.14442099864220076
1950,company,C00448,"Société Egyptienne pour le Développement et le Commerce des Légumes, Fruits et Fleurs",12.0,12.0,0.007842811509399014,0.0,0.15302244140475255
1950,company,C00429,"Société Com- merciale Bulgaro-Egyplienne, S.A.E",1.0,1.0,0.0,0.0,0.14514474852150105
1950,company,C00476,"Société des Autobus du Nord, S.A.E",5.0,5.0,0.002828154418531589,0.0,0.1627964859502784
1950,company,C00055,Crédit Agricole d'Egypte,19.0,19.0,0.010061311260738734,0.0,0.1821570743308718
1950,company,C01685,Dél. Sté. Biens de Rapports à'Egypte,2.0,2.0,0.0,0.0,0.1364422796593982
1950,company,C00043,Commercial Bank of Egypt,24.0,26.0,0.021974988150548568,0.0,0.17543652147835617
1950,company,C01686,Dél. United,2.0,2.0,0.0,0.0,0.1364422796593982
1950,company,C01757,"Jardins & Vignobles d'Egypte, Commercial Insurance Cy. of Egypt",1.0,1.0,0.0,0.0,0.0011737089201877935
1950,company,C01976,«.Koldair» Refrigeration & Air Conditioning Co. of Egypt,0.0,0.0,0.0,0.0,0.0
1950,company,C01682,Dél. Port-Said Engineering Works,0.0,0.0,0.0,0.0,0.0
1950,company,C01028,"Société Misr pour l'Industrie Pharmaceutique, S.A.E",4.0,4.0,0.0028660013350766565,0.0,0.13089265530184668
1950,company,C01698,Eg. Works & Construction,0.0,0.0,0.0,0.0,0.0
1950,company,C01773,Menzaleh Canal & Navigation et Menzaleh Canal ( Shipping),0.0,0.0,0.0,0.0,0.0
1950,company,C00117,Salonica Cigarette Co,2.0,2.0,0.0,0.0,0.11008732653928639
1950,company,C00511,The Alexandria Cotton Trading Co,12.0,12.0,0.008739668814893993,0.0,0.16114958169180316
1950,company,C01691,EGYCO,6.0,6.0,0.0,0.0,0.14978501316628812
1950,company,C00018,Banque Belge et Internationale en Egypte,28.0,28.0,0.030801922262390345,0.0,0.19020461074907155
1950,company,C00423,Société Egyptienne des Industries Textiles,7.0,8.0,0.0007596773829965243,0.0,0.15686495470442877
1950,company,C01289,"Sté Eg. des Etablissements Bolanachi-Distillerie, S.A.E",6.0,6.0,0.0,0.0,0.14978501316628812
1950,company,C01770,Matexa,6.0,6.0,0.0,0.0,0.14978501316628812
1950,company,C01627,Ass. of Egypt,9.0,9.0,0.0010905066040253909,0.0,0.15756316666898854
1950,company,C01337,Marsa Matrouh Salt & Potash Cy,3.0,3.0,0.0004763639542097186,0.0,0.13280230221121084
1950,company,C01248,Commercial Insurance Cy. of Egypt,8.0,9.0,0.0013926196696972069,0.0,0.14600949725238077
1950,company,C01695,Eg. Delta Light Rys,0.0,0.0,0.0,0.0,0.0
1950,company,C01424,Société Générale de Placement Financier et Industriel,1.0,1.0,0.0,0.0,0.0011737089201877935
1950,company,C01346,The National Cotton Cy,1.0,1.0,0.0,0.0,0.0011737089201877935
1950,company,C01833,Selected Textile Industries Assoc. S.A.E,9.0,10.0,0.002863242912232502,0.0,0.13105418469958652
1950,company,C01591,-Dél. Union des Commerçants en Textile,2.0,3.0,0.0,0.0,0.10799753322193045
1950,company,C01877,Sté. ROLNY,2.0,2.0,0.0,0.0,0.10799753322193045
1950,company,C00482,Société des Omnibus de Fayoum,9.0,12.0,0.0037716084970839284,0.0,0.1324159280983769
1950,company,C01442,Société des Autobus de Charkieh,4.0,4.0,0.005704418441711767,0.0,0.11489099278928772
1950,company,C01118,The Upper Bus Co,4.0,8.0,0.004284096876642663,0.0,0.1359764075991015
1950,company,C01885,"Sté. Bolanachi, de la Sté Commerciale et Financière «Al Masria»",3.0,3.0,0.0,0.0,0.11358029340630832
1950,company,C00293,"The Egyptian Works & Construction Co., S.A.E",6.0,6.0,0.00428658909981629,0.0,0.13930595671390242
1950,company,C01568,«Nemco»,3.0,3.0,0.0,0.0,0.11358029340630832
1950,company,C01878,"Sté. des Engrais Organiques, S.A.E",3.0,3.0,0.0,0.0,0.11358029340630832
1950,company,C00259,Commerce Egyptienne d'Alexandrie,4.0,4.0,0.0005784324554073618,0.0,0.1436396406693845
1950,company,C01845,Société Egyptienne de Divulgation,0.0,0.0,0.0,0.0,0.0
1950,company,C01177,"Al Chark, Société d'Entreprises Générales",4.0,4.0,0.004175237319433542,0.0,0.11497391663828756
1950,company,C01658,Commercial Bank of Egypt~ de la Sté. Industrielle du Moyen-Orient,1.0,1.0,0.0,0.0,0.09680726922050892
1950,company,C01640,"Bottling Co. of Tantah, Electrical Development Co. of Egypt",13.0,13.0,0.0,0.0,0.1588991137180523
1950,company,C01299,Dél. F'rosted Food & Cold Storage Co. S.A.E,14.0,14.0,0.0014343798789604057,0.0,0.15897840469296148
1950,company,C00037,Compagnie d'Assurances «Al Charkl). w,4.0,5.0,0.00013192384453942225,0.0,0.16955440287636764
1950,company,C01351,"National Starch Co., S.A.E",4.0,4.0,0.0005961266971518065,0.0,0.13062432267515162
1950,company,C01175,«Sibur)),2.0,2.0,0.0,0.0,0.09763797824232143
1950,company,C01214,Astra et Halles Centrales d'Egypte,5.0,5.0,0.0014343798789604057,0.0,0.1364422796593982
1950,company,C00795,Société du Crédit Alexandrin,1.0,1.0,0.0,0.0,0.1226299934583121
1950,company,C01341,Misr Engineering Vl'orks & Transport Co,2.0,2.0,0.0,0.0,0.14494664376919691
1950,company,C00232,Anglo-Egyptian Oilfields,0.0,0.0,0.0,0.0,0.0
1950,company,C00062,Eastern Export Cy,7.0,8.0,0.0017784633493603272,0.0,0.13918423897103313
1950,company,C01587,-Dél. Egyptian Flax & Textile Cy,2.0,3.0,0.0,0.0,0.11345894693899389
1950,company,C00113,Société Anonyme des Immeubles de l'Est,6.0,8.0,0.0004922222263072447,0.0,0.131432641503587
1950,company,C00530,"The Egyplian Neon Lights Co., S.A.E",1.0,1.0,0.0,0.0,0.11159114641145178
1950,company,C00126,S.A. des Immeubles d'Egypte,8.0,8.0,0.004424149505751169,0.0,0.14936367698297928
1950,company,C00083,Koubbeh Gardens,5.0,5.0,0.0,0.0,0.13137844247616282
1950,company,C00076,The Gharbieh Land Co,14.0,16.0,0.004342302617413664,0.0,0.16254730765545655
1950,company,C00175,The Egyptian Enterprise & Development Co,15.0,16.0,0.0062353351585312175,0.0,0.16164014358432005
1950,company,C01819,S.A.E. Carb a,5.0,5.0,0.0,0.0,0.13137844247616282
1950,company,C01707,"Egyptian Flax & Textile Cy. et Eastern Export Cy."", S.A.E",0.0,0.0,0.0,0.0,0.0
1950,company,C01816,S.A. des Immeubles de l'Est et Egyptian Flax & Textile Cy,4.0,4.0,0.0,0.0,0.1112016485182181
1950,company,C01864,Sté An on. du Béhéra,4.0,4.0,0.0,0.0,0.1112016485182181
1950,company,C01469,Sté. Egyptienne pour la Fabrication,9.0,10.0,0.0013214500805854316,0.0,0.11691476073566784
1950,company,C00812,Exportation des Conserves,11.0,12.0,0.004184692992817934,0.0,0.11700063275971166
1950,company,C01453,Sté. Agricole et Fermière «Fermagn,5.0,5.0,0.00817611837824697,0.0,0.13319093771099283
1950,company,C00639,lu Société Cotonnière d'Egypte,0.0,0.0,0.0,0.0,0.0
1950,company,C01606,Al Chark Trading Co. y,2.0,2.0,0.0,0.0,0.11892225569417501
1950,company,C00442,Société Egyptienne de Tissage et Tricotage,18.0,19.0,0.011748826508302173,0.0,0.17969132713180758
1950,company,C01616,"Alexandria Racing Club, S.A.E., de l'Egyptian Mining & Prospecting Co. S.A.E",1.0,1.0,0.0,0.0,0.13894144047304616
1950,company,C00001,Alexandria Insurance Co,37.0,38.0,0.04902773699933287,0.0,0.19020461074907155
1950,company,C00737,"The Alexandria Racing Club, S.A.E",9.0,9.0,0.014485007231737065,0.0,0.17739015757499713
1950,company,C00582,Usines Textiles Al-Kahira,10.0,11.0,0.005932864791346492,0.0,0.15969560050360646
1950,company,C00008,Alexandria Pressing Co,17.0,17.0,0.01617954089667073,0.0,0.16732811082179352
1950,company,C01853,"Société Misr pour la Filature et le Tissage, de la Société Misr pour la Rayonne, de la Société Misr pour le Tissage de la",0.0,0.0,0.0,0.0,0.0
1950,company,C00056,Crédit Foncier Egyptien,24.0,28.0,0.016063147058634365,0.0,0.19763816563566677
1950,company,C01952,« Wattcoe »,2.0,2.0,2.7584228441546263e-06,0.0,0.002347417840375587
1950,company,C01589,-Dél. Les Grands Comptoirs d'Egypte,1.0,1.0,0.0,0.0,0.001564945226917058
1950,company,C00831,Grands Hôtels d'Egypte (Ex- Nungovich),2.0,2.0,0.0,0.0,0.15084882718025322
1950,company,C00112,Société Egyptienne d'Entreprises Urbaines et Rurales,17.0,17.0,0.017273682488042355,0.0,0.17128641021757787
1950,company,C01841,Société Bolanachi-Distillerie et Sté Foncière Domaine Cheikh Fadl,0.0,0.0,0.0,0.0,0.0
1950,company,C00143,Société Franco-Egyptienne d'Importation,3.0,3.0,5.5168456883092526e-06,0.0,0.0035211267605633804
1950,company,C01967,lateur de la Société Egyptienne d'Entreprises Urbaines et Rurales,2.0,2.0,0.0,0.0,0.002640845070422535
1950,company,C01384,S.A.E. d'Urhani.E'f_ne «Hadaek el Abram» ( Py1·amids Gardens),2.0,2.0,0.0,0.0,0.002640845070422535
1950,company,C01554,"la«Almina>>,S.A.E",2.0,2.0,0.0014343798789604057,0.0,0.11821622374942294
1950,company,C01265,"Dél. de-3 Usines El Chorbagui, S.A.E",1.0,1.0,0.0,0.0,0.1082912042843966
1950,company,C01646,Centrocommission Al Chark Trading Co,0.0,0.0,0.0,0.0,0.0
1950,company,C01178,United Enterprises,1.0,1.0,0.0,0.0,0.12239443834218011
1950,company,C01679,"Egyptian Arab Bank, S.A.E",13.0,13.0,0.0,0.0,0.1588991137180523
1950,company,C01934,The Near East Pharmaceu- tical & Commercial Co. et Sté Eg. Financière pour le Commerce,1.0,1.0,0.0,0.0,0.12164670599644706
1950,company,C00080,Industrie,18.0,23.0,0.012892971384628256,0.0,0.15178309814420907
1950,company,C01693,"Egyptian Plastics & Electrical Industries, S.A.E",3.0,4.0,0.0007144315166360483,0.0,0.12291385918391005
1950,company,C00833,Grieve & Irwin Ltd,4.0,6.0,0.002144673761330222,0.0,0.12296129795626971
1950,company,C01906,Sté. des Salines de Port Said,1.0,1.0,0.0,0.0,0.09909571477595484
1950,company,C01325,Jardins et Vignobles d'Egypte,9.0,10.0,0.00963458035967739,0.0,0.15346470279609578
1950,company,C01968,l} Hôpital Fouad 1er,1.0,1.0,0.0,0.0,0.002112676056338028
1950,company,C01232,Building & Engineering Supplies Co,3.0,3.0,8.275268532463878e-06,0.0,0.0035211267605633804
1950,company,C01620,Dél. Alexandria Textile Trading Co,0.0,0.0,0.0,0.0,0.0
1950,company,C01724,"F'ayoum Textile Cy., Sté. des Omnibus de Fayoum",0.0,0.0,0.0,0.0,0.0
1950,company,C01782,N ear East Commercial Co,0.0,0.0,0.0,0.0,0.0
1950,company,C01650,Compagnie Commerciale Cotonnière S.A.E,5.0,5.0,0.0,0.0,0.14084558930357863
1950,company,C01266,El Tawil Spinning & Weaving Cy,1.0,1.0,0.0,0.0,0.10602087288009812
1950,company,C01953,Warehouses of Egy.pt,0.0,0.0,0.0,0.0,0.0
1950,company,C00059,Dakahlieh Land Co,5.0,5.0,0.0006412083584295138,0.0,0.14468334378051537
1950,company,C00249,Carrier-Egypt,0.0,0.0,0.0,0.0,0.0
1950,company,C01541,cie 'rhe ~~gyptian Constwction & Engineering Cy,0.0,0.0,0.0,0.0,0.0
1950,company,C01985,«SEDEC»,2.0,2.0,0.0,0.0,0.13078519006760872
1950,company,C00383,S.A. des Monts de Piété Egyptiens,1.0,1.0,0.0,0.0,0.09223877330767077
1950,company,C00275,Crédit Hypothécaire Agricole d'Egypte,13.0,13.0,0.000542512549108186,0.0,0.1718407351697383
1950,company,C01718,Electrical Development Co. of Egypt,3.0,3.0,0.0004546046978520278,0.0,0.10009196450037539
1950,company,C00026,Société Egyptienne de la Bourse Commerciale de Minet El Bassal,11.0,11.0,0.0054958881031969,0.0,0.15671063600821195
1950,company,C00997,"Société Egyptienne d'Entreprises et Constructions ( S.E.D.E.C.), S.A.E",4.0,4.0,0.002863242912232502,0.0,0.1341443044230294
1950,company,C00357,S.A.E. Peltours,0.0,0.0,0.0,0.0,0.0
1950,company,C00736,Alexandria Life Insurance Co,8.0,8.0,0.006742232870928462,0.0,0.16830043476212087
1950,company,C00813,The Alexandria Engineering Work (ex-,13.0,13.0,0.01461149317461389,0.0,0.16901470716429434
1950,company,C01242,Chemical Industries Development,0.0,0.0,0.0,0.0,0.0
1950,company,C01851,Société Misr des Produits Pharmaceutiques,5.0,5.0,0.0,0.0,0.12401429466901316
1950,company,C00824,General,0.0,0.0,0.0,0.0,0.0
1950,company,C01128,"Union A lr>..crmdrine, Grand Officier de la Co-uronne d'Italie, Chevalir>r Saints Ma-urice et Lazarr>",2.0,2.0,0.0,0.0,0.13403143584547533
1950,company,C01612,Alexandria Glass & Porcelain Co,0.0,0.0,0.0,0.0,0.0
1950,company,C00485,Société des Publications Egyptiennes,0.0,0.0,0.0,0.0,0.0
1950,company,C00977,Société Coopérative Commerciale de Crédit,9.0,9.0,0.002863242912232502,0.0,0.1654167824531126
1950,company,C01893,Sté. Egyptienne de Divulgation,0.0,0.0,0.0,0.0,0.0
1950,company,C01712,Egyptian Press Co,0.0,0.0,0.0,0.0,0.0
1950,company,C01456,cte la Sté. Bolanachi-Distillerie,0.0,0.0,0.0,0.0,0.0
1950,company,C01740,Gouvernement à la Cie. du Canal de Suez,1.0,1.0,0.0,0.0,0.13280230221121084
1950,company,C01919,Textile Machinery Platt Bros. (Orient),0.0,0.0,0.0,0.0,0.0
1950,company,C01581,- Dél. National Salt & Mining Co,1.0,1.0,0.0,0.0,0.0011737089201877935
1950,company,C01619,"Alexandria Textile Co., Sté Eg. de Distillerie",1.0,1.0,0.0,0.0,0.0011737089201877935
1950,company,C01150,S.A.E. «Imprimerie Misr». ·,1.0,1.0,0.0,0.0,0.0011737089201877935
1950,company,C00739,The Anglo-Egyptian Mining Co,1.0,1.0,0.0,0.0,0.0011737089201877935
1950,company,C01688,Dél. de The Smelting Co. (Egypt) S.A.E,1.0,1.0,0.0,0.0,0.0011737089201877935
1950,company,C01896,Sté. Gle. de Placement Financier et Industriel,0.0,0.0,0.0,0.0,0.0
1950,company,C01192,"-Propriét~ire des «Fabriques ""de Glaces et Entrepôts Frigorifiques»",0.0,0.0,0.0,0.0,0.0
1950,company,C00065,The Egyptian Delta Land & Investment Cy,1.0,1.0,0.0,0.0,0.0011737089201877935
1950,company,C01727,Fayoum Light Railways et Anglo Belgian Co. of Egypt,1.0,1.0,0.0,0.0,0.11878923303679897
1950,company,C00247,Cairo Land & Financial Co,8.0,8.0,0.0025171903706376715,0.0,0.14736018640365164
1950,company,C01385,Sté. An. Eg. de Capitalisation L'Epargne,1.0,1.0,0.0,0.0,0.001564945226917058
1950,company,C01230,Béni Mazar Urbaine et Rurale,10.0,10.0,0.005035901852333676,0.0,0.14514474852150105
1950,company,C01860,Studios Al Ahram et Carver Cotton Co,0.0,0.0,0.0,0.0,0.0
1950,company,C00239,Banque Mi sr (Syrie-L.il.Jan),0.0,0.0,0.0,0.0,0.0
1950,company,C01667,Crédit d'Orient (Egypte),3.0,3.0,0.0,0.0,0.10847556111838436
1950,company,C01820,S.A.E. «L'Epargne>>,0.0,0.0,0.0,0.0,0.0
1950,company,C01472,Sté. Industrielle du Moyen Orient,6.0,6.0,0.0,0.0,0.1251346123349155
1950,company,C00092,National Insurance Co,19.0,23.0,0.016335147921125913,0.0,0.1827841210583447
1950,company,C01363,Nouveaux Hôtels d'Egypte,9.0,11.0,0.0014302422446941737,0.0,0.1324709866963388
1950,company,C01222,Banque Tepeghiosi & Co,2.0,2.0,0.0,0.0,0.10895783960488879
1950,company,C01271,Egyptian Rubber & Shoes Industry,9.0,12.0,0.0014302422446941737,0.0,0.1324709866963388
1950,company,C01283,Egyptian Sisal Manufacturing Cy,2.0,3.0,0.0,0.0,0.10895783960488879
1950,company,C01454,Studios Al Ahram,0.0,0.0,0.0,0.0,0.0
1950,company,C00282,"Eastern Co., S.A.E",1.0,1.0,0.0,0.0,0.0011737089201877935
1950,company,C01664,"Crédit Alexandrin, Alexandria Glass & Porcelain Factor",0.0,0.0,0.0,0.0,0.0
1950,company,C00291,"The Egyptian Independent Oil Co., S.A.E",3.0,3.0,0.002863242912232502,0.0,0.12862039685292484
1950,company,C01831,"Sahel, S.A.E",2.0,2.0,0.0,0.0,0.10633936014842953
1950,company,C01924,The Alexandria Dehydration & Commercial Cy (S.A.E. en formation) Sté Eg. Minoterie et Silos,2.0,2.0,0.0,0.0,0.10633936014842953
1950,company,C00345,National Contracting Co. of Egypt,8.0,8.0,0.004286589099816289,0.0,0.16246441764645325
1950,company,C01362,The North East Africa Trading Cy,16.0,16.0,0.008388167479401241,0.0,0.1598558570018539
1950,company,C01507,"The Egyptian Rice Mills, S.A.E",3.0,3.0,0.0006789173959884199,0.0,0.12708126166920417
1950,company,C01462,"Dél. Sté Commerciale Ex-Import, S.A.E",1.0,2.0,0.0,0.0,0.001564945226917058
1950,company,C01320,Rizerie Egyptienne Moderne,2.0,3.0,2.7584228441546263e-06,0.0,0.002347417840375587
1950,company,C00346,"The National Ginning Co. of Egypt, S.A.E",0.0,0.0,0.0,0.0,0.0
1950,company,C01240,Chemical Industrial & Tra· ding Cy,1.0,1.0,0.0,0.0,0.0011737089201877935
1950,company,C01856,Société Union Commerçants en Textiles et Alexandria Textile Trading Co,1.0,1.0,0.0,0.0,0.0011737089201877935
1950,company,C01870,"Sté Fouad 1er d'Economie Politique, de Statistique",2.0,2.0,0.0,0.0,0.0961354022343678
1950,company,C01762,Législation,2.0,2.0,0.0,0.0,0.0961354022343678
1950,company,C00032,Cairo-Heliopolis,4.0,4.0,0.002863242912232502,0.0,0.11398666297126828
1950,company,C00157,Société des Biens de Rapport d'Egypte,13.0,14.0,0.012345985760838729,0.0,0.15465666165276448
1950,company,C00523,The Egyptian Land & Buildings Co,7.0,8.0,0.0036406161083643966,0.0,0.15294897887887413
1950,company,C00779,Comptoir Commercial Economique,5.0,6.0,0.0008129244577794805,0.0,0.14216542748982366
1950,company,C00178,The Electric Light & Power Supply Cy,7.0,7.0,0.002716331165756351,0.0,0.15229097657968205
1950,company,C01113,"The Simon Arzt Stores, S.A.E",0.0,0.0,0.0,0.0,0.0
1950,company,C01355,cle 'rhe Near .East Pharmaceutical & Commercial Co,1.0,1.0,0.0,0.0,0.131432641503587
1950,company,C00478,Société des Autobus de Béhéra,2.0,5.0,0.0,0.0,0.08368603178478982
1950,company,C00303,"Gharbieh, S.A.E",2.0,5.0,0.0,0.0,0.08368603178478982
1950,company,C01117,The United Bus Co,4.0,4.0,0.002863242912232502,0.0,0.09689559702089258
1950,company,C01047,Société des Terrains de la Ville d'Alexandrie,0.0,0.0,0.0,0.0,0.0
1950,company,C01805,S.A. Pieux Vibro,0.0,0.0,0.0,0.0,0.0
1950,company,C01464,Sté. Eg. de Minoterie et Silos,0.0,0.0,0.0,0.0,0.0
1950,company,C01247,Commercial & Agency Co. of Egypt Ltd,3.0,5.0,0.0,0.0,0.11648728446241129
1950,company,C01495,The Alexandria Manufacturing Co. Ltd,3.0,5.0,0.0,0.0,0.11648728446241129
1950,company,C01416,Société Egyptienne de Conserves alimentaires,13.0,15.0,0.005392888168594117,0.0,0.14370443076440903
1950,company,C01584,-Dire.cteur S.A.E. Carba,0.0,0.0,0.0,0.0,0.0
1950,company,C00304,The Gharbieh Ginning Co,6.0,6.0,0.0037560720497104164,0.0,0.15443176102990538
1950,company,C00108,Société Anonyme Immobilière du Domaine de Siouf,0.0,0.0,0.0,0.0,0.0
1950,company,C00025,"Banque Mosséri, S.A.E",8.0,9.0,0.0022052465099054045,0.0,0.16066198840377954
1950,company,C00273,Crédit,12.0,15.0,0.006941414042901313,0.0,0.1557910625939828
1950,company,C00041,Commerce,3.0,5.0,0.0,0.0,0.12945661235460984
1950,company,C00443,"Société Egyptienne de Tuyaux, Poteaux et Produits en Ciment Armé",1.0,1.0,0.0,0.0,0.12728434798429678
1950,company,C01499,The Anglo-American Nile Co,14.0,14.0,0.0014343798789604057,0.0,0.12764131530636813
1950,company,C01446,Sociétés,1.0,1.0,0.0,0.0,0.10563419197768396
1950,company,C01269,"«Edrei & Co., Ltd. »",0.0,0.0,0.0,0.0,0.0
1950,company,C00009,Alexandria Water Company,4.0,4.0,0.0033576403068036513,0.0,0.14331656455451858
1950,company,C00072,Filature Nationale d'Egypte,9.0,10.0,0.007826990254914599,0.0,0.16636695718260827
1950,company,C00078,Société Générale Immobilière d'Egypte,9.0,9.0,0.005903304966924258,0.0,0.15331699855856346
1950,company,C00774,"Comptoir Auxiliaire d'Entreprises, S.A.E",0.0,0.0,0.0,0.0,0.0
1950,company,C01638,Bassili Pacha Timber Co,1.0,1.0,0.0,0.0,0.13330239456263382
1950,company,C01675,Delta Engineering Co. S.A.E,4.0,6.0,9.479491196913907e-05,0.0,0.14600949725238077
1950,company,C01954,Warehouses of Egypt,0.0,0.0,0.0,0.0,0.0
1950,company,C01979,«Chaussures,0.0,0.0,0.0,0.0,0.0
1950,company,C01282,Egyptian Shipping,19.0,19.0,0.016756569586447716,0.0,0.17495481768517013
1950,company,C00463,Société Immobilière de Boulac,1.0,1.0,0.0,0.0,0.0011737089201877935
1950,company,C01015,"Société Immobilière de Zamalek, S.A.E",1.0,1.0,0.0,0.0,0.0011737089201877935
1950,company,C01338,Tb.e Mediterranean Co. for General Tracte (Egypt) S.A,0.0,0.0,0.0,0.0,0.0
1950,company,C00507,"The Hinshelwood Paint & Oil Co. of Egypt, S.A.E",4.0,4.0,0.004463164542490614,0.0,0.12888055137730375
1950,company,C00005,"The Alexa11- dria & Ramleh Raih,·ay Co. Ltd",1.0,1.0,0.0,0.0,0.12784619703238156
1950,company,C01846,Société Egyptienne des Industries Electriques et Mécaniques,9.0,9.0,0.0014343798789604057,0.0,0.16155817596586958
1950,company,C00103,Rosetta & Alexandria Rice Mills,14.0,14.0,0.006354794724183454,0.0,0.14448649569373917
1950,company,C00246,British Oil & Cake Mills Ltd,1.0,1.0,0.0,0.0,0.11691476073566784
1950,company,C01886,Sté. Commerciale et Financière «Al Masria)),0.0,0.0,0.0,0.0,0.0
1950,company,C01741,Grands Hôtels d'Egypte et Sté Nationale de Textile Memphis,0.0,0.0,0.0,0.0,0.0
1950,company,C00431,"Société Egyp- tienne des Industries Chimiques, S.A.E",1.0,1.0,0.0,0.0,0.0011737089201877935
1950,company,C01377,S.A. des Presses Libres,0.0,0.0,0.0,0.0,0.0
1950,company,C00520,The Choremi Benachi Cotton Co,2.0,2.0,0.0,0.0,0.11618990627450577
1950,company,C01843,"Société Cotonnière «Maarad», de la Société Egyptienne de la Bourse Commerciale de Minet El Bassai",2.0,2.0,0.0,0.0,0.11618990627450577
1950,company,C01267,The Eastern Electric Cy,4.0,4.0,0.0015861226194955928,0.0,0.13961118448934917
1950,company,C01373,"Rye, Evans & Co. (Sudan) Ltd",2.0,2.0,0.0,0.0,0.14521090383076338
1950,company,C01365,Orient Linen Industry,13.0,13.0,0.007598434554261899,0.0,0.176603504991516
1950,company,C01875,Sté Nationale de Textile «Memphis» S.A.E,16.0,16.0,0.014951814587710026,0.0,0.16856757830936234
1950,company,C00209,"""é de la Marconi Radio Telegraph Co. of Egypt, S.A.E",0.0,0.0,0.0,0.0,0.0
1950,company,C00768,Cie. Universelle du Canal Maritime de Suez,12.0,13.0,0.0012023304162047423,0.0,0.17592088514892038
1950,company,C00893,"Immobilia d'Egypte, S.A.E",11.0,13.0,0.0003444144129641622,0.0,0.1661067377501016
1950,company,C00148,Société Générale des Sucreries,18.0,22.0,0.0073996782850850994,0.0,0.1886280183568353
1950,company,C00102,Raffinerie d'Egypte,25.0,33.0,0.01627385090102928,0.0,0.19473882824247848
1950,company,C00048,Société Anonyme des Eaux du Caire,15.0,23.0,0.004274104338687444,0.0,0.17729144296310229
1950,company,C01166,«Commerciale» Cie. Nationale pour le Commerce,3.0,4.0,0.0,0.0,0.12987881084577857
1950,company,C00516,"Asia & Africa Trading CY., S.A.E",3.0,3.0,0.0,0.0,0.12987881084577857
1950,company,C01847,Société Egyptienne pour l'industrie et le Commerce des Cotonnades«La Cotonnière» S.A.E,1.0,1.0,0.0,0.0,0.1266770270396401
1950,company,C01645,Carver Cotton S.A.E,2.0,2.0,0.0,0.0,0.13900206064777262
1950,company,C00210,& Engineering Co,1.0,1.0,0.0,0.0,0.13882035860771016
1950,company,C00319,Industrie du Froid,0.0,0.0,0.0,0.0,0.0
1950,company,C01181,"'l'he Mercantile, Ship· ping & Coaling Co., Bianchi & Co. (Egypt) Ltd",3.0,3.0,0.0,0.0,0.13397507275218454
1950,company,C01515,"The Mercantile, Shipping & Coaling Co. Bianchi & Co. (Malta) Ltd",3.0,3.0,0.0,0.0,0.13397507275218454
1950,company,C01508,The Egyptian Star Navigation Co,3.0,3.0,0.0,0.0,0.13397507275218454
1950,company,C01884,Sté. Bibaoui pour le Commerce des Cotons,0.0,0.0,0.0,0.0,0.0
1950,company,C01517,The Near East Cleaning Co. Ltd,3.0,4.0,1.3792114220773131e-06,0.0,0.10247433998221127
1950,company,C00196,The Sinaï Mining Co. Ltd,5.0,5.0,0.0,0.0,0.12401429466901316
1950,company,C01697,Eg. Sisal Manufacturing Cy,0.0,0.0,0.0,0.0,0.0
1950,company,C01904,"Sté. des Autobus du Nord, S.A.E. et Egyptian Road Transport Co. S.A.E",1.0,1.0,0.0,0.0,0.12464504029917638
1950,company,C01417,Société Egyptienne de Teinture,1.0,4.0,0.0,0.0,0.001564945226917058
1950,company,C00740,Apprêt,2.0,5.0,2.7584228441546263e-06,0.0,0.002347417840375587
1950,company,C00988,Société Egyp- tienne des Pétroles,0.0,0.0,0.0,0.0,0.0
1950,company,C01848,"Société Franco-Egyptienne de Soieries, S.A.E",1.0,1.0,0.0,0.0,0.11914462341237653
1950,company,C01383,S.A.E. Sahel,0.0,0.0,0.0,0.0,0.0
1950,company,C00058,Crédit Immobilier Suisse-Egyptien,2.0,2.0,2.7584228441546263e-06,0.0,0.002347417840375587
1950,company,C01681,Dél. Manufacture des Textiles Egyptiens «Matexa»,0.0,0.0,0.0,0.0,0.0
1950,company,C00851,"Manufac- ture Egyptienne de Bonnelterie et Tricotage «EI-Nil», S.A.E",0.0,0.0,0.0,0.0,0.0
1950,company,C01987,«Sté. Borsali pour le Commerce,1.0,1.0,0.0,0.0,0.12164670599644706
1950,company,C01775,Middle East Trading & Cotton Co,1.0,1.0,0.0,0.0,0.001564945226917058
1950,company,C01611,Alexandria Glass & Por- celain Factory,3.0,3.0,0.0,0.0,0.13691135496548984
1950,company,C00422,"Société Egyptienne de Constructions, S.A.E. (Egyco)",19.0,19.0,0.009030441146481822,0.0,0.16354862577243062
1950,company,C01786,National Bottling Co. of Egypt,7.0,7.0,0.005361717024512534,0.0,0.1462105199654405
1950,company,C01888,Sté. Eg. Minoterie et Silos et Sté. Crédit Alexandrin,2.0,2.0,0.0,0.0,0.12552904767718473
1950,company,C01471,Sté. Immobilière de l'Avenue de la Reine Nazli,0.0,0.0,0.0,0.0,0.0
1950,company,C01262,Dakahlieh,2.0,2.0,0.0,0.0,0.09683669392239964
1950,company,C01600,AIRMEC,4.0,4.0,0.0,0.0,0.1422288941985245
1950,company,C01623,Ammoniac & Chemical Co,0.0,0.0,0.0,0.0,0.0
1950,company,C01769,Manufactures Fortunato-Salloum,0.0,0.0,0.0,0.0,0.0
1950,company,C01834,Smelting Co . . (Egypt). S.A.E,0.0,0.0,0.0,0.0,0.0
1950,company,C00427,Société California Texas des Pétroles,1.0,1.0,0.0,0.0,0.11652989136967623
1950,company,C00886,Platrières de Ballah,14.0,14.0,0.0,0.0,0.1694642143641994
1950,company,C00804,"The Egyptian Aerated Water Company, Ltd",0.0,0.0,0.0,0.0,0.0
1950,company,C01940,Trading Corp. of Egypt,1.0,1.0,0.0,0.0,0.13330239456263382
1950,company,C00147,Société Générale de Pressage el de Dépôts,3.0,3.0,0.0,0.0,0.13609257710580727
1950,company,C01788,"National Ginning Co. of Egypt, S.A.E., de The Electricity andlee Supply Co., de la Cairo Sand Bricks Co. S.A.E., de la Fluviale S.A.E",3.0,3.0,0.0,0.0,0.13609257710580727
1950,company,C01798,Nile Insurance Co,8.0,8.0,0.0,0.0,0.1630464293780424
1950,company,C01938,The Sud an Oil Mills Ltd,2.0,2.0,0.0,0.0,0.1246938250507612
1950,company,C01797,Nile Commercial Co,2.0,2.0,0.0,0.0,0.1246938250507612
1950,company,C01944,Union des Hôteliers d'Egypte,2.0,2.0,0.0,0.0,0.12169317150675892
1950,company,C01916,Tarification du Tourisme Egyptien,2.0,2.0,0.0,0.0,0.12169317150675892
1950,company,C01711,Egyptian Motor Transport Co. et Selected Textile Industries Assoc. S.A.E,0.0,0.0,0.0,0.0,0.0
1950,company,C01829,SAIDE,0.0,0.0,0.0,0.0,0.0
1950,company,C01931,The Egyptian Petroleum Storage Co. et The Albert Mussa Agency & Stevedoring Co. S.A.E,0.0,0.0,0.0,0.0,0.0
1950,company,C00091,National Bank of Egypt,33.0,38.0,0.03702055313427428,0.0,0.19887186205037133
1950,company,C00302,"General Society for Banking, Trading & Land Enterprises, S.A.E",3.0,5.0,0.0,0.0,0.0037558685446009393
1950,company,C00145,Société Générale d'Electricité,4.0,6.0,8.275268532463878e-06,0.0,0.004694835680751174
1950,company,C00088,Mécanique,3.0,5.0,0.0,0.0,0.0037558685446009393
1950,company,C01738,General So~iety for,0.0,0.0,0.0,0.0,0.0
1950,company,C01910,"Su,?pléant de Kafr el Zayat Cotton Co",0.0,0.0,0.0,0.0,0.0
1950,company,C01410,Société Egyptienne de Constructions Modernes «Al Chams» S.A.E,12.0,12.0,0.0,0.0,0.16830043476212087
1950,company,C01978,«Al Mansur Construction Co. Ltd. Bagdad»,1.0,1.0,0.0,0.0,0.0011737089201877935
1950,company,C01708,"Egyptian Foreign Trade & Travel Research Organization, S.A.E. en formation",1.0,1.0,0.0,0.0,0.0011737089201877935
1950,company,C01844,Société Egyptienne d'Expansion Commerciale et Industrielle «Sedex» S A.E. en formation,1.0,1.0,0.0,0.0,0.0011737089201877935
1950,company,C00459,Société Générale de Pressage,18.0,23.0,0.00896784400797558,0.0,0.17969132713180758
1950,company,C00280,Dépôts,6.0,11.0,0.0013924402945109037,0.0,0.15435693944025913
1950,company,C00512,"The Amalgamated lee Factories & Cold Stores, S.A.E",8.0,8.0,0.0,0.0,0.1438341864581015
1950,company,C00261,Commercial Bank of the Near East,0.0,0.0,0.0,0.0,0.0
1950,company,C01768,Manufacture Nation. Couverture et Lainages,0.0,0.0,0.0,0.0,0.0
1950,company,C00190,Union Foncière d'Egypte,13.0,14.0,0.01433411589216028,0.0,0.1672402745431469
1950,company,C01545,diverses Sociétés,1.0,1.0,0.0,0.0,0.13137844247616282
1950,company,C00524,"The Egyptian Copper Works, S.A.E",25.0,25.0,0.03195526483341552,0.0,0.17948885803081396
1950,company,C00109,Société Anonyme de Wadi Kom Ombo,12.0,12.0,0.003555029313126964,0.0,0.17137854922253623
1950,company,C01379,S.A. des Wagons Lits Iran,1.0,1.0,0.0,0.0,0.0011737089201877935
1950,company,C01438,"Société Viticole et Vinicole d'Egypte, Représentant de la Cie. Internationale des Wagons-Lits en Egypte, en Palestine, Syrie, Irak et Iran",1.0,1.0,0.0,0.0,0.0011737089201877935
1950,company,C01716,The Egyptian Stevedoring & Shipping Go. S.A.E,4.0,4.0,0.0014343798789604057,0.0,0.1342008100272514
1950,company,C01082,The Cairo Agricultural Co. S.A.E,1.0,1.0,0.0,0.0,0.13137844247616282
1950,company,C01981,"«Fermag», Sté d'Alimentation Générale",0.0,0.0,0.0,0.0,0.0
1950,company,C01713,Egyptian Road Construction et Eg. Rice and Flour Mills,0.0,0.0,0.0,0.0,0.0
1950,company,C01293,Farghaly Cotton & Investment Cy,27.0,27.0,0.01788912062352691,0.0,0.18930048901051386
1950,company,C01746,Imperial Trading Co,0.0,0.0,0.0,0.0,0.0
1950,company,C01360,Nil Paris,0.0,0.0,0.0,0.0,0.0
1950,company,C01895,Sté. Gle. Travaux Publics Bâtiments et Industries Connexes (SOTRAC),0.0,0.0,0.0,0.0,0.0
1950,company,C01663,Crédit Agricole et Coopératif d'Egypte,12.0,12.0,0.0,0.0,0.16830043476212087
1950,company,C00437,"Société Egyptienne de Filature et Tissage de la Laine, S.A.E",26.0,26.0,0.023603296963411628,0.0,0.1827841210583447
1950,company,C01020,Société Misr pour la Filature et le Tissage S.A. E,14.0,15.0,0.000520451869656263,0.0,0.16847843627958478
1950,company,C01427,Société Misr Rayonne,15.0,16.0,0.0027636704065516654,0.0,0.16874614565926635
1950,company,C00060,"Delta Trading Co., S.A.E",19.0,22.0,0.00936105440648363,0.0,0.17798476145513678
1950,company,C01690,Dépôts S.A.E,12.0,12.0,0.0,0.0,0.16830043476212087
1950,company,C00584,"Société Viticole et Vinicole d'Egypte, S.A.E",2.0,2.0,0.0014343798789604057,0.0,0.08906701789340084
1950,company,C01866,Sté. Autobus Routes Désert,0.0,0.0,0.0,0.0,0.0
1950,company,C01850,Société Industrielle et Commerciale Laitière « Mandara»,8.0,8.0,0.0,0.0,0.1438341864581015
1950,company,C00832,"Grands Magasins Cicurel, S.A.E",3.0,4.0,0.0014343798789604057,0.0,0.12013300264128764
1950,company,C01544,"«Le Scribe Egyptien», S.A.E",1.0,2.0,0.0,0.0,0.10043906778206016
1950,company,C01902,Sté. SELAR,1.0,1.0,0.0,0.0,0.14514474852150105
1950,company,C00309,Grands,0.0,0.0,0.0,0.0,0.0
1950,company,C00439,Société Egyptienne de Placements,8.0,9.0,0.004814365386364918,0.0,0.14922375784763225
1950,company,C01670,"Crédit, S.A.E",2.0,2.0,0.0,0.0,0.1200877206953241
1950,company,C00101,S.A. des Presses Libres Egyptiennes,16.0,16.0,0.01724131176357912,0.0,0.17650566371451237
1950,company,C01180,"Société d'Entreprises M. Cockinos, S.A.E",1.0,1.0,0.0,0.0,0.001564945226917058
1950,company,C00317,"Industrie Meunière d'Alexandrie, S.A.E",3.0,3.0,0.0007841325832349438,0.0,0.1419753667578854
1950,company,C00248,Caisse Hypothécaire d'Egypte,5.0,5.0,0.004292105945504598,0.0,0.10858647682504936
1950,company,C00153,Société d'Avances Commerciales,7.0,7.0,0.00018614683614153632,0.0,0.1251837811413339
1950,company,C01767,"Maison d'Ameublement B. Pontremoli, S.A.E. et Maison de la Petite Reine",0.0,0.0,0.0,0.0,0.0
1950,company,C01702,Egyptian Cotton & Trading Cy et Sté Commerciale d'Egypte,0.0,0.0,0.0,0.0,0.0
1950,company,C01274,Egyptian Cotton & Trading Co,4.0,4.0,0.0,0.0,0.12993177936569936
1950,company,C01311,Grands Magasins Chemla,2.0,2.0,0.0,0.0,0.11509852709707184
1950,company,C00855,"Maison de la Petite Reine, S.A.E",3.0,3.0,0.0014343798789604057,0.0,0.10658839846259446
1950,company,C01292,Etablissements Giacomo Cohenca Fils,0.0,0.0,0.0,0.0,0.0
1950,company,C01684,Dél. Sté d'Entreprises Commerciales en Egypte,0.0,0.0,0.0,0.0,0.0
1950,company,C00508,The Aboukir Co,20.0,20.0,0.016711900888880894,0.0,0.1647325351627171
1950,company,C01761,Land Agency of Egypt,3.0,3.0,0.0,0.0,0.1316498855391301
1950,company,C00874,Near,0.0,0.0,0.0,0.0,0.0
1950,company,C00213,Near East,0.0,0.0,0.0,0.0,0.0
1950,company,C01298,Ford Motor Cy. (Egypt) S.A.E,8.0,8.0,0.0,0.0,0.1438341864581015
1950,company,C01680,Dél. Ford Motor Co. (Egypt),0.0,0.0,0.0,0.0,0.0
1950,company,C00450,"Société Egyptienne pour l'Exploitation des Mines et Carrières, S. A.E",0.0,0.0,0.0,0.0,0.0
1950,company,C01777,Mineral Waters & Wines and Spirits,0.0,0.0,0.0,0.0,0.0
1950,company,C00393,Société Egyptienne d'Electricité,7.0,8.0,0.005704418441711767,0.0,0.1397336504406556
1950,company,C01789,"National Plastics Co., Cotton Broker, Alexandrie et Le Caire",0.0,0.0,0.0,0.0,0.0
1950,company,C01436,"Société Nationale de Matières Plastiques, S.A.E",8.0,11.0,0.0013099183131595011,0.0,0.16732811082179352
1950,company,C00419,"Société Nationale du Papier, S.A.E",17.0,21.0,0.02170696521765435,0.0,0.1864205517874165
1950,company,C01700,Egyptian Aircraft Engineering Company ( S.A.E.),15.0,15.0,0.017805626350071737,0.0,0.1647325351627171
1950,company,C01784,National Bank of Egypt et Crédit Agricole et Coo,0.0,0.0,0.0,0.0,0.0
1950,company,C01549,et Secretaire de la . Sté. Edrei .& Co. Lt.d,0.0,0.0,0.0,0.0,0.0
1950,company,C00884,"PEgyplian Mining & Prospeclting Co., S.A.E",0.0,0.0,0.0,0.0,0.0
1950,company,C01328,Lotus Navigation Cy,1.0,1.0,0.0,0.0,0.0011737089201877935
1950,company,C00121,"Société Immobilière d'Alexandrie, S.A.F",0.0,0.0,0.0,0.0,0.0
1950,company,C00176,Egyptian Hotels,2.0,2.0,0.0,0.0,0.11390515659803176
1950,company,C00006,Alexandria Commercial Co,7.0,7.0,0.0,0.0,0.16213370127465385
1950,company,C00133,Société Egyptienne d'Egrenage,8.0,9.0,0.0007158107280581255,0.0,0.16221625407571022
1950,company,C00071,Entrepôts,8.0,9.0,0.0007158107280581255,0.0,0.16221625407571022
1950,company,C01200,"Abou Zaabal ,& Kafr el Zayat Fertiliser· & Chemieal CY-.. (AKFAC)",12.0,12.0,0.005826313006489723,0.0,0.17818384955519848
1950,company,C01659,Conseil Surveillance de The Angelil Trading Co,1.0,1.0,0.0,0.0,0.0011737089201877935
1950,company,C01677,Drossos Co. Ltd,1.0,1.0,0.0,0.0,0.0011737089201877935
1950,company,C00114,S.A. du Béhéra,22.0,26.0,0.00946662414673157,0.0,0.1709188428136775
1950,company,C01962,et Secretaire Sinai Mining Co,0.0,0.0,0.0,0.0,0.0
1950,company,C01799,Nile Works Co,0.0,0.0,0.0,0.0,0.0
1950,company,C01206,The Alexandria & Khartoum Trading Corp,1.0,1.0,0.0,0.0,0.002112676056338028
1950,company,C00012,Anglo-Belgian Co. of Egypt,11.0,11.0,0.007426521134627441,0.0,0.14448649569373917
1950,company,C00289,Egyptian Finance Co,8.0,8.0,0.002386424798630689,0.0,0.13912345982737767
1950,company,C00167,Com- mercial & Estates Co. of Egypt,0.0,0.0,0.0,0.0,0.0
1950,company,C01503,The Consolidated Landed In- terests (Egypt),2.0,2.0,0.0,0.0,0.1316498855391301
1950,company,C00069,Egyptian Salt & Soda,3.0,3.0,0.0,0.0,0.14674929663965677
1950,company,C01652,Cigarettes Nestor Gianaclis & Unitas Trading Co,1.0,1.0,0.0,0.0,0.11362079993034765
1950,company,C00445,Société Egyptienne pour l'Industrie de Bonneterie,1.0,1.0,0.0,0.0,0.10785129417897592
1950,company,C00038,Clothing & Equipment Co,5.0,5.0,0.0008578052345577406,0.0,0.13137844247616282
1950,company,C01030,Société Misr pour le Lin,9.0,9.0,0.007585354702904476,0.0,0.14527711947318506
1950,company,C00717,dela Société Egyptienne de,0.0,0.0,0.0,0.0,0.0
1950,company,C00552,The Upper Egypt Ginning Co,12.0,13.0,0.010730428515697138,0.0,0.14749663102069205
1950,company,C00151,Société Orientale de Publicité,2.0,2.0,0.0,0.0,0.1404729819244686
1950,company,C00483,Sté. des Produits Centrifugés en Ciment,6.0,6.0,0.0014405438146766713,0.0,0.1617221944186268
1950,company,C01861,Sté Agricole et Fermière FERMAG et Sté An. Agricole et Industrielle d'Egypte,0.0,0.0,0.0,0.0,0.0
1950,company,C01583,-Contrôleur en Egypte de la S.A. des Monts de Piété Egyptiens,3.0,3.0,0.0,0.0,0.10847556111838436
1950,company,C01736,Fish and Produce Assoc. of Egypt,3.0,3.0,0.0014343798789604057,0.0,0.12820632716486713
1950,company,C01871,Sté Gle Pressage et Dépôts et Sté Cotonnière d'Egypte,0.0,0.0,0.0,0.0,0.0
1950,company,C01361,Nile Brewery,0.0,0.0,0.0,0.0,0.0
1950,company,C00182,The Union Cotton Company of Alexandria,16.0,16.0,0.0037063923178073037,0.0,0.1612311351238334
1950,company,C01223,"Banque Zilkha, S.A.E",2.0,2.0,0.0007561520886830245,0.0,0.1277949149637765
1950,company,C01862,"Sté Agricole et Urbaine « Le Fayoum ». Elo ui, Aziz, Ingénieur Diplômé de l) Ecole Royale Polytechnique de Guizeh) Le Caire",6.0,6.0,0.0,0.0,0.10752369996783491
1950,company,C00472,"Société de Ciment Portland de Hélouan, S.A.E",11.0,11.0,0.006247993433102516,0.0,0.12552904767718473
1950,company,C00250,"Carrier-Egypt, S.A.E",6.0,6.0,0.0,0.0,0.10752369996783491
1950,company,C00494,"The Standard Oil Company of Egypt, S.A",6.0,6.0,0.0,0.0,0.10752369996783491
1950,company,C00341,"The i\!isr Concretc Development Cy., S.A.E",6.0,6.0,0.0,0.0,0.10752369996783491
1950,company,C00572,"Toukhy's Co. for Sundries & Toys, S.A.E",0.0,0.0,0.0,0.0,0.0
1950,company,C01745,Sté Immobilière Masr el Guedida,10.0,10.0,0.011646818911701435,0.0,0.16847843627958478
1950,company,C00164,The Cairo Electric Railways and Heliopolis Oases Co,8.0,9.0,0.0010827254052082898,0.0,0.14540973208794836
1950,company,C01921,The African Enterprise& Development Cy et Egyptian Hotels Ltd,5.0,5.0,0.0,0.0,0.13948893301431473
1950,company,C01867,"Sté Belge Electro-rail, etc",5.0,5.0,0.0,0.0,0.13948893301431473
1950,company,C01971,ses Sociétés belges et étrangères,0.0,0.0,0.0,0.0,0.0
1950,company,C01957,autres Sociétés. r,1.0,1.0,0.0,0.0,0.10785129417897592
1950,company,C01593,-Dél. de l' Alexandria Portland Cement Co,9.0,9.0,0.012752630989442702,0.0,0.15390952802159172
1950,company,C01053,Société «Egyplian Cement Products»,5.0,5.0,0.0,0.0,0.12401429466901316
1950,company,C01733,Filature Misr de Kafr El Dawar,5.0,5.0,0.0,0.0,0.12401429466901316
1950,company,C00031,The Cairo Suburban Building Land Co,1.0,1.0,0.0,0.0,0.0011737089201877935
1950,company,C01304,General Navigation Co. of Egypt,10.0,10.0,0.004286589099816289,0.0,0.14402925994787288
1950,company,C01455,Sté,4.0,4.0,0.000787406823567996,0.0,0.15135046223500942
1950,company,C01803,Officielprès l' Alexandria Water Cy Ltd,0.0,0.0,0.0,0.0,0.0
1950,company,C01259,Crédit Hypothécaire Egyptien,2.0,2.0,0.0,0.0,0.1404729819244686
1950,company,C00487,Société du Croissant Rouge,2.0,2.0,0.0,0.0,0.1404729819244686
1950,company,C00267,Compagnie du Canal de suez,2.0,2.0,0.0,0.0,0.13900206064777262
1950,company,C00179,The Ge- neral Accident Fire and Life Assurance Corporalion LH,2.0,2.0,0.0,0.0,0.12543020590736018
1950,company,C01937,"The Standard Oil Company of Egypt S.A., Carrier-Egypt S.A.E",2.0,2.0,0.0,0.0,0.12543020590736018
1950,company,C01928,"The Bassili Pacha Timber Cy., de la Sté Orientale Cinéma",1.0,1.0,0.0,0.0,0.002112676056338028
1950,company,C01879,"Sté des Industries Modernes du Bâtiment, S.A.E",3.0,3.0,5.5168456883092526e-06,0.0,0.0035211267605633804
1950,company,C01824,S.A.E. suivantes,2.0,2.0,0.0,0.0,0.002640845070422535
1950,company,C01961,"et A dm. Dél. Sté Orientale du Cinéma, S.A.E",2.0,2.0,0.0,0.0,0.002640845070422535
1950,company,C00075,Gabbari Land Co,14.0,15.0,0.006729838838432125,0.0,0.17898467584533417
1950,company,C01628,Associated Cotton Ginners of Egypt (Anglaise),2.0,2.0,0.0,0.0,0.13948893301431473
1950,company,C00885,"Pinto Cotton Co., S.A.E",5.0,8.0,0.0014371383018045602,0.0,0.11910008336624106
1950,company,C00374,S.A. des Bières Bomonti & Pyramides,10.0,10.0,0.0029929321243569494,0.0,0.15748528077345272
1950,company,C01516,"National Theaters Cy, S.A.E",0.0,0.0,0.0,0.0,0.0
1950,company,C01250,"Compagnie Commerciale Cotonnière, S.A.E. (Ex-Fenderl & Co.}",0.0,0.0,0.0,0.0,0.0
1950,company,C01610,"Alexandria Commercial Co., S.A.E., de la S.A. des Presses Libres Egyptiennes, de la S.A. des Terrains de Guizeh-Rodah",2.0,2.0,0.0,0.0,0.12830959444409779
1950,company,C01947,Universal Motor Company,1.0,1.0,0.0,0.0,0.0011737089201877935
1950,company,C01644,Cairo Motor Company,1.0,1.0,0.0,0.0,0.0011737089201877935
1950,company,C01747,Indo-Egyptiana S.A.E,0.0,0.0,0.0,0.0,0.0
1950,company,C00016,Banco Italo-Egiziano,3.0,3.0,0.0014343798789604057,0.0,0.13192245258993573
1950,company,C00030,Cairo Sand Bricks,1.0,1.0,0.0,0.0,0.001564945226917058
1950,company,C00067,Egyptian Markets,3.0,3.0,0.0,0.0,0.1316498855391301
1950,company,C01212,"Associated Industries, S.A.E",13.0,13.0,0.0,0.0,0.1588991137180523
1950,company,C01288,Etablissements Bamco,2.0,2.0,0.0,0.0,0.11808477502027236
1950,company,C01318,Helwan Land Cy. p,0.0,0.0,0.0,0.0,0.0
1950,company,C00846,Société Franco-Egyptienne de Crédit,7.0,7.0,0.003919774569852474,0.0,0.14818266186264878
1950,company,C01070,Technique de The Dakahlieh Land Co,0.0,0.0,0.0,0.0,0.0
1950,company,C00073,Fédération Egyptienne des Industries,5.0,5.0,0.002863242912232502,0.0,0.15236380822797457
1950,company,C01653,"Comite de Chimie Industrielle, Université Farouk 1er",3.0,3.0,0.0,0.0,0.15221821452684894
1950,company,C00378,S.A. des Drogueries d'Egypte,7.0,7.0,0.004286589099816289,0.0,0.1252822347639382
1950,company,C01717,El Gazai Import et Trading Co,0.0,0.0,0.0,0.0,0.0
1950,company,C01728,Fayoum Light Rys. Co,6.0,6.0,0.0,0.0,0.12493832274693915
1950,company,C00068,The Egyptian'1\Œotor Transport Co,1.0,1.0,0.0,0.0,0.0011737089201877935
1950,company,C01827,S.S. Genisserlis & Co,1.0,1.0,0.0,0.0,0.0011737089201877935
1950,company,C01366,The Oriental Bond Stores,0.0,0.0,0.0,0.0,0.0
1950,company,C01838,Société Anonyme Egyptienne Financière et Immobilière (Cairo),1.0,1.0,0.0,0.0,0.0011737089201877935
1950,company,C01876,Sté Nationale de Textile Memphis (Alexandrie),1.0,1.0,0.0,0.0,0.0011737089201877935
1950,company,C01326,Josy Film,5.0,5.0,0.0009201416444124943,0.0,0.14344562044335651
1950,company,C01790,"National Salt & Mining Co., de la Sahel, S.A.E",3.0,3.0,0.0,0.0,0.1341443044230294
1950,company,C00865,"Moulins «Al Mahmou- dieh», S.A.E",6.0,6.0,0.0008992937354462086,0.0,0.13985633143314083
1950,company,C00046,Communauté Israélite d'Alexandrie,8.0,8.0,0.004828228755637273,0.0,0.1723054207705218
1950,company,C01322,Import & Export Bank of Egypt,12.0,12.0,0.002259606519323732,0.0,0.14280265486539437
1950,company,C01974,« EFTRO »,4.0,4.0,0.0001379343770648119,0.0,0.13894144047304616
1950,company,C01209,Anglo-Egyptian Soap .& Edible Products,7.0,7.0,0.0,0.0,0.13534100382527392
1950,company,C01715,Egyptian Sisal Manufacturing Co. et « Al Gaafa- ria »,1.0,1.0,0.0,0.0,0.1253808433706001
1950,company,C00504,Technique de la Salonica Cigarette Co .. S. A. E,0.0,0.0,0.0,0.0,0.0
1950,company,C01796,Nestor Gianaclis and Agricultural Cy,0.0,0.0,0.0,0.0,0.0
1950,company,C01629,"Banco Italo Egiziano et Industrie Fibres Textiles, S.A.E",0.0,0.0,0.0,0.0,0.0
1950,company,C01742,"Helwan Portland Cement Cy., S.A.E",0.0,0.0,0.0,0.0,0.0
1950,company,C01613,Alexandria National Bottling Co,2.0,2.0,0.0,0.0,0.11808477502027236
1950,company,C01657,Commercial & Engineering Co. of Egypt & Middle East,0.0,0.0,0.0,0.0,0.0
1950,company,C01955,Zeitoun Canning & Fc,2.0,2.0,0.0,0.0,0.1393668954526224
1950,company,C00436,Société Egyptienne de Ciment Porlland,0.0,0.0,0.0,0.0,0.0
1950,company,C00810,Etablissements Industriels pour la Soie et le Coton,10.0,10.0,0.007350963188636105,0.0,0.1404729819244686
1950,company,C00909,S.A.E. Financière et Immobilière,9.0,10.0,0.007660788112940936,0.0,0.16205123245406655
1950,company,C01890,Sté. Eg. de Fabrication et Exportation des Conserves. Licencié en droit en 1809. Nichan El Nil 5e. Classe,0.0,0.0,0.0,0.0,0.0
1950,company,C01942,Union Cotton Co. of Alexandria et Banque Mosseri,0.0,0.0,0.0,0.0,0.0
1950,company,C00428,Sté. Commerciale d'Egypte,5.0,5.0,0.003950090708371406,0.0,0.14908410061052635
1950,company,C01567,«Koldair»,0.0,0.0,0.0,0.0,0.0
1950,company,C01821,S.A.E. Scialli,0.0,0.0,0.0,0.0,0.0
1950,company,C01294,Fayoum Textile Cy,6.0,6.0,0.0,0.0,0.12493832274693915
1950,company,C01723,Exchange Trading Co. «Hammad » S.A.E,1.0,1.0,0.0,0.0,0.0011737089201877935
1950,company,C01811,S. A. E. L'Union Arabe,1.0,1.0,0.0,0.0,0.13609257710580727
1950,company,C01807,Pyramids Industrial & Trading Company,3.0,3.0,0.0,0.0,0.1490143699741323
1950,company,C01594,-Dél. de la «Bolanachi»,0.0,0.0,0.0,0.0,0.0
1950,company,C00469,Société Texas Egyptienne des Pétroles,9.0,9.0,0.0014343798789604057,0.0,0.14389915221530933
1950,company,C00575,"Trading & Industrial Corp., S.A.E",0.0,0.0,0.0,0.0,0.0
1950,company,C01205,The Alexandria Spinning & Weaving Co,1.0,1.0,0.0,0.0,0.0011737089201877935
1950,company,C01428,Société Misr d'Assurances,3.0,3.0,0.0026802589694041924,0.0,0.14825161610269652
1950,company,C01818,S.A. du Béhéra et Alexandria Portland Cement Co,0.0,0.0,0.0,0.0,0.0
1950,company,C01633,Banque Industrielle,3.0,3.0,0.0,0.0,0.1490143699741323
1950,company,C01872,"Sté Misr Transports & Na- vigation. Hassan Bey El N ahas, A dm. Transport & Engineering",7.0,7.0,0.0,0.0,0.130946454173734
1950,company,C00916,«Fluviale» S.A.E,4.0,4.0,0.0006038838064758139,0.0,0.14178581353123937
1950,company,C01817,S.A. des Magasins E-,0.0,0.0,0.0,0.0,0.0
1950,company,C00769,Société de Cigarettes Nestor Gianaclis,4.0,4.0,0.0012664291860558002,0.0,0.15294897887887413
1950,company,C01948,Upper Egypt Ginning et Gharbieh Ginning Co,0.0,0.0,0.0,0.0,0.0
1950,company,C01730,Fayoum Textile' Cy et Egyptian Delta Light Rys,13.0,13.0,0.0,0.0,0.1588991137180523
1950,company,C01577,·la Sté. Egyptienne des Em· hallages Economiques,1.0,1.0,0.0,0.0,0.0011737089201877935
1950,company,C01648,Cie Française de Mono-Service,1.0,1.0,0.0,0.0,0.0011737089201877935
1950,company,C00546,"The Sheffield Smelting Co. (Egypt), S.A",3.0,3.0,0.0,0.0,0.13280230221121084
1950,company,C00185,The Upper Egypt Hotels,3.0,3.0,0.002863242912232502,0.0,0.12367729930306476
1950,company,C01198,ccKarnab Ttm Cotton Spinning Weaving & Dyeing Co,4.0,4.0,0.0,0.0,0.13154117382522496
1950,company,C01538,Zeitoun Canning & Food Cy,4.0,4.0,0.0,0.0,0.13154117382522496
1950,company,C01835,Soc. Egyptienne de Constructions Modernes « Al Chams »,10.0,11.0,0.002064265735423115,0.0,0.16567484295615956
1950,company,C00648,p.i. de la Sociélé Géné- rale d’Electricité el de Mécanique,0.0,0.0,0.0,0.0,0.0
1950,company,C01980,"«Delta» Stà Agricola Edile Egiziana, S.A.E",2.0,2.0,0.0,0.0,0.11008732653928639
1950,company,C00912,S.A.E. des Anciens Etablissements Hovaghimian,0.0,0.0,0.0,0.0,0.0
1950,company,C01868,Sté Eg. de Fabrication et Exportation de Conserves,0.0,0.0,0.0,0.0,0.0
1950,company,C00396,"Société Egyptienne de Tuyaux, Poteaux et Produits en Ciment Armé (Système Siegwart)",8.0,8.0,0.0037976755122273425,0.0,0.15834628379955012
1950,company,C01874,Sté. Nationale d'Energie Electrique,4.0,4.0,0.0,0.0,0.1552596116007285
1950,company,C00106,Société Egyptienne de Ciment Portland Tourah,9.0,12.0,0.0014343798789604057,0.0,0.1631299144929313
1950,company,C01689,Dél. de la Sté. Imm. Domaine de Siouf,3.0,3.0,0.0,0.0,0.0037558685446009393
1950,company,C01329,Ltion de The Merchants' .& Manufacturers' Insurance Cn. Ltd. London,2.0,2.0,0.0,0.0,0.10244139003366393
1950,company,C00434,Société Egyptienne Financière pour le Commerce,8.0,11.0,0.00041158338137590783,0.0,0.14521090383076338
1950,company,C01760,"Lancashire Egyptian Co. Ltd., (Manchester)",5.0,7.0,0.0,0.0,0.14084558930357863
1950,company,C01725,Fabrique Islam Pacha,2.0,2.0,0.0,0.0,0.13030377219005923
1950,company,C01859,Société pour la vente des Produits,2.0,2.0,0.0,0.0,0.13030377219005923
1950,company,C00531,The Egyptian Petroleum Storage Co,9.0,11.0,0.0,0.0,0.15533531107006088
1950,company,C01036,Société Pharos,9.0,11.0,0.0,0.0,0.15533531107006088
1950,company,C00171,Egyptian Bonded Warehouses Co. Ltd,22.0,26.0,0.01679992160566087,0.0,0.18437078877586507
1950,company,C00094,New Egyptian Co,21.0,24.0,0.0071084109811920485,0.0,0.17631030603469552
1950,company,C00130,Société Belge-Egyptienne de l'Ezbékieh,15.0,16.0,0.0029279325134631434,0.0,0.17277262635829438
1950,company,C01475,Sté. cclncorporated Industries»,0.0,0.0,0.0,0.0,0.0
1950,company,C01607,Alex. & Ramleh Ry Co. et Alexandria Transport & Industrial Cy,0.0,0.0,0.0,0.0,0.0
1950,company,C01474,Sté. Orientale Cinéma,2.0,2.0,0.0,0.0,0.11892225569417501
1950,company,C01609,Alex. Water Co,2.0,2.0,0.0,0.0,0.002347417840375587
1950,company,C00070,The Electricity & lee Supply Co,2.0,2.0,0.0,0.0,0.002347417840375587
1950,company,C01063,surveillance de la «HAMATA MINING» Company,2.0,2.0,0.0,0.0,0.002347417840375587
1950,company,C00839,Near East Finance Co,2.0,2.0,0.002863242912232502,0.0,0.10414930467626506
1950,company,C01615,Alexandria Porland Cement Co. et Helwan Portland Cernent Co,0.0,0.0,0.0,0.0,0.0
1950,company,C01391,"Salvage ·& Marine Cy. of Egypt, S.A.E",0.0,0.0,0.0,0.0,0.0
1950,company,C01660,Conseil d'Ad m. Chemical Industries Development,0.0,0.0,0.0,0.0,0.0
1950,company,C01408,Société Co-opérative des Pétroles,14.0,14.0,0.006860610477081138,0.0,0.15236380822797457
1950,company,C01823,S.A.E. d'Urbanisme Hadaek El Ahram,1.0,1.0,0.0,0.0,0.002112676056338028
1950,company,C01903,Sté. d'Alexandrie pour le Commerce en Bois,5.0,5.0,0.0,0.0,0.14922375784763225
1950,company,C01709,Egyptian Jute Co,5.0,5.0,0.0,0.0,0.14922375784763225
1950,company,C01936,The North East Africa Trading Cy. S.A.E. et National Starch Cy,0.0,0.0,0.0,0.0,0.0
1950,company,C00536,Fayoum Light Railways Co,4.0,4.0,0.0,0.0,0.13638387114927003
1950,company,C01703,Egyptian Delta Light Rys,6.0,7.0,0.0,0.0,0.12493832274693915
1950,company,C01477,Société des Autobus de la Basse-Egypte,6.0,7.0,0.0,0.0,0.12493832274693915
1950,company,C00123,Société Anonyme des Chemins de Fer de la Basse Egypte,7.0,7.0,0.0019270597624479685,0.0,0.14165972565793455
1950,company,C00704,Société Misr pour l'Egrenage du Coton,8.0,8.0,0.0014343798789604057,0.0,0.14448649569373917
1950,company,C01057,Société Misr de Transport,7.0,7.0,0.0,0.0,0.14442099864220076
1950,company,C01354,Navigation,7.0,7.0,0.0,0.0,0.14442099864220076
1950,company,C01435,Société Misr pour les Pêcheries,7.0,7.0,0.0,0.0,0.14442099864220076
1950,company,C01636,"Banque Misr, de la Société Mi sr pour le Tissage de Coton à Kafr el Dawar",1.0,1.0,0.0,0.0,0.11691476073566784
1950,company,C01748,Indo-Egyptiana et S.A.E. Scialli,0.0,0.0,0.0,0.0,0.0
1950,company,C01241,Chemical Industries Cy. <<C.I.C.n,5.0,5.0,0.005802604349604778,0.0,0.13985633143314083
1950,company,C01565,"«Food Products,, S.A.E",2.0,2.0,0.0,0.0,0.11390515659803176
1950,company,C01814,S.A. Immobili Ri unit i et Upper Egypt Ginning,2.0,2.0,0.0,0.0,0.11390515659803176
1950,company,C00004,"« Al-Chark » (L'Orient), Société Anonyme Egyptienne cl' Assurances sur la Vie",7.0,7.0,0.0,0.0,0.1694642143641994
1950,company,C00140,Société Financière et Industrielle d'Egypte,7.0,7.0,0.0,0.0,0.1694642143641994
1950,company,C01732,Filature Misr Kafr,7.0,7.0,0.0,0.0,0.1694642143641994
1950,company,C01635,"Banque Misr, Airmec., Commercial& Engineering Cy. of Egypt & Middle East Cy",0.0,0.0,0.0,0.0,0.0
1950,company,C01194,-iGénéral de la S.A. AgT1- cole et Industrielle d'Egypte,1.0,1.0,0.0,0.0,0.0802096482891981
1950,company,C01666,Crédit Foncier d'Orient «Egypte»,2.0,2.0,0.0014343798789604057,0.0,0.09229221408015492
1950,company,C00015,The Associated Cotton Ginners,8.0,9.0,0.0,0.0,0.15518398587661705
1950,company,C00626,S.A. Pharos,8.0,8.0,0.0,0.0,0.15518398587661705
1950,company,C00825,là General Mo- tors Near East. S.A.E,0.0,0.0,0.0,0.0,0.0
1950,company,C00318,"Industrie Fibres Textiles, S.A.E",3.0,5.0,0.0,0.0,0.11901110310223938
1950,company,C00241,Banque de Commerce N. Tepeghiosi & Co,0.0,0.0,0.0,0.0,0.0
1950,company,C01911,The Sudan Soap Factory Ltd,3.0,3.0,0.0,0.0,0.14674929663965677
1950,company,C00473,"Société de Métallurgie Egyptienne, S. A. E",4.0,6.0,9.479491196913907e-05,0.0,0.14600949725238077
1950,company,C00226,The African Enterprise & Development Co,0.0,0.0,0.0,0.0,0.0
1950,company,C01440,Société d'Alimentation Générale,0.0,0.0,0.0,0.0,0.0
1950,company,C00200,Banque d'Athènes,7.0,8.0,0.0017895820326627881,0.0,0.15826762195960997
1950,company,C01496,"The Alexandria T""r·ansport and lndustrial Co",3.0,3.0,0.0,0.0,0.1438341864581015
1950,company,C00266,"Cie. d'Eclairage par le Gaz, Lebon& Co",0.0,0.0,0.0,0.0,0.0
1950,company,C00797,Crédit Lyonnais (Le Caire),3.0,3.0,0.0,0.0,0.1479074851460979
1950,company,C00160,Syndicat des Obligataires de la Société Générale des Sucreries,10.0,11.0,0.0004052828761953072,0.0,0.16164014358432005
1950,company,C00770,Commerce Française du Caire,3.0,3.0,0.0,0.0,0.1479074851460979
1950,company,C01926,"The Amalgamated lee Fac- tories and Cold Stores, S.A.E. et Simon Arzt Stores",0.0,0.0,0.0,0.0,0.0
1950,company,C01618,Alexandria Textile Co,0.0,0.0,0.0,0.0,0.0
1950,company,C01714,"Egyptian Salt and Soda Cy. Ltd., de la Société Financière & Industrielle d'Egypte",5.0,5.0,0.0,0.0,0.1462105199654405
1950,company,C00192,United Egyptian Salt,6.0,6.0,0.002863242912232502,0.0,0.1463448429052342
1950,company,C00007,The Alexandria Navigation Co,9.0,10.0,0.0006272705167668014,0.0,0.15533531107006088
1950,company,C01071,"Teinturerie Franco-Egyptienne, S.A.E",5.0,5.0,0.0,0.0,0.1462105199654405
1950,company,C01739,"Gevaert Orient, S.A.E",0.0,0.0,0.0,0.0,0.0
1950,company,C01729,Fayoum Textile et Studios «Al Ahram»,0.0,0.0,0.0,0.0,0.0
1950,company,C01357,Near East Produce Trading Co. S.A.E,2.0,2.0,6.206451399347909e-06,0.0,0.10623298533000829
1950,company,C01045,Société des Auto- bus du Nord el de la Sté. des Aulobus du Caire,2.0,2.0,0.0,0.0,0.13425736325524434
1950,company,C00477,Société des Autobus d'Alexandrie,2.0,2.0,0.0,0.0,0.13425736325524434
1950,company,C01281,Egyptian Road Transport Company S.A.E,11.0,11.0,0.006906773800466818,0.0,0.1718407351697383
1950,company,C00389,S.A.E. Carba,4.0,4.0,0.0,0.0,0.15302244140475255
1950,company,C00169,The Delta Land & Investment Cy,4.0,4.0,0.0,0.0,0.16033856215636377
1950,company,C01621,American Eastern Trading and Shipping Co. S.A.E,1.0,1.0,0.0,0.0,0.11008732653928639
1950,company,C00010,Alexandria Exchange Co,1.0,1.0,0.0,0.0,0.11151302870307835
1950,company,C00425,Société California Egyptienne des Pétroles,0.0,0.0,0.0,0.0,0.0
1950,company,C00543,"The Nile Ginning Co., S.A.E",0.0,0.0,0.0,0.0,0.0
1950,company,C01918,Textile Machinery Plat t Eros,17.0,17.0,0.004423207923111708,0.0,0.176603504991516
1950,company,C01766,"Maison Peel & Co. Ltd., Egyptian Engineering Stores",1.0,1.0,0.0,0.0,0.11337819324010492
1950,company,C00860,Mini eh Ginning Cy. Ltd,3.0,3.0,0.0014343798789604057,0.0,0.13912345982737767
1950,company,C01632,Banque Belge et Sté Eg. Ciment Portland Tourah,0.0,0.0,0.0,0.0,0.0
1950,company,C01634,Banque Misr et Crédit Foncier Egyptien,1.0,1.0,0.0,0.0,0.0011737089201877935
1950,company,C01883,Sté. Autqbus Routes du Désert et Sté. des Omnibus de Fayoum,2.0,2.0,0.0,0.0,0.002347417840375587
1950,company,C00093,National Petroleum Cy,2.0,2.0,0.0,0.0,0.002347417840375587
1950,company,C00766,Cie. Générale des Pétroles (COGEP),2.0,2.0,0.0,0.0,0.002347417840375587
1950,company,C01018,"Société Industrielle et Commerciale d'Egypte (S.I.C.O.), S.A.E",5.0,5.0,0.0,0.0,0.15413290904919927
1950,company,C01759,"Koldair, de SE DEC",3.0,3.0,0.0,0.0,0.12642568373202176
1950,company,C01710,Egyptian Mining & Prospecting Co. et Studio Al Ahram,3.0,3.0,0.0,0.0,0.12642568373202176
1950,company,C01481,Sucreries d'Egypte,3.0,3.0,0.0,0.0,0.12642568373202176
1950,company,C01973,surveillance du Coca-Cola (Alex.),1.0,1.0,0.0,0.0,0.1275901974388045
1950,company,C01787,National Electro Medical & Chemical Cy. ( N emco),1.0,1.0,0.0,0.0,0.0011737089201877935
1950,company,C00170,The Eastern Automobiles Supplies & Transport Co,0.0,0.0,0.0,0.0,0.0
1950,company,C01093,"The Egvplian Engince- ring Slores, S.A.E",1.0,1.0,0.0,0.0,0.1339187570427469
1950,company,C00863,"The Misr Shipping, S.A.E",0.0,0.0,0.0,0.0,0.0
1950,company,C01929,"The Cotton Spinning, Weaving & Dyeing«Karnak»",0.0,0.0,0.0,0.0,0.0
1950,company,C00479,Société des Autobus du Caire,3.0,3.0,0.0014343798789604057,0.0,0.11674339428534074
1950,company,C01608,Alex. Glass & Porcelain Factory,1.0,1.0,0.0,0.0,0.0011737089201877935
1950,company,C01476,Sté. de Bienfaisance A.rrnénienne Catholique d'Alexandrie,1.0,1.0,0.0,0.0,0.0011737089201877935
1950,company,C01369,PatTiarcal -A nnénien Catholique d'Alexandrie,1.0,1.0,0.0,0.0,0.0011737089201877935
1950,company,C01794,Near East Finance S.A.E .. Mattalon,1.0,1.0,0.0,0.0,0.11691476073566784
1950,company,C01592,"-Dél. de ASTRA, etc",4.0,4.0,0.0,0.0,0.13522611332966675
1950,company,C01869,Sté Egyptienne Maritime ~Commerciale,0.0,0.0,0.0,0.0,0.0
1950,company,C00915,"«Chaussu- res Bata», S.A.E",3.0,3.0,0.0,0.0,0.13912345982737767
1950,company,C01837,Société,0.0,0.0,0.0,0.0,0.0
1950,company,C01643,"Cairo Agricultural Co., Egyptian F1inance Co",0.0,0.0,0.0,0.0,0.0
1950,company,C01372,Raison S.) ciale Menaché Cousins,2.0,2.0,0.0,0.0,0.11738862306731572
1950,company,C01303,"The General Engineering .& Refrigeration Co. «Gerco"", S.A.E",2.0,2.0,0.0,0.0,0.11738862306731572
1950,company,C00420,Société Anonyme Belge-Egyptienne,1.0,1.0,0.0,0.0,0.0011737089201877935
1950,company,C01245,Comite de Surveillance de The E- gyptian Delta Rice Mills Co. (N. Yamodis & Co.),0.0,0.0,0.0,0.0,0.0
1950,company,C01252,Comptoir Belga,0.0,0.0,0.0,0.0,0.0
1950,company,C01826,S.A.E. «Marbre,0.0,0.0,0.0,0.0,0.0
1950,company,C01970,s et Couleurs»,0.0,0.0,0.0,0.0,0.0
1950,company,C01941,"Tuyaux, Poteaux. 'Miel i, Marcello, Ad m. Salonica Cigarettes Cy",1.0,1.0,0.0,0.0,0.0907930245097449
1950,company,C00362,Port-Said Salt Association Ltd,3.0,3.0,0.0,0.0,0.15092028564883697
1950,company,C01665,Crédit Foncier Egyptien et Cie. Canal de Suez,0.0,0.0,0.0,0.0,0.0
1950,company,C01836,Socifté de Mé-,0.0,0.0,0.0,0.0,0.0
1950,company,C01706,"Egyptian Flax & Textile Co., S.A.E. et S.A. des Immeubles de l'Est",0.0,0.0,0.0,0.0,0.0
1950,company,C01977,«AIRMEC» et Commercial & Engineering Cy. of Egypt and Middle East Co,0.0,0.0,0.0,0.0,0.0
1950,company,C01735,"Financial Bureau (Egypt) Ltd., Dakahlieh Land Co",2.0,2.0,0.0,0.0,0.10655275016879426
1950,company,C01051,Société Egyptienne pour la FabriGation,2.0,2.0,0.0,0.0,0.09827042658997373
1950,company,C01882,Sté. Anonyme « Egyptian Flax & Textile Cy. »,2.0,2.0,0.0,0.0,0.09827042658997373
1950,company,C01034,Société Misr pour l'Industrie et le Commerce des Huiles,13.0,13.0,0.0,0.0,0.1275901974388045
1950,company,C01400,Société Agricole et Urbaine «Le Fayoum»,14.0,14.0,0.002349276201234363,0.0,0.1338624886574348
1950,company,C01465,Sté. Eg. des Emballages Economiques,14.0,14.0,0.0014343798789604057,0.0,0.12764131530636813
1950,company,C01857,Société de Collectivité Financière,13.0,13.0,0.0,0.0,0.1275901974388045
1950,company,C01662,Coopérative d'Héliopolis,13.0,13.0,0.0,0.0,0.1275901974388045
1950,company,C01964,et Trésorier de l'Union des Coopératives de la Ville du Caire,13.0,13.0,0.0,0.0,0.1275901974388045
1950,company,C01751,Industrie Huilière Egyptienne,13.0,13.0,0.0,0.0,0.1275901974388045
1950,company,C01801,Oeuvre Fouad 1er,13.0,13.0,0.0,0.0,0.1275901974388045
1950,company,C01802,Oeuvre de la Princesse Fawzia,13.0,13.0,0.0,0.0,0.1275901974388045
1950,company,C01639,"Bibliothèque Princesse Férial, Secretaire général de l'Oeuvre de la Princesse Férial",13.0,13.0,0.0,0.0,0.1275901974388045
1950,company,C01744,"Hôpital Férial, Trésorier de l'Union Egyptienne pour la Protection de l'Enfance",13.0,13.0,0.0,0.0,0.1275901974388045
1950,company,C01813,"S.A. Imm. Terrains Guizeh et Rodah, de la Sico",0.0,0.0,0.0,0.0,0.0
1950,company,C01668,Crédit d'Orient S.A.E. A dm. du Anglo Belgian,0.0,0.0,0.0,0.0,0.0
1950,company,C01220,Banque Mi sr d'Alexandrie,2.0,2.0,0.0,0.0,0.12677784441094106
1950,company,C01582,-Contrôleur Général de la Commercial Insurance Cy. of Egypt. S.A.E,3.0,3.0,0.0,0.0,0.14521090383076338
1950,company,C01779,Misr Engineering Works and Egyptian Works and Constructions,0.0,0.0,0.0,0.0,0.0
1950,company,C01982,"«Karnak», Cotton",0.0,0.0,0.0,0.0,0.0
1950,company,C01800,"North Africa Trading Co., S.A.E",2.0,2.0,0.0,0.0,0.1194125648443384
1950,company,C01026,Société Misr des Mines et Carrières,0.0,0.0,0.0,0.0,0.0
1950,company,C01032,Société Misr pour le Théâtre et le Cinéma,21.0,21.0,0.008363920937719808,0.0,0.18631153392087418
1950,company,C01900,"Sté. Misr Filature et Tissage Fin en Coton Egyptien de Kafr el Dawar, de la Beida Dyers",1.0,1.0,0.0,0.0,0.13230594809165067
1950,company,C01694,Eg. Cy. for International Trade «Ecit» et Astra & Halles Centrales d'Egypte,0.0,0.0,0.0,0.0,0.0
1950,company,C01809,Rizerie Egyptienne Moderne et Middle East Trading & Cotton Co,0.0,0.0,0.0,0.0,0.0
1950,company,C01342,"Misr Navigation Co., de M.L. Franco& Co. (S. Pinto & Co. Succrs.), de la Société Orientale de Navigation, de Food Products. S.A.E",1.0,1.0,0.0,0.0,0.09971603223934111
1950,company,C01595,-Dél. des Usines,0.0,0.0,0.0,0.0,0.0
1950,company,C01092,The Eastern Company,0.0,0.0,0.0,0.0,0.0
1950,company,C01701,Egyptian Chemical & Drug Industries Ltd,3.0,3.0,0.0,0.0,0.11648728446241129
1950,company,C00323,«Josy,0.0,0.0,0.0,0.0,0.0
1950,company,C00014,The Anglo-Egyptian Land Allotment Co,14.0,14.0,0.013839967739629509,0.0,0.16794555772519498
1950,company,C00820,Fédération Internationale des Tech- niciens Agronomes,2.0,2.0,0.0,0.0,0.13900206064777262
1950,company,C00310,Grands Hôtels d'Egypte,8.0,8.0,0.0,0.0,0.16147629143674347
1950,company,C01863,Sté Al Wadi pour les métaux et les Bijoux,7.0,7.0,0.0,0.0,0.130946454173734
1950,company,C00966,"là So- ciété des Entreprises M. Cockinos, S.A.E",0.0,0.0,0.0,0.0,0.0
1950,company,C01705,Egyptian Finance et Simon Arzt Stores,0.0,0.0,0.0,0.0,0.0
1950,company,C00340,"Misr Airworks, S.A.E",0.0,0.0,0.0,0.0,0.0
1950,company,C00324,Kafr El Zayat Land Co,5.0,5.0,0.0,0.0,0.1426108876475805
1950,company,C01849,"Société Générale Immobilière. N acamuli, Georges, A dm. Sté de Placements",5.0,5.0,0.0,0.0,0.1426108876475805
1950,company,C01669,Crédit et Sté. Générale Immobilière,5.0,5.0,0.0,0.0,0.1426108876475805
1950,company,C01637,Banque Suarès,0.0,0.0,0.0,0.0,0.0
1950,company,C00385,Société des Terres Rares d'Egypte,4.0,4.0,0.0,0.0,0.13997922803369722
1950,company,C01035,Société Misr «la Fluviale» S.A.E,4.0,4.0,0.0,0.0,0.13997922803369722
1950,company,C01781,"Mécanique, de la Rosetta & Alexandria Rice Mill s",1.0,1.0,0.0,0.0,0.0026827632461435278
1950,company,C01778,Misr Engineering Works & Transport Co. et Pyramids Industrial & Trading Co,0.0,0.0,0.0,0.0,0.0
1950,company,C00047,Compagnie Frigorifique d'Egypte,10.0,16.0,0.000619728754505451,0.0,0.1645623569239126
1950,company,C01791,Nationale-Vie de Paris,0.0,0.0,0.0,0.0,0.0
1950,company,C00082,The Kafr El Zayat Cotton Co,14.0,14.0,0.0004881600154352671,0.0,0.16388514557854672
1950,company,C01588,-Dél. Fish and Produce A.ssoc,0.0,0.0,0.0,0.0,0.0
1950,company,C01785,"National Botling Co. of Egypt, Etablissements Banco",0.0,0.0,0.0,0.0,0.0
1950,company,C01783,N ear East Cotton Export Co,0.0,0.0,0.0,0.0,0.0
1950,company,C01586,-Dél. Bottling Co of Tantah,2.0,2.0,0.0,0.0,0.11670063113725085
1950,company,C00838,the Alexandria Navigation Co. Lid. (London),5.0,5.0,0.0,0.0,0.15413290904919927
1950,company,C00488,Société Misr de Navigation Maritime,5.0,5.0,0.0,0.0,0.15413290904919927
1950,company,C00162,The Alexandria Central Buildings,0.0,0.0,0.0,0.0,0.0
1950,company,C01986,«Sibur» et Clothing & Equipment Co,0.0,0.0,0.0,0.0,0.0
1950,company,C01167,«Neslor Gianaclis (Agri- cultural & Commercial) Limited»,1.0,1.0,0.0,0.0,0.07776244154373806
1950,company,C01743,Honneur de la Crown Brewery,0.0,0.0,0.0,0.0,0.0
1950,company,C01806,"Pinto Cotton Co., Industrie Fibres Textiles",0.0,0.0,0.0,0.0,0.0
1950,company,C00367,"S.A. Immobili Riuniti, S.A.E",3.0,5.0,0.0,0.0,0.11901110310223938
1950,company,C01839,"Société Anonyme des Immeubles Réunis, S.A.E",2.0,2.0,0.0,0.0,0.11896666280981884
1950,company,C01930,"The Egyptian Land and Buildings Co., S.A.E. et Sté. Biens de Rapport d'Egypte",4.0,4.0,0.0,0.0,0.14115760877478725
1950,company,C01983,«L'Informateur des Actions»,4.0,4.0,0.0,0.0,0.14115760877478725
1950,company,C00415,"Socié- té Egyplienne de Filature el de Tissage de Laine, S.A.E",1.0,1.0,0.0,0.0,0.14078335086376265
1950,company,C01750,Industrie Huilière,0.0,0.0,0.0,0.0,0.0
1950,company,C01614,Alexandria National Bottling Co. et National Bottling Co. of Egypt,0.0,0.0,0.0,0.0,0.0
1950,company,C01945,United Nile Engineering Co. S.A.E,3.0,3.0,0.0,0.0,0.13803844150983313
1950,company,C01873,Sté Métallurgie Egyptienne et S.A. du Béhéra,1.0,1.0,0.0,0.0,0.0011737089201877935
1950,company,C01901,Sté. Nationale de Transport et Tourisme Karnak,1.0,1.0,0.0,0.0,0.0011737089201877935
1950,company,C01892,Sté. Egyptienne d'Electricité et Sté. Ass. «Al Chark»,0.0,0.0,0.0,0.0,0.0
1950,company,C01025,Société Misr de Transport el de Navigation,0.0,0.0,0.0,0.0,0.0
1950,company,C01891,Sté. Egyptienne Financière pour le Commerce,2.0,2.0,0.0,0.0,0.1338624886574348
1950,company,C01721,Etablis-,0.0,0.0,0.0,0.0,0.0
1950,company,C01830,"SEDEC, et Alexandria Glass & Porcelain Factory",0.0,0.0,0.0,0.0,0.0
1950,company,C00052,Crown Brewery,0.0,0.0,0.0,0.0,0.0
1950,company,C01227,Behrend Commercial Cy,8.0,8.0,0.0006780522599812746,0.0,0.13845837592555188
1950,company,C00029,Building Lands of Egypt,0.0,0.0,0.0,0.0,0.0
1950,company,C01585,-Direc. Général de la National Insurance Co. of Egypt (pour le Caire),1.0,1.0,0.0,0.0,0.0011737089201877935
1950,company,C01704,"Egyptian Engineering & Marine Co., Sté. Commerciale et Financière «Al Masria» S.A.E",1.0,1.0,0.0,0.0,0.0011737089201877935
1950,company,C01793,Near East Commercial Corporation,0.0,0.0,0.0,0.0,0.0
1950,company,C00878,"Nile Textile Co., S.A.E",2.0,3.0,0.0,0.0,0.12386964346994356
1950,company,C01922,"The Alexandria & Ramleh Buildings Co., Secretaire de Sociétés Industrielles",0.0,0.0,0.0,0.0,0.0
1950,company,C01722,Etablissements Giacomo Cohenca et Sté Eg. d'Electricité,0.0,0.0,0.0,0.0,0.0
1950,company,C00115,"S.A. de Nettoyage et Pressage de Coton, S.A.E",6.0,6.0,0.004079342959918616,0.0,0.1363255126250299
1950,company,C01439,"Société Viticole et Vinicole d'Egypte, de Frosted Food & Cold Storage Cy",0.0,0.0,0.0,0.0,0.0
1950,company,C01812,S.A. Anc. Entreprises L. Rolin & Co,3.0,3.0,0.0,0.0,0.13756162478613768
1950,company,C01617,"Alexandria Racing Club, S.A.E., Egyptian Engineering Stores",0.0,0.0,0.0,0.0,0.0
1950,company,C01505,"The Egyptian Engineering Stores (Formerly Steinemann Mabardi ,& Co.), S.A.E",0.0,0.0,0.0,0.0,0.0
1950,company,C00372,"S.A. des Fibres Textiles, S.A.E",7.0,7.0,0.0,0.0,0.16221625407571022
1950,company,C01555,Import and Export Bk. of Egypt,3.0,3.0,0.0016913210980513938,0.0,0.13154117382522496
1950,company,C01915,Syndicale des Entrepreneurs,1.0,1.0,0.0,0.0,0.1382181010866355
1950,company,C01933,The Misr Concrete Development Co. et Sté. Misr Produits Pharmaceutiques S.A.E,7.0,7.0,0.0,0.0,0.16524518828044338
1950,company,C00544,Nile Ginning Co. S.A.E. (Minia),0.0,0.0,0.0,0.0,0.0
1950,company,C01518,The New National Trading,1.0,1.0,0.0,0.0,0.1082912042843966
1950,company,C01656,Commerce et Moulins Al Mahmoudieh,3.0,3.0,0.0,0.0,0.13280230221121084
1950,company,C01880,"Sté, «SOTRAC»",0.0,0.0,0.0,0.0,0.0
1950,company,C01340,Misr Car and Engineering Co,4.0,4.0,0.0,0.0,0.12993177936569936
1950,company,C00229,Alexandria Transport Co,14.0,14.0,0.0,0.0,0.1694642143641994
1950,company,C01631,Banque Belge et Egyptian Engineering Stores,0.0,0.0,0.0,0.0,0.0
1950,company,C00580,Usines Réunies d'Egrenage,12.0,15.0,0.0038154018979324003,0.0,0.1525827217455435
1950,company,C00315,Huileries,12.0,15.0,0.0038154018979324003,0.0,0.1525827217455435
1950,company,C01309,Gr. Mag·. Chemla,6.0,6.0,0.0,0.0,0.1251346123349155
1950,company,C01434,Société Misr pour les Huiles,6.0,6.0,0.0,0.0,0.1251346123349155
1950,company,C01624,Anglo Continental Cotton Co,0.0,0.0,0.0,0.0,0.0
1950,company,C00042,Commerce Hellénique d'Alexandrie,1.0,1.0,0.0,0.0,0.11151302870307835
1950,company,C01673,Dar el Hilal,0.0,0.0,0.0,0.0,0.0
1950,company,C01865,Sté. Arabe Filature et Tissage,0.0,0.0,0.0,0.0,0.0
1950,company,C01840,Société Arabe de Filature,1.0,1.0,0.0,0.0,0.001564945226917058
1950,company,C01939,Tissage,2.0,2.0,2.7584228441546263e-06,0.0,0.002347417840375587
1950,company,C01881,Sté. Al Chark Filature,1.0,1.0,0.0,0.0,0.001564945226917058
1950,company,C01858,"Société des Autobus du Nord, S.A.E. de la Société des Omnibus de Fayoum",1.0,1.0,0.0,0.0,0.09805870206361798
1950,company,C01780,«Moharrem Press»,1.0,1.0,0.0,0.0,0.14293078645342971
1950,company,C01898,Sté. Générale de Travaux,0.0,0.0,0.0,0.0,0.0
1950,company,C01897,Sté. Générale de,0.0,0.0,0.0,0.0,0.0
1950,company,C01604,"Ahram, S.A.E",4.0,4.0,0.0,0.0,0.14736018640365164
1950,company,C01386,S.A.E. de Métallurgie,4.0,4.0,0.0,0.0,0.14736018640365164
1950,company,C00181,The Manure Co. of Egypt,0.0,0.0,0.0,0.0,0.0
1950,company,C01468,Sté. Egyptienne des Bois d Matériaux ( SEBEM),2.0,2.0,0.0,0.0,0.12173967252758686
1950,company,C01590,-Dél. Sté. Industrielle «Spahi» de Filés et Textiles,0.0,0.0,0.0,0.0,0.0
1950,company,C01720,Etab. Giacomo Cohen ca,1.0,1.0,0.0,0.0,0.10563419197768396
1950,company,C01804,Orient Linen Industry Partner de la Maison S. & S. Sednaoui Ltd,0.0,0.0,0.0,0.0,0.0
1950,company,C01832,Secretaire Général Banque Belge,1.0,1.0,0.0,0.0,0.0011737089201877935
1950,company,C01734,"Filature Nationale, Sté. Immobilière Masr el Guedida, Chemlar Banque Industrielle",1.0,1.0,0.0,0.0,0.0011737089201877935
1950,company,C01457,Sté. Agr. et Urbaine «Le Fayoum». ·,2.0,2.0,0.0,0.0,0.1281547558345514
1950,company,C01345,Nat. Ins. Co. of Egypt (Ace. Inc. et Risques Divers),0.0,0.0,0.0,0.0,0.0
1950,company,C01825,S.A.E. «Al Ahram»,0.0,0.0,0.0,0.0,0.0
1950,company,C00111,Sté. Gle. Pressage et Dépôts,0.0,0.0,0.0,0.0,0.0
1950,company,C01310,Grands Mag. Chemla,0.0,0.0,0.0,0.0,0.0
1950,company,C01765,"Maison Choremi, Benachi Cotton Co",3.0,3.0,0.0,0.0,0.14908410061052635
1950,company,C01815,S.A. des Chemins de Fer Keneh-Assouan et S.A. Chemins de Fer Basse-Egypte,1.0,1.0,0.0,0.0,0.1200877206953241
1950,company,C01907,Sté. «Al Chams» S.A.E,13.0,13.0,0.0,0.0,0.1588991137180523
1950,company,C01228,Beida,0.0,0.0,0.0,0.0,0.0
1950,company,C01459,Sté. Agricole «LI] Fayoumn,1.0,1.0,0.0,0.0,0.13019727135459536
1950,company,C01393,"So- ciétés, Industriel. ·",0.0,0.0,0.0,0.0,0.0
1950,company,C01946,Universal Modern Office Equipment Co. (L. Soussi & Co.),0.0,0.0,0.0,0.0,0.0
1950,company,C01776,"Mineral Water & Wines and Spirits. S.E. Sir C.W. Spinks (Pacha),, Major General (El Ferik) K.B.E",3.0,3.0,0.0,0.0,0.13912345982737767
1950,company,C01678,Dél. Alexandria Timber Trading Co,1.0,1.0,0.0,0.0,0.1085494797290272
1950,company,C00023,Banque du Crédit Agricole d'Egypte,5.0,5.0,0.0,0.0,0.1319771014932456
1950,company,C00238,"Banque de Cré- dit Hypothécaire Agricole d'Egypte, S.A.E",5.0,5.0,0.0,0.0,0.1319771014932456
1950,company,C01013,"Société Hongro-Egyptienne pour le Commerce, S.A",5.0,5.0,0.0,0.0,0.1319771014932456
1950,company,C01842,Société Califor,8.0,8.0,0.0,0.0,0.1438341864581015
1950,company,C01854,"Société Royale d'Agriculture, de la Société Royale des Etudes Historiques, Comite National des Sports du Cercle Royal d'Escrime, du Club El-Fouroussia, des Fédérations Egyptiennes Equestres",7.0,7.0,0.0,0.0,0.13236091524914617
1950,company,C01719,Escrime,7.0,7.0,0.0,0.0,0.13236091524914617
1950,company,C01676,Diverses Oeuvres Sociales,7.0,7.0,0.0,0.0,0.13236091524914617
1950,company,C01828,SAI DE,7.0,7.0,0.0,0.0,0.13236091524914617
1950,company,C01605,"Al Ahram, S.A.E",0.0,0.0,0.0,0.0,0.0
1950,company,C01683,Dél. S.A. des Tramways du Caire,14.0,14.0,0.0,0.0,0.1694642143641994
1950,company,C01300,"Gabbary Petroleum Co., S.A.E",14.0,14.0,0.0,0.0,0.1694642143641994
1950,company,C01237,Capitalisation Egyptienne S.A.E,2.0,2.0,0.0,0.0,0.10293787496112919
1950,company,C01520,The Pyramids Gardens,2.0,2.0,0.0,0.0,0.10293787496112919
1950,company,C01894,Sté. Egyptienne des Bois et Matériaux (SEBEM) et Sté pour l'Industrie,1.0,1.0,0.0,0.0,0.10159206728466035
1950,company,C01603,Agriculture «Al Gaafaria»,3.0,3.0,0.0014343798789604057,0.0,0.121786209099654
1950,company,C01626,Anglo-Egyptian Mining et Egyptian Plastics(Shaffermann),0.0,0.0,0.0,0.0,0.0
1950,company,C01726,Fabrique du Riz de la National Starch Cy,0.0,0.0,0.0,0.0,0.0
1950,company,C00496,-Dél. Sudan Import & Export Cy,1.0,1.0,0.0,0.0,0.0011737089201877935
1950,company,C00517,The Bottled Gas Co,1.0,1.0,0.0,0.0,0.0011737089201877935
1950,company,C00086,The Menzaleh Canal Navigation Co,0.0,0.0,0.0,0.0,0.0
1950,company,C01920,The,1.0,1.0,0.0,0.0,0.1288284363140699
1950,company,C01072,Société Egyptienne de Teinturerie,1.0,1.0,0.0,0.0,0.001564945226917058
1950,company,C01077,The Amalgamated lee Factories &,0.0,0.0,0.0,0.0,0.0
1950,company,C01376,S.A. des Immeubles d'Egypte et Secretaire Général d.e la Land Bank of Egypt,0.0,0.0,0.0,0.0,0.0
1950,company,C01217,Banque,2.0,2.0,0.0,0.0,0.12206617739643481
1950,company,C01935,"The Nile Ginning Co. S.A.E. Wittert Van Hoogland Jonkheer O.A.E.E.L., Chevalier de l)Ordre Sou-",0.0,0.0,0.0,0.0,0.0
1950,company,C01932,The Egypttian Aerated Water Co. Ltd. et Menzaleh Canal & Navigation Cy,0.0,0.0,0.0,0.0,0.0
1950,company,C01792,Near East Cleaning Co. Ltd et Grieve & Irwin Ltd. x,0.0,0.0,0.0,0.0,0.0
1950,company,C01622,Amerioan Eastern Trading and Engineering Co,0.0,0.0,0.0,0.0,0.0
1950,company,C01772,Mena Milk Products (Yassine Serag El Dîne & Co.),1.0,1.0,0.0,0.0,0.0011737089201877935
1950,company,C01258,"Cotonnière, S.A.E .. Commanditaire de The Middle East Industrial & Tradin~ Co. ·",1.0,1.0,0.0,0.0,0.0011737089201877935
1950,company,C01810,"Rotary International, Chicago",2.0,2.0,0.0,0.0,0.12206617739643481
1950,company,C01642,C. Sender & Co. Ltd,0.0,0.0,0.0,0.0,0.0
1950,company,C01795,"Near East Finance, S.A.E. Near East Pharmaceutical & Commercial Co",1.0,1.0,0.0,0.0,0.1082912042843966
1950,company,C01923,"The Alexandria Cotton Trading Co., de la Land Bank of Egypt",3.0,3.0,0.0,0.0,0.1598558570018539
1950,company,C01493,The Alexandria & Khartoum Trading Corporation,3.0,3.0,0.0,0.0,0.1598558570018539
1950,person,P00634,Abaza Abdallah Fikri,1.0,1.0,0.0,0.0,0.000774593338497289
1950,person,P01597,Abaza Ahmed,6.0,6.0,0.0,0.0,0.11102517265821275
1950,person,P00165,Abaza Fouad,17.0,17.0,0.012779759233187834,0.0,0.14201546398434475
1950,person,P01598,Abaza Galal,11.0,12.0,0.0027697225895067833,0.0,0.13461926801509125
1950,person,P01599,Abaza Dr. Mahmoud,1.0,1.0,0.0,0.0,0.10675598728659384
1950,person,P01600,Abaza Mohamed Fikri,2.0,2.0,0.0,0.0,0.001549186676994578
1950,person,P01601,Abaza Mohamed Aziz,12.0,12.0,0.0073594587607684735,0.0,0.13649862653669798
1950,person,P01602,Abaza Mohamed Zaki,5.0,5.0,0.0,0.0,0.0038729666924864447
1950,person,P01197,Abbas Sid Ahmed,1.0,1.0,0.0,0.0,0.10879607509395739
1950,person,P01603,Abbas el Chafei,8.0,8.0,0.0021907858712781336,0.0,0.09990292635238113
1950,person,P00015,Abboud,14.0,15.0,0.007181131501884863,0.0,0.1580889189590228
1950,person,P01604,Abdallah Idris Ragheb,2.0,2.0,0.0,0.0,0.001549186676994578
1950,person,P01199,Abdallah Kabbani,6.0,6.0,0.0,0.0,0.004647560030983733
1950,person,P01605,Abdel Aziz Abdallah Salem,6.0,6.0,0.0005484461787039566,0.0,0.1374161241791689
1950,person,P01606,Abdel Aziz El Barkouki,6.0,6.0,0.0,0.0,0.1058016877060503
1950,person,P00636,Abdel Aziz Radwan,2.0,2.0,0.0,0.0,0.1315481060071424
1950,person,P00637,Abdel Fattah El Lozi,12.0,15.0,0.007917694423373405,0.0,0.16529326513723624
1950,person,P01200,Abdel Fattah Ragab,5.0,5.0,0.0,0.0,0.128283791910559
1950,person,P01607,Abdel Fattah El Roby Eff,4.0,4.0,0.0,0.0,0.11977709039638344
1950,person,P01608,Abdel Fattah el Sayed,0.0,0.0,0.0,0.0,0.0
1950,person,P01201,Abdel Galil Abdel Dayem,6.0,6.0,0.0,0.0,0.004647560030983733
1950,person,P01609,Abdel Galil el Emary,6.0,6.0,0.0,0.0,0.004647560030983733
1950,person,P01610,Abdel Galil Abou Samra,1.0,1.0,0.0,0.0,0.000774593338497289
1950,person,P01611,Abdel Haî Khalil,4.0,5.0,0.0,0.0,0.1455072709279909
1950,person,P01612,Abdel Hamid Pacha Abdel Hakk,20.0,20.0,0.01644963689765604,0.0,0.15568119572115607
1950,person,P01613,Abdel Hamid Abdel Meguid el Abd,4.0,4.0,0.0,0.0,0.003098373353989156
1950,person,P00641,Abdel Hamid El Bannan,7.0,9.0,0.0042868695109706,0.0,0.14447895099210403
1950,person,P00640,Abd El-Hamid El-Chérif,0.0,0.0,0.0,0.0,0.0
1950,person,P01614,Représentations Shipping,5.0,5.0,0.0,0.0,0.128283791910559
1950,person,P01615,Abdel Hamid Fahmy,4.0,4.0,0.0,0.0,0.12305416537302868
1950,person,P00642,Abdel Hamid Fathi,3.0,3.0,0.0,0.0,0.0023237800154918666
1950,person,P01616,Abdel Hamid Ibrahim,2.0,2.0,0.0,0.0,0.001549186676994578
1950,person,P01617,Abdel Hamid Kamal Bey Miralai,1.0,1.0,0.0,0.0,0.000774593338497289
1950,person,P01618,Abdel Hamid Mahmoud Atallah,2.0,2.0,0.0,0.0,0.001549186676994578
1950,person,P01619,Abdel Hamid el Seno~ssi Mtre,8.0,8.0,0.0,0.0,0.12507312971035034
1950,person,P01620,Abdel Hamid Serag el Dine,4.0,4.0,0.0,0.0,0.12414103627889038
1950,person,P01621,Abdel Hamid Shawarby,2.0,2.0,0.0,0.0,0.13290868038960396
1950,person,P01622,Abdel Kawi Ahmed,9.0,9.0,0.0,0.0,0.11177012287237074
1950,person,P00645,Abdel Kerim Raouf,1.0,1.0,0.0,0.0,0.000774593338497289
1950,person,P01623,Abdel Khalek Saber,4.0,4.0,0.0009139000474363363,0.0,0.13029054879444377
1950,person,P01624,Abdel Latif Bey Ghorbal,0.0,0.0,0.0,0.0,0.0
1950,person,P00646,Abdel Latif Moussa,26.0,26.0,0.037540086226236336,0.0,0.13662301775164637
1950,person,P00647,Abdel Maksoud Ahmed,7.0,7.0,0.0,0.0,0.1527208741726383
1950,person,P00632,Syrie-Liban,2.0,2.0,0.0,0.0,0.1370810650528558
1950,person,P01625,Abdel Maksud Hamza,3.0,3.0,0.0,0.0,0.00278853601859024
1950,person,P01626,Abdel Malel{ Hamza,0.0,0.0,0.0,0.0,0.0
1950,person,P01627,Abdel Meguid Abdel Hakk,8.0,8.0,0.0,0.0,0.12507312971035034
1950,person,P01628,Abdel Meguid Badr,9.0,9.0,0.0,0.0,0.11177012287237074
1950,person,P01629,Abdel Meguid Ismail Barakat,3.0,3.0,0.0,0.0,0.11188133692498005
1950,person,P01207,Abdel Meguid Magued,4.0,4.0,0.0,0.0,0.11863966616682138
1950,person,P00649,Abdel Meguid Radouan,2.0,2.0,0.0,0.0,0.12472628242884633
1950,person,P01630,Abdel Messih Georges B,3.0,3.0,0.0,0.0,0.11952244869477008
1950,person,P00542,Sabry Hussein,45.0,45.0,0.05504645162523996,0.0,0.16360966694740625
1950,person,P01631,Abdel Moneim Khafagui,9.0,9.0,0.0015786511227013891,0.0,0.13813359165799136
1950,person,P00651,Abdel Rahman Aly,8.0,8.0,0.0,0.0,0.14341931582857775
1950,person,P01209,Abdel Rahman el Bialy,5.0,5.0,0.0,0.0,0.14147938799572818
1950,person,P01632,United Enterprises,0.0,0.0,0.0,0.0,0.0
1950,person,P00168,Abdel Rahman Fayed,0.0,0.0,0.0,0.0,0.0
1950,person,P00169,Abdel Rahman Hamada,4.0,4.0,0.0,0.0,0.1455072709279909
1950,person,P01633,Abdel Rahman Loutfi,0.0,0.0,0.0,0.0,0.0
1950,person,P01634,Abdel Rahman Nour,3.0,3.0,0.0,0.0,0.10898060926542764
1950,person,P01635,Abdel Rahman Nosseir,0.0,0.0,0.0,0.0,0.0
1950,person,P01636,Abdel Raouf Alamy,1.0,1.0,0.0,0.0,0.000774593338497289
1950,person,P01637,Abdel Raouf Zaki,3.0,3.0,0.0,0.0,0.09350581589156338
1950,person,P00652,Abdel Razzak Aboul Kheir,22.0,22.0,0.011234502069714035,0.0,0.15455772317471472
1950,person,P01210,Abdel Razzak Aly Hamed,6.0,6.0,0.0,0.0,0.004647560030983733
1950,person,P01211,Abdel Rehim Helmi,2.0,2.0,0.0,0.0,0.112384551333938
1950,person,P01638,Abflel Salam El-Shazli,3.0,3.0,0.0,0.0,0.12061222162467683
1950,person,P01639,Abdel Salam Mahmoud,0.0,0.0,0.0,0.0,0.0
1950,person,P01212,Abdel Wahab Abd Rabbo,6.0,6.0,0.0,0.0,0.004647560030983733
1950,person,P01213,Abdel Wahab Talaat,2.0,2.0,0.0,0.0,0.001549186676994578
1950,person,P01640,Abdou Mohamed El Tawil,9.0,10.0,0.0018241973351587316,0.0,0.11127238358199404
1950,person,P00654,Aboul Ela Aly Mohayessin El Hag,10.0,12.0,0.00668905959285675,0.0,0.11814104923520354
1950,person,P01641,Aboul Ela Hanafi,8.0,8.0,0.006358870895105651,0.0,0.11642841688801964
1950,person,P00171,Aboul Ela Mahmoud,5.0,7.0,0.0014321137778167462,0.0,0.13954792877394348
1950,person,P01642,Aboul Fath Ahmed,2.0,2.0,0.0,0.0,0.001549186676994578
1950,person,P01643,Misri»,6.0,6.0,0.0,0.0,0.0986538658562009
1950,person,P01644,Aboul Fath Mohamed,2.0,2.0,0.0,0.0,0.001549186676994578
1950,person,P00656,Aboul Wafa Dunkol El Hag,5.0,5.0,0.0,0.0,0.11412407369663026
1950,person,P01645,Abou Seif Radi,3.0,3.0,0.0,0.0,0.13649862653669798
1950,person,P01646,Aboussouan Jean,4.0,4.0,0.0,0.0,0.1092453180564537
1950,person,P01647,Aboussouan Reffie,4.0,4.0,0.0,0.0,0.1092453180564537
1950,person,P01216,Abram Joseph,1.0,1.0,0.0,0.0,0.0854088443673414
1950,person,P01648,Acher Mtre. Sam,2.0,2.0,0.0,0.0,0.11397946640608714
1950,person,P01649,Publique,1.0,1.0,0.0,0.0,0.10435335833838048
1950,person,P01217,Achour Ahmed Ahmed Dr,3.0,3.0,0.0,0.0,0.12006486237010675
1950,person,P01218,Acland Rt. Hon. Sir Francis Dyke,6.0,6.0,0.0,0.0,0.004647560030983733
1950,person,P01650,Adam Vladimir,5.0,5.0,0.0,0.0,0.10975182392347971
1950,person,P01651,Adda Abramino F,4.0,6.0,6.677058349639546e-05,0.0,0.11485264924372315
1950,person,P00659,Adda Me. Charles,2.0,2.0,0.0,0.0,0.11397946640608714
1950,person,P00007,Adda Fernand C.A,7.0,7.0,0.0011869632899794659,0.0,0.12741160748963734
1950,person,P00008,Adda Joseph A,12.0,14.0,0.0027086621637669468,0.0,0.1344984971406758
1950,person,P01652,Adda Robert J,0.0,0.0,0.0,0.0,0.0
1950,person,P01219,Adda Victor A,3.0,4.0,0.001391145360936219,0.0,0.11088830730730272
1950,person,P01653,Adel Wahba Awad,6.0,6.0,0.0,0.0,0.004647560030983733
1950,person,P01448,Adel Rached,10.0,10.0,0.003645992830508169,0.0,0.12054756752570889
1950,person,P00662,A.dès Clément N,5.0,5.0,0.0009139000474363363,0.0,0.14260081624553578
1950,person,P00663,Adès Emile N,23.0,23.0,0.022715100138100856,0.0,0.16097457925498204
1950,person,P00179,Adès Gaston N,4.0,4.0,0.0,0.0,0.14255561788856413
1950,person,P00666,Dr. Afifi Hafez,0.0,0.0,0.0,0.0,0.0
1950,person,P01655,Beyrouth,7.0,7.0,0.0,0.0,0.15477046608342046
1950,person,P01656,Afifi Mohamed,4.0,4.0,9.607359237175676e-06,0.0,0.0034856700232378
1950,person,P01220,Aghazarm J. Me,5.0,5.0,0.0,0.0,0.10975182392347971
1950,person,P00011,Aghion Gustave,15.0,15.0,0.007737288297102373,0.0,0.15525128561906104
1950,person,P01221,Aghion Henry,0.0,0.0,0.0,0.0,0.0
1950,person,P00010,Aghion Max César,4.0,4.0,0.0,0.0,0.003098373353989156
1950,person,P01657,Aghion Yvonne,4.0,4.0,0.0,0.0,0.003098373353989156
1950,person,P00668,Agnew Andrew,6.0,6.0,0.0,0.0,0.004647560030983733
1950,person,P01658,Ahmed Bey Ibrahim Atallah,1.0,1.0,0.0,0.0,0.09950508284035837
1950,person,P01659,Ahmed Aziz El Barkould,6.0,6.0,0.0,0.0,0.1058016877060503
1950,person,P01222,Ahmed Fahmy Hanafi,5.0,5.0,0.0,0.0,0.10975182392347971
1950,person,P01660,Ahmed Abdel Ghaffar,5.0,5.0,0.0,0.0,0.09417147705997066
1950,person,P01661,Ahmed Hamdi Pacha Lewa,2.0,2.0,0.0,0.0,0.001549186676994578
1950,person,P01662,Ahmed Hamdi Mahboub,3.0,3.0,0.0,0.0,0.10346514249791118
1950,person,P01663,Ahmed Helmi Abdel Baki,4.0,4.0,0.0,0.0,0.1282472125572911
1950,person,P01223,Dr. Ahmed Hilmy,9.0,9.0,0.0,0.0,0.12455357918538351
1950,person,P01664,Ahmed Hilmy Mahmoud,12.0,13.0,0.005449174067335579,0.0,0.12633791416809545
1950,person,P01665,Ahmed el Moghazi,2.0,2.0,0.0,0.0,0.00278853601859024
1950,person,P01666,Ahmed Mohamed Sid Ahmed,1.0,1.0,0.0,0.0,0.000774593338497289
1950,person,P01667,Ahmed Racheed Abdallah Bey Dr,0.0,0.0,0.0,0.0,0.0
1950,person,P01668,Ahmed Rouchdi El Gazzar,0.0,0.0,0.0,0.0,0.0
1950,person,P01669,Ahmed Youssef el Gammal,2.0,2.0,0.0,0.0,0.11633806891837037
1950,person,P01225,Ahmed Youssef el Tawil,3.0,3.0,0.0,0.0,0.09062320661664715
1950,person,P01670,Aladin El Alaily,0.0,0.0,0.0,0.0,0.0
1950,person,P01671,Aladjem Raphael,2.0,2.0,0.0,0.0,0.11873362577571801
1950,person,P01672,Aldridge Léonard,2.0,2.0,0.0,0.0,0.001549186676994578
1950,person,P01226,Alexane Alphonse,0.0,0.0,0.0,0.0,0.0
1950,person,P01227,Alexane Emile,7.0,7.0,0.002734494622881127,0.0,0.13354007554584912
1950,person,P01228,Alexane Farid,4.0,4.0,0.0,0.0,0.13342123240534554
1950,person,P01673,Allain André,8.0,8.0,0.0,0.0,0.08173050598553877
1950,person,P00018,Allam Mohamed,9.0,9.0,0.0006662894113371588,0.0,0.15225557699337164
1950,person,P01674,Allan George W,4.0,4.0,0.0,0.0,0.0874855036838008
1950,person,P00185,Allemann Georges,11.0,11.0,0.0034108632125935115,0.0,0.15158846458996286
1950,person,P00673,Almagià Vittorio,2.0,2.0,0.0,0.0,0.1109430129349827
1950,person,P00186,Alphandary Robert,1.0,1.0,0.0,0.0,0.000774593338497289
1950,person,P00674,Aly Ayoub,8.0,8.0,0.0,0.0,0.14341931582857775
1950,person,P01675,Aly Chouh:ri Khamis,4.0,4.0,0.008824288077643249,0.0,0.150825947162448
1950,person,P01676,Aly Moafi,8.0,8.0,0.0,0.0,0.006196746707978312
1950,person,P01677,Aly Mohamed El Kerdani Bey D.H.P,1.0,1.0,0.0,0.0,0.10303848211647648
1950,person,P01678,Amad Farid,6.0,6.0,0.001259949621840651,0.0,0.09208906110532758
1950,person,P01229,Ambache S,0.0,0.0,0.0,0.0,0.0
1950,person,P00187,Ambron Aldo,8.0,8.0,0.004545481839088742,0.0,0.1364158248220867
1950,person,P01679,Ambrosetti Constantin,0.0,0.0,0.0,0.0,0.0
1950,person,P01680,Ameli G,2.0,2.0,0.0,0.0,0.001549186676994578
1950,person,P01681,Amine Aly,2.0,2.0,0.0,0.0,0.001549186676994578
1950,person,P01682,Amine Anis,6.0,6.0,0.0,0.0,0.004647560030983733
1950,person,P00677,Amine El Moghraby,2.0,2.0,0.0,0.0,0.13290868038960396
1950,person,P01683,Amine Moustapha Bey Co-Propriétaire Journal «Akhbar el Yom»,0.0,0.0,0.0,0.0,0.0
1950,person,P01230,S.S. le Nabil Amr Ibrahim,4.0,4.0,0.0,0.0,0.13342123240534554
1950,person,P01684,Anastassalds Constantin J,5.0,5.0,0.0,0.0,0.13425760430997608
1950,person,P01685,Ancona Albert,0.0,0.0,0.0,0.0,0.0
1950,person,P01231,Ancona Isaac,0.0,0.0,0.0,0.0,0.0
1950,person,P00681,Andraus Elias,2.0,2.0,0.0,0.0,0.1370810650528558
1950,person,P01690,Antebi M. Mtre,0.0,0.0,0.0,0.0,0.0
1950,person,P01691,Antoun Neguib,2.0,2.0,0.0,0.0,0.0017428350116189
1950,person,P01692,Anwar Ahmed Fouad,2.0,2.0,0.0,0.0,0.001549186676994578
1950,person,P00684,Appel Emmanuel M,1.0,1.0,0.0,0.0,0.000774593338497289
1950,person,P01693,Arcache,0.0,0.0,0.0,0.0,0.0
1950,person,P01694,Arcache Raymond,0.0,0.0,0.0,0.0,0.0
1950,person,P01695,Archibald C. N,4.0,4.0,0.0,0.0,0.0034856700232378
1950,person,P01696,Ardizzone Andrea,2.0,2.0,0.0,0.0,0.001549186676994578
1950,person,P01697,Arnaud Jules,2.0,2.0,0.0,0.0,0.12168911646061144
1950,person,P01234,Assaf Victor,2.0,2.0,0.0,0.0,0.003304931577588433
1950,person,P01698,Assem Ismail,4.0,4.0,0.0,0.0,0.11955421968060072
1950,person,P01236,Athénogènes Efthymios,0.0,0.0,0.0,0.0,0.0
1950,person,P00687,Atta El Ayoubi,0.0,0.0,0.0,0.0,0.0
1950,person,P01699,Atallah Georges B,3.0,3.0,0.0,0.0,0.09434927091219213
1950,person,P01700,Atallah Moufid,1.0,1.0,0.0,0.0,0.000774593338497289
1950,person,P01701,Audi Ibrahim R,3.0,3.0,0.0,0.0,0.10595123072754295
1950,person,P01237,Auterbe Henry,5.0,5.0,0.0,0.0,0.1451316471243691
1950,person,P01238,Autrand Louis,6.0,8.0,1.2009199046469593e-06,0.0,0.11039837369622481
1950,person,P01240,Avierino Homère,5.0,6.0,0.0,0.0,0.11037128207077787
1950,person,P01702,Avramoussi Evangel,2.0,2.0,0.0,0.0,0.001549186676994578
1950,person,P01241,Avril Marcel,3.0,3.0,0.0,0.0,0.10595123072754295
1950,person,P01703,Awad Hassan Awad,6.0,6.0,0.0,0.0,0.004647560030983733
1950,person,P01704,Awad Mohamed,4.0,4.0,0.0,0.0,0.10418414974251097
1950,person,P00689,Awre Gilbert Christopher,2.0,2.0,0.0,0.0,0.001549186676994578
1950,person,P01705,Ayoub Charles Bey Me,0.0,0.0,0.0,0.0,0.0
1950,person,P00690,Ayoub Georges Me,6.0,6.0,0.0,0.0,0.10803818747019454
1950,person,P00691,Ayres H F,2.0,2.0,0.0,0.0,0.13177936549616756
1950,person,P01243,Aziz Hassan,8.0,8.0,0.003659354666081635,0.0,0.12946545032769713
1950,person,P01244,Azzam Chams el Dine Azzam,7.0,8.0,3.6027597139408786e-06,0.0,0.005508219295980722
1950,person,P01706,Azzuz Michel,3.0,3.0,0.0,0.0,0.0023237800154918666
1950,person,P00693,Bachour Wadih,1.0,1.0,0.0,0.0,0.000774593338497289
1950,person,P00002,Badaoui,2.0,2.0,0.0,0.0,0.09718301089853497
1950,person,P01707,Badaoui Mohamed Kamel,2.0,2.0,0.0,0.0,0.13604445687792494
1950,person,P01708,Badr-El-Dine Ibrahim Bey Ingénieur,13.0,14.0,0.012419231387354183,0.0,0.14593217859780008
1950,person,P00695,Baehler René,4.0,4.0,0.0,0.0,0.12570234053617102
1950,person,P00696,Bahari Tewfik,7.0,7.0,0.0,0.0,0.11721735064853267
1950,person,P01709,Bahgat Badaotù,3.0,3.0,0.0,0.0,0.13649862653669798
1950,person,P00698,Bahrawy Aly Dr,4.0,4.0,0.0,0.0,0.003098373353989156
1950,person,P01710,Bahri Selim,3.0,3.0,0.0,0.0,0.10956467099596098
1950,person,P01711,Bailey A. \V,6.0,9.0,0.002734494622881127,0.0,0.08471707938188357
1950,person,P00700,Bak Richard,1.0,1.0,0.0,0.0,0.000774593338497289
1950,person,P01712,Baker A. G,1.0,1.0,0.0,0.0,0.000774593338497289
1950,person,P01713,Bakhaty Mahmoud,3.0,3.0,0.0,0.0,0.0023237800154918666
1950,person,P01249,Bali D,4.0,6.0,0.0004563495637658446,0.0,0.1178315363999004
1950,person,P01714,BaiJian J. A,0.0,0.0,0.0,0.0,0.0
1950,person,P01715,Ballis Nicolas,6.0,6.0,0.0,0.0,0.12591348668488797
1950,person,P00024,Banoun Alfred,0.0,0.0,0.0,0.0,0.0
1950,person,P01716,Barakat Mohamed,4.0,4.0,0.0,0.0,0.13047954001694803
1950,person,P01717,Barcilon Abramino,5.0,7.0,0.0,0.0,0.12697994761107279
1950,person,P01718,BarcHon Henry,1.0,1.0,0.0,0.0,0.10690824208186829
1950,person,P01719,Barcilon Léon,2.0,2.0,0.0,0.0,0.10498668871111574
1950,person,P01720,Barcilon Jack Industriel,5.0,5.0,0.002734494622881127,0.0,0.10506026032198548
1950,person,P01251,Barda Jacques J,8.0,8.0,0.002734494622881127,0.0,0.13441810353808126
1950,person,P01252,Ba1·da Rémy J,1.0,1.0,0.0,0.0,0.000774593338497289
1950,person,P00704,Barker H. A,6.0,6.0,0.00259743047318811,0.0,0.13881573285136414
1950,person,P00705,Barki Edouard,5.0,5.0,0.0,0.0,0.1266937956164563
1950,person,P00413,Leten Roland,8.0,8.0,0.0,0.0,0.08173050598553877
1950,person,P00707,Barthe-Dejean Jules,4.0,4.0,0.0,0.0,0.003098373353989156
1950,person,P01721,Barthe-Dejean Paul,4.0,4.0,0.0,0.0,0.003098373353989156
1950,person,P01722,Bassili Georges,8.0,8.0,0.002734494622881127,0.0,0.13766849538978262
1950,person,P01723,Basri Salomon,3.0,3.0,0.0,0.0,0.11031713868982582
1950,person,P01724,Bassili Mme. Marguerite,3.0,3.0,0.0,0.0,0.11171459871793836
1950,person,P01725,Bassili Nicolas Alexandre,4.0,4.0,0.0,0.0,0.12145908032363485
1950,person,P01726,Bassili Victor,0.0,0.0,0.0,0.0,0.0
1950,person,P00708,Bata Henri,0.0,0.0,0.0,0.0,0.0
1950,person,P01727,Bate Charles W. Clavell,4.0,4.0,0.0,0.0,0.14147938799572818
1950,person,P00208,Bauerlé Gustave,5.0,5.0,0.0,0.0,0.12687248926330602
1950,person,P00711,Bayram Mahmoud,6.0,6.0,0.0,0.0,0.004647560030983733
1950,person,P01256,Baz Maroun,3.0,3.0,0.0,0.0,0.0023237800154918666
1950,person,P00209,Beattie Thomas,5.0,5.0,0.0,0.0,0.1074702447881529
1950,person,P00210,Bégué Emile,1.0,1.0,0.0,0.0,0.13051740407383047
1950,person,P01257,Behrend,3.0,3.0,0.0,0.0,0.11835867748379471
1950,person,P01728,Beh.:hyt François,3.0,3.0,0.0,0.0,0.0023237800154918666
1950,person,P01729,Bekhyt Gabriel,3.0,3.0,0.0,0.0,0.0023237800154918666
1950,person,P00713,Belilos Léon Jacques,0.0,0.0,0.0,0.0,0.0
1950,person,P00714,Belilos Maurice Youssef,3.0,3.0,2.401839809293919e-06,0.0,0.0023237800154918666
1950,person,P00716,Belleni Parissi,3.0,3.0,0.0,0.0,0.1407268380595807
1950,person,P00214,Benachi Alexandre L,0.0,0.0,0.0,0.0,0.0
1950,person,P01258,Egyptiennes,4.0,4.0,0.0018253982550633784,0.0,0.11882773432983351
1950,person,P00215,Benachi Lucas Ant,4.0,4.0,0.0,0.0,0.003098373353989156
1950,person,P00718,Benderli Henri,4.0,4.0,0.0,0.0,0.003098373353989156
1950,person,P00217,Benderli Simon,4.0,4.0,0.0,0.0,0.003098373353989156
1950,person,P01730,Benin Albert,4.0,4.0,0.0,0.0,0.11645856407002068
1950,person,P01731,Ben Lassin Alexandre,12.0,12.0,0.0033392109338759375,0.0,0.15052308381473223
1950,person,P01732,Bennett H.T,5.0,5.0,0.0,0.0,0.0038729666924864447
1950,person,P00719,Benoist Baron Louis de,14.0,20.0,0.005701516571608506,0.0,0.16505063282143848
1950,person,P00219,Besso Joseph M,14.0,16.0,0.0006244935022795278,0.0,0.13240005135072708
1950,person,P00721,Besso Sabino,6.0,6.0,0.0,0.0,0.12935374588392864
1950,person,P01733,Products,5.0,5.0,0.0,0.0,0.11639828531015008
1950,person,P01263,Bethell Alexander Duke,5.0,5.0,0.0,0.0,0.11597807489386794
1950,person,P01734,Bianchi,1.0,1.0,0.0,0.0,0.000774593338497289
1950,person,P01266,Bianchi Philip N,6.0,6.0,0.0,0.0,0.1362092593696002
1950,person,P01735,Bibaoui Yaconb,1.0,1.0,0.0,0.0,0.000774593338497289
1950,person,P01736,Bibaoui Joseph Yacoub,1.0,1.0,0.0,0.0,0.000774593338497289
1950,person,P01737,Bicharat Hanna,6.0,6.0,0.0,0.0,0.1058016877060503
1950,person,P01738,Bicharat Shibly,6.0,6.0,0.0,0.0,0.1058016877060503
1950,person,P01739,Birley G. P,2.0,2.0,0.0,0.0,0.08862324619476253
1950,person,P00027,Blattner C. D. Henry,2.0,2.0,0.0,0.0,0.10306209313437668
1950,person,P01740,Blattner Reginald,1.0,1.0,0.0,0.0,0.000774593338497289
1950,person,P01741,Bless Hans,4.0,4.0,0.0,0.0,0.13010210426335547
1950,person,P01267,Bless Rodolphe,8.0,8.0,0.0,0.0,0.12507312971035034
1950,person,P00726,Boissonas Alphonse,4.0,7.0,0.0,0.0,0.003098373353989156
1950,person,P01742,Bonafous A,1.0,1.0,0.0,0.0,0.000774593338497289
1950,person,P01270,Bonett Georges P,6.0,6.0,0.0018253982550633784,0.0,0.12312153693906921
1950,person,P01743,Bonvoisin Pierre,9.0,9.0,0.0,0.0,0.14957199016907877
1950,person,P01744,Borchard Jens,0.0,0.0,0.0,0.0,0.0
1950,person,P00224,Bordier Pierre,5.0,5.0,0.0,0.0,0.0045067248785296814
1950,person,P01745,Borrometi Alessandro,2.0,2.0,0.0,0.0,0.001549186676994578
1950,person,P01746,Borsali Albert,3.0,3.0,0.0,0.0,0.0023237800154918666
1950,person,P01747,Borsali Ibrahim Khalil El,9.0,9.0,0.0,0.0,0.12455357918538351
1950,person,P01748,Botton Isidore de,7.0,7.0,8.406439332528718e-06,0.0,0.005508219295980722
1950,person,P01749,Botton Maurice de,6.0,6.0,0.0,0.0,0.00495739736638265
1950,person,P00731,Bouchra Hanna Charles,15.0,15.0,0.009846344388375759,0.0,0.13993869770952702
1950,person,P01272,Boudet René,7.0,7.0,0.0012557330139877775,0.0,0.13044169792297558
1950,person,P00732,Boulad Albert,7.0,7.0,0.0,0.0,0.11721735064853267
1950,person,P01750,Boulad Joseph,4.0,4.0,0.0,0.0,0.12145908032363485
1950,person,P00028,Boulad Khalil,0.0,0.0,0.0,0.0,0.0
1950,person,P00734,Boulos Fouad,4.0,4.0,0.005447372687478609,0.0,0.09871882669851183
1950,person,P01751,Boushra Dr. E,1.0,1.0,0.0,0.0,0.11876497872680747
1950,person,P00735,Bouvier André,4.0,7.0,0.0,0.0,0.003098373353989156
1950,person,P01752,Brahamsha Albert,0.0,0.0,0.0,0.0,0.0
1950,person,P01273,Brakha Maurice,0.0,0.0,0.0,0.0,0.0
1950,person,P01753,Brailey L.C,2.0,2.0,0.0,0.0,0.001549186676994578
1950,person,P01754,Brancart Arnould,2.0,2.0,0.0,0.0,0.09976995883727148
1950,person,P01755,Brandenburg Edgard,9.0,10.0,0.0,0.0,0.12455357918538351
1950,person,P01756,Brooks N. E,3.0,3.0,0.0,0.0,0.13712285806049387
1950,person,P00738,Brown T. E,0.0,0.0,0.0,0.0,0.0
1950,person,P01757,Buhagiar Joseph,2.0,2.0,0.0,0.0,0.1116591297016931
1950,person,P01275,Burckhardt C. L,9.0,9.0,0.0030862495136065706,0.0,0.1366645318864843
1950,person,P01758,Burgoyne George Frederick,3.0,3.0,0.0,0.0,0.13267344378714452
1950,person,P01276,Bustros Antoine M,8.0,8.0,0.0,0.0,0.006196746707978312
1950,person,P00237,Buxton Robert V,6.0,6.0,0.0,0.0,0.004647560030983733
1950,person,P01759,Caias Pantazis,8.0,8.0,0.0,0.0,0.12507312971035034
1950,person,P01760,Calomiris Georges S,9.0,9.0,0.0,0.0,0.12455357918538351
1950,person,P01761,Cambas Alexandre,0.0,0.0,0.0,0.0,0.0
1950,person,P01762,Camerana Mr. le Comte Dr. Giancarlo,3.0,3.0,0.0,0.0,0.0023237800154918666
1950,person,P01278,Camiglieri Raoul,0.0,0.0,0.0,0.0,0.0
1950,person,P01763,Campbell The Hon. Cecil,7.0,7.0,0.0,0.0,0.15541222337194882
1950,person,P00033,Campos Benvenuto,4.0,6.0,1.2009199046469595e-06,0.0,0.003227472243738704
1950,person,P00034,Campos Giuseppe,3.0,3.0,0.0,0.0,0.0027664047803474608
1950,person,P00244,Campos Hans,0.0,0.0,0.0,0.0,0.0
1950,person,P01764,Candilidis Constantin,4.0,4.0,0.0,0.0,0.12846700212465578
1950,person,P01765,Capatos Elie,0.0,0.0,0.0,0.0,0.0
1950,person,P01766,Caplain,2.0,2.0,0.0,0.0,0.13538921566478623
1950,person,P01280,Caraggia Anastase,3.0,3.0,0.0,0.0,0.0023237800154918666
1950,person,P01767,Cartareggia Filippo,0.0,0.0,0.0,0.0,0.0
1950,person,P00246,Carton de Wiart Edmond Baron,9.0,9.0,0.0,0.0,0.14957199016907877
1950,person,P00036,Carver H. B,11.0,16.0,0.004545481839088742,0.0,0.14475795765639518
1950,person,P01281,Cassab Jacques,7.0,7.0,0.0,0.0,0.11721735064853267
1950,person,P00751,Cassar Paul,2.0,2.0,0.0,0.0,0.11987286099105007
1950,person,P01768,Cassaveti Demetrius John,2.0,2.0,0.0,0.0,0.001549186676994578
1950,person,P00249,Castro Charles V,5.0,5.0,0.0,0.0,0.11597807489386794
1950,person,P01284,Egypt,2.0,2.0,0.0,0.0,0.1116591297016931
1950,person,P01283,Castro Léon Me,8.0,9.0,0.00045391706048427386,0.0,0.1282106540588426
1950,person,P01769,Castro S,0.0,0.0,0.0,0.0,0.0
1950,person,P00753,Casulli Alexandre M,6.0,6.0,0.0,0.0,0.12591348668488797
1950,person,P00252,Casulli Michel S,12.0,17.0,0.005742550062611139,0.0,0.14922460996629722
1950,person,P00037,Cattaui Aslan,5.0,5.0,0.0,0.0,0.1332236298692002
1950,person,P01770,Cattaui Mtre. Joseph Ed,7.0,7.0,0.0,0.0,0.1438781108248304
1950,person,P00042,Cattaui René,13.0,17.0,0.003950859434272462,0.0,0.16645557899275348
1950,person,P01771,Catzeflis Ed. Mtre,6.0,6.0,0.0,0.0,0.1279189347094482
1950,person,P00755,Celier A,7.0,7.0,0.0,0.0,0.15477046608342046
1950,person,P00254,Chaaraoui Hassan,5.0,5.0,0.0,0.0,0.1375421940178654
1950,person,P01772,Chaaraoui Mohamed,2.0,2.0,0.0,0.0,0.001549186676994578
1950,person,P01285,Chahine Khalil,2.0,2.0,0.0,0.0,0.003304931577588433
1950,person,P01773,Chaker Ibrahim,3.0,3.0,0.0,0.0,0.12006486237010675
1950,person,P01774,Tourist Development Association,0.0,0.0,0.0,0.0,0.0
1950,person,P01775,Chalhoub Joseph,3.0,3.0,0.0,0.0,0.11210443031864901
1950,person,P00758,Chalhoub Georges A,3.0,3.0,0.0,0.0,0.0023237800154918666
1950,person,P00760,Chalom Me. Charles,7.0,7.0,0.0018253982550633784,0.0,0.13330260060415527
1950,person,P01286,Chalom Moise,6.0,6.0,0.0,0.0,0.004647560030983733
1950,person,P01287,Chalom Rodolphe Bey Me,0.0,0.0,0.0,0.0,0.0
1950,person,P01776,Chalom Victor,6.0,6.0,0.0,0.0,0.004647560030983733
1950,person,P01777,Chami Mohamed Hassan Pacha el,3.0,3.0,0.0,0.0,0.11901639969262234
1950,person,P01778,Chami Sayed Hassan El,0.0,0.0,0.0,0.0,0.0
1950,person,P00761,Champier Jean,4.0,7.0,0.0,0.0,0.003098373353989156
1950,person,P01779,Charara Medhat,3.0,3.0,0.0,0.0,0.0023237800154918666
1950,person,P01288,Charara Mohamed,7.0,7.0,0.001437663628706142,0.0,0.1499209914794733
1950,person,P01290,Chedel A,3.0,3.0,0.0,0.0,0.0023237800154918666
1950,person,P01291,Chedid Charles de Me,5.0,5.0,0.0,0.0,0.12687248926330602
1950,person,P01780,Chérif El Dine Chérif,2.0,2.0,0.0,0.0,0.001549186676994578
1950,person,P01781,Cherkesly Henri,2.0,2.0,0.0,0.0,0.001549186676994578
1950,person,P01294,Chevalier Jean,0.0,0.0,0.0,0.0,0.0
1950,person,P01295,Chikhani ·William,7.0,7.0,0.0,0.0,0.12612534336467185
1950,person,P01782,Child C,5.0,5.0,0.0,0.0,0.128650736395429
1950,person,P01783,Chiniara Fouad,0.0,0.0,0.0,0.0,0.0
1950,person,P00044,Constantin Jean Choremi Assocjé de la Y.Iaison Choremi,3.0,3.0,0.0,0.0,0.0023237800154918666
1950,person,P00257,Choremi Georges J,3.0,3.0,0.0,0.0,0.0023237800154918666
1950,person,P00763,Choremi Jean A,6.0,6.0,0.0,0.0,0.10803818747019454
1950,person,P01784,Choremi Nicolas,3.0,3.0,0.0,0.0,0.0023237800154918666
1950,person,P01785,Choucri Hassan Adm-Dél. de Sté. «Al-Gaafaria»,4.0,4.0,0.0,0.0,0.11645856407002068
1950,person,P01525,Belgique,42.0,46.0,0.05096551301390968,0.0,0.175551512271046
1950,person,P01296,Choucri Moustapha,3.0,3.0,0.0,0.0,0.0782740992757431
1950,person,P01786,Choueri Georges Elias,3.0,3.0,0.0,0.0,0.0023237800154918666
1950,person,P01787,Christou Tommy,3.0,3.0,0.0,0.0,0.11990481856529454
1950,person,P00767,Cicurel Clément,6.0,7.0,0.0018181927356354967,0.0,0.10196394795702104
1950,person,P00047,Cicurel David,9.0,9.0,0.0,0.0,0.14902683049649432
1950,person,P01788,Cicurel Elvira,1.0,1.0,0.0,0.0,0.000774593338497289
1950,person,P01297,Cicurel Guy,5.0,5.0,0.0,0.0,0.08702843932631964
1950,person,P00768,Cicurel Léon,5.0,5.0,0.0,0.0,0.13429769317360998
1950,person,P01298,Cicurel René,6.0,7.0,0.0018181927356354967,0.0,0.10196394795702104
1950,person,P01299,Cicurel,4.0,4.0,0.005447372687478609,0.0,0.12291964319169715
1950,person,P00262,Clark Henry,5.0,5.0,0.0,0.0,0.13950464467692925
1950,person,P00770,Cockinos Anastase,4.0,4.0,9.607359237175676e-06,0.0,0.0034856700232378
1950,person,P01789,Cockinos Christo,2.0,2.0,0.0,0.0,0.0023237800154918666
1950,person,P00771,Cockinos Miltiade,2.0,2.0,0.0,0.0,0.0023237800154918666
1950,person,P00264,Coen Edouard,5.0,5.0,0.0,0.0,0.11606786437120513
1950,person,P00265,Coen James,5.0,5.0,0.0,0.0,0.11606786437120513
1950,person,P01790,Coen Maurice Comm,5.0,5.0,0.0,0.0,0.11606786437120513
1950,person,P01791,Cogels,4.0,4.0,0.0,0.0,0.09454760866899724
1950,person,P00049,Cohen Alfred N,2.0,2.0,0.0,0.0,0.10595123072754295
1950,person,P00268,Cohen Aron,0.0,0.0,0.0,0.0,0.0
1950,person,P01301,Cohen Daniel,0.0,0.0,0.0,0.0,0.0
1950,person,P01302,Cohen Fernand,3.0,3.0,0.0,0.0,0.1074702447881529
1950,person,P00270,Cohen,3.0,3.0,0.0,0.0,0.0023237800154918666
1950,person,P01304,Cohen Maurice,2.0,2.0,0.0,0.0,0.0979022582582542
1950,person,P00773,Cohen Sir Robert Waley,6.0,6.0,0.0,0.0,0.004647560030983733
1950,person,P01792,Cohen Victor H,2.0,2.0,0.0,0.0,0.09098987951414524
1950,person,P01305,Cohenca Jacques,1.0,1.0,0.0,0.0,0.000774593338497289
1950,person,P01793,Coilin R,2.0,2.0,0.0,0.0,0.001549186676994578
1950,person,P00449,Peel Col. E.T,8.0,8.0,0.004011677037609208,0.0,0.1355524335257444
1950,person,P01794,Coles,4.0,4.0,0.0,0.0,0.003098373353989156
1950,person,P00274,Constant Benjamin,0.0,0.0,0.0,0.0,0.0
1950,person,P00775,Constant Halford,0.0,0.0,0.0,0.0,0.0
1950,person,P01795,Constantinidis Ant. G,4.0,4.0,0.0,0.0,0.12208549794745382
1950,person,P01796,Constantinidis Macky,6.0,6.0,0.0,0.0,0.12591348668488797
1950,person,P01797,Conti Giovanni Ginoni,4.0,4.0,0.0,0.0,0.11323337725035747
1950,person,P01798,Conty Louis,1.0,1.0,0.0,0.0,0.000774593338497289
1950,person,P01799,Thornhill Cooper F.S,2.0,2.0,0.0,0.0,0.11987286099105007
1950,person,P01800,Cooper F.S. Thornhill,0.0,0.0,0.0,0.0,0.0
1950,person,P01801,Couannier Pierre Henry,5.0,5.0,0.0,0.0,0.1451316471243691
1950,person,P01802,Cosbar Basile,3.0,3.0,0.0,0.0,0.09368110277825865
1950,person,P00279,Cossery Edouard,0.0,0.0,0.0,0.0,0.0
1950,person,P01803,Cottas Nicolas,1.0,1.0,0.0,0.0,0.000774593338497289
1950,person,P01804,Cousin,4.0,4.0,0.0,0.0,0.1161577929851291
1950,person,P01805,Cozzika Costi,0.0,0.0,0.0,0.0,0.0
1950,person,P01806,Cozzika,26.0,30.0,0.038264723313229033,0.0,0.16639399720252307
1950,person,P00780,Cozzika Th. P,3.0,3.0,0.0,0.0,0.1407268380595807
1950,person,P01807,Crawford,0.0,0.0,0.0,0.0,0.0
1950,person,P01808,Culberston William,4.0,4.0,0.0,0.0,0.13010210426335547
1950,person,P00284,Curiel Maurice E,5.0,5.0,0.0,0.0,0.11597807489386794
1950,person,P01809,Curmi Edward,3.0,3.0,0.0,0.0,0.11188133692498005
1950,person,P01810,Curmi Richard,5.0,5.0,0.0,0.0,0.0038729666924864447
1950,person,P01811,Curwen Christofer A.F,0.0,0.0,0.0,0.0,0.0
1950,person,P01812,Dale Major G,4.0,4.0,0.0,0.0,0.0034856700232378
1950,person,P01813,Dale Henry,2.0,2.0,0.0,0.0,0.001549186676994578
1950,person,P01814,Dansey C.M,2.0,2.0,0.0,0.0,0.001549186676994578
1950,person,P01815,Daramalli Ahmed,3.0,3.0,0.0,0.0,0.0023237800154918666
1950,person,P01816,Darwiche Iskandar,2.0,2.0,0.0,0.0,0.001549186676994578
1950,person,P01817,Davezac Guy,3.0,3.0,0.0,0.0,0.0023237800154918666
1950,person,P00286,Davies Thomas E. H,2.0,2.0,0.0,0.0,0.09895775015146752
1950,person,P00287,Davis T. A,6.0,11.0,0.0,0.0,0.14452537739023774
1950,person,P01312,Delacave Paul,8.0,8.0,0.003645992830508169,0.0,0.1162779147979369
1950,person,P00788,Delany Arthur S,5.0,5.0,0.0,0.0,0.0038729666924864447
1950,person,P01818,Delbourgo Daniel E,5.0,5.0,0.0,0.0,0.11639828531015008
1950,person,P01819,Delemer Jean,4.0,4.0,0.0,0.0,0.14041928643097717
1950,person,P01820,Delenda Mtre. Albert,3.0,3.0,0.0,0.0,0.0023237800154918666
1950,person,P00294,Dellaporta Byron G,21.0,22.0,0.0208649259459584,0.0,0.16732253513334072
1950,person,P01821,Dello Strologo Georges,0.0,0.0,0.0,0.0,0.0
1950,person,P01324,Artistes Français Paris,8.0,9.0,0.0009659884777570474,0.0,0.1402878897187835
1950,person,P01822,Demonts Madame Laure,3.0,3.0,0.0,0.0,0.11171459871793836
1950,person,P01823,Demonts Roger,3.0,3.0,0.0,0.0,0.11171459871793836
1950,person,P01824,Denham M,0.0,0.0,0.0,0.0,0.0
1950,person,P01825,Dermarkar Mathieu,4.0,4.0,0.0,0.0,0.003098373353989156
1950,person,P01826,Dervieu Jean,8.0,8.0,0.0,0.0,0.08173050598553877
1950,person,P01315,Diab Emile,3.0,3.0,6.004599523234798e-06,0.0,0.0030983733539891554
1950,person,P01827,Diab Nicolas,5.0,5.0,1.0808279141822635e-05,0.0,0.003983622883700342
1950,person,P00797,Diacono Hector V,5.0,5.0,0.0,0.0,0.10975182392347971
1950,person,P01314,Dib Georges,2.0,2.0,0.0,0.0,0.001549186676994578
1950,person,P01828,Dilaveri Alexandre,4.0,4.0,0.0,0.0,0.0874855036838008
1950,person,P01829,Dilaveri Antoine,1.0,1.0,0.0,0.0,0.000774593338497289
1950,person,P00799,Dïmopoulo D,9.0,10.0,0.0017529789791421988,0.0,0.13441810353808126
1950,person,P01830,Djanikian Boghos,3.0,3.0,0.0,0.0,0.00278853601859024
1950,person,P01317,Djeddah Eli~ N,1.0,1.0,0.0,0.0,0.12067694511360877
1950,person,P01831,Djeddaoui Hassan,2.0,2.0,0.0,0.0,0.11526472948191181
1950,person,P00800,Doligez Marcel Auguste Joseph,4.0,7.0,0.0,0.0,0.003098373353989156
1950,person,P00801,Dorra Haim,3.0,3.0,0.0,0.0,0.10898060926542764
1950,person,P01832,Doss Emile Tewfili:,9.0,9.0,0.0010215592727540054,0.0,0.11426904838374488
1950,person,P00805,Doss Mtre. Wahib,13.0,14.0,0.012655213271601993,0.0,0.14688536069184188
1950,person,P01834,Dreyfus Richard,4.0,4.0,0.0,0.0,0.13047954001694803
1950,person,P01835,Dnbied Pierre Neuchâtel,0.0,0.0,0.0,0.0,0.0
1950,person,P01836,Dubray Alexandre,6.0,6.0,0.0,0.0,0.004647560030983733
1950,person,P01837,Dubray Joseph,6.0,6.0,0.0,0.0,0.004647560030983733
1950,person,P01321,Dudler Joseph,6.0,6.0,0.0,0.0,0.12041846705178577
1950,person,P00806,Dukes Eric,4.0,4.0,0.0017976547549875203,0.0,0.14508483046400641
1950,person,P01323,Edrei Elie,1.0,1.0,0.0,0.0,0.000774593338497289
1950,person,P01838,Edrei Max,4.0,4.0,0.0,0.0,0.1252472777606293
1950,person,P01839,Eiche Roger,2.0,2.0,0.0,0.0,0.001549186676994578
1950,person,P01840,Eid Jean,0.0,0.0,0.0,0.0,0.0
1950,person,P00811,Eid Raymond,16.0,16.0,0.01438101585814734,0.0,0.1122163109876297
1950,person,P01575,Totah Ibrahim Eid,4.0,4.0,0.002734494622881127,0.0,0.10698453245442908
1950,person,P00812,El Chaféi Abdel Salam,4.0,4.0,0.0,0.0,0.11863966616682138
1950,person,P01841,Elefthérion Gabriel,2.0,2.0,0.0,0.0,0.12038623512805671
1950,person,P01842,Elia Bondi,0.0,0.0,0.0,0.0,0.0
1950,person,P01327,Eliakim Albert,3.0,3.0,0.0,0.0,0.0023237800154918666
1950,person,P01843,El Masri Habib F'acha,8.0,8.0,0.0040795283056208696,0.0,0.1298391958540473
1950,person,P00817,El-Menzalaoui Moustafa Me,5.0,6.0,0.00232607551275092,0.0,0.10703545322189907
1950,person,P01844,HEL » S.A.E,4.0,4.0,0.0,0.0,0.13224433238412817
1950,person,P01845,Elstein S,2.0,2.0,0.0,0.0,0.0023237800154918666
1950,person,P00315,El Toukhy Hassan Ahmed,1.0,1.0,0.0,0.0,0.000774593338497289
1950,person,P01330,Eman André,2.0,2.0,0.0,0.0,0.001549186676994578
1950,person,P00823,Empain Baron Edouard,13.0,14.0,0.007710486256262022,0.0,0.14424726569545218
1950,person,P00320,Empain Baron Louis,0.0,0.0,0.0,0.0,0.0
1950,person,P00321,Empedocles Gregory,2.0,2.0,0.0,0.0,0.001549186676994578
1950,person,P01846,Enan Ahmed,3.0,3.0,0.0,0.0,0.10898060926542764
1950,person,P01847,Enan Pacha Hussein Mahmoud,22.0,23.0,0.015828470687583404,0.0,0.15665725337458022
1950,person,P00322,Enan Saleh,6.0,6.0,0.005132256255991442,0.0,0.1247954979018923
1950,person,P01848,Erdoes Koleman,2.0,2.0,0.0,0.0,0.11633806891837037
1950,person,P00324,Erfan Mohamed,1.0,1.0,0.0,0.0,0.00139426800929512
1950,person,P01849,Escher W,2.0,2.0,0.0,0.0,0.11102517265821275
1950,person,P00826,Estabrook Edward Lewis,2.0,2.0,0.0,0.0,0.09064147006014103
1950,person,P01333,Eugenides Eugène,2.0,2.0,0.0,0.0,0.11996878485954117
1950,person,P00830,Ezri Raymond,4.0,4.0,0.0008511754768904269,0.0,0.13170218870817565
1950,person,P01850,Travaux Publics,1.0,1.0,0.0,0.0,0.000774593338497289
1950,person,P00831,Fahmi Gallini,8.0,8.0,0.0,0.0,0.14341931582857775
1950,person,P00056,Fakhry Mahmoud,7.0,8.0,0.0007436211113007259,0.0,0.1430543811827035
1950,person,P00832,Fanner William Rogers,5.0,5.0,0.0,0.0,0.128650736395429
1950,person,P01851,Farah Dr. Antoine,4.0,4.0,0.0,0.0,0.003098373353989156
1950,person,P01852,Farahat Vita,5.0,5.0,0.0009139000474363363,0.0,0.13051740407383047
1950,person,P01853,Sarofim Farès,7.0,7.0,0.0018253982550633784,0.0,0.13762636916720314
1950,person,P01854,Farès Henry,1.0,1.0,0.0,0.0,0.000774593338497289
1950,person,P01334,Farès Youssef,1.0,1.0,0.0,0.0,0.000774593338497289
1950,person,P01855,Farid Bey El Masri,3.0,3.0,0.0,0.0,0.10346514249791118
1950,person,P01336,Farghaly Abdel Aziz Ahmed,8.0,8.0,0.0023307964062195007,0.0,0.1597169653545525
1950,person,P01856,Farghaly Aly Ahmed,11.0,11.0,0.007984856947709264,0.0,0.14242019456568078
1950,person,P01857,Fathalla Bey El Borini,5.0,5.0,0.0,0.0,0.0038729666924864447
1950,person,P01858,Fathi Mansour El Kekhia Mtre,5.0,5.0,0.0,0.0,0.1002815996518216
1950,person,P00835,Fauqueux Arthur,4.0,4.0,0.0,0.0,0.003098373353989156
1950,person,P01859,Feith,2.0,2.0,0.0,0.0,0.1289458068917488
1950,person,P01337,Feldman 1. R.,0.0,0.0,0.0,0.0,0.0
1950,person,P00057,Fenderl Hugo,0.0,0.0,0.0,0.0,0.0
1950,person,P01860,Ferrier H. J. L,3.0,3.0,0.0,0.0,0.10956467099596098
1950,person,P00341,Feyerick Jacques,4.0,4.0,0.0,0.0,0.09454760866899724
1950,person,P01861,Fils Henri,4.0,4.0,0.0,0.0,0.003098373353989156
1950,person,P00058,Finney Harold E,1.0,2.0,0.0,0.0,0.13040387777280946
1950,person,P01862,Flower Edmund W,0.0,0.0,0.0,0.0,0.0
1950,person,P01863,Foa Egizio,0.0,0.0,0.0,0.0,0.0
1950,person,P01864,Fornier Albert,6.0,6.0,0.0,0.0,0.11102517265821275
1950,person,P01865,Foscolo Ugo,3.0,3.0,0.0,0.0,0.1108336556033563
1950,person,P00840,Franck Alfred,3.0,3.0,0.0,0.0,0.12006486237010675
1950,person,P01867,Friedrich Rolf,6.0,6.0,8.406439332528718e-06,0.0,0.00495739736638265
1950,person,P00063,Fumaroli,6.0,6.0,0.0009139000474363363,0.0,0.12672949406548883
1950,person,P01342,Galal Moustapha,3.0,3.0,0.0,0.0,0.09961527673054703
1950,person,P01343,Galanté Raymond,1.0,1.0,0.0,0.0,0.000774593338497289
1950,person,P01344,Galanté Robert,1.0,1.0,0.0,0.0,0.000774593338497289
1950,person,P01869,Gamal El Dine El Abd,6.0,6.0,0.0,0.0,0.12935374588392864
1950,person,P01870,Gamper,9.0,9.0,0.0,0.0,0.14957199016907877
1950,person,P01871,Gantès,2.0,2.0,0.0,0.0,0.13538921566478623
1950,person,P00343,Garboua Emile,2.0,2.0,0.0,0.0,0.12109934691395258
1950,person,P00846,Garboua Maurice,0.0,0.0,0.0,0.0,0.0
1950,person,P01872,Gardner John A. F,4.0,4.0,0.0,0.0,0.10871718018816047
1950,person,P01873,Gargour Me. G,2.0,2.0,0.0,0.0,0.11987286099105007
1950,person,P00067,Gasche Linus,14.0,14.0,0.005997433570776327,0.0,0.15770090267826783
1950,person,P00848,Gasche Robert,9.0,10.0,0.0009500542408148548,0.0,0.13813359165799136
1950,person,P01874,Gattegno Silvio,3.0,3.0,0.0,0.0,0.10607617321660845
1950,person,P01875,Gautier Victor,5.0,5.0,0.0,0.0,0.0045067248785296814
1950,person,P01876,Gazai Joseph G,1.0,1.0,0.0,0.0,0.000774593338497289
1950,person,P01878,Gawhari Mohamed,1.0,1.0,0.0,0.0,0.10565256622936807
1950,person,P01879,Geahel Michel,4.0,4.0,0.0,0.0,0.1092453180564537
1950,person,P01347,Geahel Pierre,3.0,3.0,0.0,0.0,0.12905680758634716
1950,person,P01880,Genissedis Spiro G,1.0,1.0,0.0,0.0,0.000774593338497289
1950,person,P01881,Georgitsis Spiro,1.0,1.0,0.0,0.0,0.000774593338497289
1950,person,P01882,Geredini Me. Sami,2.0,2.0,0.0,0.0,0.001549186676994578
1950,person,P01883,Ghaleb Kamel Osman,3.0,3.0,0.0,0.0,0.11679121642129832
1950,person,P01348,Ghandour Hachem,2.0,2.0,0.0,0.0,0.001549186676994578
1950,person,P01884,Gharbo Hassan Aly,3.0,3.0,0.0,0.0,0.0023237800154918666
1950,person,P01885,Ghazi Moustapha Mohamed,1.0,1.0,0.0,0.0,0.000774593338497289
1950,person,P01886,Gheriani Dr. Moustapha Ghaleb El,8.0,8.0,0.0,0.0,0.006196746707978312
1950,person,P01887,GUes Bey R.H,0.0,0.0,0.0,0.0,0.0
1950,person,P00366,Ginsberg Richard,1.0,1.0,0.0,0.0,0.000774593338497289
1950,person,P01888,Giovannoni Charles,2.0,2.0,0.0,0.0,0.11964963406183023
1950,person,P01889,Girgis Pacha Fouad Ibrahim,13.0,13.0,0.004729574587574303,0.0,0.13821849245188073
1950,person,P01890,Gmur Albert,2.0,2.0,0.0,0.0,0.12417531044683043
1950,person,P00069,Goar Edwin N. J,10.0,10.0,0.00450671546938906,0.0,0.15687581947625387
1950,person,P00852,Godber Frederick,6.0,6.0,0.0,0.0,0.004647560030983733
1950,person,P01891,Goemans Lucien F,7.0,7.0,0.002734494622881127,0.0,0.125351999564777
1950,person,P01350,Goldstein Charles,5.0,5.0,0.0,0.0,0.09735129316848914
1950,person,P01351,Goldstein-Gantes Ignace Me,4.0,4.0,0.00023180080283821756,0.0,0.12035402045448752
1950,person,P01352,Goodwin E.A.H,1.0,1.0,0.0,0.0,0.1113550320471453
1950,person,P01892,Goradesky Léon dit Liebel,7.0,8.0,3.6027597139408786e-06,0.0,0.005508219295980722
1950,person,P01355,Grad Isaac,5.0,5.0,0.0,0.0,0.128650736395429
1950,person,P01893,Grandgeorge René,4.0,4.0,0.0,0.0,0.11323337725035747
1950,person,P01894,Granguillot Georges P,1.0,1.0,0.0,0.0,0.000774593338497289
1950,person,P01895,Grassi Ing. Stanislao,0.0,0.0,0.0,0.0,0.0
1950,person,P01896,Grassi Dott. Ugo,3.0,3.0,0.0,0.0,0.09350581589156338
1950,person,P01897,Grazia Jacques,2.0,2.0,0.0,0.0,0.09718301089853497
1950,person,P01898,Green G,0.0,0.0,0.0,0.0,0.0
1950,person,P00855,Grego Oscar,0.0,0.0,0.0,0.0,0.0
1950,person,P01900,Greiss Alphonse,1.0,1.0,0.0,0.0,0.000774593338497289
1950,person,P00856,Grieve R,6.0,8.0,0.0004599523234797855,0.0,0.10423243903555501
1950,person,P00362,Groppi A,1.0,1.0,0.0,0.0,0.000774593338497289
1950,person,P01357,Grunberg Jos. Julien,6.0,6.0,0.002734494622881127,0.0,0.11974520086219911
1950,person,P01901,Guergaoui Philippe,0.0,0.0,0.0,0.0,0.0
1950,person,P01902,Guerin Pierre,3.0,3.0,0.0,0.0,0.09434927091219213
1950,person,P00857,Gueziri Dr. Moukhtar Zaki El,5.0,5.0,0.0,0.0,0.11606786437120513
1950,person,P01903,Guirguis Barsoum,3.0,3.0,0.0,0.0,0.0023237800154918666
1950,person,P00364,Guirguis Elias,3.0,6.0,0.0,0.0,0.07412046381648317
1950,person,P00859,Guirguis Nassif Eff,6.0,6.0,0.0,0.0,0.11149305266197815
1950,person,P01904,Gurdjian A,2.0,2.0,0.0,0.0,0.001549186676994578
1950,person,P01359,Guttmann Isaac,1.0,1.0,0.0,0.0,0.1163681693243001
1950,person,P00860,Gygi Dr. Hans,0.0,0.0,0.0,0.0,0.0
1950,person,P01905,Habachy Pacha Sir Saba,13.0,13.0,0.010744929799869837,0.0,0.13633312350361318
1950,person,P01906,Habib Fouad,6.0,6.0,0.0,0.0,0.09891422354044861
1950,person,P01907,Habib Hassan,0.0,0.0,0.0,0.0,0.0
1950,person,P01908,Habib El Masri,0.0,0.0,0.0,0.0,0.0
1950,person,P01909,Haddad Joseph,4.0,4.0,0.0,0.0,0.12145908032363485
1950,person,P01910,Hafez Chehayeb,4.0,4.0,0.0,0.0,0.14210520519381353
1950,person,P01911,Hafez Hafez Sakr,1.0,1.0,0.0,0.0,0.000774593338497289
1950,person,P01912,Hafez Hassan,3.0,3.0,0.0,0.0,0.12281894441245762
1950,person,P01361,Haggag Zakaria,3.0,3.0,0.0,0.0,0.1074702447881529
1950,person,P00863,Haim Henri,1.0,1.0,0.0,0.0,0.1164887268682776
1950,person,P01362,Hakim Youssef,2.0,2.0,0.0,0.0,0.001549186676994578
1950,person,P01913,Halbouni Hisham,2.0,2.0,0.0,0.0,0.001549186676994578
1950,person,P01914,Hale Herbed Zucker,1.0,1.0,0.0,0.0,0.000774593338497289
1950,person,P01915,Shenouda Halim,8.0,8.0,0.007151363277339951,0.0,0.11773899854408897
1950,person,P01916,Halim Eff,11.0,15.0,0.0013943838023547745,0.0,0.12329028904561948
1950,person,P00867,Halter Hans,6.0,6.0,0.0,0.0,0.1058016877060503
1950,person,P01918,Hamaoui' Félix Mtre,6.0,6.0,0.0,0.0,0.09891422354044861
1950,person,P01365,Hamed el Alaily,3.0,3.0,0.0,0.0,0.10570222666002817
1950,person,P01366,Hamed El Lozy,4.0,4.0,0.0,0.0,0.11645856407002068
1950,person,P01919,Hamilton A,2.0,2.0,0.0,0.0,0.001549186676994578
1950,person,P01367,Hammad Mohamed Wassef,2.0,2.0,0.0,0.0,0.001549186676994578
1950,person,P01368,Hammad Adel Mohamed,2.0,2.0,0.0,0.0,0.001549186676994578
1950,person,P01920,Hammad Shawkat,4.0,4.0,0.0,0.0,0.14147938799572818
1950,person,P01921,Hamza Abbas Dr,8.0,8.0,0.0,0.0,0.006196746707978312
1950,person,P01922,Hamza Hassan,1.0,1.0,0.0,0.0,0.12139351536799456
1950,person,P01923,Hanan Albert,4.0,4.0,0.0,0.0,0.10871718018816047
1950,person,P01924,Haneuse Louis,0.0,0.0,0.0,0.0,0.0
1950,person,P01925,Hankey Hon. Baron,3.0,3.0,0.0,0.0,0.13267344378714452
1950,person,P01926,Hanna Charles,3.0,3.0,0.0,0.0,0.12281894441245762
1950,person,P01927,Hanna Donald Judde,2.0,2.0,0.0,0.0,0.11993679318357862
1950,person,P00370,Hanna Mina,1.0,1.0,0.0,0.0,0.000774593338497289
1950,person,P01928,Harari Edgard,5.0,5.0,0.0,0.0,0.08702843932631964
1950,person,P01370,Harari Ernest Me,6.0,6.0,9.607359237175676e-06,0.0,0.004647560030983733
1950,person,P01371,Harari Marc,5.0,5.0,0.0,0.0,0.08702843932631964
1950,person,P01372,Harari Raymond,5.0,5.0,0.0,0.0,0.08702843932631964
1950,person,P00875,Hargreaves Clive R,9.0,10.0,0.0009500542408148548,0.0,0.13813359165799136
1950,person,P01373,Hassan Abdalla,6.0,6.0,0.0,0.0,0.0986538658562009
1950,person,P00679,Sadek Wahba Pacha Sénateur,42.0,45.0,0.07066931106784524,0.0,0.17840657454915504
1950,person,P01929,Hassan Aboul Séoud Dr,8.0,8.0,0.0,0.0,0.006196746707978312
1950,person,P01930,Hassan Aly Allouba,3.0,3.0,0.0,0.0,0.12048298270517542
1950,person,P01931,Sir Hassan Fahmy Rifaat,3.0,3.0,0.0,0.0,0.13174076579918567
1950,person,P01932,Hassan Fayek,0.0,0.0,0.0,0.0,0.0
1950,person,P01374,Hassan Fouad,7.0,7.0,0.0,0.0,0.12612534336467185
1950,person,P01933,Hassan Kamel El Chichini,8.0,8.0,0.0,0.0,0.14341931582857775
1950,person,P00882,Hassan Moukhtar Rasmi,8.0,9.0,0.0009139000474363363,0.0,0.15277274946957195
1950,person,P01934,Hassan Sadek El Nokrachy,2.0,2.0,0.0,0.0,0.11795514671870438
1950,person,P01935,Hassan El Sayed Badraoui,7.0,7.0,0.0,0.0,0.1461218240540675
1950,person,P01375,Hassler Richard,5.0,5.0,0.0,0.0,0.12687248926330602
1950,person,P01376,Hawa Georges,2.0,2.0,0.0,0.0,0.001549186676994578
1950,person,P00869,Hazan Victor,7.0,7.0,0.0,0.0,0.11721735064853267
1950,person,P01377,Heatheves H. B,6.0,6.0,0.0,0.0,0.004647560030983733
1950,person,P01378,Hefni Mahmoud Pacha Ancien Ministre,5.0,5.0,0.0,0.0,0.09417147705997066
1950,person,P00887,Heller Edouard De,2.0,2.0,0.0,0.0,0.12390164585080436
1950,person,P00889,Hemsi Robert J. G,0.0,0.0,0.0,0.0,0.0
1950,person,P01936,Henein Georges,3.0,3.0,0.0,0.0,0.12472628242884633
1950,person,P00890,Herman Max M,6.0,6.0,0.0,0.0,0.10803818747019454
1950,person,P01937,Herrling Frederic,0.0,0.0,0.0,0.0,0.0
1950,person,P01380,Heyndrickx Pierre,0.0,0.0,0.0,0.0,0.0
1950,person,P01938,Hilal Leonidas Gamil,2.0,2.0,0.0,0.0,0.11069726173724338
1950,person,P00892,Hirsch Siegmund,7.0,7.0,0.0,0.0,0.1438781108248304
1950,person,P01939,Hislop D. K,4.0,4.0,0.0,0.0,0.10462037088588506
1950,person,P00894,Hoerni Robert,5.0,5.0,0.0,0.0,0.0045067248785296814
1950,person,P00895,Hollings J. S,2.0,2.0,0.0,0.0,0.10306209313437668
1950,person,P01382,Homsy Edgard,1.0,1.0,0.0,0.0,0.10879607509395739
1950,person,P01383,Homsy Riskallah,8.0,9.0,0.0027380973825950677,0.0,0.13334212109054844
1950,person,P01940,Hornstein Clément,2.0,2.0,0.0,0.0,0.08689392860093119
1950,person,P01941,Hourwitz A. lng,0.0,0.0,0.0,0.0,0.0
1950,person,P01942,Hossni,5.0,5.0,0.002734494622881127,0.0,0.11102517265821275
1950,person,P00898,Hovaghimian A,1.0,1.0,0.0,0.0,0.000774593338497289
1950,person,P01943,Huri Robert,9.0,9.0,0.0,0.0,0.14902683049649432
1950,person,P01944,Hussein El Essely,1.0,1.0,0.0,0.0,0.000774593338497289
1950,person,P01945,Hussein Ilhamy,10.0,10.0,0.007107683881150691,0.0,0.13792179528930384
1950,person,P01946,Hussein Kamal,6.0,6.0,0.0,0.0,0.14246530707583777
1950,person,P00902,Hussein Said,9.0,9.0,0.004616968090621816,0.0,0.14103573986780177
1950,person,P01387,Hussein Samy,1.0,1.0,0.0,0.0,0.003098373353989156
1950,person,P01947,Hussein Zaki El Ibrachi,1.0,1.0,0.0,0.0,0.1259840264533389
1950,person,P01948,Ibrahim Bayoumi Madlmur,7.0,7.0,0.0,0.0,0.1328301755577141
1950,person,P01388,Ibrahim Fahmy,4.0,4.0,0.0,0.0,0.11863966616682138
1950,person,P01949,Ibrahim Bey Fouad Sid Ahmad,1.0,1.0,0.0,0.0,0.0021516481624924695
1950,person,P01950,Ibrahim Hilal,1.0,1.0,0.0,0.0,0.000774593338497289
1950,person,P01951,Ibrahim Hamdi Seif El Nasr,3.0,3.0,0.0,0.0,0.0023237800154918666
1950,person,P01952,Ibrahim Rouchdy Kamha,6.0,6.0,0.0,0.0,0.09891422354044861
1950,person,P01389,Imam Wakid,1.0,1.0,0.0,0.0,0.000774593338497289
1950,person,P00905,Irwin F.J.R,3.0,4.0,0.00045454818390887417,0.0,0.10416002187087074
1950,person,P01953,Isherwood Percy,9.0,12.0,0.0,0.0,0.12455357918538351
1950,person,P00907,Iskandar Said Eff,5.0,5.0,0.0,0.0,0.11412407369663026
1950,person,P00908,Islam Aly,2.0,2.0,0.0,0.0,0.13290868038960396
1950,person,P01954,Ismail El Baroudy,3.0,6.0,0.0,0.0,0.07412046381648317
1950,person,P00910,Ismalun René,25.0,31.0,0.029743802881148383,0.0,0.16149478435849904
1950,person,P01955,Israel Léon,1.0,1.0,0.0,0.0,0.000774593338497289
1950,person,P01956,Israel Ovadia,6.0,6.0,0.0,0.0,0.00495739736638265
1950,person,P01390,Israel Raymond,2.0,2.0,0.0,0.0,0.003304931577588433
1950,person,P01957,Israel Victor,0.0,0.0,0.0,0.0,0.0
1950,person,P01958,Justice,2.0,2.0,0.0,0.0,0.001549186676994578
1950,person,P01959,Léopold,3.0,3.0,0.0,0.0,0.11952244869477008
1950,person,P01960,Izzel Dine Omar,2.0,2.0,0.0,0.0,0.10014762289877975
1950,person,P01392,Jackson W,4.0,4.0,0.0,0.0,0.10462037088588506
1950,person,P00081,Jacobs Emile,12.0,12.0,0.00724394886483046,0.0,0.09470688027762053
1950,person,P01393,Jacoel Sam,5.0,5.0,0.0,0.0,0.11037128207077787
1950,person,P00911,Jacot-Descombes J. G,0.0,0.0,0.0,0.0,0.0
1950,person,P01394,Jameson J. A,6.0,6.0,0.0,0.0,0.004647560030983733
1950,person,P01961,Jancovitch Jack,4.0,4.0,0.004545481839088742,0.0,0.10620141072926088
1950,person,P01962,Jardine Robert,2.0,2.0,0.0,0.0,0.11069726173724338
1950,person,P01963,Jays Georges Naldrett,5.0,5.0,0.0,0.0,0.14147938799572818
1950,person,P01964,Jensens N. M,0.0,0.0,0.0,0.0,0.0
1950,person,P01397,Jones Archibald Probart,2.0,2.0,0.0,0.0,0.001549186676994578
1950,person,P01965,Jullien L,3.0,3.0,0.0,0.0,0.1278825631044697
1950,person,P01966,Kafraoui Pacha Dr. Abbas El,0.0,0.0,0.0,0.0,0.0
1950,person,P01967,Kahla Raymond,4.0,4.0,0.0,0.0,0.0034856700232378
1950,person,P01398,Kamal el Dine el Chérif,5.0,5.0,0.0,0.0,0.128283791910559
1950,person,P01968,Kamal Imam,4.0,4.0,0.0,0.0,0.12846700212465578
1950,person,P01969,Kamel El Abd,4.0,4.0,0.0,0.0,0.1282472125572911
1950,person,P01970,Kamel Bey Habib,3.0,3.0,0.0,0.0,0.0023237800154918666
1950,person,P01971,Kamel Hussein Wassef,2.0,2.0,0.0,0.0,0.10014762289877975
1950,person,P00915,Kamel Ibrahim,8.0,8.0,0.002369136774297446,0.0,0.15324121786658257
1950,person,P01972,Kamel Osman Pacha Ghaleb,3.0,3.0,0.0,0.0,0.11679121642129832
1950,person,P01973,Karam Georges T,2.0,2.0,0.0,0.0,0.001549186676994578
1950,person,P01974,Karam Théodore,2.0,2.0,0.0,0.0,0.001549186676994578
1950,person,P01975,Karkegi Michel,4.0,4.0,0.0,0.0,0.003098373353989156
1950,person,P01976,Karkegi Nicolas,4.0,4.0,0.0,0.0,0.003098373353989156
1950,person,P00916,Kelebdjian Hagop,1.0,1.0,0.0,0.0,0.000774593338497289
1950,person,P01977,Keown-Boyd Str Alexander W . . K.B.E,13.0,14.0,0.01247727530926313,0.0,0.15461085405239597
1950,person,P01401,Kettaneh Charles,1.0,1.0,0.0,0.0,0.000774593338497289
1950,person,P01402,Kettaneh Désiré,1.0,1.0,0.0,0.0,0.000774593338497289
1950,person,P01978,Kfoury Alfred,1.0,1.0,0.0,0.0,0.001991811441850171
1950,person,P01979,Kfoury Elie,1.0,1.0,0.0,0.0,0.11395058891269821
1950,person,P00920,Kfoury Philippe,3.0,3.0,0.0,0.0,0.10570222666002817
1950,person,P01980,Kfoury Jean,3.0,3.0,0.0,0.0,0.10570222666002817
1950,person,P00918,Kfoury Joseph,20.0,21.0,0.011384080168813317,0.0,0.128650736395429
1950,person,P00919,Kfouri Michel,6.0,6.0,0.0,0.0,0.11149305266197815
1950,person,P01981,Kfoury Philippe Zaher,3.0,4.0,0.0,0.0,0.10570222666002817
1950,person,P01982,Kfoury Robert,3.0,3.0,0.0,0.0,0.0023237800154918666
1950,person,P01983,Khachaba Sayed Mohamed Pacha Député,11.0,13.0,0.008856089254276046,0.0,0.14828980363943944
1950,person,P00922,Khalil Aly El Gazzar,1.0,1.0,0.0,0.0,0.11854585514982073
1950,person,P01984,Kbairy Bey Ahmed,0.0,0.0,0.0,0.0,0.0
1950,person,P01404,Khairy Mahmoud,3.0,3.0,0.0009139000474363363,0.0,0.11703434151403067
1950,person,P00399,Khalil Mohamed Mahmoud,20.0,25.0,0.016201278718424996,0.0,0.17473309030241643
1950,person,P01985,Khalil Mohamed Tewfik,0.0,0.0,0.0,0.0,0.0
1950,person,P01405,Khattab Mohamed,10.0,10.0,0.010623042583688621,0.0,0.14489786547629505
1950,person,P00923,Kher Georges J,1.0,1.0,0.0,0.0,0.08152310575284029
1950,person,P01986,Khorshed Ahmed Khairy Ahmed,4.0,4.0,0.0,0.0,0.003098373353989156
1950,person,P01987,Khorshed Hussein Ahmed,4.0,4.0,0.0,0.0,0.003098373353989156
1950,person,P01988,Khorshed Omar Seif El Dine,4.0,4.0,0.0,0.0,0.003098373353989156
1950,person,P00924,Kirkman Robert,5.0,5.0,0.0,0.0,0.1074702447881529
1950,person,P01989,Klat Elie,4.0,4.0,0.0,0.0,0.1428272386276341
1950,person,P00089,Klat Jules,27.0,31.0,0.01912825707183133,0.0,0.15960361051753721
1950,person,P01990,Klat Ramez,7.0,7.0,0.0,0.0,0.13596220509021156
1950,person,P01991,Koleas Nicolas,6.0,6.0,0.0,0.0,0.11102517265821275
1950,person,P00928,Kouhi N,4.0,4.0,0.0,0.0,0.003098373353989156
1950,person,P00929,Krischewsky Henry,12.0,13.0,0.008642599497206482,0.0,0.151384373759145
1950,person,P01992,Krustalia Michel,4.0,4.0,0.0,0.0,0.10025924530504231
1950,person,P00930,Kupper H,6.0,11.0,0.0,0.0,0.14452537739023774
1950,person,P01993,Kyriakides,6.0,6.0,0.0,0.0,0.10803818747019454
1950,person,P01994,Kyriazis Apostolo,1.0,1.0,0.0,0.0,0.000774593338497289
1950,person,P01995,Labib Atallab Dr,3.0,3.0,0.0,0.0,0.10570222666002817
1950,person,P01411,Lackany Sanny,4.0,4.0,0.0,0.0,0.10657890389536016
1950,person,P01412,Lagnado Joseph S,4.0,4.0,0.0,0.0,0.11955421968060072
1950,person,P01413,Lagoudakis Eustache,1.0,1.0,0.0,0.0,0.000774593338497289
1950,person,P01996,Lah~rrère L,6.0,6.0,0.0,0.0,0.14246530707583777
1950,person,P01997,Lambiotte O. Ellsworth,14.0,14.0,0.006014286817372301,0.0,0.15163957331032363
1950,person,P01998,Lancaster '\V. A,12.0,15.0,0.004104790897897599,0.0,0.1527208741726383
1950,person,P01999,Lancker Robert de,1.0,1.0,0.0,0.0,0.000774593338497289
1950,person,P02000,Landert Hans Ulrich,3.0,3.0,0.0,0.0,0.11990481856529454
1950,person,P02001,Landert Jean,3.0,3.0,0.0,0.0,0.11990481856529454
1950,person,P02002,Lappas Aristide,1.0,1.0,0.0,0.0,0.000774593338497289
1950,person,P01414,Lappas Christodule,1.0,1.0,0.0,0.0,0.000774593338497289
1950,person,P00406,Lappas Georges,1.0,1.0,0.0,0.0,0.000774593338497289
1950,person,P02003,Lappas Grégoire,4.0,4.0,0.0,0.0,0.12846700212465578
1950,person,P00092,Lascaris Mario,8.0,9.0,0.0018466077460470123,0.0,0.14741493754127166
1950,person,P02004,Lavison Mr. le Comte,3.0,3.0,0.0,0.0,0.0023237800154918666
1950,person,P02005,Lazarevitch Tod01·,5.0,5.0,0.0,0.0,0.0038729666924864447
1950,person,P00937,Lebnan Bakhos,6.0,6.0,0.0021844305638748047,0.0,0.1336194219959655
1950,person,P00938,Lebon Marcel,0.0,0.0,0.0,0.0,0.0
1950,person,P02006,Lebovich Maurice,4.0,4.0,0.0,0.0,0.10871718018816047
1950,person,P00409,Lee Lee Roger Malcolm,6.0,6.0,0.0,0.0,0.1279189347094482
1950,person,P00410,Lees Sir William Clare,6.0,6.0,0.0,0.0,0.1279189347094482
1950,person,P00939,Lefrère Lucien,5.0,6.0,0.0,0.0,0.15179310645913596
1950,person,P00940,Leheta Ibrahim,0.0,0.0,0.0,0.0,0.0
1950,person,P02007,Lemoine Gilbert,4.0,4.0,0.0,0.0,0.11323337725035747
1950,person,P02008,Levi Emilio,2.0,2.0,0.0,0.0,0.001549186676994578
1950,person,P02009,Levi Gino,2.0,2.0,0.0,0.0,0.001549186676994578
1950,person,P00415,Levi Nellos A,6.0,6.0,0.0,0.0,0.12935374588392864
1950,person,P00944,Levi Rolf,1.0,1.0,0.0,0.0,0.000774593338497289
1950,person,P02010,Levy Isaac,7.0,7.0,0.0,0.0,0.11709528103057013
1950,person,P01417,Lévy Joseph M,2.0,2.0,0.0,0.0,0.00278853601859024
1950,person,P00414,Levi 1. G,2.0,2.0,0.0,0.0,0.00278853601859024
1950,person,P02011,Levy Sion,3.0,3.0,0.0,0.0,0.09368110277825865
1950,person,P00094,Lian Alfred,16.0,17.0,0.007241972355160583,0.0,0.1499209914794733
1950,person,P02012,Lienardy Georges,3.0,3.0,0.0,0.0,0.0023237800154918666
1950,person,P01419,Lifschitz Paul,0.0,0.0,0.0,0.0,0.0
1950,person,P01420,Lisbona Mayer,3.0,3.0,0.0004709688037363229,0.0,0.106477976903035
1950,person,P02013,Lind Marcel,3.0,3.0,0.0,0.0,0.0023237800154918666
1950,person,P01421,Liverant Joseph,6.0,6.0,0.0,0.0,0.0986538658562009
1950,person,P02014,Lombard Georges,5.0,5.0,0.0,0.0,0.0045067248785296814
1950,person,P00948,Lombardo Cesare,3.0,3.0,0.0009139000474363363,0.0,0.1374581217721332
1950,person,P01422,Lopez Ercole J,6.0,6.0,0.0,0.0,0.10803818747019454
1950,person,P02015,S.S. Loutfallah,2.0,2.0,0.0,0.0,0.10879607509395739
1950,person,P02016,Loutfi Faiz Ahmed,3.0,3.0,0.0,0.0,0.0023237800154918666
1950,person,P02017,Loutfi Nasser,3.0,3.0,0.0,0.0,0.0023237800154918666
1950,person,P00096,Lowe A. J,14.0,14.0,0.016629149646172812,0.0,0.1604004901706205
1950,person,P00952,Lozy Taher El,12.0,12.0,0.010063616755638891,0.0,0.16608677047209003
1950,person,P02018,Luchsinger~ J,6.0,6.0,0.0,0.0,0.004647560030983733
1950,person,P02019,Ludvigsen Axel,1.0,1.0,0.0,0.0,0.09425041375490777
1950,person,P00426,Lumbroso J,1.0,1.0,0.0,0.0,0.09567389373291212
1950,person,P01423,Lynch F. C,4.0,4.0,0.0,0.0,0.003098373353989156
1950,person,P02020,Mac Coy R.T,2.0,2.0,0.0,0.0,0.09976995883727148
1950,person,P00955,Mac Culloch Norman G,6.0,6.0,0.0,0.0,0.1279189347094482
1950,person,P00956,Mac Cullock Joseph Paul,0.0,0.0,0.0,0.0,0.0
1950,person,P02021,MacEwen \Villiam G,0.0,0.0,0.0,0.0,0.0
1950,person,P02022,Mac Gill H.A.H,2.0,2.0,0.0,0.0,0.14269129899696062
1950,person,P02023,Mackay D. R,12.0,12.0,0.006636090613433362,0.0,0.15012115301682905
1950,person,P00957,Mackenzie W,1.0,1.0,0.0,0.0,0.1161577929851291
1950,person,P02024,Président de «Fluviale»,3.0,3.0,0.0,0.0,0.13267344378714452
1950,person,P02025,Madkour Gomaa,6.0,6.0,0.0,0.0,0.00495739736638265
1950,person,P02026,Madkour Dr. Ibrahim Bayoumi,0.0,0.0,0.0,0.0,0.0
1950,person,P00958,Maggiar André,8.0,8.0,0.0,0.0,0.08173050598553877
1950,person,P02027,Maggiar Georges,8.0,8.0,0.0,0.0,0.08173050598553877
1950,person,P02028,Mahmoud Maher,0.0,0.0,0.0,0.0,0.0
1950,person,P00432,Mahfouz Hassan,3.0,3.0,0.0,0.0,0.11901639969262234
1950,person,P00960,Mahfouz Rachouan,3.0,3.0,0.0,0.0,0.0023237800154918666
1950,person,P02029,Mahieu Dr. Maurice,8.0,8.0,0.0,0.0,0.006196746707978312
1950,person,P00961,Mahmoud Aly Allouba,1.0,1.0,0.0,0.0,0.12510792056701525
1950,person,P02030,Mahmoud El Attal,2.0,2.0,0.0,0.0,0.12258462099711634
1950,person,P02031,Mahmoud Bakhaty Me,3.0,3.0,0.0,0.0,0.0023237800154918666
1950,person,P02032,Mahmoud Chaker Mohamed,5.0,5.0,0.0,0.0,0.128283791910559
1950,person,P02033,Mahmoud Fahmy Hussein Me,3.0,3.0,0.0,0.0,0.10956467099596098
1950,person,P02034,Mahmoud Fadel Sélim,9.0,9.0,0.0,0.0,0.11177012287237074
1950,person,P02035,Mahmoud Hassan,4.0,4.0,0.0,0.0,0.13010210426335547
1950,person,P02036,Mahmoud el Shishini,5.0,5.0,0.0,0.0,0.0038729666924864447
1950,person,P02037,Mahmoud el Tahry,2.0,2.0,0.0,0.0,0.001549186676994578
1950,person,P02038,Mahmoud Hassanein Makhlouf Mtre,3.0,3.0,0.0,0.0,0.09961527673054703
1950,person,P01428,Mahmoud Mohasseb,9.0,9.0,0.003641189150889581,0.0,0.12701580752285227
1950,person,P02039,Mahmoud Sabet,2.0,2.0,0.0,0.0,0.001549186676994578
1950,person,P02040,Mahmoud Sabry Mahboub,0.0,0.0,0.0,0.0,0.0
1950,person,P02041,Mahmoud Samy,2.0,2.0,0.0,0.0,0.001549186676994578
1950,person,P02042,Mahmond Tewfik Ilefnaoui,4.0,4.0,0.0,0.0,0.11863966616682138
1950,person,P02043,Mahmoud Bey El Toayar,1.0,1.0,0.0,0.0,0.000774593338497289
1950,person,P00964,Maksud Emile,1.0,1.0,0.0,0.0,0.11132746892040095
1950,person,P02044,Maksud Henri Mtre,3.0,3.0,0.0,0.0,0.0023237800154918666
1950,person,P02045,Maksud René A,6.0,6.0,0.0,0.0,0.1362092593696002
1950,person,P01430,Malcolm Major,1.0,1.0,0.0,0.0,0.000774593338497289
1950,person,P02046,XA»,5.0,5.0,0.0,0.0,0.14429354329111962
1950,person,P00221,Malone Peter,8.0,8.0,0.005538479184464535,0.0,0.12972684581436972
1950,person,P02047,Mamane Albert,6.0,6.0,0.0,0.0,0.11118985771036337
1950,person,P02048,Manouk Joseph,6.0,6.0,0.0,0.0,0.004647560030983733
1950,person,P02049,Mansour Badrawi,4.0,4.0,0.0,0.0,0.13393775295962473
1950,person,P01432,Mansour Gamal el Dîne,7.0,7.0,0.0,0.0,0.13596220509021156
1950,person,P01433,Mansour,2.0,2.0,0.0,0.0,0.001549186676994578
1950,person,P02050,Mansour Sabry,0.0,0.0,0.0,0.0,0.0
1950,person,P02051,Maraghi Bey Hassan Rachad El,2.0,2.0,0.0,0.0,0.09981424199698621
1950,person,P02052,Marcarian Aram Drentz,3.0,3.0,0.0,0.0,0.11188133692498005
1950,person,P02053,Miralai T. A. Marcou,2.0,2.0,0.0,0.0,0.001549186676994578
1950,person,P01435,Maret Baron Guy de,5.0,5.0,0.0,0.0,0.13120273466698362
1950,person,P01436,Marii Sayed,4.0,4.0,0.0,0.0,0.12414103627889038
1950,person,P02054,Marryat Brigadier,3.0,3.0,0.0,0.0,0.08466923464578688
1950,person,P00972,Martin G. A,5.0,5.0,0.004064925885348773,0.0,0.13181798781899762
1950,person,P00973,Martz Dr. Ernst,7.0,7.0,0.0,0.0,0.1328301755577141
1950,person,P02055,Mathias E.L.A. O.B.E,5.0,5.0,0.0,0.0,0.0038729666924864447
1950,person,P01439,Mathieu A,3.0,3.0,0.0,0.0,0.13712285806049387
1950,person,P00442,Matossian Joseph O,2.0,2.0,0.0,0.0,0.001549186676994578
1950,person,P00443,Matossian Vincent O,0.0,0.0,0.0,0.0,0.0
1950,person,P02056,Matouk Bichara,4.0,4.0,0.003641189150889581,0.0,0.09016900048885722
1950,person,P02057,Matouk Fouad,3.0,3.0,0.0,0.0,0.11835867748379471
1950,person,P00446,Mavro Mike,17.0,20.0,0.004782000821400446,0.0,0.13928862633583766
1950,person,P02058,Mavros,0.0,0.0,0.0,0.0,0.0
1950,person,P00975,Mawas Maurice,2.0,2.0,0.0,0.0,0.1160379191017595
1950,person,P00976,Mawas Zaki,0.0,0.0,0.0,0.0,0.0
1950,person,P02059,Maxwell Robert H,4.0,4.0,0.0,0.0,0.13224433238412817
1950,person,P02060,Mazloum Hassan Pacha ·,33.0,38.0,0.03313438855923536,0.0,0.1708176887346828
1950,person,P02061,Mazloum Mahmoud Aly,0.0,0.0,0.0,0.0,0.0
1950,person,P02062,Mazloum Mohamed Aly,4.0,4.0,0.0,0.0,0.0034856700232378
1950,person,P02063,Mboria Dr. Lefter,2.0,2.0,0.0,0.0,0.001549186676994578
1950,person,P00978,Menaché Albert,7.0,7.0,0.0,0.0,0.11709528103057013
1950,person,P00979,Menaché Maurice M,4.0,4.0,0.0,0.0,0.11955421968060072
1950,person,P02064,Menasce Robert de,5.0,7.0,0.0,0.0,0.12697994761107279
1950,person,P02065,Mendoza Clément,6.0,6.0,0.0,0.0,0.1384312017354324
1950,person,P02066,Merret Herbert J. P,5.0,5.0,0.0,0.0,0.11597807489386794
1950,person,P02067,Mertens Jean,2.0,2.0,0.0,0.0,0.0017428350116189
1950,person,P02068,Mesureur Paul,1.0,1.0,0.0,0.0,0.000774593338497289
1950,person,P01444,Metaxas Ménélas,1.0,1.0,0.0,0.0,0.000774593338497289
1950,person,P02069,Metwalli Youssef,2.0,2.0,0.0,0.0,0.001549186676994578
1950,person,P02070,Metzger AJbert,2.0,2.0,0.0,0.0,0.09718301089853497
1950,person,P01446,Meyvis Louis,0.0,0.0,0.0,0.0,0.0
1950,person,P02071,Michailidis Michel Stavro,0.0,0.0,0.0,0.0,0.0
1950,person,P02072,Michailidis Paul Stavro,0.0,0.0,0.0,0.0,0.0
1950,person,P02073,Mieli Charles,2.0,2.0,0.0,0.0,0.09098987951414524
1950,person,P00455,Mills A. E,8.0,13.0,0.005347960121576729,0.0,0.15820013170538863
1950,person,P00102,Minost Emile,0.0,0.0,0.0,0.0,0.0
1950,person,P02074,Mirshak Antoine,4.0,4.0,0.0,0.0,0.003098373353989156
1950,person,P02075,Mirshali Camille,4.0,4.0,0.0,0.0,0.003098373353989156
1950,person,P02076,Misitano Ing. Lorenzo,4.0,4.0,0.0,0.0,0.13135600888972543
1950,person,P00456,Misrahi Albert,0.0,0.0,0.0,0.0,0.0
1950,person,P02077,Misrahi Behor S,0.0,0.0,0.0,0.0,0.0
1950,person,P02078,Misrahi Bondi,1.0,1.0,0.0,0.0,0.000774593338497289
1950,person,P02079,Misrahi Clément Me,3.0,3.0,0.0,0.0,0.12359521144226981
1950,person,P00457,Misrahi Isaac J,7.0,7.0,0.0018253982550633784,0.0,0.10752162907923017
1950,person,P02080,Mitarachi ManoU,6.0,6.0,0.0,0.0,0.11102517265821275
1950,person,P00989,Moberly Charles Henry Doward,2.0,2.0,0.0,0.0,0.001549186676994578
1950,person,P02081,Modai Raphael,2.0,2.0,0.0,0.0,0.09745676585881254
1950,person,P00990,Moghazi Mohamed Abd Rabbou,2.0,2.0,0.0,0.0,0.1315481060071424
1950,person,P02082,Mohamed Abdel Aziz Taalat Harb,13.0,13.0,0.005904021456423515,0.0,0.12751998141151683
1950,person,P02083,Mohamed Abdel Khalek Hassouna Pacha Ancien Ministre,0.0,0.0,0.0,0.0,0.0
1950,person,P02084,Mohamed Abdel Khalek Saber,3.0,3.0,0.0,0.0,0.10570222666002817
1950,person,P00991,Mohamed Abdel Moneim El Dib,11.0,11.0,0.005584603985414298,0.0,0.14962174798350625
1950,person,P02085,Mohamed Adel Rifaat,6.0,6.0,0.0,0.0,0.1058016877060503
1950,person,P01451,Mohaf!led Aly Namazi,0.0,0.0,0.0,0.0,0.0
1950,person,P02086,Mohamed Aly Rifaat Dr,3.0,3.0,0.0,0.0,0.0023237800154918666
1950,person,P01452,Mohamed Amine Chohayeb,6.0,6.0,0.0008926074195346162,0.0,0.12991420405500284
1950,person,P02087,Mohamed Chafei El Labbane,16.0,17.0,0.011714745881928338,0.0,0.1510792658509976
1950,person,P01453,Mohamed Chafik,4.0,4.0,0.0,0.0,0.12570234053617102
1950,person,P02088,Mohamed Chafik Gabr,3.0,3.0,0.0,0.0,0.0023237800154918666
1950,person,P02089,Mohamed Fabmy Soliman,0.0,0.0,0.0,0.0,0.0
1950,person,P01454,Mohamed Fathy Sabry,11.0,15.0,0.0013943838023547745,0.0,0.12329028904561948
1950,person,P02090,Mohamed Fouad Loutfi,8.0,8.0,0.0,0.0,0.14341931582857775
1950,person,P01455,Mohamed Hachem Pacha Dr,0.0,0.0,0.0,0.0,0.0
1950,person,P01456,Mohamed Bey Hamada,8.0,8.0,0.0012996306569741055,0.0,0.12258462099711634
1950,person,P02091,Mohamed Hassan El Abd,0.0,0.0,0.0,0.0,0.0
1950,person,P02092,Mohamed Hassan el Achmaoui,2.0,2.0,0.0,0.0,0.0017428350116189
1950,person,P02093,Mohamed Hosni Naguib,2.0,2.0,0.0,0.0,0.14678948251906654
1950,person,P02094,Mohamed Hussein el Gammal,7.0,7.0,0.0,0.0,0.13596220509021156
1950,person,P02095,Mohamed Ibrahim Elwan,1.0,1.0,0.0,0.0,0.000774593338497289
1950,person,P02096,Mohamed Izzet,0.0,0.0,0.0,0.0,0.0
1950,person,P02097,Mohamed Kamal Ibrahim,5.0,5.0,0.0,0.0,0.09417147705997066
1950,person,P02098,Mohamed Kamal El Kheshen,3.0,3.0,0.0,0.0,0.10346514249791118
1950,person,P02099,Mohamed Mohamed Bidair,2.0,2.0,0.0,0.0,0.11102517265821275
1950,person,P01460,Mohamed Mohamed 1Kira,0.0,0.0,0.0,0.0,0.0
1950,person,P02100,Mohamed Mokhtar el Chérif,5.0,5.0,0.0,0.0,0.128283791910559
1950,person,P02101,Méhamed Mounir el Chourbagui,5.0,5.0,0.0,0.0,0.09417147705997066
1950,person,P00997,Mohamed Salem Salem,11.0,13.0,0.007100394722373995,0.0,0.13847382217931645
1950,person,P02102,Mohamed Raafat,1.0,1.0,0.0,0.0,0.000774593338497289
1950,person,P01461,Mohamed Ragheb,5.0,5.0,0.0,0.0,0.1002815996518216
1950,person,P02103,Dr. :Mohamed Sabry Chohayeb,1.0,1.0,0.0,0.0,0.000774593338497289
1950,person,P02104,Mohamed Said Loutfi,5.0,5.0,0.0,0.0,0.0038729666924864447
1950,person,P01462,Mohamed Sakr,9.0,9.0,0.0,0.0,0.11177012287237074
1950,person,P01463,Mohamed Salah el Dine,14.0,14.0,0.004545481839088742,0.0,0.11190917502822091
1950,person,P02105,Mohamed Sayed Yassine,10.0,10.0,0.00048611405108717236,0.0,0.13608562010239633
1950,person,P02106,Mohamed Seif el Dine el Chourbagui,5.0,5.0,0.0,0.0,0.09417147705997066
1950,person,P01465,Mohamed Sobhi el Chorbagui,0.0,0.0,0.0,0.0,0.0
1950,person,P02108,Mohamed Talaat Awni,2.0,2.0,0.0,0.0,0.001549186676994578
1950,person,P01466,Mohamed Youssef El Abd,5.0,5.0,0.0,0.0,0.09735129316848914
1950,person,P02109,Mohamed Youssef Ghorab,8.0,8.0,0.0,0.0,0.12507312971035034
1950,person,P02110,Mohamed Zald Kamal,6.0,6.0,0.0,0.0,0.11149305266197815
1950,person,P01467,Mohsin Shawki,10.0,10.0,0.005447372687478609,0.0,0.12868754633431184
1950,person,P01002,Monchicourt André G,8.0,8.0,0.0,0.0,0.08173050598553877
1950,person,P01469,Moore Léon,0.0,0.0,0.0,0.0,0.0
1950,person,P01003,Moraitinis G,3.0,3.0,0.0,0.0,0.12573748237025995
1950,person,P02111,Morgenstern Albert,5.0,5.0,0.0,0.0,0.09735129316848914
1950,person,P01470,Morpurgo Georges,4.0,6.0,0.0004563495637658446,0.0,0.1178315363999004
1950,person,P01005,Morpurgo Gustave,5.0,5.0,0.0,0.0,0.1002815996518216
1950,person,P01007,Mosseri Albert Vita,0.0,0.0,0.0,0.0,0.0
1950,person,P01008,Mosseri Félix N,12.0,12.0,0.004545481839088742,0.0,0.14410861084217233
1950,person,P01009,Mosseri Guido J,8.0,8.0,0.01268247864452441,0.0,0.1411685418827432
1950,person,P01010,Mosseri Henry Victor,7.0,7.0,0.0017986273967168782,0.0,0.14346506361672084
1950,person,P00476,Mosseri Joseph Vita,3.0,3.0,0.0,0.0,0.08923868540444838
1950,person,P00108,Mosseri Maurice N,19.0,23.0,0.019968783639087936,0.0,0.16750948768656232
1950,person,P02112,Moukhtar Bey El Gammal,3.0,3.0,0.0,0.0,0.0023237800154918666
1950,person,P02113,Moulin André,8.0,8.0,0.0,0.0,0.08173050598553877
1950,person,P02114,Mounir Zaki,4.0,4.0,0.0,0.0,0.13649862653669798
1950,person,P01015,Moursi Ahmed Awad,0.0,0.0,0.0,0.0,0.0
1950,person,P02115,Moussa Abdel Latif,3.0,3.0,0.0,0.0,0.12359521144226981
1950,person,P02116,Moussa Sameh,4.0,4.0,0.0,0.0,0.13649862653669798
1950,person,P02117,Moussalli Maurice,2.0,2.0,0.0,0.0,0.001549186676994578
1950,person,P02118,Moustapha el Chourbagui,5.0,5.0,0.0,0.0,0.09735129316848914
1950,person,P02119,Moustapha el Menzaloui,1.0,1.0,0.0,0.0,0.000774593338497289
1950,person,P02120,Moustapha Hussein Fahmy,3.0,3.0,0.0,0.0,0.00278853601859024
1950,person,P02121,Moustapha Sami Dr,4.0,4.0,0.0,0.0,0.1282472125572911
1950,person,P02122,Muhlberg Jacques,0.0,0.0,0.0,0.0,0.0
1950,person,P01016,Muller E,3.0,3.0,0.0,0.0,0.0782740992757431
1950,person,P02123,Muntz Allan,0.0,0.0,0.0,0.0,0.0
1950,person,P01021,Mussa Albert,6.0,6.0,0.0,0.0,0.004647560030983733
1950,person,P01022,Mustaki Armand,13.0,13.0,0.004909145762067761,0.0,0.1421501183433691
1950,person,P02124,Mustaki William,20.0,23.0,0.00946360206727825,0.0,0.14480456356678037
1950,person,P02125,Nabih Mohamed Kamel,10.0,11.0,0.0094678446247688,0.0,0.14659810118592564
1950,person,P01025,Nachaat Hassan,16.0,19.0,0.007594565997525151,0.0,0.1601149784401637
1950,person,P00485,Nachaty Youssef Dr,1.0,1.0,0.0,0.0,0.00139426800929512
1950,person,P02126,Nada Mtre. Marcel,2.0,2.0,0.0,0.0,0.001549186676994578
1950,person,P02127,Naggar Fathallah,6.0,6.0,0.0,0.0,0.004647560030983733
1950,person,P02128,Naggar Gaston Me,2.0,2.0,0.0,0.0,0.001549186676994578
1950,person,P02129,Naggar Jacques,2.0,2.0,0.0,0.0,0.001549186676994578
1950,person,P02130,Nabas Albert Chaker,6.0,6.0,0.0,0.0,0.004647560030983733
1950,person,P00486,Nahas Michel,2.0,2.0,0.0,0.0,0.10191773723961474
1950,person,P00487,Nahas Robert,2.0,2.0,0.0,0.0,0.10191773723961474
1950,person,P02131,Nabas Youssef Bey Dr,9.0,9.0,0.0009875538038761054,0.0,0.11727848094874052
1950,person,P00488,Nahman Armand V,17.0,17.0,0.00960281055790293,0.0,0.14323661606319105
1950,person,P01026,Nahman Raphael,2.0,2.0,0.0,0.0,0.002420604182804028
1950,person,P02132,Nasr Max Anis,3.0,3.0,0.0,0.0,0.11482332765851924
1950,person,P02133,Neguib Iskandar Dr,1.0,1.0,0.0,0.0,0.10879607509395739
1950,person,P02134,Neguib Salha,0.0,0.0,0.0,0.0,0.0
1950,person,P01029,Nelson Georges,5.0,5.0,0.0,0.0,0.1074702447881529
1950,person,P02135,Nemetallah Dr,8.0,8.0,0.0,0.0,0.006196746707978312
1950,person,P00493,Nichols D,3.0,6.0,0.0,0.0,0.07412046381648317
1950,person,P02136,Noun Edouat·d Me,3.0,3.0,0.0,0.0,0.10595123072754295
1950,person,P00116,Nubar Arakel,7.0,11.0,0.0007436211113007259,0.0,0.1430543811827035
1950,person,P02137,Nyegaard Anton,1.0,1.0,0.0,0.0,0.000774593338497289
1950,person,P02139,Olgiati Pierre,0.0,0.0,0.0,0.0,0.0
1950,person,P02140,Onsy Mohamed,1.0,1.0,0.0,0.0,0.000774593338497289
1950,person,P02141,Magasins Chemla»,2.0,2.0,0.0,0.0,0.13205019801480325
1950,person,P02142,Orriss P. G,0.0,0.0,0.0,0.0,0.0
1950,person,P01032,Pace Me. Umberto,0.0,0.0,0.0,0.0,0.0
1950,person,P02144,Papachristou Stefano,6.0,6.0,0.0,0.0,0.11118985771036337
1950,person,P02145,Papadopoulo Paul Yanni,2.0,2.0,0.0,0.0,0.09728811906520006
1950,person,P02146,Papastratos Epaminondas,3.0,3.0,0.0,0.0,0.12472628242884633
1950,person,P02147,Papayannopoulo Riga,1.0,1.0,0.0,0.0,0.000774593338497289
1950,person,P02148,Papaya lnopoulo X,1.0,1.0,0.0,0.0,0.000774593338497289
1950,person,P02149,Papazian Aram Sarkis,3.0,3.0,0.0,0.0,0.0023237800154918666
1950,person,P02150,Papazian Torcom Sarkis,3.0,3.0,0.0,0.0,0.0023237800154918666
1950,person,P02151,Pardo Maître 1,2.0,2.0,0.0,0.0,0.0023237800154918666
1950,person,P02152,Parein Victor,3.0,3.0,0.0,0.0,0.0023237800154918666
1950,person,P02153,Pastroudis Athanase,6.0,6.0,0.0,0.0,0.09891422354044861
1950,person,P02154,Pathy Alexandre,1.0,1.0,0.0,0.0,0.09979209550441977
1950,person,P01037,Pathy Georges,5.0,5.0,0.0027368964626904206,0.0,0.12006486237010675
1950,person,P00505,Pathy Polnauer Ladislas,13.0,14.0,0.004071630742591959,0.0,0.15870253155907546
1950,person,P00507,Pavlica Dussan,5.0,5.0,0.0,0.0,0.0038729666924864447
1950,person,P01483,Paxton Lloyd,2.0,2.0,0.0,0.0,0.09064147006014103
1950,person,P02155,Peccei Dr. Aurelio,3.0,3.0,0.0,0.0,0.0023237800154918666
1950,person,P02156,Peel Sir E. T,7.0,12.0,0.0009139000474363363,0.0,0.14457183363497905
1950,person,P00117,Pegna E,3.0,5.0,0.0,0.0,0.14499128769774977
1950,person,P02157,Pegna Tullio,0.0,0.0,0.0,0.0,0.0
1950,person,P01484,Peillon Paul,2.0,2.0,0.0,0.0,0.001549186676994578
1950,person,P02158,Perier Gilbert,2.0,2.0,0.0,0.0,0.0017428350116189
1950,person,P02159,Peter Louis lng,4.0,4.0,0.0,0.0,0.13135600888972543
1950,person,P02160,Philippides Dimitri,1.0,1.0,0.0,0.0,0.11746225501133974
1950,person,P02161,Pialopoulo Simon M,6.0,6.0,0.0,0.0,0.11118985771036337
1950,person,P01488,Picciotto Fernand de,7.0,7.0,0.0,0.0,0.11709528103057013
1950,person,P01489,Picciotto Henri,0.0,0.0,0.0,0.0,0.0
1950,person,P01490,Picciotto Joseph,3.0,3.0,0.0,0.0,0.09062320661664715
1950,person,P01491,Picciotto Léon,1.0,1.0,0.0,0.0,0.000774593338497289
1950,person,P01046,Pierrakos Nicolas,4.0,4.0,0.0009139000474363363,0.0,0.07828772401016881
1950,person,P02162,Pilavachi Mme. Catherine,0.0,0.0,0.0,0.0,0.0
1950,person,P02163,Pinckard William Henderson,4.0,4.0,0.0018253982550633784,0.0,0.1200007936068356
1950,person,P00511,Pinto Cav. Attilio,0.0,0.0,0.0,0.0,0.0
1950,person,P01494,Pinto Bruno B. Corn. Liverpool,8.0,10.0,7.205519427881757e-06,0.0,0.10034872254315481
1950,person,P00120,Pinto Silvio,13.0,16.0,0.004534673559946919,0.0,0.12064457468841734
1950,person,P00512,Pinto,10.0,11.0,0.001810987216207615,0.0,0.12054756752570889
1950,person,P02164,Podesta,4.0,4.0,0.0,0.0,0.003098373353989156
1950,person,P01498,Politi Elie 1,13.0,15.0,0.004352823200609834,0.0,0.14678948251906654
1950,person,P01499,Pollet-Thiriez Pierre,5.0,5.0,0.0,0.0,0.14429354329111962
1950,person,P00514,Pollet Raymond,5.0,5.0,0.0,0.0,0.14429354329111962
1950,person,P01053,Pollet Robert,5.0,5.0,0.0,0.0,0.14429354329111962
1950,person,P02165,Polvara Luigi,1.0,1.0,0.0,0.0,0.11958600756139853
1950,person,P01058,Pringo Stephane,3.0,3.0,0.0,0.0,0.0023237800154918666
1950,person,P01503,Psacharopoulo Georges,1.0,1.0,0.0,0.0,0.12067694511360877
1950,person,P02166,Khartoum,0.0,0.0,0.0,0.0,0.0
1950,person,P01504,Psaltis A. M,1.0,1.0,0.0,0.0,0.11450177556986249
1950,person,P02167,Pulli Bey Antoine,0.0,0.0,0.0,0.0,0.0
1950,person,P02168,Pupikofer Me. Maxime,7.0,9.0,0.000867863184112212,0.0,0.1429634375201589
1950,person,P02169,Rabbath Georges,8.0,8.0,0.0011565076336595831,0.0,0.13959123973880194
1950,person,P01506,Rabbath Henri,0.0,0.0,0.0,0.0,0.0
1950,person,P02170,Rachad Adel,1.0,1.0,0.0,0.0,0.000774593338497289
1950,person,P00460,Mohamccl Abbas Rachid,4.0,4.0,0.0,0.0,0.14147938799572818
1950,person,P01061,Rachid Moustafa,1.0,1.0,0.0,0.0,0.000774593338497289
1950,person,P02171,Radi Abou Seü Radi,0.0,0.0,0.0,0.0,0.0
1950,person,P01062,Raemy Bernard de,1.0,1.0,0.0,0.0,0.002916116097872147
1950,person,P01063,Raftopoulos A. S,5.0,5.0,0.0006300948827880043,0.0,0.12972684581436972
1950,person,P02172,Ragheb Ahmed,0.0,0.0,0.0,0.0,0.0
1950,person,P00519,Ragheb Hanna,8.0,8.0,0.005447372687478609,0.0,0.13201143951817432
1950,person,P02173,Ragheb Samy,4.0,4.0,0.0,0.0,0.003098373353989156
1950,person,P02174,Ralli Alec,6.0,6.0,0.0,0.0,0.11102517265821275
1950,person,P02175,Ramadan Mohamed Hafez,12.0,12.0,0.0031686553043289243,0.0,0.13691414746983863
1950,person,P02176,Raminger A,0.0,0.0,0.0,0.0,0.0
1950,person,P00521,Ramlot Paul,12.0,12.0,0.002734494622881127,0.0,0.1497213629954793
1950,person,P02177,Ramzi Ismail,6.0,6.0,0.0,0.0,0.11102517265821275
1950,person,P02178,Ranger Jan Joseph,8.0,8.0,0.0,0.0,0.13637446162474828
1950,person,P02179,Rason Dr. M. P. Olivetti,0.0,0.0,0.0,0.0,0.0
1950,person,P02180,Rathle André,2.0,2.0,0.0,0.0,0.001549186676994578
1950,person,P00124,Raybaud Max,1.0,1.0,0.0,0.0,0.000774593338497289
1950,person,P01508,Rpes William Edward,2.0,2.0,0.0,0.0,0.11337609640494577
1950,person,P02181,Reid Miles Belfrage,5.0,5.0,0.0,0.0,0.11597807489386794
1950,person,P01066,Reinhart P,3.0,3.0,0.0,0.0,0.0023237800154918666
1950,person,P02182,Renson Joseph,2.0,2.0,0.0,0.0,0.09718301089853497
1950,person,P01510,Reynolds A,10.0,10.0,0.0027790347109244344,0.0,0.14273658344602344
1950,person,P02184,Riad Samir,0.0,0.0,0.0,0.0,0.0
1950,person,P02185,Riaz Moustapha,0.0,0.0,0.0,0.0,0.0
1950,person,P02186,Ribot Georges,8.0,8.0,0.0,0.0,0.08173050598553877
1950,person,P01068,Richard Edouard,1.0,1.0,0.0,0.0,0.000774593338497289
1950,person,P01070,Richards G. P,3.0,3.0,0.0,0.0,0.12048298270517542
1950,person,P02187,Richès André,0.0,0.0,0.0,0.0,0.0
1950,person,P01512,Richès Gustave,5.0,6.0,0.00019344964478907678,0.0,0.12687248926330602
1950,person,P01514,Richès Victor,4.0,4.0,0.0,0.0,0.12961469003989046
1950,person,P02188,Rifaat Dr. Mohamed Aly,1.0,1.0,0.0,0.0,0.000774593338497289
1950,person,P01072,Riley E. C,4.0,4.0,0.0,0.0,0.003098373353989156
1950,person,P01515,Rivelli Jean N,0.0,0.0,0.0,0.0,0.0
1950,person,P02189,Rivot Pierre,0.0,0.0,0.0,0.0,0.0
1950,person,P01073,Roberts Stanley P,1.0,1.0,0.0,0.0,0.000774593338497289
1950,person,P01516,Rodocanachi K. G,4.0,4.0,0.0009139000474363363,0.0,0.11415303919756849
1950,person,P01069,Rodosli Richard,3.0,3.0,0.0,0.0,0.11964963406183023
1950,person,P01517,Rodriguez Eddie,4.0,4.0,0.0,0.0,0.12305416537302868
1950,person,P02190,Rofé Charles Me,0.0,0.0,0.0,0.0,0.0
1950,person,P01518,Roger-Machart Ch,17.0,18.0,0.001623097407518559,0.0,0.1592081325445734
1950,person,P02191,Rolin Baron Daniel,4.0,4.0,0.0,0.0,0.13078306904286707
1950,person,P02192,Rolin Baron Jacques,10.0,10.0,0.004071077458405802,0.0,0.1421501183433691
1950,person,P02193,Rolny Arnost,1.0,1.0,0.0,0.0,0.09364209336631686
1950,person,P01079,Rolo Ibram,0.0,0.0,0.0,0.0,0.0
1950,person,P01080,Rolo Jacques R,6.0,6.0,0.0,0.0,0.12591348668488797
1950,person,P00129,Rolo Max,0.0,0.0,0.0,0.0,0.0
1950,person,P00130,Rolo Robert J,20.0,21.0,0.018484289460628276,0.0,0.1691474142303196
1950,person,P01082,Rolo Simon E,3.0,3.0,0.0,0.0,0.0023237800154918666
1950,person,P02194,Rom Fran~ois,3.0,3.0,2.401839809293919e-06,0.0,0.0023237800154918666
1950,person,P02195,Romano Albert M,5.0,5.0,0.0,0.0,0.11639828531015008
1950,person,P01520,Rosenberg M. M,2.0,2.0,0.0,0.0,0.12817411639738382
1950,person,P01521,Rossano Charles,4.0,4.0,0.001214737375700981,0.0,0.12165620082186093
1950,person,P01522,Rossano Fernand,3.0,3.0,0.0,0.0,0.1074702447881529
1950,person,P01523,Rossetto Victor,3.0,3.0,0.0,0.0,0.08923868540444838
1950,person,P01085,Rouchdy Ahmed,6.0,6.0,0.0,0.0,0.14246530707583777
1950,person,P01524,Rouchdy Mohamed,23.0,25.0,0.015136452903552339,0.0,0.17140357257561734
1950,person,P02196,Russi W. F,2.0,2.0,0.0,0.0,0.09826588910605634
1950,person,P00131,Rom François,11.0,12.0,0.004079442496477709,0.0,0.1375842687177791
1950,person,P02197,Rustom Paul,5.0,5.0,0.0,0.0,0.1266937956164563
1950,person,P02198,Rutim~yer R. L,0.0,0.0,0.0,0.0,0.0
1950,person,P01526,Rye Edward,4.0,4.0,0.0,0.0,0.14041928643097717
1950,person,P00538,Saab Comte Aziz de,7.0,8.0,5.6717718867978625e-05,0.0,0.13127932703981898
1950,person,P00539,Saab Comte Sélim de,5.0,5.0,0.0,0.0,0.1332236298692002
1950,person,P02199,Saad Alexandre C,9.0,9.0,0.0,0.0,0.11177012287237074
1950,person,P02200,Saad Antoun,2.0,2.0,0.0,0.0,0.09728811906520006
1950,person,P02201,Saad el Labbane Bey Député,1.0,1.0,0.0,0.0,0.000774593338497289
1950,person,P02202,Saad Wadie,9.0,9.0,0.0,0.0,0.11177012287237074
1950,person,P00540,Sabri Yacoub,5.0,5.0,0.0,0.0,0.13120273466698362
1950,person,P00541,Sabry Chérif,28.0,36.0,0.019131112913265753,0.0,0.17094753874512347
1950,person,P02203,Sabry Fathi,5.0,5.0,0.0,0.0,0.11037128207077787
1950,person,P02204,Vice-Président de The Khedivial Mail Line,4.0,4.0,0.0009150704988891898,0.0,0.12434696556218408
1950,person,P01090,Sachs Freddy,9.0,9.0,0.004786940413129169,0.0,0.1361680213255888
1950,person,P02205,Saddik Aida,0.0,0.0,0.0,0.0,0.0
1950,person,P01529,Saddik Hassan,3.0,3.0,0.0,0.0,0.0023237800154918666
1950,person,P02206,Officier Couronne Belge,15.0,15.0,0.007355300755937214,0.0,0.13127932703981898
1950,person,P02207,Sadek Mahmoud Younes,3.0,3.0,0.0,0.0,0.1278825631044697
1950,person,P00545,Sadik Henein,13.0,18.0,0.00322698710661568,0.0,0.1574800330666736
1950,person,P02208,Said Mahmoud,0.0,0.0,0.0,0.0,0.0
1950,person,P02209,Saikali Fouad,4.0,4.0,0.0,0.0,0.003098373353989156
1950,person,P01531,Sakellarios Nicolas,7.0,7.0,0.0,0.0,0.12612534336467185
1950,person,P01532,Salah el Dîne El Chourbagui·,6.0,6.0,0.0,0.0,0.004647560030983733
1950,person,P02210,Salama Marcel,3.0,3.0,0.0,0.0,0.0023237800154918666
1950,person,P01092,Salama Marco,3.0,3.0,0.0,0.0,0.0027664047803474608
1950,person,P01533,Salama Max J,7.0,7.0,0.0008718783193509309,0.0,0.12245112290727467
1950,person,P00551,Salama Salvatore,17.0,20.0,0.008323685267489257,0.0,0.1372065205730384
1950,person,P02211,Salem Albert,3.0,3.0,0.0,0.0,0.10607617321660845
1950,person,P01534,Salem Maurice O,4.0,4.0,0.0001315214797191991,0.0,0.1060011723870893
1950,person,P00553,Salem Ovadia,17.0,17.0,0.013433172744839005,0.0,0.12901978612691334
1950,person,P02212,Salfati Cesare,2.0,3.0,0.0,0.0,0.10959136804055065
1950,person,P02213,Salib Hanna El Agami,2.0,2.0,0.0,0.0,0.001549186676994578
1950,person,P02214,Salloum Armando,2.0,2.0,0.0,0.0,0.001549186676994578
1950,person,P02215,Salloum Orlando,2.0,2.0,0.0,0.0,0.001549186676994578
1950,person,P02216,Salmona Mayer,2.0,2.0,0.0,0.0,0.001549186676994578
1950,person,P00135,Salvago Constantin M,3.0,3.0,0.0,0.0,0.11412407369663026
1950,person,P02217,Samaan EJnile Michel,0.0,0.0,0.0,0.0,0.0
1950,person,P02218,Samakiah Mohamed Kamel,1.0,1.0,0.0,0.0,0.000774593338497289
1950,person,P02219,Samakiah Mohamed Khairy,1.0,1.0,0.0,0.0,0.000774593338497289
1950,person,P02220,Samakiah,1.0,1.0,0.0,0.0,0.000774593338497289
1950,person,P02221,Sami Fanons,8.0,8.0,0.0,0.0,0.12507312971035034
1950,person,P01535,Sami Off,1.0,1.0,0.0,0.0,0.000774593338497289
1950,person,P02222,Sandalian Stepan Aram,2.0,2.0,0.0,0.0,0.001549186676994578
1950,person,P02223,Sarantides Alex. A,5.0,5.0,0.0,0.0,0.13950464467692925
1950,person,P01538,Sariyanni Demosthène A,2.0,2.0,0.0,0.0,0.09895775015146752
1950,person,P01539,Sarofim Shalaby,3.0,3.0,0.0,0.0,0.11606786437120513
1950,person,P02224,Sarris G. G,6.0,6.0,0.0,0.0,0.004647560030983733
1950,person,P02225,Sarruf Néguib,2.0,2.0,0.0,0.0,0.001549186676994578
1950,person,P02226,Sassoli,3.0,3.0,0.0,0.0,0.0023237800154918666
1950,person,P02227,Sasson Maurice,2.0,2.0,0.0,0.0,0.001549186676994578
1950,person,P00136,Savon G. L,2.0,2.0,0.0009139000474363363,0.0,0.11964963406183023
1950,person,P00557,Saxby Ch. H,2.0,2.0,0.0,0.0,0.09981424199698621
1950,person,P02228,Sayed El Lozy,12.0,13.0,0.004245746231954426,0.0,0.14415479949949353
1950,person,P02229,El Sayed Mohamed Badraoui Pacha Député,7.0,9.0,0.0,0.0,0.1461218240540675
1950,person,P01542,Scamvouyeras Panayotti,7.0,7.0,0.0,0.0,0.12612534336467185
1950,person,P01543,Schaechter H,8.0,8.0,0.0,0.0,0.006196746707978312
1950,person,P02231,Scharff Walter,7.0,7.0,0.0,0.0,0.1461218240540675
1950,person,P02232,Schehada Albert,0.0,0.0,0.0,0.0,0.0
1950,person,P02233,Schehada Fouad,0.0,0.0,0.0,0.0,0.0
1950,person,P01100,Schemeil Raymond Me,14.0,15.0,0.009003323432486079,0.0,0.1542926155877941
1950,person,P01101,Schmidheiny Ernst,7.0,7.0,0.0,0.0,0.1328301755577141
1950,person,P01103,Schmidheiny Max,7.0,7.0,0.0,0.0,0.1328301755577141
1950,person,P01545,Schoenman Juljan,2.0,2.0,0.0,0.0,0.1162779147979369
1950,person,P01546,Sc::houten Fernand,3.0,3.0,0.0,0.0,0.0023237800154918666
1950,person,P02234,Schuller Edouard,0.0,0.0,0.0,0.0,0.0
1950,person,P01105,Scott Frank Douglas,1.0,1.0,0.0,0.0,0.1029205891163432
1950,person,P02235,Scovil W. G,1.0,1.0,0.0,0.0,0.06913049099883489
1950,person,P02236,Sebahi Abdel Hamid,3.0,3.0,0.0,0.0,0.0023237800154918666
1950,person,P02237,Sebahi Loutfi,3.0,3.0,0.0,0.0,0.0023237800154918666
1950,person,P02238,Sebahi Moustapha,3.0,3.0,0.0,0.0,0.0023237800154918666
1950,person,P02239,Sebahi Taher,3.0,3.0,0.0,0.0,0.0023237800154918666
1950,person,P01106,Seddik Ahmed,15.0,15.0,0.021464356944509454,0.0,0.14863284019775938
1950,person,P01548,Sedky Aziz,1.0,1.0,0.0,0.0,0.10488875336716881
1950,person,P02240,Sednaoui Joseph,0.0,0.0,0.0,0.0,0.0
1950,person,P01550,Sekaly Achille,6.0,9.0,1.2009199046469593e-06,0.0,0.11039837369622481
1950,person,P02241,Sélhq Ahmed,0.0,0.0,0.0,0.0,0.0
1950,person,P01108,Sellas André,6.0,6.0,0.0,0.0,0.12591348668488797
1950,person,P02242,Senaity Maître Adly El,2.0,2.0,0.0,0.0,0.001549186676994578
1950,person,P02243,Setton A. C,4.0,4.0,0.0,0.0,0.12570234053617102
1950,person,P01551,Setton César J,4.0,4.0,0.003641189150889581,0.0,0.13040387777280946
1950,person,P02244,Servaye Léon,6.0,7.0,0.0011675089272228684,0.0,0.1282472125572911
1950,person,P01552,Sevastopulo Ambroise,0.0,0.0,0.0,0.0,0.0
1950,person,P02245,Shafferman David,4.0,4.0,0.0,0.0,0.10418414974251097
1950,person,P02246,Shafferman Harry,4.0,4.0,0.0,0.0,0.10418414974251097
1950,person,P00567,Shamà Me. André,5.0,7.0,6.004599523234798e-06,0.0,0.0038729666924864447
1950,person,P01553,Shamsy Aly,16.0,22.0,0.001984183010089306,0.0,0.15731478644225946
1950,person,P02247,Sharples Frank,7.0,7.0,0.0,0.0,0.13596220509021156
1950,person,P02248,Sheid F,2.0,2.0,0.0,0.0,0.001549186676994578
1950,person,P02249,Sheridan André,2.0,2.0,0.0,0.0,0.11792421983178286
1950,person,P01114,Sheriff Robert,3.0,3.0,0.0,0.0,0.08466923464578688
1950,person,P02250,Sherine Fouad,4.0,4.0,0.0,0.0,0.1282472125572911
1950,person,P02251,Shoucair Frédéric,0.0,0.0,0.0,0.0,0.0
1950,person,P02252,Sicouri Louis,0.0,0.0,0.0,0.0,0.0
1950,person,P02253,Sicouri Sam,2.0,2.0,0.0,0.0,0.001549186676994578
1950,person,P01115,Simaika Wassef,2.0,2.0,0.0,0.0,0.12573748237025995
1950,person,P02254,Simha,0.0,0.0,0.0,0.0,0.0
1950,person,P00570,Sinadino Aug. Th,10.0,11.0,0.0042539704468566595,0.0,0.15313686565829754
1950,person,P01119,Sinigaglia Carlo,4.0,4.0,0.0,0.0,0.12208549794745382
1950,person,P02255,Skakal Vlastimil,2.0,2.0,0.0,0.0,0.10014762289877975
1950,person,P02256,Smelhaus Zdenek,2.0,2.0,0.0,0.0,0.10014762289877975
1950,person,P02257,Smouha Wing Commander Edward R,5.0,5.0,0.0,0.0,0.11639828531015008
1950,person,P02258,Smouha Ellis H. Mtre,5.0,5.0,0.0,0.0,0.11639828531015008
1950,person,P01122,Smouha Joseph,0.0,0.0,0.0,0.0,0.0
1950,person,P01557,S.S. le Nabil Soliman Daoud,2.0,2.0,0.0,0.0,0.13290868038960396
1950,person,P02259,Soliman Bey Osman,1.0,1.0,0.0,0.0,0.11026304840363321
1950,person,P01124,Sorbara Salvator,6.0,6.0,0.0,0.0,0.004647560030983733
1950,person,P02260,Souki Philip D,2.0,2.0,0.0,0.0,0.12817411639738382
1950,person,P02261,Sourour Hassan Me . Député de Manchieh,6.0,6.0,0.0,0.0,0.10803818747019454
1950,person,P02262,Soussa Albert,0.0,0.0,0.0,0.0,0.0
1950,person,P02263,Soussa F. G,3.0,3.0,0.0,0.0,0.11952244869477008
1950,person,P02264,Soussi Léon,0.0,0.0,0.0,0.0,0.0
1950,person,P02265,Spathis Ulisse,10.0,10.0,0.009050132401419487,0.0,0.14433985058999355
1950,person,P02266,Spiridis Spiro,1.0,1.0,0.0,0.0,0.000774593338497289
1950,person,P02267,Spiteri Mario S,4.0,4.0,0.0009139000474363363,0.0,0.11213237956579901
1950,person,P02268,Stagni Giovanni,3.0,3.0,0.0,0.0,0.1108336556033563
1950,person,P01128,Stiassny Ewald,2.0,2.0,0.0,0.0,0.1160379191017595
1950,person,P00583,Stoffel Arrigo,3.0,3.0,0.0,0.0,0.1108336556033563
1950,person,P02269,Strens Louis de,1.0,1.0,0.0,0.0,0.000774593338497289
1950,person,P02270,Suarès Carlo,2.0,2.0,0.0,0.0,0.001549186676994578
1950,person,P00146,Sultan Dr. Fouad,9.0,9.0,0.004847236679115182,0.0,0.13542998326962355
1950,person,P01132,Sultan Mohamed,7.0,7.0,0.0,0.0,0.11709528103057013
1950,person,P01133,Sursock Nicolas Alexandre,6.0,6.0,0.0016197612288966353,0.0,0.13097349284753054
1950,person,P02271,Sursock Victor,2.0,2.0,0.0,0.0,0.10879607509395739
1950,person,P00148,Sursock Vladimir,4.0,4.0,0.0009145413305853223,0.0,0.14751163477809767
1950,person,P02272,Susu Pacha Major Général Dr. Basile J,8.0,8.0,0.0,0.0,0.006196746707978312
1950,person,P02273,Syllaidis Byron D,2.0,2.0,0.0,0.0,0.00278853601859024
1950,person,P02274,Tabit Khalil,3.0,3.0,0.0,0.0,0.0023237800154918666
1950,person,P01560,Tagher Albert Bey Me,6.0,6.0,0.0,0.0,0.12041846705178577
1950,person,P01561,Tagher François,13.0,13.0,0.00892793346396388,0.0,0.11773899854408897
1950,person,P02275,Tagher Homère,7.0,7.0,0.0,0.0,0.11709528103057013
1950,person,P00588,Tagher Oscar,20.0,20.0,0.02871976870967496,0.0,0.1503218497454612
1950,person,P02276,Tagher,3.0,3.0,0.0,0.0,0.08923868540444838
1950,person,P02277,Taher Mahmoud Hamdi,17.0,19.0,0.012783370539734037,0.0,0.1355524335257444
1950,person,P02278,Tahio Ahmed Labib,3.0,3.0,0.0,0.0,0.11210443031864901
1950,person,P01566,Takla Berti Kamel,1.0,1.0,0.0,0.0,0.09768961217168111
1950,person,P02279,Takla Bichara,0.0,0.0,0.0,0.0,0.0
1950,person,P02280,Tambay Joseph,4.0,4.0,0.0,0.0,0.13078306904286707
1950,person,P02281,Tancred C.H. Capt,6.0,6.0,0.0,0.0,0.14246530707583777
1950,person,P02282,Tanielian Berge,8.0,9.0,0.0009102972877223953,0.0,0.11124486135009148
1950,person,P01570,Tawil Pierre,4.0,4.0,0.0,0.0,0.10462037088588506
1950,person,P01136,Taylor Ewart John,2.0,2.0,0.0,0.0,0.001549186676994578
1950,person,P01137,Tepeghiosi Nicolas,4.0,4.0,0.0,0.0,0.10462037088588506
1950,person,P02283,Terni Auguste,1.0,1.0,0.0,0.0,0.1115206978523233
1950,person,P02284,Tewfik Amine,8.0,8.0,0.0,0.0,0.13637446162474828
1950,person,P01138,Theodorakis A. D,3.0,3.0,0.0,0.0,0.12573748237025995
1950,person,P02285,Thibault Jacques,1.0,1.0,0.0,0.0,0.000774593338497289
1950,person,P01571,Thomaidis Constantin B,1.0,1.0,0.0,0.0,0.1029205891163432
1950,person,P01572,Thomaidis Ivan Evangelo B,11.0,11.0,0.0018265991749680255,0.0,0.12462260305858128
1950,person,P02286,Thomoglou Nicolas,0.0,0.0,0.0,0.0,0.0
1950,person,P01140,Tilche Joseph,9.0,11.0,0.0017675182326293208,0.0,0.1335797369879477
1950,person,P02287,Topalian H. D,11.0,11.0,0.00443669747092494,0.0,0.14260081624553578
1950,person,P02288,Topalian Nerses,8.0,8.0,0.0,0.0,0.13637446162474828
1950,person,P02289,Torazzi Dr. Cesare,3.0,3.0,0.0,0.0,0.0023237800154918666
1950,person,P01141,Toriel André,4.0,7.0,0.0014115811183808326,0.0,0.12832039213649638
1950,person,P01574,Toriel Eliott,3.0,3.0,0.0,0.0,0.09961527673054703
1950,person,P01142,Toriel Henri,7.0,10.0,0.0015100046970535326,0.0,0.13514512453077518
1950,person,P02290,Toriel René,4.0,4.0,0.0,0.0,0.12961469003989046
1950,person,P01143,Toriel Victor,12.0,15.0,0.007917857356274626,0.0,0.14197063587071335
1950,person,P02291,Totah Raphael,0.0,0.0,0.0,0.0,0.0
1950,person,P02292,Toutounji Elie,1.0,1.0,0.0,0.0,0.000774593338497289
1950,person,P02293,Toutounji Georges,2.0,2.0,0.0,0.0,0.001549186676994578
1950,person,P01577,Toutounji Joseph,2.0,2.0,0.0,0.0,0.001549186676994578
1950,person,P02294,Toutounji Sami,2.0,2.0,0.0,0.0,0.001549186676994578
1950,person,P02295,Trachana N,0.0,0.0,0.0,0.0,0.0
1950,person,P02296,Trembley,7.0,7.0,0.0,0.0,0.1328301755577141
1950,person,P01579,Triulzi E. W,4.0,4.0,0.0,0.0,0.003098373353989156
1950,person,P01148,Urban H,4.0,4.0,0.0,0.0,0.1161577929851291
1950,person,P02298,Vaena Isaac J,6.0,6.0,0.0,0.0,0.00495739736638265
1950,person,P01150,Vallet Jean,4.0,4.0,0.0,0.0,0.003098373353989156
1950,person,P02299,Valticos Michel Me,7.0,7.0,0.0,0.0,0.11721735064853267
1950,person,P01151,Van Damme L,16.0,16.0,0.004856450366901361,0.0,0.16272177078090444
1950,person,P01152,Van Den Bosch Paul,5.0,5.0,0.0009139000474363363,0.0,0.09456748831758197
1950,person,P02300,Vaucher Georges,6.0,6.0,0.0,0.0,0.09891422354044861
1950,person,P01154,Vickery J. G,0.0,0.0,0.0,0.0,0.0
1950,person,P01580,Vidon Aslan,11.0,11.0,0.003933187835132547,0.0,0.09983639832151384
1950,person,P01581,Vidon Joseph,6.0,6.0,0.0,0.0,0.0986538658562009
1950,person,P01155,Vincendon Jacques,0.0,0.0,0.0,0.0,0.0
1950,person,P01156,Vincenot Marcel,20.0,21.0,0.0170941200735266,0.0,0.17378785720186238
1950,person,P01157,Vitale Comm. Aldo,3.0,3.0,0.0,0.0,0.09350581589156338
1950,person,P01158,Vivante Alfred,4.0,4.0,0.0,0.0,0.10025924530504231
1950,person,P01159,Vivante Sabino Mtre,6.0,6.0,0.0,0.0,0.1362092593696002
1950,person,P02302,Vlabovitch Elie,5.0,5.0,0.0,0.0,0.0038729666924864447
1950,person,P02303,Vocht Félix de,3.0,3.0,0.0,0.0,0.09434927091219213
1950,person,P02304,Vraila Demètre,1.0,1.0,0.0,0.0,0.10287350741958369
1950,person,P02305,Wagner,7.0,7.0,0.0,0.0,0.1328301755577141
1950,person,P01163,Wahba E. H,4.0,4.0,0.0,0.0,0.003098373353989156
1950,person,P02306,Wakil Mtre. G,5.0,5.0,0.0,0.0,0.1375421940178654
1950,person,P02307,Wasfy Dr. Albert,2.0,2.0,0.0,0.0,0.001549186676994578
1950,person,P01583,Watouri Joseph,2.0,3.0,0.0,0.0,0.11712577459333849
1950,person,P01166,Weissenberg Harold,2.0,2.0,0.0,0.0,0.11987286099105007
1950,person,P01168,Wibaut P,8.0,8.0,0.003255032962130364,0.0,0.14392415182029436
1950,person,P02308,Wilshaw Sir Edward,5.0,5.0,0.0,0.0,0.0038729666924864447
1950,person,P00765,Wissa Choukry G.,1.0,1.0,0.0,0.0,0.1148819858080255
1950,person,P02309,Wissa Fahmy,2.0,2.0,0.0,0.0,0.09087956646563344
1950,person,P02310,Wissa Léon,8.0,8.0,0.0,0.0,0.13637446162474828
1950,person,P01171,Wissa Zaki,4.0,4.0,0.0009689550350385716,0.0,0.12359521144226981
1950,person,P01172,Wistenetzki Oscar,0.0,0.0,0.0,0.0,0.0
1950,person,P01174,Woodhead W. G,0.0,0.0,0.0,0.0,0.0
1950,person,P02311,Woollam,4.0,4.0,0.0,0.0,0.12414103627889038
1950,person,P02312,Wynne A. C,0.0,0.0,0.0,0.0,0.0
1950,person,P00621,Yamodis Nicolas,1.0,1.0,0.0,0.0,0.000774593338497289
1950,person,P02315,Yansouni Jean,0.0,0.0,0.0,0.0,0.0
1950,person,P01585,Yassine Mohamed Sayed,7.0,7.0,0.0,0.0,0.13596220509021156
1950,person,P02316,Yassa Louis,2.0,2.0,0.0,0.0,0.12258462099711634
1950,person,P01586,Yassine Serag El Dîne Bey Propriétaire Foncier,0.0,0.0,0.0,0.0,0.0
1950,person,P01180,Yazbeck R,4.0,4.0,0.0,0.0,0.003098373353989156
1950,person,P00624,Yehia Aly Emine,2.0,2.0,0.0009139000474363363,0.0,0.12455357918538351
1950,person,P02317,Yehia el Alaily Bey Dr,3.0,3.0,0.0009139000474363363,0.0,0.1371646765594449
1950,person,P02318,Yousri Soliman,4.0,4.0,0.0,0.0,0.10025924530504231
1950,person,P02319,Youssef Bahgat,2.0,2.0,0.0,0.0,0.001549186676994578
1950,person,P02320,Youssef El Abd,5.0,5.0,0.0,0.0,0.09735129316848914
1950,person,P02321,Youssef Ahmed El Tawil,3.0,3.0,0.0,0.0,0.09062320661664715
1950,person,P01587,Zabal Wadih,3.0,3.0,0.0,0.0,0.0023237800154918666
1950,person,P00627,Zaccai' Joseph E,6.0,6.0,0.0,0.0,0.12935374588392864
1950,person,P02322,Zaghikian Marcel,0.0,0.0,0.0,0.0,0.0
1950,person,P02323,Zaidan Emile,2.0,2.0,0.0,0.0,0.001549186676994578
1950,person,P02324,Zaidan Mohamed,3.0,3.0,0.0,0.0,0.0023237800154918666
1950,person,P02325,Me. Zananiri Fernand,9.0,9.0,0.0,0.0,0.11177012287237074
1950,person,P02326,Zananiri Georges,7.0,7.0,1.4411038855763514e-05,0.0,0.005508219295980722
1950,person,P01591,Zarbhanelian Mardig,15.0,15.0,0.007341657083841524,0.0,0.14424726569545218
1950,person,P01590,Zarmati L. M,3.0,3.0,0.0,0.0,0.13712285806049387
1950,person,P02327,Zarmati Victor,4.0,4.0,0.0,0.0,0.13393775295962473
1950,person,P02328,Zarpanely Pierre,5.0,5.0,0.0,0.0,0.12687248926330602
1950,person,P02329,Zeitouni César Raphael Ezra,6.0,6.0,0.0,0.0,0.11118985771036337
1950,person,P02330,Zervudachi Paul,4.0,4.0,0.0,0.0,0.11323337725035747
1950,person,P02331,Zilkha Abdulla K,4.0,4.0,0.0,0.0,0.10657890389536016
1950,person,P01593,Zilkha,4.0,4.0,0.0,0.0,0.10657890389536016
1950,person,P01594,Zilkha Maurice,6.0,6.0,0.0004995860698682867,0.0,0.1068320604366793
1950,person,P02332,Zulficar Farid,4.0,4.0,0.0,0.0,0.0874855036838008
1950,person,P01595,Zulfikar Samir,6.0,6.0,0.0,0.0,0.0986538658562009
1950,person,P02333,Zulficar Yussouf,14.0,14.0,0.009863960136218463,0.0,0.16590297839853183
