person_id,year,printed_name,display,name_key,rank,company_printed,role,source_page
P00001,1932,Abdel Hadi Mohamed Bey,Abdel Hadi Mohamed,abdel hadi moamed,bey,Banque de Crédit Agricole,director,527
P00002,1932,S.E. Abdel Hamid Badaoui Pacha,Abdel Hamid Badaoui,abdel hamid badaui,pasha,Banque de Crédit Agricole d'Egypte,director,527
P00003,1932,Abdel Hamid Bey Abaza,Abdel Hamid Bey Abaza,abdel hamid bei abaza,,The United Egyptian Nile Transport Co,director,527
P00004,1932,Abdy Richard,Abdy Richard,abdi rishard,,Land Bank of Egypt,president,527
P00004,1932,Abdy Richard,Abdy Richard,abdi rishard,,National Insurance Company of Egypt,president,527
P00004,1932,Abdy Richard,Abdy Richard,abdi rishard,,Alexandria & Ramleh RaihYay Cy Ltd,vice_president,527
P00004,1932,Abdy Richard,Abdy Richard,abdi rishard,,Alexandria Water Company,director,527
P00005,1932,Adda Abram Bey,Adda Abram,ada abram,bey,"Eastern Export Cy., S. A",president,527
P00005,1932,Adda Abram Bey,Adda Abram,ada abram,bey,Société Générale des Pressages et Dépôts,director,527
P00006,1932,Adda César V,Adda César V,ada sesar,,Société Anonyme des Immeubles de l'Est,managing_director,527
P00006,1932,Adda César V,Adda César V,ada sesar,,Eastern Export Cy,managing_director,527
P00007,1932,Adda Fernand C,Adda Fernand C,ada fernand,,Société Anonyme des Immeubles de l'Est,managing_director,527
P00007,1932,Adda Fernand C,Adda Fernand C,ada fernand,,"Eastern Export Cy., S. A",managing_director,527
P00008,1932,Adda A. Joseph,Adda A. Joseph,ada gosef,,S. A. des Immeubles de l'Est,director,527
P00008,1932,Adda A. Joseph,Adda A. Joseph,ada gosef,,S. A. du Béhéra,director,527
P00008,1932,Adda A. Joseph,Adda A. Joseph,ada gosef,,The Building Lands,director,527
P00008,1932,Adda A. Joseph,Adda A. Joseph,ada gosef,,Gharbieh Land Cy,director,527
P00008,1932,Adda A. Joseph,Adda A. Joseph,ada gosef,,Koubbeh Gardens,director,527
P00008,1932,Adda A. Joseph,Adda A. Joseph,ada gosef,,Easlern Export Cy. S. A,managing_director,527
P00008,1932,Adda A. Joseph,Adda A. Joseph,ada gosef,,Société Anonyme des Immeubles de l'Est,managing_director,527
P00008,1932,Adda A. Joseph,Adda A. Joseph,ada gosef,,Société Anonyme Agricole et Industrielle d'Egyptc,director,527
P00009,1932,S.E. Adly Yeghen Pacha,Adly Yeghen,adli ieghen,pasha,Société Anonyme des Eaux du Caire,president,527
P00009,1932,S.E. Adly Yeghen Pacha,Adly Yeghen,adli ieghen,pasha,cl' Administration de The Cairo Electric Rail ways & Helio polis Oases Cy,council_member,527
P00010,1932,Aghion César,Aghion César,aghion sesar,,Tramways d'Alexandrie et Présiclen t de la Société Franco-Egyptienne d'Importation 1(S. A. E.),director,527
P00011,1932,Aghion Gustave,Aghion Gustave,aghion gustav,,The Alexandria Insurance Cy,director,528
P00012,1932,Aghion Is. Jacques,Aghion Is. Jacques,aghion is gakues,,Chemins de Fer Keneh-Assouan,director,528
P00012,1932,Aghion Is. Jacques,Aghion Is. Jacques,aghion is gakues,,Société Egyptienne d'Entreprises Urbaines et Rurales,director,528
P00013,1932,Aghion Maurice,Aghion Maurice,aghion mauris,,Tramways d'Alexandrie. Aghion Max,director,528
P00013,1932,Aghion Maurice,Aghion Maurice,aghion mauris,,Société Franco-Egyptienne d'Importation,managing_director,528
P00014,1932,S.E. Ahmed Midhat Yeghen Pacha,Ahmed Midhat Yeghen,ahmed midhat ieghen,pasha,tian de la Banque )1isr,president,528
P00014,1932,S.E. Ahmed Midhat Yeghen Pacha,Ahmed Midhat Yeghen,ahmed midhat ieghen,pasha,Société Foncière d'Egypte,vice_president,528
P00015,1932,S.E. Ahmed Pacha Abboud,Ahmed Pacha Abboud,ahmed pasha abud,,Société des Automobiles,president,528
P00015,1932,S.E. Ahmed Pacha Abboud,Ahmed Pacha Abboud,ahmed pasha abud,,Omnibus du Caire,president,528
P00015,1932,S.E. Ahmed Pacha Abboud,Ahmed Pacha Abboud,ahmed pasha abud,,"Tilbury Contracting & Dredging Co (Egypt), Ltd",president,528
P00015,1932,S.E. Ahmed Pacha Abboud,Ahmed Pacha Abboud,ahmed pasha abud,,Clothing & Equipment Company S. A,president,528
P00015,1932,S.E. Ahmed Pacha Abboud,Ahmed Pacha Abboud,ahmed pasha abud,,National Petroleum Cy,president,528
P00015,1932,S.E. Ahmed Pacha Abboud,Ahmed Pacha Abboud,ahmed pasha abud,,Société Egyptienne de Pétrole (S.E. P.),vice_president,528
P00016,1932,S.E. Ahmed Pacha Abdel Wahab,Ahmed Pacha Abdel Wahab,ahmed pasha abdel uab,,Banque de Crédit Agricole d'Egypte,director,528
P00017,1932,Alby Albert,Alby Albert,albi albert,,S. A. du Nettoyage et Pressage du Coton,director,528
P00018,1932,S.E. Allam Mohamed Pacha,Allam Mohamed,alam moamed,pasha,Banque de Crédit Agricole d'Egypte,director,528
P00019,1932,Aly Bey Emine Yehia,Aly Bey Emine Yehia,ali bei emin ieia,,The Egyptian Produce Trading Cy. S. A. E,delegate,528
P00019,1932,Aly Bey Emine Yehia,Aly Bey Emine Yehia,ali bei emin ieia,,"The Alexandria Insurance Cy., S. A. E",director,528
P00019,1932,Aly Bey Emine Yehia,Aly Bey Emine Yehia,ali bei emin ieia,,Société Egyptienne d'Entreprises Urbaines et Rurales,vice_president,528
P00019,1932,Aly Bey Emine Yehia,Aly Bey Emine Yehia,ali bei emin ieia,,Société Egyptienne d'Entreprises Urbaines et Rurales,president,528
P00020,1932,Arcache Antoine Bey,Arcache Antoine,arkash antoin,bey,Alexandria Pressing,director,528
P00021,1932,Arcoudaris P,Arcoudaris P,arkudaris,,Gabbary Land,managing_director,528
P00021,1932,Arcoudaris P,Arcoudaris P,arkudaris,,The Building Lands (en liquidation),delegate,528
P00022,1932,Bacos Lebnan,Bacos Lebnan,bakos lebnan,,Union Foncière d'Egypte,director,529
P00023,1932,Baehler Charles Commandeur Medjidié,Baehler Charles Commandeur Medjidié,baehler sharles komandeur medgidi,,The Egyptian Hotels Ltd,president,529
P00023,1932,Baehler Charles Commandeur Medjidié,Baehler Charles Commandeur Medjidié,baehler sharles komandeur medgidi,,The Egyptian Hotels Ltd,managing_director,529
P00023,1932,Baehler Charles Commandeur Medjidié,Baehler Charles Commandeur Medjidié,baehler sharles komandeur medgidi,,S. A. Les Grands Hôtelscl'Egyptc,managing_director,529
P00023,1932,Baehler Charles Commandeur Medjidié,Baehler Charles Commandeur Medjidié,baehler sharles komandeur medgidi,,Palestine Hotels Co. Ltd,managing_director,529
P00023,1932,Baehler Charles Commandeur Medjidié,Baehler Charles Commandeur Medjidié,baehler sharles komandeur medgidi,,The Electric Light & Power Supply Cy,president,529
P00023,1932,Baehler Charles Commandeur Medjidié,Baehler Charles Commandeur Medjidié,baehler sharles komandeur medgidi,,The Upper Egypt Hotcls Cy,president,529
P00023,1932,Baehler Charles Commandeur Medjidié,Baehler Charles Commandeur Medjidié,baehler sharles komandeur medgidi,,The Upper Egypt Hotcls Cy,managing_director,529
P00023,1932,Baehler Charles Commandeur Medjidié,Baehler Charles Commandeur Medjidié,baehler sharles komandeur medgidi,,"S. A. Ciment Portland, Tourab",manager,529
P00023,1932,Baehler Charles Commandeur Medjidié,Baehler Charles Commandeur Medjidié,baehler sharles komandeur medgidi,,"S. A. Ciment Portland, Tourab",director,529
P00024,1932,Banoun Alfred,Banoun Alfred,banun alfred,,"Société Immobilière elu Domaine de Siouf. Baron Louis de Benoist d'Erquennes, Agent Supérieur de la Compagnf<> Universelle du Canal Maritime de Suez",director,529
P00025,1932,Sir Barker Henry Kniglll Bachelor,Barker Henry Kniglll Bachelor,barker henri knigl bashelor,,The New Egyptian Cy,president,529
P00025,1932,Sir Barker Henry Kniglll Bachelor,Barker Henry Kniglll Bachelor,barker henri knigl bashelor,,Société Belgo-Egyplienne de l'Ezbékieh,president,529
P00025,1932,Sir Barker Henry Kniglll Bachelor,Barker Henry Kniglll Bachelor,barker henri knigl bashelor,,The Alexandria 'Vater Cy,director,529
P00025,1932,Sir Barker Henry Kniglll Bachelor,Barker Henry Kniglll Bachelor,barker henri knigl bashelor,,Filature Nationale d'Egypte,director,529
P00025,1932,Sir Barker Henry Kniglll Bachelor,Barker Henry Kniglll Bachelor,barker henri knigl bashelor,,The National Bank of Egypt,director,529
P00025,1932,Sir Barker Henry Kniglll Bachelor,Barker Henry Kniglll Bachelor,barker henri knigl bashelor,,National Insurance Cy,director,529
P00025,1932,Sir Barker Henry Kniglll Bachelor,Barker Henry Kniglll Bachelor,barker henri knigl bashelor,,Société Egyptienne de la Bourse Commerciale de Minet El Bassal,director,529
P00026,1932,Biagi Dr. Enrico,Biagi Dr. Enrico,biagi dr enriko,,Banco Ilalo-Egiziano,general_manager,529
P00026,1932,Biagi Dr. Enrico,Biagi Dr. Enrico,biagi dr enriko,,"National Bank of Egypl, The Agr.icultural Bank of Egypt el elu Crédil Foncier Egyptien",director,529
P00027,1932,Blattner C. D. Henry,Blattner C. D. Henry,blatner henri,,inistraleur-Directcnr en Egypte de The Sinaï Mining Cy,director,529
P00028,1932,Boulad Khalil,Boulad Khalil,bulad khalil,,The Delta Land & Investment Cy,member,529
P00029,1932,Bourre Edouard,Bourre Edouard,bur eduard,,Land Bank of Egypt,managing_director,529
P00029,1932,Bourre Edouard,Bourre Edouard,bur eduard,,National Insurance Cy of Egypt,vice_president,529
P00029,1932,Bourre Edouard,Bourre Edouard,bur eduard,,S. A. du Béhéra,director,529
P00030,1932,Boyé Jean André,Boyé Jean André,boi gean andr,,Ecole Française de Droit du Caire,manager,530
P00030,1932,Boyé Jean André,Boyé Jean André,boi gean andr,,Société d'Economie Politique,council_member,530
P00030,1932,Boyé Jean André,Boyé Jean André,boi gean andr,,Société Royale de Papyrologie d'Egypte,council_member,530
P00030,1932,Boyé Jean André,Boyé Jean André,boi gean andr,,"« Al Chark » (L'Orient), Société Anonyme Egyptienne d'Assurance sur la Vie",director,530
P00031,1932,Brereton H. K,Brereton H. K,brereton,,Crédit Agricole d'Egypte,manager,530
P00031,1932,Brereton H. K,Brereton H. K,brereton,,Crédit Agricole d'Egypte,director,530
P00032,1932,Campos A,Campos A,kampos,,S. A. Agricole et Industrielle d'Egypte,president,530
P00033,1932,Campos Benvenuto,Campos Benvenuto,kampos benvenuto,,Société Générale d'Electricité,managing_director,530
P00033,1932,Campos Benvenuto,Campos Benvenuto,kampos benvenuto,,Mécanique,managing_director,530
P00034,1932,Campos Giuseppe,Campos Giuseppe,kampos giusep,,Société Générale d'Electricité,director,530
P00034,1932,Campos Giuseppe,Campos Giuseppe,kampos giusep,,Mécanique,director,530
P00035,1932,Cantoni Charles,Cantoni Charles,kantoni sharles,,Crown Brewery,president,530
P00036,1932,Carver H. B,Carver H. B,karver,,Car ver Br os & Co Ltd,director,530
P00036,1932,Carver H. B,Carver H. B,karver,,"The Associated Cotton Ginners of Egypt, Ltd",director,530
P00036,1932,Carver H. B,Carver H. B,karver,,Société Générale de Pressage et Dépôts,director,530
P00037,1932,Cattaui Bey Aslan J,Cattaui Bey Aslan J,kataui bei aslan,,The Egyptian Salt & Soda,director,530
P00038,1932,Cattaui Edgard de,Cattaui Edgard de,kataui edgard,,Société Anonyme du Chemin de Fer Ken eh-Assouan,managing_director,530
P00038,1932,Cattaui Edgard de,Cattaui Edgard de,kataui edgard,,suivantes Sociétés,director,530
P00039,1932,Cattaui Elie J,Cattaui Elie J,kataui eli,,Société Générale d'Electricité,president,530
P00039,1932,Cattaui Elie J,Cattaui Elie J,kataui eli,,Mécanique,president,530
P00040,1932,Cattaui Emile,Cattaui Emile,kataui emil,,Kafr El Zay at Cotton Cy,director,530
P00041,1932,S.E. Cattaui Pacha Joseph A,Cattaui Pacha Joseph A,kataui pasha gosef,,S. A. Wadi Kom Ombo,president,530
P00041,1932,S.E. Cattaui Pacha Joseph A,Cattaui Pacha Joseph A,kataui pasha gosef,,Compagnie Frigorifique d'Egypte,president,530
P00041,1932,S.E. Cattaui Pacha Joseph A,Cattaui Pacha Joseph A,kataui pasha gosef,,Société des Halles Centrales,president,530
P00041,1932,S.E. Cattaui Pacha Joseph A,Cattaui Pacha Joseph A,kataui pasha gosef,,Société Foncière d'Egypte,president,530
P00041,1932,S.E. Cattaui Pacha Joseph A,Cattaui Pacha Joseph A,kataui pasha gosef,,Crown Egypt Co,president,530
P00041,1932,S.E. Cattaui Pacha Joseph A,Cattaui Pacha Joseph A,kataui pasha gosef,,Société Générale d'Irrigation,vice_president,530
P00041,1932,S.E. Cattaui Pacha Joseph A,Cattaui Pacha Joseph A,kataui pasha gosef,,Société Foncière,managing_director,530
P00042,1932,Cattaui René Bey,Cattaui René,kataui ren,bey,S. A. du Wadi Kom Ombo,general_manager,531
P00042,1932,Cattaui René Bey,Cattaui René,kataui ren,bey,Commercial Bank of Egypt,director,531
P00043,1932,S.E. Chafik Pacha Mohamed,Chafik Pacha Mohamed,shafik pasha moamed,,Technique de la Société Générale d'Irrigation,adviser,531
P00043,1932,S.E. Chafik Pacha Mohamed,Chafik Pacha Mohamed,shafik pasha moamed,,Banco Ilalo-Egiziano ct de The Electric Light & Power Supply,director,531
P00044,1932,Constantin Jean Choremi Assocjé de la Y.Iaison Choremi,Constantin Jean Choremi Assocjé de la Y.Iaison Choremi,konstantin gean shoremi asokg la iaison shoremi,,Alexandrin Exchange Co,president,531
P00044,1932,Constantin Jean Choremi Assocjé de la Y.Iaison Choremi,Constantin Jean Choremi Assocjé de la Y.Iaison Choremi,konstantin gean shoremi asokg la iaison shoremi,,"Associated Cotton Gin ners of Egypt, Ltd",president,531
P00044,1932,Constantin Jean Choremi Assocjé de la Y.Iaison Choremi,Constantin Jean Choremi Assocjé de la Y.Iaison Choremi,konstantin gean shoremi asokg la iaison shoremi,,Alexandrie & Ramleh Rail ways Cy. Ltd,director,531
P00045,1932,S.E. Choucry Mahmoud Pacha Ancien :\Iinistrc,Choucry Mahmoud Pacha Ancien :\Iinistrc,shukri mahmud pasha ansien inistrk,,Banque de Crédit Agricole d'Egyple,president,531
P00045,1932,S.E. Choucry Mahmoud Pacha Ancien :\Iinistrc,Choucry Mahmoud Pacha Ancien :\Iinistrc,shukri mahmud pasha ansien inistrk,,Banque de Crédit Agricole d'Egyple,managing_director,531
P00045,1932,S.E. Choucry Mahmoud Pacha Ancien :\Iinistrc,Choucry Mahmoud Pacha Ancien :\Iinistrc,shukri mahmud pasha ansien inistrk,,Banque Hypothécaire,president,531
P00045,1932,S.E. Choucry Mahmoud Pacha Ancien :\Iinistrc,Choucry Mahmoud Pacha Ancien :\Iinistrc,shukri mahmud pasha ansien inistrk,,Banque Hypothécaire,managing_director,531
P00045,1932,S.E. Choucry Mahmoud Pacha Ancien :\Iinistrc,Choucry Mahmoud Pacha Ancien :\Iinistrc,shukri mahmud pasha ansien inistrk,,Banque Belge et In ternationale en Egypte,committee_member,531
P00045,1932,S.E. Choucry Mahmoud Pacha Ancien :\Iinistrc,Choucry Mahmoud Pacha Ancien :\Iinistrc,shukri mahmud pasha ansien inistrk,,Cie d'Assurances << Al Chark )),committee_member,531
P00046,1932,Christomanos A. Max,Christomanos A. Max,shristomanos max,,üsociation dll Commerce d'lm.portation,vice_president,531
P00046,1932,Christomanos A. Max,Christomanos A. Max,shristomanos max,,Banque d'Athènes à Alexandrie,manager,531
P00046,1932,Christomanos A. Max,Christomanos A. Max,shristomanos max,,The Crownegypt Co,member,531
P00046,1932,Christomanos A. Max,Christomanos A. Max,shristomanos max,,The Gabbari Land Cy,member,531
P00046,1932,Christomanos A. Max,Christomanos A. Max,shristomanos max,,Société Anonyme Immobilière d'Alexandrie,member,531
P00047,1932,Cicurel David,Cicurel David,sikurel david,,Alexandria Pressing,director,531
P00048,1932,Cicurel Joseph,Cicurel Joseph,sikurel gosef,,Banque Misr,director,531
P00049,1932,Cohen N. Alfred,Cohen N. Alfred,koen alfred,,Société d'Avances Commerciales,president,531
P00049,1932,Cohen N. Alfred,Cohen N. Alfred,koen alfred,,Société d'Avances Commerciales,managing_director,531
P00049,1932,Cohen N. Alfred,Cohen N. Alfred,koen alfred,,The Egypt and Sudan Export Co,president,531
P00049,1932,Cohen N. Alfred,Cohen N. Alfred,koen alfred,,The Egypt and Sudan Export Co,managing_director,531
P00050,1932,Sir Edward Cook C.S.I,Edward Cook C.S.I,eduard kok,,Agricultural Bank of Egypt,president,531
P00051,1932,Cook John Lt.-Col. A. Gt. D.S.O,Cook John Lt.-Col. A. Gt. D.S.O,kok gohn lt kol gt,,Egyptian Markets,president,531
P00052,1932,G. Corsi,G. Corsi,korsi,,The nited Egyptian Nile Transport Co,president,532
P00053,1932,Diacono Robert M.B.E,Diacono Robert M.B.E,diakono robert,,The Anglo-Ame- rican Nile & Tourist Co,managing_director,532
P00054,1932,S.E. Emine Yehia Pacha,Emine Yehia,emin ieia,pasha,The Egyptian Produce Trading Cy,president,532
P00054,1932,S.E. Emine Yehia Pacha,Emine Yehia,emin ieia,pasha,Banque Belge et Internationale en Egypte,vice_president,532
P00054,1932,S.E. Emine Yehia Pacha,Emine Yehia,emin ieia,pasha,The Egyptian Salt & Soda,president,532
P00054,1932,S.E. Emine Yehia Pacha,Emine Yehia,emin ieia,pasha,Société Anonyme du Béhéra,director,532
P00054,1932,S.E. Emine Yehia Pacha,Emine Yehia,emin ieia,pasha,Egyptian Joint Cotton Committee,vice_president,532
P00054,1932,S.E. Emine Yehia Pacha,Emine Yehia,emin ieia,pasha,Fédération Egyptienne des Industries en E~gypte,vice_president,532
P00055,1932,Baron Empain François,Empain François,empain frankois,,Cairo-Heliopolis,director,532
P00055,1932,Baron Empain François,Empain François,empain frankois,,Cairo-Heliopolis,president,532
P00055,1932,Baron Empain François,Empain François,empain frankois,,Banque Belge et Internationale en Egypte,director,532
P00055,1932,Baron Empain François,Empain François,empain frankois,,"Tramways du Caire, ainsi que de nombreuses autres Sociétés Belges et Etrangères",director,532
P00056,1932,S.E. Fakhry Pacha Mahmoud,Fakhry Pacha Mahmoud,fakhri pasha mahmud,,The Cairo Electric Rallways & Heliopolis Oases Cy,director,533
P00057,1932,Fenderl Hugo,Fenderl Hugo,fenderl hugo,,Presses Libres Egypliennes,director,533
P00057,1932,Fenderl Hugo,Fenderl Hugo,fenderl hugo,,Société Egyptienne de la Bourse Commerciale de Minet El Bassa!,director,533
P00058,1932,Finney Harold,Finney Harold,finei harold,,S. A. des Presses Libres Egyptiennes,director,533
P00059,1932,Finney Oswald J,Finney Oswald J,finei osuald,,Alexandria Commercial Co,president,533
P00059,1932,Finney Oswald J,Finney Oswald J,finei osuald,,S. A. des Presses Libres Egyptiennes,president,533
P00059,1932,Finney Oswald J,Finney Oswald J,finei osuald,,S.A.I. des Terrains Ghizeh et Rodah,president,533
P00059,1932,Finney Oswald J,Finney Oswald J,finei osuald,,Société Egyptienne d'Egrenage,president,533
P00059,1932,Finney Oswald J,Finney Oswald J,finei osuald,,Entrepôts,president,533
P00059,1932,Finney Oswald J,Finney Oswald J,finei osuald,,Société Orientale de Publicité (S.A.E.),president,533
P00059,1932,Finney Oswald J,Finney Oswald J,finei osuald,,Alexandria Insurance Co. (S.A.E.),vice_president,533
P00059,1932,Finney Oswald J,Finney Oswald J,finei osuald,,Société Anonyme du Béhéra,director,533
P00059,1932,Finney Oswald J,Finney Oswald J,finei osuald,,Filature Nationale d'Egypte,director,533
P00059,1932,Finney Oswald J,Finney Oswald J,finei osuald,,Société Egyptienne de Ja Bourse Commerciale de ~li net El Bass al,director,533
P00060,1932,Fitzgerard Francis C. R. E,Fitzgerard Francis C. R. E,fitzgerard fransis,,Anglo Belgian Co of Egypt et,president,533
P00060,1932,Fitzgerard Francis C. R. E,Fitzgerard Francis C. R. E,fitzgerard fransis,,Eaux du Caire,director,533
P00061,1932,Foster G. C,Foster G. C,foster,,Société Anonyme du Béhéra,managing_director,533
P00062,1932,Friend Astley P,Friend Astley P,friend astlei,,Anglo-American Nile et Tou rist Co,president,533
P00062,1932,Friend Astley P,Friend Astley P,friend astlei,,Menzaleh Canal Navigation,president,533
P00063,1932,Fumaroli J,Fumaroli J,fumaroli,,Gérance Immobilière ct de la Yiodern Buildings,president,533
P00063,1932,Fumaroli J,Fumaroli J,fumaroli,,Société Anonyme de Nettoyage et Pressage du Coton,director,533
P00063,1932,Fumaroli J,Fumaroli J,fumaroli,,Gabbari Land,director,533
P00064,1932,Galal Fahim Bey,Galal Fahim,galal faim,bey,Banque de Crédit Agricole d'Egypte,director,533
P00065,1932,S.E. Gallini Fahmi Pacha,Gallini Fahmi,galini fahmi,pasha,Banque de Crédit Agricole d'Egypte,director,533
P00066,1932,GarofaiiO Douca,GarofaiiO Douca,garofaio duka,,Société Anonyme des Tramways d'Alexandrie,director,533
P00067,1932,Gasche Linus,Gasche Linus,gash linus,,Filature Nationale d'Egypte,managing_director,534
P00068,1932,Gianotti Vittorio,Gianotti Vittorio,gianoti vitorio,,Société Egyptienne de Pétrole (S.A.E.),managing_director,534
P00068,1932,Gianotti Vittorio,Gianotti Vittorio,gianoti vitorio,,National Petroleum Cy,managing_director,534
P00068,1932,Gianotti Vittorio,Gianotti Vittorio,gianoti vitorio,,Société Delta (Società Edile Egiziana),president,534
P00068,1932,Gianotti Vittorio,Gianotti Vittorio,gianoti vitorio,,Société Misr pour l'Exportation du Coton (ex-Lindemann),vice_president,534
P00069,1932,Goar Edwin N.J,Goar Edwin N.J,goar eduin,,The Alexandria Insurance Company,director,534
P00070,1932,Comm. Grassi Carlo,Comm. Grassi Carlo,kom grasi karlo,,Anglo-American Nile & Tourist Cy,director,534
P00071,1932,Grimprel Maurice,Grimprel Maurice,grimprel mauris,,"«La Nationale l>, Compagnie Aunonyme d'Assurances sur la Vie à Paris",manager,534
P00071,1932,Grimprel Maurice,Grimprel Maurice,grimprel mauris,,Consultatif des Réassurances et Assurances directes au Ministère du Travail,committee_member,534
P00071,1932,Grimprel Maurice,Grimprel Maurice,grimprel mauris,,Réunion des Compagnies d'Assurances sur la Vie,president,534
P00071,1932,Grimprel Maurice,Grimprel Maurice,grimprel mauris,,suppléant de l'Union Syndicale des Compagnies. d'Assurances à primes fixes detoute nature,president,534
P00071,1932,Grimprel Maurice,Grimprel Maurice,grimprel mauris,,Al Chark (L'Orient) Société Anonyme Egyptienne d'Assurances sur la Vie,director,534
P00072,1932,S.E. Hassan Said Pacha,Hassan Said,hasan said,pasha,Banque de Crédit Agricole d'Egypte,manager,534
P00072,1932,S.E. Hassan Said Pacha,Hassan Said,hasan said,pasha,Banque de Crédit Agricole d'Egypte,director,534
P00073,1932,Hault,Hault,hault,,Société Anonyme des Chemins de Fer de la Basse-Egypte,director,534
P00073,1932,Hault,Hault,hault,,Société Anonyme des Tramways du Caire,director,534
P00074,1932,Hecht Van Der L,Hecht Van Der L,hesht der,,Tramways du Caire,manager,534
P00074,1932,Hecht Van Der L,Hecht Van Der L,hesht der,,Société Anonyme des Chemins de Fer de la Basse-Egypte,director,534
P00075,1932,S.E. Henein Sadik Pacha,Henein Sadik,henein sadik,pasha,Upper Egypt Ratels,director,534
P00076,1932,Nationale>>,Nationale>>,national,,"Al Chark 1(L'Orient), Société Anonyme Egyptienne d'Assurances sur la Vie",director,535
P00077,1932,Home John,Home John,hom gohn,,Grands-Hôtels d'Egyple,president,535
P00077,1932,Home John,Home John,hom gohn,,S. A. des Chemins de Fer Keneh-Assouan,president,535
P00077,1932,Home John,Home John,hom gohn,,The Upper Egypt Hotels,director,535
P00078,1932,Home F. J,Home F. J,hom,,The Egyptian Markets,managing_director,535
P00079,1932,Sir Homsby Bertram,Homsby Bertram,homsbi bertram,,"National Bank of Egypt, The Agricultural Bank of Egypt",director,535
P00079,1932,Sir Homsby Bertram,Homsby Bertram,homsbi bertram,,Crédit Foncier Egyptien. Ismalum René. Chevalier de la Légion d'Honneur,director,535
P00079,1932,Sir Homsby Bertram,Homsby Bertram,homsbi bertram,,Land Bank of Egypt,member,535
P00079,1932,Sir Homsby Bertram,Homsby Bertram,homsbi bertram,,New Egyptian Co et S. A. des Bières Bomonti et Pyramides,member,535
P00080,1932,Ithier Gaston,Ithier Gaston,ithier gaston,,Société Anonyme des Trann\ ays du Caire,delegate,535
P00080,1932,Ithier Gaston,Ithier Gaston,ithier gaston,,Société Anonyme des Chemins de Fer de la Basse Egypte,vice_president,535
P00080,1932,Ithier Gaston,Ithier Gaston,ithier gaston,,Banque Belge et Internationale en Egypte,director,535
P00081,1932,Jacobs Emile,Jacobs Emile,gakobs emil,,Banque Belge et Internationale en Egypte,director,535
P00082,1932,Jacot J. G. Descombes Ing,Jacot J. G. Descombes Ing,gakot deskombes ing,,The Alexandria Water Cy,director,535
P00082,1932,Jacot J. G. Descombes Ing,Jacot J. G. Descombes Ing,gakot deskombes ing,,Cairo Sand Bricks Co,director,535
P00082,1932,Jacot J. G. Descombes Ing,Jacot J. G. Descombes Ing,gakot deskombes ing,,Sidi Salem Co,director,535
P00083,1932,Jullien Léopold Ingénieur Agricole,Jullien Léopold Ingénieur Agricole,gulien leopold ingenieur agrikol,,Alliance Française,president,535
P00083,1932,Jullien Léopold Ingénieur Agricole,Jullien Léopold Ingénieur Agricole,gulien leopold ingenieur agrikol,,Union Foncière d'Egypte,manager,535
P00083,1932,Jullien Léopold Ingénieur Agricole,Jullien Léopold Ingénieur Agricole,gulien leopold ingenieur agrikol,,Dakahlieh Land Cy,director,535
P00084,1932,Karam Edouard,Karam Edouard,karam eduard,,The Commercial & Estates Co,president,536
P00084,1932,Karam Edouard,Karam Edouard,karam eduard,,Société Anonyme des Immeubles d'Egypte,vice_president,536
P00084,1932,Karam Edouard,Karam Edouard,karam eduard,,The Alexandrie Pressing Cy,vice_president,536
P00084,1932,Karam Edouard,Karam Edouard,karam eduard,,The Alexandria Insurance Cy,director,536
P00084,1932,Karam Edouard,Karam Edouard,karam eduard,,Société des Tramways d'Alexandrie,vice_president,536
P00084,1932,Karam Edouard,Karam Edouard,karam eduard,,Société des Tramways d'Alexandrie,director,536
P00085,1932,Kerihuel V. J,Kerihuel V. J,keriuel,,Société Anonyme des Eaux du Caire,managing_director,536
P00085,1932,Kerihuel V. J,Kerihuel V. J,keriuel,,Compagnie Frigorifique d'Egypte,managing_director,536
P00086,1932,Kitroeff Alex. Th,Kitroeff Alex. Th,kitroef alex th,,The Associated Cotton Ginners,director,536
P00087,1932,Klat Bey Dimitri,Klat Bey Dimitri,klat bei dimitri,,Alexandria& Ramleh Railways Co. Ltd,director,536
P00088,1932,Klat Jules,Klat Jules,klat gules,,The Egypban Bonded 'iVarehouses Cy. Ltd,director,536
P00089,1932,Labruyère René Julien,Labruyère René Julien,labruier ren gulien,,The Alexandria & Ramleh Hailways Co,director,536
P00089,1932,Labruyère René Julien,Labruyère René Julien,labruier ren gulien,,Land Bank,director,536
P00090,1932,Lagonico S,Lagonico S,lagoniko,,Alexandria Commercial Cy,director,536
P00090,1932,Lagonico S,Lagonico S,lagoniko,,S. A. du Béhéra,director,536
P00090,1932,Lagonico S,Lagonico S,lagoniko,,Société Ghizeh et Rodah,director,536
P00091,1932,Lascaris Mario,Lascaris Mario,laskaris mario,,pour l'Egypte de la Banque d'Athènes,vice_president,536
P00091,1932,Lascaris Mario,Lascaris Mario,laskaris mario,,pour l'Egypte de la Banque d'Athènes,managing_director,536
P00091,1932,Lascaris Mario,Lascaris Mario,laskaris mario,,The Gabbari Lands,president,536
P00091,1932,Lascaris Mario,Lascaris Mario,laskaris mario,,Crédit Agricole d'Egypte,director,536
P00091,1932,Lascaris Mario,Lascaris Mario,laskaris mario,,Crédit Foncier Egyptien,director,536
P00091,1932,Lascaris Mario,Lascaris Mario,laskaris mario,,Alexandria Water Cy,director,536
P00091,1932,Lascaris Mario,Lascaris Mario,laskaris mario,,The Alexandria & Ramleh Railways Gy,director,536
P00092,1932,Levi Guido,Levi Guido,levi guido,,\dmin.istration de l'Anglo-Egyptian Land Allotment Co,council_member,537
P00093,1932,Lian Alfred,Lian Alfred,lian alfred,,The Alexandria Central Buildings,director,537
P00094,1932,Lindemann Hugo,Lindemann Hugo,lindeman hugo,,Société Misr pour l'Exportation du Coton (ex-Lindemann),managing_director,537
P00094,1932,Lindemann Hugo,Lindemann Hugo,lindeman hugo,,Société Générale de Pressage et Dépôts,committee_member,537
P00094,1932,Lindemann Hugo,Lindemann Hugo,lindeman hugo,,Alexandria Insurance Cy,committee_member,537
P00094,1932,Lindemann Hugo,Lindemann Hugo,lindeman hugo,,S. A. E. Fiat Oriente,director,537
P00094,1932,Lindemann Hugo,Lindemann Hugo,lindeman hugo,,S. A. E. Fiat Oriente,vice_president,537
P00094,1932,Lindemann Hugo,Lindemann Hugo,lindeman hugo,,Société Financière et Industrielle d'Egypte,director,537
P00094,1932,Lindemann Hugo,Lindemann Hugo,lindeman hugo,,Société Financière et Industrielle d'Egypte,vice_president,537
P00094,1932,Lindemann Hugo,Lindemann Hugo,lindeman hugo,,Société <( Maarad l>,director,537
P00094,1932,Lindemann Hugo,Lindemann Hugo,lindeman hugo,,Société <( Maarad l>,vice_president,537
P00095,1932,Lowe A.J,Lowe A.J,lu,,United Egyptian Salt Ltd,director,537
P00095,1932,Lowe A.J,Lowe A.J,lu,,Filature Nationale d'Egypte,director,537
P00096,1932,Lozi Bey Abd el Fattah el,Lozi Bey Abd el Fattah el,lozi bei abd fatah,,Banque Misr,director,537
P00097,1932,Lumbroso Jean,Lumbroso Jean,lumbroso gean,,The Alexandrin Ex change Co. Ltd,director,537
P00097,1932,Lumbroso Jean,Lumbroso Jean,lumbroso gean,,Alexandria & Ramleh Rail ways Co,director,537
P00098,1932,Marcovitch Jacques,Marcovitch Jacques,markovitsh gakues,,Société Orienta le de Publicité,managing_director,537
P00099,1932,S.E. Mazloum Hassan Pacha,Mazloum Hassan,mazlum hasan,pasha,Postes Egyptiennes,general_manager,537
P00099,1932,S.E. Mazloum Hassan Pacha,Mazloum Hassan,mazlum hasan,pasha,The National Insurance Cy,director,537
P00099,1932,S.E. Mazloum Hassan Pacha,Mazloum Hassan,mazlum hasan,pasha,The Egyptian Delta Land & Investment Cy,director,537
P00099,1932,S.E. Mazloum Hassan Pacha,Mazloum Hassan,mazlum hasan,pasha,Banque de Crédit Agricole d'Egypte,director,537
P00100,1932,Menasce Baron Félix de,Menasce Baron Félix de,menas baron felix,,Communauté Israélite d'Alexandrie,president,537
P00100,1932,Menasce Baron Félix de,Menasce Baron Félix de,menas baron felix,,Société Anonyme des Immeubles d'Egypte,president,537
P00100,1932,Menasce Baron Félix de,Menasce Baron Félix de,menas baron felix,,Société Anonyme des Immeubles d'Egypte,managing_director,537
P00100,1932,Menasce Baron Félix de,Menasce Baron Félix de,menas baron felix,,Cassa di Sconto et di Risparmio,president,537
P00100,1932,Menasce Baron Félix de,Menasce Baron Félix de,menas baron felix,,S. A. des Entreprises Urbaines et Rurales,director,537
P00101,1932,Minost Emile,Minost Emile,minost emil,,Crédit Foncier Egyptien,managing_director,538
P00101,1932,Minost Emile,Minost Emile,minost emil,,Banque de Crédit Agricole d'Egypte,director,538
P00102,1932,S.E. Mohamed Mahmoud Bey Khalil Avocat,Mohamed Mahmoud Bey Khalil Avocat,moamed mahmud bei khalil avokat,,«Al Chark» (L'Orient) Société Anonyme Egyptienne d'Assurance sur la Vie,director,538
P00102,1932,S.E. Mohamed Mahmoud Bey Khalil Avocat,Mohamed Mahmoud Bey Khalil Avocat,moamed mahmud bei khalil avokat,,Anglo-Egyptian Land Allotment,director,538
P00102,1932,S.E. Mohamed Mahmoud Bey Khalil Avocat,Mohamed Mahmoud Bey Khalil Avocat,moamed mahmud bei khalil avokat,,Société Egyptienne des Madina,president,538
P00103,1932,Monnerat E. Ing,Monnerat E. Ing,monerat ing,,Compagnie Frigorifique d'Egypte,director,538
P00103,1932,Monnerat E. Ing,Monnerat E. Ing,monerat ing,,The Electric Light & Power Supply,director,538
P00103,1932,Monnerat E. Ing,Monnerat E. Ing,monerat ing,,Société Anonyme des Eaux du Caire,director,538
P00103,1932,Monnerat E. Ing,Monnerat E. Ing,monerat ing,,Société Anonyme du Béhéra,director,538
P00104,1932,Morin Jean,Morin Jean,morin gean,,en Egypte des Agences du CrédH Lyonnais,general_manager,538
P00104,1932,Morin Jean,Morin Jean,morin gean,,Société Immobilière d'A~exandrie,president,538
P00105,1932,Mosseri Elie N,Mosseri Elie N,moseri eli,,The Anglo-Egyptian Land Allotment Company etde la Fayoum Light Railways,president,538
P00105,1932,Mosseri Elie N,Mosseri Elie N,moseri eli,,Chemins de Fer de la S. A. de W a di Kom Ombo,vice_president,538
P00105,1932,Mosseri Elie N,Mosseri Elie N,moseri eli,,Anglo-Belgian Co. of Egypt,director,538
P00105,1932,Mosseri Elie N,Mosseri Elie N,moseri eli,,The Gabbari Land Co,council_member,538
P00105,1932,Mosseri Elie N,Mosseri Elie N,moseri eli,,The Egyptian Hotels Ltd,council_member,538
P00105,1932,Mosseri Elie N,Mosseri Elie N,moseri eli,,The Egyptian Salt & Soda Cy. Ltd,council_member,538
P00105,1932,Mosseri Elie N,Mosseri Elie N,moseri eli,,Filature Nationale d'Egypte,council_member,538
P00105,1932,Mosseri Elie N,Mosseri Elie N,moseri eli,,National Insurance Co. or Egypt,council_member,538
P00105,1932,Mosseri Elie N,Mosseri Elie N,moseri eli,,Société Foncière d'Egypte,council_member,538
P00105,1932,Mosseri Elie N,Mosseri Elie N,moseri eli,,Société des Automobiles et Omnibus du Caire,council_member,538
P00105,1932,Mosseri Elie N,Mosseri Elie N,moseri eli,,Société Egyptienne d'Irrigation,council_member,538
P00105,1932,Mosseri Elie N,Mosseri Elie N,moseri eli,,Société Foncière du Domaine de Cheikh Fadl,council_member,538
P00106,1932,Mosseri Joseph,Mosseri Joseph,moseri gosef,,"J os y Film, S. A. E",managing_director,538
P00107,1932,Mosseri Maurice,Mosseri Maurice,moseri mauris,,BanqueMosseri et Co,member,538
P00107,1932,Mosseri Maurice,Mosseri Maurice,moseri mauris,,Syndicat des Obligataires de la Société Générale des Sucreries,committee_member,538
P00108,1932,Mosseri J. Nessim,Mosseri J. Nessim,moseri nesim,,The Anglo-Egyptian Land Allotment Cy,director,538
P00109,1932,S.E. Nakhla Pacha El Motei Ancien Magistrat,Nakhla Pacha El Motei Ancien Magistrat,nakhla pasha motei ansien magistrat,,Al Chark(L'Orient) Société Anonyme Egyptienne d'Assurances sur la Vie,director,539
P00110,1932,Naeff Emile,Naeff Emile,naef emil,,Cairo Sand Bricks,director,539
P00110,1932,Naeff Emile,Naeff Emile,naef emil,,The Electric Light & Power Supply,director,539
P00111,1932,Naggiar F. Victor,Naggiar F. Victor,nagiar viktor,,New-Egyptian Cy,director,539
P00112,1932,Nahman Enrico,Nahman Enrico,nahman enriko,,Société Gé .. nérale d'Electricité,director,539
P00112,1932,Nahman Enrico,Nahman Enrico,nahman enriko,,Mécanique,director,539
P00113,1932,Nathan J. Edward,Nathan J. Edward,nathan eduard,,New Egyptian Cy,director,539
P00113,1932,Nathan J. Edward,Nathan J. Edward,nathan eduard,,Société Belgo-Egyptienne de l'Ezbékieh,director,539
P00114,1932,Naus Bey Henri C.B.E,Naus Bey Henri C.B.E,naus bei henri,,Fédération des Industries en Egypte,president,539
P00114,1932,Naus Bey Henri C.B.E,Naus Bey Henri C.B.E,naus bei henri,,Industrie,member,539
P00114,1932,Naus Bey Henri C.B.E,Naus Bey Henri C.B.E,naus bei henri,,Société d'Economie Politique,member,539
P00114,1932,Naus Bey Henri C.B.E,Naus Bey Henri C.B.E,naus bei henri,,Société Générale des Sucreries,managing_director,539
P00114,1932,Naus Bey Henri C.B.E,Naus Bey Henri C.B.E,naus bei henri,,Raffinerie d'Egypte,managing_director,539
P00114,1932,Naus Bey Henri C.B.E,Naus Bey Henri C.B.E,naus bei henri,,Société Egyptienne d'Irrigation,president,539
P00114,1932,Naus Bey Henri C.B.E,Naus Bey Henri C.B.E,naus bei henri,,Banque Belge et Internationale en Egypte,vice_president,539
P00114,1932,Naus Bey Henri C.B.E,Naus Bey Henri C.B.E,naus bei henri,,Union des Agriculteurs,president,539
P00114,1932,Naus Bey Henri C.B.E,Naus Bey Henri C.B.E,naus bei henri,,Société Anonyme de Wadi Kom Ombo,director,539
P00114,1932,Naus Bey Henri C.B.E,Naus Bey Henri C.B.E,naus bei henri,,Crédit Foncier Egyptien,director,539
P00114,1932,Naus Bey Henri C.B.E,Naus Bey Henri C.B.E,naus bei henri,,The Cairo Electric Railways & Helio polis Oases Cy.~ de l'African Enterprise et Development Cy,director,539
P00114,1932,Naus Bey Henri C.B.E,Naus Bey Henri C.B.E,naus bei henri,,Compagnie Frigorifique d'Egypte,director,539
P00114,1932,Naus Bey Henri C.B.E,Naus Bey Henri C.B.E,naus bei henri,,Société Anonyme d.es Eaux du Caire,director,539
P00114,1932,Naus Bey Henri C.B.E,Naus Bey Henri C.B.E,naus bei henri,,Anglo-Belgian Co of Egypt Ltd,director,539
P00114,1932,Naus Bey Henri C.B.E,Naus Bey Henri C.B.E,naus bei henri,,Société Anonyme des Ciments d'Egypte,director,539
P00115,1932,Nubar Arakel Bey,Nubar Arakel,nubar arakel,bey,Comité de Londres de The Mortgage Co. Ltd,director,539
P00115,1932,Nubar Arakel Bey,Nubar Arakel,nubar arakel,bey,Comité de Londres de The Mortgage Co. Ltd,president,539
P00116,1932,Pegna E,Pegna E,pegna,,The Egyptian Bonded Warehouses Cy,director,539
P00116,1932,Pegna E,Pegna E,pegna,,Alexandria Insurance Cy,director,539
P00117,1932,Perrott C.H,Perrott C.H,perot,,The Man ure Cy,president,540
P00117,1932,Perrott C.H,Perrott C.H,perot,,Egyptian Delta Land & Investment Cy,director,540
P00118,1932,Pilavachi C,Pilavachi C,pilavashi,,Building Lands,president,540
P00118,1932,Pilavachi C,Pilavachi C,pilavashi,,Société Anonyme Immobilière d'Alexandrie,president,540
P00118,1932,Pilavachi C,Pilavachi C,pilavashi,,The Egyptian Cotton Cy,president,540
P00118,1932,Pilavachi C,Pilavachi C,pilavashi,,Constructions Modernes,director,540
P00119,1932,Pinto Cav. Silvio,Pinto Cav. Silvio,pinto kav silvio,,Société Egyptienne de la Bourse Commerciale de Minet El Bassal,president,540
P00119,1932,Pinto Cav. Silvio,Pinto Cav. Silvio,pinto kav silvio,,Egyptian Salt & Soda,director,540
P00119,1932,Pinto Cav. Silvio,Pinto Cav. Silvio,pinto kav silvio,,S. A. de Pressage et Dépôts,director,540
P00119,1932,Pinto Cav. Silvio,Pinto Cav. Silvio,pinto kav silvio,,Société Financière et Industrielle d'Egypte,director,540
P00119,1932,Pinto Cav. Silvio,Pinto Cav. Silvio,pinto kav silvio,,Salonica Cigarette Co,director,540
P00120,1932,Piot Bey J.B,Piot Bey J.B,piot bei,,Compagnie des Eaux du Caire,president,540
P00120,1932,Piot Bey J.B,Piot Bey J.B,piot bei,,The Egyptian Enterprise & Development Co,director,540
P00120,1932,Piot Bey J.B,Piot Bey J.B,piot bei,,Gharbieh Land Co,director,540
P00121,1932,Polnauer L,Polnauer L,polnauer,,Alex andr-ia Insurance,director,540
P00121,1932,Polnauer L,Polnauer L,polnauer,,"Alexandria Navigation Cy., S. A. E",director,540
P00121,1932,Polnauer L,Polnauer L,polnauer,,la« Ganz S. A. E,director,540
P00122,1932,Rabbat Sélim,Rabbat Sélim,rabat selim,,Delta Trading Co,president,540
P00122,1932,Rabbat Sélim,Rabbat Sélim,rabat selim,,Société Anonyme des Immeubles d'Egypte,director,540
P00123,1932,Raybaud Max,Raybaud Max,raibaud max,,Cro\Yn Brewery,managing_director,540
P00124,1932,Reinhart Alfred,Reinhart Alfred,reinhart alfred,,Société Générale de Pressage et Dépôts,president,540
P00124,1932,Reinhart Alfred,Reinhart Alfred,reinhart alfred,,Egyptian Motor Transport Co,president,540
P00124,1932,Reinhart Alfred,Reinhart Alfred,reinhart alfred,,Société Cotonnière « Maarad )),member,540
P00124,1932,Reinhart Alfred,Reinhart Alfred,reinhart alfred,,The Alex andria Insurance Cy,director,540
P00124,1932,Reinhart Alfred,Reinhart Alfred,reinhart alfred,,Electricity & lee Supply Co,council_member,540
P00125,1932,Richmond T.S,Richmond T.S,rishmond,,The Eastern Automobiles Supplies & Transport Co,president,540
P00125,1932,Richmond T.S,Richmond T.S,rishmond,,The General Accident Fire and Life Assurance Corporation Ltd,president,540
P00125,1932,Richmond T.S,Richmond T.S,rishmond,,Egyptian Consolidated Land Ltd,managing_director,540
P00125,1932,Richmond T.S,Richmond T.S,rishmond,,The Agricultural Bank of Egypt,director,540
P00125,1932,Richmond T.S,Richmond T.S,rishmond,,The Alexandria Central Buildings Co,director,540
P00125,1932,Richmond T.S,Richmond T.S,rishmond,,The Si di Salem of Egypt,director,540
P00125,1932,Richmond T.S,Richmond T.S,rishmond,,The Mortgage Co. of Egypt Ltd,director,540
P00126,1932,Riquez Cav. Uff. Giuseppe,Riquez Cav. Uff. Giuseppe,rikuez kav uf giusep,,Cassa di Scontoe di Risparmio,president,541
P00126,1932,Riquez Cav. Uff. Giuseppe,Riquez Cav. Uff. Giuseppe,rikuez kav uf giusep,,The Egyptian Salt & Soda,director,541
P00126,1932,Riquez Cav. Uff. Giuseppe,Riquez Cav. Uff. Giuseppe,rikuez kav uf giusep,,Société Anonyme Immobilière du Domaine de Siouf,director,541
P00126,1932,Riquez Cav. Uff. Giuseppe,Riquez Cav. Uff. Giuseppe,rikuez kav uf giusep,,United Egyptian Salt,director,541
P00127,1932,Rolin Léon,Rolin Léon,rolin leon,,Société Anonyme des Anciennes Entreprises L. Rolin et Co,president,541
P00127,1932,Rolin Léon,Rolin Léon,rolin leon,,Société Belge-Egyptienne de l'Ezbékieh,managing_director,541
P00127,1932,Rolin Léon,Rolin Léon,rolin leon,,The Cairo Suburban,director,541
P00128,1932,Rolo Max,Rolo Max,rolo max,,Alexandria Pressing,director,541
P00129,1932,Rolo Robert J,Rolo Robert J,rolo robert,,Alexandria Insurance Co,director,541
P00129,1932,Rolo Robert J,Rolo Robert J,rolo robert,,Banque Belge et Internationale en Egypte,director,541
P00129,1932,Rolo Robert J,Rolo Robert J,rolo robert,,New Egyptian Co,director,541
P00129,1932,Rolo Robert J,Rolo Robert J,rolo robert,,Crownegypt Cu,director,541
P00129,1932,Rolo Robert J,Rolo Robert J,rolo robert,,Société Cotonnière Maarad,president,541
P00129,1932,Rolo Robert S. C.B.E,Rolo Robert S. C.B.E,rolo robert,,Société des Automobiles,president,541
P00129,1932,Rolo Robert S. C.B.E,Rolo Robert S. C.B.E,rolo robert,,Omnibus du Caire,president,541
P00129,1932,Rolo Robert S. C.B.E,Rolo Robert S. C.B.E,rolo robert,,The National Bank of Egypt,director,541
P00130,1932,Rom François,Rom François,rom frankois,,Cairo Suburban Buildings Lands Co,president,541
P00130,1932,Rom François,Rom François,rom frankois,,Anglo-Egyptian Land Allotment,director,541
P00131,1932,Rowlatt Sir F.T. K.B.E,Rowlatt Sir F.T. K.B.E,rulat sir,,Mortgage Cy,director,541
P00131,1932,Rowlatt Sir F.T. K.B.E,Rowlatt Sir F.T. K.B.E,rulat sir,,National Bank of Egypt. s,council_member,541
P00132,1932,S.E. Safouat Pacha Mohamed,Safouat Pacha Mohamed,safuat pasha moamed,,S. A. Immobilière du Domaine de Siouf,president,541
P00133,1932,Salvago Micliel,Salvago Micliel,salvago mikliel,,Communauté Hellénique d'Alexandrie,president,541
P00133,1932,Salvago Micliel,Salvago Micliel,salvago mikliel,,Alexandria & Ramleh Railways Cy. Ltd,president,541
P00133,1932,Salvago Micliel,Salvago Micliel,salvago mikliel,,Alexandria Water Cy,president,541
P00133,1932,Salvago Micliel,Salvago Micliel,salvago mikliel,,Filature Nationale d'Egypte,president,541
P00133,1932,Salvago Micliel,Salvago Micliel,salvago mikliel,,Société Anonyme du Béhéra,president,541
P00134,1932,Salvag-o Constantin,Salvag-o Constantin,salvag konstantin,,"Société Egyptienne des Pétroles (S.E.P.) Salama Salvator,_ },1anaging-Dircctor de la Maison Bchrend & Co Ltd",director,542
P00134,1932,Salvag-o Constantin,Salvag-o Constantin,salvag konstantin,,Rosetta & Alex andria Riec MiJJs,managing_director,542
P00135,1932,Lionello Scelsi,Lionello Scelsi,lionelo selsi,,Banco Italo-Egiziano,director,542
P00135,1932,Lionello Scelsi,Lionello Scelsi,lionelo selsi,,Cass·t di Sconto e di. Risparmio,director,542
P00135,1932,Lionello Scelsi,Lionello Scelsi,lionelo selsi,,Société Financière et Industrielle d'Egypte,director,542
P00136,1932,Shamà Elie F,Shamà Elie F,shama eli,,Société Anonyme Immobilière du Domaine de Siouf,managing_director,542
P00137,1932,Sidi Vitali,Sidi Vitali,sidi vitali,,S. A. de Nettoyage,director,542
P00137,1932,Sidi Vitali,Sidi Vitali,sidi vitali,,"Pressage du Coton. S.E. Sir Ismail Sirry Pacha K.C.M.G., Anci('n",director,542
P00138,1932,Spetseropoulo D,Spetseropoulo D,spetseropulo,,United Egyptian Nilc Transport Co,managing_director,542
P00138,1932,Spetseropoulo G.D,Spetseropoulo G.D,spetseropulo,,United Egyptian Nile Transport Co,managing_director,542
P00139,1932,Strologo G. D,Strologo G. D,strologo,,S. A. des Presses Libres Egyptiennes,president,542
P00139,1932,Strologo G. D,Strologo G. D,strologo,,S. A. des Presses Libres Egyptiennes,managing_director,542
P00139,1932,Strologo G. D,Strologo G. D,strologo,,A lexandria Insurance,director,542
P00139,1932,Strologo R.C,Strologo R.C,strologo,,S. A. des Presses Libres Egyptiennes,director,542
P00139,1932,Strologo R.C,Strologo R.C,strologo,,S. A. des Presses Libres Egyptiennes,manager,542
P00140,1932,Suarès Alfred,Suarès Alfred,suares alfred,,The Commercial Bank of Egypt,president,542
P00141,1932,Suarès Fernand,Suarès Fernand,suares fernand,,Commercial Bank of Egypt,director,543
P00142,1932,Suarès Jacques,Suarès Jacques,suares gakues,,The Commercial Bank of Egypt et Société Egyptienne d'Entreprises Urbaines et Rurales,director,543
P00143,1932,Léon Suarès,Léon Suarès,leon suares,,SociétéFoncière du Domaine de Cheikh Fadl,director,543
P00143,1932,Léon Suarès,Léon Suarès,leon suares,,Société Foncière d'Egypte,director,543
P00144,1932,Dr. Sultan Fouad,Sultan Fouad,sultan fuad,,"Banque Misr ct de toutes les institutions financières, commerciales et Industrielles, fondées par la Banque Misr, en Egypte et à l'Etranger",managing_director,543
P00144,1932,Dr. Sultan Fouad,Sultan Fouad,sultan fuad,,Banque de Crédit Agricole d'Egypte,director,543
P00145,1932,Sursock Nicolas A,Sursock Nicolas A,sursok nikolas,,National Insurance Co,director,543
P00145,1932,Sursock Nicolas A,Sursock Nicolas A,sursok nikolas,,Société Anonyme des Immeubles d'Egyptc,director,543
P00146,1932,Sursock Vladimir,Sursock Vladimir,sursok vladimir,,Ka fr El Zayat Cotton Company,director,543
P00147,1932,S.E. Talaat Harb Pacha,Talaat Harb,talat harb,pasha,Banque Misr,vice_president,543
P00147,1932,S.E. Talaat Harb Pacha,Talaat Harb,talat harb,pasha,Banque Misr,managing_director,543
P00147,1932,S.E. Talaat Harb Pacha,Talaat Harb,talat harb,pasha,"toutes les institutions financières, commerciales et industrielles fondées par la Banque Misr en Egypte et à l'Etranger",vice_president,543
P00147,1932,S.E. Talaat Harb Pacha,Talaat Harb,talat harb,pasha,"toutes les institutions financières, commerciales et industrielles fondées par la Banque Misr en Egypte et à l'Etranger",managing_director,543
P00147,1932,S.E. Talaat Harb Pacha,Talaat Harb,talat harb,pasha,Société Foncière d'Egypte,managing_director,543
P00147,1932,S.E. Talaat Harb Pacha,Talaat Harb,talat harb,pasha,Crédit Foncier Egyptien,director,543
P00148,1932,Takla G. Bey,Takla G.,takla,bey,Société Egyptienne des Pétroles,director,543
P00148,1932,Takla G. Bey,Takla G.,takla,bey,Gérance Immobilière,director,543
P00149,1932,Toriel Elie,Toriel Elie,toriel eli,,Société des Biens de Rapport d'Egypte,president,543
P00149,1932,Toriel Elie,Toriel Elie,toriel eli,,The Union Cotton Cy,president,543
P00150,1932,Toriel Raphael,Toriel Raphael,toriel rafael,,p. i. de la Société des Biens de Rapport d'Egypte,director,543
P00150,1932,Toriel Raphael,Toriel Raphael,toriel rafael,,p. i. de la Société des Biens de Rapport d'Egypte,president,543
P00150,1932,Toriel Raphael,Toriel Raphael,toriel rafael,,The Union Cotton Co of Alexandria,managing_director,543
P00150,1932,Toriel Raphael,Toriel Raphael,toriel rafael,,Filature Nationale d'Egypte,director,543
P00151,1932,Trembley Ernest,Trembley Ernest,tremblei ernest,,~u Comptoir des Ciments,managing_director,544
P00151,1932,Trembley Ernest,Trembley Ernest,tremblei ernest,,Société Egyptienne de Ciment Portland Tourah-Le Caire,managing_director,544
P00151,1932,Trembley Ernest,Trembley Ernest,tremblei ernest,,The Cairo Sand Bricks Co. S. A,managing_director,544
P00151,1932,Trembley Ernest,Trembley Ernest,tremblei ernest,,Crédit Immobilier Suisse-Egyptien. v,vice_president,544
P00152,1932,Vals Ezio,Vals Ezio,vals ezio,,Société Anonyme Agrico1e et Industrielle d'Egypte,managing_director,544
P00152,1932,Vals Ezio,Vals Ezio,vals ezio,,Koubbeh Gardens,liquidator,544
P00153,1932,Vannucci Comm. Grisante,Vannucci Comm. Grisante,vanuksi kom grisant,,The Egyptian Hotels,director,544
P00154,1932,Vincenot M,Vincenot M,vinsenot,,Crédit Foncier Egyptien,president,544
P00154,1932,Vincenot M,Vincenot M,vinsenot,,Compagnie d'Assurances «Al Charkl). w,president,544
P00155,1932,Watson C. J,Watson C. J,uatson,,cl' Administration de la Kafr El Zay at Cotton Company,member,544
P00156,1932,Wellhoff Salomon,Wellhoff Salomon,uelhof salomon,,The Egyptian Boncled Warehouses Cy Ltcl,president,544
P00156,1932,Wellhoff Salomon,Wellhoff Salomon,uelhof salomon,,Société Générale des Sucreries,director,544
P00156,1932,Wellhoff Salomon,Wellhoff Salomon,uelhof salomon,,Raffinerie d'Egypte,director,544
P00157,1932,Williamson John,Williamson John,uiliamson gohn,,Egyptian Delta Land & Investment,president,544
P00158,1932,Wood Smith K.B,Wood Smith K.B,uod smith,,Alexandria Water,managing_director,544
P00159,1932,Zarifi Th,Zarifi Th,zarifi th,,Land Bank of Egypt,director,545
P00160,1932,Zerbini Dimitri J,Zerbini Dimitri J,zerbini dimitri,,The Kafr El Z,managing_director,545
P00161,1932,S.E. Sir Ziwer Ahmed Pacha,Sir Ziwer Ahmed,sir ziuer ahmed,pasha,Nationnl Bank of Egypt,director,545
P00162,1938,Abaza Abele! Ilamid Bey,Abaza Abele! Ilamid,abaza abel ilamid,bey,"Société Egyptienne pour le DéYelop-· pement elu Commerce des légumes, fruits et fleurs",delegate,249
P00163,1938,S.E. Abaza Fouad Pacha,Abaza Fouad,abaza fuad,pasha,Société Hoyole d 'Agriculture,general_manager,249
P00163,1938,S.E. Abaza Fouad Pacha,Abaza Fouad,abaza fuad,pasha,"Société Egyptienne pour Je JJé\·eJoppement du commerce des légumes, fruits cl fleurs",vice_president,249
P00164,1938,S.E. Abboud Ahmed Pacha,Abboud Ahmed,abud ahmed,pasha,"TlJC Egyplinn General Omnibus Co., S.A.E",president,249
P00164,1938,S.E. Abboud Ahmed Pacha,Abboud Ahmed,abud ahmed,pasha,ln Coml1lercial Bank of Egypt,vice_president,249
P00164,1938,S.E. Abboud Ahmed Pacha,Abboud Ahmed,abud ahmed,pasha,The 1\hediYiul Mail Line,managing_director,249
P00164,1938,S.E. Abboud Ahmed Pacha,Abboud Ahmed,abud ahmed,pasha,Tilbury Contracting & Dredging Co. (Foreign) Ucl,managing_director,249
P00164,1938,S.E. Abboud Ahmed Pacha,Abboud Ahmed,abud ahmed,pasha,Pllaraonic Mail Line,managing_director,249
P00164,1938,S.E. Abboud Ahmed Pacha,Abboud Ahmed,abud ahmed,pasha,"Fiat Oriente, S.A.E",director,249
P00165,1938,Abele! Rahim Hussein Me,Abele! Rahim Hussein Me,abel raim husein m,,"Société Egyptienne cl es Industries Chimiques, S. A. E",member,249
P00166,1938,Abdel Rahman Fayed,Abdel Rahman Fayed,abdel rahman faied,,Carricr,director,250
P00167,1938,Abclel Rahman Hamada. Bey,Abclel Rahman Hamada.,abklel rahman hamada,bey,"The i\!isr Concretc Development Cy., S.A.E",director,250
P00167,1938,Abclel Rahman Hamada. Bey,Abclel Rahman Hamada.,abklel rahman hamada,bey,"Société Egyptienne pour Je Tannage eL l'Tndustl·ie elu Cuir, S.A.E",director,250
P00168,1938,S.E. Abdel Rahman Rida Pacha,Abdel Rahman Rida,abdel rahman rida,pasha,Patronage de la Société BC'Ige d'Etudes el d'Expansion,committee_member,250
P00168,1938,S.E. Abdel Rahman Rida Pacha,Abdel Rahman Rida,abdel rahman rida,pasha,elu Crédit Agricole d'Egyptc,director,250
P00169,1938,Aboul Ela Mahmoud,Aboul Ela Mahmoud,abul ela mahmud,,"cl 'Administration de la Société Egyptienne pour le Tannage ct l'Industrie du Cuir, S.A.E",council_member,250
P00170,1938,Aboul Ela Meheissen El llag,Aboul Ela Meheissen El llag,abul ela meisen lag,,Société des Omnibus de Fayoum,director,250
P00171,1938,Acher Abl'amino S,Acher Abl'amino S,asher abl amino,,Société Foncière du Domaine de Cheikh Fadl,manager,250
P00171,1938,Acher Abl'amino S,Acher Abl'amino S,asher abl amino,,cl'Aclministmlion de la S.A. de,delegate,250
P00172,1938,Adela Césal' V,Adela Césal' V,adela sesal,,S. A. des Immeubles cl.e l'Est,delegate,250
P00173,1938,Adda Femand C.A,Adda Femand C.A,ada femand,,"S.A. nes Immeubles de l'Est et Aclnlinislt<.l.Lcm-llélégué de l' Eastem Export Co., S. A",director,250
P00008,1938,Adda Joseph 1\,Adda Joseph 1\,ada gosef,,\.omité de Surveillance de la S.A. Agricole cL Industrielle d'EgypLe,president,250
P00008,1938,Adda Joseph 1\,Adda Joseph 1\,ada gosef,,"Société Jnduslricl\c des Asplla.Hcs cL Pétroles de Lattaquié ct de la Egyptian \Vorks & Constructions Co., S.A.E",director,250
P00174,1938,Adda Hené i\le,Adda Hené i\le,ada hen il,,cl'J\clministralion de la. S.A. des Chemins de Fer l\.éneh-Assouan ct de la. S.A. des Halles Centrales d'Egypte,member,250
P00175,1938,Adda Victot· A,Adda Victot· A,ada viktot,,S.A. des Immcul.Jlcs de l'E,president,251
P00175,1938,Adda Victot· A,Adda Victot· A,ada viktot,,Commercial Bank of Egypt,president,251
P00176,1938,Adès Elie N,Adès Elie N,ades eli,,The ational Pctrolrum Co. ct de la Société Egyptienne des P6L!·olcs,director,251
P00177,1938,Adès Gaston N,Adès Gaston N,ades gaston,,Société Egyptienne de Ti,director,251
P00178,1938,Adès Uaphaël,Adès Uaphaël,ades uafael,,p.i. de la Société Gé11én1lc d'Elcclricilé cL de Mécanique,manager,251
P00179,1938,Aghiou,Aghiou,aghiu,,"Ccmocil d',\dlttiuislr<tltull de la S.,\. Financière cL Immobilière",president,251
P00180,1938,Agnew Anch·ew,Agnew Anch·ew,agneu ansheu,,The Anglo-Egy11tiun Oillïclcl,director,251
P00180,1938,Agnew Anch·ew,Agnew Anch·ew,agneu ansheu,,"d ',\clminislmtion de l'.\lcxuudria Central Buildings",president,251
P00181,1938,Allain Maurice,Allain Maurice,alain mauris,,S.A. des Monts de Piété Egyptiens,director,252
P00018,1938,Allam Mohamed Bey,Allam Mohamed,alam moamed,bey,"Société Egyptienne pour le Développement du Commerce clos légumes, Ft'uiLs & Fleurs",director,252
P00182,1938,Allard Josse-Louis Baron,Allard Josse-Louis Baron,alard gos luis baron,,Société Belge-Egyptienne de l 'Kzbékieh,director,252
P00183,1938,Allemann Georges,Allemann Georges,aleman georges,,Société Egyptienne de la Bourse Commerciale de Minet El Bassal,president,252
P00183,1938,Allemann Georges,Allemann Georges,aleman georges,,Alexandria Insumnce Co,vice_president,252
P00183,1938,Allemann Georges,Allemann Georges,aleman georges,,"cl' Admini straLion de la Banque Belge ct Internationale en Egyptc, S.A.E",council_member,252
P00183,1938,Allemann Georges,Allemann Georges,aleman georges,,"S.A.E. "" Carba",council_member,252
P00183,1938,Allemann Georges,Allemann Georges,aleman georges,,"Société Cotonnière "" Maaracl ""·",council_member,252
P00184,1938,Alphandary Robert,Alphandary Robert,alfandari robert,,"cL Adn<inislratcur de la Pcllours, S.A.E",manager,252
P00185,1938,Ambron Aldo,Ambron Aldo,ambron aldo,,"Union ,lle.Tandrirze, Gm·nd O!ficie7· cle la Co'Uronnc d'Italie, Chevalier Sls. Mato-rice cC",vice_president,252
P00185,1938,Ambron Aldo,Ambron Aldo,ambron aldo,,Aclnünislration de la Société Egyptiennecl 'Entreprises U t·baincs cL Rurales,president,252
P00186,1938,Amiel Raphaël,Amiel Raphaël,amiel rafael,,"Société Egyplicm1c des Industries Chimiques, S.A.E",director,252
P00187,1938,S.E. Amin Samy Pacha,Amin Samy,amin sami,pasha,"Danque Mosscri, S.A.E",director,252
P00188,1938,Ancll'il t Col. Maurice,Ancll'il t Col. Maurice,ankl il kol mauris,,Sociélé Française cles ConillllsliiJirs Uq11idrs,president,252
P00188,1938,Ancll'il t Col. Maurice,Ancll'il t Col. Maurice,ankl il kol mauris,,Sociél6 .Egyplionnc des Pétroles,president,252
P00188,1938,Ancll'il t Col. Maurice,Ancll'il t Col. Maurice,ankl il kol mauris,,Union Internationale des Puli'Olcs ct clc J'Union des PNrulcs des Martigues,president,252
P00189,1938,Angeloglou Jean L,Angeloglou Jean L,angeloglu gean,,Surveillance de la Banque de ContmcJ·cc,president,252
P00190,1938,Armstrong AHred,Armstrong AHred,armstrong ahred,,"Tllc Invicla Manufaclnring Co. of Egypt, S.A..E",manager,252
P00191,1938,At·msh·ong Lord,At·msh·ong Lord,atmshong lord,,Cairo Electric Railways & IIeliopolis Oases Co,vice_president,253
P00192,1938,At·slan Abclalla Bey,At·slan Abclalla,atslan abklala,bey,"Industrie Meunière d'Alexandrie, S.A.E",director,253
P00192,1938,At·slan Abclalla Bey,At·slan Abclalla,atslan abklala,bey,"Société Egyptienne d'Industries Chimiques, S.A.E",director,253
P00193,1938,Alla,Alla,ala,,"Pbaraonic Mail Line, S.A.E",director,253
P00193,1938,Alla,Alla,ala,,Sociét6 Egyptiennecle Filature et Tissage cle Laine,director,253
P00193,1938,Alla,Alla,ala,,National Peh·oleum Cy,director,253
P00194,1938,Audebeau Charles Bey,Audebeau Charles,audebeau sharles,bey,"Société Egyptienne de Tuyaux, Poteaux et Produits en Ciment Armé",director,253
P00195,1938,Auet· Conrad,Auet· Conrad,auet konrad,,cle la Société Egyptienne de Ciment Portland Tourah,director,253
P00196,1938,S.E. Awad Elias Pacha,Awad Elias,auad elias,pasha,"Eastern Co., S.A.E",director,253
P00197,1938,Awre Gilbm·t Chl'istophet·,Awre Gilbm·t Chl'istophet·,aur gilbmt shl istofet,,"Eastern Co., S.A.E",member,253
P00198,1938,Axeh·ood Matt M,Axeh·ood Matt M,axeod mat,,"Crownegypt Co., S.A.E",president,253
P00002,1938,S.E. Badaoui,Badaoui,badaui,,Contentieux cle l'Etat,president,253
P00199,1938,Bahad Tewfik,Bahad Tewfik,bad teufik,,lion de~ la Danque Misr,manager,253
P00199,1938,Bahad Tewfik,Bahad Tewfik,bad teufik,,Marché des Céréales au Sahel de Rod El Farag,president,253
P00200,1938,Barl{aï Ben Zion,Barl{aï Ben Zion,barlai zion,,"Peltours, S. A. E",director,254
P00201,1938,"Bal""lœr A. H","Bal""lœr A. H",baloer,,Société Egyptienne de l'Industrie de Bonneterie,director,254
P00202,1938,Bat·ker,Bat·ker,batker,,"The Marconi Hadio Telegraph Co. of Egypt, S. A",president,254
P00202,1938,Bat·ker,Bat·ker,batker,,The rcw Egyptian Co,president,254
P00202,1938,Bat·ker,Bat·ker,batker,,Société Belge-Egyptienne de l'Ezb6kieh,president,254
P00202,1938,Bat·ker,Bat·ker,batker,,ational Contrading Co. of Egypt,president,254
P00202,1938,Bat·ker,Bat·ker,batker,,National Jnsurance Co,vice_president,254
P00202,1938,Bat·ker,Bat·ker,batker,,Tl1c rational Bank of Egypt,director,254
P00202,1938,Bat·ker,Bat·ker,batker,,"The Alexandria Watcr Co., Ud",director,254
P00202,1938,Bat·ker,Bat·ker,batker,,Filature ationule d'Egyptc,director,254
P00202,1938,Bat·ker,Bat·ker,batker,,Société Egyptienne de l'Industrie Textile el de la Société Egyptienne de la Bourse Commerciale de Minet El Bassal,director,254
P00203,1938,Barld Edouard,Barld Edouard,barld eduard,,elu Crédit,managing_director,254
P00204,1938,Ballino Elliott,Ballino Elliott,balino eliot,,"cl' Administration de "" Asatra », S. A. E",president,254
P00205,1938,Beattic Thomas,Beattic Thomas,beatik thomas,,"The Hinshelwood Paint & Oil Co. of Egypt, s.,\..E",vice_president,254
P00206,1938,Bégué Emile,Bégué Emile,begu emil,,Alcxandria & 1\.amleh Railway Co,managing_director,254
P00207,1938,Bchl'Cnd J. L,Bchl'Cnd J. L,bshl knd,,Hosctta & Alcxandria lUce Mills ct de Bchrcnd & Co. Ltcl,president,254
P00207,1938,Bchl'Cnd J. L,Bchl'Cnd J. L,bshl knd,,British Oil & Cake Mills Ltd,director,254
P00208,1938,Bella Alfl'cd,Bella Alfl'cd,bela alfl kd,,rlu Conseil d'Administration de la S.A.E. de l'Industrie Fibres Textiles,member,254
P00209,1938,Ben Asher Moïse,Ben Asher Moïse,asher mois,,Peltours. S.A.E,director,255
P00210,1938,Benachi Alexandre L,Benachi Alexandre L,benashi alexandr,,The Choremi l3enn.clli Cotton Co,managing_director,255
P00211,1938,Benachi Lucas Ant,Benachi Lucas Ant,benashi lukas ant,,"a ti on de The Simon At tz Stores, S.A.E",director,255
P00212,1938,Bendedi,Bendedi,bendedi,,The Simon Artz,director,255
P00213,1938,Bendel'li Simon,Bendel'li Simon,bendel li simon,,The Simon Artz,director,255
P00214,1938,Benoist B:uon Louis de,Benoist B:uon Louis de,benoist buon luis,,Société Générn.le des Sucrel'ies ct de la Raffinerie d'Egypte,director,255
P00214,1938,Benoist B:uon Louis de,Benoist B:uon Louis de,benoist buon luis,,ln. Société Générale Immobilière d'Egypte,director,255
P00214,1938,Benoist B:uon Louis de,Benoist B:uon Louis de,benoist buon luis,,lu S. A. des Eaux du Caire,director,255
P00215,1938,Besso Joseph M,Besso Joseph M,beso gosef,,"Commission Permanente pour la Filature, le Tissage el les lndttst7·ies annexes CLLL 1\linistère elu Commerce el Lle l'industrie",member,255
P00215,1938,Besso Joseph M,Besso Joseph M,beso gosef,,Usines Textiles Al-1\,director,255
P00215,1938,Besso Joseph M,Besso Joseph M,beso gosef,,elu Banco ltalo-Egiziano,general_manager,255
P00215,1938,Besso Joseph M,Besso Joseph M,beso gosef,,Tite Egyplian Sull & Soda Co. Ucl,member,255
P00215,1938,Besso Joseph M,Besso Joseph M,beso gosef,,Sociélé Financière el Industrielle d'Egypte cl de la United Egyplian Salt Llcl,member,255
P00216,1938,BoHon Halph Peter,BoHon Halph Peter,bon half peter,,"cl'Aclminislration de The Standard Oil Co. of Egypt, S.A",president,255
P00217,1938,Bomonti Cm't,Bomonti Cm't,bomonti km,,S.A. des Bières Bomonti & Pyramides,director,256
P00218,1938,Bordiet· Pierre,Bordiet· Pierre,bordiet pier,,Crédit Immobilier Suisse-Egyptien,president,256
P00219,1938,Bosiano Constantin,Bosiano Constantin,bosiano konstantin,,"Nilc Oil Co., S.A.E",member,256
P00220,1938,Bouchra Hanna Chal'les,Bouchra Hanna Chal'les,bushra hana shal les,,cl 'Administration de The Egyptian Delta Land & Investment Co,director,256
P00220,1938,Bouchra Hanna Chal'les,Bouchra Hanna Chal'les,bushra hana shal les,,cl 'Administration de The Egyptian Delta Land & Investment Co,council_member,256
P00221,1938,Boulle Léon,Boulle Léon,bul leon,,Alexandria & Ramlel1 Railways Co,director,256
P00221,1938,Boulle Léon,Boulle Léon,bul leon,,Tramways d'Alexandrie,director,256
P00222,1938,Bolll're Edouard,Bolll're Edouard,bol r eduard,,Land Dank of Egypt,director,256
P00222,1938,Bolll're Edouard,Bolll're Edouard,bol r eduard,,S.A. elu Béhéra,vice_president,256
P00222,1938,Bolll're Edouard,Bolll're Edouard,bol r eduard,,S.A. elu Béhéra,director,256
P00030,1938,Boyé Jean André,Boyé Jean André,boi gean andr,,Ecole Française cle Droit elu Ca.ire,manager,256
P00223,1938,Boyer P,Boyer P,boier,,Crédit Foncier Egyptien,president,256
P00223,1938,Boyer P,Boyer P,boier,,Crédit Foncier Egyptien,director,256
P00224,1938,Bmndt El'llsl,Bmndt El'llsl,bmndt lsl,,"Sociét6 de Ciment Portland de II6louan, S.A.E",member,256
P00225,1938,Brereton II. R,Brereton II. R,brereton i,,Crédit Agricole cl 'Egypte,liquidator,256
P00225,1938,Brereton II. R,Brereton II. R,brereton i,,Crédit Agricole cl 'Egypte,director,256
P00226,1938,Bridson IL,Bridson IL,bridson il,,clc Tilc Manmc Co. of Egypt,director,256
P00227,1938,Bt·mmer :Frédéric,Bt·mmer :Frédéric,btmer frederik,,"Danquc Belgect Internationale en Egypte, S.A.E",director,256
P00228,1938,Buchlea Constantin Dr,Buchlea Constantin Dr,bushlea konstantin dr,,"_'ile Oil Co., S.A.E",manager,256
P00228,1938,Buchlea Constantin Dr,Buchlea Constantin Dr,bushlea konstantin dr,,"_'ile Oil Co., S.A.E",director,256
P00229,1938,Hungenet· Alexand1·e,Hungenet· Alexand1·e,hungenet alexand,,Banque de l'Union Parisienne,vice_president,256
P00229,1938,Hungenet· Alexand1·e,Hungenet· Alexand1·e,hungenet alexand,,lion de la Banque d'Athènes (Mcmbre du Comité de Paris),director,256
P00230,1938,Burlet Charles de,Burlet Charles de,burlet sharles,,à Bruxelles de la Société Belge Egyptienne de l'Ezbékieh,managing_director,257
P00231,1938,Buxton Robert V,Buxton Robert V,buxton robert,,Anglo Egyptian Oilfields,director,257
P00232,1938,Cadéménos Stavros Me,Cadéménos Stavros Me,kademenos stavros m,,Ncur,director,257
P00233,1938,Caias Pantazi,Caias Pantazi,kaias pantazi,,Kal'r El Zayat Land Co,director,257
P00234,1938,Calambokidis A,Calambokidis A,kalambokidis,,The Associated Cotton Ginners,managing_director,257
P00235,1938,Callens Auguste,Callens Auguste,kalens august,,"Banque Belge et Intemationale en Egypte, S.A.E",president,257
P00236,1938,Campbell The Hon,Campbell The Hon,kampbel th hon,,"""é de la Marconi Radio Telegraph Co. of Egypt, S.A.E",managing_director,257
P00237,1938,Campos Amedgo,Campos Amedgo,kampos amedgo,,clc la S.A. Agricole et Industrielle d 'Egypte,president,257
P00033,1938,Campos Benvenuto,Campos Benvenuto,kampos benvenuto,,"General Society for Banking, Trading & Land Enterprises, S.A.E",member,257
P00034,1938,Campos Giuseppe,Campos Giuseppe,kampos giusep,,"General Society for Banking, Trading & Land Enterprises, S.A.E",director,257
P00238,1938,Campos Hans,Campos Hans,kampos hans,,The Gharbieh Land Co. (Résiùant à Londres),director,257
P00239,1938,Ca1·ter Robm1,Ca1·ter Robm1,kater robm,,The Aboul<ir Co,president,258
P00240,1938,Ca1·ton de Wiart Edmond Baron,Ca1·ton de Wiart Edmond Baron,katon uiart edmond baron,,"Comcil d'Administration de la Banque Belge et Internationale en Egypte, S.A.E",member,258
P00036,1938,Carver H. B,Carver H. B,karver,,Société Générale de Pressage cl de Dépôts,president,258
P00036,1938,Carver H. B,Carver H. B,karver,,Société Egyptienne de la Bourse Commerciale de Minet El Bassal,director,258
P00241,1938,Cassavetti Demetl'ious John,Cassavetti Demetl'ious John,kasaveti demetl ius gohn,,Commercial Bank of the Ncar East,director,258
P00242,1938,Castelletti,Castelletti,kasteleti,,Banco Italo-Egiziano,director,258
P00243,1938,Castro Charles V,Castro Charles V,kastro sharles,,The Engineering Co of Egypl,managing_director,258
P00244,1938,Casulli Jean N,Casulli Jean N,kasuli gean,,S.A.E. Immobilière cl' Alexandrie,director,258
P00245,1938,Casulli Michel S,Casulli Michel S,kasuli mishel,,The Gharbieh Ginning Co,president,258
P00245,1938,Casulli Michel S,Casulli Michel S,kasuli mishel,,Société Générale de Pressage,director,258
P00245,1938,Casulli Michel S,Casulli Michel S,kasuli mishel,,Dépôts,director,258
P00037,1938,Cattaui Aslan Bey,Cattaui Aslan,kataui aslan,bey,Gouvemement à la National Bank of Egypt,auditor,258
P00037,1938,Cattaui Aslan Bey,Cattaui Aslan,kataui aslan,bey,Union Foncière d'Egypte,delegate,258
P00037,1938,Cattaui Aslan Bey,Cattaui Aslan,kataui aslan,bey,The Egyptian Finance Co,delegate,258
P00037,1938,Cattaui Aslan Bey,Cattaui Aslan,kataui aslan,bey,The National Insurance Co. of Egypt,delegate,258
P00037,1938,Cattaui Aslan Bey,Cattaui Aslan,kataui aslan,bey,Société de Tissage et T1·icotage. S.A.E,delegate,258
P00037,1938,Cattaui Aslan Bey,Cattaui Aslan,kataui aslan,bey,"The Pharaonic Mail Lino, S.A.E",delegate,258
P00037,1938,Cattaui Aslan Bey,Cattaui Aslan,kataui aslan,bey,"Tlle Imperial Chemical Industries (Egypt), S.A",delegate,258
P00040,1938,Catlaui Emile,Catlaui Emile,katlaui emil,,Kafr el Zayat Collan Co,director,258
P00246,1938,Cattaui Hector de,Cattaui Hector de,kataui hektor,,Société des Chemins du Fer Ecneh-Assouan,managing_director,258
P00246,1938,Cattaui Hector de,Cattaui Hector de,kataui hektor,,"Société Egyptienne de Tuyaux, Poteaux cL Produits en Ciment Armé (Système SiegwarL.)",member,258
P00246,1938,Cattaui Hector de,Cattaui Hector de,kataui hektor,,Egyplian Land & Investmenl Cy,member,258
P00041,1938,S.E. Cattaui Joseph A. Pacha,Cattaui Joseph A.,kataui gosef,pasha,lu S.A. de\Vacli 1\.om Omho,president,259
P00041,1938,S.E. Cattaui Joseph A. Pacha,Cattaui Joseph A.,kataui gosef,pasha,Cie. Frigorifique cl'Egyple,president,259
P00041,1938,S.E. Cattaui Joseph A. Pacha,Cattaui Joseph A.,kataui gosef,pasha,lu S.A. desllulles Centrales d'EgypLe,president,259
P00041,1938,S.E. Cattaui Joseph A. Pacha,Cattaui Joseph A.,kataui gosef,pasha,nion Foncière d'Egypte,president,259
P00041,1938,S.E. Cattaui Joseph A. Pacha,Cattaui Joseph A.,kataui gosef,pasha,Société Foncière elu Domaine de Cheikh Fuell,president,259
P00041,1938,S.E. Cattaui Joseph A. Pacha,Cattaui Joseph A.,kataui gosef,pasha,S.A. des Cigm·eL Les Ciauaclis,president,259
P00041,1938,S.E. Cattaui Joseph A. Pacha,Cattaui Joseph A.,kataui gosef,pasha,S.A. des Eaux elu Caire,president,259
P00041,1938,S.E. Cattaui Joseph A. Pacha,Cattaui Joseph A.,kataui gosef,pasha,Société Générale des Suneries,president,259
P00041,1938,S.E. Cattaui Joseph A. Pacha,Cattaui Joseph A.,kataui gosef,pasha,Haffinel'ie cl'Egypte,president,259
P00042,1938,Cattaui René Bey,Cattaui René,kataui ren,bey,Société Royale d'Agriculture,director,259
P00042,1938,Cattaui René Bey,Cattaui René,kataui ren,bey,Traclor Co of Egypt,director,259
P00042,1938,Cattaui René Bey,Cattaui René,kataui ren,bey,Société Générale Immobilière d'EgypLe,director,259
P00042,1938,Cattaui René Bey,Cattaui René,kataui ren,bey,Société Egyptienne pour le Developpement et le Commerce des,director,259
P00247,1938,S.E. Chaaraoui Hassan Pacha,Chaaraoui Hassan,sharaui hasan,pasha,"Sté. Egyptienne des Industries Chimiques, S.A.E",director,259
P00248,1938,Chalom C,Chalom C,shalom,,Sidi Salem Co. of Egypt,director,259
P00248,1938,Chalom C,Chalom C,shalom,,Union Foncière d'Egypte,director,259
P00249,1938,Chale Charles Geoîh·ey,Chale Charles Geoîh·ey,shal sharles geoiei,,"Eastern Co, S.A.E",president,259
P00250,1938,Choremi Georges J,Choremi Georges J,shoremi georges,,The Choremi Benachi Cotton Co,director,259
P00251,1938,S.E. Choucri Mahmoud Pacha,Choucri Mahmoud,shukri mahmud,pasha,Crédit Agricole d'Egypte,president,260
P00251,1938,S.E. Choucri Mahmoud Pacha,Choucri Mahmoud,shukri mahmud,pasha,Crédit Agricole d'Egypte,managing_director,260
P00251,1938,S.E. Choucri Mahmoud Pacha,Choucri Mahmoud,shukri mahmud,pasha,Crédit Hypothécaire Agricole d'Egypte,president,260
P00251,1938,S.E. Choucri Mahmoud Pacha,Choucri Mahmoud,shukri mahmud,pasha,Crédit Hypothécaire Agricole d'Egypte,managing_director,260
P00251,1938,S.E. Choucri Mahmoud Pacha,Choucri Mahmoud,shukri mahmud,pasha,Société Egyptienne de Filature,president,260
P00251,1938,S.E. Choucri Mahmoud Pacha,Choucri Mahmoud,shukri mahmud,pasha,Tissage de Laine,president,260
P00251,1938,S.E. Choucri Mahmoud Pacha,Choucri Mahmoud,shukri mahmud,pasha,Banque Belge & Internationale en Egypte,vice_president,260
P00251,1938,S.E. Choucri Mahmoud Pacha,Choucri Mahmoud,shukri mahmud,pasha,Technique de la Nitrate Corporation of Chile Ltd. (Egypt & Near East Branch),adviser,260
P00046,1938,Christomanos Max,Christomanos Max,shristomanos max,,Banque d'Athènes à Alexandrie,manager,260
P00046,1938,Christomanos Max,Christomanos Max,shristomanos max,,The Gabbari Land Co,director,260
P00046,1938,Christomanos Max,Christomanos Max,shristomanos max,,"Building Lands of Egypt, Ltd, (En liquidation)",director,260
P00047,1938,CicUl'el David,CicUl'el David,sikul david,,"Alexandrin. Pressing Co, S.A.E",director,260
P00252,1938,Cicurel Elvira Mme,Cicurel Elvira Mme,sikurel elvira m,,Grands,director,260
P00253,1938,CicUl'cl J'oseph,CicUl'cl J'oseph,sikul kl osef,,Grands,president,260
P00253,1938,CicUl'cl J'oseph,CicUl'cl J'oseph,sikul kl osef,,Grands,director,260
P00254,1938,Clark G. H,Clark G. H,klark,,Caisse Hypothécaire d'Egypte,director,260
P00255,1938,Clarl< Henry,Clarl< Henry,klarl henri,,S.A. des Terrains Guizeh-Rodah,director,260
P00256,1938,Coconi Jean D,Coconi Jean D,kokoni gean,,Gharbieh Ginning Co,director,260
P00257,1938,Coen Edouard,Coen Edouard,koen eduard,,Industrie Meunière d'Alexandrie,managing_director,260
P00258,1938,Coen James,Coen James,koen games,,"Industrie,Meunière d'Alexandrie",managing_director,260
P00259,1938,Coen Maul'izio,Coen Maul'izio,koen maul izio,,Industrie Meunière d'Alexandrie,president,260
P00260,1938,Cogels Baron Jean,Cogels Baron Jean,kogels baron gean,,Caisse Hypothécaire d'Egypte,director,260
P00261,1938,Cohen Aaron,Cohen Aaron,koen aron,,"Maison d'Ameublement. B. Pontremoli, S.A.E",director,260
P00262,1938,Cohen Alîred N,Cohen Alîred N,koen alired,,Société d'Avances Commerciales,president,261
P00262,1938,Cohen Alîred N,Cohen Alîred N,koen alired,,Société d'Avances Commerciales,managing_director,261
P00263,1938,Cohen,Cohen,koen,,Anglo-Egyptian Oilfields,president,261
P00264,1938,Cohen Victot·,Cohen Victot·,koen viktot,,"Maison d'Ameublements B. Pontremoli, S.A.E",director,261
P00265,1938,Cohenca Monis,Cohenca Monis,koenka monis,,"Josy Film, S.A.E",director,261
P00265,1938,Cohenca Monis,Cohenca Monis,koenka monis,,"Philips Orient, S.A",managing_director,261
P00266,1938,Collier Henry Dewat·d,Collier Henry Dewat·d,kolier henri deuatd,,Société California Texas des Pétroles,director,261
P00267,1938,Constant Benjamin,Constant Benjamin,konstant bengamin,,ear Ea t,president,261
P00268,1938,Constant,Constant,konstant,,Near East,director,261
P00269,1938,Constantinescu Michel Ingénicut·,Constantinescu Michel Ingénicut·,konstantinesku mishel ingenikut,,"Nile Oil Co., S.A.E",vice_president,261
P00270,1938,Constantinidis Emile,Constantinidis Emile,konstantinidis emil,,S.A. des Immeubles d'Egypte,director,261
P00271,1938,S.E. Conti Ettore,Conti Ettore,konti etor,,Banca Commerciale Italiana per l'Egitto,director,261
P00272,1938,Cossery Edouard Bey,Cossery Edouard,koseri eduard,bey,"Société Egyptienne pour l'Exploitation de Mines et Carrières, S.A.E",director,261
P00273,1938,CI·ame1·-Robm·ts F. W,CI·ame1·-Robm·ts F. W,siam robmts,,"The Egyptian Works & Construction Co., S.A.E",director,261
P00274,1938,S.E. Crespi Silvio,Crespi Silvio,krespi silvio,,Banca Commerciale Italiana per l'Egitto,president,261
P00275,1938,Critchley T.A.F,Critchley T.A.F,kritshlei,,The Cairo Electric Railways & Heliopolis Oases Co,vice_president,261
P00275,1938,Critchley T.A.F,Critchley T.A.F,kritshlei,,The Cairo Electric Railways & Heliopolis Oases Co,director,261
P00275,1938,Critchley T.A.F,Critchley T.A.F,kritshlei,,S.A. des Chemins de Fer de la Basse Egypte,vice_president,261
P00275,1938,Critchley T.A.F,Critchley T.A.F,kritshlei,,S.A. des Chemins de Fer de la Basse Egypte,director,261
P00276,1938,Curie! Elie M,Curie! Elie M,kuri eli,,"Banque Mosséri, S.A.E",managing_director,261
P00277,1938,Curie! Maurice E,Curie! Maurice E,kuri mauris,,"Maison Mosseri, Curie! & Co",partner,261
P00277,1938,Curie! Maurice E,Curie! Maurice E,kuri mauris,,"The Tractor Cy. of Egypt, S.A.E",director,261
P00278,1938,Dabbah Maut·icc,Dabbah Maut·icc,dabah mautik,,The Anglo-Amc rican Tilc & Toul'isl Co,member,262
P00278,1938,Dabbah Maut·icc,Dabbah Maut·icc,dabah mautik,,S.A. Agricole ct Indus1ricllc d'Egyple ct clc la S.A. de Ntwigaliun Flm iule ct des Bateaux Onmibus,member,262
P00279,1938,Davis T.A,Davis T.A,davis,,"Maison Anderson, Clüylon & Co",manager,262
P00279,1938,Davis T.A,Davis T.A,davis,,"The Nile Ginning Co., S.A.E",president,262
P00280,1938,Delany,Delany,delani,,The Egyptian IIoLels Ud,director,262
P00280,1938,Delany,Delany,delani,,The Uppe1· Egypt Hotels Co,director,262
P00281,1938,Dclaquis René,Dclaquis René,dklakuis ren,,The Eleclricity & lee Supply Co,director,262
P00282,1938,Deleuze C,Deleuze C,deleuz,,S.A. d'Irrigation de Baliana eL de la Société Egyptienne d'Irrigation,director,262
P00283,1938,Dcliyanni Basile,Dcliyanni Basile,dkliani basil,,Conseil d'Administration de la Banque d'Athènes,member,262
P00284,1938,Dcllaporta Byron G,Dcllaporta Byron G,dklaporta biron,,"Alexandria Commercial Co., S.A.E",vice_president,262
P00284,1938,Dcllaporta Byron G,Dcllaporta Byron G,dklaporta biron,,S.A.E. d'Egrenage,managing_director,262
P00284,1938,Dcllaporta Byron G,Dcllaporta Byron G,dklaporta biron,,Enil'ep()Ls,managing_director,262
P00284,1938,Dcllaporta Byron G,Dcllaporta Byron G,dklaporta biron,,S.A. Immobilière des Terrains Guizell n.odall,director,262
P00284,1938,Dcllaporta Byron G,Dcllaporta Byron G,dklaporta biron,,S.A. des Presses Libres Egyptiennes,director,262
P00285,1938,Det·vieu P,Det·vieu P,detvieu,,S.A. des Monts de Piété Egyptiens. (l~ésidant à Paris),president,262
P00286,1938,Deslt'ée René,Deslt'ée René,deslt ren,,"cl' ,\dminislralion de la Banque Belge et Intemalionale en Egypte, S.A.E",council_member,262
P00287,1938,Diacono Ileclot· V,Diacono Ileclot· V,diakono ileklot,,"i\nglo-Amel'ican ?'-l""ile & Tourist Co",delegate,262
P00287,1938,Diacono Ileclot· V,Diacono Ileclot· V,diakono ileklot,,"i\nglo-Amel'ican ?'-l""ile & Tourist Co",general_manager,262
P00288,1938,Diucono R. O,Diucono R. O,diukono,,Anglo-American Nilo & TourisL Co,president,263
P00288,1938,Diucono R. O,Diucono R. O,diukono,,lu Société de Navigation Fluviale cL des Bateaux Omnibus,president,263
P00289,1938,Dierman Piel'l'c,Dierman Piel'l'c,dierman piel,,"Usinrs Textiles Al-Knllira, S.,\.E",vice_president,263
P00290,1938,Dol'l'a Jacques,Dol'l'a Jacques,dol gakues,,Société Egyptienne de l'Industrie de Bonneterie,director,263
P00291,1938,Dubanc Joseph Me,Dubanc Joseph Me,dubank gosef m,,"Société Egyptienne des Industries Chimiques, S. A.E",director,263
P00292,1938,Dubied Pierre,Dubied Pierre,dubied pier,,Société Egyptienne de Ciment Porlland,director,263
P00293,1938,Dulœs Et·ic,Dulœs Et·ic,duloes etik,,S.A. Immobilière des Terrains Guizch-Hoclnll el Aclministmleur de The Alexandria Commercial Co,delegate,263
P00294,1938,S.E. EHiatoun Mohamcd Pacha,EHiatoun Mohamcd,eiatun moamkd,pasha,"elu Con cil d'Administrationcle The l\lcnzuleil Canal & ~avigalion Co., S.A.E",member,263
P00295,1938,Eicl Raymond,Eicl Raymond,eikl raimond,,S.A. des Monts cie,director,263
P00296,1938,Eliasco C. J,Eliasco C. J,eliasko,,Banque d'Athènes,general_manager,264
P00296,1938,Eliasco J. C,Eliasco J. C,eliasko,,Banque d'Athènes,president,264
P00296,1938,Eliasco J. C,Eliasco J. C,eliasko,,Banque d'Athènes,general_manager,264
P00297,1938,Le Caire,Le Caire,l kair,,"Société de Ciment Portland de Hélouan, S.A.E",member,264
P00297,1938,Le Caire,Le Caire,l kair,,"Carrier-Egypt, S.A.E",managing_director,264
P00297,1938,Le Caire,Le Caire,l kair,,"Carrier-Egypt, S.A.E",president,264
P00297,1938,Le Caire,Le Caire,l kair,,Stanclsrd Oil Co. of Egypt,director,264
P00297,1938,Le Caire,Le Caire,l kair,,"Misr Concrete Development Cy., S.A.E",director,264
P00298,1938,Eloui Mme Elisabeth,Eloui Mme Elisabeth,elui m elisabeth,,Carricr,director,264
P00299,1938,Général de la Misr Airwork,Général de la Misr Airwork,general la misr airuork,,Misr,director,264
P00300,1938,El Sayed Abdel Rahman Bey,El Sayed Abdel Rahman,saied abdel rahman,bey,"Fabrique des Produits Chimiques, S.A.E",president,264
P00301,1938,El-Toukhy Abdel Baki Taha,El-Toukhy Abdel Baki Taha,tukhi abdel baki ta,,"Toukhy's Co. for Sundries and Toys, S.A.E",director,264
P00302,1938,El-Toul hy Abdel Fattah Taha,El-Toul hy Abdel Fattah Taha,tul hi abdel fatah ta,,"Toul<hy's Co. for Sundl'ies and Toys, S.A.F",director,264
P00303,1938,EI-Toukhy El Sayed Ahmed,EI-Toukhy El Sayed Ahmed,ei tukhi saied ahmed,,"Toukhy's Co. for Sundries & Toys, S.A.E",director,264
P00304,1938,EI-Tould1y Hassan Ahmed,EI-Tould1y Hassan Ahmed,ei tuldi hasan ahmed,,"Toukhy's Co. for Sundries & Toys, S.A.E",president,264
P00304,1938,EI-Tould1y Hassan Ahmed,EI-Tould1y Hassan Ahmed,ei tuldi hasan ahmed,,"Toukhy's Co. for Sundries & Toys, S.A.E",managing_director,264
P00305,1938,EI-Toukhy Mohamed Ahmed,EI-Toukhy Mohamed Ahmed,ei tukhi moamed ahmed,,"Toukhy's Co. for Sundries and Toys, S.A.E",director,264
P00306,1938,El-Toul hy Taha Ahmed,El-Toul hy Taha Ahmed,tul hi ta ahmed,,"Toukhy's Co. for Sundries & Toys, S.A.E",director,264
P00307,1938,El Zayat,El Zayat,zaiat,,"Toukhy's Co. for Sundries & Toys, S.A.E",vice_president,264
P00308,1938,Empain M. le Bar-on Jean,Empain M. le Bar-on Jean,empain l bar on gean,,The Cairo Electl'ic Railways & Heliopolis Oases Co,president,264
P00308,1938,Empain M. le Bar-on Jean,Empain M. le Bar-on Jean,empain l bar on gean,,The African Enterprise &,president,264
P00309,1938,Empain M. le Baron Louis,Empain M. le Baron Louis,empain l baron luis,,nombreuses sociétés belges et étrangères,director,265
P00310,1938,Empedocles Gregory,Empedocles Gregory,empedokles gregori,,Commercial Bank of the Near East,director,265
P00311,1938,S.E. Enan Saleh Pacha,Enan Saleh,enan saleh,pasha,"Société de Ciment Portland de Hélouan, S.A.E",director,265
P00311,1938,S.E. Enan Saleh Pacha,Enan Saleh,enan saleh,pasha,Sociétécc Egyptian Cement Products »,director,265
P00312,1938,Epaulat·d P,Epaulat·d P,epaulatd,,Agence du Crédit Lyonnais à Alexandrie,manager,265
P00312,1938,Epaulat·d P,Epaulat·d P,epaulatd,,Société Immobilière d'Alexandrie,director,265
P00313,1938,El'fan Mohamed Bey,El'fan Mohamed,fan moamed,bey,The Egyptian Enterprise & Development Co,director,265
P00314,1938,El'l'era Isaac,El'l'era Isaac,era isak,,Salonica Cigarette Co,director,265
P00314,1938,El'l'era Isaac,El'l'era Isaac,era isak,,Fédération des Industries du Tabac,vice_president,265
P00315,1938,Bassal,Bassal,basal,,Plage de Sahel,manager,265
P00316,1938,El Borollos,El Borollos,borolos,,Société des Autobus de Béhéra,director,265
P00316,1938,El Borollos,El Borollos,borolos,,Gharbieh,director,265
P00317,1938,Eslabt•ool{ Edward Lewis,Eslabt•ool{ Edward Lewis,eslabtol eduard leuis,,"The Standard Oil Co. of Egypt, S,A",director,265
P00318,1938,Eugenicli E,Eugenicli E,eugenikli,,Banquecl' Athènes,director,265
P00319,1938,Eves II. B. Heath,Eves II. B. Heath,eves i heath,,Anglo-Egyptian Oilfields,director,265
P00320,1938,Exbrayal,Exbrayal,exbraial,,Banque de l'Union Parisienne,director,265
P00320,1938,Exbrayal,Exbrayal,exbraial,,Banque d'Athènes,vice_president,265
P00320,1938,Exbrayal,Exbrayal,exbraial,,Comité de Parisùe la Banque d'Athènes),president,265
P00321,1938,Ezri Emmanuel,Ezri Emmanuel,ezri emanuel,,ln Société des Biens de Rapport cl' Egypte,director,265
P00321,1938,Ezri Emmanuel,Ezri Emmanuel,ezri emanuel,,ln Société des Biens de Rapport cl' Egypte,manager,265
P00322,1938,S.E. Fahmi Gallini l~acha,Fahmi Gallini l~acha,fahmi galini lasha,,Crédit Agricole cL du CrédiL llypoLhécaim Egyptien,director,266
P00322,1938,S.E. Fahmi Gallini l~acha,Fahmi Gallini l~acha,fahmi galini lasha,,Société CopLe de Bienfaisance cL de l'IlOpilal Copte,member,266
P00323,1938,S.E. Faklll'i Mahmoud Pacha,Faklll'i Mahmoud,fakl mahmud,pasha,Adn1inisLraiion de The Cairo Elcclric Hailways & Heliopolis Oascs Co. cL de la S.A. des Eaux du Caire,council_member,266
P00324,1938,Fannc•· William Rogm·s,Fannc•· William Rogm·s,fank uiliam rogms,,The General AcciclcnL Fire & Lifc Assurance Corp. Lld,member,266
P00325,1938,Fa•·ahat Vila,Fa•·ahat Vila,fat vila,,"\dminisLraLion de la S.E. des Tuyaux, PoLcaux ct ProduiLs en Ciment Armé ct dr la Banque i\Iosscri, S. A. E",member,266
P00326,1938,Fat·ghaly,Fat·ghaly,fatghali,,AdwinisLrution de lu S. A. des Presses Libres Egyplie11ncs,council_member,266
P00326,1938,Fat·ghaly,Fat·ghaly,fatghali,,S.A. des Tcnes Hn1·cs d'Egypte,council_member,266
P00326,1938,Fat·ghaly,Fat·ghaly,fatghali,,EgypLian Public \\'orks Co,council_member,266
P00326,1938,Fat·ghaly,Fat·ghaly,fatghali,,Compagnie C<'nérnlc Egypiiennc des PéLmlrs (Cogcp),council_member,266
P00327,1938,Fcndcl'l Hugo,Fcndcl'l Hugo,fkndkl hugo,,"elu Co11seil d',\clminislntlion de lo S.A. des Prcs.-cs Libres Eg~·pticunes",vice_president,266
P00328,1938,Fcn·o J. H,Fcn·o J. H,fkno,,SociéLé des PublicaLions Egyptiennes,delegate,266
P00329,1938,"Feyel""ick Jacques","Feyel""ick Jacques",feielik gakues,,Caisse Hypothécaire d'Egypte,director,267
P00058,1938,Finney Harold E,Finney Harold E,finei harold,,S.A. des Presses Libres Egyptiennes,director,267
P00058,1938,Finney Harold E,Finney Harold E,finei harold,,S.E. des Terrains Glüzeh-Rodah,director,267
P00058,1938,Finney Harold E,Finney Harold E,finei harold,,Alexandria Commercial Co,director,267
P00059,1938,Finney Oswald,Finney Oswald,finei osuald,,Alexandria Commercial Co,president,267
P00059,1938,Finney Oswald,Finney Oswald,finei osuald,,S. A. des Presses Libres Egyptiennes,president,267
P00059,1938,Finney Oswald,Finney Oswald,finei osuald,,S.A. Immobilière des Terrains Guizch Rodah,president,267
P00059,1938,Finney Oswald,Finney Oswald,finei osuald,,S.E. d'Egrenage,president,267
P00059,1938,Finney Oswald,Finney Oswald,finei osuald,,Entrep6ls,president,267
P00059,1938,Finney Oswald,Finney Oswald,finei osuald,,do l'Union Alexandrine,vice_president,267
P00059,1938,Finney Oswald,Finney Oswald,finei osuald,,Filature Nationale cl'Egyplc,vice_president,267
P00059,1938,Finney Oswald,Finney Oswald,finei osuald,,Société Egyptienne de la Bourse Commerciale de Minet El nassal,vice_president,267
P00059,1938,Finney Oswald,Finney Oswald,finei osuald,,"Constructions Modernes, S. A. E",vice_president,267
P00059,1938,Finney Oswald,Finney Oswald,finei osuald,,Société des Produits Centrifugés en Ciment (Stac),vice_president,267
P00060,1938,Fitzgei·ald Francis,Fitzgei·ald Francis,fitzgeiald fransis,,Anglo-Belgian Co,president,267
P00060,1938,Fitzgei·ald Francis,Fitzgei·ald Francis,fitzgeiald fransis,,The Fayoum Light Railways Co,vice_president,267
P00061,1938,Foster G. C,Foster G. C,foster,,S. . du Béhéra,managing_director,267
P00330,1938,F1·asm· William,F1·asm· William,fasm uiliam,,Anglo-Egyptio.n Oilfields,director,267
P00063,1938,Fumaroli,Fumaroli,fumaroli,,"Gérance Immobilière, S.A.E",president,267
P00063,1938,Fumaroli,Fumaroli,fumaroli,,Modern Buildings,president,267
P00063,1938,Fumaroli,Fumaroli,fumaroli,,GaJJIJo.ri Land Co. ct de la S.A. de Nettoyage ct Pressage de Coton,director,267
P00331,1938,Ga1·boua Emile,Ga1·boua Emile,gabua emil,,Société Franco,director,267
P00332,1938,Ga•·nou•· Gab!'icl,Ga•·nou•· Gab!'icl,ganu gab ikl,,Société Texas,director,267
P00333,1938,Gclal'Ciin Jacques,Gclal'Ciin Jacques,gklal sin gakues,,lu Société Cotonnière d'Egypte,director,267
P00334,1938,Gr·ego Oscal',Gr·ego Oscal',grego oskal,,"Industrie des Fibres Textiles, S.A.E",managing_director,268
P00067,1938,Gasche Linus,Gasche Linus,gash linus,,Filature 1ationale d'Egypte,managing_director,268
P00067,1938,Gasche Linus,Gasche Linus,gash linus,,Société Egyptienne des Industries Textiles,managing_director,268
P00067,1938,Gasche Linus,Gasche Linus,gash linus,,Société Egyptienne des Industries de Bonneterie,managing_director,268
P00067,1938,Gasche Linus,Gasche Linus,gash linus,,Société Egyptienne de Tissage et Tricotage,director,268
P00067,1938,Gasche Linus,Gasche Linus,gash linus,,ComptoiJ' pour la Vente des Filés Egyptiens,director,268
P00067,1938,Gasche Linus,Gasche Linus,gash linus,,Société Anonyme Egyptienne (( Carba »,director,268
P00067,1938,Gasche Linus,Gasche Linus,gash linus,,The Egyptian Copper Works,director,268
P00335,1938,Gautier Charles,Gautier Charles,gautier sharles,,Crédit Immobilier Suisse-Egyptien,director,268
P00336,1938,Geisenberget· Piene,Geisenberget· Piene,geisenberget pien,,S.A. des Bières Bomonti & Pyramides,managing_director,268
P00337,1938,Ghali Youssef Boutros Bey,Ghali Youssef Boutros,ghali iusef butros,bey,cl 'Administration de The Gharbieh Land Co,council_member,268
P00338,1938,Ghazi Maht·ous Mohamed,Ghazi Maht·ous Mohamed,ghazi mahtus moamed,,"Toul<hy's Co. for Sundries & Toys, S.A.E",director,268
P00339,1938,Ghazi Moustapha Ramet,Ghazi Moustapha Ramet,ghazi mustafa ramet,,"cl 'Administration de la Toukhy's Co. for Sundries & Toys, S.A.E. Giannotl.i, VitlO!'io, Commandeur de la Couronne d'Italie",council_member,268
P00339,1938,Ghazi Moustapha Ramet,Ghazi Moustapha Ramet,ghazi mustafa ramet,,Société Egyptienne des Pétroles (S.A.E.),managing_director,268
P00339,1938,Ghazi Moustapha Ramet,Ghazi Moustapha Ramet,ghazi mustafa ramet,,National Petroleum Co,managing_director,268
P00339,1938,Ghazi Moustapha Ramet,Ghazi Moustapha Ramet,ghazi mustafa ramet,,Société Delta (Società Edile Egiziana),president,268
P00339,1938,Ghazi Moustapha Ramet,Ghazi Moustapha Ramet,ghazi mustafa ramet,,Sociél6 des Terres Rares d'Egypte,director,268
P00069,1938,Goal' Edwin N. J,Goal' Edwin N. J,goal eduin,,"cle la Communauté Israélite d'il/exandJ""ie",vice_president,268
P00069,1938,Goal' Edwin N. J,Goal' Edwin N. J,goal eduin,,Tl1e Alexandria Insurance Co,director,268
P00340,1938,Godbcr· Fr·cdcricl<,Godbcr· Fr·cdcricl<,godbkr frkdkrikl,,Anglo-Egyptian Oilfields,director,268
P00341,1938,Golding Chal'lcs Mc,Golding Chal'lcs Mc,golding shal lks mk,,"Trading& Industrial Corp., S.A.E",director,268
P00342,1938,Goulène G,Goulène G,gulen,,Société des Publications Egyptiennes,president,268
P00343,1938,Grassi Gr. Uff. Carlo,Grassi Gr. Uff. Carlo,grasi gr uf karlo,,The Anglo-American Nile & Tourist Co,director,268
P00343,1938,Grassi Gr. Uff. Carlo,Grassi Gr. Uff. Carlo,grasi gr uf karlo,,The United Egyptian Nile Transport Co,director,268
P00344,1938,Grassi. Stanislas,Grassi. Stanislas,grasi stanislas,,Technique de la Salonica Cigarette Co .. S. A. E,director,269
P00345,1938,Gt·assi Ugo Oott,Gt·assi Ugo Oott,gtasi ugo ot,,"Salonica Cigarette Co., S. A. E",managing_director,269
P00346,1938,Gt·asso Oscar· Rag,Gt·asso Oscar· Rag,gtaso oskar rag,,"Société Egyptienne pour l'ExploiLation de Mines cL Carrières, S.A.E",managing_director,269
P00347,1938,Gt·eenhalgh Thomas,Gt·eenhalgh Thomas,gtenhalgh thomas,,"The Engineering Co. of Egypt, S. A. E",director,269
P00348,1938,Gt·egusci G,Gt·egusci G,gtegusi,,Société Générale de Pressage el de Dépôts,director,269
P00349,1938,Gdmpt·el Maui'Ïce,Gdmpt·el Maui'Ïce,gdmptel maui is,,""" Nationale n, Société Anonymecl'Assun",manager,269
P00349,1938,Gdmpt·el Maui'Ïce,Gdmpt·el Maui'Ïce,gdmptel maui is,,Réunion des Compagnies d'Assumnces sur la Vic,president,269
P00349,1938,Gdmpt·el Maui'Ïce,Gdmpt·el Maui'Ïce,gdmptel maui is,,Union Syndicale des Compagnies d'Assurances à p1 imes fixes de toutenature,president,269
P00349,1938,Gdmpt·el Maui'Ïce,Gdmpt·el Maui'Ïce,gdmptel maui is,,"« Al-Chark » (L'Orient), Société Anonyme Egyptienne cl' Assurances sur la Vie",director,269
P00350,1938,Groppi A,Groppi A,gropi,,J'Industrie du Froid,director,269
P00350,1938,Groppi J,Groppi J,gropi,,Industrie du Froid,president,269
P00351,1938,Gueziri Ot·,Gueziri Ot·,gueziri ot,,Industrie Meunlcn· cl' Alexandrie,director,269
P00352,1938,Guit·guis Elias,Guit·guis Elias,guitguis elias,,"Société des,'\.utobus de l3éhém el de Ghmbiell",director,269
P00353,1938,Guirguis NassH EH,Guirguis NassH EH,guirguis nash eh,,Société des Omnibus de Fayoum,member,269
P00354,1938,Guisberg Richar·d,Guisberg Richar·d,guisberg rishard,,"Pcltoms, S. A. E",director,269
P00355,1938,Hahnlose•· 0•·. Emile,Hahnlose•· 0•·. Emile,hahnlos emil,,The Elcctric,president,269
P00355,1938,Hahnlose•· 0•·. Emile,Hahnlose•· 0•·. Emile,hahnlos emil,,RoseL ta & Alexan d ria Hice Mills,delegate,269
P00355,1938,Hahnlose•· 0•·. Emile,Hahnlose•· 0•·. Emile,hahnlos emil,,RoseL ta & Alexan d ria Hice Mills,director,269
P00356,1938,Halim Mot·aan EH,Halim Mot·aan EH,halim motan eh,,lu Khedivial Mail Slcamship & Graving Docks Co. Ltcl. i7,council_member,269
P00356,1938,Halim Mot·aan EH,Halim Mot·aan EH,halim motan eh,,lu Khedivial Mail Slcamship & Graving Docks Co. Ltcl. i7,president,269
P00357,1938,Hanan Victot•,Hanan Victot,hanan viktot,,"S.E. de Tuyaux, Poteaux et Produits en Ciment Armé (Système Siegwart)",managing_director,270
P00357,1938,Hanan Victot•,Hanan Victot,hanan viktot,,Société Franco-Egyptienne d'Importation,director,270
P00357,1938,Hanan Victot•,Hanan Victot,hanan viktot,,Succession Léon de I-Ielller,director,270
P00358,1938,Hanna Mina,Hanna Mina,hana mina,,"Trading & Industrial Corp., S.A.E",member,270
P00359,1938,S.E. Sir Harat•i Victot· Pacha,Sir Harat•i Victot·,sir harati viktot,pasha,dlf Conseil d'Administration de la Société Générale des Sucreries,president,270
P00359,1938,S.E. Sir Harat•i Victot· Pacha,Sir Harat•i Victot·,sir harati viktot,pasha,Raffinerie d'Egypte,president,270
P00359,1938,S.E. Sir Harat•i Victot· Pacha,Sir Harat•i Victot·,sir harati viktot,pasha,National Bank of Egypt,director,270
P00359,1938,S.E. Sir Harat•i Victot· Pacha,Sir Harat•i Victot·,sir harati viktot,pasha,Société Générale Immobilière d'Egypte,director,270
P00360,1938,S.E. Harb Mohamed Talaat Pacha,Harb Mohamed Talaat,harb moamed talat,pasha,Banque Misr,vice_president,270
P00360,1938,S.E. Harb Mohamed Talaat Pacha,Harb Mohamed Talaat,harb moamed talat,pasha,Banque Misr,managing_director,270
P00360,1938,S.E. Harb Mohamed Talaat Pacha,Harb Mohamed Talaat,harb moamed talat,pasha,"toutes les Entreprises Misr, financières, commerciales et industrielles, fondées par la Banque Misr en Egypte et à l'étranger",vice_president,270
P00360,1938,S.E. Harb Mohamed Talaat Pacha,Harb Mohamed Talaat,harb moamed talat,pasha,"toutes les Entreprises Misr, financières, commerciales et industrielles, fondées par la Banque Misr en Egypte et à l'étranger",managing_director,270
P00360,1938,S.E. Harb Mohamed Talaat Pacha,Harb Mohamed Talaat,harb moamed talat,pasha,Société Foncière d'Egypte,managing_director,270
P00360,1938,S.E. Harb Mohamed Talaat Pacha,Harb Mohamed Talaat,harb moamed talat,pasha,Crédit Foncier Egyptien,director,270
P00360,1938,S.E. Harb Mohamed Talaat Pacha,Harb Mohamed Talaat,harb moamed talat,pasha,Société Egyptienne de la 13ourse Commerciale de Minet El Bassal,director,270
P00360,1938,S.E. Harb Mohamed Talaat Pacha,Harb Mohamed Talaat,harb moamed talat,pasha,Rosetta & Alexandria Riec Mills,director,270
P00360,1938,S.E. Harb Mohamed Talaat Pacha,Harb Mohamed Talaat,harb moamed talat,pasha,Assicurazioni Generali (Trieste),director,270
P00361,1938,Jlare Commander F. T,Jlare Commander F. T,glar komander,,The Egyptian General Omnibus Co,director,270
P00362,1938,Ilarmant Eugène,Ilarmant Eugène,ilarmant eugen,,The Cairo Electric Railways & Heliopolis Oascs Co,director,270
P00363,1938,Hasda A,Hasda A,hasda,,The Egyptian'1\Œotor Transport Co,president,270
P00363,1938,Hasda A,Hasda A,hasda,,The Egyptian'1\Œotor Transport Co,member,270
P00364,1938,S.E. Hassan Hafez Pacha,Hassan Hafez,hasan hafez,pasha,"Misr Concrete Developmcnt Cy., S.J\..E",president,270
P00364,1938,S.E. Hassan Hafez Pacha,Hassan Hafez,hasan hafez,pasha,The Elcdrit,director,270
P00365,1938,Ciment Pmlland Tourah,Ciment Pmlland Tourah,siment pmland turah,,S.A. des Chemins de I• er de la 13assc-Egypte ct de la S.A. des Tramways du Caire,member,270
P00365,1938,Ciment Pmlland Tourah,Ciment Pmlland Tourah,siment pmland turah,,S.A. des Chemins de I• er de la 13assc-Egypte ct de la S.A. des Tramways du Caire,director,270
P00366,1938,Ilegener Th. M,Ilegener Th. M,ilegener th,,Société Belge-Egyptienne de l' Ezbékieh,vice_president,271
P00367,1938,Helier Edouard de~,Helier Edouard de~,helier eduard d,,Société,director,271
P00368,1938,Henkart Raoul,Henkart Raoul,henkart raul,,Usines Textiles Al-Kahira,director,271
P00369,1938,Ililal Léonidas Gamil,Ililal Léonidas Gamil,ililal leonidas gamil,,"The Sheffield Smelting Co. (Egypt), S.A.E",director,271
P00370,1938,Ililali Ahmecl Naguib Bey,Ililali Ahmecl Naguib,ililali ahmekl naguib,bey,"National Ginning Co. of Egypt, S.A.E",director,271
P00371,1938,Ilit·sh Siegmund,Ilit·sh Siegmund,ilitsh siegmund,,"The Egyptian Coppcr\Vorks, S.A.E",managing_director,271
P00372,1938,Jlochart Mam·ice,Jlochart Mam·ice,gloshart mamis,,"tt Al-Chark n(L'Orient), S.A.E. d'Assumnces sur la Vic",director,271
P00373,1938,Hoet·ni Robm·t,Hoet·ni Robm·t,hoetni robmt,,Crédit Immobilier Suisse-Egyptien,director,271
P00374,1938,Home Sit· John Ba1·t,Home Sit· John Ba1·t,hom sit gohn bat,,Grands II6tels d'Egypte,president,271
P00374,1938,Home Sit· John Ba1·t,Home Sit· John Ba1·t,hom sit gohn bat,,S.A. des Cllemms de fer 1\.éneh-Assouan,president,271
P00374,1938,Home Sit· John Ba1·t,Home Sit· John Ba1·t,hom sit gohn bat,,The Egyptian Ilotcls,president,271
P00374,1938,Home Sit· John Ba1·t,Home Sit· John Ba1·t,hom sit gohn bat,,The National J3ank of Egypt ct de The National Insurance Co,president,271
P00375,1938,Horne F. J,Horne F. J,horn,,Société des Publications Egyptiennes,president,271
P00375,1938,Horne F. J,Horne F. J,horn,,Société des Publications Egyptiennes,managing_director,271
P00375,1938,Horne F. J,Horne F. J,horn,,Société des Publications Egyptiennes,director,271
P00376,1938,Huber Osca1· Com. Ing,Huber Osca1· Com. Ing,huber oska kom ing,,"ln Commercial Bank of Egypt. lsmalun, René, Ingénieur ,tgronome, l.N .. \",director,272
P00376,1938,Huber Osca1· Com. Ing,Huber Osca1· Com. Ing,huber oska kom ing,,"Consu/lalil du. Ministr'rc cie l',lgrictilturc",council_member,272
P00376,1938,Huber Osca1· Com. Ing,Huber Osca1· Com. Ing,huber oska kom ing,,'aLion de la Société r\nonyme des Bières Bomonti & Pymmiclcs,president,272
P00376,1938,Huber Osca1· Com. Ing,Huber Osca1· Com. Ing,huber oska kom ing,,"Société "" Phal'os »",president,272
P00376,1938,Huber Osca1· Com. Ing,Huber Osca1· Com. Ing,huber oska kom ing,,The New Egyplian Coy,president,272
P00376,1938,Huber Osca1· Com. Ing,Huber Osca1· Com. Ing,huber oska kom ing,,S.A. des Chemins de Fer de la Basse-Egyptc,president,272
P00376,1938,Huber Osca1· Com. Ing,Huber Osca1· Com. Ing,huber oska kom ing,,lion de la Banque Belge ct lntcmnlionalc en Egyple,director,272
P00377,1938,Izzet Abdullah,Izzet Abdullah,izet abdulah,,"\dminisLralion du Banco llalo Egiziano. ,Ja",council_member,272
P00377,1938,Izzet Abdullah,Izzet Abdullah,izet abdulah,,Cuisse IIypoll1écuirc d'Egyplc,president,272
P00377,1938,Izzet Abdullah,Izzet Abdullah,izet abdulah,,Cuisse IIypoll1écuirc d'Egyplc,delegate,272
P00377,1938,Izzet Abdullah,Izzet Abdullah,izet abdulah,,Con cil d'Adminislnllion de ln Banque Dclgc eL Inlernalionale en Egyplc,member,272
P00378,1938,Jacot-Descombcs J.G,Jacot-Descombcs J.G,gakot deskombks,,"The Sl1cfficld Smelling Co. (Egypt), S.A.K",director,272
P00379,1938,K:-u·am Edouanl,K:-u·am Edouanl,k uam eduanl,,cl 'Administration de The Commercial & E,president,273
P00379,1938,K:-u·am Edouanl,K:-u·am Edouanl,k uam eduanl,,lu Société Egyptienne cl 'Eu trcp1-iscs Urbailws ct Rumlcs,president,273
P00379,1938,K:-u·am Edouanl,K:-u·am Edouanl,k uam eduanl,,Alexandria lnsumncc Co,president,273
P00380,1938,Kennedy Geor·ge Er·nest,Kennedy Geor·ge Er·nest,kenedi georg ernest,,cl'Aclministralion de la Société Colifomia Texas des Pétroles,member,273
P00381,1938,J Jmil'i Hassan Bey,J Jmil'i Hassan,gmil hasan,bey,clc la S.A. des Halles Centrales cl'Egyple,member,273
P00382,1938,IHoul'i Joseph,IHoul'i Joseph,iul gosef,,Société des Omnibus de Fayoum,director,273
P00383,1938,Kfomi Philippe,Kfomi Philippe,kfomi filip,,Société des Omnibus de Fayoum,director,273
P00384,1938,Kfomi Michel,Kfomi Michel,kfomi mishel,,Société des Omnibus de Fayoum,director,273
P00385,1938,S.E. Khalil Mohamecl Mahmoud Bey,Khalil Mohamecl Mahmoud,khalil moamekl mahmud,bey,Sénat,president,273
P00385,1938,S.E. Khalil Mohamecl Mahmoud Bey,Khalil Mohamecl Mahmoud,khalil moamekl mahmud,bey,Aclministraiion de la S.A.E. des Tracteul'S cl'Egypte,president,273
P00385,1938,S.E. Khalil Mohamecl Mahmoud Bey,Khalil Mohamecl Mahmoud,khalil moamekl mahmud,bey,Pllataonic Mail Line,president,273
P00385,1938,S.E. Khalil Mohamecl Mahmoud Bey,Khalil Mohamecl Mahmoud,khalil moamekl mahmud,bey,The Anglo-Egyptian Land Allotment Co,president,273
P00385,1938,S.E. Khalil Mohamecl Mahmoud Bey,Khalil Mohamecl Mahmoud,khalil moamekl mahmud,bey,Port Said Salt Associa lion,president,273
P00385,1938,S.E. Khalil Mohamecl Mahmoud Bey,Khalil Mohamecl Mahmoud,khalil moamekl mahmud,bey,Alexandria Navigation Co. ct Commissairrfln Gouvernement Egyptien à l'Exposition Internationale 1937 de Paris,president,273
P00386,1938,Kii'J{man Robert,Kii'J{man Robert,ki gman robert,,"The 1-Iinshelwood Paint & Oil Co. of Egypt, S.A.E",director,273
P00088,1938,Klat Jules Bey,Klat Jules,klat gules,bey,The Associatecl Cotton Ginners,president,274
P00088,1938,Klat Jules Bey,Klat Jules,klat gules,bey,The Egyptian Bonclecl \Varehouses,president,274
P00088,1938,Klat Jules Bey,Klat Jules,klat gules,bey,The Egyptian Enterprise & Development Co,president,274
P00088,1938,Klat Jules Bey,Klat Jules,klat gules,bey,The Gharuieh Land Co,president,274
P00088,1938,Klat Jules Bey,Klat Jules,klat gules,bey,Société Immobilière du Domaine de Siouf,president,274
P00088,1938,Klat Jules Bey,Klat Jules,klat gules,bey,"la· S.A. "" Pharos »",president,274
P00088,1938,Klat Jules Bey,Klat Jules,klat gules,bey,S.A. elu Béhéra,president,274
P00088,1938,Klat Jules Bey,Klat Jules,klat gules,bey,Levant Bonded\Varehouses Co,president,274
P00387,1938,Koch Gaspat·,Koch Gaspat·,kosh gaspat,,S.E. de Ciment,director,274
P00365,1938,Portland Tourah,Portland Tourah,portland turah,,Société Générale de Pressage,director,274
P00365,1938,Portland Tourah,Portland Tourah,portland turah,,Dépôts ct de la Société Cotonnière « Maarad »,director,274
P00089,1938,Labruyèœ René Julien,Labruyèœ René Julien,labruieo ren gulien,,Land Bank of Egypt,vice_president,274
P00089,1938,Labruyèœ René Julien,Labruyèœ René Julien,labruieo ren gulien,,Alexandria & Ramleh Railways Co,director,274
P00090,1938,Lagonico S,Lagonico S,lagoniko,,S.A. Immobilière des Terrains Guizeh Rodah,vice_president,274
P00090,1938,Lagonico S,Lagonico S,lagoniko,,Alexandria Commercial Co,director,274
P00388,1938,Lagoudalds Constantin J,Lagoudalds Constantin J,lagudalds konstantin,,Société Egyptienne Financière pour le Commerce,vice_president,274
P00388,1938,Lagoudalds Constantin J,Lagoudalds Constantin J,lagudalds konstantin,,Industrie(( Sefina »,vice_president,274
P00389,1938,LaheiTèt·c L,LaheiTèt·c L,laeitetk,,S.A. des Tramways du Caire,general_manager,274
P00389,1938,LaheiTèt·c L,LaheiTèt·c L,laeitetk,,lu Société The Egyptian General Omnibus Co,managing_director,274
P00390,1938,Lambert Florent Casimir,Lambert Florent Casimir,lambert florent kasimir,,The Anglo-Belgian Co. ct de la Société Egyptienne de Ciment Portland Tomall,director,274
P00391,1938,Lancker Fr. De,Lancker Fr. De,lanker fr,,S.A. des Tramways du Caire,director,274
P00392,1938,Lappas Georges,Lappas Georges,lapas georges,,Banque de Commerce N. Tepeghiosi & Co,director,274
P00393,1938,Larsen Gunnat·,Larsen Gunnat·,larsen gunat,,S.A.E. Portland de Hélouan,president,274
P00091,1938,Lascaris Mario A,Lascaris Mario A,laskaris mario,,et Admi-,vice_president,274
P00394,1938,Lebon Mat•cel,Lebon Mat•cel,lebon matsel,,"Compagnie d'Eclairage par le Gaz, Lebon& Cie",president,275
P00394,1938,Lebon Mat•cel,Lebon Mat•cel,lebon matsel,,Société Egyptienne d 'Electricité,director,275
P00395,1938,Lecluse Valère,Lecluse Valère,leklus valer,,Textile de Choubrah,director,275
P00396,1938,Lee Lee Roger Malcolm,Lee Lee Roger Malcolm,l l roger malkolm,,Société Egyptienne des Industries Textiles,director,275
P00397,1938,Lees Sir William Clare,Lees Sir William Clare,les sir uiliam klar,,Société Egyptienne des Industries Textiles,director,275
P00398,1938,Lemarquis J,Lemarquis J,lemarkuis,,Société Générale des Sucreries,director,275
P00398,1938,Lemarquis J,Lemarquis J,lemarkuis,,Haffinerie d'Egypte,director,275
P00399,1938,Leten Roland,Leten Roland,leten roland,,Usines Textiles Al-Kahira,director,275
P00092,1938,Levi Guido,Levi Guido,levi guido,,The Anglo-Egyptian Land Allotment Co,director,275
P00092,1938,Levi Guido,Levi Guido,levi guido,,The Cairo Suburban Building Land Co,director,275
P00092,1938,Levi Guido,Levi Guido,levi guido,,The Menzaleh Canal Navigation Co,director,275
P00092,1938,Levi Guido,Levi Guido,levi guido,,Egyptian Enterprise & Development Co,director,275
P00092,1938,Levi Guido,Levi Guido,levi guido,,The Gharbieh Land Co,director,275
P00400,1938,Levi 1. G,Levi 1. G,levi,,·Général de la Statistique Egyptienne,manager,275
P00400,1938,Levi 1. G,Levi 1. G,levi,,d3 la Société de Statistique de Paris,member,275
P00400,1938,Levi 1. G,Levi 1. G,levi,,d3 la Société de Statistique de Paris,partner,275
P00400,1938,Levi 1. G,Levi 1. G,levi,,"Société de Métallurgie Egyptienne, S.A.E",director,275
P00401,1938,Levi Nellos A,Levi Nellos A,levi nelos,,Usines Textiles Al-Kahira,director,275
P00402,1938,Levi RoU,Levi RoU,levi ru,,Trading & Industrial,director,275
P00403,1938,Lhomme L,Lhomme L,lhom,,Société Générale des Sucreries,director,275
P00403,1938,Lhomme L,Lhomme L,lhom,,Raffinerie d'Egypte,director,275
P00404,1938,Lloyd John Evans,Lloyd John Evans,loid gohn evans,,plusieurs Sociétés Anglaises,president,276
P00405,1938,Lloyd John E,Lloyd John E,loid gohn,,"The Choremi, J3enachi Cotton Co",director,276
P00405,1938,Lloyd John E,Lloyd John E,loid gohn,,"Messrs. DaYies, l38llé.tClJi & Co. (UYerpool)",director,276
P00406,1938,Lomba•·cl Albert,Lomba•·cl Albert,lombakl albert,,Crédit Immobilier Suis e-Egyptien,director,276
P00407,1938,Lombat·do Cesat·e,Lombat·do Cesat·e,lombatdo sesat,,Société des Autobus du Nord,managing_director,276
P00408,1938,Lombardo Hugo,Lombardo Hugo,lombardo hugo,,Société des Aulobus du!\orel,managing_director,276
P00408,1938,Lombardo Hugo,Lombardo Hugo,lombardo hugo,,Société des Autobus d'Alexandrie,managing_director,276
P00408,1938,Lombardo Hugo,Lombardo Hugo,lombardo hugo,,Société des Autobus du Caire,managing_director,276
P00409,1938,Losco Bernat•d,Losco Bernat•d,losko bernatd,,L\nglo American ile & Tourist Co,vice_president,276
P00095,1938,Lowe A. J,Lowe A. J,lu,,The United Egyplii,managing_director,276
P00095,1938,Lowe A. J,Lowe A. J,lu,,Société des Produits Centrifugé~ en Ciment,managing_director,276
P00095,1938,Lowe A. J,Lowe A. J,lu,,"The Egyptian Copper Wor·l<s, S.A.E",managing_director,276
P00410,1938,Lozy Tahet· El Bey,Lozy Tahet· El,lozi taet,bey,National Contracting Co. of Egypt,member,276
P00410,1938,Lozy Tahet· El Bey,Lozy Tahet· El,lozi taet,bey,"Société des Autolms elu Nord, S.A.E",member,276
P00411,1938,Luce,Luce,lus,,"Cairo Sand Bricks Co., S.i\.E",manager,276
P00411,1938,Luce,Luce,lus,,Société l'1 unco-Egyptienne clc,director,276
P00412,1938,Lumbroso J,Lumbroso J,lumbroso,,"The ,\lcxnndt'ia Excilange Co. Ud. ct cle l'Alexandrin & Hnmlclt Huilways Co",director,276
P00413,1938,Luml l'oso M,Luml l'oso M,luml oso,,elu Cons~il d'Administration de The Alcxunclria Exchan.ge Co,member,276
P00414,1938,MacCuloch Norman G,MacCuloch Norman G,makulosh norman,,Société Egyptienne des Industries Textilés,director,277
P00415,1938,Mac Ewen William G,Mac Ewen William G,mak euen uiliam,,"The Nile Ginning Co., S.A",director,277
P00416,1938,Maggiar Anch·é 0,Maggiar Anch·é 0,magiar ansh,,lu S.A. des Monts de Piété,director,277
P00417,1938,Maher DL·. Ahmed,Maher DL·. Ahmed,maer dl ahmed,,lu Commercial Bank of Egypt,president,277
P00417,1938,Maher DL·. Ahmed,Maher DL·. Ahmed,maer dl ahmed,,lu Commercial Bank of Egypt,delegate,277
P00418,1938,Mahfouz Hassan,Mahfouz Hassan,mahfuz hasan,,"Nile Oil Co., S.A.E",director,277
P00419,1938,Mahmoud Zald Bey,Mahmoud Zald,mahmud zald,bey,"Société Egyptienne pour le Développement du Cominercc des Légumes, Fruits & Fleurs",director,277
P00420,1938,Maksucl Emile,Maksucl Emile,maksukl emil,,The Egyptian Engineering,managing_director,277
P00421,1938,Malatesta Me Tt·istan,Malatesta Me Tt·istan,malatesta m tistan,,Salonica Cigarette Co,director,277
P00422,1938,Mallet Charles,Mallet Charles,malet sharles,,Maison Mallet Frères & Cie,partner,277
P00216,1938,Malone Peter,Malone Peter,malon peter,,"The Hinshelwood Paint & Oil Co. of Egypt, S.A.E. la",president,277
P00423,1938,Mai·chal H,Mai·chal H,maishal,,S.E. d'Electricilé,director,277
P00424,1938,Et:yptienne des Pétroles COGEP,Et:yptienne des Pétroles COGEP,etiptien des petroles kogep,,en Egyptc de The Egyptüm Delta Light I\ailwuys Co,general_manager,277
P00424,1938,Et:yptienne des Pétroles COGEP,Et:yptienne des Pétroles COGEP,etiptien des petroles kogep,,delu oriét6 des Autobus de Béhéra,president,277
P00424,1938,Et:yptienne des Pétroles COGEP,Et:yptienne des Pétroles COGEP,etiptien des petroles kogep,,"Charliieh, S.A.E",president,277
P00365,1938,Ciment Portland Tourah,Ciment Portland Tourah,siment portland turah,,"Misr Concrete Developmt'nt Cy., S.A.E",director,278
P00425,1938,MasUl'el Andr·é Follet,MasUl'el Andr·é Follet,masul andr folet,,Société Egyptienne de Filature,director,278
P00425,1938,MasUl'el Andr·é Follet,MasUl'el Andr·é Follet,masul andr folet,,"Tissage de Laine, S.A.E",director,278
P00426,1938,Matalon ·william,Matalon ·william,matalon uiliam,,Rosetto. & Alexandrin Rice Mills,managing_director,278
P00427,1938,Matecf Matey R,Matecf Matey R,matekf matei,,"Société Commerciale Bulgaro-Egyptienne, S.A.E",director,278
P00428,1938,Matossian Joseph O,Matossian Joseph O,matosian gosef,,"Eastern Co., S.A.E",director,278
P00429,1938,Matossian Vincent O,Matossian Vincent O,matosian vinsent,,"Eastern Co., S.A.E",director,278
P00430,1938,Matsa Constantin A,Matsa Constantin A,matsa konstantin,,"Crown Brewery, S.A",director,278
P00431,1938,Maughfling J,Maughfling J,maughfling,,Egyptian General Omnibus Cy,director,278
P00432,1938,Mavro Miké,Mavro Miké,mavro mik,,au Consortium de Loteries (F. A.I.P.A.E.),managing_director,278
P00432,1938,Mavro Miké,Mavro Miké,mavro mik,,Société Egyptienne Financière pour le Commerce,director,278
P00432,1938,Mavro Miké,Mavro Miké,mavro mik,,"Industrie "" Sefina u",director,278
P00433,1938,Mazin L. A. Ing,Mazin L. A. Ing,mazin ing,,"The Egyptian Works & Construction Cy., S.A.E",managing_director,278
P00099,1938,S.E. Mazloum Hassan Pacha,Mazloum Hassan,mazlum hasan,pasha,Egyptian Finance Cy,president,278
P00099,1938,S.E. Mazloum Hassan Pacha,Mazloum Hassan,mazlum hasan,pasha,Société Egyptienne de Tissage & Tricotage,president,278
P00099,1938,S.E. Mazloum Hassan Pacha,Mazloum Hassan,mazlum hasan,pasha,The Egyptian Delta Land & Investment Cy,vice_president,278
P00099,1938,S.E. Mazloum Hassan Pacha,Mazloum Hassan,mazlum hasan,pasha,Egyptian Independent Oil Cy,vice_president,278
P00099,1938,S.E. Mazloum Hassan Pacha,Mazloum Hassan,mazlum hasan,pasha,Banque du Crédit Agricole d'Egypte,director,278
P00099,1938,S.E. Mazloum Hassan Pacha,Mazloum Hassan,mazlum hasan,pasha,Crédit Hypothécaire Agricole d'Egypte,director,278
P00099,1938,S.E. Mazloum Hassan Pacha,Mazloum Hassan,mazlum hasan,pasha,Société Générale des Sucreries,director,278
P00099,1938,S.E. Mazloum Hassan Pacha,Mazloum Hassan,mazlum hasan,pasha,Raffinerie d'Egypte,director,278
P00099,1938,S.E. Mazloum Hassan Pacha,Mazloum Hassan,mazlum hasan,pasha,National Insurance Cy,director,278
P00099,1938,S.E. Mazloum Hassan Pacha,Mazloum Hassan,mazlum hasan,pasha,Union Foncière d'Egypte,director,278
P00099,1938,S.E. Mazloum Hassan Pacha,Mazloum Hassan,mazlum hasan,pasha,Banque Belge et Internationale en Egypte,director,278
P00099,1938,S.E. Mazloum Hassan Pacha,Mazloum Hassan,mazlum hasan,pasha,Pharaonic Mail Line,director,278
P00434,1938,Medici Del Vascello Le Marquis Luigi,Medici Del Vascello Le Marquis Luigi,medisi vaselo l markuis luigi,,Société Anonyme Egyptienne de Constructions «EGYCOu,director,278
P00435,1938,Mel'Calli Luigi Col,Mel'Calli Luigi Col,mel kali luigi kol,,Société Roumaine<< Prahova u Societate Anonima Romana Pentru Industria si Corner-,managing_director,278
P00436,1938,Messiqua Marcel,Messiqua Marcel,mesikua marsel,,Egyptian Produce Trading Cy,managing_director,279
P00436,1938,Messiqua Marcel,Messiqua Marcel,mesikua marsel,,Alexandrin Pressing Cy,director,279
P00436,1938,Messiqua Marcel,Messiqua Marcel,mesikua marsel,,Alexandria Insurance Cy,director,279
P00436,1938,Messiqua Marcel,Messiqua Marcel,mesikua marsel,,"Société 1alionalc du Papier, S.A.E",director,279
P00436,1938,Messiqua Marcel,Messiqua Marcel,mesikua marsel,,National Conlracting Cy,director,279
P00437,1938,Metwalli Mohamed Bey,Metwalli Mohamed,metuali moamed,bey,Daira feu Emine Yehia Pacha,manager,279
P00437,1938,Metwalli Mohamed Bey,Metwalli Mohamed,metuali moamed,bey,Société Commerciale,director,279
P00438,1938,Michell F. W,Michell F. W,mishel,,"Marconi Radio Telegraph Cy. of Egypt, S.A",director,279
P00439,1938,Michriki Youssef Bey,Michriki Youssef,mishriki iusef,bey,Commercial Bank of Egypt,director,279
P00440,1938,Millet· A,Millet· A,milet,,The Manure Co. of Egypt,director,279
P00440,1938,Millet· A,Millet· A,milet,,"Standard Oil Co. of Egypt, S.A",director,279
P00441,1938,Mills A. E,Mills A. E,mils,,Société Générale de Pressage,manager,279
P00441,1938,Mills A. E,Mills A. E,mils,,Dépôts,manager,279
P00441,1938,Mills A. E,Mills A. E,mils,,Port Said Salt Association Ltd,director,279
P00101,1938,Minost Emile,Minost Emile,minost emil,,elu Crédit Foncier Egyptien,managing_director,279
P00101,1938,Minost Emile,Minost Emile,minost emil,,National Bank of Egypt,director,279
P00101,1938,Minost Emile,Minost Emile,minost emil,,Crédit Agricole d'Egypte,director,279
P00101,1938,Minost Emile,Minost Emile,minost emil,,Société d'Assurances cc Al-Chark u,director,279
P00442,1938,Misrahi Albert,Misrahi Albert,misrai albert,,"Société Egyptiem1e Financière pour le Commerce et l""lndustl'ie cc Sefina u",managing_director,279
P00442,1938,Misrahi Albert,Misrahi Albert,misrai albert,,"Société de Métalllurgie Egyptienne, S.A.E",member,279
P00442,1938,Misrahi Albert,Misrahi Albert,misrai albert,,Société Royale d'Agricullture,member,279
P00442,1938,Misrahi Albert,Misrahi Albert,misrai albert,,"Alexandria Insurance Co., S. A. E",member,279
P00443,1938,Misrahi Isaac J,Misrahi Isaac J,misrai isak,,Sun Life Assurance Co. of Canada,manager,279
P00443,1938,Misrahi Isaac J,Misrahi Isaac J,misrai isak,,"The Hinshelwood Paint & Oil Co. of Egypt, S.A.E",director,279
P00443,1938,Misrahi Isaac J,Misrahi Isaac J,misrai isak,,"Dakahlieh Land Cy., S.A.E",director,279
P00444,1938,Mitarachi Th,Mitarachi Th,mitarashi th,,"Egyptian Cotton Ginners & Exporters, S.A",president,279
P00444,1938,Mitarachi Th,Mitarachi Th,mitarashi th,,B&nque d'Athènes,director,279
P00444,1938,Mitarachi Th,Mitarachi Th,mitarashi th,,S.A. de Nettoyage et Pressage de Coton,director,279
P00444,1938,Mitarachi Th,Mitarachi Th,mitarashi th,,Constructions Modernes u,director,279
P00445,1938,Mobel'ly Cha1·le~ Hem·y Dowarcl,Mobel'ly Cha1·le~ Hem·y Dowarcl,mobel li shal hemi duarkl,,Commercial Bank of the T\'eat' East,director,280
P00446,1938,Mohamccl Abbas Rachid,Mohamccl Abbas Rachid,moamkl abas rashid,,"Société Egyptienne des lncluslries Clümiques, S.A.E",director,280
P00447,1938,Mohamcd Fouad,Mohamcd Fouad,moamkd fuad,,The Nile Ginning Co,director,280
P00447,1938,Mohamcd Fouad,Mohamcd Fouad,moamkd fuad,,S.A. des Monts de Piété Egyptiens,director,280
P00448,1938,Monchicourt Ancll'é P,Monchicourt Ancll'é P,monshikurt ankl,,S.A. des Monts de Piété Egyptiens,director,280
P00449,1938,Monnerat E,Monnerat E,monerat,,Compagnie Frigorifique cl 'Egypte,member,280
P00449,1938,Monnerat E,Monnerat E,monerat,,Société Anonyme des Eaux du Caire,member,280
P00449,1938,Monnerat E,Monnerat E,monerat,,Société Anonyme du Béhéra,member,280
P00450,1938,Montaner,Montaner,montaner,,"Société de Métallurgie Egyptienne, S. A. E",managing_director,280
P00451,1938,Morch O. V,Morch O. V,morsh,,"Société des Ciments Portland de llélouan, S.A.E",director,280
P00452,1938,MOI·dan James,MOI·dan James,moidan games,,'la· Near East,director,280
P00453,1938,Moreau E,Moreau E,moreau,,Banque· de Paris el des P'ays-Bas,president,280
P00453,1938,Moreau E,Moreau E,moreau,,Crédit Foncier Egyptien,director,280
P00454,1938,Moriatti Georues,Moriatti Georues,moriati georues,,"S. A. « Prahova » Societute Ap.onima Romana Pcntl'u Incluslt'ia si Comcl'lul Pr.trolului, Bucm",manager,280
P00104,1938,Mo1·in Jean,Mo1·in Jean,moin gean,,"J en Egypte. des ,Agenres elu Cl'éclit Lyonnais",general_manager,280
P00455,1938,M01·pm·go Gustavo,M01·pm·go Gustavo,mpmgo gustavo,,"Upper Egypt Ginning Co., .A.E",director,281
P00456,1938,Morton James Het·bei·t,Morton James Het·bei·t,morton games hetbeit,,Khcdivial Mail Line,director,281
P00457,1938,Mossél'i AlbCI't Vita,Mossél'i AlbCI't Vita,mosel albsi vita,,Josy,director,281
P00458,1938,Film,Film,film,,"Maison de Banque J. N. Mosscri, Figli & Co",partner,281
P00105,1938,Mosséri Elie N,Mosséri Elie N,moseri eli,,Chemins de. Fer 1\,president,281
P00105,1938,Mosséri Elie N,Mosséri Elie N,moseri eli,,S.A. de \Vac!i 1\om-Om!Jo,president,281
P00105,1938,Mosséri Elie N,Mosséri Elie N,moseri eli,,l.Jnion Fonci(•rc cl'Egypte,president,281
P00105,1938,Mosséri Elie N,Mosséri Elie N,moseri eli,,The Egyplian General Omnibus Co,president,281
P00105,1938,Mosséri Elie N,Mosséri Elie N,moseri eli,,The Anglo-Belgian Co. ct de la Société Viticole et Vinicolecl'Egyptc,president,281
P00105,1938,Mosséri Elie N,Mosséri Elie N,moseri eli,,TJ1c Gabbari Land Co,president,281
P00105,1938,Mosséri Elie N,Mosséri Elie N,moseri eli,,The Egyplian Ilolels l .tel,president,281
P00105,1938,Mosséri Elie N,Mosséri Elie N,moseri eli,,Grands Hôtels cl'Egypte,president,281
P00105,1938,Mosséri Elie N,Mosséri Elie N,moseri eli,,Filature l',president,281
P00105,1938,Mosséri Elie N,Mosséri Elie N,moseri eli,,National Insurance Co. of Egypt,president,281
P00105,1938,Mosséri Elie N,Mosséri Elie N,moseri eli,,Cairo Sand Bricks,president,281
P00105,1938,Mosséri Elie N,Mosséri Elie N,moseri eli,,S.A. des Halles Centrales cl'Egyptc,president,281
P00105,1938,Mosséri Elie N,Mosséri Elie N,moseri eli,,Sociélé Egyptienne de Ciment,president,281
P00459,1938,Portland Tourab,Portland Tourab,portland turab,,"The Tractor & Engineering Co., S.A.E",managing_director,281
P00459,1938,Portland Tourab,Portland Tourab,portland turab,,"The Egyptian Coppcr \\'orks, S.A.E",managing_director,281
P00460,1938,Mosséri FéHx N,Mosséri FéHx N,moseri fehx,,"cl 'Administration de The Trac tor& Engineering Co., S .. \.E. ·'",council_member,281
P00461,1938,Mossél'i,Mossél'i,mosel,,The Egyplian Finance Cy,member,281
P00461,1938,Mossél'i,Mossél'i,mosel,,The Egyplian Land & Building Cy,member,281
P00461,1938,Mossél'i,Mossél'i,mosel,,The Cairo& Financial Cy,member,281
P00462,1938,Mosséri Joseph Vita,Mosséri Joseph Vita,moseri gosef vita,,"Josy Film, S.A.E",vice_president,282
P00462,1938,Mosséri Joseph Vita,Mosséri Joseph Vita,moseri gosef vita,,"Josy Film, S.A.E",managing_director,282
P00107,1938,Mosséri Maurice N,Mosséri Maurice N,moseri mauris,,Société,president,282
P00463,1938,Egyptienne de Tuyaux,Egyptienne de Tuyaux,egiptien tuiaux,,"Banque Mosseri, S.A.E",director,282
P00463,1938,Egyptienne de Tuyaux,Egyptienne de Tuyaux,egiptien tuiaux,,Egyptian Finance Co,director,282
P00463,1938,Egyptienne de Tuyaux,Egyptienne de Tuyaux,egiptien tuiaux,,Société Egyptienne de Tissage et Tricotage,director,282
P00463,1938,Egyptienne de Tuyaux,Egyptienne de Tuyaux,egiptien tuiaux,,The Egyptian Land & Building,director,282
P00463,1938,Egyptienne de Tuyaux,Egyptienne de Tuyaux,egiptien tuiaux,,Syndicat des Obligataires de la Société Générale des Sucreries ct de la Raffinerie d'Egypte,director,282
P00464,1938,Moucbly Cécile,Moucbly Cécile,mukbli sesil,,The Simon Artz,director,282
P00465,1938,Moucbly Max,Moucbly Max,mukbli max,,The Simon Artz,president,282
P00466,1938,Mou1·atiadi C. M,Mou1·atiadi C. M,muatiadi,,Crown Brewery,president,282
P00466,1938,Mou1·atiadi C. M,Mou1·atiadi C. M,muatiadi,,Crown Brewery,managing_director,282
P00466,1938,Mou1·atiadi C. M,Mou1·atiadi C. M,muatiadi,,Banque de Commerce,director,282
P00466,1938,Mou1·atiadi C. M,Mou1·atiadi C. M,muatiadi,,Société Franco-Egypt1enne d'Importation,director,282
P00467,1938,Mullet Georges,Mullet Georges,mulet georges,,The Cairo Electric Rail ways & Heliopolis Oases Co,managing_director,282
P00467,1938,Mullet Georges,Mullet Georges,mulet georges,,The African Enterprise & Development Co,managing_director,282
P00467,1938,Mullet Georges,Mullet Georges,mulet georges,,Société Egyptienne d'Electricité,director,282
P00467,1938,Mullet Georges,Mullet Georges,mulet georges,,Société Anonyme des Tramways du CaiJ·e,director,282
P00467,1938,Mullet Georges,Mullet Georges,mulet georges,,Société Anonyme des Chemins de Fer de la Basse Egypte,director,282
P00467,1938,Mullet Georges,Mullet Georges,mulet georges,,The Cairo Suburban Building Land Co,director,282
P00468,1938,MUI·at E,MUI·at E,muiat,,The Egyptian Huad Construction Co,director,282
P00469,1938,Nacamuli Albcl'l,Nacamuli Albcl'l,nakamuli albkl,,Société Egyptienne de Placements ct de Crédit,managing_director,282
P00470,1938,Nacamuli Isaac E. Comm,Nacamuli Isaac E. Comm,nakamuli isak kom,,Société Egyptienne de Placements,president,282
P00470,1938,Nacamuli Isaac E. Comm,Nacamuli Isaac E. Comm,nakamuli isak kom,,Crédit,president,282
P00471,1938,Nachaty Youssef Dr,Nachaty Youssef Dr,nashati iusef dr,,"Société Egyptiem1e des Industries Chimiques, S.A.E",director,282
P00472,1938,Nahas Michel,Nahas Michel,nas mishel,,Société Franco,president,283
P00473,1938,Nahas Robert,Nahas Robert,nas robert,,Société· Franco,director,283
P00474,1938,Nahman Armand V,Nahman Armand V,nahman armand,,"Gharbieh Ginning Co., S.A.E",director,283
P00474,1938,Nahman Armand V,Nahman Armand V,nahman armand,,Alexandria Pressing Co,director,283
P00474,1938,Nahman Armand V,Nahman Armand V,nahman armand,,The pper Egypt Ginning Co,director,283
P00474,1938,Nahman Armand V,Nahman Armand V,nahman armand,,Société des Terres Rares d'Egypte,director,283
P00475,1938,Nahmias Salomon,Nahmias Salomon,nahmias salomon,,Cairo Land& Financial Co,director,283
P00476,1938,Napier Sir ' Joseph W. L,Napier Sir ' Joseph W. L,napier sir gosef,,The Aboukir Co,director,283
P00113,1938,Nathan Edward,Nathan Edward,nathan eduard,,New Egyptian Co,director,283
P00113,1938,Nathan Edward,Nathan Edward,nathan eduard,,Société Belge-Egyptienne de l'Ezbékieh,director,283
P00114,1938,Naus Henry Bey,Naus Henry,naus henri,bey,Cercle Belge,president,283
P00114,1938,Naus Henry Bey,Naus Henry,naus henri,bey,Société Belge de Bienfaisance,president,283
P00114,1938,Naus Henry Bey,Naus Henry,naus henri,bey,Fondation Egyptologique Reine Elisabeth,president,283
P00114,1938,Naus Henry Bey,Naus Henry,naus henri,bey,ete la Fédémtion des Industries en Egypte,president,283
P00114,1938,Naus Henry Bey,Naus Henry,naus henri,bey,Industrie,member,283
P00114,1938,Naus Henry Bey,Naus Henry,naus henri,bey,Société d'Economie Politique,vice_president,283
P00114,1938,Naus Henry Bey,Naus Henry,naus henri,bey,Société Générale des Sucreries,managing_director,283
P00114,1938,Naus Henry Bey,Naus Henry,naus henri,bey,Raffinerie d'Egypte,managing_director,283
P00114,1938,Naus Henry Bey,Naus Henry,naus henri,bey,S.E. d'Irrigation,president,283
P00114,1938,Naus Henry Bey,Naus Henry,naus henri,bey,S.E. d'Irrigation,managing_director,283
P00114,1938,Naus Henry Bey,Naus Henry,naus henri,bey,Banque Belge ct Internationale en Egypte,vice_president,283
P00114,1938,Naus Henry Bey,Naus Henry,naus henri,bey,Union des Agriculteurs d'Egypte,president,283
P00114,1938,Naus Henry Bey,Naus Henry,naus henri,bey,A. de Wadi Kom Ombo,director,283
P00114,1938,Naus Henry Bey,Naus Henry,naus henri,bey,Crédit Foncier Egyptien,director,283
P00114,1938,Naus Henry Bey,Naus Henry,naus henri,bey,The Cairo Electric Railw ays and Heliopolis Oases Co,director,283
P00114,1938,Naus Henry Bey,Naus Henry,naus henri,bey,African Enterprise& Development Co,director,283
P00114,1938,Naus Henry Bey,Naus Henry,naus henri,bey,Compagnie Frigorifique cl'Egyptc,director,283
P00114,1938,Naus Henry Bey,Naus Henry,naus henri,bey,S.A. des Eaux du Caire,director,283
P00114,1938,Naus Henry Bey,Naus Henry,naus henri,bey,Anglo-Belgian Co. of Egypt Ltd,director,283
P00114,1938,Naus Henry Bey,Naus Henry,naus henri,bey,Société Générale Immobilière d'EgypLe,director,283
P00114,1938,Naus Henry Bey,Naus Henry,naus henri,bey,"Société Viticole et Vinicole d'Egypte, S.A.E",director,283
P00114,1938,Naus Henry Bey,Naus Henry,naus henri,bey,Textile de Choubrah. - (Nombreuses hautes distinctions honorifiques),director,283
P00477,1938,Nelson George,Nelson George,nelson georg,,"The Hinshelwood Paint & Oil Cy. of Egypt, S.A.E",director,283
P00478,1938,Neuflize Baron de,Neuflize Baron de,neufliz baron,,Danque de l'Union Parisienne,director,283
P00478,1938,Neuflize Baron de,Neuflize Baron de,neufliz baron,,ComiLé de Paris de la Banque d'Athènes),council_member,283
P00478,1938,Neuflize Baron de,Neuflize Baron de,neufliz baron,,ComiLé de Paris de la Banque d'Athènes),member,283
P00479,1938,Nichols D,Nichols D,nishols,,Société des Autobus de Béhéra,director,284
P00479,1938,Nichols D,Nichols D,nishols,,Gharbieh,director,284
P00480,1938,NicoloU Assen,NicoloU Assen,nikolu asen,,"Société Commerciale Bulgaro-Egyptienne, S. A.E",director,284
P00481,1938,NicoloH Ivan,NicoloH Ivan,nikoloh ivan,,"Société Commerciale Bulgaro-Egyptienne, S.A.E",director,284
P00482,1938,Nogara G1·. Cord. Ing. Bei·nardino,Nogara G1·. Cord. Ing. Bei·nardino,nogara g kord ing beinardino,,Banca Commerciale Italiana per l'Egitto,director,284
P00115,1938,S.E. Nuba1· Arakel Pacha,Nuba1· Arakel,nuba arakel,pasha,ln S.A. des Eaux du Caire,director,284
P00115,1938,S.E. Nuba1· Arakel Pacha,Nuba1· Arakel,nuba arakel,pasha,The Cairo Electric Railways and Heliopolis Oases Co,director,284
P00115,1938,S.E. Nuba1· Arakel Pacha,Nuba1· Arakel,nuba arakel,pasha,Compagnie Frigorifique d'Egypte,director,284
P00483,1938,Nubar Zarch Bey,Nubar Zarch,nubar zarsh,bey,Alexandria& Ramleh Railways Co,director,284
P00483,1938,Nubar Zarch Bey,Nubar Zarch,nubar zarsh,bey,Tramways d'Alexandrie,director,284
P00484,1938,Nurray Geo1·ge Maggibon,Nurray Geo1·ge Maggibon,nurai geog magibon,,"·ation de la Société Texas Egyptienne des Pétroles, S.A.E",director,284
P00485,1938,Nyegaa1·d A,Nyegaa1·d A,niegad,,Société de Ciment Porllancl de llélouan,member,284
P00486,1938,Orsi Carlo,Orsi Carlo,orsi karlo,,elu Banco Italo-Egiziano. p,director,284
P00487,1938,Pace UmbCI·to Mc,Pace UmbCI·to Mc,pas umbsito mk,,Société Franco-Egyptienne d 'Tmpol'lution,director,284
P00488,1938,Passardi Renato Ha!J,Passardi Renato Ha!J,pasardi renato hag,,S.A.E. de l' lndustJ-ie Fibres Textiles,director,284
P00489,1938,Pathy Polnaue1· EI·nst,Pathy Polnaue1· EI·nst,pathi polnau einst,,"Société IIor,gro Egypticnne pom le Commerce. (Etaùli à Burlapest)",managing_director,284
P00490,1938,J>athy Polnaucr· Georges,J>athy Polnaucr· Georges,gathi polnaukr georges,,"S.A.E. "" Gunz"" (Egypte)",director,284
P00490,1938,J>athy Polnaucr· Georges,J>athy Polnaucr· Georges,gathi polnaukr georges,,Soc,director,284
P00490,1938,J>athy Polnaucr· Georges,J>athy Polnaucr· Georges,gathi polnaukr georges,,Société des Autobus d'Alexandrie,director,284
P00491,1938,Palhy Polnaucr Ladislas,Palhy Polnaucr Ladislas,palhi polnaukr ladislas,,"S . .-\.E. "" Ganz""",president,284
P00492,1938,Commerce,Commerce,komers,,Soci[•té drs i\ulolms du Caire,vice_president,285
P00492,1938,Commerce,Commerce,komers,,"Alexandrin. Na\'igntion Co., S.i\..E. el de l'Alexunclria Navigation Co. (l.onrlon) Lld",delegate,285
P00492,1938,Commerce,Commerce,komers,,Société des Aulolms du Nord,delegate,285
P00492,1938,Commerce,Commerce,komers,,National ConLrnding Co. of EgypL cL de la Comrucrcial Bank of EgypL,delegate,285
P00435,1938,Peel Col. E. T,Peel Col. E. T,pel kol,,i\lcxnndria Insumncc Co,director,285
P00435,1938,Peel Col. E. T,Peel Col. E. T,pel kol,,Société Egyptienne de la Ilout·sc Comntct·c·iulc de,director,285
P00493,1938,Pclcl' Louis Comm. ln!J,Pclcl' Louis Comm. ln!J,pklkl luis kom lng,,"cl'AclminisLraLion de la~ot'iélé .\IIOll) 111r' Eg) plit•uue de· Cuus[l'l[('liuns ""Egyco n",council_member,285
P00494,1938,Pilavachi Constantin G,Pilavachi Constantin G,pilavashi konstantin,,The Building Lands Cy,president,286
P00494,1938,Pilavachi Constantin G,Pilavachi Constantin G,pilavashi konstantin,,The Egyptian Cotton Cy,president,286
P00494,1938,Pilavachi Constantin G,Pilavachi Constantin G,pilavashi konstantin,,Société Immobilière d'Alexandrie,president,286
P00495,1938,Pinto Cav. Attilio,Pinto Cav. Attilio,pinto kav atilio,,"elu Comité de Surveillance de la Compagnie de Navigation"" La Fluviale, F. Van Der Zee & Co",president,286
P00495,1938,Pinto Cav. Attilio,Pinto Cav. Attilio,pinto kav atilio,,The Associated Cotton Ginners,vice_president,286
P00495,1938,Pinto Cav. Attilio,Pinto Cav. Attilio,pinto kav atilio,,Bourse Commerciale de Minet El Bassa!,director,286
P00495,1938,Pinto Cav. Attilio,Pinto Cav. Attilio,pinto kav atilio,,S.A. Immobili Riuniti,director,286
P00495,1938,Pinto Cav. Attilio,Pinto Cav. Attilio,pinto kav atilio,,"S.A. des Fibres Textiles, S.A.E",director,286
P00495,1938,Pinto Cav. Attilio,Pinto Cav. Attilio,pinto kav atilio,,"Egyptian PublicvVorks, S.A.E",director,286
P00496,1938,Pinto,Pinto,pinto,,Società Anonima Immobili Riuniti,member,286
P00497,1938,Pinto Cav. Ezio,Pinto Cav. Ezio,pinto kav ezio,,"S.A. des Terres Rares d'Egypte, S.A.E",president,286
P00497,1938,Pinto Cav. Ezio,Pinto Cav. Ezio,pinto kav ezio,,"Società Anonima Immobili Ri uni ti, S.A.E",member,286
P00497,1938,Pinto Cav. Ezio,Pinto Cav. Ezio,pinto kav ezio,,"S.A. des Fibres Textiles, S.A.E",member,286
P00497,1938,Pinto Cav. Ezio,Pinto Cav. Ezio,pinto kav ezio,,"The Upper Egypt Ginning Co., S. A. E",member,286
P00119,1938,Pinto Comm. Silvio,Pinto Comm. Silvio,pinto kom silvio,,"The Upper Egypt Ginning Co., S.A.E",president,286
P00119,1938,Pinto Comm. Silvio,Pinto Comm. Silvio,pinto kom silvio,,"Società Anonima Immobili Riuniti, S.A.E",president,286
P00119,1938,Pinto Comm. Silvio,Pinto Comm. Silvio,pinto kom silvio,,Salonica Cigarette Co,president,286
P00119,1938,Pinto Comm. Silvio,Pinto Comm. Silvio,pinto kom silvio,,Egyptian Salt & Soda Cy,director,286
P00119,1938,Pinto Comm. Silvio,Pinto Comm. Silvio,pinto kom silvio,,Société Générale de Pressage,director,286
P00119,1938,Pinto Comm. Silvio,Pinto Comm. Silvio,pinto kom silvio,,Alexauclria Insurance Cy,director,286
P00119,1938,Pinto Comm. Silvio,Pinto Comm. Silvio,pinto kom silvio,,Banco Italo-Egiziano,director,286
P00119,1938,Pinto Comm. Silvio,Pinto Comm. Silvio,pinto kom silvio,,"S.A. de Fibres Textiles, S.A.E",director,286
P00498,1938,Pollet Raymond,Pollet Raymond,polet raimond,,"Société Egyptienne de Filature eL de Tissage de Laine, S A.E",director,286
P00499,1938,Pollet Robe1·t,Pollet Robe1·t,polet robet,,Société Egyptienne de Filature,director,286
P00499,1938,Pollet Robe1·t,Pollet Robe1·t,polet robet,,"Tissage de Laine, S.A.E",director,286
P00500,1938,"Pontremoli Maul""ice B","Pontremoli Maul""ice B",pontremoli maulis,,"Maison d'Ameublement B. Pontremoli, S.A.E",director,287
P00501,1938,Pontremoli Rachel Mme. Vve,Pontremoli Rachel Mme. Vve,pontremoli rashel m v,,"Maison d'Ameublement B. Pontremoli, S.A.E",director,287
P00122,1938,Ràbbath Sélim,Ràbbath Sélim,rabath selim,,Delta Trading Co,president,287
P00122,1938,Ràbbath Sélim,Ràbbath Sélim,rabath selim,,Société Immobilière de Bou! ac,president,287
P00122,1938,Ràbbath Sélim,Ràbbath Sélim,rabath selim,,S.A. des Immeubles d'Egypte,director,287
P00502,1938,Raemy Bemai'CI de,Raemy Bemai'CI de,raemi bemai si,,Cairo Sand Bricks,managing_director,287
P00502,1938,Raemy Bemai'CI de,Raemy Bemai'CI de,raemi bemai si,,Maison Sulzer Frères,manager,287
P00503,1938,Ragheb Hanna Bey,Ragheb Hanna,ragheb hana,bey,National Contracting Co. of Egypt,director,287
P00504,1938,Ralli Alexandre,Ralli Alexandre,rali alexandr,,"Société Egyptienne pour l'Exploitation des Mines et Carrières, S. A.E",director,287
P00505,1938,Ramlot Paul,Ramlot Paul,ramlot paul,,"Banque Belge et Internationale en Egypte, S.A.E",director,287
P00123,1938,Raybaud Max,Raybaud Max,raibaud max,,Crown Brewery,managing_director,287
P00506,1938,Razeti Aldo,Razeti Aldo,razeti aldo,,"Société Egyptienne pour l'Exploitation de Mines et Carrières, S.A.E",director,287
P00507,1938,Reinha1·t P. J1·,Reinha1·t P. J1·,reinhat g,,"The National Ginning Co. of Egypt, S.A.E",president,287
P00508,1938,Remaugé,Remaugé,remaug,,Alexandria & Hamleh Hailways Co,director,287
P00509,1938,Richès Jacques,Richès Jacques,rishes gakues,,"Dakahlich Land Co., S. A. E",director,287
P00509,1938,Richès Jacques,Richès Jacques,rishes gakues,,Société des Biens de Rapport cl 'Egyptc,director,287
P00509,1938,Richès Jacques,Richès Jacques,rishes gakues,,Usines Héunies d'Egrenage ct d'Huileries,director,287
P00509,1938,Richès Jacques,Richès Jacques,rishes gakues,,The l,director,287
P00509,1938,Richès Jacques,Richès Jacques,rishes gakues,,The General Accident Fire & Life Assumncc Corporation Ud. (Nca1· Easl Board),president,287
P00509,1938,Richès Jacques,Richès Jacques,rishes gakues,,Egyptian Consolidaled Land Ud,managing_director,287
P00509,1938,Richès Jacques,Richès Jacques,rishes gakues,,The Alexand1·ia Ccnlnll l3uildiugs,managing_director,287
P00509,1938,Richès Jacques,Richès Jacques,rishes gakues,,Tite Aboukir Co,managing_director,287
P00509,1938,Richès Jacques,Richès Jacques,rishes gakues,,Gibson & Pauling (Foreign) Lld,managing_director,287
P00509,1938,Richès Jacques,Richès Jacques,rishes gakues,,"The r,ond Agenl'y of Egypt",managing_director,287
P00509,1938,Richès Jacques,Richès Jacques,rishes gakues,,The British Egyptian Cotton Cy. Ud,managing_director,287
P00510,1938,Hodocanachi Th,Hodocanachi Th,hodokanashi th,,Alexandria Exchange Co,president,288
P00511,1938,Holin Léon,Holin Léon,holin leon,,S.A. des Anciennes Entreprises L. Rolin & Co,president,288
P00511,1938,Holin Léon,Holin Léon,holin leon,,Egyplian Enteq)]'ise & De1·elopmenl Co,president,288
P00511,1938,Holin Léon,Holin Léon,holin leon,,Gl!m biell Land Co,president,288
P00511,1938,Holin Léon,Holin Léon,holin leon,,Soc,delegate,288
P00511,1938,Holin Léon,Holin Léon,holin leon,,SociélélJclgo-Egyplicnnc,delegate,288
P00511,1938,Holin Léon,Holin Léon,holin leon,,Sol'iélé lmnwbiliè•rc de Zmualck,delegate,288
P00511,1938,Holin Léon,Holin Léon,holin leon,,Sociélé Civile Norlil Zamalcl< Land,delegate,288
P00512,1938,Holo,Holo,holo,,"Ghurbich Ginning Co., S.A",director,288
P00512,1938,Holo,Holo,holo,,Upper Egypl Ginning Cy,director,288
P00513,1938,Uolo Max,Uolo Max,uolo max,,"Alexandria Pressing Co., S.A.E",director,288
P00514,1938,Hom Fl'ançois,Hom Fl'ançois,hom fl ankois,,lu Cuira Suburban Building Lands Co,president,289
P00514,1938,Hom Fl'ançois,Hom Fl'ançois,hom fl ankois,,Gl1arbiell Land Co,president,289
P00514,1938,Hom Fl'ançois,Hom Fl'ançois,hom fl ankois,,Egyptian Enterprise & Development Co,president,289
P00514,1938,Hom Fl'ançois,Hom Fl'ançois,hom fl ankois,,Crown Brewery,president,289
P00514,1938,Hom Fl'ançois,Hom Fl'ançois,hom fl ankois,,Société Anonyme Bclgc-EgypLienne,managing_director,289
P00515,1938,ArLz Stores,ArLz Stores,arlz stores,,"Maison « Les Fils cl 'Alfred Camp()~""",manager,289
P00516,1938,Houchdy Mohamed Bey,Houchdy Mohamed,hushdi moamed,bey,The,director,289
P00517,1938,Howlall Sir F. T,Howlall Sir F. T,hulal sir,,cl'Adminis_tra·tion de la National Bank of Egypt,council_member,289
P00518,1938,Hui'ïini Dott. Rag. Tito,Hui'ïini Dott. Rag. Tito,hui ini dot rag tito,,Socieli1 Egiziana per l'Estrazione ed il Commercio dei Posfati,general_manager,289
P00518,1938,Hui'ïini Dott. Rag. Tito,Hui'ïini Dott. Rag. Tito,hui ini dot rag tito,,cl 'Administration de lu Soc1été Egyptienne de Placements,liquidator,289
P00518,1938,Hui'ïini Dott. Rag. Tito,Hui'ïini Dott. Rag. Tito,hui ini dot rag tito,,Crédit,liquidator,289
P00518,1938,Hui'ïini Dott. Rag. Tito,Hui'ïini Dott. Rag. Tito,hui ini dot rag tito,,Crédit,council_member,289
P00519,1938,Rutimeycr R. L,Rutimeycr R. L,rutimeikr,,"The Nile Ginning Co., S.A.E. (Minia). s",managing_director,289
P00520,1938,Siiah Comte Aziz de,Siiah Comte Aziz de,siah komt aziz,,The Gl~n.r· bieh Land Co,director,289
P00521,1938,Saab Comle Sélim de _,Saab Comle Sélim de _,sab koml selim,,de. l'Unfon Foncière cl 'Egypte,director,289
P00522,1938,Sa_!:>ri Yacoub Bey,Sa_!:>ri Yacoub,sari iakub,bey,Çl-harbieh Land. Co. ·,member,289
P00523,1938,Sabry Chérif Pacha-,Sabry Chérif,sabri sherif,pasha,·elu Conseil cl' Administrati.on cle la National Bank of Egy.pt,member,289
P00524,1938,S.E. Sabr·y Hussein Pacha,Sabr·y Hussein,sabri husein,pasha,"ociété Nationale d'Egypte pour l'Exploitation des Mines ct Carrières, S. A. E",president,290
P00524,1938,S.E. Sabr·y Hussein Pacha,Sabr·y Hussein,sabri husein,pasha,Société Immobilièreelu Domaine de Siouf,president,290
P00524,1938,S.E. Sabr·y Hussein Pacha,Sabr·y Hussein,sabri husein,pasha,Société Egyptienne de Constructions(EGYCO),president,290
P00524,1938,S.E. Sabr·y Hussein Pacha,Sabr·y Hussein,sabri husein,pasha,"The Pharaonic Mail Lino, S.A.E",director,290
P00524,1938,S.E. Sabr·y Hussein Pacha,Sabr·y Hussein,sabri husein,pasha,"The Alcxandria Transport Cy., S.A.E",director,290
P00524,1938,S.E. Sabr·y Hussein Pacha,Sabr·y Hussein,sabri husein,pasha,"ile Oil Cy., Crédit Minier S.E. de Buca!'csl",director,290
P00524,1938,S.E. Sabr·y Hussein Pacha,Sabr·y Hussein,sabri husein,pasha,Société Anonyme Egyptienne des Industries Textiles,director,290
P00524,1938,S.E. Sabr·y Hussein Pacha,Sabr·y Hussein,sabri husein,pasha,"Tlle Egyptian Cottun Ginn~·s & Exporters, S.E",director,290
P00524,1938,S.E. Sabr·y Hussein Pacha,Sabr·y Hussein,sabri husein,pasha,The Alexandria Water Cy. Ltd,director,290
P00524,1938,S.E. Sabr·y Hussein Pacha,Sabr·y Hussein,sabri husein,pasha,Tlte National Insurance Co. of Egypt,director,290
P00524,1938,S.E. Sabr·y Hussein Pacha,Sabr·y Hussein,sabri husein,pasha,The Cairo Electric Railways & Ileliopolis Oases Cy,director,290
P00524,1938,S.E. Sabr·y Hussein Pacha,Sabr·y Hussein,sabri husein,pasha,Industries Fibres Textiles,director,290
P00524,1938,S.E. Sabr·y Hussein Pacha,Sabr·y Hussein,sabri husein,pasha,The Gabbary Land Cy,director,290
P00525,1938,Sachs Ft·eddy,Sachs Ft·eddy,sashs ftedi,,The Sheffield,director,290
P00526,1938,S.E. Sadil< Henein Pacha,Sadil< Henein,sadil henein,pasha,Mission Er,president,290
P00526,1938,S.E. Sadil< Henein Pacha,Sadil< Henein,sadil henein,pasha,"elu Go""LLvernenwnt aupTès etes ]jourses des Valeurs",auditor,290
P00526,1938,S.E. Sadil< Henein Pacha,Sadil< Henein,sadil henein,pasha,S.A. des Eaux du Caire,managing_director,290
P00526,1938,S.E. Sadil< Henein Pacha,Sadil< Henein,sadil henein,pasha,Compagnie Frigorifique d'Egypte,managing_director,290
P00526,1938,S.E. Sadil< Henein Pacha,Sadil< Henein,sadil henein,pasha,Banco Ilalo-Egiziano ct de la Société des Cign.rettes Nestor Gianaclis,vice_president,290
P00526,1938,S.E. Sadil< Henein Pacha,Sadil< Henein,sadil henein,pasha,Upper Egypt Hotels,director,290
P00527,1938,S.E. SaiwaL Mohamed I>acha,SaiwaL Mohamed I>acha,saiual moamed iasha,,S.A. du Domaine de Siouf,president,290
P00528,1938,S.E. Said Khachaba Pacha,Said Khachaba,said khashaba,pasha,"Société Egyptienne pom le Développementelu Commerce des Légumes, } ruits et Fleurs",president,290
P00529,1938,Salama Joseph,Salama Joseph,salama gosef,,Usines d'Egrenage,managing_director,290
P00529,1938,Salama Joseph,Salama Joseph,salama gosef,,Huileries,managing_director,290
P00530,1938,Salama Mat•co,Salama Mat•co,salama matko,,"Maison « Les Fils de Zaketto Salama& Co. """,manager,290
P00530,1938,Salama Mat•co,Salama Mat•co,salama matko,,"General Society for Banking, Trading & Land Enterprises, S.A.E",director,290
P00531,1938,Salama Salvatore,Salama Salvatore,salama salvator,,Rosetta & Alexandria Rice Mills,managing_director,291
P00531,1938,Salama Salvatore,Salama Salvatore,salama salvator,,S.E. de la Bourse Commerciale de Minet El Bassal,director,291
P00531,1938,Salama Salvatore,Salama Salvatore,salama salvator,,"Usines Ré,mies d'Egrenage",director,291
P00531,1938,Salama Salvatore,Salama Salvatore,salama salvator,,Huileries,director,291
P00531,1938,Salama Salvatore,Salama Salvatore,salama salvator,,The Egyptian Motor Transport Co,director,291
P00531,1938,Salama Salvatore,Salama Salvatore,salama salvator,,Société,director,291
P00532,1938,Salem Comm. Emmanuel,Salem Comm. Emmanuel,salem kom emanuel,,Salonica Cigarette Co,director,291
P00533,1938,Salem Ovadia,Salem Ovadia,salem ovadia,,Société d'Avances Commerciales,managing_director,291
P00533,1938,Salem Ovadia,Salem Ovadia,salem ovadia,,S.A. des Drogueries d'Egypte,director,291
P00134,1938,Salvago Constantin M,Salvago Constantin M,salvago konstantin,,Société Egyptienne des Pétroles,director,291
P00134,1938,Salvago Constantin M,Salvago Constantin M,salvago konstantin,,The National PeLroleum Co,director,291
P00134,1938,Salvago Constantin M,Salvago Constantin M,salvago konstantin,,Gllarbieh Ginning Co,director,291
P00134,1938,Salvago Constantin M,Salvago Constantin M,salvago konstantin,,Filature Nationale d'Egypte,director,291
P00134,1938,Salvago Constantin M,Salvago Constantin M,salvago konstantin,,Société des Terres Rares d'Egypte,director,291
P00134,1938,Salvago Constantin M,Salvago Constantin M,salvago konstantin,,Société Anonyme de Nettoyage,director,291
P00134,1938,Salvago Constantin M,Salvago Constantin M,salvago konstantin,,Pressage de Coton,director,291
P00134,1938,Salvago Constantin M,Salvago Constantin M,salvago konstantin,,S.A.E. Carba,director,291
P00134,1938,Salvago Constantin M,Salvago Constantin M,salvago konstantin,,"The Egyptian Copper \Vorks, S.A.E",director,291
P00534,1938,Salvago Michel C,Salvago Michel C,salvago mishel,,let Communauté Hellénique d'Alexandrie,president,291
P00534,1938,Salvago Michel C,Salvago Michel C,salvago mishel,,The Land Bank of Egypt,president,291
P00534,1938,Salvago Michel C,Salvago Michel C,salvago mishel,,Alexandria & Ramleh Railways Co. Ud,president,291
P00534,1938,Salvago Michel C,Salvago Michel C,salvago mishel,,Alexandria\Vater Co,president,291
P00534,1938,Salvago Michel C,Salvago Michel C,salvago mishel,,Filature Nationale d'Egypte,president,291
P00534,1938,Salvago Michel C,Salvago Michel C,salvago mishel,,Société Egyptienne de l'Industrie Textile,president,291
P00534,1938,Salvago Michel C,Salvago Michel C,salvago mishel,,Société Industrielle de Bonneterie,president,291
P00534,1938,Salvago Michel C,Salvago Michel C,salvago mishel,,Société Anonyme du Béhéra,president,291
P00534,1938,Salvago Michel C,Salvago Michel C,salvago mishel,,"Alexandria Transport Co., S.A.E",president,291
P00534,1938,Salvago Michel C,Salvago Michel C,salvago mishel,,Fédération Egyptienne des Industries,vice_president,291
P00534,1938,Salvago Michel C,Salvago Michel C,salvago mishel,,Gabbari Land Co,vice_president,291
P00534,1938,Salvago Michel C,Salvago Michel C,salvago mishel,,cl' Administration de la National Bank of Egypt,council_member,291
P00534,1938,Salvago Michel C,Salvago Michel C,salvago mishel,,Banque d'Athènes,council_member,291
P00534,1938,Salvago Michel C,Salvago Michel C,salvago mishel,,National Insurance Co,council_member,291
P00534,1938,Salvago Michel C,Salvago Michel C,salvago mishel,,S.A. de Nettoyage et Pressage de Coton,council_member,291
P00535,1938,Samel Mamice,Samel Mamice,samel mamis,,Tramways d'Alexandrie (Egypte),president,291
P00535,1938,Samel Mamice,Samel Mamice,samel mamis,,The Alexandria & Ramleh Railways Co. Ltd,director,291
P00535,1938,Samel Mamice,Samel Mamice,samel mamis,,Alexandria Transport Co,director,291
P00536,1938,Saxby Ch. W,Saxby Ch. W,saxbi sh,,"Société des Autobus du Nord, S.A.E",director,291
P00536,1938,Saxby Ch. W,Saxby Ch. W,saxbi sh,,Société des Omnibus de Fayoum,director,291
P00537,1938,Sayet· Sidney,Sayet· Sidney,saiet sidnei,,The Egyptian Road Construction Co,director,291
P00538,1938,Scclsi Gr. UH. Lconcllo,Scclsi Gr. UH. Lconcllo,sklsi gr uh lkonklo,,Bancollulu-Egiziuno,director,292
P00539,1938,Schnsca O,Schnsca O,shnska,,flanque de Commerce N. Tcpcghiosi & Co,manager,292
P00540,1938,Schellcnbet·g Hans,Schellcnbet·g Hans,shelknbetg hans,,S.E. de Ciment Po.rlluncl Tonn1ll,director,292
P00541,1938,Scoccimam Silvio N,Scoccimam Silvio N,skoksimam silvio,,Compagnie Généi'Ulc Jtgypliennc de~· Pé·Lrolcs Co~ cp. S.A.E,director,292
P00542,1938,Scdclil{ Ahmed Bey,Scdclil{ Ahmed,skdklil ahmed,bey,"Soci(•!é de Métallmgie Egyplicune, S.A.E",president,292
P00542,1938,Scdclil{ Ahmed Bey,Scdclil{ Ahmed,skdklil ahmed,bey,Compagnie du Canal de suez,council_member,292
P00543,1938,Sellas,Sellas,selas,,Gharbieh Ginning Co,director,292
P00544,1938,Seoucl,Seoucl,seukl,,"Société Commerciale Buigaro-Egypliennc, S.A.E",director,292
P00545,1938,Shamà André :\1e,Shamà André :\1e,shama andr,,"General Society for Bunking, Trading & Land Enterpriscs, S.A.E",director,292
P00546,1938,Slu~~à El!c F,Slu~~à El!c F,slua elk,,dr la S .. \. elu Domaine de,delegate,292
P00137,1938,Sidi Vitali,Sidi Vitali,sidi vitali,,S.A. de Nettoyage cl Prcssngc de Colon,director,293
P00547,1938,S~mon,S~mon,smon,,lu Société Générale pour favoriser le dévcloppc Jilenl elu Commel'(,president,293
P00548,1938,Sinadino Aug. Th,Sinadino Aug. Th,sinadino aug th,,Challlllre de Comme1·L·e Hellénique,vice_president,293
P00549,1938,Singleton Alex. Joseph Nichols,Singleton Alex. Joseph Nichols,singleton alex gosef nishols,,Société Texas,director,293
P00550,1938,Small Walter Madison,Small Walter Madison,smal ualter madison,,"The Standard Oil Co. of Egypt, S.A",director,293
P00551,1938,Smith K. B. Woodd,Smith K. B. Woodd,smith uod,,The Alexandria Waler Company,managing_director,293
P00552,1938,Sofio F,Sofio F,sofio,,Alexandrin Exchangc Company,member,293
P00553,1938,S.E. Soliman Abdel Hamid Pacha,Soliman Abdel Hamid,soliman abdel hamid,pasha,Viticole et Vinicole d'Egypte,president,293
P00553,1938,S.E. Soliman Abdel Hamid Pacha,Soliman Abdel Hamid,soliman abdel hamid,pasha,Ang\o-Belgia..n Co. of Egypt Ltd,member,293
P00554,1938,Soliman Skender,Soliman Skender,soliman skender,,"The Choremi, Benachi Cotton Co",director,294
P00555,1938,Spetscropoulo D,Spetscropoulo D,spetskropulo,,United Egyptian Nile Transport Co,managing_director,294
P00138,1938,Spetseropoulo G. D,Spetseropoulo G. D,spetseropulo,,United Egyptian Nile Transport Co,managing_director,294
P00556,1938,Spiliotaki A,Spiliotaki A,spiliotaki,,Conseil d'Administration de la Banque d'Athènes,member,294
P00557,1938,S.E. SpiniŒ Pacha Major Général El Férik Sir C. W,SpiniŒ Pacha Major Général El Férik Sir C. W,spinio pasha magor general ferik sir,,Egyptian \Vorks & Construction Co,president,294
P00557,1938,S.E. SpiniŒ Pacha Major Général El Férik Sir C. W,SpiniŒ Pacha Major Général El Férik Sir C. W,spinio pasha magor general ferik sir,,"The Egyptian Copper 'vVorks, S.A.E",director,294
P00558,1938,Stathatos Antoine,Stathatos Antoine,stathatos antoin,,Banque d'Athènes,director,294
P00559,1938,Stephanou A,Stephanou A,stefanu,,~tration de la Banque d'Athènes,director,294
P00560,1938,Stevens T. F,Stevens T. F,stevens,,The Mortgage Co. of Egypt,liquidator,294
P00560,1938,Stevens T. F,Stevens T. F,stevens,,The Anglo-Egyptian Land Allotment Co,director,294
P00560,1938,Stevens T. F,Stevens T. F,stevens,,The Egyptian Delta Land & Investment Co. Ltd,director,294
P00561,1938,Stoffel Comm. Arrigo,Stoffel Comm. Arrigo,stofel kom arigo,,Banco Italo-Egiziano,director,294
P00562,1938,Sti·ange Abner Franl{,Sti·ange Abner Franl{,stiang abner franl,,Anglo-Egyptian Motor,manager,294
P00562,1938,Sti·ange Abner Franl{,Sti·ange Abner Franl{,stiang abner franl,,Société California Egyptiennne de,director,294
P00139,1938,Strologo R. C,Strologo R. C,strologo,,Alexandria Insurance Co,director,294
P00139,1938,Strologo R. C,Strologo R. C,strologo,,S.A. des Presses Libres Egyptiennes,managing_director,294
P00563,1938,Suarès Gustave,Suarès Gustave,suares gustav,,Société Foncière d'Egypte,director,294
P00142,1938,Suarès Jacques,Suarès Jacques,suares gakues,,Commercial Bank of Egypt,director,294
P00142,1938,Suarès Jacques,Suarès Jacques,suares gakues,,Société Egyptienne d'Entreprises Urbaines et Rurales,director,294
P00564,1938,Suarès Léon,Suarès Léon,suares leon,,Société Foncière du,director,294
P00144,1938,Sultan Dr. Fouad,Sultan Dr. Fouad,sultan dr fuad,,Société Foncière d'Egypte,managing_director,295
P00144,1938,Sultan Dr. Fouad,Sultan Dr. Fouad,sultan dr fuad,,Banque du C1·édit Agricole d'Egypte,director,295
P00144,1938,Sultan Dr. Fouad,Sultan Dr. Fouad,sultan dr fuad,,"Banque du Crédit Hypothécaire Agricole d'Egypte, c",director,295
P00144,1938,Sultan Dr. Fouad,Sultan Dr. Fouad,sultan dr fuad,,Hosetta& Alexandria Hice Mills,director,295
P00144,1938,Sultan Dr. Fouad,Sultan Dr. Fouad,sultan dr fuad,,"Société Egyptienne pour le Développement et le Commerce des Légumes, Fnüts & Fleurs",director,295
P00145,1938,Smsock Nicolas A,Smsock Nicolas A,smsok nikolas,,S. A. des Immeubles d'EgypLe,vice_president,295
P00145,1938,Smsock Nicolas A,Smsock Nicolas A,smsok nikolas,,National Insurance Co,vice_president,295
P00565,1938,Sm·sock Wladimlr·,Sm·sock Wladimlr·,smsok uladimlr,,Kafr El Zay at CoLLan Co,vice_president,295
P00565,1938,Sm·sock Wladimlr·,Sm·sock Wladimlr·,smsok uladimlr,,Kafr El Zayat Land Co,director,295
P00566,1938,Tagher Oscar·,Tagher Oscar·,tagher oskar,,Société California Texas des Pétroles,director,295
P00566,1938,Tagher Oscar·,Tagher Oscar·,tagher oskar,,Société California Egyptienne des Pétroles,director,295
P00566,1938,Tagher Oscar·,Tagher Oscar·,tagher oskar,,Société Texas Egyptienne des Pétroles,director,295
P00566,1938,Tagher Oscar·,Tagher Oscar·,tagher oskar,,The Egyptian Road Construction,director,295
P00566,1938,Tagher Oscar·,Tagher Oscar·,tagher oskar,,The Amalgamated lee Factories & Cold Stores,director,295
P00567,1938,Tagher Philippe Me,Tagher Philippe Me,tagher filip m,,"The Hinshelwood Paint & Oil Cy. of Egypt, S A.E",director,295
P00568,1938,S.E. Taher Mohamed Pacha,Taher Mohamed,taer moamed,pasha,Cercle Royal d'Escrime et autres cercles sporl'ifs,president,295
P00568,1938,S.E. Taher Mohamed Pacha,Taher Mohamed,taer moamed,pasha,National Petroleum Cy,president,295
P00568,1938,S.E. Taher Mohamed Pacha,Taher Mohamed,taer moamed,pasha,Société Egyptienne Financière pour le Commerce,president,295
P00568,1938,S.E. Taher Mohamed Pacha,Taher Mohamed,taer moamed,pasha,Industrie (( Sefina »,president,295
P00568,1938,S.E. Taher Mohamed Pacha,Taher Mohamed,taer moamed,pasha,Misr Airwork,vice_president,295
P00568,1938,S.E. Taher Mohamed Pacha,Taher Mohamed,taer moamed,pasha,Société Egyptienne des Pétroles,vice_president,295
P00568,1938,S.E. Taher Mohamed Pacha,Taher Mohamed,taer moamed,pasha,Société Misr d'Assurances Générales,director,295
P00568,1938,S.E. Taher Mohamed Pacha,Taher Mohamed,taer moamed,pasha,Société Misr pour Voyages,director,295
P00148,1938,S.E. Takla G. Pacha,Takla G.,takla,pasha,-Propriétaire du Journal «Al-Abram»,manager,295
P00148,1938,S.E. Takla G. Pacha,Takla G.,takla,pasha,Société Egyptienne de Minoterie,president,295
P00148,1938,S.E. Takla G. Pacha,Takla G.,takla,pasha,Silos,president,295
P00148,1938,S.E. Takla G. Pacha,Takla G.,takla,pasha,The Egyptian Neon Light Cy,president,295
P00569,1938,Tanrt·ed C. II,Tanrt·ed C. II,tanrted i,,Aclminislrulion cie l'Egyplinn General Omnibus,council_member,296
P00570,1938,Tepeghiosi 1\'ieolas,Tepeghiosi 1\'ieolas,tepeghiosi ieolas,,Banque de Commerce N. Tcpeglliosi& Co,manager,296
P00571,1938,Tel'llynl R,Tel'llynl R,tel linl,,ln S.E. cl'ltTig.1lion,director,296
P00572,1938,Theunis Col. Georges,Theunis Col. Georges,theunis kol georges,,ln Cniro Elcclric !\ailways & Heliopolis Oaser,vice_president,296
P00573,1938,Thir·icz PierTe Pollet,Thir·icz PierTe Pollet,thirikz piert polet,,"\clminislra-tion clc la Soeiél.é Egypliermc de Filature cl de Tissage de !""aine, S.A.E",council_member,296
P00574,1938,Thui\CI' Geor·ges Léonard,Thui\CI' Geor·ges Léonard,thuisi georges leonard,,"Thr Sl1effield Smclling Co. (Egypl), S.A.E",director,296
P00575,1938,Tot·icl Raphaël,Tot·icl Raphaël,totikl rafael,,"p.i. du Conseil d'Administrali~n clc The Union CoLLan Cy.-of Alcxandl""ia, S.A",director,296
P00575,1938,Tot·icl Raphaël,Tot·icl Raphaël,totikl rafael,,"p.i. du Conseil d'Administrali~n clc The Union CoLLan Cy.-of Alcxandl""ia, S.A",president,296
P00575,1938,Tot·icl Raphaël,Tot·icl Raphaël,totikl rafael,,"Usines 1\élinies d'Egrenage ct cl'IIuilcrics, S.A.E",director,296
P00575,1938,Tot·icl Raphaël,Tot·icl Raphaël,totikl rafael,,"Usines 1\élinies d'Egrenage ct cl'IIuilcrics, S.A.E",president,296
P00575,1938,Tot·icl Raphaël,Tot·icl Raphaël,totikl rafael,,socidé Gént'~1 ale de Pressage cl de Dépôt~,director,296
P00575,1938,Tot·icl Raphaël,Tot·icl Raphaël,totikl rafael,,"Filatme Nationale cl 'Egypte, S. A.E",director,296
P00575,1938,Tot·icl Raphaël,Tot·icl Raphaël,totikl rafael,,Société Egyptienne çl'Entrcprises Urbaines cl Hurales,director,296
P00575,1938,Tot·icl Raphaël,Tot·icl Raphaël,totikl rafael,,Société Cotonnière Maarad,director,296
P00575,1938,Tot·icl Raphaël,Tot·icl Raphaël,totikl rafael,,Société Anonyme Immobilière du Domaine de Siouf,director,296
P00575,1938,Tot·icl Raphaël,Tot·icl Raphaël,totikl rafael,,The Upper Bgypt Ginning Factory,director,296
P00575,1938,Tot·icl Raphaël,Tot·icl Raphaël,totikl rafael,,The Commercial Dank of Egypt,director,296
P00576,1938,Toulow1ji J,Toulow1ji J,tulugi,,S.A. des Drogueries cl'Egypte,president,297
P00576,1938,Toulow1ji J,Toulow1ji J,tulugi,,The Bottled Gas Company,president,297
P00576,1938,Toulow1ji J,Toulow1ji J,tulugi,,Suclan lm port & Export Cy,delegate,297
P00576,1938,Toulow1ji J,Toulow1ji J,tulugi,,Pod-Sudan Forwarding Cy. Ltd,delegate,297
P00576,1938,Toulow1ji J,Toulow1ji J,tulugi,,Société d'Avances Commerciales,director,297
P00577,1938,Tl·ehal<i Antoine,Tl·ehal<i Antoine,tleali antoin,,S.A. des Terrains Guizeh& Rodab,managing_director,297
P00578,1938,Trembley Ernesl,Trembley Ernesl,tremblei ernesl,,Comptoir d<'s Ciments,managing_director,297
P00579,1938,Tomal1,Tomal1,tomal,,Crédit lmmobilic1· Suisse-Egyptien,vice_president,297
P00580,1938,Tuby Félix Bey,Tuby Félix,tubi felix,bey,H.oseLLa & Alexandria Hice Mills,vice_president,297
P00581,1938,TulUe James Henry,TulUe James Henry,tulu games henri,,lu Société CaliJornia Texas des Pétroles. u,director,297
P00582,1938,Urban Il,Urban Il,urban il,,lu s ..\ . des Tramways elu Caire,president,297
P00583,1938,Vais Alessandro,Vais Alessandro,vais alesandro,,cl'Admi.nisLmtion de la S.A. Agricole ct Induskiellc d'EgypLe,council_member,297
P00152,1938,Vais Ezio,Vais Ezio,vais ezio,,cL Dirccl.eur Générnl cie In Société Anonyme Ag1·icole ct Jncluslriclle d'Egyple,delegate,297
P00584,1938,ValpCt·ga Conte Em·ico San Marlino,ValpCt·ga Conte Em·ico San Marlino,valpktga kont emiko san marlino,,Caisse J lypoL11écaire d'Egypte,delegate,297
P00153,1938,Vannucci Comm. Gr·isante,Vannucci Comm. Gr·isante,vanuksi kom grisant,,The Egyptian Hotels Ud,director,298
P00153,1938,Vannucci Comm. Gr·isante,Vannucci Comm. Gr·isante,vanuksi kom grisant,,The Egyptian Salt & Soda Cy. Ud,director,298
P00153,1938,Vannucci Comm. Gr·isante,Vannucci Comm. Gr·isante,vanuksi kom grisant,,Grands I-Ié'Jtels d'Egypte,director,298
P00153,1938,Vannucci Comm. Gr·isante,Vannucci Comm. Gr·isante,vanuksi kom grisant,,The National Petroleum Cy,director,298
P00153,1938,Vannucci Comm. Gr·isante,Vannucci Comm. Gr·isante,vanuksi kom grisant,,Société Egyptienne des Pétroles,director,298
P00153,1938,Vannucci Comm. Gr·isante,Vannucci Comm. Gr·isante,vanuksi kom grisant,,S.A. Immobilière elu Domaine de Siouf,director,298
P00153,1938,Vannucci Comm. Gr·isante,Vannucci Comm. Gr·isante,vanuksi kom grisant,,Société Egyptienne des Entreprises Urbaines et Rurales,director,298
P00153,1938,Vannucci Comm. Gr·isante,Vannucci Comm. Gr·isante,vanuksi kom grisant,,The Palestine IIotels,director,298
P00153,1938,Vannucci Comm. Gr·isante,Vannucci Comm. Gr·isante,vanuksi kom grisant,,Société Financière et Industrielle d'Egypte,director,298
P00585,1938,Venino Comte Pier· Gaetano,Venino Comte Pier· Gaetano,venino komt pier gaetano,,Banco Italo-Egiziano,vice_president,298
P00586,1938,Vcroi Gr. Uff. Giuseppe Pieti·o,Vcroi Gr. Uff. Giuseppe Pieti·o,vkroi gr uf giusep pietio,,Banco Italo-Egiziano,director,298
P00154,1938,Vincenot,Vincenot,vinsenot,,Crédit Foncier Egyptien,president,298
P00154,1938,Vincenot,Vincenot,vinsenot,,"Compagnie d'Assurances ""Al Chark """,president,298
P00154,1938,Vincenot,Vincenot,vinsenot,,"Sociétés d'Assurances ""La Nationale )). (Nombreuseshautes décorations égyptiennes et étrangères)",director,298
P00587,1938,Vitali Gr·. Uff. Avv. Vittorio Cal'lo,Vitali Gr·. Uff. Avv. Vittorio Cal'lo,vitali gr uf av vitorio kal lo,,Italo-Egiziano,director,298
P00588,1938,Vivante AHl 'Cd,Vivante AHl 'Cd,vivant ahl kd,,cl 'Administration de la S. A. E. Industl'ie Fil>res Textiles,council_member,298
P00589,1938,Vogué Mat•quis de,Vogué Mat•quis de,vogu matkuis,,Crédit Lyonnais,president,298
P00589,1938,Vogué Mat•quis de,Vogué Mat•quis de,vogu matkuis,,Crédit Lyonnais,director,298
P00590,1938,Vraila Nicolas,Vraila Nicolas,vraila nikolas,,Banque de Commerce N. Tepeghiosi & Co. w,director,298
P00591,1938,Waeckei·Iin Comm. Osca1·,Waeckei·Iin Comm. Osca1·,uaekein kom oska,,"Admli1istration du Banco Italo-Egiziano. ""Vallacc, Duu('an, 13u·rrister at Lem•",council_member,298
P00591,1938,Waeckei·Iin Comm. Osca1·,Waeckei·Iin Comm. Osca1·,uaekein kom oska,,Société Texas Egyptienne des Pétroles ct de la Califomia Egyptienne des Pét1·oles,director,298
P00592,1938,Wcdcmeycr Ruppel'l Golclinn,Wcdcmeycr Ruppel'l Golclinn,ukdkmeikr rupel golklin,,Soc,director,298
P00592,1938,Wcdcmeycr Ruppel'l Golclinn,Wcdcmeycr Ruppel'l Golclinn,ukdkmeikr rupel golklin,,Société Califomiu Egyptienne des Pétroles,director,298
P00156,1938,Wcllhofï Salomon,Wcllhofï Salomon,uklhofi salomon,,Egyptian Bonded vVarehouses Co,president,298
P00156,1938,Wcllhofï Salomon,Wcllhofï Salomon,uklhofi salomon,,The Egyptian Petroleum Storage Co,president,298
P00156,1938,Wcllhofï Salomon,Wcllhofï Salomon,uklhofi salomon,,The Port-Said Salt Association Ltd,president,298
P00156,1938,Wcllhofï Salomon,Wcllhofï Salomon,uklhofi salomon,,Société de Trans-,president,298
P00593,1938,Wemer W. II,Wemer W. II,uemer i,,Société des Autobus de Béhéra,director,299
P00593,1938,Wemer W. II,Wemer W. II,uemer i,,"Gharbieh, S.A.E",director,299
P00594,1938,Williams R. E,Williams R. E,uiliams,,"Alcxandria Commercial Co., S.A",director,299
P00594,1938,Williams R. E,Williams R. E,uiliams,,Soc,director,299
P00594,1938,Williams R. E,Williams R. E,uiliams,,S.A. Immobilière des Terrains Guizeh& Rodah,director,299
P00595,1938,Wissa Fahmy Hanna Bey,Wissa Fahmy Hanna,uisa fahmi hana,bey,Société Egyptienne pour l'Exploitation de Mines ct,member,299
P00596,1938,Carrières,Carrières,karieres,,"The Nile Ginning Co., S.A.E",director,299
P00597,1938,Wyle1· E,Wyle1· E,uil,,elu Crédit Lyonnais à Alexandrie,manager,299
P00597,1938,Wyle1· E,Wyle1· E,uil,,"Société Immobilière d'Alexandrie, S.A.F. y",director,299
P00598,1938,Yamodis Nicolas,Yamodis Nicolas,iamodis nikolas,,The Egyptian Delta Rice Mills Co,partner,299
P00598,1938,Yamodis Nicolas,Yamodis Nicolas,iamodis nikolas,,The Egyptian Delta Rice Mills Co,manager,299
P00599,1938,Yamodis Ph. Captain,Yamodis Ph. Captain,iamodis f kaptain,,Surveillance de The Egyptian Delta Rice Mills Co,committee_member,299
P00600,1938,S.E. Yeghen Ahmecl Miclhat Pacha,Yeghen Ahmecl Miclhat,ieghen ahmekl miklhat,pasha,Banque Misr,president,299
P00600,1938,S.E. Yeghen Ahmecl Miclhat Pacha,Yeghen Ahmecl Miclhat,ieghen ahmekl miklhat,pasha,toutes les Sociétés créées par le Groupement Misr,president,299
P00600,1938,S.E. Yeghen Ahmecl Miclhat Pacha,Yeghen Ahmecl Miclhat,ieghen ahmekl miklhat,pasha,Société Foncière d'Egyptc,vice_president,299
P00601,1938,Yehia Aly Emine Bey,Yehia Aly Emine,ieia ali emin,bey,cie la Chambre de Commerce Egyptienne d'Alexandrie,president,299
P00601,1938,Yehia Aly Emine Bey,Yehia Aly Emine,ieia ali emin,bey,The Alexandria Navigation Cy,president,299
P00601,1938,Yehia Aly Emine Bey,Yehia Aly Emine,ieia ali emin,bey,The Alexandria Navigation Cy,managing_director,299
P00601,1938,Yehia Aly Emine Bey,Yehia Aly Emine,ieia ali emin,bey,"The Egyptian Produce Trading Cy., S.A.E",president,299
P00601,1938,Yehia Aly Emine Bey,Yehia Aly Emine,ieia ali emin,bey,"The Egyptian Produce Trading Cy., S.A.E",managing_director,299
P00601,1938,Yehia Aly Emine Bey,Yehia Aly Emine,ieia ali emin,bey,T!1e Alexandrin Navigation Cy. Ltcl. (London),president,299
P00601,1938,Yehia Aly Emine Bey,Yehia Aly Emine,ieia ali emin,bey,T!1e Alexandrin Navigation Cy. Ltcl. (London),managing_director,299
P00601,1938,Yehia Aly Emine Bey,Yehia Aly Emine,ieia ali emin,bey,"The Alcxandria Pressing Co., S.A.E",president,299
P00601,1938,Yehia Aly Emine Bey,Yehia Aly Emine,ieia ali emin,bey,The Egyptian Trading Co. Ltcl. (Liverpool),president,299
P00601,1938,Yehia Aly Emine Bey,Yehia Aly Emine,ieia ali emin,bey,"The Alexanclria Insurance Co., S.A.E",vice_president,299
P00601,1938,Yehia Aly Emine Bey,Yehia Aly Emine,ieia ali emin,bey,"Theational Contracting Co., S.A.E",vice_president,299
P00602,1938,Yol<ana Davis,Yol<ana Davis,iolana davis,,Fabrique de Produits Chimiques,director,300
P00603,1938,S.E. Zananil'i GcOt·ges l'acha,Zananil'i GcOt·ges l'acha,zananil gkotges asha,,\dmiuislration du Crédit Immollilier Suissc-Egypticll,council_member,300
P00604,1938,ZarHi ThéotiOI'C,ZarHi ThéotiOI'C,zarhi theotioi,,The. Land Baui<. of Egy11L,director,300
P00605,1938,S.E. Zaycd,Zaycd,zaikd,,"Société Egyptienne pour le Tannage cL l'Industrie du Cuir, S.A.K",president,300
P00606,1938,Liban,Liban,liban,,"Socl6t6 Egyptienne Financière pour le Commercect l'Industrie "" Sefina ""·",director,301
P00607,1938,France,France,frans,,Sénat,president,301
P00608,1942,Abaza Abdallah Fikri Bey,Abaza Abdallah Fikri,abaza abdalah fikri,bey,Société pour la Vente des Produits Egvpliens. S.A.E,director,57
P00609,1942,Abaza Abdel Hamid Bey,Abaza Abdel Hamid,abaza abdel hamid,bey,"Société Egvpliénne pour le Développement du Commerce des Lé- gumes, Fruits el Fleurs",delegate,57
P00163,1942,S.E. Abaza Fouad Pacha,Abaza Fouad,abaza fuad,pasha,-Général de la Sociélé Royale d’A- gricullure,manager,57
P00163,1942,S.E. Abaza Fouad Pacha,Abaza Fouad,abaza fuad,pasha,lAssocialion des Anciens Elèves du Collège d'Agriculture d'Egypte,president,57
P00163,1942,S.E. Abaza Fouad Pacha,Abaza Fouad,abaza fuad,pasha,Union des Agriculleurs d'Egvple,president,57
P00164,1942,S.E. Abboud Mohamed Ahmed Pacha,Abboud Mohamed Ahmed,abud moamed ahmed,pasha,Con- seil d'Administration de The Egvptian General Omnibus Co,president,57
P00164,1942,S.E. Abboud Mohamed Ahmed Pacha,Abboud Mohamed Ahmed,abud moamed ahmed,pasha,Commercial Bank of Egypt,president,57
P00164,1942,S.E. Abboud Mohamed Ahmed Pacha,Abboud Mohamed Ahmed,abud moamed ahmed,pasha,-Dé- légué de la Société Générale des Sucreries el Raffinerie d'E- gvple,director,57
P00164,1942,S.E. Abboud Mohamed Ahmed Pacha,Abboud Mohamed Ahmed,abud moamed ahmed,pasha,The Khedivial Mail Line,director,57
P00164,1942,S.E. Abboud Mohamed Ahmed Pacha,Abboud Mohamed Ahmed,abud moamed ahmed,pasha,"Tilburv Contrac- ing & Dredging Co. (Foreign, Lid",director,57
P00164,1942,S.E. Abboud Mohamed Ahmed Pacha,Abboud Mohamed Ahmed,abud moamed ahmed,pasha,Société Générale Immobilière d’E- gvple,director,57
P00610,1942,S.E. Abdel Aziz Bey Radwan,Abdel Aziz Bey Radwan,abdel aziz bei raduan,,Société Cotou- nière «Maarad»,director,57
P00611,1942,Abdel Fattah El Lozi,Abdel Fattah El Lozi,abdel fatah lozi,,"- lion de la Banque Misr, S.A.E",director,57
P00611,1942,Abdel Fattah El Lozi,Abdel Fattah El Lozi,abdel fatah lozi,,"Sociélé Misr de Fila- ture el de Tissage, S.A.E",director,57
P00611,1942,Abdel Fattah El Lozi,Abdel Fattah El Lozi,abdel fatah lozi,,Société Misr pour le Tissage de la Soie,managing_director,57
P00612,1942,Abdel Hai Khalil Bey Dépulé,Abdel Hai Khalil Bey Dépulé,abdel hai khalil bei depul,,- tion de Ja Société Misr de Filature el de Tissage Fin en co- ton égvplien (usines Kafr EI Dawar) el de Mehalla Kobra. de la Banque Misr,director,58
P00612,1942,Abdel Hai Khalil Bey Dépulé,Abdel Hai Khalil Bey Dépulé,abdel hai khalil bei depul,,"Société Misr de Filalure el de Tis- sage, S.A.E",director,58
P00613,1942,Abdel Hamid Chérif Bey,Abdel Hamid Chérif,abdel hamid sherif,bey,Société Egvp- tienne de Minolerie el de Silos,director,58
P00614,1942,S.E. Abdel Hamid El Bannan Bey,Abdel Hamid El Bannan,abdel hamid banan,bey,Fiat,director,58
P00615,1942,Abdel Hamid Fathi Bey,Abdel Hamid Fathi,abdel hamid fathi,bey,"Société Egvplienne pour le Développement du Commerce des Légumes, Fruits el Fleurs",director,58
P00616,1942,S.E. Sir Abdel Hamid Soliman Pacha À.U./,Sir Abdel Hamid Soliman Pacha À.U./,sir abdel hamid soliman pasha,,Société Egvplienne d’Electricité,director,58
P00616,1942,S.E. Sir Abdel Hamid Soliman Pacha À.U./,Sir Abdel Hamid Soliman Pacha À.U./,sir abdel hamid soliman pasha,,Alexandria Insurance Co,director,58
P00616,1942,S.E. Sir Abdel Hamid Soliman Pacha À.U./,Sir Abdel Hamid Soliman Pacha À.U./,sir abdel hamid soliman pasha,,The Land Bank of Egypt,director,58
P00616,1942,S.E. Sir Abdel Hamid Soliman Pacha À.U./,Sir Abdel Hamid Soliman Pacha À.U./,sir abdel hamid soliman pasha,,The Alexandria & Ramleh Rlys Co,director,58
P00616,1942,S.E. Sir Abdel Hamid Soliman Pacha À.U./,Sir Abdel Hamid Soliman Pacha À.U./,sir abdel hamid soliman pasha,,"Sté, Misr pour le Transport",director,58
P00617,1942,Abdel Kerim El Sibai Bey,Abdel Kerim El Sibai,abdel kerim sibai,bey,Banque Misr Svrie-Liban,delegate,58
P00618,1942,Abdel Kerim Raouf Bey,Abdel Kerim Raouf,abdel kerim rauf,bey,- ration de The Manure Co. of Egvpl (S.A.),president,58
P00619,1942,Abdel Maksoud Ahmed Bey,Abdel Maksoud Ahmed,abdel maksud ahmed,bey,"Misr Shipping, S.A.E",director,58
P00620,1942,Abdel Malek Hamza Bey Avocal,Abdel Malek Hamza Bey Avocal,abdel malek hamza bei avokal,,«Al Chark»,manager,58
P00620,1942,Abdel Malek Hamza Bey Avocal,Abdel Malek Hamza Bey Avocal,abdel malek hamza bei avokal,,"Société Egyp- tienne de Caoutchouc, S.A.E",director,58
P00620,1942,Abdel Malek Hamza Bey Avocal,Abdel Malek Hamza Bey Avocal,abdel malek hamza bei avokal,,S.A.E. «Almina»,director,58
P00621,1942,Abdel Meguid Radouan Bey,Abdel Meguid Radouan,abdel meguid raduan,bey,- tion de la Société Egvplienne pour le Développement et le,director,59
P00622,1942,Abdel Moneim El Dib Bey,Abdel Moneim El Dib,abdel moneim dib,bey,Société Nationale du Papier. S.A.E,director,59
P00165,1942,Abdel Rahim Hussein Me,Abdel Rahim Hussein Me,abdel raim husein m,,"Société Egvptienne des Industries Chimiques, S.A.E",director,59
P00167,1942,Abdel Rahman Hamada Bey,Abdel Rahman Hamada,abdel rahman hamada,bey,Société Misr pour la Filalure el le Tissage (Mehalla el Kobra),director,59
P00167,1942,Abdel Rahman Hamada Bey,Abdel Rahman Hamada,abdel rahman hamada,bey,Société Misr pour la Filalure el le Tissage (Mehalla el Kobra),general_manager,59
P00167,1942,Abdel Rahman Hamada Bey,Abdel Rahman Hamada,abdel rahman hamada,bey,- nistration de la Société Misr pour la Filature et le Tissage Fin en Coton Egvplien (Kafr el Dawar),director,59
P00167,1942,Abdel Rahman Hamada Bey,Abdel Rahman Hamada,abdel rahman hamada,bey,Beida Dyers Co,director,59
P00167,1942,Abdel Rahman Hamada Bey,Abdel Rahman Hamada,abdel rahman hamada,bey,The Misr Concrele Development Co,director,59
P00167,1942,Abdel Rahman Hamada Bey,Abdel Rahman Hamada,abdel rahman hamada,bey,Société Egyptienne pour le Tannage et Findustrie du Cuir,director,59
P00167,1942,Abdel Rahman Hamada Bey,Abdel Rahman Hamada,abdel rahman hamada,bey,Société Misr pour le Lin,director,59
P00623,1942,S.E. Abdel Razzak Aboul Kheir Pacha,Abdel Razzak Aboul Kheir,abdel razak abul kheir,pasha,Crédit Agricole el Hypothécaire d'E- gvple,director,59
P00623,1942,S.E. Abdel Razzak Aboul Kheir Pacha,Abdel Razzak Aboul Kheir,abdel razak abul kheir,pasha,Banque Belge el Internationale en Egypte,director,59
P00623,1942,S.E. Abdel Razzak Aboul Kheir Pacha,Abdel Razzak Aboul Kheir,abdel razak abul kheir,pasha,Société Egvplienne des Industries Textiles,director,59
P00623,1942,S.E. Abdel Razzak Aboul Kheir Pacha,Abdel Razzak Aboul Kheir,abdel razak abul kheir,pasha,"PAlexan- dria Navigation Gx., S.A.E. de la Commercial & Agency of Egypt Ltd",director,59
P00624,1942,Abdel Razzak Saad,Abdel Razzak Saad,abdel razak sad,,«iu Conseil ‘d'Administration de la S.A.E. Carhba,member,59
P00625,1942,Aboul Ela Aly Mohayessin El Hag,Aboul Ela Aly Mohayessin El Hag,abul ela ali moaiesin hag,,Société des Omnibus de Favoum,director,59
P00625,1942,Aboul Ela Aly Mohayessin El Hag,Aboul Ela Aly Mohayessin El Hag,abul ela ali moaiesin hag,,Sociélé des Aulobus de Charkieh,director,59
P00625,1942,Aboul Ela Aly Mohayessin El Hag,Aboul Ela Aly Mohayessin El Hag,abul ela ali moaiesin hag,,The Upper Bus Co. S.A.E,director,59
P00169,1942,Aboul Ela Mahmoud,Aboul Ela Mahmoud,abul ela mahmud,,Société Egyptienne pour le Tannage,director,59
P00169,1942,Aboul Ela Mahmoud,Aboul Ela Mahmoud,abul ela mahmud,,"industrie du Cuir, S.A.E",director,59
P00626,1942,Aboul-Fath,Aboul-Fath,abul fath,,"Asia & Africa Trading CY., S.A.E",director,59
P00627,1942,Aboul Wafa Dunkol El Hag,Aboul Wafa Dunkol El Hag,abul uafa dunkol hag,,"The Upper Egvpt Bus Co., S.A.E",director,59
P00628,1942,Acher Abramino S,Acher Abramino S,asher abramino,,Société Foncière du Domaine de Cheikh Fadl,manager,59
P00628,1942,Acher Abramino S,Acher Abramino S,asher abramino,,Société Anonyme des Halles Centrales d'Egypte,delegate,59
P00629,1942,Adda Me. Charles,Adda Me. Charles,ada m sharles,,"The Egyplian Neon Lights Co., S.A.E",vice_president,60
P00629,1942,Adda Me. Charles,Adda Me. Charles,ada m sharles,,S.A. des Halles Centrales d’Egvple,director,60
P00007,1942,Adda Fernand C.A,Adda Fernand C.A,ada fernand,,"Easlern Export Co., S.A",director,60
P00007,1942,Adda Fernand C.A,Adda Fernand C.A,ada fernand,,"Easlern Export Co., S.A",managing_director,60
P00008,1942,Adda Joseph A,Adda Joseph A,ada gosef,,Comilé de Surveillance de Ja S.A. Agricole el Industrielle d'Egyvple,president,60
P00008,1942,Adda Joseph A,Adda Joseph A,ada gosef,,The Building Lands of Egvpl,liquidator,60
P00008,1942,Adda Joseph A,Adda Joseph A,ada gosef,,"FEaslern Export Co., de Ta Garbieh Land Co. de lEgvplian Enterprise & De- velopment Co",delegate,60
P00008,1942,Adda Joseph A,Adda Joseph A,ada gosef,,SALE. Carba,delegate,60
P00008,1942,Adda Joseph A,Adda Joseph A,ada gosef,,"!a Sociélé Industrielle des Asphalles e! Pétroles de Lallaquiéel de la Egyplian Works & Construction Co., S.A.E",director,60
P00630,1942,Adda Me. René,Adda Me. René,ada m ren,,SA. des Chemins de Fer Kéneh Assouan el de la S.A. des Halles Cen- lrales d'Egyple,director,60
P00631,1942,Adda Victor AÀ,Adda Victor AÀ,ada viktor a,,"Eastern Export Co. el de la S.A, des Immeubles de PEsl",president,60
P00631,1942,Adda Victor AÀ,Adda Victor AÀ,ada viktor a,,"Egvplian Works & Cons- truclion Co. el de la Sté, Anon. du Béhéra",director,60
P00631,1942,Adda Victor AÀ,Adda Victor AÀ,ada viktor a,,S'é. Egvplienne pour la Fabrication el l'Ex- porlalion des Conserves,director,60
P00631,1942,Adda Victor AÀ,Adda Victor AÀ,ada viktor a,,S'é. Egvplienne pour la Fabrication el l'Ex- porlalion des Conserves,delegate,60
P00632,1942,Adès Clément N,Adès Clément N,ades klement,,Société,director,60
P00176,1942,Adès Elie N,Adès Elie N,ades eli,,"The Natio- nal Pelroleum Co., de la Société Egvplienne des Pélroles el de lPAlexandria Racing Club, S.A.E",director,60
P00633,1942,Adès Emile D,Adès Emile D,ades emil,,"The Alexandria Insurance Co., S.A.E",director,60
P00633,1942,Adès Emile D,Adès Emile D,ades emil,,"Alexandria Racing Club, S.A.E",director,60
P00633,1942,Adès Emile N,Adès Emile N,ades emil,,"Usines Textiles «AI Kahira», S.A.E",vice_president,60
P00633,1942,Adès Emile N,Adès Emile N,ades emil,,"Banque Belge el Interna- lionale en Egvple, S.A.E",member,60
P00633,1942,Adès Emile N,Adès Emile N,ades emil,,"Alexandria Racing Club, S.A.E",member,60
P00634,1942,Adès Raphael,Adès Raphael,ades rafael,,p.i. de la Sociélé Géné- rale d’Electricité el de Mécanique,manager,61
P00634,1942,Adès Raphael,Adès Raphael,ades rafael,,"Ad- minisiration de la General Society for Banking, Trading & Land Enterprises, S.A.E",council_member,61
P00635,1942,Afifi Atta Bey,Afifi Atta,afifi ata,bey,"Pharaonic Mail Line, S.A.E",director,61
P00635,1942,Afifi Atta Bey,Afifi Atta,afifi ata,bey,Société Egyplienne de Filalure,director,61
P00635,1942,Afifi Atta Bey,Afifi Atta,afifi ata,bey,"Tissage, de Laine",director,61
P00635,1942,Afifi Atta Bey,Afifi Atta,afifi ata,bey,National Petroleum Co. de la Société Egyptienne des Pétroles (S.E.P.),director,61
P00635,1942,Afifi Atta Bey,Afifi Atta,afifi ata,bey,Uhion Foncière d'Egvpte,director,61
P00635,1942,Afifi Atta Bey,Afifi Atta,afifi ata,bey,The Tractor & Engineering Co. of Egvpl,director,61
P00635,1942,Afifi Atta Bey,Afifi Atta,afifi ata,bey,Banque Belge el Internationale en Egvpte,director,61
P00636,1942,S.E. Dr. Afifi Hafez Pacha,Dr. Afifi Hafez,dr afifi hafez,pasha,Banque Misr,president,61
P00636,1942,S.E. Dr. Afifi Hafez Pacha,Dr. Afifi Hafez,dr afifi hafez,pasha,Banque Misr,managing_director,61
P00636,1942,S.E. Dr. Afifi Hafez Pacha,Dr. Afifi Hafez,dr afifi hafez,pasha,Crédit Foncier Egyptien el de la Socié(é Générale des Su- creries el de la Raffinerie d'Egvpte,director,61
P00637,1942,Transjordanie,Transjordanie,transgordani,,The United Egyplian Nile Transport Co,director,61
P00011,1942,Aghion Gustave,Aghion Gustave,aghion gustav,,The Alexandria Insurance Co,director,61
P00011,1942,Aghion Gustave,Aghion Gustave,aghion gustav,,Grands Hôtels d'Egypte (Ex- Nungovich),director,61
P00011,1942,Aghion Gustave,Aghion Gustave,aghion gustav,,Sociélé Manufacture des Textiles Egyp- liens (Karpelès et Co.),director,61
P00011,1942,Aghion Gustave,Aghion Gustave,aghion gustav,,Sté d'Entreprises Urbaines el Rurales,director,61
P00010,1942,Aghion Max César,Aghion Max César,aghion max sesar,,Ja So- ciélé Franco-Egy\plienne d’'Importation,president,61
P00010,1942,Aghion Max César,Aghion Max César,aghion max sesar,,Ja So- ciélé Franco-Egy\plienne d’'Importation,delegate,61
P00010,1942,Aghion Max César,Aghion Max César,aghion max sesar,,S.A.E. Financière el Immo- di el Co»,vice_president,61
P00638,1942,Alderson Alex. G,Alderson Alex. G,alderson alex,,FAle- xandria Engineering Works,director,61
P00639,1942,Alexander A,Alexander A,alexander,,"The Traclor and Engineering Co. of Egvpl, S.A.E",director,61
P00181,1942,Allain Maurice,Allain Maurice,alain mauris,,S.A. des Monts de Piété Egvptiens,director,61
P00018,1942,Allam Mohamed Bey,Allam Mohamed,alam moamed,bey,Sociélé Egyplienne pour le Développement du Commerce des Légumes. Fruits et Fleurs,director,61
P00018,1942,Allam Mohamed Bey,Allam Mohamed,alam moamed,bey,Société Coopérative Commerciale de Crédit,director,61
P00182,1942,Allard Josse-Louis Baron,Allard Josse-Louis Baron,alard gos luis baron,,Société Belge- Egyptienne de l'Ezbékieh,director,61
P00183,1942,Allemann Georges,Allemann Georges,aleman georges,,Sociélé Egvplienne de la Bourse Commerciale de Minet El Bassal,president,62
P00183,1942,Allemann Georges,Allemann Georges,aleman georges,,AlexXandria Insurance Co. de PAlexandria Life Insurance Co,vice_president,62
P00183,1942,Allemann Georges,Allemann Georges,aleman georges,,National Bank of Egvpl,director,62
P00183,1942,Allemann Georges,Allemann Georges,aleman georges,,S.A.E. «Carba»,director,62
P00183,1942,Allemann Georges,Allemann Georges,aleman georges,,Société Cotonnière «Maarad» el de la Hamala Mining Co,director,62
P00640,1942,Almagia Vittorio,Almagia Vittorio,almagia vitorio,,Société Eg\p- lienne d'Entreprises el Constructions (S.E.D.E.C.),director,62
P00641,1942,Aly Sayed Ayoub Bey,Aly Sayed Ayoub,ali saied aiub,bey,"Sté, des Chaussures Bal’a",director,62
P00642,1942,Amhache S,Amhache S,amhash,,"Ad- ministration de la Near KEasl Finance, S.A.E",council_member,62
P00642,1942,Amhache S,Amhache S,amhash,,Electricitr and Ice Supply Co. S.A.E,general_manager,62
P00185,1942,Ambron Aldo,Ambron Aldo,ambron aldo,,"Union Alerandrine. Grand Officier de la Couronne d'Halie, Chevalier Saints Maurice el Lazare",vice_president,62
P00185,1942,Ambron Aldo,Ambron Aldo,ambron aldo,,Société Egvplienne d'Entreprises Urbaines el Rurales,president,62
P00185,1942,Ambron Aldo,Ambron Aldo,ambron aldo,,Société Egvplienne d'Entreprises el Constructions(S.E.D.E.C.),president,62
P00643,1942,S.E. Amer Ibrahim Pacha,Amer Ibrahim,amer ibraim,pasha,Commercial Bank of Egypt,director,62
P00643,1942,S.E. Amer Ibrahim Pacha,Amer Ibrahim,amer ibraim,pasha,Sociélé Nationale du Papier,director,62
P00186,1942,Amiel Raphael,Amiel Raphael,amiel rafael,,"Société Egvplienne des Industries Chimiques, S.A.E",director,62
P00644,1942,Amin El Moghraby,Amin El Moghraby,amin moghrabi,,So- ciélé Coopéralive Commerciale de Crédit,director,62
P00645,1942,S.E. Sir Amin Osman Pacha,Sir Amin Osman,sir amin osman,pasha,"- lion de Ja Nalional Bank of Egvpl, de la Land Bank of Egypt",director,62
P00646,1942,Anderson Allan Lindsay,Anderson Allan Lindsay,anderson alan lindsai,,"Beida Dyers. S.A.E. el de The Bradford Dyer’s Associa- tion Limiled, Bradford, England",director,62
P00647,1942,Andraus Elias,Andraus Elias,andraus elias,,The Beida Dyers. S.A.E,director,62
P00648,1942,Andriot Col. Maurice,Andriot Col. Maurice,andriot kol mauris,,Société Française des Combustibles Liquides,president,62
P00648,1942,Andriot Col. Maurice,Andriot Col. Maurice,andriot kol mauris,,Société Fran- gaise de Distribulion des Pélroles au Maroc,president,62
P00648,1942,Andriot Col. Maurice,Andriot Col. Maurice,andriot kol mauris,,Société,president,62
P00189,1942,Angeloglou Jean L,Angeloglou Jean L,angeloglu gean,,Surveillance de la Banque de Commerce X. Tepeghiosi el Co,president,63
P00649,1942,Antebi Me. Moise,Antebi Me. Moise,antebi m mois,,S.A. Agricole el Industrielle d'Egvple,director,63
P00650,1942,Appel Emmanuel M,Appel Emmanuel M,apel emanuel,,The Sheffield Co. (Egypt) S.A.E,director,63
P00020,1942,Arcache Antoine Bey,Arcache Antoine,arkash antoin,bey,Alexandria Pressing Co,director,63
P00651,1942,Ardon John G,Ardon John G,ardon gohn,,General,director,63
P00652,1942,Arslan Abdallah Bey Sénaleur,Arslan Abdallah Bey Sénaleur,arslan abdalah bei senaleur,,"Industrie Meunière d'Alexandrie, S.A.E",director,63
P00652,1942,Arslan Abdallah Bey Sénaleur,Arslan Abdallah Bey Sénaleur,arslan abdalah bei senaleur,,"Socicté Egvptlienne d'Industries Chimiques, S.A.E",director,63
P00652,1942,Arslan Abdallah Bey Sénaleur,Arslan Abdallah Bey Sénaleur,arslan abdalah bei senaleur,,Manufacture de Tex- liles Egvpliens (Karpelès & Co,director,63
P00195,1942,Auer Conrad,Auer Conrad,auer konrad,,S.E. de Ciment Portland Tourah,director,63
P00653,1942,Autin Jean,Autin Jean,autin gean,,S.A. des Tramways d'Alexandrie,director,63
P00654,1942,Awre Gilbert Christopher,Awre Gilbert Christopher,aur gilbert shristofer,,"Eastern Co., S.A.E",director,63
P00198,1942,Axelrood Matt M,Axelrood Matt M,axelrod mat,,"Crownegvpl Co., S.A.E",president,63
P00655,1942,Ayoub Georges Me,Ayoub Georges Me,aiub georges m,,"The Egvplian Indepen- dent Oil Co., S.A.E",director,63
P00656,1942,Ayres H F,Ayres H F,aires,,-Administraleur de The Nalional Contracting Company of Egvpl. S.A.E,manager,63
P00657,1942,S.E. Badaoui Abdel Hamid Pacha,Badaoui Abdel Hamid,badaui abdel hamid,pasha,Sté. Fouad ler de la Légis- lation de Statistique el d'Economie Politique,president,63
P00658,1942,Badr Mohamed Bey,Badr Mohamed,badr moamed,bey,"The Near-KEasl Finance, S.A.E",director,63
P00659,1942,Baehler René,Baehler René,baehler ren,,The Elec- tric Light & Power Supply Co,director,63
P00660,1942,Bahari Tewfik,Bahari Tewfik,bari teufik,,Sidi Salem Co,manager,64
P00660,1942,Bahari Tewfik,Bahari Tewfik,bari teufik,,Sidi Salem Co,director,64
P00661,1942,Bahnass Soultan Mahmoud Bey,Bahnass Soultan Mahmoud,bahnas sultan mahmud,bey,- tration de la Société pour la Vente des Produits Egyptiens. S.A.E,director,64
P00662,1942,Bahrawy Aly Dr,Bahrawy Aly Dr,bahraui ali dr,,The,director,64
P00663,1942,Bailey A. W,Bailey A. W,bailei,,The Egypl'an Della Light Raïilways Co,general_manager,64
P00663,1942,Bailey A. W,Bailey A. W,bailei,,Société des Autobus de Béhéra,president,64
P00663,1942,Bailey A. W,Bailey A. W,bailei,,"Gharbieh, S.A.E",president,64
P00663,1942,Bailey A. W,Bailey A. W,bailei,,The United Bus Co,president,64
P00664,1942,Dr. Bak Richard,Bak Richard,bak rishard,,Société des Terrains de la Ville d'Alexandrie,managing_director,64
P00665,1942,Ball,Ball,bal,,Commercial & Agency Co. of Egypt Lid. el de The Alexandria Manufacturing Co. Lid,managing_director,64
P00024,1942,Banoun Alfred,Banoun Alfred,banun alfred,,"S.A. Immobilière du Domaine de Siouf el de la Société des Au- tobus du Nord, S.A.E",director,64
P00666,1942,Baricalla Guido,Baricalla Guido,barikala guido,,Socié- té Egyptienne du Caoutchouc,director,64
P00200,1942,Barkai Ben Zion,Barkai Ben Zion,barkai zion,,"Pel- tours, S.A.E",director,64
P00667,1942,Barker H.A,Barker H.A,barker,,Société Egyptienne de l’industrie de Bonneterie,partner,64
P00667,1942,Barker H.A,Barker H.A,barker,,Société Egyptienne de l’industrie de Bonneterie,director,64
P00667,1942,Barker H.A,Barker H.A,barker,,"Sté. Colonnière d'Egvple, S.A.E",partner,64
P00667,1942,Barker H.A,Barker H.A,barker,,"Sté. Colonnière d'Egvple, S.A.E",director,64
P00668,1942,Barki Edouard,Barki Edouard,barki eduard,,"Cré- dit Alexandrin, S.A.E",delegate,64
P00668,1942,Barki Edouard,Barki Edouard,barki eduard,,"- üon de la Gréance Immobilière, S.A.E. el de «Modern Buil- dings»",director,64
P00399,1942,Baron Roland,Roland,roland,,S.A. des Monts de Piété Egvptiens,director,64
P00669,1942,Barron J.B,Barron J.B,baron,,Egyptian Bon- ded Warehouses Co. Lid,general_manager,64
P00669,1942,Barron J.B,Barron J.B,baron,,Société de,director,64
P00670,1942,Barthe-Dejean Jules,Barthe-Dejean Jules,barth degean gules,,"Comploir Auxiliaire d'En- treprises, S.A.E",director,64
P00671,1942,Bata Henri,Bata Henri,bata henri,,"«Chaussu- res Bata», S.A.E",president,64
P00672,1942,Battino Elie V,Battino Elie V,batino eli,,Manufacture des Textiles Egyptiens (Karpeles & Co.),director,64
P00673,1942,Bavin F. G,Bavin F. G,bavin,,Egyptian Road Construction,director,65
P00205,1942,Beattie Thomas,Beattie Thomas,beati thomas,,"The Hinshelwood Paint & Oil Co. of Egypt, S.A.E",vice_president,65
P00206,1942,Begué Emile,Begué Emile,begu emil,,lPAlexandria & Ramleh Railwavs Co,general_manager,65
P00206,1942,Begué Emile,Begué Emile,begu emil,,The Alexandria Transport Co,director,65
P00674,1942,Behrend Jd. L,Behrend Jd. L,behrend gd,,Ja Rosel- la & Alexandria Rice Mills,president,65
P00674,1942,Behrend Jd. L,Behrend Jd. L,behrend gd,,Behrend & Co. Lid,president,65
P00675,1942,Belilos Léon Jacques,Belilos Léon Jacques,belilos leon gakues,,Grands Hôtels d'Egyple el des Egvplian Hotels Lid,director,65
P00676,1942,Belilos Maurice Youssef,Belilos Maurice Youssef,belilos mauris iusef,,"cle la Société Egyptienne d’'Indusiries Chimiques, S.A.E",director,65
P00677,1942,Bella Alfred,Bella Alfred,bela alfred,,"- tration de la S.A.E, de l'Industrie Fibres Textiles",general_manager,65
P00677,1942,Bella Alfred,Bella Alfred,bela alfred,,"- tration de la S.A.E, de l'Industrie Fibres Textiles",director,65
P00678,1942,Belleni Parissi,Belleni Parissi,beleni parisi,,"Alexandria Racing Club, S.A.E",director,65
P00678,1942,Belleni Parissi,Belleni Parissi,beleni parisi,,Cigareltes «Xestor Gianachs»,director,65
P00210,1942,Benachi Alexandre L,Benachi Alexandre L,benashi alexandr,,The Choremi Benachi Cotton Co,delegate,65
P00210,1942,Benachi Alexandre L,Benachi Alexandre L,benashi alexandr,,Société Cotonnière «Maarad»,delegate,65
P00210,1942,Benachi Alexandre L,Benachi Alexandre L,benashi alexandr,,Société Egvplienne de la Bourse Commerciale de Minel EI Bassal,delegate,65
P00210,1942,Benachi Alexandre L,Benachi Alexandre L,benashi alexandr,,"The Alexandria Walter Co, Lid. el de la SA. des Presses Libres Egvpliennes",delegate,65
P00211,1942,Benachi Lucas Ant,Benachi Lucas Ant,benashi lukas ant,,The Choremi Benachi Col- ton Co,director,65
P00679,1942,Benderli Benjamin,Benderli Benjamin,benderli bengamin,,The,director,65
P00680,1942,Benderli Henri,Benderli Henri,benderli henri,,The Simon,director,65
P00213,1942,Benderli Simon,Benderli Simon,benderli simon,,The Simon Arzl Slo- res. S.A.E,managing_director,65
P00681,1942,Benoist Baron Louis de,Benoist Baron Louis de,benoist baron luis,,- ration de la National Insurance Co. of Egypt,president,65
P00682,1942,Soierie,Soierie,soieri,,"Usines Textiles «Al-Kahira», S.A.E",member,66
P00682,1942,Soierie,Soierie,soieri,,"Usines Textiles «Al-Kahira», S.A.E",managing_director,66
P00682,1942,Soierie,Soierie,soieri,,«Commerciale» Cie. Nationale pour le Commerce,member,66
P00682,1942,Soierie,Soierie,soieri,,«Commerciale» Cie. Nationale pour le Commerce,managing_director,66
P00682,1942,Soierie,Soierie,soieri,,"Industrie, S.A.E",member,66
P00682,1942,Soierie,Soierie,soieri,,"Industrie, S.A.E",managing_director,66
P00682,1942,Soierie,Soierie,soieri,,Asia & Africa Trading Co. S.A.E,member,66
P00682,1942,Soierie,Soierie,soieri,,Asia & Africa Trading Co. S.A.E,managing_director,66
P00682,1942,Soierie,Soierie,soieri,,Firme Besso Frères,partner,66
P00683,1942,Besso Sabino,Besso Sabino,beso sabino,,Sociélé Egyptienne Financière pour le Commerce el l'Industrie«Sefina»,director,66
P00683,1942,Besso Sabino,Besso Sabino,beso sabino,,"Usines Textiles «Al-Kahira», S.A.E",director,66
P00683,1942,Besso Sabino,Besso Sabino,beso sabino,,"Société Kgyptienne pour Findus- irie et le Commerce des Cotonnades «La Cotonnière», S.A.E",delegate,66
P00684,1942,Beyts G,Beyts G,beits,,The Egvptian Aeraled Water,manager,66
P00685,1942,Blakey George A,Blakey George A,blakei georg,,"Bev- da Dyers, S.A.E. el de The Bradford Dyers” Association Limited, Bradford, England",director,66
P00686,1942,Blattner Henry CG. D,Blattner Henry CG. D,blatner henri kg,,-Direcleur en Kgyple de la Si- nai Mining Co. Lid,director,66
P00687,1942,Boissonnas Alphonse,Boissonnas Alphonse,boisonas alfons,,Société Egyptienne de Teinlture el d’'Apprêt,director,66
P00688,1942,Bolton R. P,Bolton R. P,bolton,,The Stan- dard Oil Company of Egvpl,president,66
P00689,1942,Bonafous Alfred,Bonafous Alfred,bonafus alfred,,Sociélé Française des Combustibles Liquides,delegate,66
P00689,1942,Bonafous Alfred,Bonafous Alfred,bonafus alfred,,Sociélé Française de Distribution des Pétroles au Maroc,delegate,66
P00689,1942,Bonafous Alfred,Bonafous Alfred,bonafus alfred,,Société Française de Distribution des Pétroles en Algérie,delegate,66
P00689,1942,Bonafous Alfred,Bonafous Alfred,bonafus alfred,,Société Egyp- tienne des Pétroles,director,66
P00689,1942,Bonafous Alfred,Bonafous Alfred,bonafus alfred,,National Petroléum Co,director,66
P00690,1942,Bonenfant Cav. Luigi,Bonenfant Cav. Luigi,bonenfant kav luigi,,Teinturerie,managing_director,66
P00218,1942,Bordier Pierre,Bordier Pierre,bordier pier,,Crédit Immobilier Suisse-Egyptien,president,66
P00219,1942,Bosiano Constantin,Bosiano Constantin,bosiano konstantin,,"Nile Oil Co., S.A.E",director,66
P00691,1942,Bouchra Hanna Charles,Bouchra Hanna Charles,bushra hana sharles,,Société Anonvme Egvplienne de Constructions EGYCO,director,67
P00692,1942,Boulad Albert,Boulad Albert,bulad albert,,Sidi Salem Co. XX,president,67
P00028,1942,Boulad Khalil,Boulad Khalil,bulad khalil,,- lation de la. Sié. Immobilière de lAvenue de la Reine,president,67
P00693,1942,Nazli,Nazli,nazli,,The Egyplian Delta Land and Investement CY,director,67
P00221,1942,Boulle Léon,Boulle Léon,bul leon,,Alexandria and Ramleh Railways Co. el des Tramways d'Alexandrie,director,67
P00694,1942,Boulos Fouad,Boulos Fouad,bulos fuad,,Sociélé des Autobus de Charkieh el de Dakahlieh el de The UÜnileldl Bus Co,director,67
P00695,1942,Bouvier André,Bouvier André,buvier andr,,Société Egyplienne de Teinture el d'Apprèt,director,67
P00696,1942,Bowring H,Bowring H,buring,,Sté. Misr d'Assurances Générales,director,67
P00030,1942,Boyé Jean André,Boyé Jean André,boi gean andr,,Société Royale d'Economie Politique,council_member,67
P00030,1942,Boyé Jean André,Boyé Jean André,boi gean andr,,Con- seil de la Société Royale de Papyrologie d'Egypte,member,67
P00030,1942,Boyé Jean André,Boyé Jean André,boi gean andr,,"«Al-Chark» (L'ORIENT), S.A.E. d'Assurances sur la Vie",director,67
P00697,1942,Brandenburg Edgar,Brandenburg Edgar,brandenburg edgar,,«Commercia- le» Cie. Nationale pour le Commerce ef l'Industrie,manager,67
P00669,1942,Brincard Baron G,Brincard Baron G,brinkard baron,,The Simon,director,67
P00698,1942,Brown T. E,Brown T. E,brun,,Egyptian Aeraled Water Co. Ltd,director,67
P00699,1942,Brunner Frederic,Brunner Frederic,bruner frederik,,"Ban- que Belge el Internationale en Egvpie, S.A.E",director,67
P00699,1942,Brunner Frederic,Brunner Frederic,bruner frederik,,Central de la Banque Commerciale de Bâle,manager,67
P00700,1942,Buccianti Ruggero E. Ing,Buccianti Ruggero E. Ing,buksianti rugero ing,,"The Egyp- lian Independent Oil Co., S.A.E",delegate,67
P00228,1942,Buchlea Constantin Dr,Buchlea Constantin Dr,bushlea konstantin dr,,Société du Crédil Minier,manager,67
P00228,1942,Buchlea Constantin Dr,Buchlea Constantin Dr,bushlea konstantin dr,,"Nile Oil Co., S.A.E",director,67
P00701,1942,Bungener Alexandre,Bungener Alexandre,bungener alexandr,,Banque de l'Union Pa- risienne,vice_president,67
P00701,1942,Bungener Alexandre,Bungener Alexandre,bungener alexandr,,Paris),director,67
P00315,1942,El Bassal,El Bassal,basal,,- tration de la Société Générale de Pressage,member,68
P00315,1942,El Bassal,El Bassal,basal,,- tration de la Société Générale de Pressage,director,68
P00315,1942,El Bassal,El Bassal,basal,,Dépôts,director,68
P00315,1942,El Bassal,El Bassal,basal,,Sté. Egyptienne de la Bourse Commerciale de Minel-El- Bassal,member,68
P00315,1942,El Bassal,El Bassal,basal,,Sté. Egyptienne de la Bourse Commerciale de Minel-El- Bassal,director,68
P00315,1942,El Bassal,El Bassal,basal,,"National Ginning Co. of Egvpl, S.A",member,68
P00315,1942,El Bassal,El Bassal,basal,,"National Ginning Co. of Egvpl, S.A",director,68
P00315,1942,El Bassal,El Bassal,basal,,The Electricity and Ice Supply Co,member,68
P00315,1942,El Bassal,El Bassal,basal,,The Electricity and Ice Supply Co,director,68
P00315,1942,El Bassal,El Bassal,basal,,Sociélé Cotonnière«#Maarad»,director,68
P00315,1942,El Bassal,El Bassal,basal,,Surveillance de Hamala Mining Co,council_member,68
P00230,1942,Burlet Charles de,Burlet Charles de,burlet sharles,,à Bruxelles de la Socié- té Belge-Egvptienne de F'Ezbékieh,delegate,68
P00702,1942,Butterworth James,Butterworth James,buteruorth games,,Beida Dryers. S.A.E,delegate,68
P00702,1942,Butterworth James,Butterworth James,buteruorth games,,The Bradford Dyers Associalion Lid. Bradford (England) el de la Socjélé Misr de Filalure,director,68
P00702,1942,Butterworth James,Butterworth James,buteruorth games,,Tissage Fin en Coton Egyptien (usines Kafr el Dawar),director,68
P00231,1942,Buxton Robert V,Buxton Robert V,buxton robert,,FAnglo-Egvplian Oilfields,director,68
P00233,1942,Caias Pantazi,Caias Pantazi,kaias pantazi,,Kafr El Zavyat Land Co,director,68
P00235,1942,Callens Auguste,Callens Auguste,kalens august,,"Ban- que Belge et Internationale en Egyple, S.A.E",president,68
P00703,1942,Cambouris Jean E,Cambouris Jean E,kamburis gean,,Cie. Egyptienne de Navigalion «Le Dodécanèse»,director,68
P00704,1942,Campbell,Campbell,kampbel,,"Marconi Radio Telegraph Co. of Egvpt, S.A.E",delegate,68
P00705,1942,Campbell Major Macknight,Campbell Major Macknight,kampbel magor maknight,,The Sinai Mining Co. Lid,director,68
P00033,1942,Campos Benvenuto,Campos Benvenuto,kampos benvenuto,,"Administralion de la Ge- neral Sociéty for Banking, Trading and Land Enterprises, S.A.E",council_member,68
P00033,1942,Campos Benvenuto,Campos Benvenuto,kampos benvenuto,,Ja Sociélé Générale d'Electricité,managing_director,68
P00033,1942,Campos Benvenuto,Campos Benvenuto,kampos benvenuto,,Mécanique,managing_director,68
P00034,1942,Campos Giuseppe,Campos Giuseppe,kampos giusep,,So- ciété Générale d'Electricité el de Mécanique,president,68
P00034,1942,Campos Giuseppe,Campos Giuseppe,kampos giusep,,"General Society for Banking Trading & Land Enterprises, S.A.E",director,68
P00238,1942,Campos Hans,Campos Hans,kampos hans,,"General Society for Banking, Trading & Land Enterprises, S.A.E",director,68
P00706,1942,Carter Robert,Carter Robert,karter robert,,The Aboukir Co,president,69
P00240,1942,Carton de Wiart Edmond Baron,Carton de Wiart Edmond Baron,karton uiart edmond baron,,Banque Belge el Internalionale en Egypte,director,69
P00036,1942,Carver H. B,Carver H. B,karver,,Société Générale de Pressa- ge,president,69
P00036,1942,Carver H. B,Carver H. B,karver,,Dépôts,president,69
P00036,1942,Carver H. B,Carver H. B,karver,,Sté. Egyptienne de la Bourse Commerciale de Minet El Bassal,director,69
P00243,1942,Castro Charles V,Castro Charles V,kastro sharles,,The Engineering Co. of Egypt,managing_director,69
P00707,1942,Casulli Alexandre M,Casulli Alexandre M,kasuli alexandr,,Garbieh Ginning Co,director,69
P00244,1942,Casulli Jean N,Casulli Jean N,kasuli gean,,Egyptian Cement Works,director,69
P00245,1942,Casulli Michel S,Casulli Michel S,kasuli mishel,,The Garbieh Ginning Co,president,69
P00245,1942,Casulli Michel S,Casulli Michel S,kasuli mishel,,Société Générale de Pressage el de Dépôts,director,69
P00708,1942,Catseflis Jules,Catseflis Jules,katseflis gules,,Filature Nationale d'Egypte,director,69
P00037,1942,Cattaui Aslan Bey,Cattaui Aslan,kataui aslan,bey,Union Foncière d'Egypte,managing_director,69
P00039,1942,Cattaui Elie J,Cattaui Elie J,kataui eli,,Sociélé Générale d’'Electricité el de Mécanique,president,69
P00040,1942,Cattaui Emile,Cattaui Emile,kataui emil,,Kafr El Zayat Colton Co,director,69
P00042,1942,Cattaui René Bey,Cattaui René,kataui ren,bey,Société Anonyme de Wadi Kom- Ombo,manager,69
P00042,1942,Cattaui René Bey,Cattaui René,kataui ren,bey,Société Générale des Sucreries,director,69
P00042,1942,Cattaui René Bey,Cattaui René,kataui ren,bey,Raffinerie d'Egyple,director,69
P00042,1942,Cattaui René Bey,Cattaui René,kataui ren,bey,Tractor & Engineering Co,director,69
P00042,1942,Cattaui René Bey,Cattaui René,kataui ren,bey,Conseil de la Société Ro- vale d’Agricullure,council_member,69
P00709,1942,Celier A,Celier A,selier,,Crédit Foncier Egyptien,director,69
P00709,1942,Celier A,Celier A,selier,,Comp- toir National d'Escompte de Paris,president,69
P00710,1942,Ceysens Albert,Ceysens Albert,seisens albert,,S.E. d'Irrigation,general_manager,70
P00710,1942,Ceysens Albert,Ceysens Albert,seisens albert,,S.E. d'Irrigation,liquidator,70
P00711,1942,Polaire de Suède,Polaire de Suède,polair sued,,"S.A. des Wagons Lits Iran, de«The Upper Egypt Hotels», de la Société Viticole el Vinicole d'Egvpte, Représentant de la Cie. Internalionale des Wa- gons-Lits en Egypte et en Palestine, Chargé des Missions en",director,70
P00712,1942,Chalhoub Georges,Chalhoub Georges,shalhub georges,,Ma- nufacture Egvptienne de Bonnelerie el Tricotage «EI-Nib». S.A.E,director,70
P00713,1942,Chalhoub Selim A,Chalhoub Selim A,shalhub selim,,Manufaclure Egvplienne de Bonneterie et tricolage «EI Nil»,director,70
P00714,1942,Chalom Me. Charles,Chalom Me. Charles,shalom m sharles,,U- nion Foncière d'Egyple,director,70
P00715,1942,Champier Jean,Champier Jean,shampier gean,,Société Egvplienne de Teinture,director,70
P00715,1942,Champier Jean,Champier Jean,shampier gean,,Apprèt,director,70
P00716,1942,Chate Charles Geoffrey,Chate Charles Geoffrey,shat sharles geofrei,,Eastern Co. S.A.E,president,70
P00717,1942,Choremi Jean A,Choremi Jean A,shoremi gean,,The Egyptian Independant Oil Co. S.A.E,director,70
P00718,1942,Chosal Baron J.Buffin de,Chosal Baron J.Buffin de,shosal baron bufin,,"The Cairo Electric Railways& Heliopolis Oases Co., S.A.E",director,70
P00719,1942,S.E. Choukri,Choukri,shukri,,Khassa Royale,manager,71
P00719,1942,S.E. Choukri,Choukri,shukri,,Wakfs Royaur,manager,71
P00720,1942,Ancien Ministre,Ancien Ministre,ansien ministr,,-Délé- qué du Crédit Agricole d'Egypte,president,71
P00720,1942,Ancien Ministre,Ancien Ministre,ansien ministr,,-Délé- qué du Crédit Agricole d'Egypte,director,71
P00720,1942,Ancien Ministre,Ancien Ministre,ansien ministr,,Crédit Hypothécaire Agricole d'Egypte,president,71
P00720,1942,Ancien Ministre,Ancien Ministre,ansien ministr,,Crédit Hypothécaire Agricole d'Egypte,director,71
P00720,1942,Ancien Ministre,Ancien Ministre,ansien ministr,,"Technique de la Nitrate Corporalion of Chile Lid. (Egvpt and Near East Branch), Administraleur des biens de S.A. la Princesse Chivekiar Ibrahim",director,71
P00720,1942,Ancien Ministre,Ancien Ministre,ansien ministr,,"Technique de la Nitrate Corporalion of Chile Lid. (Egvpt and Near East Branch), Administraleur des biens de S.A. la Princesse Chivekiar Ibrahim",president,71
P00720,1942,Ancien Ministre,Ancien Ministre,ansien ministr,,"Technique de la Nitrate Corporalion of Chile Lid. (Egvpt and Near East Branch), Administraleur des biens de S.A. la Princesse Chivekiar Ibrahim",adviser,71
P00721,1942,Cicurel Clément,Cicurel Clément,sikurel klement,,"Grands Magasins Cicurel, S.A.E",director,71
P00047,1942,Cicurel David,Cicurel David,sikurel david,,"FAlexan- dria Pressing Co., S.A.E",director,71
P00722,1942,Cicurel Léon,Cicurel Léon,sikurel leon,,"The Alexan- dria Pressing Co., S.A.E",director,71
P00723,1942,Cicurel Salvator Bey,Cicurel Salvator,sikurel salvator,bey,Grands Magasins Cicurel. S.A.E,delegate,71
P00723,1942,Cicurel Salvator Bey,Cicurel Salvator,sikurel salvator,bey,Grands Magasins Cicurel. S.A.E,president,71
P00723,1942,Cicurel Salvator Bey,Cicurel Salvator,sikurel salvator,bey,"Carrier(Egvpt}, S.A.E",president,71
P00723,1942,Cicurel Salvator Bey,Cicurel Salvator,sikurel salvator,bey,"Société Egyplienne de Placements el de Crédit, S.A.E",director,71
P00255,1942,Clark Henry,Clark Henry,klark henri,,S.A. des Terrains de Guizeh- Rodah,director,71
P00724,1942,Cockinos Anastase,Cockinos Anastase,kokinos anastas,,"là So- ciété des Entreprises M. Cockinos, S.A.E",director,71
P00725,1942,Cockinos Miltiade,Cockinos Miltiade,kokinos miltiad,,So- ciété d'Entreprises M. Cockinos. S.A.E,president,71
P00257,1942,Coen Edouard,Coen Edouard,koen eduard,,Findustrie Meunière d'Alexandrie,delegate,71
P00258,1942,Coen James,Coen James,koen games,,Industrie Meunière d’A- lexandrie,delegate,71
P00726,1942,Coen Maurizio Gomm,Coen Maurizio Gomm,koen maurizio gom,,Industrie Meunière d'Ale- xandrie,president,71
P00260,1942,Cogels Baron Jean,Cogels Baron Jean,kogels baron gean,,Caisse Hypothécaire d’'Egvpte,director,72
P00049,1942,Cohen Alfred N,Cohen Alfred N,koen alfred,,Sociélé d'Avances Commerciales,president,72
P00049,1942,Cohen Alfred N,Cohen Alfred N,koen alfred,,Sociélé d'Avances Commerciales,delegate,72
P00261,1942,Cohen Aron,Cohen Aron,koen aron,,"Maison d'Ameublement B. Pontremoli, S.A.E",director,72
P00727,1942,Cohen Sir Robert Waley,Cohen Sir Robert Waley,koen sir robert ualei,,Anglo-Egyplian Oil- fields,president,72
P00263,1942,Cohen,Cohen,koen,,"Maison d’Ameublement B. Pontremoli, S.A.E",director,72
P00265,1942,Cohenca Monis,Cohenca Monis,koenka monis,,Josv,director,72
P00458,1942,Film,Film,film,,"Phi- lips-Orient, S.A",managing_director,72
P00728,1942,Collier Henry Deward,Collier Henry Deward,kolier henri deuard,,Société California Texas des Pétroles,director,72
P00267,1942,Constant Benjamin,Constant Benjamin,konstant bengamin,,Ja Near East Finance. S.A.E,president,72
P00729,1942,Constant Halford,Constant Halford,konstant halford,,Near,director,72
P00730,1942,Constantinescu Michel,Constantinescu Michel,konstantinesku mishel,,Nile Oil Co. S.A.E,vice_president,72
P00731,1942,Cook C.E,Cook C.E,kok,,"The Standard Oil Company of Egypt, S.A",director,72
P00732,1942,Cornish J. E,Cornish J. E,kornish,,The Alexandria Waler Co. Lit,director,72
P00272,1942,Cossery Edouard Bey,Cossery Edouard,koseri eduard,bey,"Con- seil d'Administration de la Société Egyptienne pour lEx- ploitalion des Mines et Carrières, S.A.E",member,72
P00733,1942,Couldrey Oscar,Couldrey Oscar,kuldrei oskar,,Com- mercial & Estates Co. of Egypt,president,72
P00734,1942,Cozzika Th. P,Cozzika Th. P,kozika th,,"Société Nationale du Papier, S.A.E",delegate,72
P00735,1942,Cramer-Roberts F.W,Cramer-Roberts F.W,kramer roberts,,"The Egyptian Works & Construction Co., S.A.E",director,72
P00736,1942,Crawford John A,Crawford John A,krauford gohn,,National Bank of Egypt,director,72
P00275,1942,Critchley T.A.F,Critchley T.A.F,kritshlei,,Sociélé Générale de Pressage el de Dépôts,vice_president,73
P00277,1942,Curiel Maurice E,Curiel Maurice E,kuriel mauris,,- on de The TFraclor & Engineering Co of Egvpt (S.A.E.),president,73
P00277,1942,Curiel Maurice E,Curiel Maurice E,kuriel mauris,,- on de The TFraclor & Engineering Co of Egvpt (S.A.E.),partner,73
P00277,1942,Curiel Maurice E,Curiel Maurice E,kuriel mauris,,- on de The TFraclor & Engineering Co of Egvpt (S.A.E.),director,73
P00737,1942,Dabbah Maurice,Dabbah Maurice,dabah mauris,,S.A. Agricoleel Industrielle d'Egvple,president,73
P00737,1942,Dabbah Maurice,Dabbah Maurice,dabah mauris,,- Hon de The Anglo-American Nile & Tourist Co,director,73
P00738,1942,Davezac G,Davezac G,davezak,,"Société TImmobilière d'A- lexandrie, S.A.F",delegate,73
P00739,1942,Davies Thomas E. H,Davies Thomas E. H,davies thomas,,The Choremi Benachi Cot- ton Co,director,73
P00279,1942,Davis T.A,Davis T.A,davis,,Sociélé Générale de Pressage el de Dépôts,manager,73
P00279,1942,Davis T.A,Davis T.A,davis,,Sociélé Générale de Pressage el de Dépôts,director,73
P00740,1942,Defese Joseph,Defese Joseph,defes gosef,,Société fmmobihière de Boulac,director,73
P00740,1942,Defese Joseph,Defese Joseph,defes gosef,,"Société Immobilière de Zamalek, S.A.E., domicilié à Paris",director,73
P00741,1942,Delany Arthur S,Delany Arthur S,delani arthur,,The Egyplian State Broadcasting,general_manager,73
P00741,1942,Delany Arthur S,Delany Arthur S,delani arthur,,Messrs. Gibson & Pauling(Foreign) Lid,director,73
P00742,1942,Delany Gerald,Delany Gerald,delani gerald,,"Misr Airwork, S.A.E. el de la",director,73
P00280,1942,Delany W.B,Delany W.B,delani,,The Egyp- lian Hotels Lid,president,73
P00280,1942,Delany W.B,Delany W.B,delani,,The Egyp- lian Hotels Lid,managing_director,73
P00280,1942,Delany W.B,Delany W.B,delani,,ïa Société de Crédit Alexandrin,director,73
P00281,1942,Delaquis René,Delaquis René,delakuis ren,,The Eleclricity & Ice Supply Co,director,73
P00743,1942,Delia Vincent,Delia Vincent,delia vinsent,,PEgyplian Road and Construction Co. S.A.E,general_manager,73
P00743,1942,Delia Vincent,Delia Vincent,delia vinsent,,"The Amalgamaled Ice Faclories and Cold Stores, S.A.E",director,73
P00744,1942,Detiyanni Basile,Detiyanni Basile,detiani basil,,Ban- que d'Athènes,director,73
P00284,1942,Dellaporta Byron G,Dellaporta Byron G,delaporta biron,,"Alexandria Commercial Co., S.A.E. el de la S.A.E. d'E- grenage & d'Enlrepôls",vice_president,74
P00284,1942,Dellaporta Byron G,Dellaporta Byron G,delaporta biron,,"Alexandria Commercial Co., S.A.E. el de la S.A.E. d'E- grenage & d'Enlrepôls",delegate,74
P00284,1942,Dellaporta Byron G,Dellaporta Byron G,delaporta biron,,PA- lexandria Insurance Co,president,74
P00284,1942,Dellaporta Byron G,Dellaporta Byron G,delaporta biron,,PA- lexandria Insurance Co,vice_president,74
P00284,1942,Dellaporta Byron G,Dellaporta Byron G,delaporta biron,,PA- lexandria Insurance Co,director,74
P00284,1942,Dellaporta Byron G,Dellaporta Byron G,delaporta biron,,Société Cotonnière Maarad,president,74
P00284,1942,Dellaporta Byron G,Dellaporta Byron G,delaporta biron,,Société Cotonnière Maarad,vice_president,74
P00284,1942,Dellaporta Byron G,Dellaporta Byron G,delaporta biron,,Société Cotonnière Maarad,director,74
P00745,1942,Delprat A,Delprat A,delprat,,S.A. du Béhé- ra,director,74
P00745,1942,Delprat A,Delprat A,delprat,,Land Bank of Egvpl,manager,74
P00746,1942,Delsemme P,Delsemme P,delsem,,"Sociélé Egyplienne d'Electricité, S.A",director,74
P00747,1942,Ders Antonin,Ders Antonin,ders antonin,,Land Bank of Egypt,director,74
P00748,1942,Dervieu P,Dervieu P,dervieu,,S.A. des Monts de Piélé Egvpliens (résidant à Paris),president,74
P00749,1942,Dessberg Ugo Ing,Dessberg Ugo Ing,desberg ugo ing,,"Sociéié Egvptienne pour l'Exploilation des Mines el Carrières, S.A.E",director,74
P00286,1942,Destrée René,Destrée René,destr ren,,"Banque Belge el Inlernalionale en Egvple, S.AE",director,74
P00286,1942,Destrée René,Destrée René,destr ren,,"The Caire Electric Railways & Heliopolis Oases Co., S.A",director,74
P00750,1942,Diacono Hector V,Diacono Hector V,diakono hektor,,Con- seil d'Administration de The United Egvplian Nile Trans- port,delegate,74
P00750,1942,Diacono Hector V,Diacono Hector V,diakono hektor,,Con- seil d'Administration de The United Egvplian Nile Trans- port,general_manager,74
P00751,1942,Dierman Pierre,Dierman Pierre,dierman pier,,"Usines Textiles «Al-Kahira», S.A.E",vice_president,74
P00752,1942,Dimopoulo D,Dimopoulo D,dimopulo,,The United Egyplian Nile Transport Co. el Administraleur de The Consolidatetl Landed Interests (Egvpl),delegate,74
P00753,1942,Doligez Marcel Auguste Joseph,Doligez Marcel Auguste Joseph,doligez marsel august gosef,,- tion de la Société Egyptienne de Teinture el d'Apprêt,director,74
P00754,1942,Dorra Haim,Dorra Haim,dora haim,,Société Egyptienne pour l'Industrie de Bonneterie,director,74
P00754,1942,Dorra Haim,Dorra Haim,dora haim,,"Société Misr pour l'Industrie Phar- maceutique, S.A.E",director,74
P00755,1942,Dorra Jacques,Dorra Jacques,dora gakues,,Société Egyplienne de l'Industrie de Bonneterie,delegate,74
P00756,1942,Dorra Zaki,Dorra Zaki,dora zaki,,Société Egyplienne de l'Industrie de Bonneterie,director,74
P00757,1942,S.E. Doss Tewfik Pacha,Doss Tewfik,dos teufik,pasha,PÜpper Egvpl Hotels,president,75
P00757,1942,S.E. Doss Tewfik Pacha,Doss Tewfik,dos teufik,pasha,Cheikh Fadl,president,75
P00757,1942,S.E. Doss Tewfik Pacha,Doss Tewfik,dos teufik,pasha,- tration de la Société Misr d'Assurances Générales,director,75
P00757,1942,S.E. Doss Tewfik Pacha,Doss Tewfik,dos teufik,pasha,So- ciété Misr de Navigation Maritime,director,75
P00757,1942,S.E. Doss Tewfik Pacha,Doss Tewfik,dos teufik,pasha,Banque Misr (S\- rie-Liban),director,75
P00757,1942,S.E. Doss Tewfik Pacha,Doss Tewfik,dos teufik,pasha,Union Foncière d'Egyple,vice_president,75
P00757,1942,S.E. Doss Tewfik Pacha,Doss Tewfik,dos teufik,pasha,Sociélé Misr de Filalure el de Tissage Fin en Coton Egvptien (Usines à Kafr EI Dawar),vice_president,75
P00757,1942,S.E. Doss Tewfik Pacha,Doss Tewfik,dos teufik,pasha,Société Misr pour l’industrie et le Commerce des Huiles,vice_president,75
P00757,1942,S.E. Doss Tewfik Pacha,Doss Tewfik,dos teufik,pasha,Société Misr des Mines et Carrières,vice_president,75
P00758,1942,Doss Mtre. Wahib Bey,Doss Mtre. Wahib,dos mtr uaib,bey,Société Misr pour le Lin,director,75
P00292,1942,Dubied Pierre,Dubied Pierre,dubied pier,,Société Egvplienne de Ciment Portland Tourah,director,75
P00759,1942,Dukes Eric,Dukes Eric,dukes erik,,Société Immobilière des Terrains Guizeh-Rodah,delegate,75
P00759,1942,Dukes Eric,Dukes Eric,dukes erik,,Sociélé Orientale de Publicité,director,75
P00759,1942,Dukes Eric,Dukes Eric,dukes erik,,Sociélé Orientale de Publicité,vice_president,75
P00759,1942,Dukes Eric,Dukes Eric,dukes erik,,Sociélé Egvp- benne d'Egrenage,director,75
P00759,1942,Dukes Eric,Dukes Eric,dukes erik,,Entrepôls,director,75
P00760,1942,Dumont Paul,Dumont Paul,dumont paul,,"The Egvplian General Omnibus Co., S.A.E",director,75
P00760,1942,Dumont Paul,Dumont Paul,dumont paul,,The Egyptian Hotels Lid,director,75
P00760,1942,Dumont Paul,Dumont Paul,dumont paul,,Cairo Heliopolis,general_manager,75
P00761,1942,Eberlé E,Eberlé E,eberl,,"Sociélé de Métallurgie Kgvplienne, S.A.E",director,75
P00762,1942,Economou GC.D,Economou GC.D,ekonomu gk,,Sociélé Nalionale du Papier,director,75
P00763,1942,S.E. Efflatoun Mohamed Pacha,Efflatoun Mohamed,eflatun moamed,pasha,"- tralion de The Menzaleh Canal & Navigalion Co., S.A.E. el du Comptoir Auxiliaire d'Entreprises, S.A.E",director,75
P00764,1942,Eid Raymond,Eid Raymond,eid raimond,,S.A. des Monts de Piélé Egvptiens,managing_director,75
P00764,1942,Eid Raymond,Eid Raymond,eid raimond,,-Direc- teur du Crédit Foncier d'Orient,director,75
P00764,1942,Eid Raymond,Eid Raymond,eid raimond,,Cais- se Hypothécaire d'Egyple,director,75
P00765,1942,El Chafei Abdel Salam,El Chafei Abdel Salam,shafei abdel salam,,S.A.E. «Almina»,director,75
P00766,1942,EI Chami Mohamed Hassan Bey,EI Chami Mohamed Hassan,ei shami moamed hasan,bey,Egyplian Rice & Flour Mills Co. S.A.E,president,76
P00766,1942,EI Chami Mohamed Hassan Bey,EI Chami Mohamed Hassan,ei shami moamed hasan,bey,Egyplian Road Conslruction Co,director,76
P00767,1942,S.E. El Ghichini Pacha Hassan Kamel,El Ghichini Pacha Hassan Kamel,ghishini pasha hasan kamel,,Crédit Agrico!e d'Egypte,president,76
P00767,1942,S.E. El Ghichini Pacha Hassan Kamel,El Ghichini Pacha Hassan Kamel,ghishini pasha hasan kamel,,Crédit Agrico!e d'Egypte,managing_director,76
P00768,1942,S.E. El Gazzar Mohamed Eloui Bey,El Gazzar Mohamed Eloui,gazar moamed elui,bey,"- nistralion de la Société pour la Vente des Produits Egvh- liens, S.A.E",director,76
P00768,1942,S.E. El Gazzar Mohamed Eloui Bey,El Gazzar Mohamed Eloui,gazar moamed elui,bey,Ta Société Misr pour le Lin,manager,76
P00769,1942,Eliasco Jd. C,Eliasco Jd. C,eliasko gd,,Ja Banque d’Athè- nes,president,76
P00769,1942,Eliasco Jd. C,Eliasco Jd. C,eliasko gd,,Ja Banque d’Athè- nes,general_manager,76
P00770,1942,El-Menzalaoui Moustafa Me,El-Menzalaoui Moustafa Me,menzalaui mustafa m,,Sté. Egvplienne pour la Fabrication el Exporlalion des Conserves,director,76
P00771,1942,Guizseh,Guizseh,guizseh,,"Société de Ciment Port- land de Helouan, S.A.E",director,76
P00772,1942,Eloui Kamal Bey,Eloui Kamal,elui kamal,bey,el Direc- leur Général de la Misr Airworks. S.A.E,director,76
P00772,1942,Eloui Kamal Bey,Eloui Kamal,elui kamal,bey,"The Crown- egvpl Co., S.A.E. el de la Carrier-Egvptl, SALE",director,76
P00301,1942,El Toukhy Abdi Baki Taha,El Toukhy Abdi Baki Taha,tukhi abdi baki ta,,Toukhv's Co. for Sundries & Tovs. S.A.E,director,76
P00773,1942,El Toukhy Abdel Fattah Taha,El Toukhy Abdel Fattah Taha,tukhi abdel fatah ta,,"- Hon de la Toukh\'s Co. for Sundries & Toys, S.A.E",director,76
P00303,1942,EI Toukhy El Sayed Ahmed,EI Toukhy El Sayed Ahmed,ei tukhi saied ahmed,,"Toukh\'s Co. lor Sundries & Toys, S.A.E",director,76
P00304,1942,EI Toukhy Hassan Ahmed,EI Toukhy Hassan Ahmed,ei tukhi hasan ahmed,,"Toukhy’s Co. for Sundries& Toys, S.A. E",president,76
P00304,1942,EI Toukhy Hassan Ahmed,EI Toukhy Hassan Ahmed,ei tukhi hasan ahmed,,"Toukhy’s Co. for Sundries& Toys, S.A. E",delegate,76
P00305,1942,EI-Toukhy Mohamed Ahmed,EI-Toukhy Mohamed Ahmed,ei tukhi moamed ahmed,,"Toukh\'s Co. for Sundries & Toys, S.A.E",director,76
P00774,1942,El-Toukhy Taha Ahmed,El-Toukhy Taha Ahmed,tukhi ta ahmed,,Toukh\°s Co. for Sundries & Toys. S.A.E,director,76
P00775,1942,El-Zayat Mohamed Ibrahim,El-Zayat Mohamed Ibrahim,zaiat moamed ibraim,,"- ration de la Toukhv's Co. for Sundries & Toys, S.A.E",vice_president,76
P00776,1942,Empain Baron Edouard,Empain Baron Edouard,empain baron eduard,,"The Cairo Electric RaïlWays & Heliopolis Oases Co., S.A",director,76
P00776,1942,Empain Baron Edouard,Empain Baron Edouard,empain baron eduard,,Société Egvplienne d'Electricité,director,76
P00777,1942,Empain M. le Baron Jean,Empain M. le Baron Jean,empain l baron gean,,The Cairo Elec- trie Railwavs & Heliopolis Oases Co. el de The African En- terprises & Development Co,president,77
P00777,1942,Empain M. le Baron Jean,Empain M. le Baron Jean,empain l baron gean,,S.E. d’E- lectricité,vice_president,77
P00777,1942,Empain M. le Baron Jean,Empain M. le Baron Jean,empain l baron gean,,S.A. des Tramwavs du Caire,vice_president,77
P00777,1942,Empain M. le Baron Jean,Empain M. le Baron Jean,empain l baron gean,,Banque Belge et Internatio- nale en Egypte,director,77
P00777,1942,Empain M. le Baron Jean,Empain M. le Baron Jean,empain l baron gean,,S.A. des Chemins de Fer de la Basse- Egypte,director,77
P00777,1942,Empain M. le Baron Jean,Empain M. le Baron Jean,empain l baron gean,,"The Egvptian Hotels Lid., de The Egvptian Ge- neral Omnibus Co",director,77
P00777,1942,Empain M. le Baron Jean,Empain M. le Baron Jean,empain l baron gean,,"The Alexandria Racing Club, S.A.E",director,77
P00309,1942,Empain M. le Baron Louis,Empain M. le Baron Louis,empain l baron luis,,nombreuses Sociétés belge et étrangères,director,77
P00310,1942,Empedocles Gregory,Empedocles Gregory,empedokles gregori,,Commercial Bank of The Near East,director,77
P00311,1942,S.E. Enan Saleh Pacha,Enan Saleh,enan saleh,pasha,"Société de Ciment Portland de Helouan, S.A.E",director,77
P00311,1942,S.E. Enan Saleh Pacha,Enan Saleh,enan saleh,pasha,Société «Egyplian Cement Products»,director,77
P00778,1942,Epaulard P,Epaulard P,epaulard,,Agence du Crédit Lyonnais au Caire,manager,77
P00778,1942,Epaulard P,Epaulard P,epaulard,,"Société Immobilière d'Alexan- drie, S.A.E",director,77
P00313,1942,Erfan Mohamed Bey,Erfan Mohamed,erfan moamed,bey,The Egvptian Enterprise & Development Co,director,77
P00314,1942,Errera Isaac,Errera Isaac,erera isak,,Salonica Cigarelte Co,director,77
P00779,1942,Estabrook Edward Lewis,Estabrook Edward Lewis,estabrok eduard leuis,,"The Standard Oil Co. of Egvpl, S.A",director,77
P00780,1942,Eugenidi E,Eugenidi E,eugenidi,,Banque d'Athènes,director,77
P00781,1942,Ewing A,Ewing A,euing,,"Beida Dyers, S.A.E",director,77
P00781,1942,Ewing A,Ewing A,euing,,"The Bradford Dyers’ Association Limited, Bradford, England",director,77
P00782,1942,Exbrayat,Exbrayat,exbraiat,,Banque de l'Union Parisienne,director,77
P00782,1942,Exbrayat,Exbrayat,exbraiat,,Banque d'Athènes,vice_president,77
P00782,1942,Exbrayat,Exbrayat,exbraiat,,Co- milé de Paris de la Banque d'Athènes),president,77
P00783,1942,Ezri Raymond,Ezri Raymond,ezri raimond,,Société des Biens de Rapport d'Egypte,director,77
P00784,1942,S.E. Fahmi Gallini Pacha,Fahmi Gallini,fahmi galini,pasha,Crédit Agricole el du Crédit Hypothé- caire Egyptien,director,78
P00784,1942,S.E. Fahmi Gallini Pacha,Fahmi Gallini,fahmi galini,pasha,Société du Croissant Rouge,vice_president,78
P00784,1942,S.E. Fahmi Gallini Pacha,Fahmi Gallini,fahmi galini,pasha,Société Copte de Bienfaisance el°de PHôpilal Copte,member,78
P00056,1942,S.E. Fakhry Mahmoud Pacha,Fakhry Mahmoud,fakhri mahmud,pasha,The Cairo Electrié Railways & Heliopolis Oases Co. el de la SA. des Eaux du Caire,director,78
P00785,1942,Fanner William Rogers,Fanner William Rogers,faner uiliam rogers,,The Ge- neral Accident Fire and Life Assurance Corporalion LH,president,78
P00785,1942,Fanner William Rogers,Fanner William Rogers,faner uiliam rogers,,Platrières de Ballah,vice_president,78
P00785,1942,Fanner William Rogers,Fanner William Rogers,faner uiliam rogers,,"lImpe- rial Chemical Industries (Egvpl), SA",director,78
P00785,1942,Fanner William Rogers,Fanner William Rogers,faner uiliam rogers,,The Standard Oil Company of Egvpl. S.A,director,78
P00786,1942,Farès Joseph,Farès Joseph,fares gosef,,The Asso- ciated Collon Ginners el de la Société Egyplienne de Pro- duils Chimiques,director,78
P00787,1942,S.E. Farghaly Mohamed Ahmed Pacha,Farghaly Mohamed Ahmed,farghali moamed ahmed,pasha,SA. «La Fluviale» {Van Der Zee),president,78
P00787,1942,S.E. Farghaly Mohamed Ahmed Pacha,Farghaly Mohamed Ahmed,farghali moamed ahmed,pasha,Sté. Misr Fluviale,delegate,78
P00787,1942,S.E. Farghaly Mohamed Ahmed Pacha,Farghaly Mohamed Ahmed,farghali moamed ahmed,pasha,The Land Bank of Egvpl,director,78
P00787,1942,S.E. Farghaly Mohamed Ahmed Pacha,Farghaly Mohamed Ahmed,farghali moamed ahmed,pasha,Rosella & Alexandria Rice Mills,director,78
P00787,1942,S.E. Farghaly Mohamed Ahmed Pacha,Farghaly Mohamed Ahmed,farghali moamed ahmed,pasha,Nationa! Bak of Egvpl,director,78
P00787,1942,S.E. Farghaly Mohamed Ahmed Pacha,Farghaly Mohamed Ahmed,farghali moamed ahmed,pasha,S.A. des Presses Libres Egyptiennes,director,78
P00787,1942,S.E. Farghaly Mohamed Ahmed Pacha,Farghaly Mohamed Ahmed,farghali moamed ahmed,pasha,Asosciated Cotton Ginners of Egvpt,director,78
P00787,1942,S.E. Farghaly Mohamed Ahmed Pacha,Farghaly Mohamed Ahmed,farghali moamed ahmed,pasha,Société Misr de Navigation Maritime,director,78
P00787,1942,S.E. Farghaly Mohamed Ahmed Pacha,Farghaly Mohamed Ahmed,farghali moamed ahmed,pasha,Sociélé Misr d'Assurances Générales,director,78
P00787,1942,S.E. Farghaly Mohamed Ahmed Pacha,Farghaly Mohamed Ahmed,farghali moamed ahmed,pasha,'Upper Egvpt Ginning Co,director,78
P00787,1942,S.E. Farghaly Mohamed Ahmed Pacha,Farghaly Mohamed Ahmed,farghali moamed ahmed,pasha,Gabbari Land Co,director,78
P00787,1942,S.E. Farghaly Mohamed Ahmed Pacha,Farghaly Mohamed Ahmed,farghali moamed ahmed,pasha,Société Générale Immobilière d'Egypte,director,78
P00787,1942,S.E. Farghaly Mohamed Ahmed Pacha,Farghaly Mohamed Ahmed,farghali moamed ahmed,pasha,Société Misr Filature el Tissage,director,78
P00787,1942,S.E. Farghaly Mohamed Ahmed Pacha,Farghaly Mohamed Ahmed,farghali moamed ahmed,pasha,Société Misr de Fi- lature de Cotons Fins (Kafr E! Dawar),director,78
P00787,1942,S.E. Farghaly Mohamed Ahmed Pacha,Farghaly Mohamed Ahmed,farghali moamed ahmed,pasha,Industrie des Fibres Textiles,director,78
P00787,1942,S.E. Farghaly Mohamed Ahmed Pacha,Farghaly Mohamed Ahmed,farghali moamed ahmed,pasha,Bevda Dvers,director,78
P00787,1942,S.E. Farghaly Mohamed Ahmed Pacha,Farghaly Mohamed Ahmed,farghali moamed ahmed,pasha,Gérance Immobiliè- re,director,78
P00787,1942,S.E. Farghaly Mohamed Ahmed Pacha,Farghaly Mohamed Ahmed,farghali moamed ahmed,pasha,Direction de plusieurs Sociétés de Bienfaisance,council_member,78
P00788,1942,Fauqueux Arthur,Fauqueux Arthur,faukueux arthur,,"Comp- loir Auxiliaire d'Entreprises, S.A.E",director,79
P00789,1942,Favenc B,Favenc B,favenk,,The Manure Co. of Egvpt,director,79
P00057,1942,Fenderl Hugo,Fenderl Hugo,fenderl hugo,,S.A. des Presses Libres Egyp- liennes,vice_president,79
P00790,1942,Ferro,Ferro,fero,,Société de Publicalions Egypliennes,president,79
P00790,1942,Ferro,Ferro,fero,,Société de Publicalions Egypliennes,delegate,79
P00329,1942,Feyerick Jacques,Feyerick Jacques,feierik gakues,,Caisse Hvpothécaire d'E- gyple,director,79
P00791,1942,Fils,Fils,fils,,"Comploir Au- xifaire d'Entreprises, S.A.E",director,79
P00058,1942,Finney Harold E,Finney Harold E,finei harold,,S.A. des Presses Libres Egvpliennes,director,79
P00058,1942,Finney Harold E,Finney Harold E,finei harold,,S.A. des Terrains de Guizeh-Rodah el l'Alexandria Commercial Co,director,79
P00792,1942,Fischer Max,Fischer Max,fisher max,,"Comploir Auxiliaire d'Entreprises, SALE",director,79
P00793,1942,Franck Alfred,Franck Alfred,frank alfred,,"The Cairo Electric Railwavs & Heliopolis Oases Co., S.A",director,79
P00794,1942,Frangoulis Antoine,Frangoulis Antoine,frangulis antoin,,Cie. Egvptienne de Navigation «Le Dodécanèse»,director,79
P00795,1942,Fraser William,Fraser William,fraser uiliam,,lAnglo-Egyplian Oil- fields,director,79
P00796,1942,Frey Jd.H,Frey Jd.H,frei gd,,So- ciété Egyplienne de Ciment Portland Tourah. Le Caire,director,79
P00797,1942,Fumaroli Jd,Fumaroli Jd,fumaroli gd,,Gérance Immobilière. S.A.E,president,79
P00797,1942,Fumaroli Jd,Fumaroli Jd,fumaroli gd,,Société du Crédit Alexandrin,president,79
P00797,1942,Fumaroli Jd,Fumaroli Jd,fumaroli gd,,S.A. de Netto- vase et Pressage du Coton,director,79
P00797,1942,Fumaroli Jd,Fumaroli Jd,fumaroli gd,,Hôpital Européen,president,79
P00331,1942,Garboua Emile,Garboua Emile,garbua emil,,Société,director,79
P00798,1942,Garboua Maurice,Garboua Maurice,garbua mauris,,Technique de The Dakahlieh Land Co,president,79
P00798,1942,Garboua Maurice,Garboua Maurice,garbua mauris,,Technique de The Dakahlieh Land Co,manager,79
P00799,1942,Gargour Gabriel,Gargour Gabriel,gargur gabriel,,Société,director,79
P00067,1942,Gasche Linus,Gasche Linus,gash linus,,dé la Filature Nationale d'Egypte,managing_director,80
P00067,1942,Gasche Linus,Gasche Linus,gash linus,,Société Egvptienne des Industries Textiles,managing_director,80
P00067,1942,Gasche Linus,Gasche Linus,gash linus,,Société Egyplienne des Industries de Bonneterie,delegate,80
P00067,1942,Gasche Linus,Gasche Linus,gash linus,,Société Egyptienne de Tis- sage el Tricotage,director,80
P00067,1942,Gasche Linus,Gasche Linus,gash linus,,Compoir pour la Vente des Filés E- gvptiens,director,80
P00067,1942,Gasche Linus,Gasche Linus,gash linus,,"Société Anonyme Egyptlienne «Carba», de The Egyvptian Copper Works",director,80
P00067,1942,Gasche Linus,Gasche Linus,gash linus,,Banque Belge et Inter- nationale en Egvple,director,80
P00800,1942,Gasche Robert,Gasche Robert,gash robert,,Société Egvplienne de l'Industrie de Bonnelerie,director,80
P00335,1942,Gautier Charles,Gautier Charles,gautier sharles,,Crédil Immobilier Suisse-Egvyptien,director,80
P00801,1942,Geisenberger Pierre,Geisenberger Pierre,geisenberger pier,,S.A. des Bières Bomonti & Pyramides,manager,80
P00337,1942,Ghali Youssef Boutros Bey,Ghali Youssef Boutros,ghali iusef butros,bey,The Gharbieh Land Co,director,80
P00338,1942,Ghazi Mahrous Mohamed,Ghazi Mahrous Mohamed,ghazi mahrus moamed,,"Toukhy's Co. l'or Sundries & Toys, S.A.E",director,80
P00802,1942,Ghazi Moustapha Kamel,Ghazi Moustapha Kamel,ghazi mustafa kamel,,"Toukhy's Co. [or Sundries Toys, S.A.E",director,80
P00354,1942,Ginsberg Richard,Ginsberg Richard,ginsberg rishard,,S.A.E. Peltours,director,80
P00069,1942,Goar Edwin N. J,Goar Edwin N. J,goar eduin,,Communauté Israélite d'Alexandrie,vice_president,80
P00069,1942,Goar Edwin N. J,Goar Edwin N. J,goar eduin,,The Alexandria Insurance Co,director,80
P00069,1942,Goar Edwin N. J,Goar Edwin N. J,goar eduin,,Alexandria Life Insurance Co,director,80
P00803,1942,Goldber Frederick,Goldber Frederick,goldber frederik,,lAn- glo-Egvptian Oilfields,director,80
P00804,1942,Golding Charles Mtre,Golding Charles Mtre,golding sharles mtr,,"Trading & Industrial Corp., S.A.E",director,80
P00805,1942,Gorra Oswald,Gorra Oswald,gora osuald,,- lion de Ja Société Egyptienne d'Entreprises el Constructions(S.E.D.E.C.),director,80
P00346,1942,Grasso Oscar Rag,Grasso Oscar Rag,graso oskar rag,,"Société Egyh- tienne pour l'Exploitation des Mines ei Carrières, S.A.E",managing_director,80
P00806,1942,Grego Oscar,Grego Oscar,grego oskar,,"Industrie Fibres Textiles, S.A.E",delegate,80
P00807,1942,Grieve R,Grieve R,griev,,Grieve & Irwin Co. Ltd,director,80
P00350,1942,Groppi A,Groppi A,gropi,,Industrie du Froid,director,80
P00350,1942,Groppi,Groppi,gropi,,Industrie du Froid,president,80
P00808,1942,Guggiari Luigi,Guggiari Luigi,gugiari luigi,,"Teintu- rerie Franco-Egvptienne, S.A.E",director,81
P00352,1942,Guirguis Elias,Guirguis Elias,guirguis elias,,Société des Autobus de Béhéra el de Gharbieh,director,81
P00365,1942,Tourah,Tourah,turah,,S.A. des Tramways du Caire,director,81
P00809,1942,Haesen R,Haesen R,haesen,,Socélé Egvxp- lienne d'Electricité,director,81
P00810,1942,Haim Henri,Haim Henri,haim henri,,Société Orientale de Pu- blicilé,delegate,81
P00811,1942,Halford R. F,Halford R. F,halford,,Rosella& Alexandria Rice Mills,director,81
P00812,1942,Halsey E.J. B.A,Halsey E.J. B.A,halsei,,"The Gabbhari Storage Com- pany, S.A.E",liquidator,81
P00813,1942,Halter Hans,Halter Hans,halter hans,,Comploir des Ciments,director,81
P00814,1942,Hamilton Ernest Lord,Hamilton Ernest Lord,hamilton ernest lord,,"Khedivial Mail Steamship& Graving Docks Co., Ltd",president,81
P00815,1942,Hanan Victor 1,Hanan Victor 1,hanan viktor,,"S.E. de Tuyaux, Poteaux el Produits en Giment armé (Système Siegwart)",managing_director,81
P00815,1942,Hanan Victor 1,Hanan Victor 1,hanan viktor,,Société Franco-Egvplienne d'Impor- lation,director,81
P00815,1942,Hanan Victor 1,Hanan Victor 1,hanan viktor,,Succession Léon de Heller,director,81
P00816,1942,Hann A. C,Hann A. C,han,,National Bank of Egvpl,director,81
P00358,1942,Hanna Mina,Hanna Mina,hana mina,,Trading &,director,81
P00817,1942,Hanna Willy Bey,Hanna Willy,hana uili,bey,The Alexandria Racing,director,81
P00818,1942,Harari Ralph A,Harari Ralph A,harari ralf,,"S.E. de Tuyaux, Poteaux et Produits en Ciment Armé(Système Siegwart)",director,82
P00818,1942,Harari Ralph A,Harari Ralph A,harari ralf,,Egyplian Finance Co,director,82
P00818,1942,Harari Ralph A,Harari Ralph A,harari ralf,,S.A. de Wadi Kom Ombo,director,82
P00818,1942,Harari Ralph A,Harari Ralph A,harari ralf,,S.A.E. Financière et Immobiliè- re,director,82
P00818,1942,Harari Ralph A,Harari Ralph A,harari ralf,,"Ja Sociélé Générale Immobilière d'Egypte, S.A.E",director,82
P00818,1942,Harari Ralph A,Harari Ralph A,harari ralf,,Société Géntrale des Sucreries el de la Raffinerie d’E- gypte,director,82
P00818,1942,Harari Ralph A,Harari Ralph A,harari ralf,,Palestine Hotels Lid,director,82
P00818,1942,Harari Ralph A,Harari Ralph A,harari ralf,,"Société Egyplienne de Tissage et Tricotage, S.A.E",managing_director,82
P00819,1942,S.E. Sir Harari Victor Pacha,Sir Harari Victor,sir harari viktor,pasha,Honneur de la Société Générale des Sucreries,president,82
P00819,1942,S.E. Sir Harari Victor Pacha,Sir Harari Victor,sir harari viktor,pasha,Raffinerie d'Egypte,president,82
P00819,1942,S.E. Sir Harari Victor Pacha,Sir Harari Victor,sir harari viktor,pasha,National Bank of Egypt,director,82
P00820,1942,Hargreaves Clive R,Hargreaves Clive R,hargreaves kliv,,Société Egyptienne des Industries Textiles el de la Filature Nationale d'Egypte,director,82
P00821,1942,Hargreaves Sir Walter E,Hargreaves Sir Walter E,hargreaves sir ualter,,- lion de Ja Sociélé Misr d'Assurances Générales,vice_president,82
P00822,1942,Haselden E. F,Haselden E. F,haselden,,The Egyp- tian Motor Transport Co. el de l'Universal Motor Co. of Egvpt Lid,director,82
P00823,1942,Harmant Eugène,Harmant Eugène,harmant eugen,,The Cairo Electric Raïlways& Heliopolis OUases Co,director,82
P00824,1942,Hartogs Max,Hartogs Max,hartogs max,,Anglo Egyptian Mining S.A.E,delegate,82
P00825,1942,S.E. Sir Hassan Hafez Pacha,Sir Hassan Hafez,sir hasan hafez,pasha,The Eleclricity & Ice Supply Co,director,82
P00826,1942,S.E. Hassan Khairy Pacha,Hassan Khairy,hasan khairi,pasha,S.A. des Halles Centrales d'Egypte,director,82
P00827,1942,S.E. Hassan Moukhtar Rasmi Bey,Hassan Moukhtar Rasmi,hasan mukhtar rasmi,bey,Crédit Agricole d'Egypte,director,82
P00828,1942,Hassib Mohamed Kamel,Hassib Mohamed Kamel,hasib moamed kamel,,"Société Egvptienne des Industries Chimiques, S.A.E",director,82
P00829,1942,Hault Auguste de la,Hault Auguste de la,hault august la,,SA. des Chemins de Fer de la Basse-Egyple el de la S.A. des Tramways du Caire,director,82
P00830,1942,Hauman Edouard,Hauman Edouard,hauman eduard,,S.A. des Tram- ways d'Alexandrie,delegate,82
P00815,1942,Hazan Victor,Hazan Victor,hazan viktor,,- lion de la Sidi Salem Co,director,83
P00815,1942,Hazan Victor,Hazan Victor,hazan viktor,,"Union Foncière d'Egvple, ei«le Ja Compagnie Immobilière d'Egvpte. SALE. (en liquida- tion)",director,83
P00831,1942,Hegener Th. M,Hegener Th. M,hegener th,,Société Belge-Egvplienne de l'Ezhbékienh,vice_president,83
P00832,1942,Heller Edouard De,Heller Edouard De,heler eduard,,"ja Société Egvptienne de Tuvaux, Poleaux el Produits en Gi- ment Armé (Sysième Siegwartl)",director,83
P00833,1942,Hemsi J. C,Hemsi J. C,hemsi,,S.A. des Magasins Egyp- liens Régime Bond el de la Near East Superintending Co. Lid,managing_director,83
P00834,1942,Hemsi Robert J. G,Hemsi Robert J. G,hemsi robert,,S.A. des Maga- sins Egypliens Régime Bond,manager,83
P00834,1942,Hemsi Robert J. G,Hemsi Robert J. G,hemsi robert,,ja Near East Superinten- ding Co. Lid,manager,83
P00835,1942,Hilty ÀA,Hilty ÀA,hilti a,,Nalional Gin- ning Co,director,83
P00836,1942,Hirsch Siegmund,Hirsch Siegmund,hirsh siegmund,,"The Egyplian Cop- per Works, S.A. E",manager,83
P00837,1942,Hochart Maurice,Hochart Maurice,hoshart mauris,,"Tech- nique de la «Nationale», S.A. d'Assurances sur la Vie",manager,83
P00838,1942,Hoerni Robert,Hoerni Robert,hoerni robert,,Crédit Im- mobilier Suisse-Egyptien,director,83
P00839,1942,Hollings J. S,Hollings J. S,holings,,The Sinai Mining Co Lid,president,83
P00840,1942,Hollingsworth W.T.P,Hollingsworth W.T.P,holingsuorth,,The Egvplian Neon Lights Co,director,83
P00841,1942,Hopkinson Frank,Hopkinson Frank,hopkinson frank,,"Bei- da Dyers, S.A.E. el de The Bradford Dvers! Association Li- mited, Bradford, England",director,83
P00375,1942,Horne,Horne,horn,,The Egvptian Markets Ltd,president,83
P00375,1942,Horne,Horne,horn,,The Egvptian Markets Ltd,managing_director,83
P00842,1942,Hovaghimian A,Hovaghimian A,hovaghimian,,S.AE. des Anciens Elablis- semen(s Hovaghimian,director,84
P00842,1942,Hovaghimian S,Hovaghimian S,hovaghimian,,S.A.E. des Anciens KElablis- sements Hovaghimian,director,84
P00843,1942,Huber Oscar,Huber Oscar,huber oskar,,"Société Anonyme Egyplienne de Gonstruclions, «Egyco»",director,84
P00844,1942,Hussein Mahmoud Enan Bey,Hussein Mahmoud Enan,husein mahmud enan,bey,Crédit Agricole d'Egypte,director,84
P00845,1942,Hussein Said Bey,Hussein Said,husein said,bey,"So- ciété Egyplienne de Tuyaux, Poteaux el Produits en Cimenl Armé (Système Siegwart)",director,84
P00846,1942,Ibrahim Abdel Hadi Bey,Ibrahim Abdel Hadi,ibraim abdel hadi,bey,Commercial Bank of Egypt el de la Société Foncière d'Egvple,director,84
P00847,1942,Innes W,Innes W,ines,,Egvplian Ae- raled Water Co. Ltd,director,84
P00848,1942,Irwin,Irwin,iruin,,S.A.E. «Carba»,president,84
P00848,1942,Irwin,Irwin,iruin,,S.A.E. «Carba»,director,84
P00848,1942,Irwin,Irwin,iruin,,Sté. des Autobus d'Alexandrie,president,84
P00848,1942,Irwin,Irwin,iruin,,Sté. des Autobus d'Alexandrie,director,84
P00849,1942,Irwin LE.M,Irwin LE.M,iruin l,,Grieve & Irwin Co. Li,director,84
P00850,1942,Iskandar Said Eff,Iskandar Said Eff,iskandar said ef,,"The Upper Egypl Bus, S.A.E",director,84
P00851,1942,S.E. Islam Aly,Islam Aly,islam ali,,- lion de la Société Coopérative Commerciale de Crédit,director,84
P00851,1942,S.E. Islam Aly,Islam Aly,islam ali,,"Société pour la vente des Produits Egypliens, S.A.E",director,84
P00851,1942,S.E. Islam Aly,Islam Aly,islam ali,,"Société Misr de Filalture el de Tissage, S.A.E",director,84
P00852,1942,Ismail El Baroudy Propriétaire,Ismail El Baroudy Propriétaire,ismail barudi proprietair,,- lion de la Société des Aulobus de Béhéra,director,84
P00852,1942,Ismail El Baroudy Propriétaire,Ismail El Baroudy Propriétaire,ismail barudi proprietair,,Gharhieh. S.A.E,director,84
P00853,1942,Ismalun René,Ismalun René,ismalun ren,,S.A. des Bières Bomonti & Pyramides el de la Société «Pharos»,president,85
P00853,1942,Ismalun René,Ismalun René,ismalun ren,,The Land Bank of Egypl,president,85
P00853,1942,Ismalun René,Ismalun René,ismalun ren,,The Land Bank of Egypl,director,85
P00853,1942,Ismalun René,Ismalun René,ismalun ren,,New Egyptian Co,president,85
P00853,1942,Ismalun René,Ismalun René,ismalun ren,,New Egyptian Co,director,85
P00853,1942,Ismalun René,Ismalun René,ismalun ren,,S.A. du Béhéra,president,85
P00853,1942,Ismalun René,Ismalun René,ismalun ren,,S.A. du Béhéra,director,85
P00853,1942,Ismalun René,Ismalun René,ismalun ren,,Société Belgo-Egvptienne de l'Ezhékieh,president,85
P00853,1942,Ismalun René,Ismalun René,ismalun ren,,Société Belgo-Egvptienne de l'Ezhékieh,director,85
P00080,1942,Ithier Gaston,Ithier Gaston,ithier gaston,,S.A. des Tramways du Caire,delegate,85
P00080,1942,Ithier Gaston,Ithier Gaston,ithier gaston,,Banque Belge et Internationale en Egypte,director,85
P00080,1942,Ithier Gaston,Ithier Gaston,ithier gaston,,"Sociélé Egyplien- ne d’Electricilé, S.A",director,85
P00377,1942,Izzet Comm. Abdullah Bey,Izzet Comm. Abdullah,izet kom abdulah,bey,- lion du Banco Ialo-Egiziano,director,85
P00081,1942,Jacobs Emile,Jacobs Emile,gakobs emil,,Caisse Hypothécaire d'Egypte,delegate,85
P00081,1942,Jacobs Emile,Jacobs Emile,gakobs emil,,Ban- que Belge el Internationale en Egvple el de la S.A. des Monts de Piélé Egypliens,director,85
P00854,1942,Jacot-Descombes J. G,Jacot-Descombes J. G,gakot deskombes,,The Electricily & Ice Supply Co,managing_director,85
P00854,1942,Jacot-Descombes J. G,Jacot-Descombes J. G,gakot deskombes,,Con- seil d'Administration de The Egvplian Motor Transport Co,vice_president,85
P00854,1942,Jacot-Descombes J. G,Jacot-Descombes J. G,gakot deskombes,,Alexandria Walter Company,vice_president,85
P00854,1942,Jacot-Descombes J. G,Jacot-Descombes J. G,gakot deskombes,,Société Egvplienne des Pétroles,vice_president,85
P00854,1942,Jacot-Descombes J. G,Jacot-Descombes J. G,gakot deskombes,,"The Shef- field Smelling Co. (Egypl), S.A",president,85
P00854,1942,Jacot-Descombes J. G,Jacot-Descombes J. G,gakot deskombes,,"The Shef- field Smelling Co. (Egypl), S.A",director,85
P00855,1942,Johnson,Johnson,gohnson,,General,director,85
P00856,1942,Jones,Jones,gones,,"The Gabha- ri Storage Co., S.A.E",director,85
P00857,1942,S.E. Kamwl Ahmed Pacha,Kamwl Ahmed,kamul ahmed,pasha,Officiel de The Alexandria Water Company Limiled,director,85
P00858,1942,S.E. Kamel Ibrahim Bey,Kamel Ibrahim,kamel ibraim,bey,Ja Société Coopérative de Pélroles el de ses composés,vice_president,85
P00084,1942,Karam Edouard,Karam Edouard,karam eduard,,The Commercial & Estales Co,president,86
P00084,1942,Karam Edouard,Karam Edouard,karam eduard,,Société Egyplienne d'Entreprises Urbaines et Rurales,vice_president,86
P00084,1942,Karam Edouard,Karam Edouard,karam eduard,,S.A. des Immeubles d'E- gypte,director,86
P00084,1942,Karam Edouard,Karam Edouard,karam eduard,,lAlexandria Insurance Co,director,86
P00084,1942,Karam Edouard,Karam Edouard,karam eduard,,a S.A. des Tram- ways d'Alexandrie,director,86
P00084,1942,Karam Edouard,Karam Edouard,karam eduard,,The Alexandria Pressing Co,director,86
P00859,1942,Kelebdjian Hagop,Kelebdjian Hagop,kelebdgian hagop,,S.A.E. des Anciens Elablis- sements Hovaghimian,director,86
P00380,1942,Kennedy George Ernest,Kennedy George Ernest,kenedi georg ernest,,Société California Texas des Pétroles,director,86
P00860,1942,St. John's College Oxford,St. John's College Oxford,st gohn koleg oxford,,- tration de la Beida Dyers. S.A.E,president,86
P00860,1942,St. John's College Oxford,St. John's College Oxford,st gohn koleg oxford,,Ad- ministration de la Société de Filalture,council_member,86
P00860,1942,St. John's College Oxford,St. John's College Oxford,st gohn koleg oxford,,Tissage Fin en Colon Egvptien (Usines Kafr-el-Dawar) el de Ja Société Egyptienne d'Entreprises et Constructions (S.E.D.E.C.),council_member,86
P00860,1942,St. John's College Oxford,St. John's College Oxford,st gohn koleg oxford,,à la Fédéralion Egyplienne des Industries,adviser,86
P00861,1942,Kfouri Joseph,Kfouri Joseph,kfuri gosef,,Société des Omnibus de Fayoum,president,86
P00861,1942,Kfouri Joseph,Kfouri Joseph,kfuri gosef,,la«Bus Cy.»r,vice_president,86
P00861,1942,Kfouri Joseph,Kfouri Joseph,kfuri gosef,,Fayoum Lighl Rys. Go. el de la Sociélé Anonyme des Chemins de Fer de la Basse-Egvpte,managing_director,86
P00862,1942,Kfouri Michel,Kfouri Michel,kfuri mishel,,Société des Omnibus de Fayoum,director,86
P00863,1942,Kfouri Philippe,Kfouri Philippe,kfuri filip,,Société des Omnibus de Fa- youm,director,86
P00864,1942,S.E. Khachaba Sayed Mohamed Pacha,Khachaba Sayed Mohamed,khashaba saied moamed,pasha,Con- seil d'Administration de la Société Misr pour l'Egrenage du Coton,member,86
P00864,1942,S.E. Khachaba Sayed Mohamed Pacha,Khachaba Sayed Mohamed,khashaba saied moamed,pasha,Société Misr de Transport el de Navigation,member,86
P00864,1942,S.E. Khachaba Sayed Mohamed Pacha,Khachaba Sayed Mohamed,khashaba saied moamed,pasha,"Société Misr de Filature el de Tissage, S.A.E",member,86
P00864,1942,S.E. Khachaba Sayed Mohamed Pacha,Khachaba Sayed Mohamed,khashaba saied moamed,pasha,Société Foncière d'Egyp- te,member,86
P00864,1942,S.E. Khachaba Sayed Mohamed Pacha,Khachaba Sayed Mohamed,khashaba saied moamed,pasha,"Société Egyplienne pour le Développe- ment et le Commerce des Légumes, Fruits et Fleurs",president,86
P00865,1942,Khalil El Gazzar Bey,Khalil El Gazzar,khalil gazar,bey,Société Misr pour l'Egrenage du Coton,director,86
P00385,1942,S.E. Khalil Mohamed Mahmoud Bey,Khalil Mohamed Mahmoud,khalil moamed mahmud,bey,Sénat,president,86
P00385,1942,S.E. Khalil Mohamed Mahmoud Bey,Khalil Mohamed Mahmoud,khalil moamed mahmud,bey,- tration de la Société Générale de la Sucrerie ef de la Raffine- rie d'Egypte,president,86
P00385,1942,S.E. Khalil Mohamed Mahmoud Bey,Khalil Mohamed Mahmoud,khalil moamed mahmud,bey,Egyptian Bonded Warehouses Co. Ltd,president,86
P00385,1942,S.E. Khalil Mohamed Mahmoud Bey,Khalil Mohamed Mahmoud,khalil moamed mahmud,bey,Tractor & Engineering Co. S.A.E,president,86
P00385,1942,S.E. Khalil Mohamed Mahmoud Bey,Khalil Mohamed Mahmoud,khalil moamed mahmud,bey,The Anglo-Egyptian Land Allotment Co,president,86
P00385,1942,S.E. Khalil Mohamed Mahmoud Bey,Khalil Mohamed Mahmoud,khalil moamed mahmud,bey,"«A]-Chark» (L'Orient), S.A.E",director,86
P00385,1942,S.E. Khalil Mohamed Mahmoud Bey,Khalil Mohamed Mahmoud,khalil moamed mahmud,bey,Port-Said Salt Asso- ciation,director,86
P00385,1942,S.E. Khalil Mohamed Mahmoud Bey,Khalil Mohamed Mahmoud,khalil moamed mahmud,bey,Crédil Foncier Egyptien,director,86
P00385,1942,S.E. Khalil Mohamed Mahmoud Bey,Khalil Mohamed Mahmoud,khalil moamed mahmud,bey,S. A. de Wadi- Kom-Ombo,director,86
P00385,1942,S.E. Khalil Mohamed Mahmoud Bey,Khalil Mohamed Mahmoud,khalil moamed mahmud,bey,"Banque Misr el d’autres Sociélés filiales de cetle Banque, etc., etc",director,86
P00866,1942,Kher Georges J,Kher Georges J,kher georges,,S.A. Agricole et Industrielle d'Egypte,director,87
P00866,1942,Kher Georges J,Kher Georges J,kher georges,,S.A. Agricole et Industrielle d'Egypte,manager,87
P00867,1942,Kirkman Robert,Kirkman Robert,kirkman robert,,"The Hin- shelwood Paint & Oil Co. of Egvpt, S.A.E",director,87
P00868,1942,Klaesi R,Klaesi R,klaesi,,Surveillance de la Hamatla Mi- ning Co,council_member,87
P00088,1942,Klat Jules Bey,Klat Jules,klat gules,bey,Fédération Egyptlienne dés Industries,adviser,87
P00088,1942,Klat Jules Bey,Klat Jules,klat gules,bey,Supérieur Economique,president,87
P00088,1942,Klat Jules Bey,Klat Jules,klat gules,bey,Ad- minislration de The Associated Cotton Ginners,president,87
P00088,1942,Klat Jules Bey,Klat Jules,klat gules,bey,The Garbieh Land Co,president,87
P00088,1942,Klat Jules Bey,Klat Jules,klat gules,bey,SA. du Béhéra,president,87
P00088,1942,Klat Jules Bey,Klat Jules,klat gules,bey,Levant Bonded Warehouses Co,president,87
P00088,1942,Klat Jules Bey,Klat Jules,klat gules,bey,là S.A. «Pha- os»,vice_president,87
P00088,1942,Klat Jules Bey,Klat Jules,klat gules,bey,«lu Conseil d'Administration de l'Egyptian Bonded Warehouses Co. Lid,member,87
P00088,1942,Klat Jules Bey,Klat Jules,klat gules,bey,Société Egvplienne d'Entreprises Urhaines et Rurales,member,87
P00869,1942,Koblet J. O,Koblet J. O,koblet,,"The Nalional Ginning Co, of Egypt, S.A",director,87
P00870,1942,Koch Gaspar,Koch Gaspar,kosh gaspar,,S.E. de Ciment Portland Tourah. Le Caire,director,87
P00871,1942,Kouhi N,Kouhi N,kui,,là General Mo- tors Near East. S.A.E,director,87
P00872,1942,Krischewsky Henry,Krischewsky Henry,krisheuski henri,,"Banque Mos- séri, S.A.E",manager,87
P00872,1942,Krischewsky Henry,Krischewsky Henry,krisheuski henri,,S.A.E. Financière el Immobi- lière,manager,87
P00872,1942,Krischewsky Henry,Krischewsky Henry,krisheuski henri,,Société Franco-Egvplienne d'Importa- tion,manager,87
P00873,1942,Kupper H,Kupper H,kuper,,Société Gé- nérale de Pressage el de Dépôts,director,87
P00873,1942,Kupper H,Kupper H,kuper,,Société Colonnière«Maarad»,director,87
P00873,1942,Kupper H,Kupper H,kuper,,Surveillance de la Ha- mala Mining Co,council_member,87
P00089,1942,Labruyère René Julien,Labruyère René Julien,labruier ren gulien,,Land Bank of Egypt,vice_president,87
P00089,1942,Labruyère René Julien,Labruyère René Julien,labruier ren gulien,,PAlexandria & Ramileh Ralwax Co,director,87
P00090,1942,Lagonico S,Lagonico S,lagoniko,,S.A. Immobilière des Ter- rains Guizeh et Rodah,vice_president,87
P00090,1942,Lagonico S,Lagonico S,lagoniko,,- tion de l’Alexandria Commercial Co,director,87
P00874,1942,Laherrère L,Laherrère L,laerer,,S.A. des Tramways du Caire,general_manager,88
P00874,1942,Laherrère L,Laherrère L,laerer,,Société «The Egyptian General Omnibus Co.»,managing_director,88
P00875,1942,Lambiotte E,Lambiotte E,lambiot,,Egyptlian Sall& Soda Company Lid,director,88
P00876,1942,Lancaster W. A,Lancaster W. A,lankaster,,"Delta Trading Co., S.A.E",director,88
P00392,1942,Lappas Georges,Lappas Georges,lapas georges,,"Ban- que de Commerce NX, Tepeghiosi & Co",director,88
P00877,1942,Lascaris Mario AÀ,Lascaris Mario AÀ,laskaris mario a,,Banque d'Athènes en,president,88
P00878,1942,Egvpte,Egvpte,egvpt,,The Gabbari Land Company. SA. Nettoyage,president,88
P00878,1942,Egvpte,Egvpte,egvpt,,Pressage de Coton,president,88
P00879,1942,Lebnan Bakhos,Lebnan Bakhos,lebnan bakhos,,Union Foncière d'Egypte,director,88
P00879,1942,Lebnan Bakhos,Lebnan Bakhos,lebnan bakhos,,"Société Viticole & Vinicole d'Egvple, SALE",director,88
P00880,1942,Lebon Marcel,Lebon Marcel,lebon marsel,,"Cie. d'Eclairage par le Gaz, Lebon& Co",president,88
P00397,1942,Lees Sir William Clare,Lees Sir William Clare,les sir uiliam klar,,Société Egyptienne des Induslrres Textiles,director,88
P00881,1942,Lefrère Lucien,Lefrère Lucien,lefrer lusien,,"The Upper Egvpt Holelé Co., S.A",director,88
P00882,1942,Leheta Ibrahim Bey,Leheta Ibrahim,leta ibraim,bey,"The Amalgamaled Ice Faclories and Cold Slores, S.A.E",director,88
P00398,1942,Lemarquis J,Lemarquis J,lemarkuis,,Société Générale des Sucreries el de la Raffinerie d'Egypte,director,88
P00883,1942,Leport Henry,Leport Henry,leport henri,,National Insurance Co. 9f,director,88
P00884,1942,Leten Paul,Leten Paul,leten paul,,Usines Textiles Al-Kahira,director,89
P00092,1942,Levi Guido,Levi Guido,levi guido,,The Anglo- Egyptian Land Allotment Co,director,89
P00092,1942,Levi Guido,Levi Guido,levi guido,,The Cairo Suburban Buil- ding Land Co,director,89
P00092,1942,Levi Guido,Levi Guido,levi guido,,Egyp- lion Enterprise & Development Co,director,89
P00092,1942,Levi Guido,Levi Guido,levi guido,,The Gharbieh Land Co,director,89
P00400,1942,Levi 1. G,Levi 1. G,levi,,Statistique Egyplienne,general_manager,89
P00400,1942,Levi 1. G,Levi 1. G,levi,,Fédération Egyptienne des Industries,delegate,89
P00400,1942,Levi 1. G,Levi 1. G,levi,,Société de Statistique de Paris,member,89
P00400,1942,Levi 1. G,Levi 1. G,levi,,Société de Statistique de Paris,partner,89
P00400,1942,Levi 1. G,Levi 1. G,levi,,Union des Agriculleurs d'Egypte,director,89
P00400,1942,Levi 1. G,Levi 1. G,levi,,Ad- ministralion de la S.A.E. de Minoterie el de Silos,vice_president,89
P00400,1942,Levi 1. G,Levi 1. G,levi,,"Egyplian Neon Light Co., S.A.E. ef du Syndicat des Obligalaires de la Société Géné- rale des Sucreries ef de la Raffinerie d'Egvpte",director,89
P00885,1942,Levi Rolf,Levi Rolf,levi rolf,,Trading In- dustrial Corp. S.A.E,director,89
P00403,1942,Lhomme L,Lhomme L,lhom,,Société Gé- nérale des Sucreries el de la Raffinerie d'Egypte,director,89
P00093,1942,Lian Alfred,Lian Alfred,lian alfred,,Con- seil d'Administration de lEgvplian Salt & Soda Co,president,89
P00093,1942,Lian Alfred,Lian Alfred,lian alfred,,Société Financière el Industrielle d'Egypte,president,89
P00093,1942,Lian Alfred,Lian Alfred,lian alfred,,Uniteil Egyplian Sall,president,89
P00093,1942,Lian Alfred,Lian Alfred,lian alfred,,S.A. des Immeubles d'Egypte,vice_president,89
P00093,1942,Lian Alfred,Lian Alfred,lian alfred,,Société Vilicole& Vinicole d'Egvple,vice_president,89
P00093,1942,Lian Alfred,Lian Alfred,lian alfred,,The Alexandria Central Buildings,director,89
P00093,1942,Lian Alfred,Lian Alfred,lian alfred,,The Alexandria Navi- gation Co,director,89
P00093,1942,Lian Alfred,Lian Alfred,lian alfred,,Banca Commerciale faliana per lEgitto,director,89
P00093,1942,Lian Alfred,Lian Alfred,lian alfred,,"Teinturerie Franco-Egyptienne, S.A.E",director,89
P00404,1942,Lloyd John Evans,Lloyd John Evans,loid gohn evans,,Webbs (Aberbeeg) Ltd. (de South Wales),president,89
P00404,1942,Lloyd John Evans,Lloyd John Evans,loid gohn evans,,"The Daniel Layborn & Co. Lid. (de Liverpool, Manchester et Hull)",president,89
P00404,1942,Lloyd John Evans,Lloyd John Evans,loid gohn evans,,The Dinmore Quarries (North Wa- les),president,89
P00404,1942,Lloyd John Evans,Lloyd John Evans,loid gohn evans,,The National Associalion of Employment for Regu- lar Sailors. Soldiers & Airmen,president,89
P00404,1942,Lloyd John Evans,Lloyd John Evans,loid gohn evans,,The Cotton Spinning & Doubling Co. (Oberleutensdorf) Lid,president,89
P00886,1942,Messrs. Davies,Messrs. Davies,mesrs davies,,The Choremi Benachi Cotton Co. (Alexandria),president,89
P00405,1942,Lloyd John,Lloyd John,loid gohn,,The Cho- remi Benachi & Co. (Liverpool),director,89
P00887,1942,Lombard Albert,Lombard Albert,lombard albert,,Crédit Immobilier Suisse-Egyplien,director,89
P00888,1942,Lombardini Mario,Lombardini Mario,lombardini mario,,"So- ciélé Egvplienne du Caoutchouc, S.A.E",president,90
P00889,1942,Lombardo Cesare,Lombardo Cesare,lombardo sesar,,Société des Auto- bus du Nord el de la Sté. des Aulobus du Caire,delegate,90
P00408,1942,Lombardo Hugo,Lombardo Hugo,lombardo hugo,,Société des Autobus du Nord,delegate,90
P00408,1942,Lombardo Hugo,Lombardo Hugo,lombardo hugo,,Société des Autobus d'Alexandrie,delegate,90
P00408,1942,Lombardo Hugo,Lombardo Hugo,lombardo hugo,,So- ciété des Autobus du Caire,delegate,90
P00890,1942,Lopez Ercole Jd,Lopez Ercole Jd,lopez erkol gd,,"The Egvptian Inde- pendent Oil Co., S.A.E",manager,90
P00890,1942,Lopez Ercole Jd,Lopez Ercole Jd,lopez erkol gd,,en nom de The Egvptian Flax Trading Company,partner,90
P00891,1942,Losco Bernard,Losco Bernard,losko bernard,,Anglo- American Nile & Tourist Co,president,90
P00892,1942,Lotfallah Michel,Lotfallah Michel,lotfalah mishel,,The Cairo Agricultural Co. S.A.E,president,90
P00095,1942,Lowe A. J,Lowe A. J,lu,,S.A.E. Car- ba,president,90
P00095,1942,Lowe A. J,Lowe A. J,lu,,The United Egyplian Salt,delegate,90
P00095,1942,Lowe A. J,Lowe A. J,lu,,Filature Nationa- le d'Egyple,director,90
P00095,1942,Lowe A. J,Lowe A. J,lu,,Sté. des Produits Centrifugés en Cimenl,director,90
P00095,1942,Lowe A. J,Lowe A. J,lu,,"The Egvptian Copper Works, S.A.E",director,90
P00095,1942,Lowe A. J,Lowe A. J,lu,,"The Hinshelwood Paint & Oil Co. of E- gvpl, S.A.E",director,90
P00095,1942,Lowe A. J,Lowe A. J,lu,,The Alexandria Engineering Work (ex-,director,90
P00893,1942,Lozy Taher El Bey,Lozy Taher El,lozi taer,bey,National Contracting Co. of Egypt,director,90
P00893,1942,Lozy Taher El Bey,Lozy Taher El,lozi taer,bey,"Société des Autobus du Nord, S.A.E",director,90
P00893,1942,Lozy Taher El Bey,Lozy Taher El,lozi taer,bey,National Bank of Egvpl,director,90
P00894,1942,Luce Pierre,Luce Pierre,lus pier,,Cairo Sand Bricks Co. SALE,manager,90
P00895,1942,Luke D. C,Luke D. C,luk,,Société Industrielle et Commerciale d'Egypte. (S.H.C.0.) S.A.E,director,90
P00412,1942,Lumbroso J,Lumbroso J,lumbroso,,The Alexan- dria Exchange Co. Ltd,director,90
P00412,1942,Lumbroso J,Lumbroso J,lumbroso,,Alexandria & Ramleh Rail- ways Co,director,90
P00412,1942,Lumbroso M,Lumbroso M,lumbroso,,Alexan- dria Exchange Co,director,90
P00896,1942,Mac Culloch Norman G,Mac Culloch Norman G,mak kulosh norman,,Société Egyplienne des Industries Textiles,director,90
P00897,1942,Mac Cullock Joseph Paul,Mac Cullock Joseph Paul,mak kulok gosef paul,,"Sociélé California Egyplienne de Pélroles, S.A.E",director,90
P00898,1942,Maggiar André O,Maggiar André O,magiar andr,,SA. des Monts de Piété Egvptiens,delegate,91
P00899,1942,Maggiar G,Maggiar G,magiar,,S.A. les Monts de Piété Egyptiens,director,91
P00418,1942,Mahfouz Hassan,Mahfouz Hassan,mahfuz hasan,,Nile Oil Cy.. S.A.E,director,91
P00418,1942,Mahfouz Hassan,Mahfouz Hassan,mahfuz hasan,,"Société de Crédit Alexandrin, S.A.E",director,91
P00900,1942,S.E. Mahfouz Rachouan Pacha,Mahfouz Rachouan,mahfuz rashuan,pasha,Société Zoologique d'Egypte,president,91
P00901,1942,Mahmoud Aly Allouba Bey,Mahmoud Aly Allouba,mahmud ali aluba,bey,Société Industrielle & Commerciale d'Egypte (S.LC.0.),director,91
P00902,1942,Mahmoud Zaki Bey,Mahmoud Zaki,mahmud zaki,bey,"Société Egyplienne pour le Développement du Commerce des Légumes, Fruits el Fleurs",director,91
P00903,1942,Maksud Emile,Maksud Emile,maksud emil,,"The Egvplian Engince- ring Slores, S.A.E",delegate,91
P00904,1942,Me. Maksud Gabriel Bey,Me. Maksud Gabriel,m maksud gabriel,bey,Gen- seil d'Administration de la Société de Crédit Alexandrin. S.A.E,member,91
P00905,1942,Malatesta Me. Tristan,Malatesta Me. Tristan,malatesta m tristan,,Salonica Cigarette Co,director,91
P00906,1942,Malcolm Major Gen. Sir Neil,Malcolm Major Gen. Sir Neil,malkolm magor gen sir neil,,Ou Conseil d'Administration de The Misr Shipping Co. SALE,member,91
P00907,1942,Maller Jd. AÀ,Maller Jd. AÀ,maler gd a,,"The Anglo-Egvplian Mi- ning Co., S.A.E",delegate,91
P00422,1942,Mallet Charles,Mallet Charles,malet sharles,,Maison Mallel Frères & Co,partner,91
P00216,1942,Malone Peter,Malone Peter,malon peter,,"The Hin- shelwood Paint & Oil Co. of Egypt, S.A.E",president,91
P00908,1942,Marcarian A. D,Marcarian A. D,markarian,,Société Egyplienne de Minolerie el de Silos,delegate,91
P00908,1942,Marcarian A. D,Marcarian A. D,markarian,,The Egyplian Neon Light Co. S.A.E,director,91
P00909,1942,Mariotti Vittorio Carlo Gomm,Mariotti Vittorio Carlo Gomm,marioti vitorio karlo gom,,- ration de la Cie. Générale Egvplienne des Pélroles COGEP. S.A.E,director,91
P00910,1942,Marshall,Marshall,marshal,,"The Gab- bari Slorage Co., S.A.E",president,91
P00911,1942,Martin G. A,Martin G. A,martin,,SA. des Bières Bomon- li el P\ramides,delegate,92
P00912,1942,Martz Dr. Ernst,Martz Dr. Ernst,martz dr ernst,,"Ad- nistration de Ja S.Eg. de Ciment Portland Tourah, Le Cai- re",president,92
P00912,1942,Martz Dr. Ernst,Martz Dr. Ernst,martz dr ernst,,"Misr Concre- te Development Co., SALE",director,92
P00429,1942,Matossian Vincent,Matossian Vincent,matosian vinsent,,"Eastern Co., S.A.E",director,92
P00426,1942,Mattalon William,Mattalon William,matalon uiliam,,Syndical de l'industrie Egvplien- ne du Riz,president,92
P00426,1942,Mattalon William,Mattalon William,matalon uiliam,,Rosella & Ale- xandria Rice Mills,manager,92
P00426,1942,Mattalon William,Mattalon William,matalon uiliam,,Fédération Egvptienne des Industries,council_member,92
P00431,1942,Maughfling,Maughfling,maughfling,,lEgvplian General Omnibus Co,director,92
P00432,1942,Mavro Mike,Mavro Mike,mavro mik,,au Consortium de Loteries (F.A.E.P.A.E.),managing_director,92
P00432,1942,Mavro Mike,Mavro Mike,mavro mik,,- nistralion de la Société Egvptienne Financière pour le Commerce el Findustrie,director,92
P00913,1942,Mawas Maurice,Mawas Maurice,mauas mauris,,SALE. «Chaussures Bala»,director,92
P00914,1942,Mawas Zaki,Mawas Zaki,mauas zaki,,Société,director,92
P00915,1942,Mazin L. A,Mazin L. A,mazin,,"Egvplian Works & Constructions Co., S.A.E",delegate,92
P00099,1942,S.E. Mazioum Hassan Pacha,Mazioum Hassan,mazium hasan,pasha,Postes Egyp- liennes,general_manager,92
P00099,1942,S.E. Mazioum Hassan Pacha,Mazioum Hassan,mazium hasan,pasha,Egvplian Finance Co,president,92
P00099,1942,S.E. Mazioum Hassan Pacha,Mazioum Hassan,mazium hasan,pasha,Société Egyplienne de Tis- sage el Tricolage,president,92
P00099,1942,S.E. Mazioum Hassan Pacha,Mazioum Hassan,mazium hasan,pasha,"PEgyplian Mining & Prospeclting Co., S.A.E",president,92
P00099,1942,S.E. Mazioum Hassan Pacha,Mazioum Hassan,mazium hasan,pasha,FEgvplian Independent Oil Co,president,92
P00099,1942,S.E. Mazioum Hassan Pacha,Mazioum Hassan,mazium hasan,pasha,lPÜnion Foncière d'Egyple,president,92
P00099,1942,S.E. Mazioum Hassan Pacha,Mazioum Hassan,mazium hasan,pasha,Banque Belge el In- lernaliona!e en Egvple,vice_president,92
P00099,1942,S.E. Mazioum Hassan Pacha,Mazioum Hassan,mazium hasan,pasha,Egyptian Della Land & Invest- ment Co,vice_president,92
P00099,1942,S.E. Mazioum Hassan Pacha,Mazioum Hassan,mazium hasan,pasha,Ban- que du Crédit Agricole d'Egypte,director,92
P00099,1942,S.E. Mazioum Hassan Pacha,Mazioum Hassan,mazium hasan,pasha,Port-Said Salt Asso- ciation,director,92
P00099,1942,S.E. Mazioum Hassan Pacha,Mazioum Hassan,mazium hasan,pasha,Société Générale des Sucreries el de la Raffi- nerie d'Egypte,director,92
P00099,1942,S.E. Mazioum Hassan Pacha,Mazioum Hassan,mazium hasan,pasha,National Insurance Co,director,92
P00099,1942,S.E. Mazioum Hassan Pacha,Mazioum Hassan,mazium hasan,pasha,Khedi- vial Mail Line Co,director,92
P00099,1942,S.E. Mazioum Hassan Pacha,Mazioum Hassan,mazium hasan,pasha,"Misr Airworks, S.A.E",director,92
P00916,1942,Menasche Albert,Menasche Albert,menash albert,,Elablis- semenis Industriels pour la Soie et le Colon,director,92
P00917,1942,Mercalli Luigi Gol,Mercalli Luigi Gol,merkali luigi gol,,Compagnie Générale Egyplienne des Pétroles (CO-,vice_president,93
P00918,1942,GEP,GEP,gep,,"Société Rou- maine «Prahova» Socielale Anonima Romana Pentru In- dustria di Comertul Petrolului, Bucarest",managing_director,93
P00919,1942,Messiqua B,Messiqua B,mesikua,,S.A. des Drogueries d'Egypte,delegate,93
P00436,1942,Messiqua Marcel,Messiqua Marcel,mesikua marsel,,Egvptian Produce Trading Co,manager,93
P00436,1942,Messiqua Marcel,Messiqua Marcel,mesikua marsel,,Alexandria Pres- sing Co,director,93
P00436,1942,Messiqua Marcel,Messiqua Marcel,mesikua marsel,,Alexandria Insurance Co,director,93
P00436,1942,Messiqua Marcel,Messiqua Marcel,mesikua marsel,,Société Nationale du Papier,director,93
P00437,1942,Metwalli Mohamed Bey,Metwalli Mohamed,metuali moamed,bey,"Société Com- merciale Bulgaro-Egyptienne, S.A.E",director,93
P00920,1942,Meyer Henri,Meyer Henri,meier henri,,The Manure Company of Egvpt (S.A.),delegate,93
P00438,1942,Michell F. W,Michell F. W,mishel,,Marconi Radio Telegraph Company of Egvpl. S.A,director,93
P00439,1942,Michriki Youssef Bey,Michriki Youssef,mishriki iusef,bey,Commercial Bank of Egvpl,director,93
P00921,1942,Middleton K.W.M,Middleton K.W.M,midleton,,The Sinai Mining Co. LI,director,93
P00441,1942,Mills A.E,Mills A.E,mils,,Porl-Said Salt Association Ltd,director,93
P00101,1942,Minost Emile,Minost Emile,minost emil,,Crédit Foncier Egyplien,managing_director,93
P00101,1942,Minost Emile,Minost Emile,minost emil,,National Bank of Egvpt,director,93
P00101,1942,Minost Emile,Minost Emile,minost emil,,Crédil Agricole d'Egypte el de la Sociéié d'Assurances «Al-Chark»,director,93
P00442,1942,Misrahi Albert,Misrahi Albert,misrai albert,,"Société de Mé- lallurgie Egyplienne, S.A.E",director,93
P00442,1942,Misrahi Albert,Misrahi Albert,misrai albert,,Société Royale d'Agri- culture,director,93
P00442,1942,Misrahi Albert,Misrahi Albert,misrai albert,,Alexandria Insurance Co,director,93
P00443,1942,Misrahi Isaac J,Misrahi Isaac J,misrai isak,,The Hinshel- wood Paint & Oi! Co. of Egypl. S.A.E,director,93
P00443,1942,Misrahi Isaac J,Misrahi Isaac J,misrai isak,,Dakablieh Land Co. S.A.E,director,93
P00443,1942,Misrahi Isaac J,Misrahi Isaac J,misrai isak,,"Maison de la Petite Reine, S.A.E",director,93
P00443,1942,Misrahi Isaac J,Misrahi Isaac J,misrai isak,,"Comploir Commercial Economique, S.A.E",director,93
P00443,1942,Misrahi Isaac J,Misrahi Isaac J,misrai isak,,Finan- cial Bureau (Egypt) 114,director,93
P00922,1942,Misrahi Léon,Misrahi Léon,misrai leon,,Elablisse- ments Industriels pour la Soie el le Coton,director,93
P00444,1942,Mitarachi Th,Mitarachi Th,mitarashi th,,"lEgvplian Ginners & Exporters, S.A",president,93
P00444,1942,Mitarachi Th,Mitarachi Th,mitarashi th,,Banque d’Athè- nes,director,93
P00444,1942,Mitarachi Th,Mitarachi Th,mitarashi th,,S.A. de Nettovage el Pressage de Coton,director,93
P00923,1942,Mitchel G.A,Mitchel G.A,mitshel,,lAboukir Co,director,93
P00924,1942,Mitchell Gaston,Mitchell Gaston,mitshel gaston,,Usines Lebon & Cie. en Egyp- Le,general_manager,94
P00924,1942,Mitchell Gaston,Mitchell Gaston,mitshel gaston,,SE. d'Elec- tricité,director,94
P00925,1942,Mitsano Lorenzo,Mitsano Lorenzo,mitsano lorenzo,,SALE. de Cons- tructions (EGYCO”,director,94
P00446,1942,Mohamed Abbas Rachid,Mohamed Abbas Rachid,moamed abas rashid,,"Société Egvplienne des Industries Chimiques, S.A.E",director,94
P00926,1942,Mohamed Aly El Gohari,Mohamed Aly El Gohari,moamed ali goari,,Cie. Egvplienne de Navigalion «Le Dodécanèse»,director,94
P00447,1942,Mohamed Fouad,Mohamed Fouad,moamed fuad,,Société des Omnibus de Fa- VOUmM,director,94
P00002,1942,Mohamed Kamel Badaoui Bey,Mohamed Kamel Badaoui,moamed kamel badaui,bey,- lion de la Sociélé Industrielle et Commerciale d'Egypte(S.I.C.0.),director,94
P00927,1942,Mohamed Loutfi Mahmoud Bey,Mohamed Loutfi Mahmoud,moamed lutfi mahmud,bey,"Sociélé Egvplienne pour le Tannage el l'industrie du Cuir, SALE",council_member,94
P00928,1942,Mohamed Omar Sultan,Mohamed Omar Sultan,moamed omar sultan,,The Nile Ginning Co,director,94
P00928,1942,Mohamed Omar Sultan,Mohamed Omar Sultan,moamed omar sultan,,Ja Sociélé Misr de Cigarelles el de la Société Misr de Ci- néma,director,94
P00929,1942,Mohamed Raghebh Bey,Mohamed Raghebh,moamed raghebh,bey,là Commercial Bank of Egypt,director,94
P00930,1942,Mohamed Bey Tewfik Ismail Sénateur de Minieh,Mohamed Bey Tewfik Ismail Sénateur de Minieh,moamed bei teufik ismail senateur minieh,,Con- seil d'Administration de la Société Coopérative Commer- ciale de Crédit,member,94
P00931,1942,Mohamed Zaki Aly Bey,Mohamed Zaki Aly,moamed zaki ali,bey,"à la Cour de Cassalion, Mem- bre du Conseil d'Administration de la Société Coopéralive Commerciale de Crédit",adviser,94
P00932,1942,S.E. Moharrem Osman Pacha,Moharrem Osman,moarem osman,pasha,"Société Viticole et Vinicole d'Egypte, S.A.E",director,95
P00933,1942,Monchicourt André G,Monchicourt André G,monshikurt andr,,Administration de la S.A. des Monts de Piété Egvptiens,council_member,95
P00449,1942,Monnerat E,Monnerat E,monerat,,Cie. Frigorifique d'Egypte,director,95
P00449,1942,Monnerat E,Monnerat E,monerat,,Société Anonyme des Eaux du Caire,director,95
P00449,1942,Monnerat E,Monnerat E,monerat,,Electric Lighl & Power Supply Co,president,95
P00452,1942,Mordan James,Mordan James,mordan games,,Near,director,95
P00453,1942,Moreau E,Moreau E,moreau,,"Banque de Paris el des Pays-Bas, Mem- bre du Conseil d'Administration du Crédit Foncier Egyp- tien",president,95
P00934,1942,Moriatti Georges,Moriatti Georges,moriati georges,,Cie. Generale Egvplienne des Pélroles (Cogep) S.A.E,director,95
P00935,1942,Morton James Herbert,Morton James Herbert,morton games herbert,,Khedivial Mail Line,director,95
P00936,1942,Mosseri Albert Vita,Mosseri Albert Vita,moseri albert vita,,"la«Josv Film», S.A.E",director,95
P00936,1942,Mosseri Albert Vita,Mosseri Albert Vita,moseri albert vita,,Maison de Banque J. X. Mosseri Figli & Co,partner,95
P00937,1942,Mosseri Félix N,Mosseri Félix N,moseri felix,,The Egyptian Copper Works. S.A.E,manager,95
P00937,1942,Mosseri Félix N,Mosseri Félix N,moseri felix,,The Egyptian Copper Works. S.A.E,director,95
P00938,1942,Mosseri Guido,Mosseri Guido,moseri guido,,Banque J.X. Mosseri Figli& Co,partner,95
P00938,1942,Mosseri Guido,Mosseri Guido,moseri guido,,Banque J.X. Mosseri Figli& Co,manager,95
P00938,1942,Mosseri Guido,Mosseri Guido,moseri guido,,"Cairo Land & Finan- cial Co., S.A.E",managing_director,95
P00938,1942,Mosseri Guido,Mosseri Guido,moseri guido,,The Anglo-Belgian Co. of Egypt Lid,director,95
P00938,1942,Mosseri Guido,Mosseri Guido,moseri guido,,The Anglo-Egyplian Land Allotment Co,director,95
P00938,1942,Mosseri Guido,Mosseri Guido,moseri guido,,The Fayoum Light Railwavs Co,director,95
P00938,1942,Mosseri Guido,Mosseri Guido,moseri guido,,S.A. des Hal- les Centrales,director,95
P00939,1942,Mosseri Henry Victor,Mosseri Henry Victor,moseri henri viktor,,Fédération Internationale des Tech- niciens Agronomes,director,95
P00939,1942,Mosseri Henry Victor,Mosseri Henry Victor,moseri henri viktor,,Anglo-Egyp- lian Land Allotment Co,managing_director,95
P00939,1942,Mosseri Henry Victor,Mosseri Henry Victor,moseri henri viktor,,- lion de The Gharbieh Land Co,director,95
P00939,1942,Mosseri Henry Victor,Mosseri Henry Victor,moseri henri viktor,,The Egvplian Finance Co,director,95
P00939,1942,Mosseri Henry Victor,Mosseri Henry Victor,moseri henri viktor,,The Tractor & Engineering Co,director,95
P00939,1942,Mosseri Henry Victor,Mosseri Henry Victor,moseri henri viktor,,S.A. de Wadi- Kom-Ombo,director,95
P00939,1942,Mosseri Henry Victor,Mosseri Henry Victor,moseri henri viktor,,S.A.E. Financière et Immobilière,director,95
P00939,1942,Mosseri Henry Victor,Mosseri Henry Victor,moseri henri viktor,,The Anglo-Belgian Co,director,95
P00939,1942,Mosseri Henry Victor,Mosseri Henry Victor,moseri henri viktor,,"The Egvplian Copper Works, de la",director,95
P00940,1942,Mosseri E. Humbert J,Mosseri E. Humbert J,moseri humbert,,Cairo Land & Financial Co,director,96
P00462,1942,Mosseri Joseph Vita,Mosseri Joseph Vita,moseri gosef vita,,"Josv Film, S.A.E",vice_president,96
P00462,1942,Mosseri Joseph Vita,Mosseri Joseph Vita,moseri gosef vita,,"Josv Film, S.A.E",delegate,96
P00107,1942,Mosseri Maurice N,Mosseri Maurice N,moseri mauris,,"Banque Mosséri, S.A.E",delegate,96
P00107,1942,Mosseri Maurice N,Mosseri Maurice N,moseri mauris,,Société,president,96
P00463,1942,Egyptienne de Tuyaux,Egyptienne de Tuyaux,egiptien tuiaux,,Syndicat des Obligataires de la Société Générale des Sucreries el de là Raffinerie d'Egyvple,president,96
P00463,1942,Egyptienne de Tuyaux,Egyptienne de Tuyaux,egiptien tuiaux,,Société des Grands Hôtels d'Egypte,director,96
P00463,1942,Egyptienne de Tuyaux,Egyptienne de Tuyaux,egiptien tuiaux,,lAnglo Egyptian Land Allot- ment,director,96
P00463,1942,Egyptienne de Tuyaux,Egyptienne de Tuyaux,egiptien tuiaux,,Egyplian Finance Co,director,96
P00463,1942,Egyptienne de Tuyaux,Egyptienne de Tuyaux,egiptien tuiaux,,S.E. de Tissage el,director,96
P00941,1942,Mouchly Cecile,Mouchly Cecile,mushli sesil,,"The Si- mn Arzl Slores, S.A.E",director,96
P00942,1942,Mouchly Max,Mouchly Max,mushli max,,"The Si- mon Arzl Slores, S.A.E",president,96
P00943,1942,Mouratiadi G.M,Mouratiadi G.M,muratiadi,,Communauté Hellénique du Caire,president,96
P00943,1942,Mouratiadi G.M,Mouratiadi G.M,muratiadi,,Croir Rouge Hellénique,president,96
P00943,1942,Mouratiadi G.M,Mouratiadi G.M,muratiadi,,Ja Crown-Brewery,president,96
P00943,1942,Mouratiadi G.M,Mouratiadi G.M,muratiadi,,Ja Crown-Brewery,delegate,96
P00943,1942,Mouratiadi G.M,Mouratiadi G.M,muratiadi,,Banque de Commerce,director,96
P00943,1942,Mouratiadi G.M,Mouratiadi G.M,muratiadi,,Société Franco-Egyptien- ne d'Importalion el de la Sociélé des Elablissements Bola- nachi,director,96
P00944,1942,Moursi Ahmed Awad,Moursi Ahmed Awad,mursi ahmed auad,,"Sociélé d'Entreprises M. Cockinos, S.A.E",director,96
P00945,1942,Muller E,Muller E,muler,,National Ginning Co. of Egvpl,director,96
P00467,1942,Mullet Georges,Mullet Georges,mulet georges,,-Délé,director,96
P00467,1942,Mullet Georges,Mullet Georges,mulet georges,,Société Egyptienne d’Elec- tricité,director,96
P00467,1942,Mullet Georges,Mullet Georges,mulet georges,,Société Anonyme des Tramways du Caire,director,96
P00467,1942,Mullet Georges,Mullet Georges,mulet georges,,Société Anonyme des Chemins de Fer de la Basse-Egvp- te,director,96
P00467,1942,Mullet Georges,Mullet Georges,mulet georges,,The Cairo Suburban Building Land Co,director,96
P00946,1942,Muntz Alyan,Muntz Alyan,muntz alian,,"Misr Air- work, S.A.E",director,97
P00947,1942,Murgatroyd,Murgatroyd,murgatroid,,The Egyplian Road Construction Co,president,97
P00948,1942,Murray,Murray,murai,,Société Texas Egyplienne des Pétroles,director,97
P00949,1942,Mussa Albert,Mussa Albert,musa albert,,"The Albert Mussa Agen- cy & Stevedoring Co., S.A.E",delegate,97
P00950,1942,Mustaki Armand,Mustaki Armand,mustaki armand,,Comilé de Liquidation de la Buil- ding Lands of Egypl,president,97
P00950,1942,Mustaki Armand,Mustaki Armand,mustaki armand,,"Manu- facture de Textiles Egyptiens, S.A.E",delegate,97
P00950,1942,Mustaki Armand,Mustaki Armand,mustaki armand,,"Banque d'Athènes, S.A",director,97
P00950,1942,Mustaki Armand,Mustaki Armand,mustaki armand,,"Industrie Meunière d'’Ale- xandrie, S.A.E",director,97
P00950,1942,Mustaki Armand,Mustaki Armand,mustaki armand,,Sociélé Egvptienne d'Entreprises Ur- baines et Rurales,director,97
P00951,1942,Nacamuli Albert,Nacamuli Albert,nakamuli albert,,Société Egyptienne de Placements el de Crédit,delegate,97
P00951,1942,Nacamuli Albert,Nacamuli Albert,nakamuli albert,,Société Générale Immobilière,director,97
P00952,1942,Nacamuli Isaac,Nacamuli Isaac,nakamuli isak,,Société Egyp- tienne des Placements,president,97
P00952,1942,Nacamuli Isaac,Nacamuli Isaac,nakamuli isak,,Crédit,president,97
P00952,1942,Nacamuli Isaac,Nacamuli Isaac,nakamuli isak,,Sté. Gén. Immobilière,director,97
P00952,1942,Nacamuli Isaac,Nacamuli Isaac,nakamuli isak,,Sté. Gén. Immobilière,president,97
P00953,1942,S.E. Nachaat Hassan Pacha,Nachaat Hassan,nashat hasan,pasha,"Société Natio- nale du Papier, S.A.E",president,97
P00471,1942,Nachaty Youssef Dr,Nachaty Youssef Dr,nashati iusef dr,,"Société Egvptienne des Industries Chimiques, S.A.E",director,97
P00473,1942,Nahas Robert,Nahas Robert,nas robert,,‘le ia Société,director,97
P00474,1942,Nahman Armand V,Nahman Armand V,nahman armand,,Gharbieh Ginning Co. S.A.E,director,97
P00474,1942,Nahman Armand V,Nahman Armand V,nahman armand,,Alexandria Pressing Co,director,97
P00474,1942,Nahman Armand V,Nahman Armand V,nahman armand,,The Upper Egypt Ginning Co,director,97
P00474,1942,Nahman Armand V,Nahman Armand V,nahman armand,,Société des Terres Rares d'Egyple,director,97
P00474,1942,Nahman Armand V,Nahman Armand V,nahman armand,,Société Misr «la Fluviale» S.A.E,director,97
P00954,1942,Nahman Raphael,Nahman Raphael,nahman rafael,,Société Générale d'Electricité el de Mécanique,director,98
P00954,1942,Nahman Raphael,Nahman Raphael,nahman rafael,,Rosetta & Ale- xandria Rice Mills,director,98
P00475,1942,Nahmias Salomon,Nahmias Salomon,nahmias salomon,,Cai- ro Land & Financial Co,director,98
P00113,1942,Nathan Edward,Nathan Edward,nathan eduard,,New Egvyplian Co,director,98
P00113,1942,Nathan Edward,Nathan Edward,nathan eduard,,Société Belge-Egyplienne de l'Ezbékieh,director,98
P00955,1942,Naus Hughes,Naus Hughes,naus hughes,,"Société Générale Immobilière d'Egypte, S.A.E",director,98
P00955,1942,Naus Hughes,Naus Hughes,naus hughes,,Société Générale des Sucreries el de la Raffinerie d'E- gyple,general_manager,98
P00956,1942,Nelson Georges,Nelson Georges,nelson georges,,"The Hin- shelwood Paint & Oil Co. of Egypt, S.A.E",director,98
P00478,1942,Neuflize Baron A. de,Neuflize Baron A. de,neufliz baron,,Paris de la Banque d'Athènes),director,98
P00478,1942,Neuflize Baron A. de,Neuflize Baron A. de,neufliz baron,,Paris de la Banque d'Athènes),committee_member,98
P00957,1942,Neuville Paul,Neuville Paul,neuvil paul,,"Société Viticole el Vinicole d'Egypte, S.A.E",director,98
P00479,1942,Nichols D,Nichols D,nishols,,Société des Autobus de Béhéra,director,98
P00479,1942,Nichols D,Nichols D,nishols,,Garbieh,director,98
P00115,1942,S.E. Nubar Arakel Pacha,Nubar Arakel,nubar arakel,pasha,S.A. des Eaux du Caire,director,98
P00115,1942,S.E. Nubar Arakel Pacha,Nubar Arakel,nubar arakel,pasha,The Cairo Electric Rail- ways and Heliopolis Oases Co,director,98
P00115,1942,S.E. Nubar Arakel Pacha,Nubar Arakel,nubar arakel,pasha,Cie. Frigorifique d'Egypte,director,98
P00958,1942,Nyegaard A,Nyegaard A,niegard,,Société de,director,98
P00958,1942,Nyegaard A,Nyegaard A,niegard,,Société de,managing_director,98
P00959,1942,Pace Me. Umberto,Pace Me. Umberto,pas m umberto,,So- ciété Franco-Egyptienne d'Importation,director,98
P00959,1942,Pace Me. Umberto,Pace Me. Umberto,pas m umberto,,The Anglo Egyp- tian Mining Co. S.A.E,director,98
P00960,1942,Papastratos E,Papastratos E,papastratos,,Société «Cigarettes Nestor Gianaclis»,director,98
P00961,1942,Paskelier Joseph,Paskelier Joseph,paskelier gosef,,Banque Misr (France),director,98
P00962,1942,Passardi Renato,Passardi Renato,pasardi renato,,S.A.E Industrie Fibres Textiles,director,98
P00963,1942,Pathy Poinauer Dr. Ernst,Pathy Poinauer Dr. Ernst,pathi poinauer dr ernst,,Société Hongro-Egyptienne pour le Commerce (Elabli à Budapest),manager,99
P00964,1942,Pathy Polnauer Georges,Pathy Polnauer Georges,pathi polnauer georges,,Alexandria Navigalion Co. S.A.E,manager,99
P00491,1942,Pathy Polnauer Ladislas,Pathy Polnauer Ladislas,pathi polnauer ladislas,,"Société Hongro-Egyptienne pour le Commerce, S.A",vice_president,99
P00491,1942,Pathy Polnauer Ladislas,Pathy Polnauer Ladislas,pathi polnauer ladislas,,Société des Autobus du Cai- re,vice_president,99
P00491,1942,Pathy Polnauer Ladislas,Pathy Polnauer Ladislas,pathi polnauer ladislas,,Société des Autobus d'Alexandrie,vice_president,99
P00491,1942,Pathy Polnauer Ladislas,Pathy Polnauer Ladislas,pathi polnauer ladislas,,"Alexandria Navigation Co., S.A.E",director,99
P00491,1942,Pathy Polnauer Ladislas,Pathy Polnauer Ladislas,pathi polnauer ladislas,,"Alexandria Navigation Co., S.A.E",delegate,99
P00491,1942,Pathy Polnauer Ladislas,Pathy Polnauer Ladislas,pathi polnauer ladislas,,J'A- lexandria Navigation Co. (London) Lid,director,99
P00491,1942,Pathy Polnauer Ladislas,Pathy Polnauer Ladislas,pathi polnauer ladislas,,J'A- lexandria Navigation Co. (London) Lid,delegate,99
P00491,1942,Pathy Polnauer Ladislas,Pathy Polnauer Ladislas,pathi polnauer ladislas,,Sté. Industrielle et Commerciale d'Egypte{(SICO) S.A.E,director,99
P00491,1942,Pathy Polnauer Ladislas,Pathy Polnauer Ladislas,pathi polnauer ladislas,,Sté. Industrielle et Commerciale d'Egypte{(SICO) S.A.E,delegate,99
P00491,1942,Pathy Polnauer Ladislas,Pathy Polnauer Ladislas,pathi polnauer ladislas,,A- lexandria Insurance Co,director,99
P00491,1942,Pathy Polnauer Ladislas,Pathy Polnauer Ladislas,pathi polnauer ladislas,,lAlexandria Life Insurance Co,director,99
P00491,1942,Pathy Polnauer Ladislas,Pathy Polnauer Ladislas,pathi polnauer ladislas,,Société des Aulobus du Nord,director,99
P00965,1942,Pavlica Dussan,Pavlica Dussan,pavlika dusan,,Fabrique de Pro- duits Chimiques,director,99
P00435,1942,Peel Col. E.T,Peel Col. E.T,pel kol,,Alexandria Insurance Co,director,99
P00435,1942,Peel Col. E.T,Peel Col. E.T,pel kol,,S.E. de la Bourse Con- merciale de Minet EI Bassal,director,99
P00435,1942,Peel Col. E.T,Peel Col. E.T,pel kol,,Société Générale de Pres- sage el de Dépôts,director,99
P00116,1942,Pegna E,Pegna E,pegna,,Egyptian Bonded Warehouses Co,director,99
P00116,1942,Pegna E,Pegna E,pegna,,Alexandria Insurance Co,director,99
P00116,1942,Pegna E,Pegna E,pegna,,Société Pharos,director,99
P00116,1942,Pegna E,Pegna E,pegna,,The Egyplian Petroleum Storage,director,99
P00116,1942,Pegna E,Pegna E,pegna,,Alexandria Central Buildings,president,99
P00966,1942,Perkins Edward J,Perkins Edward J,perkins eduard,,New Egyptian Co. Lid,manager,99
P00966,1942,Perkins Edward J,Perkins Edward J,perkins eduard,,The Egvplian Engineering Sto- res,director,99
P00967,1942,Perkins,Perkins,perkins,,Nile Cold Storage & Ice Co,president,99
P00967,1942,Perkins,Perkins,perkins,,- ration de la S.A.E. «Carba»,director,99
P00968,1942,Peter Louis Ing,Peter Louis Ing,peter luis ing,,"!a S.A.E. de Constructions, «ŒEgyco»",director,99
P00969,1942,Peytel André,Peytel André,peitel andr,,"Banque Belge et Internationale en Egypte, S.A.E",director,99
P00970,1942,Pezas Me. A,Pezas Me. A,pezas m,,Société Générale des Sucreries el de la Raffinerie d'Egypte,director,99
P00970,1942,Pezas Me. A,Pezas Me. A,pezas m,,"Société Nationale du Papier, S.A.E",director,99
P00971,1942,Philp E.L,Philp E.L,filp,,Kafr El Zaval Cotton Co. Id,director,99
P00972,1942,Picot Jacques Georges,Picot Jacques Georges,pikot gakues georges,,"Société Générale Im- mobilière d'Egypte, S.A.E",director,99
P00973,1942,Pierrakos Nicolas,Pierrakos Nicolas,pierakos nikolas,,"«Société Vilicole el Vinicole d'Egypte, S.A.E.»",vice_president,100
P00973,1942,Pierrakos Nicolas,Pierrakos Nicolas,pierakos nikolas,,«Neslor Gianaclis (Agri- cultural & Commercial) Limited»,president,100
P00494,1942,Pilavachi Constantin G,Pilavachi Constantin G,pilavashi konstantin,,The Building Lands Co,president,100
P00494,1942,Pilavachi Constantin G,Pilavachi Constantin G,pilavashi konstantin,,The Egyptian Colton Co,president,100
P00494,1942,Pilavachi Constantin G,Pilavachi Constantin G,pilavashi konstantin,,S.A. Immobilière d'Alexandrie,president,100
P00974,1942,Pinto ?runo,Pinto ?runo,pinto runo,,S.A. Immobili,director,100
P00975,1942,Pinto Prof. Dott. Cav. Uff. Carlo,Pinto Prof. Dott. Cav. Uff. Carlo,pinto prof dot kav uf karlo,,"Socielà Ano- nima Immobili Riunili el de la Pinto Cotton Co., S.A.E",director,100
P00976,1942,Anonima Immobili Riunili,Anonima Immobili Riunili,anonima imobili riunili,,"The Upper Egypt Ginning Co., S.A.E. el de la Pinto Cotton Co., S.A.E",managing_director,100
P00119,1942,Pinto Silvio,Pinto Silvio,pinto silvio,,"Pinto Col- ton Co., S.A.E",director,100
P00977,1942,Pinto Uberto,Pinto Uberto,pinto uberto,,Société,director,100
P00978,1942,Pollet Masurel André,Pollet Masurel André,polet masurel andr,,"Société Egyplienne de Filature el de Tissage de la Laine, S.A.E",director,100
P00498,1942,Pollet Raymond,Pollet Raymond,polet raimond,,"Socié- té Egyplienne de Filature el de Tissage de Laine, S.A.E",director,100
P00979,1942,Pollet Robert,Pollet Robert,polet robert,,Société Egyptienne de Filature,director,100
P00979,1942,Pollet Robert,Pollet Robert,polet robert,,"Tissage de Laine, S.A.E",director,100
P00980,1942,Pollet Thiriez,Pollet Thiriez,polet thiriez,,"Société Egyptienne de Filalure el de Tissage de Laine, S.A.E",director,100
P00981,1942,Pontremoli Maurice B,Pontremoli Maurice B,pontremoli mauris,,"Maison d'Ameublement B. Pontremoli, S.A.E",director,100
P00501,1942,Pontremoli Rachel Mme. Vve. B,Pontremoli Rachel Mme. Vve. B,pontremoli rashel m v,,"- nistration de la Maison d'Ameublement B. Pontremoli, S.A.E",director,100
P00982,1942,Pougin Henri,Pougin Henri,pugin henri,,Banque Misr (France),managing_director,101
P00983,1942,Pringo Stephane,Pringo Stephane,pringo stefan,,S.A.E. «Almina»,director,101
P00984,1942,Purkiss E. C,Purkiss E. C,purkis,,The United Bus Co,director,101
P00122,1942,Rabbath Sélim,Rabbath Sélim,rabath selim,,Della Trading Co,president,101
P00122,1942,Rabbath Sélim,Rabbath Sélim,rabath selim,,Della Trading Co,delegate,101
P00122,1942,Rabbath Sélim,Rabbath Sélim,rabath selim,,So- ciété Immobilière de Boulac,president,101
P00122,1942,Rabbath Sélim,Rabbath Sélim,rabath selim,,- nisiralion de la S.A. des Immeubles d'Egypte,director,101
P00985,1942,Rachid Mohamed Abbas,Rachid Mohamed Abbas,rashid moamed abas,,"- nistration de la Société Egyplienne d'Industries Chimiques, S.A.E",director,101
P00986,1942,Rachid Moustafa Bey,Rachid Moustafa,rashid mustafa,bey,"Société pour la Vente des Produits Egypliens, S.A.E",director,101
P00987,1942,Raemy Bernard de,Raemy Bernard de,raemi bernard,,Cairo Sand Bricks,delegate,101
P00987,1942,Raemy Bernard de,Raemy Bernard de,raemi bernard,,Maison Sulzer,manager,101
P00988,1942,Raftopoulos,Raftopoulos,raftopulos,,Sté. «Cigareltes,delegate,101
P00989,1942,Nestor Gianaclis,Nestor Gianaclis,nestor gianaklis,,"lU- nitas Trading & Financial Co., S.A.E",delegate,101
P00503,1942,Ragheb Hanna Bey,Ragheb Hanna,ragheb hana,bey,Con- seil d'Administration de la National Contracting Co of Egypt,member,101
P00503,1942,Ragheb Hanna Bey,Ragheb Hanna,ragheb hana,bey,"The Egyplian Independent Oil Co., S.A.E",member,101
P00504,1942,Ralli Alexandre,Ralli Alexandre,rali alexandr,,"Société Egyptienne pour l'Exploilation des Mines el Carrières, S.A.E",director,101
P00505,1942,Ramlot Paul,Ramlot Paul,ramlot paul,,"Banque Belge et Internationale en Egvpte, S.A.E",director,101
P00123,1942,Raybaud Max,Raybaud Max,raibaud max,,Crow-Brewery,managing_director,101
P00506,1942,Razeti Aldo,Razeti Aldo,razeti aldo,,So- ciété Egyplienne pour l'Exploilalion des Mines et Carrières,director,102
P00990,1942,Reinhart P,Reinhart P,reinhart,,"The National Ginning Co. of Egypt, S.A.E",president,102
P00990,1942,Reinhart P,Reinhart P,reinhart,,- nistration de l'Egvplian Motor Transport Coy,director,102
P00991,1942,Remauge Adrien,Remauge Adrien,remaug adrien,,«A- lexandria & Ramleh Rys Co,director,102
P00992,1942,Richard Edouard,Richard Edouard,rishard eduard,,"The Manure Co. of Egypt, S.A",director,102
P00993,1942,Richards G. P,Richards G. P,rishards,,Sociélé Misr d'Assurances Générales,director,102
P00994,1942,Wakÿs,Wakÿs,uakis,,"- lion de la Marconi Radio Telegraph Co. of Egypl, S.A.E",vice_president,102
P00995,1942,Riley E. C,Riley E. C,rilei,,"General Mo- lors Near East, S.A",director,102
P00996,1942,Roche De la Rigodière,Roche De la Rigodière,rosh la rigodier,,Ad- minisiration de la Société Franco-Egyplienne de Soierie,council_member,102
P00997,1942,Rodocanachi Th. C,Rodocanachi Th. C,rodokanashi th,,lexandria Exchange Co,president,102
P00998,1942,Rofé Charles,Rofé Charles,rof sharles,,Société Vilicole et Vinicols d'Egypte,director,102
P00999,1942,Rolin Daniel Baron,Rolin Daniel Baron,rolin daniel baron,,Electrie Light & Power Supply Co,president,102
P00999,1942,Rolin Daniel Baron,Rolin Daniel Baron,rolin daniel baron,,The Cairo Suburban Building Lands,director,102
P00999,1942,Rolin Daniel Baron,Rolin Daniel Baron,rolin daniel baron,,The Egyptian Enterprise & Development Co,director,102
P01000,1942,Rolin Léon Baron,Rolin Léon Baron,rolin leon baron,,S.A. des Anciennes Entrepri- ses L. Rolin & Co,president,102
P01000,1942,Rolin Léon Baron,Rolin Léon Baron,rolin leon baron,,Egyplian Enterprise & Development Co,president,102
P01000,1942,Rolin Léon Baron,Rolin Léon Baron,rolin leon baron,,Gharbieh Land Co,president,102
P01000,1942,Rolin Léon Baron,Rolin Léon Baron,rolin leon baron,,Société Belge-Egyptienne de l'Ezbékieh,managing_director,102
P01000,1942,Rolin Léon Baron,Rolin Léon Baron,rolin leon baron,,The Cairo Suburban,director,102
P01000,1942,Rolin Léon Baron,Rolin Léon Baron,rolin leon baron,,Société Belgo-Egyplienne,director,102
P01000,1942,Rolin Léon Baron,Rolin Léon Baron,rolin leon baron,,Société Immo- bilière de Boulac,director,102
P01001,1942,Rolo Ibram,Rolo Ibram,rolo ibram,,"Alexandria Racing Club, S.A.E",director,102
P01002,1942,Rolo Jacques R,Rolo Jacques R,rolo gakues,,Gar- bieh Ginning Co. S.A,director,102
P01002,1942,Rolo Jacques R,Rolo Jacques R,rolo gakues,,Upper Egvpt Ginning Co,director,102
P00128,1942,Rolo Max,Rolo Max,rolo max,,Manufacture de Textiles Egyptiens(Karpelès & Co.),vice_president,102
P00128,1942,Rolo Max,Rolo Max,rolo max,,Alexandria Pressing Co. S.A.E,director,102
P01003,1942,Rolo,Rolo,rolo,,Communauté Israélite d'Alexandrie,president,103
P01003,1942,Rolo,Rolo,rolo,,Société Colonnière Maarad,president,103
P01003,1942,Rolo,Rolo,rolo,,The Upper Egypt Ginning Co,president,103
P01003,1942,Rolo,Rolo,rolo,,'Ad- minislration de lAlexandria Insurance Co,council_member,103
P01003,1942,Rolo,Rolo,rolo,,Banque Belge el Internationale en Egvple,council_member,103
P01003,1942,Rolo,Rolo,rolo,,Société Belgo-Egyn- Hienne de FEBzbékich,council_member,103
P01003,1942,Rolo,Rolo,rolo,,"SA. des Fibres Textiles, S.A.E",council_member,103
P01003,1942,Rolo,Rolo,rolo,,National Contracting Co. of Egvpt,council_member,103
P00129,1942,Rolo Robert S,Rolo Robert S,rolo robert,,Crédil Foncier Egyplien,vice_president,103
P00129,1942,Rolo Robert S,Rolo Robert S,rolo robert,,FEgvplian General Omnibus,director,103
P00129,1942,Rolo Robert S,Rolo Robert S,rolo robert,,The National Bank of Egvpl,director,103
P00129,1942,Rolo Robert S,Rolo Robert S,rolo robert,,Société Foncière de Cheikh Fadl,director,103
P00129,1942,Rolo Robert S,Rolo Robert S,rolo robert,,SA. de Wadi Kom Ombo,director,103
P00129,1942,Rolo Robert S,Rolo Robert S,rolo robert,,National Insurance Co. of Egvpli KEgyplian Mining & Prospecting Co,director,103
P01004,1942,Rolo Simon E,Rolo Simon E,rolo simon,,The Egyp- lan Finance Co,director,103
P01004,1942,Rolo Simon E,Rolo Simon E,rolo simon,,Ja Société Egyplienne de Tissage el Tricolage,director,103
P00130,1942,Rom François,Rom François,rom frankois,,FAnglo-Egyptian Land Allotment,president,103
P00130,1942,Rom François,Rom François,rom frankois,,FAnglo-Egyptian Land Allotment,director,103
P00130,1942,Rom François,Rom François,rom frankois,,Ja Gharbieh Land Co,president,103
P00130,1942,Rom François,Rom François,rom frankois,,Ja Gharbieh Land Co,director,103
P00130,1942,Rom François,Rom François,rom frankois,,FEgyptian En- lerprise & Development,president,103
P00130,1942,Rom François,Rom François,rom frankois,,FEgyptian En- lerprise & Development,director,103
P00130,1942,Rom François,Rom François,rom frankois,,Crown Brewery,president,103
P00130,1942,Rom François,Rom François,rom frankois,,Crown Brewery,director,103
P00130,1942,Rom François,Rom François,rom frankois,,Société Anonyme Belge-Egyptienne,delegate,103
P01005,1942,Romniciano,Romniciano,romnisiano,,The Nile Oil Co. S.A.E,delegate,103
P01006,1942,Rosenthal Oswald,Rosenthal Oswald,rosenthal osuald,,The,director,103
P01007,1942,Rouchdy Ahmed Bey,Rouchdy Ahmed,rushdi ahmed,bey,lEgyplian General Omnibus Co,director,103
P01008,1942,Ruelens Charles Me,Ruelens Charles Me,ruelens sharles m,,"Société des Terrains de la Ville d'Alexandrie, de la «Fluviale»",director,103
P01008,1942,Ruelens Charles Me,Ruelens Charles Me,ruelens sharles m,,E- leetricitx & Ice Supply Co,director,103
P00130,1942,Rustom François P,Rustom François P,rustom frankois,,Société Egyplienne de Placements,director,103
P00130,1942,Rustom François P,Rustom François P,rustom frankois,,Crédits,director,103
P01009,1942,Rutimeyer R. L,Rutimeyer R. L,rutimeier,,Nile Ginning Co. S.A.E. (Minia),managing_director,103
P00520,1942,Saab Comte Aziz de,Saab Comte Aziz de,sab komt aziz,,The Gbharbieh Land Co. el de The Associated Collon Ginners of Egypt Lid,director,104
P00521,1942,Saab Comte Sélim de,Saab Comte Sélim de,sab komt selim,,Union Foncière d'Egvple,director,104
P01010,1942,Saad Eff. Abdel Razek,Saad Eff. Abdel Razek,sad ef abdel razek,,"The Albert Mussa Agen- ex & Stevedoring Co., S.A.E",director,104
P00522,1942,Sabri Yacoub Bey,Sabri Yacoub,sabri iakub,bey,Ja Gharbieh Land Co,director,104
P00523,1942,S.E. Sabry Chérif Pacha,Sabry Chérif,sabri sherif,pasha,National Bank of Egvpt,director,104
P00523,1942,S.E. Sabry Chérif Pacha,Sabry Chérif,sabri sherif,pasha,Cie. Universelle du Canal Maritime de Suez,director,104
P00523,1942,S.E. Sabry Chérif Pacha,Sabry Chérif,sabri sherif,pasha,Sociélé Anonyme des Eaux du Caire el de la Compagnie Frigorifique d'Egypte,director,104
P00524,1942,S.E. Sabry Hussein Pacha,Sabry Hussein,sabri husein,pasha,Société Immobilière du Do- maine de Siouf,president,104
P00524,1942,S.E. Sabry Hussein Pacha,Sabry Hussein,sabri husein,pasha,Société Egyplienne de Constructions,president,104
P00524,1942,S.E. Sabry Hussein Pacha,Sabry Hussein,sabri husein,pasha,"The Pharaonie Mail Line, S.A.E",president,104
P00524,1942,S.E. Sabry Hussein Pacha,Sabry Hussein,sabri husein,pasha,"Nile Oil Co. (Cré- dit Minier, S.E. de Bucares!}",president,104
P00524,1942,S.E. Sabry Hussein Pacha,Sabry Hussein,sabri husein,pasha,Manufacture de Texli- les Egypliens (Karpelès & Co.),president,104
P00524,1942,S.E. Sabry Hussein Pacha,Sabry Hussein,sabri husein,pasha,Socié- té Anonyme Egvplienne des Industries Textiles,director,104
P00524,1942,S.E. Sabry Hussein Pacha,Sabry Hussein,sabri husein,pasha,The Alexandria Water Co. Lid,director,104
P00524,1942,S.E. Sabry Hussein Pacha,Sabry Hussein,sabri husein,pasha,The National Insurance Co. of Egvpl,director,104
P00524,1942,S.E. Sabry Hussein Pacha,Sabry Hussein,sabri husein,pasha,The Cairo Electric Railways & Heliopolis Oa- ses Co,director,104
P00524,1942,S.E. Sabry Hussein Pacha,Sabry Hussein,sabri husein,pasha,Industries Fibres Textiles,director,104
P00524,1942,S.E. Sabry Hussein Pacha,Sabry Hussein,sabri husein,pasha,The Gabbarv Land Co,director,104
P00524,1942,S.E. Sabry Hussein Pacha,Sabry Hussein,sabri husein,pasha,"Pinto Cotton Co., S.A.E",director,104
P00524,1942,S.E. Sabry Hussein Pacha,Sabry Hussein,sabri husein,pasha,S.A.E. des Etablissements Distillerie Bolanachi,director,104
P01011,1942,Sachs David,Sachs David,sashs david,,"Moulins«Al Mahmoudieh», S.A.E",president,104
P01012,1942,Sachs Freddy,Sachs Freddy,sashs fredi,,"The Shel- field Smelling Co. (Egypt), S.A",director,104
P01012,1942,Sachs Freddy,Sachs Freddy,sashs fredi,,"Moulins «Al Mahmou- dieh», S.A.E",director,104
P01012,1942,Sachs Freddy,Sachs Freddy,sashs fredi,,"Ja Société Franco-Egvptienne de Crédit, S.A.E",director,104
P01013,1942,S.E. Sadek Wahba Pacha,Sadek Wahba,sadek uahba,pasha,"The Egyp- lian Copper Works, S.A.E",director,104
P01013,1942,S.E. Sadek Wahba Pacha,Sadek Wahba,sadek uahba,pasha,PAlexandria Transport Co,director,104
P01013,1942,S.E. Sadek Wahba Pacha,Sadek Wahba,sadek uahba,pasha,Société Misr de Filature el de Tissage Fin en Coton Egvyptien (Usines Kafr EI Dawar),director,104
P01013,1942,S.E. Sadek Wahba Pacha,Sadek Wahba,sadek uahba,pasha,National Bank of Egypt,director,104
P01013,1942,S.E. Sadek Wahba Pacha,Sadek Wahba,sadek uahba,pasha,Société Egyptienne d'Entreprises et Construc- tions (S.E.D.E.C.),director,104
P01013,1942,S.E. Sadek Wahba Pacha,Sadek Wahba,sadek uahba,pasha,Société Misr pour le Théâtre et le Cinéma,director,104
P01013,1942,S.E. Sadek Wahba Pacha,Sadek Wahba,sadek uahba,pasha,Société Misr de Filalure,director,104
P01013,1942,S.E. Sadek Wahba Pacha,Sadek Wahba,sadek uahba,pasha,"Tissage, S.A.E",director,104
P01013,1942,S.E. Sadek Wahba Pacha,Sadek Wahba,sadek uahba,pasha,Société Misr pour le Tissage de la Soie,director,104
P01013,1942,S.E. Sadek Wahba Pacha,Sadek Wahba,sadek uahba,pasha,Société Misr pour 1 Exportation du Colon (ex-Lindemann),director,104
P00526,1942,S.E. Sadik Henein Pacha,Sadik Henein,sadik henein,pasha,Mission Egyptienne à la Conférence Economique Internationale d° Genève 1927,president,105
P00526,1942,S.E. Sadik Henein Pacha,Sadik Henein,sadik henein,pasha,Gou- vernement auprès des Bourses des Valeurs,auditor,105
P00526,1942,S.E. Sadik Henein Pacha,Sadik Henein,sadik henein,pasha,S.A. des Eaux du Caire el de la Compagnie Frigorifique d'Egypte,general_manager,105
P00526,1942,S.E. Sadik Henein Pacha,Sadik Henein,sadik henein,pasha,Ja Société des Cigareltes Nestor Gianaclis,president,105
P00132,1942,S.E. Safwat Mohamed Pacha,Safwat Mohamed,safuat moamed,pasha,Con- seil d'Administration de la S.A. Immobilière du Domaine de Siouf,president,105
P00132,1942,S.E. Safwat Mohamed Pacha,Safwat Mohamed,safuat moamed,pasha,"Société Egvptienne pour l'Industrie et le Com- merce des Cotonnades «La Cotonnière», S.A.E",president,105
P01014,1942,S.E. Said Hassan Pacha,Said Hassan,said hasan,pasha,Crédit Agricole d'Egypte,director,105
P01014,1942,S.E. Said Hassan Pacha,Said Hassan,said hasan,pasha,Banque Hypothécaire Agri- cole d'Egvple el de la Société Royale d'Agriculture,director,105
P00529,1942,Salama Joseph,Salama Joseph,salama gosef,,Conseil d'Administration de la Société Franco-Egyptienne de Crédil,delegate,105
P00529,1942,Salama Joseph,Salama Joseph,salama gosef,,Conseil d'Administration de la Société Franco-Egyptienne de Crédil,member,105
P01015,1942,Salama Marco,Salama Marco,salama marko,,Maison «Les Fils de Zakello Salama & Co,manager,105
P01015,1942,Salama Marco,Salama Marco,salama marko,,"General Society for Banking, Trading & Land Enterprises. S.A.E",director,105
P00531,1942,Salama Salvatore,Salama Salvatore,salama salvator,,Rosella & Alexandria Rice Mills,delegate,105
P00531,1942,Salama Salvatore,Salama Salvatore,salama salvator,,Usines Réunies d'Egrenage,delegate,105
P00531,1942,Salama Salvatore,Salama Salvatore,salama salvator,,Huileries,delegate,105
P00531,1942,Salama Salvatore,Salama Salvatore,salama salvator,,The Egvplian Molor Transport Co,delegate,105
P00533,1942,Salem Ovadia,Salem Ovadia,salem ovadia,,Sudan Import & Ex- port Co,manager,105
P00533,1942,Salem Ovadia,Salem Ovadia,salem ovadia,,Sudan Import & Ex- port Co,director,105
P00533,1942,Salem Ovadia,Salem Ovadia,salem ovadia,,Société Misr pour le Lin el de la Société Misr pour les Huiles,manager,105
P00533,1942,Salem Ovadia,Salem Ovadia,salem ovadia,,Société Misr pour le Lin el de la Société Misr pour les Huiles,director,105
P01016,1942,BSalvago Constantin M,BSalvago Constantin M,bsalvago konstantin,,Société Egyptienne des Pétro- les,director,105
P01016,1942,BSalvago Constantin M,BSalvago Constantin M,bsalvago konstantin,,The National Petroleum Co,director,105
P01016,1942,BSalvago Constantin M,BSalvago Constantin M,bsalvago konstantin,,Garbieh Ginning Co,director,105
P01016,1942,BSalvago Constantin M,BSalvago Constantin M,bsalvago konstantin,,Ja Filature Nationale d'Egypte,director,105
P01016,1942,BSalvago Constantin M,BSalvago Constantin M,bsalvago konstantin,,Société Anonv- me de Nettovage,director,105
P01016,1942,BSalvago Constantin M,BSalvago Constantin M,bsalvago konstantin,,Pressage de Coton,director,105
P01016,1942,BSalvago Constantin M,BSalvago Constantin M,bsalvago konstantin,,S.A.E. CAR- BA,director,105
P01016,1942,BSalvago Constantin M,BSalvago Constantin M,bsalvago konstantin,,"The Egyptian Copper Works, S.A.E",director,105
P00534,1942,Salvago Michel G,Salvago Michel G,salvago mishel,,Comnunaulé Hellénique d'Ale- randrie,president,106
P00534,1942,Salvago Michel G,Salvago Michel G,salvago mishel,,The Land Bank of Egypl,president,106
P00534,1942,Salvago Michel G,Salvago Michel G,salvago mishel,,Alexandria & Ramleh Railways Co. Lid,president,106
P00534,1942,Salvago Michel G,Salvago Michel G,salvago mishel,,PAlexandria Water Co. Ad,president,106
P00534,1942,Salvago Michel G,Salvago Michel G,salvago mishel,,Filature Nationale d’'E- gypte,president,106
P00534,1942,Salvago Michel G,Salvago Michel G,salvago mishel,,Société Egyplienne de l'Industrie Textile,president,106
P00534,1942,Salvago Michel G,Salvago Michel G,salvago mishel,,Société Industrielle de Bonnetlerie,president,106
P00534,1942,Salvago Michel G,Salvago Michel G,salvago mishel,,Société Anonyme du Béhéra,president,106
P00534,1942,Salvago Michel G,Salvago Michel G,salvago mishel,,Alexandria Transport Co,president,106
P00534,1942,Salvago Michel G,Salvago Michel G,salvago mishel,,Fédéralion Egvplienne des Industries,president,106
P00534,1942,Salvago Michel G,Salvago Michel G,salvago mishel,,Ja Gabbari Land Co,president,106
P00534,1942,Salvago Michel G,Salvago Michel G,salvago mishel,,National Bank of Egvpl,director,106
P00534,1942,Salvago Michel G,Salvago Michel G,salvago mishel,,Banque d'Athènes,director,106
P00534,1942,Salvago Michel G,Salvago Michel G,salvago mishel,,National In- surance Co,director,106
P01017,1942,Santas Basile,Santas Basile,santas basil,,Gie. Egyp- tienne de Navigation «Le Dodécanèse»,director,106
P01018,1942,Savon G. L,Savon G. L,savon,,Port Said Salt Associa- lion,delegate,106
P01018,1942,Savon G. L,Savon G. L,savon,,"United Egvptian Salt, TAd",delegate,106
P01019,1942,Sayed El Lozy Eff,Sayed El Lozy Eff,saied lozi ef,,"- nistralion de la Société Nalionale de Papier, S.A.E",director,106
P01020,1942,S.E. Sayed Mohamed Badraoui Achour Pacha,Sayed Mohamed Badraoui Achour,saied moamed badraui ashur,pasha,Société Misr de Filalure,director,106
P01020,1942,S.E. Sayed Mohamed Badraoui Achour Pacha,Sayed Mohamed Badraoui Achour,saied moamed badraui ashur,pasha,"Tissage, S.A.E",director,106
P00537,1942,Sayer Sydney,Sayer Sydney,saier sidnei,,The Egyptian Road Construction Co. de The Anglo-Ameri- can Nile & Tourist Cv,director,106
P01021,1942,Schasca 0,Schasca 0,shaska,,Banque de Commerce X. Tepeghiosi & Co,manager,106
P01022,1942,Schmidheiny Ernst,Schmidheiny Ernst,shmidheini ernst,,SE. de Ciment Portland Tourah,director,106
P01023,1942,Schmidheiny Max,Schmidheiny Max,shmidheini max,,Société E- gvptienne de Ciment Porlland Tourah,delegate,106
P01024,1942,Schoenman,Schoenman,shoenman,,S.A.E. Moulins «Al-Mah- moudieh»,director,106
P01025,1942,Scott Frank Douglas,Scott Frank Douglas,skot frank duglas,,Société pour la Fabrication,director,106
P01025,1942,Scott Frank Douglas,Scott Frank Douglas,skot frank duglas,,Exportation des Conserves,director,106
P01026,1942,Seddik Ahmed Bey,Seddik Ahmed,sedik ahmed,bey,Fédération Egyptienne des Industries,president,107
P01026,1942,Seddik Ahmed Bey,Seddik Ahmed,sedik ahmed,bey,Société de Métallurgie Egyptienne IS.A.E,president,107
P01026,1942,Seddik Ahmed Bey,Seddik Ahmed,sedik ahmed,bey,Société Gé- nérale Immobilière d'Egypte,president,107
P01026,1942,Seddik Ahmed Bey,Seddik Ahmed,sedik ahmed,bey,Grands Hôtels d'Egyple,president,107
P01026,1942,Seddik Ahmed Bey,Seddik Ahmed,sedik ahmed,bey,Société Anonyme des Chemins de Fer de la Basse E- gypte,president,107
P01026,1942,Seddik Ahmed Bey,Seddik Ahmed,sedik ahmed,bey,f.f. du Conseil d’Ad- ministration de la National Petroleum Co,president,107
P01026,1942,Seddik Ahmed Bey,Seddik Ahmed,sedik ahmed,bey,Société Egvptienne des Pétroles,president,107
P01026,1942,Seddik Ahmed Bey,Seddik Ahmed,sedik ahmed,bey,- tion de la Compagnie Universelle du Canal Maritime de Suez,director,107
P01026,1942,Seddik Ahmed Bey,Seddik Ahmed,sedik ahmed,bey,Banque Misr,director,107
P01026,1942,Seddik Ahmed Bey,Seddik Ahmed,sedik ahmed,bey,Société Misr de Filature de la Soie,director,107
P01026,1942,Seddik Ahmed Bey,Seddik Ahmed,sedik ahmed,bey,Société Anonyme de Wadi Kom Ombo,director,107
P01026,1942,Seddik Ahmed Bey,Seddik Ahmed,sedik ahmed,bey,Egyptian Salt & Soda,director,107
P01026,1942,Seddik Ahmed Bey,Seddik Ahmed,sedik ahmed,bey,Filature Nationale d'Egypte,director,107
P01026,1942,Seddik Ahmed Bey,Seddik Ahmed,sedik ahmed,bey,Autobus du Caire,director,107
P01026,1942,Seddik Ahmed Bey,Seddik Ahmed,sedik ahmed,bey,"Anglo Belgian Company of Egypt, Limited",director,107
P01026,1942,Seddik Ahmed Bey,Seddik Ahmed,sedik ahmed,bey,Fayoum Light Railways Cv,director,107
P01026,1942,Seddik Ahmed Bey,Seddik Ahmed,sedik ahmed,bey,Société Misr d’Egrenage,managing_director,107
P01026,1942,Seddik Ahmed Bey,Seddik Ahmed,sedik ahmed,bey,Sociélé Misr d'Exportalion du Coton,managing_director,107
P01026,1942,Seddik Ahmed Bey,Seddik Ahmed,sedik ahmed,bey,The Eastern Company,adviser,107
P01027,1942,Sedky Kamel Bey,Sedky Kamel,sedki kamel,bey,Grédil Agricole d'Egypte,director,107
P01028,1942,Sellas André,Sellas André,selas andr,,Gharbieñ Ginning Co,director,107
P01029,1942,Semo Giuseppe de,Semo Giuseppe de,semo giusep,,Société Egvptienne d'Entreprises el Constructions (S.E.D.E.C.),director,107
P01030,1942,Seoud Aly,Seoud Aly,seud ali,,"Société Com- merciale Bulgaro-Egyplienne, S.A.E",director,107
P01030,1942,Seoud Aly,Seoud Aly,seud ali,,"The Anglo-Egyp- lian Mining Co., S.A.E",director,107
P01030,1942,Seoud Aly,Seoud Aly,seud ali,,"Société Egvplienne de Caout- chouc, S.A.E",director,107
P01031,1942,Serageldine Anis,Serageldine Anis,serageldin anis,,"Rosetta & Alexandria Rice Mills Co., S.A.E",director,107
P01032,1942,Servaye L,Servaye L,servai,,"Sociélé E- gvptienne d'Electricité, S.A",director,107
P00545,1942,Shama Me. André,Shama Me. André,shama m andr,,"Ge- neral Sociely for Banking, Trading & Land Enterprises, S.A.E",director,107
P00545,1942,Shama Me. André,Shama Me. André,shama m andr,,Société Générale d’Electricité,director,107
P00545,1942,Shama Me. André,Shama Me. André,shama m andr,,Mécanique,director,107
P00136,1942,Shama Elie F,Shama Elie F,shama eli,,National Bank of Egypt,managing_director,107
P00136,1942,Shama Elie F,Shama Elie F,shama eli,,National Bank of Egypt,president,107
P00136,1942,Shama Elie F,Shama Elie F,shama eli,,S.A. des Eaux du Caire,managing_director,107
P00136,1942,Shama Elie F,Shama Elie F,shama eli,,S.A. des Eaux du Caire,president,107
P01033,1942,Sheriff Robert,Sheriff Robert,sherif robert,,The United Bus Co,director,108
P01034,1942,S.E. Simaika Wassef Pacha,Simaika Wassef,simaika uasef,pasha,Alexandria Navigation Co,director,108
P01034,1942,S.E. Simaika Wassef Pacha,Simaika Wassef,simaika uasef,pasha,The E- lectricity & Ice Supply Co,director,108
P01034,1942,S.E. Simaika Wassef Pacha,Simaika Wassef,simaika uasef,pasha,"Textile de Choubrah, S.A. E",director,108
P01034,1942,S.E. Simaika Wassef Pacha,Simaika Wassef,simaika uasef,pasha,S.A. des Anciens Elablissements D.C.M. Brooks,director,108
P01035,1942,Sims Marshall George,Sims Marshall George,sims marshal georg,,'Ad- minisiralion de la Société Carrier-Egvpt. S.A.E,president,108
P01035,1942,Sims Marshall George,Sims Marshall George,sims marshal georg,,'Ad- minisiralion de la Société Carrier-Egvpt. S.A.E,council_member,108
P01036,1942,Maison Choremi,Maison Choremi,maison shoremi,,Banque d'Athènes,director,108
P01036,1942,Maison Choremi,Maison Choremi,maison shoremi,,Gabbhari Land Co,director,108
P01037,1942,Singleton Alex,Singleton Alex,singleton alex,,"So- ciété Texas Egyplienne des Pétroles, S.A.E",director,108
P01038,1942,Sirakian S. Ing,Sirakian S. Ing,sirakian ing,,Société des Publications Egyptiennes,director,108
P01039,1942,Small Irving,Small Irving,smal irving,,"The Simon Arzt Stores, S.A.E",director,108
P00550,1942,Small Walter Madison,Small Walter Madison,smal ualter madison,,"The Standard Oil Co. of Egypt, S.A.E",director,108
P01040,1942,Smouha Joseph,Smouha Joseph,smua gosef,,"Beida Dyers, S.A.E",director,108
P01041,1942,Smyrniadis Polyvios,Smyrniadis Polyvios,smirniadis polivios,,"- lion cle la Société des Entreprises M. Cockinos, S.A.E",director,108
P00552,1942,Sofio S,Sofio S,sofio,,Alexandria Ex- change Co,director,108
P01042,1942,Sorbara Salvator,Sorbara Salvator,sorbara salvator,,"Société Immobilière de Za- malek, S.A.E",director,108
P01043,1942,S.E. Sir CG. W. Spinks Pacha,Sir CG. W. Spinks,sir kg spinks,pasha,The Egyptian Copper,director,108
P01044,1942,Stiassny Ewald,Stiassny Ewald,stiasni euald,,S.A.E. «Chaussures Bata»,director,109
P01045,1942,Strange Abner Frank,Strange Abner Frank,strang abner frank,,Anglo Egyplian Molor,manager,109
P01046,1942,Strangman Sir Thomas J,Strangman Sir Thomas J,strangman sir thomas,,S.E. de Ciment Portland Tourah,director,109
P00564,1942,Suarès Léon,Suarès Léon,suares leon,,So- ciété Foncière du Domaine de Cheikh Fadl,director,109
P00564,1942,Suarès Léon,Suarès Léon,suares leon,,Ta SA. de Wadi Kom-Ombo,director,109
P00144,1942,Sultan Dr. Fouad,Sultan Dr. Fouad,sultan dr fuad,,Société Egvplienne pour le Tannage el l'industrie du,president,109
P01047,1942,Cuir,Cuir,kuir,,Banque du Crédit Agricole d'Egyple,director,109
P01047,1942,Cuir,Cuir,kuir,,"Banque de Cré- dit Hypothécaire Agricole d'Egypte, S.A.E",director,109
P01047,1942,Cuir,Cuir,kuir,,Rosetta& Alexandria Rice Mills,director,109
P01047,1942,Cuir,Cuir,kuir,,Sociélé Egvptiienne pour le,director,109
P01048,1942,Sultan Mohamed Bey,Sultan Mohamed,sultan moamed,bey,Elablissements Industrie!s Pour la Soie el le Colon,president,109
P01048,1942,Sultan Mohamed Bey,Sultan Mohamed,sultan moamed,bey,PAlexandria,director,109
P01049,1942,Sursock Nicolas Alexandre,Sursock Nicolas Alexandre,sursok nikolas alexandr,,SA. des Immeubles d'Egvple,president,109
P01049,1942,Sursock Nicolas Alexandre,Sursock Nicolas Alexandre,sursok nikolas alexandr,,Nalional Insurance Co,director,109
P01049,1942,Sursock Nicolas Alexandre,Sursock Nicolas Alexandre,sursok nikolas alexandr,,Alexandria Waler Co,director,109
P01049,1942,Sursock Nicolas Alexandre,Sursock Nicolas Alexandre,sursok nikolas alexandr,,Central Buildings Company,director,109
P01050,1942,Sursock Wladimir,Sursock Wladimir,sursok uladimir,,Kafr El Zaval Cotton Co,vice_president,109
P01050,1942,Sursock Wladimir,Sursock Wladimir,sursok uladimir,,"- nistralion de la Kafr El Zavat Land Co. fabet, Khalil (Bey), ltédacteur en Chef du Journal At Mokaltan",director,109
P01051,1942,Sénateur,Sénateur,senateur,,"Manufacture Egyptienne de Bonneterie el Tricotage EI-Nil, S.A.E",president,109
P01051,1942,Sénateur,Sénateur,senateur,,Société Liban-Egyple,president,109
P00566,1942,Tagher Oscar,Tagher Oscar,tagher oskar,,Sté Califor- nia Egyptienne des Pétroles,director,109
P00566,1942,Tagher Oscar,Tagher Oscar,tagher oskar,,Société California Texas,director,109
P00567,1942,Tagher Philippe Me,Tagher Philippe Me,tagher filip m,,"The Hinshelwood Paint & Oil Co. of Egypt, S.A.E",director,110
P00568,1942,S.E. Taher Mohamed Pacha,Taher Mohamed,taer moamed,pasha,Comilé National des Sports,president,110
P00568,1942,S.E. Taher Mohamed Pacha,Taher Mohamed,taer moamed,pasha,Cercle Royal d'Escrime et aulres cercles sportifs,president,110
P00568,1942,S.E. Taher Mohamed Pacha,Taher Mohamed,taer moamed,pasha,Nalional Petro!eum Co,president,110
P00568,1942,S.E. Taher Mohamed Pacha,Taher Mohamed,taer moamed,pasha,Misr Airwork,vice_president,110
P00568,1942,S.E. Taher Mohamed Pacha,Taher Mohamed,taer moamed,pasha,Société Egyplienne des Pétroles,vice_president,110
P00568,1942,S.E. Taher Mohamed Pacha,Taher Mohamed,taer moamed,pasha,AAdministralion de la Société Misr d'Assurances Généra- les,council_member,110
P00568,1942,S.E. Taher Mohamed Pacha,Taher Mohamed,taer moamed,pasha,"Misr Shipping el de la Société Hongro-Egyptienne pour le Commerce, S.A",council_member,110
P00148,1942,S.E. Takla G. Pacha,Takla G.,takla,pasha,-Propriélaire du Journal «Al-Ah- ram»,manager,110
P00148,1942,S.E. Takla G. Pacha,Takla G.,takla,pasha,Sté. Egyplienne de Minoterie el de Si- los,president,110
P00148,1942,S.E. Takla G. Pacha,Takla G.,takla,pasha,The Egvplian Neon Light Co,president,110
P00148,1942,S.E. Takla G. Pacha,Takla G.,takla,pasha,Red Sea Mining,president,110
P00148,1942,S.E. Takla G. Pacha,Takla G.,takla,pasha,Gérance Immo- bilière,director,110
P00148,1942,S.E. Takla G. Pacha,Takla G.,takla,pasha,The Modern Buildings,director,110
P00148,1942,S.E. Takla G. Pacha,Takla G.,takla,pasha,Société du Crédit Alexandrin,director,110
P00148,1942,S.E. Takla G. Pacha,Takla G.,takla,pasha,Banque Xlisr Svrie-Liban,director,110
P00148,1942,S.E. Takla G. Pacha,Takla G.,takla,pasha,Société de Métallurgie Egv\plienne,director,110
P00148,1942,S.E. Takla G. Pacha,Takla G.,takla,pasha,Fédération Egyplienne des Industries,director,110
P00148,1942,S.E. Takla G. Pacha,Takla G.,takla,pasha,Pharaonice Mail Line,director,110
P00148,1942,S.E. Takla G. Pacha,Takla G.,takla,pasha,"Royal Ex- change Assurance, etc",director,110
P01052,1942,Tancred GC. H,Tancred GC. H,tankred gk,,PE- gyplian General Omnibus,director,110
P01053,1942,Taylor Ewart John,Taylor Ewart John,tailor euart gohn,,"Eastern Co., S.A.E",vice_president,110
P01054,1942,Tepeghiosi Nicolas,Tepeghiosi Nicolas,tepeghiosi nikolas,,The Upper Egvxpt Hotels Co,manager,110
P01054,1942,Tepeghiosi Nicolas,Tepeghiosi Nicolas,tepeghiosi nikolas,,The Upper Egvxpt Hotels Co,director,110
P01055,1942,Thuker Georges Léonard,Thuker Georges Léonard,thuker georges leonard,,The Sheffield Smelling Co. (Egypt) S.A.E,director,110
P01056,1942,Tilche Joseph,Tilche Joseph,tilsh gosef,,S.A.E. Moulins «Al,vice_president,110
P01056,1942,Tilche Joseph,Tilche Joseph,tilsh gosef,,"la«Fluviale», S.A.E",director,110
P01057,1942,Toriel André,Toriel André,toriel andr,,The Union Cotton Company of Alexandria,director,110
P01058,1942,Toriel Henri,Toriel Henri,toriel henri,,The Union Cotton Company of Alexandria,director,110
P00150,1942,Toriel Raphael,Toriel Raphael,toriel rafael,,Usines Réunies d’Egrenage,president,110
P00150,1942,Toriel Raphael,Toriel Raphael,toriel rafael,,Huileries,president,110
P00150,1942,Toriel Raphael,Toriel Raphael,toriel rafael,,"et Administrat&ur-Dé- légué de The Union Collon Co. of Alexandria, S.A.E",president,110
P00150,1942,Toriel Raphael,Toriel Raphael,toriel rafael,,«Fluviale»,president,110
P00150,1942,Toriel Raphael,Toriel Raphael,toriel rafael,,- {ration de la Société Générale de Pressage,director,110
P00150,1942,Toriel Raphael,Toriel Raphael,toriel rafael,,Dépôts,director,110
P00150,1942,Toriel Raphael,Toriel Raphael,toriel rafael,,Filature Nationale d'Egypte,director,110
P00150,1942,Toriel Raphael,Toriel Raphael,toriel rafael,,Société Cotonnière Maa- rad,director,110
P00150,1942,Toriel Raphael,Toriel Raphael,toriel rafael,,Société Anonyme Immobilière du Domaine de Siouf,director,110
P00150,1942,Toriel Raphael,Toriel Raphael,toriel rafael,,The Upper Egypt Ginning Factory,director,110
P01059,1942,Toriel Victor,Toriel Victor,toriel viktor,,Sociéli Franco-Egyptienne de Crédit,president,111
P01059,1942,Toriel Victor,Toriel Victor,toriel viktor,,Sociéli Franco-Egyptienne de Crédit,managing_director,111
P01059,1942,Toriel Victor,Toriel Victor,toriel viktor,,- nistration de la Société des Biens de Rapport d'Egypte,president,111
P01059,1942,Toriel Victor,Toriel Victor,toriel viktor,,Dakahlieh Lahd Co,delegate,111
P01060,1942,S.A. Le Prince Omar Toussoun,Le Prince Omar Toussoun,l prins omar tusun,,Sté. Royale d'Agriculture,president,111
P01061,1942,Toutounji J,Toutounji J,tutungi,,S.A. des Drogueries d'Egypte,president,111
P01061,1942,Toutounji J,Toutounji J,tutungi,,The Bottled Gas Co,president,111
P01061,1942,Toutounji J,Toutounji J,tutungi,,Pori- Sudan Forwarding Co. Lid,president,111
P01061,1942,Toutounji J,Toutounji J,tutungi,,Société d'Avances Commerciales,director,111
P00151,1942,Trembley Ernest,Trembley Ernest,tremblei ernest,,Société Egyptienne ue,managing_director,111
P00365,1942,Ciment Portland Tourah,Ciment Portland Tourah,siment portland turah,,"The Cairo Sand Bricks Co., S.A",president,111
P00365,1942,Ciment Portland Tourah,Ciment Portland Tourah,siment portland turah,,Crédit Immobilier Suisse-Egvptien,president,111
P01062,1942,Tsekis Charles,Tsekis Charles,tsekis sharles,,"Société Industrielle el Commerciale d'Egypte (S.LC.0.), S.A.E",director,111
P01063,1942,Turnowsky Walter,Turnowsky Walter,turnuski ualter,,"«Peli- tours», S.A.E",president,111
P00581,1942,Tuttle James Henry,Tuttle James Henry,tutl games henri,,Sa- ciété California Texas des Pétroles,director,111
P01064,1942,Urban H,Urban H,urban,,S.A. des Tramways du Caire,president,111
P01064,1942,Urban H,Urban H,urban,,Société Egyptien- ne d'Electricité,vice_president,111
P01064,1942,Urban H,Urban H,urban,,"The Egvyplian General Omnibus Co., S.A.E. el de la SA. des Chemins de Fer de la Basse Egypte",director,111
P01065,1942,Uthwatt Gerald A,Uthwatt Gerald A,uthuat gerald,,Misr,director,111
P00152,1942,Vais Ezio,Vais Ezio,vais ezio,,‘a So- ciété Anonyme Agricole et Industrielle d'Egypte,delegate,111
P00152,1942,Vais Ezio,Vais Ezio,vais ezio,,‘a So- ciété Anonyme Agricole et Industrielle d'Egypte,general_manager,111
P00152,1942,Vais Ezio,Vais Ezio,vais ezio,,The Ghar- bieh Land Co,director,111
P00152,1942,Vais Ezio,Vais Ezio,vais ezio,,The Egvplian Enterprise & Develop- ment Co,director,111
P01066,1942,Vallet Jean,Vallet Jean,valet gean,,Société Egvplienne de Teinturerie el d'Apprèt,director,112
P01067,1942,Van Damme L,Van Damme L,dam,,Banque Belge et Internationale en Egypte,manager,112
P01067,1942,Van Damme L,Van Damme L,dam,,Crédit Foncier Egyptien,director,112
P01067,1942,Van Damme L,Van Damme L,dam,,Anglo-Belgian Co. of Egypt,director,112
P01067,1942,Van Damme L,Van Damme L,dam,,S.A. des Chemins de Fer de la Basse-Egypte,director,112
P01067,1942,Van Damme L,Van Damme L,dam,,Fayoum Light Railways Co,director,112
P01068,1942,Van Den Bosch Paul,Van Den Bosch Paul,den bosh paul,,Caisse Hypo- thécaire d'Egypte,managing_director,112
P00153,1942,Vannucci Comm. Grisante,Vannucci Comm. Grisante,vanuksi kom grisant,,dminis- ration de The Egyplian Salt & Soda Co. Lid,council_member,112
P00153,1942,Vannucci Comm. Grisante,Vannucci Comm. Grisante,vanuksi kom grisant,,The National Petroleum Co,council_member,112
P00153,1942,Vannucci Comm. Grisante,Vannucci Comm. Grisante,vanuksi kom grisant,,The Palestine Hotels,council_member,112
P01069,1942,Vickery J. G,Vickery J. G,vikeri,,"The Amalgamated Ice Factories& Cold Stores, S.A.E",director,112
P01070,1942,Vincendon Jacques,Vincendon Jacques,vinsendon gakues,,S.A. des Immeubles d'Egvple el Secrétaire Général de la Land Bank of Egypt,director,112
P01071,1942,Vincenot Marcel,Vincenot Marcel,vinsenot marsel,,Crédit Foncier Egyptien,president,112
P01071,1942,Vincenot Marcel,Vincenot Marcel,vinsenot marsel,,Compagnie d’Assurances «Al- Chark»,president,112
P01072,1942,Vitale Comm. Aldo,Vitale Comm. Aldo,vital kom aldo,,Sa- lonica Cigarelte Co,director,112
P01073,1942,Vivante Alfred,Vivante Alfred,vivant alfred,,S.A.E. Industrie Fibres Textiles,director,112
P01074,1942,Vivante Sabino Mtre,Vivante Sabino Mtre,vivant sabino mtr,,Industrie Fibres Textiles,director,112
P01075,1942,Vogt Stener H,Vogt Stener H,vogt stener,,"a. L. de l'Imperial Chemical [n- dustries (Egypt), S.A",vice_president,112
P01075,1942,Vogt Stener H,Vogt Stener H,vogt stener,,"a. L. de l'Imperial Chemical [n- dustries (Egypt), S.A",president,112
P01075,1942,Vogt Stener H,Vogt Stener H,vogt stener,,"Egyptian Cop- per Works, S.A.E",director,112
P01076,1942,Vogue Marquis de,Vogue Marquis de,vogu markuis,,Crédit Lyonnais,president,112
P01076,1942,Vogue Marquis de,Vogue Marquis de,vogu markuis,,Crédit Lyonnais,director,112
P01077,1942,Vollgraff d.G,Vollgraff d.G,volgraf,,"Anglo Egyptian Mining, S.A.E",managing_director,112
P01078,1942,Wahba E. H,Wahba E. H,uahba,,General,director,112
P01079,1942,Walter Umberto,Walter Umberto,ualter umberto,,Tein- turerie Franco-Egvptienne. S.A.E,director,113
P01080,1942,Wedemeyer Ruppert Golding,Wedemeyer Ruppert Golding,uedemeier rupert golding,,- tion de la Société California Texas des Pétroles,director,113
P01080,1942,Wedemeyer Ruppert Golding,Wedemeyer Ruppert Golding,uedemeier rupert golding,,So- ciété California Egvyptienne des Pétroies,director,113
P01081,1942,Weissenberg Harold,Weissenberg Harold,ueisenberg harold,,"The Amalgamated Ice Factories & Cold Slores. S.A.E., Admi- nistrateur de Ja S.A.E. «Carba»",president,113
P00156,1942,Wellhoïf Salomon,Wellhoïf Salomon,uelhoif salomon,,The Egyplian Petroleum Storage Co,president,113
P00156,1942,Wellhoïf Salomon,Wellhoïf Salomon,uelhoif salomon,,Land Bank of Egypt,director,113
P00156,1942,Wellhoïf Salomon,Wellhoïf Salomon,uelhoif salomon,,The United Egyptian Salt Ltd,director,113
P00156,1942,Wellhoïf Salomon,Wellhoïf Salomon,uelhoif salomon,,Société Générale des Sucreries,director,113
P00156,1942,Wellhoïf Salomon,Wellhoïf Salomon,uelhoif salomon,,Raffinerie d’E- gypte,director,113
P00156,1942,Wellhoïf Salomon,Wellhoïf Salomon,uelhoif salomon,,Alexandria Central Buildings Co,director,113
P00156,1942,Wellhoïf Salomon,Wellhoïf Salomon,uelhoif salomon,,Compa- gnie Générale des Sels Marins,director,113
P00156,1942,Wellhoïf Salomon,Wellhoïf Salomon,uelhoif salomon,,Levant Bonded Ware- houses Co,director,113
P00156,1942,Wellhoïf Salomon,Wellhoïf Salomon,uelhoif salomon,,S.A. PHAROS,director,113
P00156,1942,Wellhoïf Salomon,Wellhoïf Salomon,uelhoif salomon,,Egvptian Bonded Wa- rehouses Co. Ltd,director,113
P01082,1942,Werner W. H,Werner W. H,uerner,,Société des Autobus de Béhéra,director,113
P01082,1942,Werner W. H,Werner W. H,uerner,,"Gharbieh, S.A.E",director,113
P01083,1942,Wieland,Wieland,uieland,,General,director,113
P01084,1942,Wild E. K,Wild E. K,uild,,General Motors Near,managing_director,113
P00594,1942,Williams R. E,Williams R. E,uiliams,,Alexan- dria Commercial Co. S.A,director,113
P00594,1942,Williams R. E,Williams R. E,uiliams,,Société Egyptienne d’E- grenage ‘et d’Entrepôts (S.A.),director,113
P00594,1942,Williams R. E,Williams R. E,uiliams,,S.A. Immobilière des Terrains Ghizeh et Rodah,director,113
P00595,1942,Wissa Fahmy Hanna Bey,Wissa Fahmy Hanna,uisa fahmi hana,bey,"- nistration de la Société Egyptienne pour lExploitation des Mines et Carrières, S.A.E",director,113
P00595,1942,Wissa Fahmy Hanna Bey,Wissa Fahmy Hanna,uisa fahmi hana,bey,The Egyptian Works & Cons- tructions Co,director,113
P00595,1942,Wissa Fahmy Hanna Bey,Wissa Fahmy Hanna,uisa fahmi hana,bey,"Thé Pharaonic Mail Line, S.A.E",director,113
P01085,1942,Wistenetzki Oscar,Wistenetzki Oscar,uistenetzki oskar,,"The Nile Ginning Co., S.A.E",director,113
P01086,1942,Wolf Daniel,Wolf Daniel,uolf daniel,,lAnglo- Egyptian Mining Co. S.A.E,president,113
P01087,1942,Woodhead W. G,Woodhead W. G,uodhead,,The Egyptian Aerated Water Co. Ltd,director,113
P01088,1942,Woods J. J,Woods J. J,uods,,General,director,113
P01089,1942,Wyler E,Wyler E,uiler,,Crédit Lyonnais à Alexandrie,manager,114
P01089,1942,Wyler E,Wyler E,uiler,,"- lion de la Société Immobilière d'Alexandrie, S.A.F",director,114
P00598,1942,Yamodis Nicolas,Yamodis Nicolas,iamodis nikolas,,The Egyplian DeMa Rice Mills Co,partner,114
P00598,1942,Yamodis Nicolas,Yamodis Nicolas,iamodis nikolas,,The Egyplian DeMa Rice Mills Co,manager,114
P01090,1942,Yamodis Ph,Yamodis Ph,iamodis f,,Comité de Surveillance de The Egvplian Della Rice Mills Co,president,114
P01091,1942,Yancovich Jack,Yancovich Jack,iankovish gak,,S.A.E. des Drogueries d'Egvple,director,114
P01091,1942,Yancovich Jack,Yancovich Jack,iankovish gak,,"Near East Finance, S.A.E",director,114
P01092,1942,Yazbek R,Yazbek R,iazbek,,"Compoir Au- xiliaire d'Entreprises, S.A.E",director,114
P01093,1942,S.E. Yeghen Ahmed Midhat Pacha,Yeghen Ahmed Midhat,ieghen ahmed midhat,pasha,Ad- minisiration de la Banque Misr el de toutes les Sociétéscréées par lé Groupement Misr,president,114
P01093,1942,S.E. Yeghen Ahmed Midhat Pacha,Yeghen Ahmed Midhat,ieghen ahmed midhat,pasha,Société Fon- cière d'Egyple el de la Société des Aulobus du Caire,president,114
P01093,1942,S.E. Yeghen Ahmed Midhat Pacha,Yeghen Ahmed Midhat,ieghen ahmed midhat,pasha,Société KEgyptienne de Ciment Portland-Tourah,director,114
P01094,1942,Comité Gouvernemental des Transports Maritimes,Comité Gouvernemental des Transports Maritimes,komit guvernemental des transports maritimes,,Fédération Nationale Aéronautique,vice_president,114
P01094,1942,Comité Gouvernemental des Transports Maritimes,Comité Gouvernemental des Transports Maritimes,komit guvernemental des transports maritimes,,The Alexandria Navigation Co. S.A.E,president,114
P01094,1942,Comité Gouvernemental des Transports Maritimes,Comité Gouvernemental des Transports Maritimes,komit guvernemental des transports maritimes,,The Alexandria Navigation Co. S.A.E,delegate,114
P01094,1942,Comité Gouvernemental des Transports Maritimes,Comité Gouvernemental des Transports Maritimes,komit guvernemental des transports maritimes,,the Alexandria Navigation Co. Lid. (London),president,114
P01094,1942,Comité Gouvernemental des Transports Maritimes,Comité Gouvernemental des Transports Maritimes,komit guvernemental des transports maritimes,,the Alexandria Navigation Co. Lid. (London),delegate,114
P01094,1942,Comité Gouvernemental des Transports Maritimes,Comité Gouvernemental des Transports Maritimes,komit guvernemental des transports maritimes,,the Alexandria Pressing Co,president,114
P01094,1942,Comité Gouvernemental des Transports Maritimes,Comité Gouvernemental des Transports Maritimes,komit guvernemental des transports maritimes,,the Egyptian Trading Co. Ltd. (Liverpool),president,114
P01094,1942,Comité Gouvernemental des Transports Maritimes,Comité Gouvernemental des Transports Maritimes,komit guvernemental des transports maritimes,,"The Alexandria Life Insurance Co., S.A.E",president,114
P01094,1942,Comité Gouvernemental des Transports Maritimes,Comité Gouvernemental des Transports Maritimes,komit guvernemental des transports maritimes,,"the Egyptian Salt and Soda Co. LAd., de la So- ciété Financière el Industrielle d'Egypte",president,114
P01094,1942,Comité Gouvernemental des Transports Maritimes,Comité Gouvernemental des Transports Maritimes,komit guvernemental des transports maritimes,,The National Contracting Co. of Egvpl,president,114
P01094,1942,Comité Gouvernemental des Transports Maritimes,Comité Gouvernemental des Transports Maritimes,komit guvernemental des transports maritimes,,Banque Misr,director,114
P01094,1942,Comité Gouvernemental des Transports Maritimes,Comité Gouvernemental des Transports Maritimes,komit guvernemental des transports maritimes,,"Filature Nationale d'Egypte, S.A.E",director,114
P01094,1942,Comité Gouvernemental des Transports Maritimes,Comité Gouvernemental des Transports Maritimes,komit guvernemental des transports maritimes,,a Sté. Egyptienne des Industries Textiles,director,114
P01094,1942,Comité Gouvernemental des Transports Maritimes,Comité Gouvernemental des Transports Maritimes,komit guvernemental des transports maritimes,,Société Anonyme du Béhéra,director,114
P01094,1942,Comité Gouvernemental des Transports Maritimes,Comité Gouvernemental des Transports Maritimes,komit guvernemental des transports maritimes,,Société Anonyme de Wadi Kom- Ombo,director,114
P01094,1942,Comité Gouvernemental des Transports Maritimes,Comité Gouvernemental des Transports Maritimes,komit guvernemental des transports maritimes,,United Egyplian Salt Lid,director,114
P01094,1942,Comité Gouvernemental des Transports Maritimes,Comité Gouvernemental des Transports Maritimes,komit guvernemental des transports maritimes,,The Egyptian Bonded Warehouses Co,director,114
P01094,1942,Comité Gouvernemental des Transports Maritimes,Comité Gouvernemental des Transports Maritimes,komit guvernemental des transports maritimes,,"Société de Transports, Ex- pédilions el Assurances «PHAROS»",director,114
P01094,1942,Comité Gouvernemental des Transports Maritimes,Comité Gouvernemental des Transports Maritimes,komit guvernemental des transports maritimes,,Société Indus- trielle et Commerciale d'Egyple (SICO),director,114
P01094,1942,Comité Gouvernemental des Transports Maritimes,Comité Gouvernemental des Transports Maritimes,komit guvernemental des transports maritimes,,Société Egyp- lienne de la Bourse Commerciale de Minet el Bassal,director,114
P01094,1942,Comité Gouvernemental des Transports Maritimes,Comité Gouvernemental des Transports Maritimes,komit guvernemental des transports maritimes,,"The Egvptian Copper Works, S.A.E",director,114
P01094,1942,Comité Gouvernemental des Transports Maritimes,Comité Gouvernemental des Transports Maritimes,komit guvernemental des transports maritimes,,The Tractor & Engi-,director,114
P01095,1942,Yolkendjoglou Alex,Yolkendjoglou Alex,iolkendgoglu alex,,Salonica Cigarette Co,director,115
P01096,1942,Zabal Wadie,Zabal Wadie,zabal uadi,,"Manufac- ture Egyptienne de Bonnelterie et Tricotage «EI-Nil», S.A.E",director,115
P01097,1942,Zaccar Joseph E,Zaccar Joseph E,zakar gosef,,Usines Textiles «Al-Kahira» Alexandria Cotton Trading Co,director,115
P01098,1942,S.E. Zakaria Mahran Pacha,Zakaria Mahran,zakaria mahran,pasha,- tion de la Société Misr pour l'Egrenage du Coton,director,115
P01098,1942,S.E. Zakaria Mahran Pacha,Zakaria Mahran,zakaria mahran,pasha,So- ciété Misr de Transport el de Navigation,director,115
P01098,1942,S.E. Zakaria Mahran Pacha,Zakaria Mahran,zakaria mahran,pasha,"Etablisse- ments Industriels pour la Soie el le Coton. 8.E. Zananiri, Georges (Pacha), Ancien Sénateur",director,115
P01098,1942,S.E. Zakaria Mahran Pacha,Zakaria Mahran,zakaria mahran,pasha,Con- seil d'Administration du Crédit Immobilier Suisse-Egyp- lien,member,115
P01098,1942,S.E. Zakaria Mahran Pacha,Zakaria Mahran,zakaria mahran,pasha,Surveillance de la Société d’As- surance sur Ja vie «La Genevoise»,committee_member,115
P01099,1942,Zariti L,Zariti L,zariti,,Banque d'Athènes,director,115
P01100,1942,Zariti Theodore,Zariti Theodore,zariti theodor,,The Land Bank of Egypt,director,115
P01101,1942,BE. Zayed Issawi Pacha,BE. Zayed Issawi,b zaied isaui,pasha,So- ciété Egyptienne pour le Tannage,president,115
P01101,1942,BE. Zayed Issawi Pacha,BE. Zayed Issawi,b zaied isaui,pasha,Industrie du Cuir,president,115
P01101,1942,BE. Zayed Issawi Pacha,BE. Zayed Issawi,b zaied isaui,pasha,Banque Misr,director,115
P01101,1942,BE. Zayed Issawi Pacha,BE. Zayed Issawi,b zaied isaui,pasha,Société pour la Vente des Produits Egyptiens,director,115
P00160,1942,Zorbini Dimitri,Zorbini Dimitri,zorbini dimitri,,The Kafr El Za- val Cotton Co,managing_director,115
P00160,1942,Zorbini Dimitri,Zorbini Dimitri,zorbini dimitri,,Kafr El Zayat Land Co,director,115
P01102,1942,Zerbini S,Zerbini S,zerbini,,The Kafr El Zayal Cotton Co,director,115
P01102,1942,Zerbini S,Zerbini S,zerbini,,Kafr El Zayat Land Co,director,115
P01103,1942,Egypte Alexandrie,Egypte Alexandrie,egipt alexandri,,"- uistration de la Trade & Financial Co., S.A.E",president,115
P01103,1942,Egypte Alexandrie,Egypte Alexandrie,egipt alexandri,,"Nile Textile Co., S.A.E",president,115
P01104,1942,Ministre des Wakfs,Ministre des Wakfs,ministr des uakfs,,Sénal,president,116
P01104,1942,Ministre des Wakfs,Ministre des Wakfs,ministr des uakfs,,The Kaîfr EI Zayat Colton Co,president,116
P01104,1942,Ministre des Wakfs,Ministre des Wakfs,ministr des uakfs,,Teinturerie,president,116
P01105,1942,Franco-Egyplienne,Franco-Egyplienne,franko egiplien,,Con- seil d'Administration de The National Bank of Egypt,member,116
P01105,1942,Franco-Egyplienne,Franco-Egyplienne,franko egiplien,,General Motors Co,member,116
P01106,1942,Zude Emmanuel,Zude Emmanuel,zud emanuel,,S.A. de Ciment Portland Tourah,director,116
P01107,1942,S.E. Zulfikar Ahmed Pacha,Zulfikar Ahmed,zulfikar ahmed,pasha,Usines Textiles «Al- Kahira»,president,116
P01107,1942,S.E. Zulfikar Ahmed Pacha,Zulfikar Ahmed,zulfikar ahmed,pasha,"Société Nationale du Papier, S.A.E",vice_president,116
P01108,1942,S.E. Zulfikar Mohamed Bey,Zulfikar Mohamed,zulfikar moamed,bey,"- tion de la Société Egyplienne pour l’Industrie et le Commer- ce des Cotonnades «La Cotonnière»., cavorau unrcroiTn THE EGYPTIAN Hotels LTD. HHHHLLEŒLEÇŒEÇŒÇÇEEEEEE-- EF, R.C. 182 N LE CAIRE N SEMIRAMIS HOTEL N au bord du Nil À SHEPHEARD'S HOTEL À Renommée mondiale À CONTINENTAL SAVOY à Près de l'Opéra Royal à à MENA HOUSE HOTEL à Au pied de la Grande Pyramide de Giza *",director,116
P00608,1947,Abaza Abdallah Fikrï Bey,Abaza Abdallah Fikrï,abaza abdalah fikri,bey,"Société pour la Vente des Produits Egyptiens, S.A.E",director,57
P00003,1947,S.E. Abaza,Abaza,abaza,,Sté. Royale d'Agriculture,general_manager,57
P00003,1947,S.E. Abaza,Abaza,abaza,,Sté. Royale d'Agriculture,managing_director,57
P00003,1947,S.E. Abaza,Abaza,abaza,,Union des Agriculteurs d'Egypte,president,57
P00003,1947,S.E. Abaza,Abaza,abaza,,honneur de l'Union Arabe du Caire,president,57
P00003,1947,S.E. Abaza,Abaza,abaza,,The Imperial Chemical Industries ( Egypt) Ltd,director,57
P00003,1947,S.E. Abaza,Abaza,abaza,,Société d'Exploitations Agricoles,director,57
P00003,1947,S.E. Abaza,Abaza,abaza,,"Sidi Salem Co. of Egypt, S.A.E",director,57
P00003,1947,S.E. Abaza,Abaza,abaza,,Société Egyptienne d'Engrais '& d'Industries Chimiques,director,57
P00003,1947,S.E. Abaza,Abaza,abaza,,Egyptian Company for- International Tracte«ECIT»,director,57
P01109,1947,S.E. Abbas Sid Ahmed Pacha,Abbas Sid Ahmed,abas sid ahmed,pasha,Auberges d'Egypte et Egyptian Co. for International Tracte «ECIT»,director,57
P01110,1947,Abbas el Ghafei,Abbas el Ghafei,abas ghafei,,Egyptian Domestic & Foreign .Tracte Cy,director,57
P00164,1947,S.E. Abboud Mohamed Ahmed Pacha,Abboud Mohamed Ahmed,abud moamed ahmed,pasha,The Egyptian General Omnibus Co,president,57
P00164,1947,S.E. Abboud Mohamed Ahmed Pacha,Abboud Mohamed Ahmed,abud moamed ahmed,pasha,Société Générale des Sucreries et Raffinerie d'Egypte,managing_director,57
P00164,1947,S.E. Abboud Mohamed Ahmed Pacha,Abboud Mohamed Ahmed,abud moamed ahmed,pasha,"The Khedivial Mail Line, S.A.E",managing_director,57
P00164,1947,S.E. Abboud Mohamed Ahmed Pacha,Abboud Mohamed Ahmed,abud moamed ahmed,pasha,Tilbury Contracting & Dredging Co. (Foreign) Ltd,managing_director,57
P00164,1947,S.E. Abboud Mohamed Ahmed Pacha,Abboud Mohamed Ahmed,abud moamed ahmed,pasha,The Alexandria Racing,managing_director,57
P01111,1947,Abdallah Kabbani,Abdallah Kabbani,abdalah kabani,,Sté,vice_president,57
P01111,1947,Abdallah Kabbani,Abdallah Kabbani,abdalah kabani,,Sté,delegate,57
P00610,1947,S.E. Abdel Aziz Radwan Pacha,Abdel Aziz Radwan,abdel aziz raduan,pasha,~agazig Cotton& Oil Cy,president,57
P00610,1947,S.E. Abdel Aziz Radwan Pacha,Abdel Aziz Radwan,abdel aziz raduan,pasha,"Société Cotonnière «Maarad""",director,57
P00611,1947,Abdel Fattah El Lozi Bey,Abdel Fattah El Lozi,abdel fatah lozi,bey,"Ad· ministration de la Banque Misr, S.A.E",council_member,58
P00611,1947,Abdel Fattah El Lozi Bey,Abdel Fattah El Lozi,abdel fatah lozi,bey,Sté. Misr de Filature,council_member,58
P00611,1947,Abdel Fattah El Lozi Bey,Abdel Fattah El Lozi,abdel fatah lozi,bey,"Tissage, S.A.E",council_member,58
P00611,1947,Abdel Fattah El Lozi Bey,Abdel Fattah El Lozi,abdel fatah lozi,bey,Société Misr pour le Tissage de la Soie,managing_director,58
P01112,1947,Abdel Fattah Ragab,Abdel Fattah Ragab,abdel fatah ragab,,Sté. des Autobus Charkieh et Dakahlieh,director,58
P01113,1947,Abdel Galil Abdel Dayem,Abdel Galil Abdel Dayem,abdel galil abdel daiem,,Sté. Al Chark pour la Filature et le Tissage,director,58
P01114,1947,Abdel Haï 1Khalil Bey Député,Abdel Haï 1Khalil Bey Député,abdel hai khalil bei deput,,Société Misr de Filature,director,58
P01114,1947,Abdel Haï 1Khalil Bey Député,Abdel Haï 1Khalil Bey Député,abdel hai khalil bei deput,,Tissage Fin encoton égyptien (usines Kafr El Dawar),director,58
P01114,1947,Abdel Haï 1Khalil Bey Député,Abdel Haï 1Khalil Bey Député,abdel hai khalil bei deput,,"Banque Misr, de la Société Misr de Filature",director,58
P01114,1947,Abdel Haï 1Khalil Bey Député,Abdel Haï 1Khalil Bey Député,abdel hai khalil bei deput,,"'Tissage, S.A.E. (Méhallael Kobra)",director,58
P00720,1947,Abdel Hamid Bey Abdel Hakk Ancien Ministre,Abdel Hamid Bey Abdel Hakk Ancien Ministre,abdel hamid bei abdel hak ansien ministr,,Sté. Misr pour les Fourrages,president,58
P00614,1947,Abdel Hamid El Bannan Bey,Abdel Hamid El Bannan,abdel hamid banan,bey,"Fiat Oriente, S.A.E",director,58
P00614,1947,Abdel Hamid El Bannan Bey,Abdel Hamid El Bannan,abdel hamid banan,bey,"Société pour la Vente des Produits Egyptiens, S.A.E",director,58
P00614,1947,Abdel Hamid El Bannan Bey,Abdel Hamid El Bannan,abdel hamid banan,bey,Société Misr des Tabacs et Cigarettes,director,58
P00614,1947,Abdel Hamid El Bannan Bey,Abdel Hamid El Bannan,abdel hamid banan,bey,Société Egyptienne pour le tannage,director,58
P00614,1947,Abdel Hamid El Bannan Bey,Abdel Hamid El Bannan,abdel hamid banan,bey,"Industrie du Cuir, S.A.E",director,58
P00614,1947,Abdel Hamid El Bannan Bey,Abdel Hamid El Bannan,abdel hamid banan,bey,"The Cherif Cotton ,& Trading Co., S.A.E. (Négociants et Exportateurs de Coton et Graines de CotG.m, Importations",manager,58
P00614,1947,Abdel Hamid El Bannan Bey,Abdel Hamid El Bannan,abdel hamid banan,bey,"The Cherif Cotton ,& Trading Co., S.A.E. (Négociants et Exportateurs de Coton et Graines de CotG.m, Importations",managing_director,58
P01115,1947,Exportations Représentations,Exportations Représentations,exportations representations,,"Egyptian Domestic& Foreign Tracte Co., S.A.E",president,58
P01116,1947,Egyptienne S.A,Egyptienne S.A,egiptien,,Sté. Eg. pour la déshydratation deslégume's,director,58
P01117,1947,Abdel Hamid Hamdi Bey,Abdel Hamid Hamdi,abdel hamid hamdi,bey,North East Africa Trading Cy,director,58
P01117,1947,Abdel Hamid Hamdi Bey,Abdel Hamid Hamdi,abdel hamid hamdi,bey,Nile Textile Cy,director,58
P01118,1947,Abdel Kerim Raout Bey,Abdel Kerim Raout,abdel kerim raut,bey,The Man ure Co. of Egypt (S.A.),president,58
P01119,1947,Abdel Latif Moussa,Abdel Latif Moussa,abdel latif musa,,"The Albert Moussa Agency & Stevedoring Co., S.A.E",managing_director,58
P00619,1947,Abdel Maksoud Ahmed Bey,Abdel Maksoud Ahmed,abdel maksud ahmed,bey,Banque Misr,vice_president,59
P00619,1947,Abdel Maksoud Ahmed Bey,Abdel Maksoud Ahmed,abdel maksud ahmed,bey,Banque Misr,managing_director,59
P00619,1947,Abdel Maksoud Ahmed Bey,Abdel Maksoud Ahmed,abdel maksud ahmed,bey,Sociétésformant le groupe Misr,director,59
P00619,1947,Abdel Maksoud Ahmed Bey,Abdel Maksoud Ahmed,abdel maksud ahmed,bey,Sté. des Autobus du Caire,director,59
P00619,1947,Abdel Maksoud Ahmed Bey,Abdel Maksoud Ahmed,abdel maksud ahmed,bey,"Beida Dyers, S.A.K",director,59
P00619,1947,Abdel Maksoud Ahmed Bey,Abdel Maksoud Ahmed,abdel maksud ahmed,bey,"Nil Paris, S.A.E",director,59
P01120,1947,Abdel Malek Hamza Bey G.C. Roumanie,Abdel Malek Hamza Bey G.C. Roumanie,abdel malek hamza bei rumani,,"«Al Chark""",manager,59
P01120,1947,Abdel Malek Hamza Bey G.C. Roumanie,Abdel Malek Hamza Bey G.C. Roumanie,abdel malek hamza bei rumani,,Gouvernement aux Sucreries,auditor,59
P01120,1947,Abdel Malek Hamza Bey G.C. Roumanie,Abdel Malek Hamza Bey G.C. Roumanie,abdel malek hamza bei rumani,,Upper Egypt Mining Cy,president,59
P01120,1947,Abdel Malek Hamza Bey G.C. Roumanie,Abdel Malek Hamza Bey G.C. Roumanie,abdel malek hamza bei rumani,,Upper Egypt Mining Cy,director,59
P01120,1947,Abdel Malek Hamza Bey G.C. Roumanie,Abdel Malek Hamza Bey G.C. Roumanie,abdel malek hamza bei rumani,,ccAlminan,president,59
P01120,1947,Abdel Malek Hamza Bey G.C. Roumanie,Abdel Malek Hamza Bey G.C. Roumanie,abdel malek hamza bei rumani,,ccAlminan,director,59
P01120,1947,Abdel Malek Hamza Bey G.C. Roumanie,Abdel Malek Hamza Bey G.C. Roumanie,abdel malek hamza bei rumani,,Zagazig Cotton & Oil Cy,director,59
P01121,1947,Abdel Meguid Magued Bey,Abdel Meguid Magued,abdel meguid magued,bey,- tration de Salvage & Marine Cy,director,59
P01121,1947,Abdel Meguid Magued Bey,Abdel Meguid Magued,abdel meguid magued,bey,- tration de Salvage & Marine Cy,president,59
P01121,1947,Abdel Meguid Magued Bey,Abdel Meguid Magued,abdel meguid magued,bey,Anglo Egyptian Soap & Edible Products,director,59
P00621,1947,Abdel Meguid Radouan Bey,Abdel Meguid Radouan,abdel meguid raduan,bey,Société Egyptienne pour le Développement et h~,director,59
P00524,1947,Abdel Moneim Abou Hussein,Abdel Moneim Abou Hussein,abdel moneim husein,,Egyptian Domestic & Foreiga Trade Cy,director,59
P01122,1947,Abdel Moneim Mohamed Achour Dr,Abdel Moneim Mohamed Achour Dr,abdel moneim moamed ashur dr,,Sté. Misr pour lf.s Fourrages,director,59
P01123,1947,Abdel Rahman Aly Bey,Abdel Rahman Aly,abdel rahman ali,bey,Crédit Agricole d'Egypte,director,59
P01124,1947,Abdel Rahman el Bialy Bey,Abdel Rahman el Bialy,abdel rahman biali,bey,Jardins,president,59
P01124,1947,Abdel Rahman el Bialy Bey,Abdel Rahman el Bialy,abdel rahman biali,bey,Jardins,director,59
P00166,1947,Abdel Rahman Fayed,Abdel Rahman Fayed,abdel rahman faied,,lacclZoldairn Refrigeration .& Ail· Conditioning Co. of Egypt,director,59
P00167,1947,S.E. Abdel Rahman Hamada Bey,Abdel Rahman Hamada,abdel rahman hamada,bey,Sté .. Misr pour la Filature et le Tissage (Mehalla-Kobra),managing_director,59
P00167,1947,S.E. Abdel Rahman Hamada Bey,Abdel Rahman Hamada,abdel rahman hamada,bey,9e la Trading Corporation of Egypt,president,59
P00167,1947,S.E. Abdel Rahman Hamada Bey,Abdel Rahman Hamada,abdel rahman hamada,bey,Misr Engineering v,vice_president,59
P00167,1947,S.E. Abdel Rahman Hamada Bey,Abdel Rahman Hamada,abdel rahman hamada,bey,Société Misr pom la Filature et le Tissage fin en Coton Egyptien (Kafr El Dawar),director,59
P00167,1947,S.E. Abdel Rahman Hamada Bey,Abdel Rahman Hamada,abdel rahman hamada,bey,Beida Dyers Co,director,59
P00167,1947,S.E. Abdel Rahman Hamada Bey,Abdel Rahman Hamada,abdel rahman hamada,bey,laSociété Misr pour la Rayonne,director,59
P00167,1947,S.E. Abdel Rahman Hamada Bey,Abdel Rahman Hamada,abdel rahman hamada,bey,Misr Con crete Development Co,director,59
P00167,1947,S.E. Abdel Rahman Hamada Bey,Abdel Rahman Hamada,abdel rahman hamada,bey,Société Misr pour le Lin,director,59
P00167,1947,S.E. Abdel Rahman Hamada Bey,Abdel Rahman Hamada,abdel rahman hamada,bey,Société Egyptienne pom le Tannage,director,59
P00167,1947,S.E. Abdel Rahman Hamada Bey,Abdel Rahman Hamada,abdel rahman hamada,bey,Industrie du Cuir,director,59
P00167,1947,S.E. Abdel Rahman Hamada Bey,Abdel Rahman Hamada,abdel rahman hamada,bey,Gene1·al \Varehouses,director,59
P00167,1947,S.E. Abdel Rahman Hamada Bey,Abdel Rahman Hamada,abdel rahman hamada,bey,Alexandria 1& Khartoum Trading Corp,director,59
P01125,1947,Abdel Razzak Aly Hamed,Abdel Razzak Aly Hamed,abdel razak ali hamed,,Sté. Al Chark pour la Filatme et Tissage,director,60
P01126,1947,Abdel Rehim Helmi,Abdel Rehim Helmi,abdel reim helmi,,Rizerie Egyptienne Moderne,director,60
P00297,1947,Caire,Caire,kair,,Commercial Insurance Gy,president,60
P00297,1947,Caire,Caire,kair,,"Josy Film, S.A.E",director,60
P00297,1947,Caire,Caire,kair,,Near East Pharmaceutical & Commercial Gy,director,60
P00297,1947,Caire,Caire,kair,,National Cotton Gy,director,60
P01127,1947,Abdel Wahab Abd Rabbo,Abdel Wahab Abd Rabbo,abdel uab abd rabo,,Sté. Al Chark Filature Tissage,director,60
P01128,1947,S.E. Abdel Wahab Talaat Pacha,Abdel Wahab Talaat,abdel uab talat,pasha,"Sté. Générale de Placement Financie,l' et Industriel",president,60
P01128,1947,S.E. Abdel Wahab Talaat Pacha,Abdel Wahab Talaat,abdel uab talat,pasha,The National Cotton Gy,vice_president,60
P01129,1947,About Ela Hanafi Dr,About Ela Hanafi Dr,abut ela hanafi dr,,«Nemco''·,director,60
P00625,1947,Aboul Ela Aly Mohayessin El Hag,Aboul Ela Aly Mohayessin El Hag,abul ela ali moaiesin hag,,Société des Omnibus de Fayoum,director,60
P00625,1947,Aboul Ela Aly Mohayessin El Hag,Aboul Ela Aly Mohayessin El Hag,abul ela ali moaiesin hag,,Société des Autobus de Charkieh,director,60
P00625,1947,Aboul Ela Aly Mohayessin El Hag,Aboul Ela Aly Mohayessin El Hag,abul ela ali moaiesin hag,,"The Upper Bus Co., S.A.E",director,60
P00169,1947,About Ela Mahmoud,About Ela Mahmoud,abut ela mahmud,,Société Egyptienne pour le Tannage,director,60
P00169,1947,About Ela Mahmoud,About Ela Mahmoud,abut ela mahmud,,"Industrie du Cuir, s",director,60
P01130,1947,About Fath Mahmoud,About Fath Mahmoud,abut fath mahmud,,«Al Charkn Sté. d'Entreprises üénérales,president,60
P01130,1947,About Fath Mahmoud,About Fath Mahmoud,abut fath mahmud,,Commercial-Bank of Egypt,director,60
P01130,1947,About Fath Mahmoud,About Fath Mahmoud,abut fath mahmud,,Sté. Industrielle au Moyen-Orient,director,60
P01130,1947,About Fath Mahmoud,About Fath Mahmoud,abut fath mahmud,,General Chemical Industries Gy «CICn,director,60
P00524,1947,Aboul Fath Hussein,Aboul Fath Hussein,abul fath husein,,Frosted Food .& Cold Storage Gy,director,60
P00627,1947,About 1Wafa Dunkol El Hag,About 1Wafa Dunkol El Hag,abut uafa dunkol hag,,"The Upper Egypt Bus Co., S.A.E",director,60
P01131,1947,Abram Joseph,Abram Joseph,abram gosef,,«Siburll,director,60
P01132,1947,Achour Ahmed Ahmed Dr,Achour Ahmed Ahmed Dr,ashur ahmed ahmed dr,,Mist' Engineering Works .& Transport Co,delegate,60
P01133,1947,Acland Rt. Hon. Sir Francis Dyke,Acland Rt. Hon. Sir Francis Dyke,akland rt hon sir fransis dik,,Ang'lo-Egyptian Oilfields,director,61
P01134,1947,Adda Achille,Adda Achille,ada ashil,,S.A. du Béhéra,director,61
P00629,1947,Adda Me. Ch_arles,Adda Me. Ch_arles,ada m sharles,,"The Egyptian Neon Lights Co., S.A.E",vice_president,61
P00629,1947,Adda Me. Ch_arles,Adda Me. Ch_arles,ada m sharles,,Astra et Halles Centrales d'Egypte,director,61
P00007,1947,Adda Fernand C.A,Adda Fernand C.A,ada fernand,,-D~légué de l'Eastern Export Co,director,61
P00008,1947,Adda Joseph A,Adda Joseph A,ada gosef,,The Building Lands of Egypt,liquidator,61
P00008,1947,Adda Joseph A,Adda Joseph A,ada gosef,,la(1harbieh Land Co,managing_director,61
P00008,1947,Adda Joseph A,Adda Joseph A,ada gosef,,la(1harbieh Land Co,director,61
P00008,1947,Adda Joseph A,Adda Joseph A,ada gosef,,Egyptian Enterprise & Development Co,managing_director,61
P00008,1947,Adda Joseph A,Adda Joseph A,ada gosef,,Egyptian Enterprise & Development Co,director,61
P00008,1947,Adda Joseph A,Adda Joseph A,ada gosef,,S.A.E. Carba,managing_director,61
P00008,1947,Adda Joseph A,Adda Joseph A,ada gosef,,S.A.E. Carba,director,61
P01135,1947,Adda Victor A,Adda Victor A,ada viktor,,Ccmseil d'Administration dé la Ea',president,61
P01135,1947,Adda Victor A,Adda Victor A,ada viktor,,Egyptian Works R<,director,61
P01135,1947,Adda Victor A,Adda Victor A,ada viktor,,Sté. Egyptienne pour la Fabrication,managing_director,61
P01135,1947,Adda Victor A,Adda Victor A,ada viktor,,Exportation des Conserves,managing_director,61
P00632,1947,Adès Clément N,Adès Clément N,ades klement,,"Société Egyptienne de Tissage et Tricotage, S.A.E",director,61
P00633,1947,Adès Emile N,Adès Emile N,ades emil,,"Usines Textiles «Al Kahiran, S.A.E",vice_president,61
P00633,1947,Adès Emile N,Adès Emile N,ades emil,,Union Foncière d'Egypte,director,61
P00633,1947,Adès Emile N,Adès Emile N,ades emil,,"Banque Belge et Internationale en Egypte, S.A.E",director,61
P00633,1947,Adès Emile N,Adès Emile N,ades emil,,"Alexandria -Racing Club, S.A.E",director,61
P00177,1947,Adès Gaston N,Adès Gaston N,ades gaston,,"Société Egyptienne de Tissage et Trico~a.ge, S.A.E",director,61
P00634,1947,Adèe Raphael,Adèe Raphael,ad rafael,,p.i. de la. Société G~­ néra.le d'Electricité,manager,61
P00634,1947,Adèe Raphael,Adèe Raphael,ad rafael,,Mécanique,manager,61
P00634,1947,Adèe Raphael,Adèe Raphael,ad rafael,,"-General Society for Ban king, Trading .& Land Enterprises, S.A.E",director,61
P00635,1947,Afifi Atta Bey,Afifi Atta,afifi ata,bey,Cairo Agricultural,vice_president,62
P00635,1947,Afifi Atta Bey,Afifi Atta,afifi ata,bey,"Khedivial Mail Line, S.A.E",director,62
P00635,1947,Afifi Atta Bey,Afifi Atta,afifi ata,bey,Société Egyptienne de Filature,director,62
P00635,1947,Afifi Atta Bey,Afifi Atta,afifi ata,bey,Tissage de Laine,director,62
P00635,1947,Afifi Atta Bey,Afifi Atta,afifi ata,bey,National Petroleum Cy,director,62
P00635,1947,Afifi Atta Bey,Afifi Atta,afifi ata,bey,Société Egyptienne des Pétroles (S.E. P.),director,62
P00635,1947,Afifi Atta Bey,Afifi Atta,afifi ata,bey,Union Foncière d'Egypte,director,62
P00635,1947,Afifi Atta Bey,Afifi Atta,afifi ata,bey,The Tractor & Engineering Cy of Egypt,director,62
P00635,1947,Afifi Atta Bey,Afifi Atta,afifi ata,bey,Banque Belge et Internationale en Egypte,director,62
P00635,1947,Afifi Atta Bey,Afifi Atta,afifi ata,bey,Fermag,director,62
P00636,1947,S.E. Dr. Afifi Hafez Pacha,Dr. Afifi Hafez,dr afifi hafez,pasha,Banque Misr,president,62
P00636,1947,S.E. Dr. Afifi Hafez Pacha,Dr. Afifi Hafez,dr afifi hafez,pasha,Banque Misr,managing_director,62
P00636,1947,S.E. Dr. Afifi Hafez Pacha,Dr. Afifi Hafez,dr afifi hafez,pasha,"Société Misr pour la Filature et le Tissage, Mehalla El Kobra",president,62
P00636,1947,S.E. Dr. Afifi Hafez Pacha,Dr. Afifi Hafez,dr afifi hafez,pasha,"Société Misr pour la Filature et le Tissage, Mehalla El Kobra",managing_director,62
P00636,1947,S.E. Dr. Afifi Hafez Pacha,Dr. Afifi Hafez,dr afifi hafez,pasha,Société Misr de Kafrel Dawar,president,62
P00636,1947,S.E. Dr. Afifi Hafez Pacha,Dr. Afifi Hafez,dr afifi hafez,pasha,Société Misr de Kafrel Dawar,managing_director,62
P00636,1947,S.E. Dr. Afifi Hafez Pacha,Dr. Afifi Hafez,dr afifi hafez,pasha,Sté. Misr Rayonne,president,62
P00636,1947,S.E. Dr. Afifi Hafez Pacha,Dr. Afifi Hafez,dr afifi hafez,pasha,Marconi Radio Telegraph Cy,vice_president,62
P00636,1947,S.E. Dr. Afifi Hafez Pacha,Dr. Afifi Hafez,dr afifi hafez,pasha,cfu Conseil d'Administration du Crédit Foncier Egyptien,member,62
P01136,1947,Aghazarm J. Me,Aghazarm J. Me,aghazarm m,,The United Egyptian Nile Transport Co. et United Storage Navigation 1& Commercial Co,director,62
P00011,1947,Aghion Gustave,Aghion Gustave,aghion gustav,,The Alexandria Insurance Co,director,62
P00011,1947,Aghion Gustave,Aghion Gustave,aghion gustav,,Grands Hôtels d'Egypte(Ex-Nungovitch),director,62
P00011,1947,Aghion Gustave,Aghion Gustave,aghion gustav,,Sté.· d'Entreprises Urbaines et Rurales,director,62
P00010,1947,Aghion Max César,Aghion Max César,aghion max sesar,,Société Franco-Egyptienne d'Importation,managing_director,62
P00010,1947,Aghion Max César,Aghion Max César,aghion max sesar,,Société Egyptienne d'Entreprises Urbaines et Rurales,director,62
P00010,1947,Aghion Max César,Aghion Max César,aghion max sesar,,S.A.E. d'Urhani.E'f_ne «Hadaek el Abram» ( Py1·amids Gardens),director,62
P01137,1947,Agnew Andrew,Agnew Andrew,agneu andreu,,cte 'T'he Anglo-Egyptian Oilfields,director,62
P01138,1947,Ahmed Fahmy Hanafi Bey,Ahmed Fahmy Hanafi,ahmed fahmi hanafi,bey,United Storage Navigation ·~ Commercial Cy,director,62
P01139,1947,Ahmed Racheed Abdallah Bey,Ahmed Racheed Abdallah,ahmed rashed abdalah,bey,Fayoum 'T'extile Cy,director,62
P01140,1947,Ahmed Youssef el Tawil,Ahmed Youssef el Tawil,ahmed iusef tauil,,EJ 'fawil Spinning & \-Veaving Cy,president,62
P01141,1947,Alexane Alphonse Bey,Alexane Alphonse,alexan alfons,bey,cie 'rhe ~~gyptian Constwction & Engineering Cy,vice_president,62
P01142,1947,Alexane Emile,Alexane Emile,alexan emil,,Egyptian Co. for International Trade ccECITn,director,63
P01143,1947,Alexane Farid,Alexane Farid,alexan farid,,Eg·yptian Co. fot International T'rade ccECITn,director,63
P00018,1947,Allam Mohamed Bey,Allam Mohamed,alam moamed,bey,Crédit Hypothécaire Agricole d'Egypte,president,63
P00018,1947,Allam Mohamed Bey,Allam Mohamed,alam moamed,bey,Crédit Agricole d'Egypte,director,63
P00183,1947,Allemann Georges,Allemann Georges,aleman georges,,Société Egyptienne de la Bourse Commerciale de Minet El Bassal,president,63
P00183,1947,Allemann Georges,Allemann Georges,aleman georges,,Alexandria lnsurance Co,vice_president,63
P00183,1947,Allemann Georges,Allemann Georges,aleman georges,,Alexandria Li fe Insu _rance Co,vice_president,63
P00183,1947,Allemann Georges,Allemann Georges,aleman georges,,Nationul Bank of Egypt,director,63
P00183,1947,Allemann Georges,Allemann Georges,aleman georges,,S.A.E. «Carban,director,63
P00183,1947,Allemann Georges,Allemann Georges,aleman georges,,Société Cotonnière «Maaradn el de la Hamata Mining,director,63
P00640,1947,Almagià Vittorio,Almagià Vittorio,almagia vitorio,,Société Egyptienne d'Entrep1·ises et Constructions (S.E.D.E.C.),director,63
P00184,1947,Alphandary Robert,Alphandary Robert,alfandari robert,,"Peltoms, S.A.E",president,63
P00184,1947,Alphandary Robert,Alphandary Robert,alfandari robert,,"Peltoms, S.A.E",managing_director,63
P00641,1947,Aly Ayoub Bey,Aly Ayoub,ali aiub,bey,Crédit Agricole d'Egypte,director,63
P01144,1947,Ambache S,Ambache S,ambash,,"-Général de l 'Electricitv and lee Supply Co., S.A.E",managing_director,63
P01144,1947,Ambache S,Ambache S,ambash,,"Egyptian Mining ,& Prospecting Cy",director,63
P01144,1947,Ambache S,Ambache S,ambash,,Gél'ant Egyptian General Supply Co. ( Egesco) .\ mbache & Co. Sté. en Commandite par Actions,partner,63
P01145,1947,S.S. le Nabil Amr Ibrahim,S.S. le Nabil Amr Ibrahim,l nabil amr ibraim,,Egyptian Co. for International TJ'ade «ECITn,president,63
P00185,1947,Ambron Aldo,Ambron Aldo,ambron aldo,,"Union A lr>..crmdrine, Grand Officier de la Co-uronne d'Italie, Chevalir>r Saints Ma-urice et Lazarr>",vice_president,63
P00185,1947,Ambron Aldo,Ambron Aldo,ambron aldo,,Société Egyptienne d'Entreprises Urbaines et Rurales,president,63
P00185,1947,Ambron Aldo,Ambron Aldo,ambron aldo,,Société Egyptienne ct'Entrepl'i.ses et Constructions(S.E.D.E.C.),president,63
P00647,1947,Andraus Elias,Andraus Elias,andraus elias,,"Beida Dyers, S.A.E. et Administrateul· de la Sté. M isr ~""'i la ture Tissage Fin Cotton Egyptien",director,63
P00647,1947,Andraus Elias,Andraus Elias,andraus elias,,"Beida Dyers, S.A.E. et Administrateul· de la Sté. M isr ~""'i la ture Tissage Fin Cotton Egyptien",managing_director,63
P00650,1947,AJillpel Emmanuel M,AJillpel Emmanuel M,agilpel emanuel,,The Anglo-Egyptian Mining Co,president,64
P00650,1947,AJillpel Emmanuel M,AJillpel Emmanuel M,agilpel emanuel,,The Sheffield Co. (Egypt) S.A.E,director,64
P01146,1947,Arr~ailhe Raymond,Arr~ailhe Raymond,arailh raimond,,-Propriétaire des «Fabriques de Glaces et Entrepôts Frigorifiques»,director,64
P01146,1947,Arr~ailhe Raymond,Arr~ailhe Raymond,arailh raimond,,-Propriétaire des «Fabriques de Glaces et Entrepôts Frigorifiques»,manager,64
P01147,1947,Argy Edouard,Argy Edouard,argi eduard,,Pa1·ghaly Cotton & Jnvestment Cy,director,64
P01148,1947,Assat Victor,Assat Victor,asat viktor,,S.A.E. de Capitalisation «L'Epargne>>,director,64
P01149,1947,Assem,Assem,asem,,Beni Mazat Urbaine et Rurale,director,64
P01150,1947,Athénogènes Efthymios,Athénogènes Efthymios,athenogenes efthimios,,Studios Al Aht·am,director,64
P01151,1947,Atta El Ayoubi Bey,Atta El Ayoubi,ata aiubi,bey,Banque Misr Syrie Liban,director,64
P00195,1947,Auer Conrad,Auer Conrad,auer konrad,,S.E. de Ciment Portland Tourah,director,64
P01152,1947,A·uterbe Henry,A·uterbe Henry,auterb henri,,National Insmance Co. of Egypt,director,64
P01153,1947,Avierino Achille,Avierino Achille,avierino ashil,,Nouveaux Hôtels d'Egypte,president,64
P01153,1947,Avierino Achille,Avierino Achille,avierino ashil,,Banque Tepeghiosi & Co,director,64
P01153,1947,Avierino Achille,Avierino Achille,avierino ashil,,Egyptian Rubber & Shoes Industry,director,64
P01154,1947,Avierino Homère,Avierino Homère,avierino homer,,Egyptia.n Rubber & Shoes Industry,director,64
P01154,1947,Avierino Homère,Avierino Homère,avierino homer,,Egyptia.n Sisal Ma.nufa.ctmi.n g Cy,director,64
P00654,1947,Awre Gilbert Christopher,Awre Gilbert Christopher,aur gilbert shristofer,,"Eastern Co., S.A.E",director,64
P01155,1947,Etablissements Bolanachi-Distillerie,Etablissements Bolanachi-Distillerie,etablisements bolanashi distileri,,"The National Contracting Company of Egypt., S.A.E",managing_director,64
P01155,1947,Etablissements Bolanachi-Distillerie,Etablissements Bolanachi-Distillerie,etablisements bolanashi distileri,,The Egyptian Delta Land .& Investment Co,director,64
P01156,1947,Aziz Hassan Bey,Aziz Hassan,aziz hasan,bey,"The North East Africa Trading Cy., S.A.E",delegate,64
P01156,1947,Aziz Hassan Bey,Aziz Hassan,aziz hasan,bey,"The Egyptian Rice Mills, S.A.E",delegate,64
P01156,1947,Aziz Hassan Bey,Aziz Hassan,aziz hasan,bey,"National Starch Do., S.A.E. et Near East Produce Co., S.A.E",director,64
P01157,1947,A:u:am Chams el Dine Azzam,A:u:am Chams el Dine Azzam,auam shams din azam,,Société Commerciale Ex,president,64
P01158,1947,Import,Import,import,,Rizerie Egyptienne Moderne,director,64
P00657,1947,S.E. Badaoui Abdel Hamid Pacha,Badaoui Abdel Hamid,badaui abdel hamid,pasha,"Sté. Fouad 1er de la Lé,gislation de Statistique",president,65
P00657,1947,S.E. Badaoui Abdel Hamid Pacha,Badaoui Abdel Hamid,badaui abdel hamid,pasha,Economie Politique,president,65
P00657,1947,S.E. Badaoui Abdel Hamid Pacha,Badaoui Abdel Hamid,badaui abdel hamid,pasha,"Abou Zaabal & Kah"" Zayat Fertiliser & Chemical Cy. (AKFAC)",director,65
P00657,1947,S.E. Badaoui Abdel Hamid Pacha,Badaoui Abdel Hamid,badaui abdel hamid,pasha,The Alexandria Life Insurance,vice_president,65
P01159,1947,Badr-EI-Dïn Ibrahim Bey,Badr-EI-Dïn Ibrahim,badr ei din ibraim,bey,"Khedivial Mail Line, S.A.E",director,65
P01159,1947,Badr-EI-Dïn Ibrahim Bey,Badr-EI-Dïn Ibrahim,badr ei din ibraim,bey,Commercial Bank of Egypt,director,65
P01159,1947,Badr-EI-Dïn Ibrahim Bey,Badr-EI-Dïn Ibrahim,badr ei din ibraim,bey,Société des Biens de Rapport d'Egypte,director,65
P01159,1947,Badr-EI-Dïn Ibrahim Bey,Badr-EI-Dïn Ibrahim,badr ei din ibraim,bey,the Egyption Land & Buildings Co,director,65
P01159,1947,Badr-EI-Dïn Ibrahim Bey,Badr-EI-Dïn Ibrahim,badr ei din ibraim,bey,Comptoir Commercial Economique,director,65
P01159,1947,Badr-EI-Dïn Ibrahim Bey,Badr-EI-Dïn Ibrahim,badr ei din ibraim,bey,Commercial Insurance Co,director,65
P01159,1947,Badr-EI-Dïn Ibrahim Bey,Badr-EI-Dïn Ibrahim,badr ei din ibraim,bey,"àes Ateliers Mécaniques de la [(bedivial Mail Line, Alexandrie, Suez et Port-Sai d",manager,65
P00659,1947,Baehler René,Baehler René,baehler ren,,rrhe Electric Light & Power Supply Co,director,65
P00660,1947,Bahari Tewfik,Bahari Tewfik,bari teufik,,Si di Salem Co,director,65
P00660,1947,Bahari Tewfik,Bahari Tewfik,bari teufik,,"Cie. Immobilière d'8gypte, S.A.K",director,65
P00660,1947,Bahari Tewfik,Bahari Tewfik,bari teufik,,"Sté. ""Bolanachi Distillerien",director,65
P01160,1947,Bahgat el Derini,Bahgat el Derini,bahgat derini,,Fayoum Textile Cy,director,65
P01160,1947,Bahgat el Derini,Bahgat el Derini,bahgat derini,,Lotus Navigation Cy,director,65
P01160,1947,Bahgat el Derini,Bahgat el Derini,bahgat derini,,Oriental Bond Stores,general_manager,65
P00663,1947,Bailey A. W,Bailey A. W,bailei,,The Egyptian Delta Light Rail· ways Co,general_manager,65
P00663,1947,Bailey A. W,Bailey A. W,bailei,,"Société des Autobus de Béhéra ct de Gharbieh, S.A.E",president,65
P00663,1947,Bailey A. W,Bailey A. W,bailei,,The United Bus Co,president,65
P01161,1947,Bajada J. B,Bajada J. B,bagada,,The Albert Mussa Agency ·& Stevedoring Co,managing_director,65
P00664,1947,Dr. Bak Richard,Bak Richard,bak rishard,,Société des Tel' rains de la Ville d'Alexandrie,managing_director,65
P01162,1947,Bali D,Bali D,bali,,Commercial & Agency Co. of Egypt Ltd,managing_director,65
P01162,1947,Bali D,Bali D,bali,,The Alexandria Manufacturing Co. Ltd,managing_director,65
P00024,1947,Banoun Alfred,Banoun Alfred,banun alfred,,S.A. Immobilière du Domaine de Siouf,director,65
P01163,1947,Barcïlon Jack,Barcïlon Jack,barsilon gak,,"Société Agricole et Urbaine ""Fayoum»",director,65
P01164,1947,Barda Jacques J,Barda Jacques J,barda gakues,,The National Cotton Cy,managing_director,65
P01164,1947,Barda Jacques J,Barda Jacques J,barda gakues,,en nom de la Barda Cotton Cy,partner,65
P01164,1947,Barda Jacques J,Barda Jacques J,barda gakues,,en nom de <<The Barda Cotton Co,managing_director,65
P01164,1947,Barda Jacques J,Barda Jacques J,barda gakues,,en nom de <<The Barda Cotton Co,president,65
P01164,1947,Barda Jacques J,Barda Jacques J,barda gakues,,en nom de <<The Barda Cotton Co,partner,65
P01164,1947,Barda Jacques J,Barda Jacques J,barda gakues,,Edrei & Co. Ltd,director,65
P01164,1947,Barda Jacques J,Barda Jacques J,barda gakues,,Edrei & Co. Ltd,vice_president,65
P01165,1947,Barda Rémy J,Barda Rémy J,barda remi,,en nom de Barda Cotton Gy,partner,66
P00667,1947,Barker H. A,Barker H. A,barker,,Maison Barker & Co,partner,66
P00667,1947,Barker H. A,Barker H. A,barker,,Société lmmo·· bilière d'Alexandrie,vice_president,66
P00667,1947,Barker H. A,Barker H. A,barker,,The Alexandria Watel' Co,director,66
P00667,1947,Barker H. A,Barker H. A,barker,,Filature Nationale d'Egypte,director,66
P00667,1947,Barker H. A,Barker H. A,barker,,National Insurance Co,director,66
P00667,1947,Barker H. A,Barker H. A,barker,,Société Co·· tonnière d'Egypte,president,66
P01166,1947,Barnard Rowland L,Barnard Rowland L,barnard ruland,,The Egyptian Land ·~ Buildings Co,director,66
P00669,1947,Barron J.B,Barron J.B,baron,,The Levant Bonded Warehouses Co. (Palestine),president,66
P00669,1947,Barron J.B,Barron J.B,baron,,"The Albert Mussa Agency ,& Stevedoring Co., S.A.E",president,66
P00669,1947,Barron J.B,Barron J.B,baron,,"laSociété de Transports, Expéditions et Assurances <<Pharos», S.A.E",director,66
P00669,1947,Barron J.B,Barron J.B,baron,,l 'Egyptian Petroleum Storai)e Co,director,66
P00669,1947,Barron J.B,Barron J.B,baron,,General Warehouses of Egypt,director,66
P00669,1947,Barron J.B,Barron J.B,baron,,"Alexandria Timber Trade Co., S.A.E. (en formation)",director,66
P00670,1947,Barthe-Dejean Jules,Barthe-Dejean Jules,barth degean gules,,"Comptoir Auxiliaire d'Entreprises, S.A.E",director,66
P01167,1947,Bashi Saleh Eliahou,Bashi Saleh Eliahou,bashi saleh eliau,,Banque Zilkha,director,66
P01168,1947,Basri Elie,Basri Elie,basri eli,,Banque,director,66
P00671,1947,Batà Henri,Batà Henri,bata henri,,"«Chaussu- res Bata», S.A.E",president,66
P01169,1947,Bauerlé Gustave,Bauerlé Gustave,bauerl gustav,,National Metal Industries,director,66
P00673,1947,Bavin F. G,Bavin F. G,bavin,,Egyptian Road Construction,president,66
P00673,1947,Bavin F. G,Bavin F. G,bavin,,"Egyptian Engineering Stores, S.A.E",general_manager,66
P01170,1947,Bayram Mahmoud Bey,Bayram Mahmoud,bairam mahmud,bey,Société Immobilière de Boulac,director,66
P01170,1947,Bayram Mahmoud Bey,Bayram Mahmoud,bairam mahmud,bey,"Société Immobilière de Zamalek, S.A.E",director,66
P01171,1947,Baz Maroun,Baz Maroun,baz marun,,The Meditenanean Co. for General Tracte (Egypt) Ltd,manager,66
P00205,1947,Beattie Thomas,Beattie Thomas,beati thomas,,"The Hinshelwood Paint 1& Oil Co. of Egypt, S.A.E",vice_president,66
P00206,1947,Bégué Emile,Bégué Emile,begu emil,,Alexandria .& Ramleh Railways Co,managing_director,66
P00206,1947,Bégué Emile,Bégué Emile,begu emil,,"The Alexandria T""r·ansport and lndustrial Co",director,66
P01172,1947,Behrend,Behrend,behrend,,"Rosetta ,& Alexandria Rice Mills",president,67
P01172,1947,Behrend,Behrend,behrend,,"Behrend ,& Co. Ltd",president,67
P01172,1947,Behrend,Behrend,behrend,,British Oil & Cake Mills Ltd,director,67
P00675,1947,Belilos LQon Jacques,Belilos LQon Jacques,belilos lkon gakues,,Grands Hôtels d'Egypte,director,67
P00676,1947,Belilos Maurice Youssef,Belilos Maurice Youssef,belilos mauris iusef,,"Société Egyptienne d'Industries Chimiques, S.A.E., Marsa Matrouh Salt & Potash Cy",director,67
P00677,1947,Bella Alfred,Bella Alfred,bela alfred,,S.A.E. de l'Industrie Fibres Textiles,director,67
P00678,1947,Belleni Parissi,Belleni Parissi,beleni parisi,,"Alexandria Racihg Club, S.A.E",director,67
P00678,1947,Belleni Parissi,Belleni Parissi,beleni parisi,,S.A. des Presses Libres,vice_president,67
P01173,1947,Egyptiennes,Egyptiennes,egiptienes,,The Choremi Benachi Cotton Co,managing_director,67
P01173,1947,Egyptiennes,Egyptiennes,egiptienes,,"Société Cotonnière ""Maarad",managing_director,67
P01173,1947,Egyptiennes,Egyptiennes,egiptienes,,Société Egyptienne de la Bourse Commerciale de Minet El Bassal,managing_director,67
P01173,1947,Egyptiennes,Egyptiennes,egiptienes,,The Choremi Benachi Cotton Co,director,67
P00680,1947,Benderli Henri,Benderli Henri,benderli henri,,The Simon Arzt,manager,67
P00213,1947,Benderli Simon,Benderli Simon,benderli simon,,Tlw Simon Arzt Stores,president,67
P00213,1947,Benderli Simon,Benderli Simon,benderli simon,,Tlw Simon Arzt Stores,managing_director,67
P01174,1947,IBlenin Albert,IBlenin Albert,iblenin albert,,"Rye, Evans & Co. (Sudan) Ltd",director,67
P01174,1947,IBlenin Albert,IBlenin Albert,iblenin albert,,"Rye, Evans & Co. (Sudan) Ltd",president,67
P01174,1947,IBlenin Albert,IBlenin Albert,iblenin albert,,"Rye, Evans & Co. (Sudan) Ltd",managing_director,67
P01174,1947,IBlenin Albert,IBlenin Albert,iblenin albert,,Orient Linen Industry,vice_president,67
P01174,1947,IBlenin Albert,IBlenin Albert,iblenin albert,,Orient Linen Industry,managing_director,67
P01175,1947,IBlenoist Baron Louis de,IBlenoist Baron Louis de,iblenoist baron luis,,la_National Insurance Co. of Egypt,president,67
P01175,1947,IBlenoist Baron Louis de,IBlenoist Baron Louis de,iblenoist baron luis,,National lnsurance Co. of Egypt (Branche-Vie),president,67
P01175,1947,IBlenoist Baron Louis de,IBlenoist Baron Louis de,iblenoist baron luis,,"Immobilia d'Egypte, S.A.E",vice_president,67
P01175,1947,IBlenoist Baron Louis de,IBlenoist Baron Louis de,iblenoist baron luis,,Société <Générale des Sucreries,director,67
P01175,1947,IBlenoist Baron Louis de,IBlenoist Baron Louis de,iblenoist baron luis,,Raffinerie d'Egypte,director,67
P01175,1947,IBlenoist Baron Louis de,IBlenoist Baron Louis de,iblenoist baron luis,,S.A. des Eaux du Caire,director,67
P01175,1947,IBlenoist Baron Louis de,IBlenoist Baron Louis de,iblenoist baron luis,,"Nil Paris, S.A.E",director,67
P00215,1947,Besso Joseph M,Besso Joseph M,beso gosef,,Usines Textiles ((Al,managing_director,67
P00683,1947,Besso Sabino,Besso Sabino,beso sabino,,Société Egyptienne pour l'Industrie et le Commerce des,director,68
P00683,1947,Besso Sabino,Besso Sabino,beso sabino,,Société Egyptienne pour l'Industrie et le Commerce des,managing_director,68
P01176,1947,Cotonnades «La Cotonnière,Cotonnades «La Cotonnière,kotonades la kotonier,,Butterfly Knitting,partner,68
P01176,1947,Cotonnades «La Cotonnière,Cotonnades «La Cotonnière,kotonades la kotonier,,Butterfly Knitting,manager,68
P01177,1947,Factor ',Factor ',faktor,,Anglo Eastern Mer·cantile t,director,68
P01178,1947,Bethell Alexander Duke,Bethell Alexander Duke,bethel alexander duk,,rie la Maison COR 't BROS Co. Ltd. au Moyen-Orient,delegate,68
P01178,1947,Bethell Alexander Duke,Bethell Alexander Duke,bethel alexander duk,,"Upper Egypt Mining Co., S.A.K",managing_director,68
P01179,1947,Nil B.A. Oxford UniveTSity F.R.G.S,Nil B.A. Oxford UniveTSity F.R.G.S,nil oxford univetsiti,,Egyptian Hotels,vice_president,68
P01179,1947,Nil B.A. Oxford UniveTSity F.R.G.S,Nil B.A. Oxford UniveTSity F.R.G.S,nil oxford univetsiti,,National Metal Industries,director,68
P01179,1947,Nil B.A. Oxford UniveTSity F.R.G.S,Nil B.A. Oxford UniveTSity F.R.G.S,nil oxford univetsiti,,-J)élégué Sté. des Autobus de Basse Egypte,director,68
P01179,1947,Nil B.A. Oxford UniveTSity F.R.G.S,Nil B.A. Oxford UniveTSity F.R.G.S,nil oxford univetsiti,,Sté. Nestor Gianaclis,director,68
P00684,1947,Beyts G,Beyts G,beits,,"The Egyptian Aerated Water Company, Ltd",manager,68
P01180,1947,Bialobos Joseph,Bialobos Joseph,bialobos gosef,,l~tablissements Giacomo Cohenca Fils,director,68
P01181,1947,Bianchi Philip N,Bianchi Philip N,bianshi filip,,"'l'he Mercantile, Ship· ping & Coaling Co., Bianchi & Co. (Egypt) Ltd",managing_director,68
P01181,1947,Bianchi Philip N,Bianchi Philip N,bianshi filip,,"The Mercantile, Shipping & Coaling Co. Bianchi & Co. (Malta) Ltd",general_manager,68
P01181,1947,Bianchi Philip N,Bianchi Philip N,bianshi filip,,The Egyptian Star Navigation Co,managing_director,68
P00027,1947,Blattner Henry C. O,Blattner Henry C. O,blatner henri,,en Egypte de la Sinai Mining Co. Ltd,manager,68
P01182,1947,Bless Rodolphe,Bless Rodolphe,bles rodolf,,Sté. Misr pour les Fomrages,director,68
P00687,1947,Boissonas Alphonse,Boissonas Alphonse,boisonas alfons,,Âdministration de la Société Egyptienne de Teinture,council_member,68
P01183,1947,Bolanachi A,Bolanachi A,bolanashi,,desl~tahlissements Bolanachi. (Distillerie),director,68
P01184,1947,Bolanachi Emmanuel,Bolanachi Emmanuel,bolanashi emanuel,,Etablissements Bolanachi (Distillerie),director,69
P01185,1947,Bonett Georges P,Bonett Georges P,bonet georges,,Egyptian Engineering .& Marine Cy,director,69
P00218,1947,Bordier Pierre,Bordier Pierre,bordier pier,,Crédit Immobilier Suisse-Egyptien,president,69
P01186,1947,Borsali Georges,Borsali Georges,borsali georges,,"Manufacture Egyptienne de Bonneterie et Tricotage «El-Nil>,, S.A.E",director,69
P00691,1947,Bouchra Hanna Charles,Bouchra Hanna Charles,bushra hana sharles,,~stration de la Société Anonyme Egyptienne de Construction EOYCO,director,69
P00691,1947,Bouchra Hanna Charles,Bouchra Hanna Charles,bushra hana sharles,,"Béni Mazar, Urbaine et Rurale",director,69
P01187,1947,Boudet René,Boudet René,budet ren,,Marsa Matrouh Salt & Potash Cy,director,69
P00692,1947,Boulad Albert,Boulad Albert,bulad albert,,Sidi Salem Co,president,69
P00028,1947,Boulad Khalil,Boulad Khalil,bulad khalil,,Sté. Immobilière de l'Avenue de la Reine Nazli,president,69
P00028,1947,Boulad Khalil,Boulad Khalil,bulad khalil,,The Egyptian Delta Land and Investment Cy,director,69
P00694,1947,Boulos Fouad,Boulos Fouad,bulos fuad,,Société des Autobus de Charkieh,director,69
P00694,1947,Boulos Fouad,Boulos Fouad,bulos fuad,,Dakahlieh,director,69
P00694,1947,Boulos Fouad,Boulos Fouad,bulos fuad,,'l'he Uniterl Bus Co,director,69
P00695,1947,Bouvier André,Bouvier André,buvier andr,,·ati.on de la Société Egyptienne de Teinture,director,69
P00695,1947,Bouvier André,Bouvier André,buvier andr,,Apprêt,director,69
P00030,1947,Boyé Jean André,Boyé Jean André,boi gean andr,,Société Royale d'Econorme Politique,council_member,69
P00030,1947,Boyé Jean André,Boyé Jean André,boi gean andr,,Société Royale de Papyrologie d'Egypte,council_member,69
P00030,1947,Boyé Jean André,Boyé Jean André,boi gean andr,,"cl'ccAl-Charkn (L'ORIENT), S.A.E. d'Assurances sur la Vie",director,69
P01188,1947,Brakha Maurice,Brakha Maurice,brakha mauris,,"'' United Enterprises », S.A.E",managing_director,69
P01188,1947,Brakha Maurice,Brakha Maurice,brakha mauris,,The «<ntra» Tracte .& Industr,managing_director,69
P01188,1947,Brakha Maurice,Brakha Maurice,brakha mauris,,"The General Engineering .& Refrigeration Co. «Gerco"", S.A.E",managing_director,69
P00697,1947,Brandenburg Edgar,Brandenburg Edgar,brandenburg edgar,,«Commerciale» Cie. Nationale pour le Commerce,managing_director,69
P00697,1947,Brandenburg Edgar,Brandenburg Edgar,brandenburg edgar,,"Industrie, S.A.E",managing_director,69
P01189,1947,Broatch R. W,Broatch R. W,broatsh,,The Simon,director,69
P00698,1947,Brown T. E,Brown T. E,brun,,Egyptian Ae1·ated Water Co. Ltd,director,69
P00699,1947,Brunner Frédéric,Brunner Frédéric,bruner frederik,,"Banque Belge et Internationale en Egypte, S.A.E",director,70
P01190,1947,Burckhardt C. L,Burckhardt C. L,burkhardt,,Maison Reinhart .& Co,partner,70
P01190,1947,Burckhardt C. L,Burckhardt C. L,burkhardt,,Maison Reinhart .& Co,manager,70
P01190,1947,Burckhardt C. L,Burckhardt C. L,burkhardt,,"Société Egyptienne de la Bourse Commerciale de Minet El B<,tssal",vice_president,70
P01190,1947,Burckhardt C. L,Burckhardt C. L,burkhardt,,National Metal Industries,vice_president,70
P01190,1947,Burckhardt C. L,Burckhardt C. L,burkhardt,,Société Générale de Pressage,member,70
P01190,1947,Burckhardt C. L,Burckhardt C. L,burkhardt,,Société Générale de Pressage,director,70
P01190,1947,Burckhardt C. L,Burckhardt C. L,burkhardt,,Dépôts,director,70
P01190,1947,Burckhardt C. L,Burckhardt C. L,burkhardt,,"National Ginning Co. of Egypt, S.A",member,70
P01190,1947,Burckhardt C. L,Burckhardt C. L,burkhardt,,"National Ginning Co. of Egypt, S.A",director,70
P01190,1947,Burckhardt C. L,Burckhardt C. L,burkhardt,,The Electricity and lee Supply Co,member,70
P01190,1947,Burckhardt C. L,Burckhardt C. L,burkhardt,,The Electricity and lee Supply Co,director,70
P01190,1947,Burckhardt C. L,Burckhardt C. L,burkhardt,,"Cairo Sand Bricks Co., de la Fluviale S.A.E",member,70
P01190,1947,Burckhardt C. L,Burckhardt C. L,burkhardt,,"Cairo Sand Bricks Co., de la Fluviale S.A.E",director,70
P01190,1947,Burckhardt C. L,Burckhardt C. L,burkhardt,,Surveillance de Hamatèl Mining Co,council_member,70
P01191,1947,Bustros Antoine M,Bustros Antoine M,bustros antoin,,Chemical Industries Development,president,70
P00702,1947,Butterworth James,Butterworth James,buteruorth games,,"Beida Dyers, S.A.E",managing_director,70
P00702,1947,Butterworth James,Butterworth James,buteruorth games,,Société Misr de Filature,managing_director,70
P00702,1947,Butterworth James,Butterworth James,buteruorth games,,"Tissage Fin en Coton Egyptien (usines Kafr el Dawar)""",managing_director,70
P00231,1947,Buxton Robert V,Buxton Robert V,buxton robert,,Aaministration de la Kafr El Zayat Land Co,director,70
P00231,1947,Buxton Robert V,Buxton Robert V,buxton robert,,Aaministration de la Kafr El Zayat Land Co,council_member,70
P00231,1947,Buxton Robert V,Buxton Robert V,buxton robert,,The Kafr el Zayat Cotton Co. Ltd,manager,70
P00235,1947,Callens Auguste,Callens Auguste,kalens august,,"Banque Belge et Internationale en Egypte, S.A.E. ~aiomiris, Georges S., Médaille Balkanique 1912-1913",president,70
P01192,1947,Etudes: American College Smyrne & Hotel School,Etudes: American College Smyrne & Hotel School,etudes amerikan koleg smirn hotel shol,,"Fédération des Industries d'Egypte (Chambre Hôtelière), Fond'lteur National Petroleum Co., S.A.E",president,70
P01192,1947,Etudes: American College Smyrne & Hotel School,Etudes: American College Smyrne & Hotel School,etudes amerikan koleg smirn hotel shol,,"Fédération des Industries d'Egypte (Chambre Hôtelière), Fond'lteur National Petroleum Co., S.A.E",vice_president,70
P01192,1947,Etudes: American College Smyrne & Hotel School,Etudes: American College Smyrne & Hotel School,etudes amerikan koleg smirn hotel shol,,"Gabbary Petroleum Co., S.A.E",liquidator,70
P01192,1947,Etudes: American College Smyrne & Hotel School,Etudes: American College Smyrne & Hotel School,etudes amerikan koleg smirn hotel shol,,Industrie d'Egypte,committee_member,70
P01193,1947,Camiglieri Raoul,Camiglieri Raoul,kamiglieri raul,,"The Egyptian Petroleum C9., et The Albert Mussa Agency ,& Stevedoring Co., S.A.E",director,70
P01193,1947,Camiglieri Raoul,Camiglieri Raoul,kamiglieri raul,,Egyptian Bonded Warehouses Co. Ltd,general_manager,70
P01194,1947,IOlatmpbell The Hon. Cecil,IOlatmpbell The Hon. Cecil,iolatmpbel th hon sesil,,"Marconi Radio Telegraph Co. of Egypt, S.A.E",director,70
P01194,1947,IOlatmpbell The Hon. Cecil,IOlatmpbell The Hon. Cecil,iolatmpbel th hon sesil,,"Marconi Radio Telegraph Co. of Egypt, S.A.E",delegate,70
P01194,1947,IOlatmpbell The Hon. Cecil,IOlatmpbell The Hon. Cecil,iolatmpbel th hon sesil,,"Abou Zaabal ,& Kafr el Zayat Fertiliser· & Chemieal CY-.. (AKFAC)",director,70
P00705,1947,Campbell Major Macknight,Campbell Major Macknight,kampbel magor maknight,,The Sinai Mining Co. Ltd,director,71
P01195,1947,Campos Amerigo,Campos Amerigo,kampos amerigo,,S.A. Agricole et Industrielle d'Egypte,director,71
P00033,1947,Campos Benvenuto,Campos Benvenuto,kampos benvenuto,,"General Society for Banking, Trading and Land Enterprises, S.A.E",president,71
P00033,1947,Campos Benvenuto,Campos Benvenuto,kampos benvenuto,,Société Général'3 d'Electricité,managing_director,71
P00033,1947,Campos Benvenuto,Campos Benvenuto,kampos benvenuto,,Mécanique,managing_director,71
P00034,1947,Campos Giuseppe,Campos Giuseppe,kampos giusep,,Société Générale d'Electricité,president,71
P00034,1947,Campos Giuseppe,Campos Giuseppe,kampos giusep,,Mécanique,president,71
P00034,1947,Campos Giuseppe,Campos Giuseppe,kampos giusep,,"General Society for Banking, Trading & Land Enterprises, S.A.E",managing_director,71
P00238,1947,Campos Hans,Campos Hans,kampos hans,,"General Society for Banking, Trading & Land Enterprises, S.A.E",director,71
P01196,1947,Caraggia Anastase,Caraggia Anastase,karagia anastas,,Sté. Eg. pour la Déshydratation des Légumes,vice_president,71
P00240,1947,Carton de Wiart Edmond Baron,Carton de Wiart Edmond Baron,karton uiart edmond baron,,Banque Belge et Internationale en Egypte,director,71
P00036,1947,Carver F. E,Carver F. E,karver,,Société Générale de Pressage,director,71
P00036,1947,Carver F. E,Carver F. E,karver,,Dépôts,director,71
P00036,1947,Carver F. E,Carver F. E,karver,,Carver Bros r& Co. Ltd,director,71
P00036,1947,Carv·er H.B,Carv·er H.B,karver,,Société Générale de Pressage,president,71
P00036,1947,Carv·er H.B,Carv·er H.B,karver,,Dépôts,president,71
P00036,1947,Carv·er H.B,Carv·er H.B,karver,,Sté. Egyptienne de la Bourse Commerciale de Minet El Bassal,director,71
P01197,1947,Cassab Jacques,Cassab Jacques,kasab gakues,,Sidi Salem Co,director,71
P01198,1947,Cassar Paul,Cassar Paul,kasar paul,,The Amalgamated lee Factories &,director,71
P01199,1947,Cold Stores,Cold Stores,kold stores,,Commercial Bank of the Near East,director,71
P00243,1947,Castro Charles V,Castro Charles V,kastro sharles,,"The Engineering Co. of Egypt, Alexandria & Khartoum Trading Corporation",managing_director,71
P01200,1947,Castro Léon Me,Castro Léon Me,kastro leon m,,Commercial Bank of,vice_president,71
P01201,1947,Egypt,Egypt,egipt,,"Comptoir Commercial Economi que, de la Société des Biens de Rapport d'Egypte",director,71
P01201,1947,Egypt,Egypt,egipt,,The Egyptian Land & Buildings Co,director,71
P00707,1947,Casulli Alexandre M,Casulli Alexandre M,kasuli alexandr,,The Garbieh Ginning Co. (S.A.),director,71
P00245,1947,Casulli Michel S,Casulli Michel S,kasuli mishel,,Tite Garbieh Ginning Co,president,71
P00245,1947,Casulli Michel S,Casulli Michel S,kasuli mishel,,Société Générale de Pressage,director,71
P00245,1947,Casulli Michel S,Casulli Michel S,kasuli mishel,,Dépôts,director,71
P00037,1947,Cattaui Aslan Bey,Cattaui Aslan,kataui aslan,bey,Union Foncière d'Egypte,managing_director,72
P00037,1947,Cattaui Aslan Bey,Cattaui Aslan,kataui aslan,bey,diverses Sociétés,director,72
P00042,1947,Cattaui René Bey,Cattaui René,kataui ren,bey,Société Anonyme de Wadi Kom Ombo,managing_director,72
P00042,1947,Cattaui René Bey,Cattaui René,kataui ren,bey,Crédit Foncier Egyptien,director,72
P00042,1947,Cattaui René Bey,Cattaui René,kataui ren,bey,Jo. Société Générale des Sucreries,director,72
P00042,1947,Cattaui René Bey,Cattaui René,kataui ren,bey,Raffinerie d'Egypte,director,72
P00042,1947,Cattaui René Bey,Cattaui René,kataui ren,bey,Tractor ·& Engineering Co,director,72
P00710,1947,Ceysens Albert,Ceysens Albert,seisens albert,,Sucreries d'Egypte,general_manager,72
P00247,1947,S.E. Chaaraoui Hassan Pacha,Chaaraoui Hassan,sharaui hasan,pasha,"Société Egyptienne des Industries Chimiques, S.A.E",director,72
P01202,1947,Chahine Khalil,Chahine Khalil,shain khalil,,S.A.E. de Capitalisation l'Epargne,director,72
P00711,1947,Polaire de Suède,Polaire de Suède,polair sued,,S.A. des Wagons Lits Iran,director,72
P00711,1947,Polaire de Suède,Polaire de Suède,polair sued,,"Société Viticole et Vinicole d'Egypte, Représentant de la Cie. Internationale des Wagons-Lits en Egypte, en Palestine, Syrie, Irak et Iran",president,72
P00713,1947,Chalhoub Sélim A,Chalhoub Sélim A,shalhub selim,,Manufacture Egyptienne de Bonneterie et Tricotage «El Niln,director,72
P00714,1947,Chalom Me. Charles,Chalom Me. Charles,shalom m sharles,,Union Foncière d'Egypte,director,72
P00714,1947,Chalom Me. Charles,Chalom Me. Charles,shalom m sharles,,Helwan Land Cy,director,72
P01203,1947,Chalom Rodolphe Bey Me,Chalom Rodolphe Bey Me,shalom rodolf bei m,,"«Fermag,, de la S.A. Agricole et Industrielle d'Egypte",director,72
P01203,1947,Chalom Rodolphe Bey Me,Chalom Rodolphe Bey Me,shalom rodolf bei m,,Etablissements,director,72
P01204,1947,S.E. Charara Mohamed Pacha,Charara Mohamed,sharara moamed,pasha,Farghaly Cotton & Investment Cy,president,72
P01204,1947,S.E. Charara Mohamed Pacha,Charara Mohamed,sharara moamed,pasha,Misr Engineering Vl'orks & Transport Co,president,72
P01205,1947,S.E. Chawarby Hamed Pacha,Chawarby Hamed,shauarbi hamed,pasha,Sté. cclncorporated Industries»,president,73
P01205,1947,S.E. Chawarby Hamed Pacha,Chawarby Hamed,shauarbi hamed,pasha,Etablissements Giacomo Cohenca,president,73
P01205,1947,S.E. Chawarby Hamed Pacha,Chawarby Hamed,shauarbi hamed,pasha,Ste. Agricole et Fermière Fermag,vice_president,73
P01205,1947,S.E. Chawarby Hamed Pacha,Chawarby Hamed,shauarbi hamed,pasha,Sté. Agricole et Industrielle d'Egypte,director,73
P01206,1947,Chedel A,Chedel A,shedel,,National Ginning Cy,director,73
P01207,1947,Chedid Charles de Me,Chedid Charles de Me,shedid sharles m,,National Metal Industries,director,73
P01208,1947,Chédid Max,Chédid Max,shedid max,,Transport & Engineering Cy,director,73
P01209,1947,Chesman John S,Chesman John S,shesman gohn,,The Alexandria Ma- nufacturing Co,managing_director,73
P01210,1947,Chevalier Jean,Chevalier Jean,shevalier gean,,Nil Paris,director,73
P01211,1947,Chikhani ·William,Chikhani ·William,shikhani uiliam,,Jardins et Vignobles d'Egypte,director,73
P00044,1947,Choremi E.S,Choremi E.S,shoremi,,Mediterranean Co. for General Tracte (Egypt) S.A,president,73
P00250,1947,Choremi Georges J,Choremi Georges J,shoremi georges,,Tb.e Mediterranean Co. for General Tracte (Egypt) S.A,president,73
P00717,1947,Choremi Jean A,Choremi Jean A,shoremi gean,,"The Egyptian Independent Oil Co., S.A.E",director,73
P00718,1947,Chosal Baron J. Buffin de,Chosal Baron J. Buffin de,shosal baron bufin,,"The Cairo Electric Raihvays & Heliopolis Oases Co., S.A.E",director,73
P01051,1947,Ancien Ministre Ancien Sénateur,Ancien Ministre Ancien Sénateur,ansien ministr ansien senateur,,Société Egyptienne de Filature et Tissage de Laine S.A.E,president,73
P01051,1947,Ancien Ministre Ancien Sénateur,Ancien Ministre Ancien Sénateur,ansien ministr ansien senateur,,Eastern Electric Cy,president,73
P01051,1947,Ancien Ministre Ancien Sénateur,Ancien Ministre Ancien Sénateur,ansien ministr ansien senateur,,Société Misr pour le Tissage de la Soie S.A.E,managing_director,73
P01051,1947,Ancien Ministre Ancien Sénateur,Ancien Ministre Ancien Sénateur,ansien ministr ansien senateur,,Société Misr pour la Rayonne S.A.E,managing_director,73
P01051,1947,Ancien Ministre Ancien Sénateur,Ancien Ministre Ancien Sénateur,ansien ministr ansien senateur,,Banque Misr S.A.E,director,73
P01051,1947,Ancien Ministre Ancien Sénateur,Ancien Ministre Ancien Sénateur,ansien ministr ansien senateur,,Crédit Foncier Egyptien S.A.E,director,73
P01051,1947,Ancien Ministre Ancien Sénateur,Ancien Ministre Ancien Sénateur,ansien ministr ansien senateur,,Société d'Assurances «Al Chark» S.A.E,director,73
P01051,1947,Ancien Ministre Ancien Sénateur,Ancien Ministre Ancien Sénateur,ansien ministr ansien senateur,,Société Misr pour la Filature et le Tissage S.A. E,director,73
P01051,1947,Ancien Ministre Ancien Sénateur,Ancien Ministre Ancien Sénateur,ansien ministr ansien senateur,,Société,director,73
P01212,1947,Choukri Moustafa,Choukri Moustafa,shukri mustafa,,Sté. Viticole .& Vinicole d'Egypte,director,74
P00721,1947,Cicurel Clément,Cicurel Clément,sikurel klement,,"Grands Magasins Cicurel, S.A.E",managing_director,74
P00721,1947,Cicurel Clément,Cicurel Clément,sikurel klement,,"uLe Scribe Egyptien)), S.A.E",director,74
P00047,1947,Cicurel David,Cicurel David,sikurel david,,"Alexandria Pressing Co., S.A.E",director,74
P00047,1947,Cicurel David,Cicurel David,sikurel david,,The Alexandria Insurance Gy,director,74
P00047,1947,Cicurel David,Cicurel David,sikurel david,,Orient Li.nen Industry,director,74
P01213,1947,Cicurel Guy,Cicurel Guy,sikurel gui,,"uLe Scribe Egyptien)), S.A.E",director,74
P00722,1947,Cicurel Léon,Cicurel Léon,sikurel leon,,Maison d'Exportation de Coton Cicurel& Co,partner,74
P00722,1947,Cicurel Léon,Cicurel Léon,sikurel leon,,"The Alexandria Pressing Co., S.A.E",director,74
P01214,1947,Cicurel René,Cicurel René,sikurel ren,,"de. uLe Scribe Egyptien)), S.A.E",director,74
P01214,1947,Cicurel René,Cicurel René,sikurel ren,,Grands Magasins Cicurel,director,74
P01215,1947,Grands Magasins Cicurel,Grands Magasins Cicurel,grands magasins sikurel,,Société Egyptienne de Placements,director,74
P00255,1947,Clark Henry,Clark Henry,klark henri,,Presses Libres Egyptiennes,managing_director,74
P00724,1947,Cockinos Anastase,Cockinos Anastase,kokinos anastas,,"Société des Entreprises M. Cockinos, S.A.E",director,74
P00725,1947,Cockinos Miltiade,Cockinos Miltiade,kokinos miltiad,,"Société d'Entreprises M. Cockinos, S.A.E",president,74
P00257,1947,Coen Edouard,Coen Edouard,koen eduard,,Industrie Meunière d'Alexandrie,managing_director,74
P00258,1947,Coen James,Coen James,koen games,,Industrie Meunière d'A· lexandrie,managing_director,74
P01216,1947,Coen Maurizio Comm,Coen Maurizio Comm,koen maurizio kom,,Industrie Meunière d'Alexandrie,president,74
P00260,1947,Cogels Baron Jean,Cogels Baron Jean,kogels baron gean,,Caisse Hypothécaire d'Egypte,director,74
P00049,1947,Cohen Alfred N,Cohen Alfred N,koen alfred,,Société d'Avances Commerciales,president,74
P00049,1947,Cohen Alfred N,Cohen Alfred N,koen alfred,,Société d'Avances Commerciales,managing_director,74
P00261,1947,Cohen Aron,Cohen Aron,koen aron,,"Maison d'Ameublement B. Pontremoli, S.A.E",director,75
P01217,1947,Cohet'i Daniel,Cohet'i Daniel,koet daniel,,Egyptian Cotton .& Trading Cy,director,75
P01218,1947,Cohen Fernand,Cohen Fernand,koen fernand,,Egyptian Cotton .& Trading Cy,director,75
P01219,1947,Cohen Isaac,Cohen Isaac,koen isak,,Sté. Eg. de Minoterie et Silos,managing_director,75
P01220,1947,Cohen Maurice,Cohen Maurice,koen mauris,,Grands Magasins Chemla,managing_director,75
P00727,1947,Cohen Sir Robert Waley,Cohen Sir Robert Waley,koen sir robert ualei,,Anglo-Egyptian Oilfields,president,75
P01221,1947,Cohenca Jacques,Cohenca Jacques,koenka gakues,,Etablissements Giacomo Cohenca Fils,director,75
P00435,1947,Cole T. R,Cole T. R,kol,,The Aboukir Cy,director,75
P01222,1947,Contomichalos Gérassimo,Contomichalos Gérassimo,kontomishalos gerasimo,,S.A.E. SaheL,director,75
P00729,1947,Constant Halford,Constant Halford,konstant halford,,Near,director,75
P00732,1947,Cornish J. E,Cornish J. E,kornish,,The Alexandria vVater Co. Ltd,director,75
P01223,1947,Couannier Pierre,Couannier Pierre,kuanier pier,,"Union Vie de_ Paris, AdministTateur Naitonal Insurance Cy. of Egypt",manager,75
P00272,1947,Cossery Edouard Bey,Cossery Edouard,koseri eduard,bey,"Société Egyptienne pom l'Exploitation des Mines et Carrières, S.A.E",director,75
P00734,1947,Cozzika Th. P,Cozzika Th. P,kozika th,,National Insurance Co. of Egypt,director,75
P00734,1947,Cozzika Th. P,Cozzika Th. P,kozika th,,"The Alexandria Racing Club, S.A.E",director,75
P00734,1947,Cozzika Th. P,Cozzika Th. P,kozika th,,Sté. Nationale des Matières Plastiques,director,75
P00734,1947,Cozzika Th. P,Cozzika Th. P,kozika th,,"Société Nationale du Papier, S.A.E",managing_director,75
P00734,1947,Cozzika Th. P,Cozzika Th. P,kozika th,,-Egyptian Co. for International Trade «ECITn,director,75
P00734,1947,Cozzika Théodore Th,Cozzika Théodore Th,kozika theodor th,,The Alexandria Racing,director,75
P00736,1947,Crawford John A,Crawford John A,krauford gohn,,National Bank of Egypt,director,75
P01224,1947,Crombé Georges,Crombé Georges,kromb georges,,The Cairo Electric Railways.& Heliopolis Oases Co,director,75
P01224,1947,Crombé Georges,Crombé Georges,kromb georges,,"S.A., des Chemins de Fer de la Bass~-Egypte",director,75
P00277,1947,Curiel Maurice E,Curiel Maurice E,kuriel mauris,,Tractor .& Engineering Cy,managing_director,75
P01225,1947,Curwen,Curwen,kuruen,,et Secrétaire de la . Sté. Edrei .& Co. Lt.d,director,75
P00737,1947,Dabbah Maurice,Dabbah Maurice,dabah mauris,,The Anglo-American Nile Co,member,76
P00737,1947,Dabbah Maurice,Dabbah Maurice,dabah mauris,,Koubbeh Gardens,liquidator,76
P01226,1947,Oavezac Guy,Oavezac Guy,oavezak gui,,'iu Crédit Lyonnais,manager,76
P01227,1947,Mines,Mines,mines,,"Société Immobilière d'Alexandrie, S.A.F",president,76
P00739,1947,Davies Thomas E. H,Davies Thomas E. H,davies thomas,,Société Générale de Pressag~,director,76
P00739,1947,Davies Thomas E. H,Davies Thomas E. H,davies thomas,,Société Générale de Pressag~,manager,76
P00739,1947,Davies Thomas E. H,Davies Thomas E. H,davies thomas,,Société Générale de Pressag~,president,76
P00739,1947,Davies Thomas E. H,Davies Thomas E. H,davies thomas,,Dépôts,director,76
P00739,1947,Davies Thomas E. H,Davies Thomas E. H,davies thomas,,Dépôts,manager,76
P00739,1947,Davies Thomas E. H,Davies Thomas E. H,davies thomas,,Dépôts,president,76
P01228,1947,Delacav·e Paul,Delacav·e Paul,delakav paul,,Egyptian Hotels et Société Egyptienne d'Electricité,member,76
P00741,1947,Delany Arthur S,Delany Arthur S,delani arthur,,The Marconi Radio'f elegraph Co. of Egypt,president,76
P00741,1947,Delany Arthur S,Delany Arthur S,delani arthur,,The Egyptian State Broadcasting,general_manager,76
P00742,1947,Defany Gerald,Defany Gerald,defani gerald,,Misr Aü·,director,76
P01229,1947,Misr Shipping,Misr Shipping,misr shiping,,Société de Crédit Alexandrin,director,76
P01229,1947,Misr Shipping,Misr Shipping,misr shiping,,The Electricity & lee Supply Co,director,76
P00743,1947,Delia Vincent,Delia Vincent,delia vinsent,,Egyptian Road Construction Co. S.A.E,director,76
P00743,1947,Delia Vincent,Delia Vincent,delia vinsent,,Egyptian Road Construction Co. S.A.E,general_manager,76
P00743,1947,Delia Vincent,Delia Vincent,delia vinsent,,"~le­ xandria Commercial Co. S.A.E., de la S.A. d'Egrenage & d'Entrepôts",director,76
P00743,1947,Delia Vincent,Delia Vincent,delia vinsent,,"~le­ xandria Commercial Co. S.A.E., de la S.A. d'Egrenage & d'Entrepôts",president,76
P00743,1947,Delia Vincent,Delia Vincent,delia vinsent,,"~le­ xandria Commercial Co. S.A.E., de la S.A. d'Egrenage & d'Entrepôts",managing_director,76
P00743,1947,Delia Vincent,Delia Vincent,delia vinsent,,S.A. Immobilière des Terrains Guizeh· Rodah,director,76
P00743,1947,Delia Vincent,Delia Vincent,delia vinsent,,S.A. Immobilière des Terrains Guizeh· Rodah,president,76
P00743,1947,Delia Vincent,Delia Vincent,delia vinsent,,S.A. Immobilière des Terrains Guizeh· Rodah,managing_director,76
P00743,1947,Delia Vincent,Delia Vincent,delia vinsent,,Alexandria. Insurance Co. S.A.E,president,76
P00743,1947,Delia Vincent,Delia Vincent,delia vinsent,,Alexandria. Insurance Co. S.A.E,vice_president,76
P00743,1947,Delia Vincent,Delia Vincent,delia vinsent,,Société Orientale de Publicité,director,76
P00743,1947,Delia Vincent,Delia Vincent,delia vinsent,,"S.A. des Presses Libres Egyptiennes, de l'Alexandria Life Insurance Co. S.A.E",director,76
P00743,1947,Delia Vincent,Delia Vincent,delia vinsent,,Soc. Egypt. de la Bourse Commerciale de M.E.B,director,76
P00743,1947,Delia Vincent,Delia Vincent,delia vinsent,,S.A. du Béhéra,director,76
P00743,1947,Delia Vincent,Delia Vincent,delia vinsent,,Land Bank of Egypt,managing_director,76
P00286,1947,Destrée René,Destrée René,destr ren,,Egyptian Hotels,president,76
P00286,1947,Destrée René,Destrée René,destr ren,,The Cairo Electr,president,76
P00286,1947,Destrée René,Destrée René,destr ren,,Sté,vice_president,76
P01230,1947,Diab Georges,Diab Georges,diab georges,,Daira Assaad Bassili Pacha,managing_director,77
P01231,1947,Diab Emile,Diab Emile,diab emil,,Building & Engineering Supplies Co,managing_director,77
P01231,1947,Diab Emile,Diab Emile,diab emil,,Trading Corporation of Egypt,director,77
P01231,1947,Diab Emile,Diab Emile,diab emil,,Alexandria & Khartoum Trading Corp,director,77
P01232,1947,Dicny Moise Bey,Dicny Moise,dikni mois,bey,Egyptian Finance Cy,director,77
P00750,1947,Dvac:ono Hector V,Dvac:ono Hector V,dvakono hektor,,The United Storage Navigation & Com· mercial Cy,managing_director,77
P00750,1947,Dvac:ono Hector V,Dvac:ono Hector V,dvakono hektor,,The United Storage Navigation & Com· mercial Cy,general_manager,77
P00750,1947,Dvac:ono Hector V,Dvac:ono Hector V,dvakono hektor,,The United Storage Navigation & Com· mercial Cy,director,77
P00752,1947,Dimopoulo C,Dimopoulo C,dimopulo,,The Consolidated Landed Interests (Egypt),managing_director,77
P00752,1947,Dimopoulo C,Dimopoulo C,dimopulo,,United Storage Navigation ·& Commercial Cy,director,77
P00752,1947,Dïmopoulo D,Dïmopoulo D,dimopulo,,The Consolidated Landed Interests (Egypt),president,77
P00752,1947,Dïmopoulo D,Dïmopoulo D,dimopulo,,The Consolidated Landed Interests (Egypt),managing_director,77
P00752,1947,Dïmopoulo D,Dïmopoulo D,dimopulo,,The Consolidated Landed Interests (Egypt),director,77
P00752,1947,Dïmopoulo D,Dïmopoulo D,dimopulo,,"Unitas Trading & Financial Co., S.A.E",president,77
P00752,1947,Dïmopoulo D,Dïmopoulo D,dimopulo,,"Unitas Trading & Financial Co., S.A.E",managing_director,77
P00752,1947,Dïmopoulo D,Dïmopoulo D,dimopulo,,"Unitas Trading & Financial Co., S.A.E",director,77
P01233,1947,Djeddah Eli~ N,Djeddah Eli~ N,dgedah eli,,Egyptian Salt & Soda Cy. Ltd,director,77
P01233,1947,Djeddah Eli~ N,Djeddah Eli~ N,dgedah eli,,Sté. Eg. des Emballages Economiques,director,77
P01234,1947,IDoligez Marcel Auguste Joseph,IDoligez Marcel Auguste Joseph,idoligez marsel august gosef,,Société Egyptienne de Teinture,director,77
P01234,1947,IDoligez Marcel Auguste Joseph,IDoligez Marcel Auguste Joseph,idoligez marsel august gosef,,Apprêt,director,77
P01235,1947,Dorra Albert,Dorra Albert,dora albert,,General Chemical Industries<<CICn,director,77
P00754,1947,Dorra Haim,Dorra Haim,dora haim,,Société Egyptienne pour l'Industrie de Bonneterie,director,77
P00754,1947,Dorra Haim,Dorra Haim,dora haim,,"Société Misr pour l'Industrie Pharmaceutique, S.A.E",director,77
P00755,1947,Dorra Jacques,Dorra Jacques,dora gakues,,Société Egyptienne de l'Industrie de Bonneterie,managing_director,77
P00756,1947,Dorra Zaki,Dorra Zaki,dora zaki,,Société Egyptienne de l'Industrie de Bonneterie,director,77
P00757,1947,Doss Emile Tewfik,Doss Emile Tewfik,dos emil teufik,,"Sté. The Clothing ,& Equipment Cy. of Egypt",director,77
P00757,1947,S.E. Doss Tewfik Pacha,Doss Tewfik,dos teufik,pasha,Transport & Engineering Cy,president,78
P00757,1947,S.E. Doss Tewfik Pacha,Doss Tewfik,dos teufik,pasha,Upper Egyut Hotels,president,78
P00757,1947,S.E. Doss Tewfik Pacha,Doss Tewfik,dos teufik,pasha,Cheikh Fadl,president,78
P00757,1947,S.E. Doss Tewfik Pacha,Doss Tewfik,dos teufik,pasha,Auberges d'Egypte,vice_president,78
P00757,1947,S.E. Doss Tewfik Pacha,Doss Tewfik,dos teufik,pasha,Société Misr d'Assurances Générales,director,78
P00757,1947,S.E. Doss Tewfik Pacha,Doss Tewfik,dos teufik,pasha,Société Misr de Navigation Maritime,director,78
P00757,1947,S.E. Doss Tewfik Pacha,Doss Tewfik,dos teufik,pasha,Banque Misr (Syrie-Liban),director,78
P00757,1947,S.E. Doss Tewfik Pacha,Doss Tewfik,dos teufik,pasha,Union Foncièra d'Egypte,vice_president,78
P00757,1947,S.E. Doss Tewfik Pacha,Doss Tewfik,dos teufik,pasha,Société Misr de Filature,vice_president,78
P00757,1947,S.E. Doss Tewfik Pacha,Doss Tewfik,dos teufik,pasha,Tissage Fin en Coton Egyptien (Usines à Kafr El Dawar),vice_president,78
P00757,1947,S.E. Doss Tewfik Pacha,Doss Tewfik,dos teufik,pasha,Société Misr pour l'Industrie et le Commerce des Huiles,vice_president,78
P00757,1947,S.E. Doss Tewfik Pacha,Doss Tewfik,dos teufik,pasha,Société Misr des Mines et Carrières,vice_president,78
P00758,1947,Doss Mtre. Wahib Bey,Doss Mtre. Wahib,dos mtr uaib,bey,Sté. des Biens de Rapport d'Egypte,president,78
P00758,1947,Doss Mtre. Wahib Bey,Doss Mtre. Wahib,dos mtr uaib,bey,Commercial Bank of Egypt,vice_president,78
P00758,1947,Doss Mtre. Wahib Bey,Doss Mtre. Wahib,dos mtr uaib,bey,Commercial Insurance Cy. of Egypt,vice_president,78
P00758,1947,Doss Mtre. Wahib Bey,Doss Mtre. Wahib,dos mtr uaib,bey,Société Mi sr pour le Li.n,director,78
P01236,1947,Dreyfus René Gaston,Dreyfus René Gaston,dreifus ren gaston,,Sté. Franco-Egyptienne d'Importation,director,78
P00292,1947,Dubied Pierre,Dubied Pierre,dubied pier,,Société Egyptienne de Cimeut,director,78
P01237,1947,Dudler Joseph,Dudler Joseph,dudler gosef,,Upper Egypt Mining Cy,director,78
P00759,1947,Dukes Eric,Dukes Eric,dukes erik,,S.A. Immobilièrl? des Terrains Ghizeh & Rodah,vice_president,78
P00759,1947,Dukes Eric,Dukes Eric,dukes erik,,Société Orientale de Publicité,director,78
P00759,1947,Dukes Eric,Dukes Eric,dukes erik,,Société Egyptienne d'Egrenage,director,78
P00759,1947,Dukes Eric,Dukes Eric,dukes erik,,Entrepôts,director,78
P00759,1947,Dukes Eric,Dukes Eric,dukes erik,,Société des Produits Centrifugés en Ciment. ·,director,78
P01238,1947,Dutard Jacques,Dutard Jacques,dutard gakues,,United Egyptian Nile Transport Cy,director,78
P01239,1947,Edrei Elie,Edrei Elie,edrei eli,,«Edrei & Co. Ltd.n,president,78
P01240,1947,Artistes Français Paris,Artistes Français Paris,artistes frankais paris,,The Egyptian Land .& BuildiJ,director,78
P01240,1947,Artistes Français Paris,Artistes Français Paris,artistes frankais paris,,The National Theat res Cy,director,78
P01240,1947,Artistes Français Paris,Artistes Français Paris,artistes frankais paris,,Sté. des Plâtrières de Ballah,director,78
P01240,1947,Artistes Français Paris,Artistes Français Paris,artistes frankais paris,,Surveillance de la Société des Plâtres d'Albâtre Roland Boniteau & Co,council_member,78
P01240,1947,Artistes Français Paris,Artistes Français Paris,artistes frankais paris,,Surveillance de la Manufacture Nationale de Couvertures A. Saltiel & Co,council_member,78
P01241,1947,Eid Saleh,Eid Saleh,eid saleh,,Société Misr pour les Fourrages,vice_president,79
P00765,1947,El Chaféi Abdel Salam,El Chaféi Abdel Salam,shafei abdel salam,,S.A.E. «Almina''·,director,79
P00766,1947,El Chami Mohamed Hassan Bey,El Chami Mohamed Hassan,shami moamed hasan,bey,"Egyptian Rie€ .& Flour Mills Co., S.A.E",president,79
P00766,1947,El Chami Mohamed Hassan Bey,El Chami Mohamed Hassan,shami moamed hasan,bey,"Egyptian Road Construction Co., S.A.E",president,79
P01242,1947,S.E. El Chichini Hassan 1Kamel . Pacha,El Chichini Hassan 1Kamel .,shishini hasan kamel,pasha,"Société pour la Vente des Produits Egyptiens, S.A.E",president,79
P01242,1947,S.E. El Chichini Hassan 1Kamel . Pacha,El Chichini Hassan 1Kamel .,shishini hasan kamel,pasha,"Société pour la Vente des Produits Egyptiens, S.A.E",managing_director,79
P01242,1947,S.E. El Chichini Hassan 1Kamel . Pacha,El Chichini Hassan 1Kamel .,shishini hasan kamel,pasha,"Société pour la Vente des Produits Egyptiens, S.A.E",director,79
P01242,1947,S.E. El Chichini Hassan 1Kamel . Pacha,El Chichini Hassan 1Kamel .,shishini hasan kamel,pasha,National Plastics Co,managing_director,79
P01242,1947,S.E. El Chichini Hassan 1Kamel . Pacha,El Chichini Hassan 1Kamel .,shishini hasan kamel,pasha,National Plastics Co,director,79
P01243,1947,Eliakim Albert,Eliakim Albert,eliakim albert,,Nile Brewery,director,79
P01244,1947,S.E. El Masri Habib Pacha,El Masri Habib,masri habib,pasha,The Union Cotton Cy. of Alexandria,director,79
P01244,1947,S.E. El Masri Habib Pacha,El Masri Habib,masri habib,pasha,Banque Zilkha,director,79
P00770,1947,EI-Menzalaoui Moustafa Me,EI-Menzalaoui Moustafa Me,ei menzalaui mustafa m,,Sté. Egyptienne pour la Fabrication,director,79
P00770,1947,EI-Menzalaoui Moustafa Me,EI-Menzalaoui Moustafa Me,ei menzalaui mustafa m,,Exportation. des Conserves,director,79
P00770,1947,EI-Menzalaoui Moustafa Me,EI-Menzalaoui Moustafa Me,ei menzalaui mustafa m,,"Sté. Agricole et Urbaine«Le Fayoum""",director,79
P01245,1947,Eloui Aziz,Eloui Aziz,elui aziz,,"Société de Ciment Portland de Helouan, S.A.E",director,79
P01201,1947,Carrier-Egypt,Carrier-Egypt,karier egipt,,Standard Oil Oil Co. of Egypt,director,79
P01201,1947,Carrier-Egypt,Carrier-Egypt,karier egipt,,"Misr Concrete Development Co., S.A.E",director,79
P00772,1947,Eloui Kamal Bey,Eloui Kamal,elui kamal,bey,"Misr Airwork, S.A.E",president,79
P00772,1947,Eloui Kamal Bey,Eloui Kamal,elui kamal,bey,"Misr Airwork, S.A.E",director,79
P00772,1947,Eloui Kamal Bey,Eloui Kamal,elui kamal,bey,"Misr Shipping, S.A.E",president,79
P00772,1947,Eloui Kamal Bey,Eloui Kamal,elui kamal,bey,"Misr Shipping, S.A.E",director,79
P00304,1947,El Toukhy Hassan Ahmed,El Toukhy Hassan Ahmed,tukhi hasan ahmed,,"Toukhy's Co. for Sundries.& Toys, S.A.E",president,79
P00304,1947,El Toukhy Hassan Ahmed,El Toukhy Hassan Ahmed,tukhi hasan ahmed,,"Toukhy's Co. for Sundries.& Toys, S.A.E",managing_director,79
P01246,1947,Dr. Eman André,Eman André,eman andr,,Société Générale de Placement Financier et Industriel,director,79
P00776,1947,Empain Baron Edouard,Empain Baron Edouard,empain baron eduard,,"The Cairo Electric Railways ,& Heliopolis Oases Co. et The African Enterprise .& Development Cy",vice_president,79
P00776,1947,Empain Baron Edouard,Empain Baron Edouard,empain baron eduard,,S.A. de la Société Egyptienne d'Electricité,director,79
P00776,1947,Empain Baron Edouard,Empain Baron Edouard,empain baron eduard,,nombreuses Sociétés Belges et Etrangères,director,79
P00309,1947,Empain Baron Louis,Empain Baron Louis,empain baron luis,,denombreuses Sociétés belges et étrangères,director,80
P01247,1947,S.E. Enan Hussein Pacha Ancien Ministre,Enan Hussein Pacha Ancien Ministre,enan husein pasha ansien ministr,,Egyptian Hotels,director,80
P01248,1947,National Plastics,National Plastics,national plastiks,,"«Al-Charkn, Sté. d'Entrt' prises Générales",vice_president,80
P00311,1947,S.E. Enan Saleh Pacha,Enan Saleh,enan saleh,pasha,"·ation de la Société de Ciment Portland de Helouan, S.A.E. et dP la Société «Egyptian Cement Productsn",director,80
P00778,1947,Epaulard P,Epaulard P,epaulard,,Agence du Crédit Lyonnais au Caire,manager,80
P00313,1947,Erfan Mohamed Bey,Erfan Mohamed,erfan moamed,bey,The Egyptian Enterprise .& Development Co,director,80
P00779,1947,Estabrook Edward Lewis,Estabrook Edward Lewis,estabrok eduard leuis,,"The Standard Oil Co. of Egypt, S.A",director,80
P01249,1947,Eugenides Eugène,Eugenides Eugène,eugenides eugen,,General Navigation Cy. of· Egypt,vice_president,80
P00783,1947,Ezri Raymond,Ezri Raymond,ezri raimond,,Dakahlieh 'Land Co,director,80
P00784,1947,S.E. Fahmi Gallini Pacha,Fahmi Gallini,fahmi galini,pasha,Crédit Agricole,director,80
P00784,1947,S.E. Fahmi Gallini Pacha,Fahmi Gallini,fahmi galini,pasha,Crédit Hypothécaire Egyptien,director,80
P00784,1947,S.E. Fahmi Gallini Pacha,Fahmi Gallini,fahmi galini,pasha,Société Copte de Bienfaisance,member,80
P00056,1947,S.E. Fakhry Mahmoud Pacha,Fakhry Mahmoud,fakhri mahmud,pasha,The Cairo Electric Railways & Heliopolis Oases Co,director,80
P00056,1947,S.E. Fakhry Mahmoud Pacha,Fakhry Mahmoud,fakhri mahmud,pasha,S.A. des Eaux du Caire,director,80
P00785,1947,Fanner William Rogers,Fanner William Rogers,faner uiliam rogers,,Platrières de Ballah,president,81
P00785,1947,Fanner William Rogers,Fanner William Rogers,faner uiliam rogers,,"Imperial Chemical Industries (Egypt), S.A",director,81
P00785,1947,Fanner William Rogers,Fanner William Rogers,faner uiliam rogers,,"The Standard Oil Company of Egypt, S.A",director,81
P01250,1947,Fa·rès Yusef,Fa·rès Yusef,fares iusef,,Consuivantes,president,81
P01251,1947,Orientale du Cinéma,Orientale du Cinéma,oriental du sinema,,"Associated Cottori Ginners of Egypt, Ltd. S.A.E., Chemical, Industrial ,& Trading Gy. S.A.E., General Building & Engineering Supplies Gy. S.A.E., 'Alexandria .& Khartoum Trading Corp. S.A.E., Société Industrielle du Vieux-Caire· ( S.A.E. en formation)",member,81
P01252,1947,Farghaly Abdel Aziz Ahmèd,Farghaly Abdel Aziz Ahmèd,farghali abdel aziz ahmed,,Sté. An. ries Presses Libres Egyptiennes,director,81
P00787,1947,S.E. Farghaly Mohamted Ahmed Pacha,Farghaly Mohamted Ahmed,farghali moamted ahmed,pasha,Sociétés suivantes,president,81
P00787,1947,S.E. Farghaly Mohamted Ahmed Pacha,Farghaly Mohamted Ahmed,farghali moamted ahmed,pasha,Pool des Egreneurs,president,81
P00787,1947,S.E. Farghaly Mohamted Ahmed Pacha,Farghaly Mohamted Ahmed,farghali moamted ahmed,pasha,Sociétéssuivantes,director,81
P01253,1947,Feldman 1. R. Bey,Feldman 1. R.,feldman,bey,"Compagnie Commerciale Cotonnière, S.A.E. (Ex-Fenderl & Co.}",member,82
P01253,1947,Feldman 1. R. Bey,Feldman 1. R.,feldman,bey,"Compagnie Commerciale Cotonnière, S.A.E. (Ex-Fenderl & Co.}",director,82
P00329,1947,Feyerick Jacques,Feyerick Jacques,feierik gakues,,Caisse Hypothécaire d'Egypte,director,82
P00791,1947,Fils P.A,Fils P.A,fils,,"Comptoir Au· xiliaire d'Entreprises, S.A.E",director,82
P00058,1947,Finney Harold E,Finney Harold E,finei harold,,S.A. des Presses Libres Egyptiennes,director,82
P00058,1947,Finney Harold E,Finney Harold E,finei harold,,S.A. des Terrains de Guizeh-Rodah,director,82
P00058,1947,Finney Harold E,Finney Harold E,finei harold,,Alexandria Commercial Co,director,82
P00792,1947,Fischer Max,Fischer Max,fisher max,,"Comptoir Auxiliaire d'Entreprises, S.A.E",director,82
P01254,1947,Flower Edmond 1W,Flower Edmond 1W,fluer edmond u,,Société Générale de Placement Financier et Industriel,director,82
P00793,1947,Franck Alfred,Franck Alfred,frank alfred,,"The Ca11'll Electric Railways & Hellopolis Oases Co., S.A",director,82
P01255,1947,Frank Victor,Frank Victor,frank viktor,,The Land-House Corp,director,82
P01255,1947,Frank Victor,Frank Victor,frank viktor,,The Land-House Corp,manager,82
P01255,1947,Frank Victor,Frank Victor,frank viktor,,"Egyptian Works ,& Construction Cy., S.A.E",director,82
P01256,1947,Frey J.H,Frey J.H,frei,,SoJciété Egyptienne de Ciment Portland Tourah,director,82
P00063,1947,Fumaroli J,Fumaroli J,fumaroli,,Gérance,president,82
P01257,1947,Immobilière,Immobilière,imobilier,,United Enterprises-,director,82
P00524,1947,Galal Bey Hussein,Galal Bey Hussein,galal bei husein,,The Union Cotton Cy. of Alexandria,director,82
P01258,1947,Galal Moustapha Bey,Galal Moustapha,galal mustafa,bey,Etablissements Bamco,director,83
P01259,1947,Galanté Raymond,Galanté Raymond,galant raimond,,Helwan· Land Cy,director,83
P01260,1947,Galanté Robert,Galanté Robert,galant robert,,Helwan Land Cy,director,83
P01261,1947,Gantès Edouard,Gantès Edouard,gantes eduard,,Société Eg. de Constructions Modernes «Al Chamsn,director,83
P00798,1947,Garboua Maurice,Garboua Maurice,garbua mauris,,Technique de Tht~ Dakahlieh Land Co,president,83
P00798,1947,Garboua Maurice,Garboua Maurice,garbua mauris,,Technique de Tht~ Dakahlieh Land Co,manager,83
P00798,1947,Garboua Maurice,Garboua Maurice,garbua mauris,,Sté. des Ingénieurs Agronomes pour l'Exploitation Agricole,council_member,83
P00067,1947,Gasche Linus,Gasche Linus,gash linus,,Filature Nationale d'Eg_ypte,managing_director,83
P00067,1947,Gasche Linus,Gasche Linus,gash linus,,Société Egyptienne des Industries Textiles,managing_director,83
P00067,1947,Gasche Linus,Gasche Linus,gash linus,,Société Egyptienne des Industries de Bonneterie,managing_director,83
P00067,1947,Gasche Linus,Gasche Linus,gash linus,,Société Egyptienne de Tissage et Tricotage,director,83
P00067,1947,Gasche Linus,Gasche Linus,gash linus,,Comptoir pour la Vente des Filfls Egyptiens,director,83
P00067,1947,Gasche Linus,Gasche Linus,gash linus,,"Société Anonyme Egyptienne «Carban, de The Egyptian Copper Works",director,83
P00067,1947,Gasche Linus,Gasche Linus,gash linus,,Banque Belge et Internationale en Egypte,director,83
P00800,1947,Gasche Robert,Gasche Robert,gash robert,,Filature Nationale d'Egypte,director,83
P00800,1947,Gasche Robert,Gasche Robert,gash robert,,Sté. Egyptienne des Industries Texti les,director,83
P00800,1947,Gasche Robert,Gasche Robert,gash robert,,Comptoir pour la Vente des Filés Egyptiens,director,83
P01262,1947,Gatteg~ S,Gatteg~ S,gateg,,S.A. des Drogueri~s d'Egypte,director,83
P00335,1947,Gautier Charles,Gautier Charles,gautier sharles,,Crédit Immobilier Suisse-Egyptien,director,83
P01263,1947,Geahel Pierre,Geahel Pierre,geael pier,,The North East Africa Trading Cy,director,83
P00801,1947,Geisenberger Pierre,Geisenberger Pierre,geisenberger pier,,S.A. des Bières Bomonti -& Pyramides,managing_director,83
P01264,1947,Ghandour Hachem,Ghandour Hachem,ghandur hashem,,Oriental Bond Stores,director,83
P00338,1947,Ghazi Mahrous Mohamed,Ghazi Mahrous Mohamed,ghazi mahrus moamed,,"Toukhy's Co. for Sundries & Toys, S.A.E",director,83
P00803,1947,Godber Frederick,Godber Frederick,godber frederik,,Anglo Egyp.tian Oilfields,director,83
P00354,1947,Ginsberg Richard,Ginsberg Richard,ginsberg rishard,,S.A.E. Peltours,director,83
P01265,1947,Goar,Goar,goar,,Communauté Israélite d'Alexandrie,vice_president,83
P01265,1947,Goar,Goar,goar,,The Alexandria Insurance Co,director,83
P01265,1947,Goar,Goar,goar,,Alexandria Li fe Insu.rance Co,director,83
P01266,1947,Goldstein Charles,Goldstein Charles,goldstein sharles,,«Nemcon,director,84
P01267,1947,Goldstein Ignace Me,Goldstein Ignace Me,goldstein ignas m,,Import & Export Bank of Egypt,director,84
P01268,1947,Goodwin E.A.H,Goodwin E.A.H,goduin,,Anglo-Egyptian Soap .& Edible Products,president,84
P01269,1947,Goradesky Léon dit Lebel,Goradesky Léon dit Lebel,goradeski leon dit lebel,,Sté. Commerciale Ex-Import,director,84
P01270,1947,Goulakis C,Goulakis C,gulakis,,Société Anonyme Egyptienne de Capitalisation L'Epargne,director,84
P01271,1947,Grad Isaac,Grad Isaac,grad isak,,General Chemical Industries«CICn,director,84
P01272,1947,Granguillot G. P,Granguillot G. P,granguilot,,"Société Immobilière d'Alexandrie, S.A.E",director,84
P01272,1947,Granguillot G. P,Granguillot G. P,granguilot,,Sté. des Terrains de la Ville d'Alexandrie,director,84
P00807,1947,Grieve R,Grieve R,griev,,Grieve & Irwin Ltd,managing_director,84
P00807,1947,Grieve R,Grieve R,griev,,The Near East Cleaning Co. Ltd,managing_director,84
P00807,1947,Grieve R,Grieve R,griev,,"Aclministration de Egyptian Plastics .& Electrical Industries, S.A.E. et Universal Modern Office Equipment Co",council_member,84
P00350,1947,Groppi A,Groppi A,gropi,,Industrie du Froid,director,84
P00350,1947,Groppi J,Groppi J,gropi,,Industrie du Froid,president,84
P01273,1947,Grunberg Jos. Julien,Grunberg Jos. Julien,grunberg gos gulien,,Etablissements Bamco,managing_director,84
P01274,1947,Gueziri Dr. Moukhtar Zaki El,Gueziri Dr. Moukhtar Zaki El,gueziri dr mukhtar zaki,,Irt·· dustrie Meunière d'Alexandrie,director,84
P00352,1947,Guirguis Elias,Guirguis Elias,guirguis elias,,Société des Autobus de Béhéra,director,84
P00352,1947,Guirguis Elias,Guirguis Elias,guirguis elias,,Gharbieh,director,84
P01275,1947,S.E. Guirguis Fouad Pacha,Guirguis Fouad,guirguis fuad,pasha,S.A.E. de Capitalisation L'Epargne,president,84
P01275,1947,S.E. Guirguis Fouad Pacha,Guirguis Fouad,guirguis fuad,pasha,S.A.E. Sahel,director,84
P01276,1947,Guirguis Nassif Eff,Guirguis Nassif Eff,guirguis nasif ef,,Société des Omnibus de Fayoum,director,84
P01277,1947,Guttmann Isaac,Guttmann Isaac,gutman isak,,Zeitoun Canning & Food Cy,managing_director,84
P01278,1947,Gygi Dr. Hans,Gygi Dr. Hans,gigi dr hans,,S.E. de Ciment Portland-Tourah,director,84
P01279,1947,Cour de Cassation,Cour de Cassation,kur kasation,,Sociétés,director,84
P01280,1947,Haggag Zakaria,Haggag Zakaria,hagag zakaria,,Egyptian Cotton & Trading Co,director,85
P00810,1947,Haim Henri,Haim Henri,haim henri,,-Général de la Société Orientale de Publicité,manager,85
P01281,1947,Hakim Youssef,Hakim Youssef,hakim iusef,,«Koldair»,director,85
P00811,1947,Halford R. F,Halford R. F,halford,,Rosetta& Alexandria Rice Mills,director,85
P01282,1947,Halfm Eff. Mo·rgan,Halfm Eff. Mo·rgan,halfm ef morgan,,Société des Autobus de Charkieh et Dakahlieh,director,85
P01282,1947,Halfm Eff. Mo·rgan,Halfm Eff. Mo·rgan,halfm ef morgan,,Sté. des Omnibus de Fayoum,director,85
P01282,1947,Halfm Eff. Mo·rgan,Halfm Eff. Mo·rgan,halfm ef morgan,,"The Upper Egypt Bus Co., S.A.E",director,85
P01283,1947,Hallet Jean,Hallet Jean,halet gean,,"Adjoint de la Banque Belge et Internationale en Egypte, à Àlexandrie",manager,85
P00813,1947,Halter Hans,Halter Hans,halter hans,,Sté. Eg. de,manager,85
P00813,1947,Halter Hans,Halter Hans,halter hans,,Sté. Eg. de,director,85
P01284,1947,Hamed el Alaily Bey,Hamed el Alaily,hamed alaili,bey,Fayoum Textile Cy,director,85
P01285,1947,Hamed El Lozy Bey,Hamed El Lozy,hamed lozi,bey,The Eastern Electric Cy,director,85
P01286,1947,Hammad Mohamed Wassef,Hammad Mohamed Wassef,hamad moamed uasef,,Lotus Navigation Cy,president,85
P01286,1947,Hammad Mohamed Wassef,Hammad Mohamed Wassef,hamad moamed uasef,,The Oriental Bond Stores,managing_director,85
P01287,1947,Hammad Adel Mohamed,Hammad Adel Mohamed,hamad adel moamed,,Lotus Navigation Cy,managing_director,85
P00816,1947,Hann A.C,Hann A.C,han,,National Bank of Egypt,director,85
P00358,1947,Hanna Mina,Hanna Mina,hana mina,,"Trading.& lndustrial Corp., S.A.E",director,85
P01288,1947,Harari Clément Me,Harari Clément Me,harari klement m,,Alexandria Spinning & ·weaving Cy,director,85
P01289,1947,Harari Ernest Me,Harari Ernest Me,harari ernest m,,Aiexandria Spinning .& \Veaving Co,director,85
P01290,1947,Harari Marc,Harari Marc,harari mark,,"Ad- ministration de «Le Scribe Egyptien», S.A.E",managing_director,85
P01290,1947,Harari Marc,Harari Marc,harari mark,,"Ad- ministration de «Le Scribe Egyptien», S.A.E",president,85
P00818,1947,Harari Ralph A,Harari Ralph A,harari ralf,,Egyptian Finance Co,council_member,85
P00818,1947,Harari Ralph A,Harari Ralph A,harari ralf,,S.A. de \Vadi Kom Ombo,council_member,85
P00818,1947,Harari Ralph A,Harari Ralph A,harari ralf,,Société Générale Immobilière d'Egypte,council_member,85
P00818,1947,Harari Ralph A,Harari Ralph A,harari ralf,,Société Générale des Sucreries,council_member,85
P00818,1947,Harari Ralph A,Harari Ralph A,harari ralf,,"Société Egyptienne de Tissage eL rrricotage, S.A.E",council_member,85
P01291,1947,Harari Raymond,Harari Raymond,harari raimond,,"«Le Scribe Egyptien», S.A.E",managing_director,85
P00820,1947,Hargreaves Clive R,Hargreaves Clive R,hargreaves kliv,,Société EgylJtienne des Industries Textiles,director,85
P00820,1947,Hargreaves Clive R,Hargreaves Clive R,hargreaves kliv,,Filature Nationale d'Egypte,director,85
P00822,1947,Haselden E. F,Haselden E. F,haselden,,Univet· sal Motor Co. of Egypt Ltd. et Managing-Director Haseld•m& Co. Ltd,director,86
P00823,1947,Harmant Eugène,Harmant Eugène,harmant eugen,,The Cairo Electric Railways& Heliopolis Oases Co,director,86
P01292,1947,Hassan Abdalla Bey,Hassan Abdalla,hasan abdala,bey,"«Al Charkn, Sté. d'Entreprises Générales",director,86
P01293,1947,Hassan Fouad Bey,Hassan Fouad,hasan fuad,bey,Jardins & Vignobles- d'Egypte,director,86
P00827,1947,S.E. Hassan Moukhtar Rasmi Pacha,Hassan Moukhtar Rasmi,hasan mukhtar rasmi,pasha,~ Sté. Misr Filature et Tissage,managing_director,86
P00827,1947,S.E. Hassan Moukhtar Rasmi Pacha,Hassan Moukhtar Rasmi,hasan mukhtar rasmi,pasha,"·ion de Frosted Food ,& Cold Storage Cy",director,86
P00827,1947,S.E. Hassan Moukhtar Rasmi Pacha,Hassan Moukhtar Rasmi,hasan mukhtar rasmi,pasha,"·ion de Frosted Food ,& Cold Storage Cy",president,86
P00827,1947,S.E. Hassan Moukhtar Rasmi Pacha,Hassan Moukhtar Rasmi,hasan mukhtar rasmi,pasha,«Koldairn,director,86
P00827,1947,S.E. Hassan Moukhtar Rasmi Pacha,Hassan Moukhtar Rasmi,hasan mukhtar rasmi,pasha,«Koldairn,president,86
P00827,1947,S.E. Hassan Moukhtar Rasmi Pacha,Hassan Moukhtar Rasmi,hasan mukhtar rasmi,pasha,"Abou Zaabal ,& 1\afr Zayat Fertiliser& Chemical Co. (AKFAC)",director,86
P00827,1947,S.E. Hassan Moukhtar Rasmi Pacha,Hassan Moukhtar Rasmi,hasan mukhtar rasmi,pasha,"Abou Zaabal ,& 1\afr Zayat Fertiliser& Chemical Co. (AKFAC)",president,86
P01294,1947,Hassler Richard,Hassler Richard,hasler rishard,,National Metal Industries,director,86
P01295,1947,Hawa Georges,Hawa Georges,haua georges,,Egyptiari Rubber 1& Shoes Industry,director,86
P00815,1947,Hazan Victor,Hazan Victor,hazan viktor,,~t- tion de la Sidi Salem Co,director,86
P00815,1947,Hazan Victor,Hazan Victor,hazan viktor,,Union Foncière d'Egypte,director,86
P00815,1947,Hazan Victor,Hazan Victor,hazan viktor,,"Compagnie Immobilière d'Egypte, S.A.E. (en liqUIdation)",director,86
P01296,1947,Heatheves H. B,Heatheves H. B,heatheves,,Anglo-Egyptian Oilfields,director,86
P01297,1947,S.E. Hefni Mahmoud Pacha Ancien Ministre,Hefni Mahmoud Pacha Ancien Ministre,hefni mahmud pasha ansien ministr,,Sté. Usines Churbagui,president,86
P00832,1947,Hefler Edouard De,Hefler Edouard De,hefler eduard,,"Société Egyptienne de Tuyaux, Poteaux et Produits en Ciment Armé (Système Siegwart)",director,86
P01298,1947,Hemsi Joseph Bey,Hemsi Joseph,hemsi gosef,bey,Sociétés,director,86
P00833,1947,Hemsi,Hemsi,hemsi,,S.A. des Magasins Egyptiens Régime Bond,managing_director,86
P00833,1947,Hemsi,Hemsi,hemsi,,Near East Superintending Co. Ltd,managing_director,86
P01299,1947,Herman Max M,Herman Max M,herman max,,"The Egyptian Independ8nt Oil Co., S.A.E",director,86
P00524,1947,S.E. Heykal Mohamed Hussein Pacha,Heykal Mohamed Hussein,heikal moamed husein,pasha,Fayoum Textih~ Cy,president,86
P01300,1947,Heyndrickx Pierre,Heyndrickx Pierre,heindrikx pier,,·la Sté. Egyptienne des Em· hallages Economiques,director,86
P01300,1947,Heyndrickx Pierre,Heyndrickx Pierre,heindrikx pier,,Cie. Française de,president,86
P00836,1947,Hirsch Siegmund,Hirsch Siegmund,hirsh siegmund,,"The Egyptian Copper Works, S.A.E",managing_director,87
P00838,1947,Hoerni Robert,Hoerni Robert,hoerni robert,,Crédit Immobilier .Suisse-Egyptien,director,87
P01301,1947,IHollings J. S,IHollings J. S,iolings,,The Sinaï Mining Co. Ltd,president,87
P01302,1947,Homsy Edgard,Homsy Edgard,homsi edgard,,<d\arnak» Cotton Spinning vVeaving & Dyeing Cy,director,87
P01303,1947,Homsy Riskallah,Homsy Riskallah,homsi riskalah,,Union Foncière d'Egypte,president,87
P01303,1947,Homsy Riskallah,Homsy Riskallah,homsi riskalah,,Union Foncière d'Egypte,director,87
P01303,1947,Homsy Riskallah,Homsy Riskallah,homsi riskalah,,Auberges d'Egypte,president,87
P01303,1947,Homsy Riskallah,Homsy Riskallah,homsi riskalah,,Auberges d'Egypte,director,87
P01304,1947,Homewood Georges,Homewood Georges,homeuod georges,,Upper-Egypt Mining Co,director,87
P00841,1947,Hopkinson Frank,Hopkinson Frank,hopkinson frank,,"B~i­ da Dyers, S.A.E",director,87
P00841,1947,Hopkinson Frank,Hopkinson Frank,hopkinson frank,,"The Bradford Dyers Association Li- mited, Bradfül'd, England. ·",director,87
P00375,1947,Horne F. J,Horne F. J,horn,,The Egyptia11 Markets Ltd,delegate,87
P01305,1947,Hugh-Jones LI. O.B.E,Hugh-Jones LI. O.B.E,hugh gones li,,Comptoir des Ciments,managing_director,87
P01306,1947,S.E. Hussein Fahmy Bey,Hussein Fahmy,husein fahmi,bey,The Egyptian Salt & Soda Co. Ltd,managing_director,87
P00845,1947,Hussein Said Bey,Hussein Said,husein said,bey,"S·Jciété Egyptienne de Tuyaux, Poteaux et Pl'oduits en Ciment Al'mé !Système Sieg\\al't)",director,87
P01307,1947,Hussein Samy Bey,Hussein Samy,husein sami,bey,Rizerie Egyptienne ModernP,president,88
P01308,1947,S.E. Ibrahim Fahmy Pacha,Ibrahim Fahmy,ibraim fahmi,pasha,Ni le Brewery,director,88
P01309,1947,Imam Wakid,Imam Wakid,imam uakid,,"""Zama»",director,88
P00848,1947,Irwin F.J.R,Irwin F.J.R,iruin,,"Gl""ieve & lnYin Ltd",president,88
P00848,1947,Irwin F.J.R,Irwin F.J.R,iruin,,The Near East Cleaning Cy. Ltd,president,88
P00848,1947,Irwin F.J.R,Irwin F.J.R,iruin,,Ltion de The Merchants' .& Manufacturers' Insurance Cn. Ltd. London,director,88
P00848,1947,Irwin I.E.M,Irwin I.E.M,iruin,,Grieve & InYin Ltd. lsherwood,director,88
P00848,1947,Irwin I.E.M,Irwin I.E.M,iruin,,Sté. Eg. Financière pour le Commerce,director,88
P00848,1947,Irwin I.E.M,Irwin I.E.M,iruin,,"Industrie, S.A.E",director,88
P00848,1947,Irwin I.E.M,Irwin I.E.M,iruin,,"Lancashir~ - ( Egyptian) Cotton Co. Ltd. (Manchester). lskandar Said Eff., Administratem de The Upper Egypl Buq, S.A.E",director,88
P00851,1947,S.E. Islam Aly,Islam Aly,islam ali,,so-ciété Coopérative Commerciale de Crédn,director,88
P00851,1947,S.E. Islam Aly,Islam Aly,islam ali,,Société des Autohus de Béhéra,director,88
P00851,1947,S.E. Islam Aly,Islam Aly,islam ali,,"Gharbieh. lsmalun, René, Ingénieur A.gronome",director,88
P00851,1947,S.E. Islam Aly,Islam Aly,islam ali,,Egyptian Bonded V\'arehouses Co. Ltd .. MemlJre du Conseil d'Administration de The Land Bank nf Egypt,vice_president,88
P00851,1947,S.E. Islam Aly,Islam Aly,islam ali,,New Egyptian Co,vice_president,88
P00851,1947,S.E. Islam Aly,Islam Aly,islam ali,,S.A. du Béhéra,vice_president,88
P00851,1947,S.E. Islam Aly,Islam Aly,islam ali,,Société Belgo-Egyptienne de l'Ezbékieh,vice_president,88
P01310,1947,Israel Raymond,Israel Raymond,israel raimond,,Sté. Commerciale Ex-Import,director,88
P01311,1947,Ivens H.J.G,Ivens H.J.G,ivens,,"S.A. Bières Bomonti & Pyramides. lzzel Dine Omar, Administratem Sté. Orientale Cinéma",managing_director,89
P01312,1947,Jackson W,Jackson W,gakson,,The Upper Egypt Hotels,director,89
P00081,1947,Jacobs Emile,Jacobs Emile,gakobs emil,,Caisse Hypothé· caire d'Egypte,president,89
P00081,1947,Jacobs Emile,Jacobs Emile,gakobs emil,,Caisse Hypothé· caire d'Egypte,managing_director,89
P00081,1947,Jacobs Emile,Jacobs Emile,gakobs emil,,Banque Belge et Internationale en Egypte,director,89
P00081,1947,Jacobs Emile,Jacobs Emile,gakobs emil,,S.A. ritJs Monts de Piété Egyptiens,director,89
P00854,1947,Jacot-Descombes J. G,Jacot-Descombes J. G,gakot deskombes,,"The Eleclricity ,& lee Supply Co",delegate,89
P00854,1947,Jacot-Descombes J. G,Jacot-Descombes J. G,gakot deskombes,,Cairo Sand Bricks,director,89
P00854,1947,Jacot-Descombes J. G,Jacot-Descombes J. G,gakot deskombes,,Alexandria Water Company,director,89
P00854,1947,Jacot-Descombes J. G,Jacot-Descombes J. G,gakot deskombes,,Société Egyptienne. des Pétroles,director,89
P00854,1947,Jacot-Descombes J. G,Jacot-Descombes J. G,gakot deskombes,,Hamata Mining Company,president,89
P01313,1947,Jameson J. A,Jameson J. A,gameson,,Anglo-Egyptian Oilfields,director,89
P01314,1947,Jancovitch,Jancovitch,gankovitsh,,S.A. des Droguenes d'Egypt.e,director,89
P01314,1947,Jancovitch,Jancovitch,gankovitsh,,Near East Finance Co,director,89
P01315,1947,Jarrosson,Jarrosson,garoson,,Plàtriè1·es de Ballah,director,89
P01316,1947,Jones Archibald Probart,Jones Archibald Probart,gones arshibald probart,,"Salvage & Marine Gy. of Egypt, S.A.E",director,89
P01317,1947,Kamal el Dine el Chérif,Kamal el Dine el Chérif,kamal din sherif,,Egyptian Domestic & Foreign Trade Cy,director,90
P01318,1947,H<amel Hussein Wassef,H<amel Hussein Wassef,hamel husein uasef,,Sté. Orientale Cinéma·,director,90
P00858,1947,S.E. 'Kamel Ibrahim Bey,'Kamel Ibrahim,kamel ibraim,bey,Société Co-opérative des Pétroles,vice_president,90
P00858,1947,S.E. 'Kamel Ibrahim Bey,'Kamel Ibrahim,kamel ibraim,bey,S.A.E. des Anciens Etablissements Hovaghimian,director,90
P01319,1947,John's College Oxford,John's College Oxford,gohn koleg oxford,,Société AnonymP. Egyptienne de la Jute Co,president,90
P01319,1947,John's College Oxford,John's College Oxford,gohn koleg oxford,,Société AnonymP. Egyptienne de la Jute Co,director,90
P01319,1947,John's College Oxford,John's College Oxford,gohn koleg oxford,,Société AnonymP. Egyptienne de la Jute Co,vice_president,90
P01320,1947,Kettaneh Charles,Kettaneh Charles,ketaneh sharles,,The,director,90
P01321,1947,Kettaneh Désiré,Kettaneh Désiré,ketaneh desir,,"The North East Ahica Trading Cy., S.A.E",director,90
P01322,1947,IKfoury Michel,IKfoury Michel,ikfuri mishel,,d la Société des Omnibus de Fayoum,director,90
P00863,1947,Kfoury Philippe,Kfoury Philippe,kfuri filip,,Admmistration de la Socjété des Omnibus de Fayoum,director,90
P00863,1947,Kfoury Philippe,Kfoury Philippe,kfuri filip,,Sté. des Autobus de la Basse-Egypte,director,90
P00864,1947,S.E. Khachaba Sayed Mohamed Pacha,Khachaba Sayed Mohamed,khashaba saied moamed,pasha,Société Misr pour l'Egrenage du Coton,director,91
P00864,1947,S.E. Khachaba Sayed Mohamed Pacha,Khachaba Sayed Mohamed,khashaba saied moamed,pasha,Société Misr de Transport,director,91
P00864,1947,S.E. Khachaba Sayed Mohamed Pacha,Khachaba Sayed Mohamed,khashaba saied moamed,pasha,Navigation,director,91
P00864,1947,S.E. Khachaba Sayed Mohamed Pacha,Khachaba Sayed Mohamed,khashaba saied moamed,pasha,Société Misr de Filature,director,91
P00864,1947,S.E. Khachaba Sayed Mohamed Pacha,Khachaba Sayed Mohamed,khashaba saied moamed,pasha,"Tissage, S.A.E",director,91
P00864,1947,S.E. Khachaba Sayed Mohamed Pacha,Khachaba Sayed Mohamed,khashaba saied moamed,pasha,Société Misr pour les Pêcheries,director,91
P00864,1947,S.E. Khachaba Sayed Mohamed Pacha,Khachaba Sayed Mohamed,khashaba saied moamed,pasha,Société Foncière d'Egypte,director,91
P00864,1947,S.E. Khachaba Sayed Mohamed Pacha,Khachaba Sayed Mohamed,khashaba saied moamed,pasha,Société Misr pour l'Egrenage du Coton,president,91
P00864,1947,S.E. Khachaba Sayed Mohamed Pacha,Khachaba Sayed Mohamed,khashaba saied moamed,pasha,Société Misr pour l'Egrenage du Coton,director,91
P00864,1947,S.E. Khachaba Sayed Mohamed Pacha,Khachaba Sayed Mohamed,khashaba saied moamed,pasha,Banque Misr,president,91
P00864,1947,S.E. Khachaba Sayed Mohamed Pacha,Khachaba Sayed Mohamed,khashaba saied moamed,pasha,Banque Misr,director,91
P00864,1947,S.E. Khachaba Sayed Mohamed Pacha,Khachaba Sayed Mohamed,khashaba saied moamed,pasha,Société Misr de Tissage de Coton à Kafr el Dawar,president,91
P00864,1947,S.E. Khachaba Sayed Mohamed Pacha,Khachaba Sayed Mohamed,khashaba saied moamed,pasha,Société Misr de Tissage de Coton à Kafr el Dawar,director,91
P01323,1947,S.E. Khairy Mahmoud Pacha,Khairy Mahmoud,khairi mahmud,pasha,Chemical Industries Cy. <<C.I.C.n,president,91
P00385,1947,S.E. Khalil Mohamed Mahmoud Bey,Khalil Mohamed Mahmoud,khalil moamed mahmud,bey,Sénat,president,91
P00385,1947,S.E. Khalil Mohamed Mahmoud Bey,Khalil Mohamed Mahmoud,khalil moamed mahmud,bey,Société<Générale des Sucreries,director,91
P00385,1947,S.E. Khalil Mohamed Mahmoud Bey,Khalil Mohamed Mahmoud,khalil moamed mahmud,bey,Raffinerie d'Egypte,director,91
P00385,1947,S.E. Khalil Mohamed Mahmoud Bey,Khalil Mohamed Mahmoud,khalil moamed mahmud,bey,Egyptian Bonded Warehouses Co. Ltd,president,91
P00385,1947,S.E. Khalil Mohamed Mahmoud Bey,Khalil Mohamed Mahmoud,khalil moamed mahmud,bey,"Tractor & Engineering Co., S.A.E",president,91
P00385,1947,S.E. Khalil Mohamed Mahmoud Bey,Khalil Mohamed Mahmoud,khalil moamed mahmud,bey,Thü Anglo-Egyptian Land Allotment Co,president,91
P00385,1947,S.E. Khalil Mohamed Mahmoud Bey,Khalil Mohamed Mahmoud,khalil moamed mahmud,bey,"«Al-Charkn (L'Orient), S.A.E",director,91
P00385,1947,S.E. Khalil Mohamed Mahmoud Bey,Khalil Mohamed Mahmoud,khalil moamed mahmud,bey,Crédit Foncier Egyptien,director,91
P00385,1947,S.E. Khalil Mohamed Mahmoud Bey,Khalil Mohamed Mahmoud,khalil moamed mahmud,bey,S.A. de Wadi-Kom-Ombo,president,91
P00385,1947,S.E. Khalil Mohamed Mahmoud Bey,Khalil Mohamed Mahmoud,khalil moamed mahmud,bey,Société Financière .& Industrielle,director,91
P00385,1947,S.E. Khalil Mohamed Mahmoud Bey,Khalil Mohamed Mahmoud,khalil moamed mahmud,bey,Filatul.'e Misr Kafr Da·war,director,91
P00385,1947,S.E. Khalil Mohamed Mahmoud Bey,Khalil Mohamed Mahmoud,khalil moamed mahmud,bey,Banque Misr,director,91
P01324,1947,Khattab Mohamed Bey,Khattab Mohamed,khatab moamed,bey,Chemical Industries Cy. «C.I.C.n,director,91
P01325,1947,Kher,Kher,kher,,-iGénéral de la S.A. AgT1- cole et Industrielle d'Egypte,managing_director,91
P01325,1947,Kher,Kher,kher,,Sté. Agricole et Fermière «Fermagn,director,91
P00867,1947,Kirkman Robert,Kirkman Robert,kirkman robert,,"The Hinshelwood Paint & Oil Co. of Egypt, S.A.E",director,91
P00868,1947,Klaesi R,Klaesi R,klaesi,,Surveillance de la Hamata MIning Co,council_member,91
P00088,1947,Klat J·ules Bey,Klat J·ules,klat gules,bey,Communauté Orthodoxe Egyptienne,president,91
P00088,1947,Klat J·ules Bey,Klat J·ules,klat gules,bey,Fédération Egyptienne des Industries,council_member,91
P00088,1947,Klat J·ules Bey,Klat J·ules,klat gules,bey,Fédération Egyptienne des Industries,adviser,91
P00088,1947,Klat J·ules Bey,Klat J·ules,klat gules,bey,The Associated Cotton Ginners,president,91
P00088,1947,Klat J·ules Bey,Klat J·ules,klat gules,bey,iGharbieh Land Cy,president,91
P00088,1947,Klat J·ules Bey,Klat J·ules,klat gules,bey,S.A. Pharos,vice_president,91
P00088,1947,Klat J·ules Bey,Klat J·ules,klat gules,bey,The Egyptian Enterprise & Development Cy,vice_president,91
P00088,1947,Klat J·ules Bey,Klat J·ules,klat gules,bey,The Egyptian' Bonded Warehouses,director,91
P00088,1947,Klat J·ules Bey,Klat J·ules,klat gules,bey,S.A. du Béhéra,director,91
P01326,1947,IKnaider C. R,IKnaider C. R,iknaider,,Associated Industries,director,92
P01327,1947,Kohorn Henri ·von,Kohorn Henri ·von,korn henri von,,"General l\11,> tors Near East, S.A.E",director,92
P00872,1947,Krisc:hewsky Henry,Krisc:hewsky Henry,krisheuski henri,,"Banque Mc,sséri, S.A.E",managing_director,92
P00872,1947,Krisc:hewsky Henry,Krisc:hewsky Henry,krisheuski henri,,S.A.E. Financière et lmmobilière,director,92
P00872,1947,Krisc:hewsky Henry,Krisc:hewsky Henry,krisheuski henri,,"Société Egyptienne de Tissage et Tricotage, de la Société Franco-Egyptienne d'Importation",director,92
P00872,1947,Krisc:hewsky Henry,Krisc:hewsky Henry,krisheuski henri,,Sté,director,92
P00873,1947,Kupper H,Kupper H,kuper,,Société Générale de Pressage,director,92
P00873,1947,Kupper H,Kupper H,kuper,,Dépôts,director,92
P00873,1947,Kupper H,Kupper H,kuper,,Surveillance de la Ham~ta Mining Co,council_member,92
P00873,1947,Kupper H,Kupper H,kuper,,Anglo Egyptian Mining,director,92
P00873,1947,Kupper H,Kupper H,kuper,,Anglo Egyptian Mining,managing_director,92
P01328,1947,Labib Attallah,Labib Attallah,labib atalah,,Fayoum Textile Cy,director,92
P01329,1947,Labib Francis,Labib Francis,labib fransis,,United Enterprises,director,92
P01330,1947,S.E. Lackany Sanny Bey,Lackany Sanny,lakani sani,bey,Cairo Electric Rys & Heliopolis Oases Co,adviser,92
P01330,1947,S.E. Lackany Sanny Bey,Lackany Sanny,lakani sani,bey,Cairo Electric Rys & Heliopolis Oases Co,director,92
P01331,1947,Lagnado Joseph S,Lagnado Joseph S,lagnado gosef,,Béni Mazar Urbaine et Rural0,director,92
P01332,1947,Lagoudakis Eustache,Lagoudakis Eustache,lagudakis eustash,,Banque de Commerce N. Te· pèghiosi .& Co,president,92
P00874,1947,Laherrère L,Laherrère L,laerer,,•la S.A. des Tramways du Caire,general_manager,92
P00874,1947,Laherrère L,Laherrère L,laerer,,"Société ""The Egyptiai1 General Omnibus Co. n",managing_director,92
P00875,1947,Lambiotte E,Lambiotte E,lambiot,,Banque Belge et Internationale en Egypte,manager,92
P00875,1947,Lambiotte E,Lambiotte E,lambiot,,"Egyptian Salt,& Soda Company Ltd",director,92
P00875,1947,Lambiotte E,Lambiotte E,lambiot,,Cairo Agricultmal Co,director,92
P00876,1947,Lancaster,Lancaster,lankaster,,"Delta Trading Co., S.A.E",president,92
P00876,1947,Lancaster,Lancaster,lankaster,,de· la S.A. du Béhéra,director,92
P01333,1947,Landerer R,Landerer R,landerer,,Société d'Alimentation Générale,director,93
P01334,1947,Lappas Christodule,Lappas Christodule,lapas shristodul,,S.A. Agricole et Industrielle d'Egypte,director,93
P00392,1947,Lappas Georges,Lappas Georges,lapas georges,,Banque de Commerce N. Tepeghiosi & Co,director,93
P01335,1947,Lascaris,Lascaris,laskaris,,"Banque d'Athènes en Egypte, en Angleterre et à Chypre",president,93
P01335,1947,Lascaris,Lascaris,laskaris,,The Gabbari Land Company,president,93
P01335,1947,Lascaris,Lascaris,laskaris,,The Alexandria Water Co. et The Alexandria Transport.& Industrial Gy,vice_president,93
P00879,1947,Lebnan Bakhos,Lebnan Bakhos,lebnan bakhos,,"Cie. d'Eclairage par le Gaz, Lebon& Co",president,93
P00396,1947,Lee Lee Roger Malcolm,Lee Lee Roger Malcolm,l l roger malkolm,,"Société Egyptienm des Industries Textiles, S.A.E",director,93
P00881,1947,Lefrère Lucien,Lefrère Lucien,lefrer lusien,,"The Upper Egypt Hotels Co., S.A",director,93
P00881,1947,Lefrère Lucien,Lefrère Lucien,lefrer lusien,,Crédit Lyonnais (Le Caire),manager,93
P00881,1947,Lefrère Lucien,Lefrère Lucien,lefrer lusien,,Syndicat des Obligataires de la Société Générale des Sucreries,director,93
P00881,1947,Lefrère Lucien,Lefrère Lucien,lefrer lusien,,Raffinerie d'Egypte,director,93
P00882,1947,Leheta Ibrahim Bey,Leheta Ibrahim,leta ibraim,bey,"The Amalgamated lee Factories and Cold. Stores, S.A.E",director,93
P00884,1947,Leten Paul,Leten Paul,leten paul,,Usines Textiles Al-Kahira,director,93
P00399,1947,Leten Roland,Leten Roland,leten roland,,Usines Textiles Al-1\ahira,director,93
P00092,1947,Levi Guido,Levi Guido,levi guido,,The Anglo- Egyptian Land Allotment Co,director,93
P00092,1947,Levi Guido,Levi Guido,levi guido,,The Cairo Suburban Building Land Co,director,93
P00092,1947,Levi Guido,Levi Guido,levi guido,,Egyptian Enterprise .& Development Co,director,93
P00092,1947,Levi Guido,Levi Guido,levi guido,,"The Gharbieh Land Co. levi, 1. G., D1·. en Droit, Or-che du Nil, Medjidieh, Couronne de",director,93
P01336,1947,Levi Neflos A,Levi Neflos A,levi neflos,,Usines Textiles Al-Kahira,director,94
P01337,1947,Lévy Joseph M,Lévy Joseph M,levi gosef,,The Alexandria Spinning .& W eaving Co,president,94
P01338,1947,Lévy Maurice M,Lévy Maurice M,levi mauris,,The Alexandria Spinning & Weaving Co,vice_president,94
P00093,1947,Lian Alfred,Lian Alfred,lian alfred,,Egyptian Salt.& Soda Co,president,94
P00093,1947,Lian Alfred,Lian Alfred,lian alfred,,Société Financière et Industrielle d'Egypte,president,94
P00093,1947,Lian Alfred,Lian Alfred,lian alfred,,UnittJcl Egyptian Salt,president,94
P00093,1947,Lian Alfred,Lian Alfred,lian alfred,,Société Egyptienne d'Entreprises Urbaines et Rurales,vice_president,94
P00093,1947,Lian Alfred,Lian Alfred,lian alfred,,Société Viticole & Vinicole d'Egypte,vice_president,94
P00093,1947,Lian Alfred,Lian Alfred,lian alfred,,The Alexandria Central Buildings,director,94
P00093,1947,Lian Alfred,Lian Alfred,lian alfred,,The Alexandria Navigation Co,director,94
P00093,1947,Lian Alfred,Lian Alfred,lian alfred,,Banca Commerciale Italiana per l'Egitto,director,94
P00093,1947,Lian Alfred,Lian Alfred,lian alfred,,"Teinturerie Franco-Egyptienne, S.A.K",director,94
P00093,1947,Lian Alfred,Lian Alfred,lian alfred,,Alexandria Insurance Co,director,94
P01339,1947,Lifschitz Paul,Lifschitz Paul,lifshitz paul,,Fayoum Textile,director,94
P01340,1947,Lisbona Mayer,Lisbona Mayer,lisbona maier,,Near East Produce Trading Gy,director,94
P01341,1947,Liverant Joseph,Liverant Joseph,liverant gosef,,«Siburn,director,94
P01341,1947,Liverant Joseph,Liverant Joseph,liverant gosef,,Dél. <<Al Charkn,director,94
P00405,1947,Lloyd John,Lloyd John,loid gohn,,The Choremi Benachi & Co. (Liverpool),director,94
P00887,1947,Lombard Albert,Lombard Albert,lombard albert,,Crérht Immobilier Suisse-Egyptien,director,94
P00889,1947,Lombardo Cesare,Lombardo Cesare,lombardo sesar,,Société des Autobus du,director,94
P01342,1947,Lopez Ercole J,Lopez Ercole J,lopez erkol,,"The Egyptian lnd~­ pendent Oil Co., S.A.E",managing_director,94
P01342,1947,Lopez Ercole J,Lopez Ercole J,lopez erkol,,en nom de The Al Hadissa Manufacturing & Trading Gy,partner,94
P00095,1947,Lowe A. J,Lowe A. J,lu,,S.A.E. Carba,president,95
P00095,1947,Lowe A. J,Lowe A. J,lu,,United Egyptian Salt,managing_director,95
P00095,1947,Lowe A. J,Lowe A. J,lu,,Filature Nationale d'Egypte,director,95
P00095,1947,Lowe A. J,Lowe A. J,lu,,Sté. des Produits Centrifugés en Ciment,director,95
P00095,1947,Lowe A. J,Lowe A. J,lu,,"Egyptian Copper Works, S.A.E",director,95
P00095,1947,Lowe A. J,Lowe A. J,lu,,The Alexandria Engineering Works (ex,director,95
P00893,1947,Lozy Taher El Bey,Lozy Taher El,lozi taer,bey,National Bank of Eg·ypt,director,95
P00893,1947,Lozy Taher El Bey,Lozy Taher El,lozi taer,bey,Egyptian Road Transport Company S.A.E,president,95
P00893,1947,Lozy Taher El Bey,Lozy Taher El,lozi taer,bey,"u Conseil d'Admnistration de la Société des Autobus du Nord, S.A.E",member,95
P00895,1947,Luke D. C,Luke D. C,luk,,"Société Industrielle et Commerciale d'Egypte ( S.I.C.O.), S.A.E",director,95
P00412,1947,Lumbroso J,Lumbroso J,lumbroso,,Alexa'1- dria .& Ramleh Raihvays Co,president,95
P00412,1947,Lumbroso J,Lumbroso J,lumbroso,,Alexa'1- dria .& Ramleh Raihvays Co,director,95
P00412,1947,Lumbroso M,Lumbroso M,lumbroso,,Alexandria Exchange Co,director,95
P01343,1947,Lynch F. C,Lynch F. C,linsh,,General Motors Near,delegate,95
P01344,1947,Maarouf Abd Rabbo,Maarouf Abd Rabbo,maruf abd rabo,,Sté. Al Chark Filature Ti->· sage,director,95
P00896,1947,Mac Culloch Norman G,Mac Culloch Norman G,mak kulosh norman,,Société Egyptienne des Industries Textiles,director,95
P00897,1947,Mac Cullock Joseph Paul,Mac Cullock Joseph Paul,mak kulok gosef paul,,"Société California Egyptienne de Pétroles, S.A.E",director,95
P00415,1947,Mac Ewen William G,Mac Ewen William G,mak euen uiliam,,The Nile Ginning Co,director,95
P01345,1947,Mackenzie,Mackenzie,makenzi,,"Maison Peel & C·J. Ltd., de Minieh Ginning Co. Ltd",director,95
P01345,1947,Mackenzie,Mackenzie,makenzi,,"«Fluviale,,, S.A.E",director,95
P01346,1947,Magar Alfred,Magar Alfred,magar alfred,,Studios Al Ahram,director,95
P00899,1947,Maggiar G,Maggiar G,magiar,,S.A. rles Monts de Piété Egyptiens,director,95
P00900,1947,S.E. Mahfouz Rachouan Pacha,Mahfouz Rachouan,mahfuz rashuan,pasha,Société Zoologi que d'Egypte,president,95
P01347,1947,Commandeur Couronne de Roumanie ChevalieT .Medjidieh,Commandeur Couronne de Roumanie ChevalieT .Medjidieh,komandeur kuron rumani shevaliet medgidieh,,Cie. Générale des Pétroles (COGEP),director,95
P00901,1947,Mahmoud Aly Allouba Bey,Mahmoud Aly Allouba,mahmud ali aluba,bey,- tion de la Société Industrielle & Commerciale d'Egypf.e(S.I.C.O.),director,96
P01348,1947,Mahmoud Ghazali Bey,Mahmoud Ghazali,mahmud ghazali,bey,S.A.E. Financière & Immobilière,director,96
P01349,1947,Mahmoud Mohasseb Bey,Mahmoud Mohasseb,mahmud moaseb,bey,Sté. Agricole et Fe1·mière Fermag et dè The Upper Egypt Hotels,director,96
P01350,1947,Mahmoud Tewfik Hefnaoui Bey,Mahmoud Tewfik Hefnaoui,mahmud teufik hefnaui,bey,Société Foncière d'Egypte,director,96
P01351,1947,Malcolm Major,Malcolm Major,malkolm magor,,"The Misr Shipping Co., S.A.E",director,96
P01352,1947,Mailer J. A,Mailer J. A,mailer,,"The Anglo-Egyptian Mining Co., S.A.E",delegate,96
P01353,1947,Mansour Gamal el Dîne,Mansour Gamal el Dîne,mansur gamal din,,Sté. Misr Rayonne,director,96
P01354,1947,Mansour,Mansour,mansur,,Société Bolanachi,director,96
P01355,1947,Marcus Adolphe,Marcus Adolphe,markus adolf,,Egyptian Rice Mills et Near East Produce Trading Cy,managing_director,96
P01356,1947,Maret Baron Guy de,Maret Baron Guy de,maret baron gui,,Gharbieh Land Cy.',director,96
P01357,1947,Marii Sayed,Marii Sayed,mari saied,,AKFAC,director,96
P00911,1947,Martin R. C,Martin R. C,martin,,Egyptian Finance Co,director,96
P01358,1947,Martz,Martz,martz,,Sté. Eg. de Ciment Portland Tourah,president,96
P01359,1947,Massabky Maurice,Massabky Maurice,masabki mauris,,Delta Trading Cy,director,96
P00426,1947,Matalon William,Matalon William,matalon uiliam,,Syndicat de l'Industrie Egyptienne du Riz,president,96
P00426,1947,Matalon William,Matalon William,matalon uiliam,,Rosetta & Alexandria Rice Mills,managing_director,96
P00426,1947,Matalon William,Matalon William,matalon uiliam,,Fédération Egyptienne des Industries,council_member,96
P01360,1947,Mathieu A,Mathieu A,mathieu,,Platrières de Ballah,director,96
P00428,1947,Matossian Joseph O,Matossian Joseph O,matosian gosef,,"Eastern Co., S.A.E",vice_president,96
P00429,1947,Matossian Vincent,Matossian Vincent,matosian vinsent,,PatTiarcal -A nnénien Catholique d'Alexandrie,vice_president,97
P01361,1947,Maunsell Brig. R. J,Maunsell Brig. R. J,maunsel brig,,S.A.E. Financière et Immobilière,managing_director,97
P00432,1947,Mavro Mike,Mavro Mike,mavro mik,,au Consortium de Loteries (F.A.E.P.A.E.),managing_director,97
P00432,1947,Mavro Mike,Mavro Mike,mavro mik,,Société Egyptienne Financière pour leti·atio~ Con~­ merce,director,97
P00432,1947,Mavro Mike,Mavro Mike,mavro mik,,Industrie,director,97
P00913,1947,Mawas Maurice,Mawas Maurice,mauas mauris,,S.A.E. «Chaw,director,97
P00914,1947,Mawas Zaki,Mawas Zaki,mauas zaki,,"Société Nationale du Papier, S.A.E",director,97
P01362,1947,Mayer Moshé,Mayer Moshé,maier mosh,,Chemicallnclustries «C.I.C.»,director,97
P00915,1947,Mazin L. A,Mazin L. A,mazin,,"Egyptian \\'orks & Constructions Co., S.A.E",delegate,97
P00099,1947,S.E. Mazloum Hassan Pacha,Mazloum Hassan,mazlum hasan,pasha,Egyptian Finance Co,president,97
P00099,1947,S.E. Mazloum Hassan Pacha,Mazloum Hassan,mazlum hasan,pasha,Ja Société Egyptienne de Ti5- sage et Tricotage,president,97
P00099,1947,S.E. Mazloum Hassan Pacha,Mazloum Hassan,mazlum hasan,pasha,Egyptian Mining & Prospecting Co .. S.A.E,president,97
P00099,1947,S.E. Mazloum Hassan Pacha,Mazloum Hassan,mazlum hasan,pasha,Egyptian Independent Oil Co,president,97
P00099,1947,S.E. Mazloum Hassan Pacha,Mazloum Hassan,mazlum hasan,pasha,Union Foncière d'Egypte,president,97
P00099,1947,S.E. Mazloum Hassan Pacha,Mazloum Hassan,mazlum hasan,pasha,Sté. Eg. des Etablissements Bolanachi-Distillei·ie,president,97
P00099,1947,S.E. Mazloum Hassan Pacha,Mazloum Hassan,mazlum hasan,pasha,National Insurance Co,vice_president,97
P00099,1947,S.E. Mazloum Hassan Pacha,Mazloum Hassan,mazlum hasan,pasha,Banque Belge et Internationale en Egypte,vice_president,97
P00099,1947,S.E. Mazloum Hassan Pacha,Mazloum Hassan,mazlum hasan,pasha,Crédit Agricole d'Egypte,director,97
P00099,1947,S.E. Mazloum Hassan Pacha,Mazloum Hassan,mazlum hasan,pasha,Egyptian Deita Land & Investment Co,director,97
P00099,1947,S.E. Mazloum Hassan Pacha,Mazloum Hassan,mazlum hasan,pasha,Société Générale des Sucreries,director,97
P00099,1947,S.E. Mazloum Hassan Pacha,Mazloum Hassan,mazlum hasan,pasha,Raffinerie d'Egypte,director,97
P00099,1947,S.E. Mazloum Hassan Pacha,Mazloum Hassan,mazlum hasan,pasha,Khedivial Mail Line Co,director,97
P00099,1947,S.E. Mazloum Hassan Pacha,Mazloum Hassan,mazlum hasan,pasha,"Misr Airworks, S.A.E",director,97
P00099,1947,S.E. Mazloum Hassan Pacha,Mazloum Hassan,mazlum hasan,pasha,"Sté. Immobilière d'Alexandrie, S.A.F",president,97
P01363,1947,Meltz Léon,Meltz Léon,meltz leon,,Union Cotton Co. of Alexandri,director,97
P00916,1947,Menaché Albert,Menaché Albert,menash albert,,Etablis- sements Industriels pour la Soie et le Coton,director,97
P01364,1947,IMenaché Maurice C,IMenaché Maurice C,imenash mauris,,Béni Mazar Urbaine et Rurale,director,97
P01365,1947,Menaché Maurice M,Menaché Maurice M,menash mauris,,Directem de la Cen .. tral Trading Co,director,97
P01365,1947,Menaché Maurice M,Menaché Maurice M,menash mauris,,"General Engineering and Refrigeration Co., GERCO S.A. E",director,97
P01365,1947,Menaché Maurice M,Menaché Maurice M,menash mauris,,Nile Cold Storage & lee Co,director,97
P01365,1947,Menaché Maurice M,Menaché Maurice M,menash mauris,,Ide la Béni Mazar Urbaine & Rurale,director,97
P00919,1947,Messiqua B,Messiqua B,mesikua,,S.A. des Drogueries d'Egypte,managing_director,97
P00436,1947,Messiqua Marcel,Messiqua Marcel,mesikua marsel,,Alexandria Pressing Co,director,97
P01366,1947,Metaxas Ménélas,Metaxas Ménélas,metaxas menelas,,Comité de Surveillance de The Egyptian Delta Rice Mills Co. (N. Yamodis .& Co.),president,98
P00437,1947,Metwalli Mohamed Bey,Metwalli Mohamed,metuali moamed,bey,Daira Feu Amine Yehia,manager,98
P00437,1947,Metwalli Mohamed Bey,Metwalli Mohamed,metuali moamed,bey,Société,director,98
P01367,1947,Metzger Albert,Metzger Albert,metzger albert,,Egyptian Hotels,director,98
P01368,1947,Meyvis Louis,Meyvis Louis,meivis luis,,Comptoir Belga,managing_director,98
P01368,1947,Meyvis Louis,Meyvis Louis,meivis luis,,Comptoir Belga,manager,98
P00441,1947,Mills A.E,Mills A.E,mils,,Port-Said Salt Association Ltd,director,98
P00442,1947,Misrahi Albert,Misrahi Albert,misrai albert,,"Société de Métallui·gie Egyptienne, S.A.E",director,98
P00442,1947,Misrahi Albert,Misrahi Albert,misrai albert,,Société Royale d' Agrt· culture,director,98
P00442,1947,Misrahi Albert,Misrahi Albert,misrai albert,,Société Cotonnière Maarad. ·,director,98
P01369,1947,Misrahi,Misrahi,misrai,,Sun Life Insurance Co. of Canada,manager,98
P01369,1947,Misrahi,Misrahi,misrai,,The Hin,president,98
P01369,1947,Misrahi,Misrahi,misrai,,"Dakahlieh Land Co., S.A.E",director,98
P01369,1947,Misrahi,Misrahi,misrai,,"Maison de la Petite Reine, S.A.E",director,98
P00922,1947,Misrahi Léon,Misrahi Léon,misrai leon,,Etablissements Industriels pom la Soie et le Coton,director,98
P00922,1947,Misrahi Léon,Misrahi Léon,misrai leon,,Société Agricole et Urbaine ceLe Fayoum»,director,98
P00922,1947,Misrahi Léon,Misrahi Léon,misrai leon,,Carmel Gard~ws(Terrains en Palestine),director,98
P00924,1947,Mitchell Gaston,Mitchell Gaston,mitshel gaston,,"Usines Lebon & Cie., en Egyote",general_manager,98
P00924,1947,Mitchell Gaston,Mitchell Gaston,mitshel gaston,,S.E. d'Electricité,director,98
P01370,1947,Moberly Charles Henry Doward,Moberly Charles Henry Doward,moberli sharles henri duard,,CommPt' cial Bank of The Near East,director,98
P01371,1947,S.E. Moghazi Mohamed Abd Rabbou Pacha,Moghazi Mohamed Abd Rabbou,moghazi moamed abd rabu,pasha,Sté. Cotonnière «Maarad)),director,98
P01372,1947,Mohamed Abbas Rached,Mohamed Abbas Rached,moamed abas rashed,,"Société Egyptienne des Industries Chimiques, S.A.E",director,98
P01373,1947,Mohamed Abdel Malek Hamza Bey,Mohamed Abdel Malek Hamza,moamed abdel malek hamza,bey,ccKarnab Ttm Cotton Spinning Weaving & Dyeing Co,director,98
P01374,1947,Mohamed Abdel Moneim El Dib Bey,Mohamed Abdel Moneim El Dib,moamed abdel moneim dib,bey,Ste. Misr d'Assurances Générales,director,98
P01374,1947,Mohamed Abdel Moneim El Dib Bey,Mohamed Abdel Moneim El Dib,moamed abdel moneim dib,bey,Société Misr de Tabacs et Cigarettes,director,98
P01374,1947,Mohamed Abdel Moneim El Dib Bey,Mohamed Abdel Moneim El Dib,moamed abdel moneim dib,bey,Sté. Nationale du Papier,director,98
P01375,1947,Mohamed Abdel Rahman Nosseir,Mohamed Abdel Rahman Nosseir,moamed abdel rahman noseir,,"la«Almina>>,S.A.E",director,98
P01375,1947,Mohamed Abdel Rahman Nosseir,Mohamed Abdel Rahman Nosseir,moamed abdel rahman noseir,,"la«Almina>>,S.A.E",managing_director,98
P01376,1947,Mohaf!led Aly Namazi Bey,Mohaf!led Aly Namazi,moafled ali namazi,bey,Crédit Agricole d'Egypte,director,98
P01377,1947,Mohamed Amine Chohayeb Bey,Mohamed Amine Chohayeb,moamed amin shoaieb,bey,Banque Misr d'Alexandrie,manager,98
P01377,1947,Mohamed Amine Chohayeb Bey,Mohamed Amine Chohayeb,moamed amin shoaieb,bey,Sté. Eg. de la Bour..>e Commerciale de Minet el Bassal,director,98
P01377,1947,Mohamed Amine Chohayeb Bey,Mohamed Amine Chohayeb,moamed amin shoaieb,bey,Land Bank of Egypt,director,98
P01378,1947,Mohamed Chafik,Mohamed Chafik,moamed shafik,,Sté. Orientale Cinéma,director,98
P00524,1947,S.E. Mohamed Fahmy Hussein Pacha,Mohamed Fahmy Hussein,moamed fahmi husein,pasha,Near East Ph.umaceutical & Commercial Cy,director,99
P01379,1947,Mohamed Fathy Sabry Bey,Mohamed Fathy Sabry,moamed fathi sabri,bey,Egyptian Sisal Manufactming Cy,director,99
P01380,1947,Mohamed Eff. Fouad Darwlche El Hag,Mohamed Eff. Fouad Darwlche El Hag,moamed ef fuad darulsh hag,,laSociété des A)ltobus de Charkieh et Dakahlieh,director,99
P01380,1947,Mohamed Eff. Fouad Darwlche El Hag,Mohamed Eff. Fouad Darwlche El Hag,moamed ef fuad darulsh hag,,The Upp,director,99
P01381,1947,Mohamed Hachem Dr,Mohamed Hachem Dr,moamed hashem dr,,"«Karnak», Cotton Spinning, Weaving .& Dyeing Cy",director,99
P01382,1947,Mohamed Bey Hamada,Mohamed Bey Hamada,moamed bei hamada,,National Starch Cy,managing_director,99
P01382,1947,Mohamed Bey Hamada,Mohamed Bey Hamada,moamed bei hamada,,North East Africa Trading Co,managing_director,99
P01383,1947,Mohamed Hassan El Abd Bey Député de Gamalieh,Mohamed Hassan El Abd Bey Député de Gamalieh,moamed hasan abd bei deput gamalieh,,"Eg. Cy. for International Tracte «Ecit,,_",director,99
P01384,1947,Mohamed 'Khattab Bey,Mohamed 'Khattab,moamed khatab,bey,Zeitoun Canning & Food Cy,director,99
P01385,1947,Mohamed Loutfi M~hmoud Bey,Mohamed Loutfi M~hmoud,moamed lutfi mhmud,bey,Société Egyptienne pour le Tannage,council_member,99
P01385,1947,Mohamed Loutfi M~hmoud Bey,Mohamed Loutfi M~hmoud,moamed lutfi mhmud,bey,"Industrie du Cui,', S.A.E",council_member,99
P01386,1947,Mohamed Mohamed 1Kira,Mohamed Mohamed 1Kira,moamed moamed kira,,Hizerie Egyptienne Moderne,director,99
P00524,1947,Hussein,Hussein,husein,,"Condoil d'Administration de la Misr Navigation Co., de M.L. Franco& Co. (S. Pinto & Co. Succrs.), de la Société Orientale de Navigation, de Food Products. S.A.E",managing_director,99
P00524,1947,Hussein,Hussein,husein,,"Condoil d'Administration de la Misr Navigation Co., de M.L. Franco& Co. (S. Pinto & Co. Succrs.), de la Société Orientale de Navigation, de Food Products. S.A.E",member,99
P01387,1947,Mohamed Sakr Bey,Mohamed Sakr,moamed sakr,bey,Transport & Engineering Cy,director,99
P01388,1947,Mohamed Salah el Dine Bey,Mohamed Salah el Dine,moamed salah din,bey,Transport .& Engineering Cy,director,99
P01389,1947,Mohamed Salab el Dine el Chorbagui,Mohamed Salab el Dine el Chorbagui,moamed salab din shorbagui,,Dél. Sté. Osines El,director,99
P01390,1947,Mohamed Salem Salem,Mohamed Salem Salem,moamed salem salem,,Société des Autobus de Charkieh et Dakahlieh,director,99
P01390,1947,Mohamed Salem Salem,Mohamed Salem Salem,moamed salem salem,,The Upper Bus Co,director,99
P01391,1947,Mohamed Sobhi el Chorbagui,Mohamed Sobhi el Chorbagui,moamed sobhi shorbagui,,"Dél. de-3 Usines El Chorbagui, S.A.E",vice_president,99
P01391,1947,Mohamed Sobhi el Chorbagui,Mohamed Sobhi el Chorbagui,moamed sobhi shorbagui,,"Dél. de-3 Usines El Chorbagui, S.A.E",director,99
P01392,1947,Mohamed Youssef El Abd Bey,Mohamed Youssef El Abd,moamed iusef abd,bey,«Nemco»,director,99
P01393,1947,Mohamed Zeidan,Mohamed Zeidan,moamed zeidan,,Société des Omnibus de Fayoum,director,99
P00932,1947,S.E. Moharram Osman Pacha,Moharram Osman,moaram osman,pasha,"Société Viticole et Vinicole d'Egypte, S.A.E",director,100
P01394,1947,Mohsen Shawki,Mohsen Shawki,mohsen shauki,,Frosted Food & Cold Stora~e Cy,director,100
P00933,1947,Monchicourt André G,Monchicourt André G,monshikurt andr,,S.A. des Monts de Piété Egyptiens,director,100
P01395,1947,Montant Gaston,Montant Gaston,montant gaston,,National Ginning Cy. of Egypt,director,100
P01396,1947,Moore Léon,Moore Léon,mor leon,,Eastern Electric Cy,director,100
P01397,1947,Morpurgo Georges,Morpurgo Georges,morpurgo georges,,Commercial.& Agency Cy. of Egypt,director,100
P01398,1947,Morpurgo Gustave,Morpurgo Gustave,morpurgo gustav,,Surveillance de la M. L. Franco & Co.-S. Pinto & Co. Succrs,director,100
P01398,1947,Morpurgo Gustave,Morpurgo Gustave,morpurgo gustav,,Surveillance de la M. L. Franco & Co.-S. Pinto & Co. Succrs,council_member,100
P00936,1947,Mosseri Albert Vita,Mosseri Albert Vita,moseri albert vita,,"la«Josy Film"", S.A.E",director,100
P00936,1947,Mosseri Albert Vita,Mosseri Albert Vita,moseri albert vita,,Maison de Banque J. N. Mosseri Figli & Co,partner,100
P00940,1947,Mosseri E. Humbert J,Mosseri E. Humbert J,moseri humbert,,Consulat du Portugal au Caire,manager,100
P00937,1947,Mosseri Félix N,Mosseri Félix N,moseri felix,,"d • The EgypLian Copper Works, S.A.E",director,100
P01399,1947,Mosseri GL1ido,Mosseri GL1ido,moseri glido,,"Cairo Land & Financial Co., S.A.E",director,100
P01399,1947,Mosseri GL1ido,Mosseri GL1ido,moseri glido,,The Anglo-Belgian Co. of Egypt Ltd,director,100
P01399,1947,Mosseri GL1ido,Mosseri GL1ido,moseri glido,,The Anglo-Egyptian Land Allotment Co,director,100
P01399,1947,Mosseri GL1ido,Mosseri GL1ido,moseri glido,,The Fayoum LighL Rail ways Co,director,100
P01399,1947,Mosseri GL1ido,Mosseri GL1ido,moseri glido,,S.A. Astra et Halles Centrales,director,100
P00939,1947,Mosseri Henri Victor,Mosseri Henri Victor,moseri henri viktor,,Anglo-Egyptian l~and Allotment Co,managing_director,100
P00939,1947,Mosseri Henri Victor,Mosseri Henri Victor,moseri henri viktor,,The Gharbieh Land Co,director,100
P00939,1947,Mosseri Henri Victor,Mosseri Henri Victor,moseri henri viktor,,The Egyptian Financ•· Co,director,100
P00939,1947,Mosseri Henri Victor,Mosseri Henri Victor,moseri henri viktor,,The Tractor & Engineering Co,director,100
P00939,1947,Mosseri Henri Victor,Mosseri Henri Victor,moseri henri viktor,,V.'ad.J Kom-Onlbo,director,100
P00939,1947,Mosseri Henri Victor,Mosseri Henri Victor,moseri henri viktor,,The Anglo-Belgian Co,director,100
P00939,1947,Mosseri Henri Victor,Mosseri Henri Victor,moseri henri viktor,,"The Egyptiau Copper \\""orks",director,100
P00939,1947,Mosseri Henri Victor,Mosseri Henri Victor,moseri henri viktor,,Fayoum Light Railways Co,director,100
P00939,1947,Mosseri Henri Victor,Mosseri Henri Victor,moseri henri viktor,,Société Foncière du Domaine de Cheikh Fadl,director,100
P00462,1947,Mosseri Joseph Vita,Mosseri Joseph Vita,moseri gosef vita,,"Josy Film, S.A.E",president,100
P00462,1947,Mosseri Joseph Vita,Mosseri Joseph Vita,moseri gosef vita,,"Josy Film, S.A.E",managing_director,100
P00107,1947,Mosseri Maurice N,Mosseri Maurice N,moseri mauris,,"Banque Mosséri, S.A.E",president,101
P00107,1947,Mosseri Maurice N,Mosseri Maurice N,moseri mauris,,"Banque Mosséri, S.A.E",delegate,101
P00107,1947,Mosseri Maurice N,Mosseri Maurice N,moseri mauris,,Qrands Hôtels d'Egypte,president,101
P00107,1947,Mosseri Maurice N,Mosseri Maurice N,moseri mauris,,Qrands Hôtels d'Egypte,delegate,101
P00107,1947,Mosseri Maurice N,Mosseri Maurice N,moseri mauris,,Palestine Hotels Ltd,president,101
P00107,1947,Mosseri Maurice N,Mosseri Maurice N,moseri mauris,,Palestine Hotels Ltd,delegate,101
P00107,1947,Mosseri Maurice N,Mosseri Maurice N,moseri mauris,,Syndicat ctes Obligataires de la Société GénA· rale des Sucreries,president,101
P00107,1947,Mosseri Maurice N,Mosseri Maurice N,moseri mauris,,Syndicat ctes Obligataires de la Société GénA· rale des Sucreries,delegate,101
P00107,1947,Mosseri Maurice N,Mosseri Maurice N,moseri mauris,,Raffinerie d'Egypte,president,101
P00107,1947,Mosseri Maurice N,Mosseri Maurice N,moseri mauris,,Raffinerie d'Egypte,delegate,101
P00107,1947,Mosseri Maurice N,Mosseri Maurice N,moseri mauris,,"The Alexa11- dria & Ramleh Raih,·ay Co. Ltd",director,101
P00107,1947,Mosseri Maurice N,Mosseri Maurice N,moseri mauris,,S.A. des Tram\vavs d'Alexandrie,director,101
P00107,1947,Mosseri Maurice N,Mosseri Maurice N,moseri mauris,,S.E. de Tissage et Tricotage,director,101
P00107,1947,Mosseri Maurice N,Mosseri Maurice N,moseri mauris,,The National Insurance Co. of Egypt,director,101
P00107,1947,Mosseri Maurice N,Mosseri Maurice N,moseri mauris,,"Egyptian Finanr,e Cy",director,101
P00107,1947,Mosseri Maurice N,Mosseri Maurice N,moseri mauris,,Immobilia d'Egypte,director,101
P00107,1947,Mosseri Maurice N,Mosseri Maurice N,moseri mauris,,The Gabbari Land Cy,director,101
P00942,1947,Mouchly Max,Mouchly Max,mushli max,,"1 d'Administration de The Simon Arzt Stores, S.A.E",president,101
P00944,1947,Moursi Ahmed Awad,Moursi Ahmed Awad,mursi ahmed auad,,"'a Société d'Entreprises M. Cockinos, S.A.E",director,101
P00945,1947,Muller E,Muller E,muler,,National Ginning Co. of Egypt,director,101
P00945,1947,Muller E,Muller E,muler,,Sté. Viticole et Vinicole d'Egypt.8,director,101
P00946,1947,Muntz Alyan,Muntz Alyan,muntz alian,,"-ation de la Misr Al•' work, S.A.E",director,101
P01400,1947,Murray Georges Maggibon,Murray Georges Maggibon,murai georges magibon,,Société Texas Egyptienne des Pétroles,director,101
P01119,1947,Mussa,Mussa,musa,,"The Albert Mussa Agèncy & Stevedoring Co., S.A.E",managing_director,101
P00950,1947,Mustaki Armand,Mustaki Armand,mustaki armand,,"Banque d' Athènes, S.A",director,101
P00950,1947,Mustaki Armand,Mustaki Armand,mustaki armand,,"Industrie Meunière d'Alexandrie, S.A.E",director,101
P00950,1947,Mustaki Armand,Mustaki Armand,mustaki armand,,"«The Alexandria Cotton Trading Co., S.A.E",managing_director,101
P00950,1947,Mustaki Armand,Mustaki Armand,mustaki armand,,"Surveillance de«Allen & Co.""",director,101
P00950,1947,Mustaki Armand,Mustaki Armand,mustaki armand,,"Surveillance de«Allen & Co.""",council_member,101
P00950,1947,Mustaki Armand,Mustaki Armand,mustaki armand,,«The British Egyptian Automobile Got·- . pot<,director,101
P00951,1947,Nacamuli Albert,Nacamuli Albert,nakamuli albert,,Société Egyptienrw de Placements,managing_director,101
P00951,1947,Nacamuli Albert,Nacamuli Albert,nakamuli albert,,Crédit,managing_director,101
P00951,1947,Nacamuli Albert,Nacamuli Albert,nakamuli albert,,Société Générale Immobilièt-e,managing_director,101
P01401,1947,Londres,Londres,londres,,"Société Nationale de Matières Plastiques, S.A.E",president,101
P01402,1947,Linen Industry,Linen Industry,linen industri,,"Société Egyptienne des Industries Chimiques, S.A.E",director,102
P01402,1947,Linen Industry,Linen Industry,linen industri,,"Société Egyptienne des Industries Chimiques, S.A.E",adviser,102
P00472,1947,Nahas Michel,Nahas Michel,nas mishel,,Société,president,102
P00473,1947,Nahas Robert,Nahas Robert,nas robert,,Sociéte,director,102
P01403,1947,Classe,Classe,klas,,Grands Magasins Chemla,director,102
P01403,1947,Classe,Classe,klas,,Sidi Salem Co,director,102
P00474,1947,Nahman Armand V,Nahman Armand V,nahman armand,,"Garbieh Ginning Co., S.A.E",director,102
P00474,1947,Nahman Armand V,Nahman Armand V,nahman armand,,"Alexandria Pressing Co., de The Upper Egypt Ginning Co",director,102
P00474,1947,Nahman Armand V,Nahman Armand V,nahman armand,,Société des Terres Rares d'Egypte,director,102
P00954,1947,Nlahman Raphael,Nlahman Raphael,nlahman rafael,,Société Générale d'Electricité,director,102
P00954,1947,Nlahman Raphael,Nlahman Raphael,nlahman rafael,,Mécanique,director,102
P00954,1947,Nlahman Raphael,Nlahman Raphael,nlahman rafael,,Rosetta & Alexandria Rice Mills,director,102
P01404,1947,Natar Nathan Raphael,Natar Nathan Raphael,natar nathan rafael,,"Helwan Land Cy. Na.sr, Max Anis, Administl·atem Sté. Orientale Cinéma",managing_director,102
P01405,1947,Négrin Edmond N,Négrin Edmond N,negrin edmond,,Zeitoun Canning & Food Cy,director,102
P01405,1947,Négrin Edmond N,Négrin Edmond N,negrin edmond,,uNemCO»,director,102
P00956,1947,Neison Georges,Neison Georges,neison georges,,"·ation de The Hin· shelwood Paint & Oil Co. of Egypt, S.A.E",director,102
P00957,1947,Neuville Paul,Neuville Paul,neuvil paul,,Surveillance de la Sté. des Plâtres d'Albâtre,council_member,102
P00479,1947,Ni·chols D,Ni·chols D,nishols,,Société oes Autobus du Béhéra,director,102
P00479,1947,Ni·chols D,Ni·chols D,nishols,,Gharbieh. ·,director,102
P01406,1947,No~n Edouard,No~n Edouard,non eduard,,Sté. Industrielle du Moyen-Orient,vice_president,102
P00115,1947,S.E. Nubar Arakel Pacha,Nubar Arakel,nubar arakel,pasha,S.A. des Eaux du Caire,director,102
P00115,1947,S.E. Nubar Arakel Pacha,Nubar Arakel,nubar arakel,pasha,The Cairo Electric Railways and Heliopolis Oases Co,director,102
P00115,1947,S.E. Nubar Arakel Pacha,Nubar Arakel,nubar arakel,pasha,Cie. FrigorifiquJ d'Egypte. ·,director,102
P01407,1947,N~egaard A,N~egaard A,negard,,"Hel\van Portland C~­ ment Cy., S.A.E",delegate,102
P01408,1947,Léopold de Belgique Croix de Guerre Yser,Léopold de Belgique Croix de Guerre Yser,leopold belgiku kroix guer iser,,Helwan Land Cy. p,vice_president,103
P01409,1947,Pace,Pace,pas,,~o­ ciété Franco-Egyptienne d'Importation,member,103
P01409,1947,Pace,Pace,pas,,General Navigation Co. of Egypt,managing_director,103
P01409,1947,Pace,Pace,pas,,Coca-Cola Bottling Co. of Alexandria,manager,103
P01410,1947,JD'athy Ladislas,JD'athy Ladislas,gd athi ladislas,,"Alexandria Navigation Company, S.A .E",managing_director,103
P01410,1947,JD'athy Ladislas,JD'athy Ladislas,gd athi ladislas,,Alexandria Navigation Company(London) Ltd,managing_director,103
P01410,1947,JD'athy Ladislas,JD'athy Ladislas,gd athi ladislas,,"Société Industrielle et Commerciale d'Egypte (SICO), S.A.E",managing_director,103
P01410,1947,JD'athy Ladislas,JD'athy Ladislas,gd athi ladislas,,Société des Autobus du Caire,vice_president,103
P01410,1947,JD'athy Ladislas,JD'athy Ladislas,gd athi ladislas,,Société des Autobus d'Alexandt·ie,vice_president,103
P01410,1947,JD'athy Ladislas,JD'athy Ladislas,gd athi ladislas,,"Alexandria Insurance Co., S.A.E",director,103
P01410,1947,JD'athy Ladislas,JD'athy Ladislas,gd athi ladislas,,"Alexandria Life Insurance Co., S.A.E",director,103
P01410,1947,JD'athy Ladislas,JD'athy Ladislas,gd athi ladislas,,"Egyptian Road Transport Co., S.A.E",director,103
P01410,1947,JD'athy Ladislas,JD'athy Ladislas,gd athi ladislas,,Société des Autobus du Nord de la General Navigation Cy. of Egypt,director,103
P00965,1947,Pavlica Dussan,Pavlica Dussan,pavlika dusan,,Fabrique de Pto- duits Chimiques,director,103
P01411,1947,Paxton Lloyd,Paxton Lloyd,paxton loid,,The Standard Oil Co. of Egypt,director,103
P00116,1947,Pegna E,Pegna E,pegna,,Egyptian Bonded Warehouses Co,director,104
P00116,1947,Pegna E,Pegna E,pegna,,Société Pharos,director,104
P00116,1947,Pegna E,Pegna E,pegna,,"Th""' Egyptian Petroleum Storage",director,104
P00116,1947,Pegna E,Pegna E,pegna,,Alexandria Central Buildings,president,104
P01412,1947,Peillon Paul,Peillon Paul,peilon paul,,"Salvage ·& Marine Cy. of Egypt, S.A.E",director,104
P01413,1947,Perez Joseph,Perez Joseph,perez gosef,,Sté. Industrielle du Moyer Orient,director,104
P01414,1947,Perkins William H,Perkins William H,perkins uiliam,,Nile Cold Storage 1& lee Co,president,104
P01414,1947,Perkins William H,Perkins William H,perkins uiliam,,' tration de la S.A.E. «Carban,director,104
P00216,1947,Peter,Peter,peter,,"S.A.E. de Construction, ""Egycon",director,104
P00970,1947,Pezas Me. A,Pezas Me. A,pezas m,,·ta Sociétt Générale des Sucreries,director,104
P00970,1947,Pezas Me. A,Pezas Me. A,pezas m,,Raffinerie d'Egypte,director,104
P00970,1947,Pezas Me. A,Pezas Me. A,pezas m,,"!11 Société Nationale· du Papier, S.A.E",director,104
P00971,1947,Philp E. L,Philp E. L,filp,,Barclays Bank (D.C. & O.) à AlPxandrie,director,104
P01415,1947,Picciotto David de,Picciotto David de,piksioto david,,The Egyptian Land .& Buildings Co,director,104
P01416,1947,Picciotto Fernand de,Picciotto Fernand de,piksioto fernand,,"""Etablissement~ Industriels pour la Soie et le Coton»",managing_director,104
P01417,1947,Picciotto Henri,Picciotto Henri,piksioto henri,,"""Sibur»",president,104
P01417,1947,Picciotto Henri,Picciotto Henri,piksioto henri,,"""Sibur»",director,104
P01418,1947,Picciotto Joseph,Picciotto Joseph,piksioto gosef,,El Tawil Spinning .& Weaving Cy,director,104
P01419,1947,Picciotto Léon,Picciotto Léon,piksioto leon,,Etablissements Giacomo Cohenca Fiis Incorporated Inâustries,director,104
P01420,1947,Picciotto Lucien,Picciotto Lucien,piksioto lusien,,"The Nile Textile Cy., S.A.R",managing_director,104
P01420,1947,Picciotto Lucien,Picciotto Lucien,piksioto lusien,,"The Nile Textile Cy., S.A.R",general_manager,104
P00973,1947,Pierrakos Nicolas,Pierrakos Nicolas,pierakos nikolas,,"""Société Viticole et Vinicol~t d'Egypte S.A.E.n",vice_president,104
P00973,1947,Pierrakos Nicolas,Pierrakos Nicolas,pierakos nikolas,,"""Société Viticole et Vinicol~t d'Egypte S.A.E.n",managing_director,104
P00973,1947,Pierrakos Nicolas,Pierrakos Nicolas,pierakos nikolas,,"""Nestor Gianaclis (Agricultural & Commercial. Limitedn",president,104
P01421,1947,Pilavachi John,Pilavachi John,pilavashi gohn,,S.A. Immobilière Terrain~ Guizeh et Rodah,director,104
P01422,1947,Pinto Bruno B. Com. Liverpool,Pinto Bruno B. Com. Liverpool,pinto bruno kom liverpol,,"Pinto CottoP Co., S.A.E",director,104
P01422,1947,Pinto Bruno B. Com. Liverpool,Pinto Bruno B. Com. Liverpool,pinto bruno kom liverpol,,"S.A. Immobili Riuniti, S.A.E",director,104
P01422,1947,Pinto Bruno B. Com. Liverpool,Pinto Bruno B. Com. Liverpool,pinto bruno kom liverpol,,"Industrie Fibres Textiles, S.A.E",director,104
P01422,1947,Pinto Bruno B. Com. Liverpool,Pinto Bruno B. Com. Liverpool,pinto bruno kom liverpol,,"M. L. Franco & Co., (S. Pinto & Co., Succrs)",general_manager,104
P01422,1947,Pinto Bruno B. Com. Liverpool,Pinto Bruno B. Com. Liverpool,pinto bruno kom liverpol,,"Pinto & Co., Caire et Alexandrie",general_manager,104
P00975,1947,Pinto Prof. Dott. Cav. Uff. Carlo,Pinto Prof. Dott. Cav. Uff. Carlo,pinto prof dot kav uf karlo,,Società,director,105
P00497,1947,Pinto Ezio,Pinto Ezio,pinto ezio,,"Societa Anonima Immobili Riuniti, S.A.E",director,105
P00497,1947,Pinto Ezio,Pinto Ezio,pinto ezio,,S.A. d'Industrie Fibres Textiles,director,105
P00497,1947,Pinto Ezio,Pinto Ezio,pinto ezio,,"The Upper Egypt Ginning Co., S.A.E",director,105
P00497,1947,Pinto Ezio,Pinto Ezio,pinto ezio,,"Surveillance de la M. L. Franco & Co. (S. Pinto,& Co. Suce.)",council_member,105
P00497,1947,Pinto Ezio,Pinto Ezio,pinto ezio,,"Pinto Cotton Co., S.A.E",managing_director,105
P00119,1947,Pinto Silvio,Pinto Silvio,pinto silvio,,"S.A. Immobili Riuniti, S.A.E",president,105
P00119,1947,Pinto Silvio,Pinto Silvio,pinto silvio,,"Pinto Cotton Co., S.A.E",vice_president,105
P00119,1947,Pinto Silvio,Pinto Silvio,pinto silvio,,"Sté. en commandite par actions M. L. Franco,& Co. (S. Pinto & Co. Suce.)",manager,105
P01423,1947,Upper Egypt Oinning-Co,Upper Egypt Oinning-Co,uper egipt oining ko,,Egyptian Salt .& Soda Co. Ltd,director,105
P00977,1947,Pinto Uberto,Pinto Uberto,pinto uberto,,Société,director,105
P01424,1947,Anonyme des Immeubles Réunis,Anonyme des Immeubles Réunis,anonim des imeubles reunis,,The Upper Egypt,managing_director,105
P01424,1947,Anonyme des Immeubles Réunis,Anonyme des Immeubles Réunis,anonim des imeubles reunis,,Maison M. L. Franco& Co. (S. Pinto & Co. Succrs.) Alexandrie,manager,105
P01425,1947,Platt James,Platt James,plat games,,Société Mis1,director,105
P01425,1947,Platt James,Platt James,plat games,,Assurances,director,105
P01426,1947,Podesta Edward Major,Podesta Edward Major,podesta eduard magor,,"Sté. Franco Egyptienne d'Importation, S.A.E",managing_director,105
P01427,1947,Politi Elie 1,Politi Elie 1,politi eli,,Commercial Bank of,managing_director,105
P01201,1947,Egypt,Egypt,egipt,,"The Egyptian Land and Buildings Co., S.A.E",managing_director,105
P00978,1947,Pollet Masure! André,Pollet Masure! André,polet masur andr,,"Société Egyptienne de Filature et Tissage de la Laine, S.A.E",director,105
P00498,1947,Pollet Raymond,Pollet Raymond,polet raimond,,"Société Egyptienne de Filature et Tissage de Laine, S.A.E",managing_director,105
P00979,1947,Pollet Robert,Pollet Robert,polet robert,,"Société Egyptienne de Filature et Tissage de Laine, S.A.E",director,105
P01428,1947,Pollet-Thiriez Pierre,Pollet-Thiriez Pierre,polet thiriez pier,,"Société Egyptienne de Filature et Tissage de Laine, S.A.E",director,106
P00981,1947,Pontremoli Maurice B,Pontremoli Maurice B,pontremoli mauris,,"Maison d'Ameublement B. Pontremoli, S.A.E",director,106
P01429,1947,Pontremoli Rachel,Pontremoli Rachel,pontremoli rashel,,"Maison d'Ameublement B. Pontremoli, S.A.E",director,106
P01430,1947,Portos Emile,Portos Emile,portos emil,,Maison V. Toriel & Co,manager,106
P01431,1947,Dringo Stephane,Dringo Stephane,dringo stefan,,"The Egyptian Mining ,& Prospecting Co",director,106
P01432,1947,Psacharopoulo Georges,Psacharopoulo Georges,psasharopulo georges,,Sté. Misr pour les Fourrages,director,106
P01432,1947,Psacharopoulo Georges,Psacharopoulo Georges,psasharopulo georges,,The Egyptian Salkt& Soda Cy,general_manager,106
P01433,1947,Psaltis A. M,Psaltis A. M,psaltis,,Viticole & Vinicole d'Egypte,director,106
P01433,1947,Psaltis A. M,Psaltis A. M,psaltis,,Union des Agriculteurs d'Egypte,director,106
P01434,1947,Rabbath Fernand,Rabbath Fernand,rabath fernand,,Delta Trading· Co,managing_director,106
P01435,1947,Rabbath Henry,Rabbath Henry,rabath henri,,"S.A. du Béhéra, de The Anglo-American Nile Co",delegate,106
P01435,1947,Rabbath Henry,Rabbath Henry,rabath henri,,"S.A. du Béhéra, de The Anglo-American Nile Co",director,106
P01436,1947,Rachid Ibrahim Bey,Rachid Ibrahim,rashid ibraim,bey,Egyptian Shipping,president,106
P01436,1947,Rachid Ibrahim Bey,Rachid Ibrahim,rashid ibraim,bey,Egyptian Shipping,director,106
P01436,1947,Rachid Ibrahim Bey,Rachid Ibrahim,rashid ibraim,bey,«Nemeet»,president,106
P01436,1947,Rachid Ibrahim Bey,Rachid Ibrahim,rashid ibraim,bey,«Nemeet»,director,106
P00986,1947,Rachid Moustafa Bey,Rachid Moustafa,rashid mustafa,bey,"la· Société pom la Vente des Produits Egyptiens, S.A.E",director,106
P00987,1947,Raemy Bernard de,Raemy Bernard de,raemi bernard,,Cairo Sand Bricks,managing_director,106
P00987,1947,Raemy Bernard de,Raemy Bernard de,raemi bernard,,"The Electric Light-& Power Supply Co., S.A.E",director,106
P00987,1947,Raemy Bernard de,Raemy Bernard de,raemi bernard,,"Mai son Sulzer Frères, en Egypte-",general_manager,106
P00988,1947,Raftopoulos A. S,Raftopoulos A. S,raftopulos,,"-.J 'légné de la Sté. «Cigarettes Ne stos Gianaclis, S.A. E. """,director,106
P00988,1947,Raftopoulos A. S,Raftopoulos A. S,raftopulos,,"Unitas Trading 1& Financial Co., S.A.E",managing_director,106
P00503,1947,Ragheb Hanna Bey,Ragheb Hanna,ragheb hana,bey,National Contracting Co. of Egypt,director,106
P00503,1947,Ragheb Hanna Bey,Ragheb Hanna,ragheb hana,bey,"The Egyptian Independent Oil Co., S.A.E",director,106
P00505,1947,Ramlot Paul,Ramlot Paul,ramlot paul,,"Banque Belge et Internationale en Egypte, S.A.E",director,107
P00123,1947,Raybaud Max,Raybaud Max,raibaud max,,Crown-Brewery,managing_director,107
P01437,1947,Rpes William Edward,Rpes William Edward,rpes uiliam eduard,,Behrend Commercial Cy,director,107
P01438,1947,Reichfeld André,Reichfeld André,reishfeld andr,,"The National Ginning Co. of Egypt, S.A.E",managing_director,107
P01438,1947,Reichfeld André,Reichfeld André,reishfeld andr,,"The National Ginning Co. of Egypt, S.A.E",president,107
P00991,1947,Remaugé Adrien,Remaugé Adrien,remaug adrien,,la«Alexaùdria .& Ramleh Rys. Co.n,director,107
P01439,1947,Reynolds A,Reynolds A,reinolds,,The United Egyptian Nite Transport Co. et The Egyptian Copper Works,managing_director,107
P01439,1947,Reynolds A,Reynolds A,reinolds,,The United Egyptian Nite Transport Co. et The Egyptian Copper Works,director,107
P01440,1947,Riaz Mamdouh,Riaz Mamdouh,riaz mamduh,,Studios· Al Ahram,director,107
P00992,1947,Richard Edouard,Richard Edouard,rishard eduard,,"The Manure Co. of Egypt, S.A",director,107
P00993,1947,Richards G. P,Richards G. P,rishards,,Société Misr d'Assurances,director,107
P01441,1947,Richès Gustave,Richès Gustave,rishes gustav,,Comptoir Commercial,managing_director,107
P01442,1947,Economique,Economique,ekonomiku,,Commercial Insurance Cy. of Egypt,director,107
P01443,1947,Richès Victor,Richès Victor,rishes viktor,,The Union Cotton Cy. of Ale,director,107
P00995,1947,Riley E. C,Riley E. C,rilei,,General,director,107
P01444,1947,Rivelli Jean N,Rivelli Jean N,riveli gean,,The Alexandria .& Ramleh Buildings Co,manager,107
P01444,1947,Rivelli Jean N,Rivelli Jean N,riveli gean,,The Alexandria .& Ramleh Buildings Co,director,107
P01445,1947,Roberts Stanley P,Roberts Stanley P,roberts stanlei,,"The Misr Shipping, S.A.E",director,107
P01446,1947,Rodocanachi C,Rodocanachi C,rodokanashi,,Alexandria Exchange Cy. -,director,107
P01446,1947,Rodocanachi K. G,Rodocanachi K. G,rodokanashi,,Société Générale de Pressage,director,107
P01446,1947,Rodocanachi K. G,Rodocanachi K. G,rodokanashi,,Dépôts,director,107
P01447,1947,Rodriguez Eddie,Rodriguez Eddie,rodriguez edi,,Egyptian Engineering & Marine Cy,director,107
P00998,1947,Rofé Charles,Rofé Charles,rof sharles,,"Société Viticole et Vinicole d'Egypte, de Frosted Food & Cold Storage Cy",director,107
P01448,1947,Roger-Machart Ch,Roger-Machart Ch,roger mashart sh,,Crédit Foncier Egyptien,general_manager,107
P01448,1947,Roger-Machart Ch,Roger-Machart Ch,roger mashart sh,,"S.A.E. «Al Ch,arkn",director,107
P01448,1947,Roger-Machart Ch,Roger-Machart Ch,roger mashart sh,,Crédit Agricole d'Egypte,director,107
P00999,1947,Rolin Daniel Baron,Rolin Daniel Baron,rolin daniel baron,,Société Anonyme des Anciennes Entreprises L. Rolin & Co,managing_director,108
P00999,1947,Rolin Daniel Baron,Rolin Daniel Baron,rolin daniel baron,,"Electric Light & Power Supply Co., Adminis~rateur de The Cairo Suburban Building Lands",president,108
P00999,1947,Rolin Daniel Baron,Rolin Daniel Baron,rolin daniel baron,,The Egyptian Enterprise & Development Co,president,108
P01000,1947,Rolin Léon Baron,Rolin Léon Baron,rolin leon baron,,"S.A. des Anciennes Entrepri ses L. Rolin ,& Co",president,108
P01000,1947,Rolin Léon Baron,Rolin Léon Baron,rolin leon baron,,Egyptian Enterprise & Development Co. et. de la Gharbieh Land Co,president,108
P01449,1947,Rolin Louis Baron,Rolin Louis Baron,rolin luis baron,,Gharbieh Land Cy,president,108
P01003,1947,Rolo,Rolo,rolo,,"de· l'Alexandria Racing Club, S.A.E",director,108
P01002,1947,Rolo Jacques R,Rolo Jacques R,rolo gakues,,"Gar- bieh Ginning Co., S.A. ·",director,108
P00128,1947,Rolo Max,Rolo Max,rolo max,,"The Egyptian Engineering Stores (Formerly Steinemann Mabardi ,& Co.), S.A.E",president,108
P00129,1947,Roto Robert J,Roto Robert J,roto robert,,Communauté Israélite d'Alexandrie,president,108
P00129,1947,Roto Robert J,Roto Robert J,roto robert,,Société Cotonnière Maarad,president,108
P00129,1947,Roto Robert J,Roto Robert J,roto robert,,The Upper Egypt Ginning Co,president,108
P00129,1947,Roto Robert J,Roto Robert J,roto robert,,Alexandria Insurance Co,director,108
P00129,1947,Roto Robert J,Roto Robert J,roto robert,,Banque Belge et Internationale en Egypte,director,108
P00129,1947,Roto Robert J,Roto Robert J,roto robert,,New Egyptian Co,director,108
P00129,1947,Roto Robert J,Roto Robert J,roto robert,,Orient Linen Industry,director,108
P00129,1947,Roto Robert J,Roto Robert J,roto robert,,Société Belgo-Egyptienne de l' Ezkébieh,director,108
P01004,1947,Rolo Simon E,Rolo Simon E,rolo simon,,Société Egyptienne de Tissage et Tricotage,director,108
P00130,1947,Rom François,Rom François,rom frankois,,Cairo Suburban Building Land Co,president,108
P00130,1947,Rom François,Rom François,rom frankois,,Gharbieh Land Cy,vice_president,108
P00130,1947,Rom François,Rom François,rom frankois,,Anglo-Egyptian Land Allotment,director,108
P00130,1947,Rom François,Rom François,rom frankois,,l 'Egyptian Enterprise & Development,director,108
P00130,1947,Rom François,Rom François,rom frankois,,Crown Brewery,director,108
P00130,1947,Rom François,Rom François,rom frankois,,Société Anonyme Belge-Egyptienne,managing_director,108
P01450,1947,Rosenberg M. M,Rosenberg M. M,rosenberg,,"Associated Industries, S.A.E",delegate,108
P01451,1947,Rossano Charles,Rossano Charles,rosano sharles,,"S.A. de Nettoyage et Pressage de Coton, S.A.E",director,108
P01451,1947,Rossano Charles,Rossano Charles,rosano sharles,,Cotonnière,director,108
P01451,1947,Rossano Charles,Rossano Charles,rosano sharles,,Import & Export Bank of Egypt,director,108
P01451,1947,Rossano Charles,Rossano Charles,rosano sharles,,"General Warehouses Cy. of Egypt, S.A.E",director,108
P01451,1947,Rossano Charles,Rossano Charles,rosano sharles,,The Egyptian Cotton,director,108
P01452,1947,Rossano Fernand,Rossano Fernand,rosano fernand,,Egyptian Cotton & Trading Cy,director,108
P01453,1947,Rossetto Victor,Rossetto Victor,roseto viktor,,Sté. des Emballages,managing_director,108
P01007,1947,Rouchdy Ahmed Bey,Rouchdy Ahmed,rushdi ahmed,bey,Egyptian Gene1·al Omnibus Co,director,108
P01007,1947,Rouchdy Ahmed Bey,Rouchdy Ahmed,rushdi ahmed,bey,dans la Sté. d'E,member,108
P01007,1947,Rouchdy Ahmed Bey,Rouchdy Ahmed,rushdi ahmed,bey,dans la Sté. d'E,partner,108
P01454,1947,Rouchdy Mohamed Bey,Rouchdy Mohamed,rushdi moamed,bey,"The Misr Concrète Development Co., S.A.E",director,109
P01454,1947,Rouchdy Mohamed Bey,Rouchdy Mohamed,rushdi moamed,bey,Société Egyptienne pour le Tannage,director,109
P01454,1947,Rouchdy Mohamed Bey,Rouchdy Mohamed,rushdi moamed,bey,"Industrie du Cuir, S.A.E",director,109
P01454,1947,Rouchdy Mohamed Bey,Rouchdy Mohamed,rushdi moamed,bey,Société Misr pour le Théâtre et le Cinéma,director,109
P01454,1947,Rouchdy Mohamed Bey,Rouchdy Mohamed,rushdi moamed,bey,"Société Misr pour l'Industrie Pharmaceutique, S.A.E",director,109
P01454,1947,Rouchdy Mohamed Bey,Rouchdy Mohamed,rushdi moamed,bey,Cooperative Commerciale de Crédit,director,109
P01454,1947,Rouchdy Mohamed Bey,Rouchdy Mohamed,rushdi moamed,bey,Crédit Agricole d'Egypte,director,109
P01455,1947,Belgique,Belgique,belgiku,,Commercial & Agency Gy. of Egypt,director,109
P00130,1947,Rustom François P,Rustom François P,rustom frankois,,Société Egyptienne de Placements,director,109
P00130,1947,Rustom François P,Rustom François P,rustom frankois,,Crédit,director,109
P01009,1947,Rutimeyer R. L,Rutimeyer R. L,rutimeier,,"Nile Ginning Co., S.A.E. (Minia)",managing_director,109
P01456,1947,Rye Edward,Rye Edward,ri eduard,,Otient Linen Industry. s,director,109
P00521,1947,Saab Comte Sélim de,Saab Comte Sélim de,sab komt selim,,Union Foncière d'Egypte,director,109
P01457,1947,Saad Alexander,Saad Alexander,sad alexander,,Transport & Engineering Gy,director,109
P01457,1947,Saad Alexander,Saad Alexander,sad alexander,,The New National Trading,director,109
P01458,1947,Saad el Labbane,Saad el Labbane,sad laban,,"Chemical, Industrial & Trading Gy",director,109
P00624,1947,Saad,Saad,sad,,Transport & Engineering Gy,managing_director,109
P00522,1947,Sabri Yacoub Bey,Sabri Yacoub,sabri iakub,bey,Gharbieh Land Co. ·,director,109
P00523,1947,S.E. Sabry Chérif Pacha,Sabry Chérif,sabri sherif,pasha,Egyptian Shipping Gy,president,109
P00523,1947,S.E. Sabry Chérif Pacha,Sabry Chérif,sabri sherif,pasha,Farghaly Cotton .& Investment Gy,vice_president,109
P00523,1947,S.E. Sabry Chérif Pacha,Sabry Chérif,sabri sherif,pasha,National Bank of Egypt,director,109
P00523,1947,S.E. Sabry Chérif Pacha,Sabry Chérif,sabri sherif,pasha,Cie. Universelle du Canal Maritime de Suez,director,109
P00523,1947,S.E. Sabry Chérif Pacha,Sabry Chérif,sabri sherif,pasha,Société Anonyme des Eaux du Caire,director,109
P00523,1947,S.E. Sabry Chérif Pacha,Sabry Chérif,sabri sherif,pasha,Compagnie Frigorifique d'E· gypte,director,109
P00523,1947,S.E. Sabry Chérif Pacha,Sabry Chérif,sabri sherif,pasha,Société de Ciment. Portland Tom·ah,director,109
P00524,1947,S.E. Sabry Hussein Pacha,Sabry Hussein,sabri husein,pasha,"Société Egyptienne de Constructions, S.A.E. (Egyco)",president,110
P00524,1947,S.E. Sabry Hussein Pacha,Sabry Hussein,sabri husein,pasha,"The North East Africa Trading Gy., S.A.E",president,110
P00524,1947,S.E. Sabry Hussein Pacha,Sabry Hussein,sabri husein,pasha,"The Khedivial Mail Line, S.A.E",president,110
P00524,1947,S.E. Sabry Hussein Pacha,Sabry Hussein,sabri husein,pasha,The Kafr El Zayat Cotton Co,president,110
P00524,1947,S.E. Sabry Hussein Pacha,Sabry Hussein,sabri husein,pasha,Sté. Anonyme Egyptienne des Industries Textiles,director,110
P00524,1947,S.E. Sabry Hussein Pacha,Sabry Hussein,sabri husein,pasha,The Alexandria \Vater Co,director,110
P00524,1947,S.E. Sabry Hussein Pacha,Sabry Hussein,sabri husein,pasha,The Cairo Electric Railw ays & Heliopolis Oases Co,director,110
P01012,1947,Sachs Freddy,Sachs Freddy,sashs fredi,,"The Sheffield Smelting Co. (Egypt), S.A",director,110
P01012,1947,Sachs Freddy,Sachs Freddy,sashs fredi,,Moulins «Al Mahmoudieh»,director,110
P01459,1947,S.E. Sadek Hassan Pacha,Sadek Hassan,sadek hasan,pasha,The National Metal Industries,president,110
P01460,1947,Grand Officier Couronne Belge,Grand Officier Couronne Belge,grand ofisier kuron belg,,"Import ,& Export Bank of Egypt S.A.E",president,110
P01460,1947,Grand Officier Couronne Belge,Grand Officier Couronne Belge,grand ofisier kuron belg,,"Import ,& Export Bank of Egypt S.A.E",managing_director,110
P01460,1947,Grand Officier Couronne Belge,Grand Officier Couronne Belge,grand ofisier kuron belg,,Clothing & Equipment Co,president,110
P01460,1947,Grand Officier Couronne Belge,Grand Officier Couronne Belge,grand ofisier kuron belg,,Egyptian Cotton & Trading Gy,vice_president,110
P01460,1947,Grand Officier Couronne Belge,Grand Officier Couronne Belge,grand ofisier kuron belg,,National Metal Industries,director,110
P01460,1947,Grand Officier Couronne Belge,Grand Officier Couronne Belge,grand ofisier kuron belg,,Misr Car & Engineering Co,director,110
P01460,1947,Grand Officier Couronne Belge,Grand Officier Couronne Belge,grand ofisier kuron belg,,"Beida Dyers, S.A",vice_president,110
P01460,1947,Grand Officier Couronne Belge,Grand Officier Couronne Belge,grand ofisier kuron belg,,"The Egyptian Copper Works, S.A.E",president,110
P01460,1947,Grand Officier Couronne Belge,Grand Officier Couronne Belge,grand ofisier kuron belg,,Egyptian Shipping Gy,director,110
P01460,1947,Grand Officier Couronne Belge,Grand Officier Couronne Belge,grand ofisier kuron belg,,Alexandria Transport Co,director,110
P01460,1947,Grand Officier Couronne Belge,Grand Officier Couronne Belge,grand ofisier kuron belg,,Société Misr de Filature,director,110
P01460,1947,Grand Officier Couronne Belge,Grand Officier Couronne Belge,grand ofisier kuron belg,,Tissage Fin en Coton Egyptien (Usines Kafr El Dawar),director,110
P01460,1947,Grand Officier Couronne Belge,Grand Officier Couronne Belge,grand ofisier kuron belg,,National Bank of Egypt,director,110
P01460,1947,Grand Officier Couronne Belge,Grand Officier Couronne Belge,grand ofisier kuron belg,,Société Egyptienne d'Entreprises et Constructions (SEDEC),director,110
P01460,1947,Grand Officier Couronne Belge,Grand Officier Couronne Belge,grand ofisier kuron belg,,Société Misr pour le Théâtre et le Cinéma,director,110
P01460,1947,Grand Officier Couronne Belge,Grand Officier Couronne Belge,grand ofisier kuron belg,,Société Misr de Filature,director,110
P01460,1947,Grand Officier Couronne Belge,Grand Officier Couronne Belge,grand ofisier kuron belg,,"Tissage, S.A.E",director,110
P01460,1947,Grand Officier Couronne Belge,Grand Officier Couronne Belge,grand ofisier kuron belg,,Societé Misr pour le Tissage de la. Soie,director,110
P01460,1947,Grand Officier Couronne Belge,Grand Officier Couronne Belge,grand ofisier kuron belg,,Société Misr pour l'Exportation du Coton (ex-Lindemann),director,110
P00526,1947,S.E. Sadik Henein Pacha,Sadik Henein,sadik henein,pasha,S.A. des Eaux du Caire,managing_director,110
P00526,1947,S.E. Sadik Henein Pacha,Sadik Henein,sadik henein,pasha,Compagnie Frigorifique d'Egypte,managing_director,110
P00526,1947,S.E. Sadik Henein Pacha,Sadik Henein,sadik henein,pasha,National Bank of Egypt,director,110
P00526,1947,S.E. Sadik Henein Pacha,Sadik Henein,sadik henein,pasha,Société de Cigarettes Nestor Gianaclis,president,110
P01014,1947,S.E. Said Hassan Pacha,Said Hassan,said hasan,pasha,FIliales Egyptiennes de la Dresdner B(\nk,manager,110
P01014,1947,S.E. Said Hassan Pacha,Said Hassan,said hasan,pasha,Crédit Agricole d'Egypte,director,110
P01014,1947,S.E. Said Hassan Pacha,Said Hassan,said hasan,pasha,Banque Hypothécaire Agricole d'Egypte,director,110
P01014,1947,S.E. Said Hassan Pacha,Said Hassan,said hasan,pasha,Société Royale d'Agriculture,director,110
P01461,1947,Sakellarios Nicolas,Sakellarios Nicolas,sakelarios nikolas,,Jardins et Vignobles d'Egypte,director,110
P01462,1947,Salah el Dîne El Chourbagui·,Salah el Dîne El Chourbagui·,salah din shurbagui,,Sté. Al Chark pour la Filature et le Tissage,director,110
P00529,1947,Salama Joseph M,Salama Joseph M,salama gosef,,Usines Réunies d'Egrenage,managing_director,111
P00529,1947,Salama Joseph M,Salama Joseph M,salama gosef,,Huileries,managing_director,111
P00529,1947,Salama Joseph M,Salama Joseph M,salama gosef,,Behrend Commercial Cy,director,111
P01015,1947,Salama Marco,Salama Marco,salama marko,,Maison «Les Fils de Zaketto Salama .& Co.»,manager,111
P01015,1947,Salama Marco,Salama Marco,salama marko,,"la>General Society for Banking, Trading .& Land Entreprises, S.A.E",director,111
P01463,1947,Salama Max J,Salama Max J,salama max,,Behrend Commercial Cy,managing_director,111
P00531,1947,Salama Salvatore,Salama Salvatore,salama salvator,,Rosetta r& Alexandria Ri ce Mills,president,111
P00531,1947,Salama Salvatore,Salama Salvatore,salama salvator,,Rosetta r& Alexandria Ri ce Mills,managing_director,111
P00531,1947,Salama Salvatore,Salama Salvatore,salama salvator,,Behrend Commercial Gy,president,111
P00531,1947,Salama Salvatore,Salama Salvatore,salama salvator,,Usines Réunies d'Egrenage,president,111
P00531,1947,Salama Salvatore,Salama Salvatore,salama salvator,,HUIleries,president,111
P00531,1947,Salama Salvatore,Salama Salvatore,salama salvator,,Import .& Export Bank of Egypt,vice_president,111
P00531,1947,Salama Salvatore,Salama Salvatore,salama salvator,,Société Egyptienne de la Bourse Commerciale de Minet El Bassal,director,111
P00531,1947,Salama Salvatore,Salama Salvatore,salama salvator,,Société Egyptienne de Conserves alimentaires,director,111
P01464,1947,Salem Maurice O,Salem Maurice O,salem mauris,,Soc. d'Avances Commerciales,director,111
P01464,1947,Salem Maurice O,Salem Maurice O,salem mauris,,Grands Magasins Chemla,director,111
P00533,1947,Salem Ovadia,Salem Ovadia,salem ovadia,,Gr. Mag·. Chemla,vice_president,111
P00533,1947,Salem Ovadia,Salem Ovadia,salem ovadia,,Société d'Avances Commerciales,managing_director,111
P00533,1947,Salem Ovadia,Salem Ovadia,salem ovadia,,S.A. des Drogueries d'Egypte,director,111
P00533,1947,Salem Ovadia,Salem Ovadia,salem ovadia,,Société Misr pour le Lin,director,111
P00533,1947,Salem Ovadia,Salem Ovadia,salem ovadia,,Société Misr pour les Huiles,director,111
P00533,1947,Salem Ovadia,Salem Ovadia,salem ovadia,,Sidi Salem Estat'e of Egypt,director,111
P00533,1947,Salem Ovadia,Salem Ovadia,salem ovadia,,Sté. Industrielle du Moyen-Orient,director,111
P00533,1947,Salem Ovadia,Salem Ovadia,salem ovadia,,Palestine Discount Bank,director,111
P00533,1947,Salem Ovadia,Salem Ovadia,salem ovadia,,Palestine Mercantile Bank Ltd,director,111
P00134,1947,Salvago Constantin M,Salvago Constantin M,salvago konstantin,,Société Egyptienne des Pétro les,director,111
P00134,1947,Salvago Constantin M,Salvago Constantin M,salvago konstantin,,The National Petroleum Co,director,111
P00134,1947,Salvago Constantin M,Salvago Constantin M,salvago konstantin,,Garbieh Ginning Co,director,111
P00134,1947,Salvago Constantin M,Salvago Constantin M,salvago konstantin,,Filature Nationale d'Egypte,director,111
P00134,1947,Salvago Constantin M,Salvago Constantin M,salvago konstantin,,Société Anonyme de Nettoyage,director,111
P00134,1947,Salvago Constantin M,Salvago Constantin M,salvago konstantin,,Pressage de Coton,director,111
P00134,1947,Salvago Constantin M,Salvago Constantin M,salvago konstantin,,S.A.E. CAR BA,director,111
P00134,1947,Salvago Constantin M,Salvago Constantin M,salvago konstantin,,"The Egyptian Copper Works, S.A.E",director,111
P00534,1947,Salvago Michel C,Salvago Michel C,salvago mishel,,Communauté Hellénique d'Ale- . xandrie,president,111
P00534,1947,Salvago Michel C,Salvago Michel C,salvago mishel,,Fédération Egyptienne düs Industries,vice_president,111
P00534,1947,Salvago Michel C,Salvago Michel C,salvago mishel,,The Land Bank of Egypt,president,111
P00534,1947,Salvago Michel C,Salvago Michel C,salvago mishel,,Alexandria .& Ramleh Ry. Co,president,111
P00534,1947,Salvago Michel C,Salvago Michel C,salvago mishel,,Alexandria \\Tater Gy. Ltd,president,111
P00534,1947,Salvago Michel C,Salvago Michel C,salvago mishel,,Filature Nationale d'Egypte,president,111
P00534,1947,Salvago Michel C,Salvago Michel C,salvago mishel,,Société Egyptienne des Industries Textiles,president,111
P00534,1947,Salvago Michel C,Salvago Michel C,salvago mishel,,Sté. Eg. de l'Industrie de la Bonneterie,president,111
P00534,1947,Salvago Michel C,Salvago Michel C,salvago mishel,,Société Anonym~ du Béhéra,president,111
P00534,1947,Salvago Michel C,Salvago Michel C,salvago mishel,,"Alexandria Transport Co., S.A.E",president,111
P00534,1947,Salvago Michel C,Salvago Michel C,salvago mishel,,S.A. de Nettoyage et Pressage du Coton,vice_president,111
P00534,1947,Salvago Michel C,Salvago Michel C,salvago mishel,,Gabbari Land Co,vice_president,111
P00534,1947,Salvago Michel C,Salvago Michel C,salvago mishel,,National Bank of Egypt,director,111
P00534,1947,Salvago Michel C,Salvago Michel C,salvago mishel,,Banque d' AthènHs,director,111
P00534,1947,Salvago Michel C,Salvago Michel C,salvago mishel,,National Insurance Co,director,111
P01465,1947,Sami Off,Sami Off,sami of,,Sté. Al Chark Filature et le Tissage,director,112
P01466,1947,Santarelli Michel,Santarelli Michel,santareli mishel,,Chemical Industries Development,director,112
P01467,1947,Saouaf Camille,Saouaf Camille,sauaf kamil,,Upper Egypt Mining Co,director,112
P01468,1947,Sariyanni Demosthène A,Sariyanni Demosthène A,sariani demosthen,,Choremi Benachi Cotton Gy,director,112
P01469,1947,Sarofim Shalaby Bey,Sarofim Shalaby,sarofim shalabi,bey,Import & Export Bank of Egypt,president,112
P01469,1947,Sarofim Shalaby Bey,Sarofim Shalaby,sarofim shalabi,bey,Import & Export Bank of Egypt,managing_director,112
P01469,1947,Sarofim Shalaby Bey,Sarofim Shalaby,sarofim shalabi,bey,Import & Export Bank of Egypt,director,112
P01201,1947,Egypt,Egypt,egipt,,«Almina»,director,112
P01018,1947,Savon G. L,Savon G. L,savon,,"United Egyptian Salt, Ltd",managing_director,112
P01018,1947,Savon G. L,Savon G. L,savon,,"United Egyptian Salt, Ltd",director,112
P01018,1947,Savon G. L,Savon G. L,savon,,National Insurance Co. (Ace. Inc. & Risques Divers),director,112
P01018,1947,Savon G. L,Savon G. L,savon,,Nat. Ins. Co. (Life Ins. Co.),director,112
P01240,1947,Paris,Paris,paris,,"Société des Autobus du Nord, S.A. E",director,112
P01240,1947,Paris,Paris,paris,,Société des Omnibus de Fayoum,director,112
P01240,1947,Paris,Paris,paris,,Société des Autobus du Caire,director,112
P01019,1947,Sayed El Lozy Eff,Sayed El Lozy Eff,saied lozi ef,,-Directem Général de la Société Misr pour le Tissage de la Soie,director,112
P01019,1947,Sayed El Lozy Eff,Sayed El Lozy Eff,saied lozi ef,,Eastern,director,112
P01470,1947,S.E. El Sayed Mohamed Badraoui Pacha,El Sayed Mohamed Badraoui,saied moamed badraui,pasha,"Société Nationale de Papier, S.A.E",director,112
P01470,1947,S.E. El Sayed Mohamed Badraoui Pacha,El Sayed Mohamed Badraoui,saied moamed badraui,pasha,Sté. Nationale des Matières Plastiques,director,112
P01471,1947,S.E. Sayed Mohamed Badraoui Achour Pacha Député,Sayed Mohamed Badraoui Achour Pacha Député,saied moamed badraui ashur pasha deput,,Société Misr de Filature,director,112
P01471,1947,S.E. Sayed Mohamed Badraoui Achour Pacha Député,Sayed Mohamed Badraoui Achour Pacha Député,saied moamed badraui ashur pasha deput,,"Tissage, S.A.E",director,112
P01472,1947,Scamvouyeras Panayotti,Scamvouyeras Panayotti,skamvuieras panaioti,,Jardins & Vignobles d'Egypte,director,112
P01473,1947,Schaechter H,Schaechter H,shaeshter,,Chemical Industries,director,112
P01021,1947,Schasca O,Schasca O,shaska,,Banque de Commerce N. Tepeghiosi .& Co,manager,112
P01474,1947,Sc:hellenberg Hans,Sc:hellenberg Hans,shelenberg hans,,"S.A. du Béhéra, de la Delta Trading Co",director,112
P01474,1947,Sc:hellenberg Hans,Sc:hellenberg Hans,shelenberg hans,,"Abram, S.A.E",director,112
P01474,1947,Sc:hellenberg Hans,Sc:hellenberg Hans,shelenberg hans,,S.A.E. de Métallurgie,director,112
P01474,1947,Sc:hellenberg Hans,Sc:hellenberg Hans,shelenberg hans,,Gérance Immobilière,director,112
P01022,1947,Schmidheiny Ernst,Schmidheiny Ernst,shmidheini ernst,,'lation de Ja,director,112
P01475,1947,Schmidheiny Jacob,Schmidheiny Jacob,shmidheini gakob,,Soci~té,director,112
P01023,1947,Sehmidheiny Max,Sehmidheiny Max,sehmidheini max,,Société,managing_director,112
P01476,1947,Schoenman Juljan,Schoenman Juljan,shoenman gulgan,,S.A.E. Moulins «Al-Ma.hmoudiehn,director,112
P01477,1947,Sc::houten Fernand,Sc::houten Fernand,shuten fernand,,S.A.E. Financière & Immobilière,director,112
P01478,1947,Conseil,Conseil,konseil,,Sté. Egyptienne des Bois d Matériaux ( SEBEM),director,113
P01478,1947,Conseil,Conseil,konseil,,Société pour la Fabrication ct l'Exportation des Conserves (S.E.F.E.C.) ~ The Egyptian,director,113
P01201,1947,Egypt,Egypt,egipt,,Office des Territoires Occupés ou Contrôlés,general_manager,113
P01201,1947,Egypt,Egypt,egipt,,"The Egyptian Engineering ,& Marine Cy",president,113
P01201,1947,Egypt,Egypt,egipt,,Tramways d'Alexandrie,director,113
P01201,1947,Egypt,Egypt,egipt,,S.A. du Wadi Kom Ombo,director,113
P01201,1947,Egypt,Egypt,egipt,,The Electric Light & Power Supply Cy,director,113
P01201,1947,Egypt,Egypt,egipt,,Sté. des Autobus du Nord,director,113
P01201,1947,Egypt,Egypt,egipt,,Josy Film,director,113
P01479,1947,Sedky Aziz,Sedky Aziz,sedki aziz,,Etabl. Giacomo Cohenca~ Incorporated Industrie,director,113
P01480,1947,S.E. Sedky,Sedky,sedki,,Sociétés Anonymes Egyptiennes. •,president,113
P01480,1947,S.E. Sedky,Sedky,sedki,,Sociétés Anonymes Egyptiennes. •,director,113
P01027,1947,S.E. Sedky Kamel Pacha,Sedky Kamel,sedki kamel,pasha,Crédit Agricole d'Egypte,director,113
P01481,1947,Sekaly Achille Bey,Sekaly Achille,sekali ashil,bey,J'Egyptian Sisal Manufacturing Cy,delegate,113
P01481,1947,Sekaly Achille Bey,Sekaly Achille,sekali ashil,bey,Egyptian Rubber& Shoes Industry,director,113
P01481,1947,Sekaly Achille Bey,Sekaly Achille,sekali ashil,bey,Nouveaux Hôtels d'Egypte,director,113
P01028,1947,Sellas André,Sellas André,selas andr,,GarbiehrGinning Co,director,113
P01031,1947,Serageldine Anis,Serageldine Anis,serageldin anis,,"Rosetta & Alexandria Rice Mille Co., S.A.E",director,113
P01482,1947,Setton César,Setton César,seton sesar,,1GERCO,director,113
P01482,1947,Setton César,Setton César,seton sesar,,Sté. Agr. et Urbaine «Le Fayoum». ·,director,113
P01483,1947,Sevastopulo Ambroise,Sevastopulo Ambroise,sevastopulo ambrois,,Nat. Ins. Co. of Egypt (Ace. Inc. et Risques Divers),managing_director,113
P01483,1947,Sevastopulo Ambroise,Sevastopulo Ambroise,sevastopulo ambrois,,National Ins. Co. of Egypt (Life Ins. Co.),managing_director,113
P00545,1947,Shamà Me. André,Shamà Me. André,shama m andr,,"GP- neral Society for Banking, Trading & Land Enterprises, S.A.E",director,113
P00545,1947,Shamà Me. André,Shamà Me. André,shama m andr,,Société Générale d 'Electricité,director,113
P00545,1947,Shamà Me. André,Shamà Me. André,shama m andr,,Mécanique,director,113
P00136,1947,Shamà Elie F,Shamà Elie F,shama eli,,S.A. Immobilière du Domaine de Si ouf,managing_director,113
P01484,1947,S.E. Shamsy Aly Pacha,Shamsy Aly,shamsi ali,pasha,National Bank of Egypt,president,113
P01484,1947,S.E. Shamsy Aly Pacha,Shamsy Aly,shamsi ali,pasha,S.A. des Eaux du Caire de la Compagnie Frigorifique d'Egypte,president,113
P01484,1947,S.E. Shamsy Aly Pacha,Shamsy Aly,shamsi ali,pasha,Oonseil d'Administration de la Société Egyptienne de Ciment Portland Tourah,member,113
P01484,1947,S.E. Shamsy Aly Pacha,Shamsy Aly,shamsi ali,pasha,Gouvernement à la Compagnie Universelle du Canal Maritime de Suez,auditor,113
P01033,1947,Sheriff Robert,Sheriff Robert,sherif robert,,The United Bus Co,director,114
P01034,1947,S.E. Simaika Wassef Pacha,Simaika Wassef,simaika uasef,pasha,Conseil d'Administration de l'Alexandria Navigation Co,member,114
P01034,1947,S.E. Simaika Wassef Pacha,Simaika Wassef,simaika uasef,pasha,The Eiectricity & lee Supply Co,member,114
P01034,1947,S.E. Simaika Wassef Pacha,Simaika Wassef,simaika uasef,pasha,"Textile de Choubrah, S.A.E",member,114
P01034,1947,S.E. Simaika Wassef Pacha,Simaika Wassef,simaika uasef,pasha,S.A. des Anciens Etablissements D.C.~. Brooks,member,114
P01035,1947,Sims Marshall George,Sims Marshall George,sims marshal georg,,"â' Actministration de la Société Carrier-Egypt, S.A.E",president,114
P01035,1947,Sims Marshall George,Sims Marshall George,sims marshal georg,,"â' Actministration de la Société Carrier-Egypt, S.A.E",council_member,114
P01036,1947,Maison Choremi,Maison Choremi,maison shoremi,,Sté. An. des Presses Libres Egyptiennes,director,114
P01036,1947,Maison Choremi,Maison Choremi,maison shoremi,,Banque d'Athènes,director,114
P01036,1947,Maison Choremi,Maison Choremi,maison shoremi,,Gabbari Land Co,director,114
P01485,1947,Sinigaglia Carlo,Sinigaglia Carlo,sinigaglia karlo,,S.A. des Immeubles d'E · gyp te,director,114
P01485,1947,Sinigaglia Carlo,Sinigaglia Carlo,sinigaglia karlo,,S.A. des Chemins de Fer Kéneh-Assouan,director,114
P01486,1947,Sirakian S. lng,Sirakian S. lng,sirakian lng,,Société des Publications Egyptiennes,director,114
P00524,1947,S.E. Sirry Hussein Pacha,Sirry Hussein,siri husein,pasha,Red Sea Mining Co,president,114
P00524,1947,S.E. Sirry Hussein Pacha,Sirry Hussein,siri husein,pasha,Red Sea Mining Co,council_member,114
P01487,1947,Cottop Spinning,Cottop Spinning,kotop spining,,National Bank of Egypt,director,114
P01487,1947,Cottop Spinning,Cottop Spinning,kotop spining,,"Société Anonyme de Wadi Kom Ombo, \le la Société Générale des Sucreries",director,114
P01487,1947,Cottop Spinning,Cottop Spinning,kotop spining,,Raffinerie d'Egypte,director,114
P01488,1947,S.E. Sirry Mohamed Pacha,Sirry Mohamed,siri moamed,pasha,Nile Brewery,president,114
P01039,1947,Small Irving,Small Irving,smal irving,,"The Simon Arzt Stores, S.A.E",director,114
P01040,1947,Smouha Joseph,Smouha Joseph,smua gosef,,Beida,director,114
P00552,1947,Sofio S,Sofio S,sofio,,Alexandria Rxchange Co,director,114
P01489,1947,S.S. le Nabil Soliman Daoud,S.S. le Nabil Soliman Daoud,l nabil soliman daud,,Sté. Agricole «LI] Fayoumn,president,114
P01042,1947,Sorbara Salvator,Sorbara Salvator,sorbara salvator,,"Société Immobilière de Zamalek, S.A.E",director,114
P01490,1947,Sourour Hassan Me,Sourour Hassan Me,surur hasan m,,"So- ciétés, Industriel. ·",director,115
P01491,1947,Spetseropoulo Georges D,Spetseropoulo Georges D,spetseropulo georges,,"The United Egyptian Nile Transport Cy. S.E. Sir C. lW. Spinks (Pacha), MajOT General (El Ferik) K.B.E",managing_director,115
P01491,1947,Spetseropoulo Georges D,Spetseropoulo Georges D,spetseropulo georges,,Egyptian Works& Constructions,president,115
P01491,1947,Spetseropoulo Georges D,Spetseropoulo Georges D,spetseropulo georges,,S.A.E. des Chaussures Bata,president,115
P01491,1947,Spetseropoulo Georges D,Spetseropoulo Georges D,spetseropulo georges,,Société Egyptienne pour la FabriGation,president,115
P01491,1947,Spetseropoulo Georges D,Spetseropoulo Georges D,spetseropulo georges,,"Exportation des Conserves, S.A.E",president,115
P01491,1947,Spetseropoulo Georges D,Spetseropoulo Georges D,spetseropulo georges,,Khedivial Mail Line,president,115
P01492,1947,Strangman,Strangman,strangman,,S.E. de Ciment Portland Tourah,director,115
P00144,1947,Sultan Dr. Fouad Bey,Sultan Dr. Fouad,sultan dr fuad,bey,Société Egyptienne pour le Tannage,president,115
P00144,1947,Sultan Dr. Fouad Bey,Sultan Dr. Fouad,sultan dr fuad,bey,"Industrie du Cuir, S.A.E",president,115
P00144,1947,Sultan Dr. Fouad Bey,Sultan Dr. Fouad,sultan dr fuad,bey,Banque du Crédit Agricole d'Egypte,director,115
P00144,1947,Sultan Dr. Fouad Bey,Sultan Dr. Fouad,sultan dr fuad,bey,"Banque de Crédit Hypothécaire Agricole d'Egypte, S.A.E",director,115
P00144,1947,Sultan Dr. Fouad Bey,Sultan Dr. Fouad,sultan dr fuad,bey,Rosetta & Alexandria Rice Mills,director,115
P00144,1947,Sultan Dr. Fouad Bey,Sultan Dr. Fouad,sultan dr fuad,bey,"Société Egyptienne pour le Développement et le Commerce des Légumes, Fruits et Fleurs",director,115
P00144,1947,Sultan Dr. Fouad Bey,Sultan Dr. Fouad,sultan dr fuad,bey,"Société Hongra-Egyptienne pour le Commerce, S.A",director,115
P00144,1947,Sultan Dr. Fouad Bey,Sultan Dr. Fouad,sultan dr fuad,bey,"Etablissements IndustriP,ls pour la Soie et le Coton",president,115
P00144,1947,Sultan Dr. Fouad Bey,Sultan Dr. Fouad,sultan dr fuad,bey,Béni Mazar Urbaine et Rurale,president,115
P00144,1947,Sultan Dr. Fouad Bey,Sultan Dr. Fouad,sultan dr fuad,bey,"Alexandria Racing Club, S.A.E",director,115
P00144,1947,Sultan Dr. Fouad Bey,Sultan Dr. Fouad,sultan dr fuad,bey,iQERCO,director,115
P00144,1947,Sultan Dr. Fouad Bey,Sultan Dr. Fouad,sultan dr fuad,bey,Société Misr de Tabacs et Cigarette,director,115
P01049,1947,Sursocl\ Nicolas Alexandre,Sursocl\ Nicolas Alexandre,sursokl nikolas alexandr,,S.A. des Immeubles d'Egypte,president,115
P01049,1947,Sursocl\ Nicolas Alexandre,Sursocl\ Nicolas Alexandre,sursokl nikolas alexandr,,National Insurance Co,director,115
P00146,1947,Sursock Vladimir,Sursock Vladimir,sursok vladimir,,Kafr El Zayat Cotton Co,vice_president,115
P00146,1947,Sursock Vladimir,Sursock Vladimir,sursok vladimir,,Adrmnistration de la Kafr El Zayat Land Co,council_member,115
P00146,1947,Sursock Vladimir,Sursock Vladimir,sursok vladimir,,The Mediterranean Co. for General Tracte ( Egypt) S.A,council_member,115
P00146,1947,Sursock Vladimir,Sursock Vladimir,sursok vladimir,,Abou Zaabal& Kafr el Zayat Fertiliser & Chemical Cy. (AKFAC),council_member,115
P01051,1947,Sénateur,Sénateur,senateur,,"Manufacture Egyptienne de Bonneterie et Tricotage El-Nii, S.A.E",president,116
P01051,1947,Sénateur,Sénateur,senateur,,Société Liban-Egypte,president,116
P01051,1947,Sénateur,Sénateur,senateur,,·ation du Salvage & Marine Co. of,vice_president,116
P01493,1947,Tagher Albert Bey Me,Tagher Albert Bey Me,tagher albert bei m,,Upper Egypt Mining Co,director,116
P01494,1947,Tagher François,Tagher François,tagher frankois,,«Etablissements Industriels pour la Soie et le Coton,managing_director,116
P01495,1947,Tagher Omar,Tagher Omar,tagher omar,,Etablissements Industriels pour la Soie et le Coton,director,116
P00566,1947,Tagher Oscar,Tagher Oscar,tagher oskar,,Sté. California Texas des Pétl·oles,director,116
P00566,1947,Tagher Oscar,Tagher Oscar,tagher oskar,,Société California Eg. des Pétroles,director,116
P00566,1947,Tagher Oscar,Tagher Oscar,tagher oskar,,Sté. Texas Egyptienne des Pétroles,director,116
P00566,1947,Tagher Oscar,Tagher Oscar,tagher oskar,,Aboukir Cy,director,116
P00566,1947,Tagher Oscar,Tagher Oscar,tagher oskar,,Ford Motor Cy. (Egypt) S.A.E,director,116
P00566,1947,Tagher Oscar,Tagher Oscar,tagher oskar,,The Egyptian Road Construction,director,116
P00566,1947,Tagher Oscar,Tagher Oscar,tagher oskar,,The Amalgamated lee Factories & Cold Stores et General Navigation Cy. of Egypt,director,116
P01496,1947,S.E. Taher Hassan Hosnr Pacha,Taher Hassan Hosnr,taer hasan hosnr,pasha,Egyptian Sisal Manufacturing Cy,president,116
P01497,1947,S.E. Taher Mahmoud Hamtdi Pacha,Taher Mahmoud Hamtdi,taer mahmud hamtdi,pasha,Egyptian Rubber& Shoes Industry,president,116
P01497,1947,S.E. Taher Mahmoud Hamtdi Pacha,Taher Mahmoud Hamtdi,taer mahmud hamtdi,pasha,Nouveaux Hôtels d'Egypte,director,116
P00568,1947,S.E. Taher Mohamed Pacha,Taher Mohamed,taer moamed,pasha,"Société Royale d'Agriculture, de la Société Royale des Etudes Historiques, du Cercle Royal d'Escrime, du",president,116
P01498,1947,Club El-Fouroussia,Club El-Fouroussia,klub furusia,,Misr-Airways,vice_president,116
P01499,1947,Takla Berti Kamel,Takla Berti Kamel,takla berti kamel,,"«Food Products,, S.A.E",director,116
P01500,1947,Tancred C. H,Tancred C. H,tankred,,Egyptian General Omnibus,director,116
P01501,1947,S.E. Tarraf Aly Pacha,Tarraf Aly,taraf ali,pasha,The Gabbary Petr•)· leum Co. et Platrières de Ballah,director,116
P01502,1947,Tawil Pierre,Tawil Pierre,tauil pier,,Capitalisation Egyptienne S.A.E,director,116
P01502,1947,Tawil Pierre,Tawil Pierre,tauil pier,,Thll Upper Egypt Hotels Co. Ltd,director,116
P01502,1947,Tawil Pierre,Tawil Pierre,tauil pier,,The Pyramids Gardens,director,116
P01053,1947,Taylor Ewart John,Taylor Ewart John,tailor euart gohn,,"Eastern Co., S.A.E",president,117
P01054,1947,Tepeghiosi Nicolas,Tepeghiosi Nicolas,tepeghiosi nikolas,,The Upper Egypt Hotels Co,manager,117
P01054,1947,Tepeghiosi Nicolas,Tepeghiosi Nicolas,tepeghiosi nikolas,,The Upper Egypt Hotels Co,director,117
P01503,1947,Théodorakis A. O,Théodorakis A. O,theodorakis,,"The Associated Cotton Gin· ners of Egypt, Ltd",director,117
P01504,1947,Thomaidis Constantin B,Thomaidis Constantin B,thomaidis konstantin,,Sté. Egyptienne des Bois et Matériaux,director,117
P01505,1947,Thomaidis Ivan Evangelo B,Thomaidis Ivan Evangelo B,thomaidis ivan evangelo,,Sté. Egyptienne des Bois et Matériaux,director,117
P01506,1947,Thomaidis Pandélis C,Thomaidis Pandélis C,thomaidis pandelis,,Sté. Egyptienne des Bo\s et Matériaux,director,117
P01056,1947,Tilche Joseph,Tilche Joseph,tilsh gosef,,"S.A.E. Moulins «Al-Mahmoudieh""",vice_president,117
P01056,1947,Tilche Joseph,Tilche Joseph,tilsh gosef,,Usini'S Réuniès d'Egrenage,president,117
P01056,1947,Tilche Joseph,Tilche Joseph,tilsh gosef,,Usini'S Réuniès d'Egrenage,managing_director,117
P01056,1947,Tilche Joseph,Tilche Joseph,tilsh gosef,,Usini'S Réuniès d'Egrenage,director,117
P01056,1947,Tilche Joseph,Tilche Joseph,tilsh gosef,,Huileries,president,117
P01056,1947,Tilche Joseph,Tilche Joseph,tilsh gosef,,Huileries,managing_director,117
P01056,1947,Tilche Joseph,Tilche Joseph,tilsh gosef,,Huileries,director,117
P01056,1947,Tilche Joseph,Tilche Joseph,tilsh gosef,,lmport & Export Bk of Egypt,president,117
P01056,1947,Tilche Joseph,Tilche Joseph,tilsh gosef,,lmport & Export Bk of Egypt,managing_director,117
P01056,1947,Tilche Joseph,Tilche Joseph,tilsh gosef,,lmport & Export Bk of Egypt,director,117
P01507,1947,Toriel Eliott,Toriel Eliott,toriel eliot,,Etablissements Bamco,director,117
P01058,1947,Toriel Henri,Toriel Henri,toriel henri,,Thl,vice_president,117
P01058,1947,Toriel Henri,Toriel Henri,toriel henri,,Usines Réun~es d'Egrenage,director,117
P01058,1947,Toriel Henri,Toriel Henri,toriel henri,,Huileries,director,117
P01059,1947,Toriel Victor,Toriel Victor,toriel viktor,,Société Franco-Egyptienne de Crédit,president,117
P01059,1947,Toriel Victor,Toriel Victor,toriel viktor,,Société Franco-Egyptienne de Crédit,managing_director,117
P01059,1947,Toriel Victor,Toriel Victor,toriel viktor,,Comptmr Commercial Eco.nomique,vice_president,117
P01059,1947,Toriel Victor,Toriel Victor,toriel viktor,,Usines Réunies d'Egrenage,vice_president,117
P01059,1947,Toriel Victor,Toriel Victor,toriel viktor,,Huileries,vice_president,117
P01059,1947,Toriel Victor,Toriel Victor,toriel viktor,,Dakahlieh Land Co,managing_director,117
P01059,1947,Toriel Victor,Toriel Victor,toriel viktor,,"Alexandria Pressing Co., de Nil",director,117
P01240,1947,Paris,Paris,paris,,V. Toriel & Co. et V. E. Toriel,manager,117
P01508,1947,Totah Ibrahim Eid,Totah Ibrahim Eid,totah ibraim eid,,El Tawil Spinning & Weaving Cy,vice_president,117
P01509,1947,Totah Youssef,Totah Youssef,totah iusef,,El Tawil Spinning & Weaving Cy,director,117
P01510,1947,Toutounji Joseph,Toutounji Joseph,tutungi gosef,,S.A. des Drogueries d'Egypte,president,117
P01510,1947,Toutounji Joseph,Toutounji Joseph,tutungi gosef,,Sté. Industrielle du Moyen Orient,president,117
P01510,1947,Toutounji Joseph,Toutounji Joseph,tutungi gosef,,The Bottled Gas Co,president,117
P01510,1947,Toutounji Joseph,Toutounji Joseph,tutungi gosef,,Sudan Import & Export Co. j de la Port-Sudan Forwarding Co. Ltd,managing_director,117
P01510,1947,Toutounji Joseph,Toutounji Joseph,tutungi gosef,,Grands Mag. Chemla,director,117
P01511,1947,Trad Samaan,Trad Samaan,trad saman,,Fayoum Textile Cy,director,117
P00151,1947,Trembley Ernest,Trembley Ernest,tremblei ernest,,Société Egyptienne de Ciment Portland Tourah,managing_director,118
P00151,1947,Trembley Ernest,Trembley Ernest,tremblei ernest,,"The Cairo Sand Bricks Co., S.A",president,118
P00151,1947,Trembley Ernest,Trembley Ernest,tremblei ernest,,Crédit Immobilier Suisse-Egyptien,vice_president,118
P01512,1947,Triulzi E. W,Triulzi E. W,triulzi,,"General Motors Near East, B.A",director,118
P01062,1947,Tsekis Charles,Tsekis Charles,tsekis sharles,,S\é. «The Egyptian Insurance& Commercial Agency (EICA) Tsekis & Co.)),partner,118
P01062,1947,Tsekis Charles,Tsekis Charles,tsekis sharles,,S\é. «The Egyptian Insurance& Commercial Agency (EICA) Tsekis & Co.)),manager,118
P01062,1947,Tsekis Charles,Tsekis Charles,tsekis sharles,,"Société Industrielle et Commerciale d'Egypte (S.I.C.O.), S.A.E",director,118
P01055,1947,Tucker Georges Léonard,Tucker Georges Léonard,tuker georges leonard,,"The Sheffield Smelting Co. (Egypt), S.A.E. v",director,118
P01066,1947,Vallet Jean,Vallet Jean,valet gean,,Société Egyptienne de Teinturerie,director,118
P01066,1947,Vallet Jean,Vallet Jean,valet gean,,Apprêt,director,118
P01067,1947,Van Damme L,Van Damme L,dam,,Banque Belge et Internationale en Egypte,managing_director,118
P01067,1947,Van Damme L,Van Damme L,dam,,Crédit Foncier Egyptien,director,118
P01067,1947,Van Damme L,Van Damme L,dam,,Anglo-Belgian Co. of Egypt,director,118
P01067,1947,Van Damme L,Van Damme L,dam,,S.A. des Chemins de Fer de la Basse-Egypte,director,118
P01068,1947,Van Den Bosch Paul,Van Den Bosch Paul,den bosh paul,,Càisse Hypothécaire d 'Egypte,managing_director,118
P00153,1947,Vannucci Grisante,Vannucci Grisante,vanuksi grisant,,Sté. Eg. d'Entreprises Urbaines et Rurales,director,118
P01069,1947,Vickery,Vickery,vikeri,,The Amalgamated lee Facto1,director,118
P01513,1947,Vidon Aslan,Vidon Aslan,vidon aslan,,«Sibur)),director,118
P01513,1947,Vidon Aslan,Vidon Aslan,vidon aslan,,«Al Chark>> Sté. d'Entreprises Générales,president,118
P01514,1947,Vidon Joseph,Vidon Joseph,vidon gosef,,"Al Chark, Société d'Entreprises Générales",managing_director,118
P01515,1947,Vigneau André,Vigneau André,vigneau andr,,"Nil Paris, S.A.E",director,118
P01070,1947,Vïncendon Jacques,Vïncendon Jacques,vinsendon gakues,,S.A. des Immeubles d'Egypte et Secrétaire Général de la Land Bank of Egypt,director,118
P01071,1947,Vincenot Marcel,Vincenot Marcel,vinsenot marsel,,Crédit Fonciel' Egyptien,president,118
P01071,1947,Vincenot Marcel,Vincenot Marcel,vinsenot marsel,,Crédit Fonciel' Egyptien,delegate,118
P01071,1947,Vincenot Marcel,Vincenot Marcel,vinsenot marsel,,Compagnie d'Assurances «Al Chark)),president,118
P01071,1947,Vincenot Marcel,Vincenot Marcel,vinsenot marsel,,Compagnie d'Assurances «Al Chark)),delegate,118
P01074,1947,Vivante Sabino Mtre,Vivante Sabino Mtre,vivant sabino mtr,,Industrie Fibres Textiles,director,118
P01074,1947,Vivante Sabino Mtre,Vivante Sabino Mtre,vivant sabino mtr,,Sté. Eg. d'Entreprises Urbaines et Rurales,director,118
P01076,1947,Vogüé Marquis de,Vogüé Marquis de,vogu markuis,,Compagnie Universelle du Canal Maritime de Suez,president,119
P01078,1947,Wahba E. H,Wahba E. H,uahba,,"General Mo tors Near East, S.A",director,119
P01516,1947,Wattouri Joseph,Wattouri Joseph,uaturi gosef,,"Nile Textile Co., S.A.E",director,119
P01080,1947,Wedemeyer Ruppert Gôlding,Wedemeyer Ruppert Gôlding,uedemeier rupert golding,,Société California Texas des Pétroles,director,119
P01080,1947,Wedemeyer Ruppert Gôlding,Wedemeyer Ruppert Gôlding,uedemeier rupert golding,,Société California Egyptienne des Pétroles,director,119
P01081,1947,Weissenberg Harold,Weissenberg Harold,ueisenberg harold,,"The Amalgamated lee Factories & Cold Stores, S.A.E",president,119
P01517,1947,Wibaut P,Wibaut P,uibaut,,"The Egyptian General Omnibus Co., · S.A.E",director,119
P01083,1947,Wieland A. J,Wieland A. J,uieland,,Gener.al,director,119
P00216,1947,Wilkinson Peter,Wilkinson Peter,uilkinson peter,,The North East Africa,delegate,119
P00216,1947,Wilkinson Peter,Wilkinson Peter,uilkinson peter,,Alexandria Racing,director,119
P01518,1947,Wissa Fahm1y /Wissa,Wissa Fahm1y /Wissa,uisa fahmi uisa,,"Near East Produce Trading Cy. W issa, Zaki (Bey), Administl'ateur de la Société Misr d' Assurances Générales",director,119
P01518,1947,Wissa Fahm1y /Wissa,Wissa Fahm1y /Wissa,uisa fahmi uisa,,"The Nile Ginning Co., S.A.E",director,119
P01087,1947,Woodhead W. G,Woodhead W. G,uodhead,,The Misr Shipping S.A.E,director,119
P01089,1947,Wyler E,Wyler E,uiler,,Crédit Lyonnais à Alexandrie,manager,119
P01089,1947,Wyler E,Wyler E,uiler,,"Société Immobilière d'Alexandrie, S.A.F",director,119
P01089,1947,Wyler E,Wyler E,uiler,,Gabbari Land Co,director,119
P00598,1947,Yamodis Nicolas,Yamodis Nicolas,iamodis nikolas,,The Egyptian Delta Rice Mills Co. (N. Yamodis & Co.),managing_director,120
P01090,1947,Yamodis Ph,Yamodis Ph,iamodis f,,"Surveillance de Tht Egyptian Delta Rice Mills Co. (N. Yamodis ,& Co.)",council_member,120
P01519,1947,Yassine Mohamed Sayed Bey,Yassine Mohamed Sayed,iasin moamed saied,bey,Société Misr Rayonne,director,120
P01520,1947,Yassine Sirag El Dîne Bey Propriétaire Foncier,Yassine Sirag El Dîne Bey Propriétaire Foncier,iasin sirag din bei proprietair fonsier,,Agricultural & Industrial Corporatiou«AGRINn,partner,120
P01520,1947,Yassine Sirag El Dîne Bey Propriétaire Foncier,Yassine Sirag El Dîne Bey Propriétaire Foncier,iasin sirag din bei proprietair fonsier,,Agricultural & Industrial Corporatiou«AGRINn,manager,120
P01520,1947,Yassine Sirag El Dîne Bey Propriétaire Foncier,Yassine Sirag El Dîne Bey Propriétaire Foncier,iasin sirag din bei proprietair fonsier,,Mena Milk Produet,director,120
P01520,1947,Yassine Sirag El Dîne Bey Propriétaire Foncier,Yassine Sirag El Dîne Bey Propriétaire Foncier,iasin sirag din bei proprietair fonsier,,"Cotonnière, S.A.E .. Commanditaire de The Middle East Industrial & Tradin~ Co. ·",director,120
P00602,1947,Yokana Davis,Yokana Davis,iokana davis,,Fabrique de Pro· duits Chimiques,managing_director,120
P01521,1947,Zabal Wadih,Zabal Wadih,zabal uadih,,Usines Textiles «Al-Kahiran,delegate,121
P01521,1947,Zabal Wadih,Zabal Wadih,zabal uadih,,Usines Textiles «Al-Kahiran,director,121
P01522,1947,Zaidan Georges,Zaidan Georges,zaidan georges,,Chemical Industrial & Tra· ding Cy,director,121
P01098,1947,S.E. Zakaria Mahran Pacha,Zakaria Mahran,zakaria mahran,pasha,Soèiété Misr pour l'Egrenage du Coton,director,121
P01098,1947,S.E. Zakaria Mahran Pacha,Zakaria Mahran,zakaria mahran,pasha,Société Misr de Transport,director,121
P01098,1947,S.E. Zakaria Mahran Pacha,Zakaria Mahran,zakaria mahran,pasha,Navigation,director,121
P01098,1947,S.E. Zakaria Mahran Pacha,Zakaria Mahran,zakaria mahran,pasha,Etablissements Industriels pour la Soie et le Coton,director,121
P01098,1947,S.E. Zakaria Mahran Pacha,Zakaria Mahran,zakaria mahran,pasha,Upper Egypt Mini.ng Cy,director,121
P01098,1947,S.E. Zakaria Mahran Pacha,Zakaria Mahran,zakaria mahran,pasha,S.A.E. «Imprimerie Misr». ·,managing_director,121
P01523,1947,Me. Zananiri,Me. Zananiri,m zananiri,,Transport & Engineering,director,121
P01524,1947,Zarmati L. M,Zarmati L. M,zarmati,,Sté. An. Eg. de Capitalisation L'Epargne,director,121
P01524,1947,Zarmati L. M,Zarmati L. M,zarmati,,Crédit Immobilier Suisse Egyp_tien,director,121
P01524,1947,Zarmati L. M,Zarmati L. M,zarmati,,Surveillance de la Société d'Assurance sur la vie «La Genevoise»,committee_member,121
P01525,1947,Zarbhanelian Mardig,Zarbhanelian Mardig,zarbhanelian mardig,,Ja1·diris & Vignobles d'Egypte,director,121
P01526,1947,Zerbini Dimitri J·ean,Zerbini Dimitri J·ean,zerbini dimitri gean,,The Kafr El Zayat Cotton Co,managing_director,121
P01526,1947,Zerbini Dimitri J·ean,Zerbini Dimitri J·ean,zerbini dimitri gean,,-Fondateur de The Egyptian Cotton Pressing Cy,director,121
P01526,1947,Zerbini Dimitri J·ean,Zerbini Dimitri J·ean,zerbini dimitri gean,,"The Abou Zaabal & Kafrel Zayat Chemical ,& Fertilizers Co., S.A.E",director,121
P01102,1947,Zerbini S,Zerbini S,zerbini,,The Kafr El Zayat Cotton Co,director,121
P01527,1947,Zilkha,Zilkha,zilkha,,"Banque Zilkha, S.A.E",delegate,121
P01527,1947,Zilkha,Zilkha,zilkha,,Union Foncière d'Egypte,director,121
P01103,1947,Egypte Alexandrie,Egypte Alexandrie,egipt alexandri,,Banque Zilkha,president,122
P01103,1947,Egypte Alexandrie,Egypte Alexandrie,egipt alexandri,,"Tracte & Fi nan cial Co., S.A.E",president,122
P01528,1947,Zilkha Maurice,Zilkha Maurice,zilkha mauris,,Banque Zilkha,director,122
P01108,1947,S.E. Zulfikar Mohamed Bey,Zulfikar Mohamed,zulfikar moamed,bey,Société Egyptienne pom l'Industrie et le Commerce des Cotonnades ceLa Cotonnière»,director,122
P01529,1947,S.E. Zulfikar Samir Bey,Zulfikar Samir,zulfikar samir,bey,'' Al Chark » Sté. d'Entreprises Générales,director,122
P01530,1947,S.E. Zulficar Youssouf Pacha G.C.O. Nil,Zulficar Youssouf Pacha G.C.O. Nil,zulfikar iusuf pasha nil,,The Alexandria Cotton Trading Co,president,122
P01530,1947,S.E. Zulficar Youssouf Pacha G.C.O. Nil,Zulficar Youssouf Pacha G.C.O. Nil,zulfikar iusuf pasha nil,,Oriental Bond Stores,vice_president,122
P01530,1947,S.E. Zulficar Youssouf Pacha G.C.O. Nil,Zulficar Youssouf Pacha G.C.O. Nil,zulfikar iusuf pasha nil,,National Bank of E,director,122
P01530,1947,S.E. Zulficar Youssouf Pacha G.C.O. Nil,Zulficar Youssouf Pacha G.C.O. Nil,zulfikar iusuf pasha nil,,Sté. Nationale du Papier,director,122
P01530,1947,S.E. Zulficar Youssouf Pacha G.C.O. Nil,Zulficar Youssouf Pacha G.C.O. Nil,zulfikar iusuf pasha nil,,The Alexandria & Khartoum Trading Corporation,director,122
P00608,1950,Abaza Abdallah Fikri Bey,Abaza Abdallah Fikri,abaza abdalah fikri,bey,"Société pour la Vente des Produits Egyptiens, S.A.E",director,839
P01531,1950,Abaza Ahmed Bey,Abaza Ahmed,abaza ahmed,bey,Egyptian Cotton Ginners & Exporters,director,839
P00163,1950,S.E. Abaza Fouad Pacha,Abaza Fouad,abaza fuad,pasha,Société Royale d'Agriculture,general_manager,839
P00163,1950,S.E. Abaza Fouad Pacha,Abaza Fouad,abaza fuad,pasha,Société Royale d'Agriculture,managing_director,839
P00163,1950,S.E. Abaza Fouad Pacha,Abaza Fouad,abaza fuad,pasha,Union des Agriculteurs d'Egypte,president,839
P00163,1950,S.E. Abaza Fouad Pacha,Abaza Fouad,abaza fuad,pasha,honneur de l'Union Arabe du Caire,president,839
P00163,1950,S.E. Abaza Fouad Pacha,Abaza Fouad,abaza fuad,pasha,"Egypt & The Sudan Trading Co., Egyptian Cotton Ginners & Exporters",president,839
P00163,1950,S.E. Abaza Fouad Pacha,Abaza Fouad,abaza fuad,pasha,Sidi Salem Co,vice_president,839
P00163,1950,S.E. Abaza Fouad Pacha,Abaza Fouad,abaza fuad,pasha,The Imperial Chemical Industries (Egypt) Ltd,director,839
P00163,1950,S.E. Abaza Fouad Pacha,Abaza Fouad,abaza fuad,pasha,Société d'Exploitation Agricole,director,839
P00163,1950,S.E. Abaza Fouad Pacha,Abaza Fouad,abaza fuad,pasha,Société Egyptienne d'Engrais & d'Industries Chimiques,director,839
P00163,1950,S.E. Abaza Fouad Pacha,Abaza Fouad,abaza fuad,pasha,Egyptian Company for International Trade «ECIT»,director,839
P01532,1950,Abaza Galal Bey,Abaza Galal,abaza galal,bey,United Egyptian Nile Transport Co,vice_president,839
P01532,1950,Abaza Galal Bey,Abaza Galal,abaza galal,bey,United Storage Navigation & Commercial Cy,president,839
P01532,1950,Abaza Galal Bey,Abaza Galal,abaza galal,bey,Unit as Trading & Financial Co,director,839
P01533,1950,Abaza Dr. Mahmoud Bey,Abaza Dr. Mahmoud,abaza dr mahmud,bey,Trading Corporation of Egypt,director,839
P01534,1950,Abaza Mohamed Fikri Bey,Abaza Mohamed Fikri,abaza moamed fikri,bey,"Dar el Hilal, S.A.E. et Egyptian Press Co., S.A.E",director,839
P01535,1950,S.E. Abaza Mohamed Aziz Pacha,Abaza Mohamed Aziz,abaza moamed aziz,pasha,Egyptian Cotton Ginners& Exporters,president,839
P01535,1950,S.E. Abaza Mohamed Aziz Pacha,Abaza Mohamed Aziz,abaza moamed aziz,pasha,Sté Foncière Domaine Cheikh Fadl,delegate,839
P01535,1950,S.E. Abaza Mohamed Aziz Pacha,Abaza Mohamed Aziz,abaza moamed aziz,pasha,la S.A. des Tramways du. Caire,director,839
P01535,1950,S.E. Abaza Mohamed Aziz Pacha,Abaza Mohamed Aziz,abaza moamed aziz,pasha,Land Bank of Egypt,director,839
P01536,1950,Abaza Mohamed Zaki Bey,Abaza Mohamed Zaki,abaza moamed zaki,bey,Fabrique des Produits Chimiques,director,839
P01109,1950,S.E. Abbas Sid Ahmed Pacha,Abbas Sid Ahmed,abas sid ahmed,pasha,Auberges d'Egypte,director,839
P01537,1950,Abbas el Chafei,Abbas el Chafei,abas shafei,,Hadaek el Ahrarn,director,839
P01537,1950,Abbas el Chafei,Abbas el Chafei,abas shafei,,Hadaek el Ahrarn,president,839
P01537,1950,Abbas el Chafei,Abbas el Chafei,abas shafei,,Sté. «SEDEX» S.A.E,director,839
P01537,1950,Abbas el Chafei,Abbas el Chafei,abas shafei,,Sté. «SEDEX» S.A.E,president,839
P00015,1950,S.E. Abboud,Abboud,abud,,The Egyptian General Omnibus Co,president,840
P00015,1950,S.E. Abboud,Abboud,abud,,Société Générale des Sucreries et Raffinerie d'Egypte,president,840
P00015,1950,S.E. Abboud,Abboud,abud,,Société Générale des Sucreries et Raffinerie d'Egypte,managing_director,840
P00015,1950,S.E. Abboud,Abboud,abud,,Sté. Eg. d'Engrais,managing_director,840
P00015,1950,S.E. Abboud,Abboud,abud,,Industries Chimiques,managing_director,840
P00015,1950,S.E. Abboud,Abboud,abud,,"The Khedivial Mail Line, S.A.E",managing_director,840
P00015,1950,S.E. Abboud,Abboud,abud,,Tilbury Contracting & Dredging Co. (Foreign) Ltd,managing_director,840
P00015,1950,S.E. Abboud,Abboud,abud,,"The Alexandria Racing Club, S.A. Wadi Kom Ombo",director,840
P01538,1950,Abdallah Idris Ragheb Bey,Abdallah Idris Ragheb,abdalah idris ragheb,bey,Bolonachi,managing_director,840
P01538,1950,Abdallah Idris Ragheb Bey,Abdallah Idris Ragheb,abdalah idris ragheb,bey,Bolonachi,vice_president,840
P01111,1950,Abdallah Kabbani,Abdallah Kabbani,abdalah kabani,,Sté. Al Chark pour la Filature et le Tissage,vice_president,840
P01111,1950,Abdallah Kabbani,Abdallah Kabbani,abdalah kabani,,Sté. Al Chark pour la Filature et le Tissage,managing_director,840
P01539,1950,Abdel Aziz Abdallah Salem Bey,Abdel Aziz Abdallah Salem,abdel aziz abdalah salem,bey,S.A. Immobilière des Terrains Guizeh et Rodah,director,840
P01539,1950,Abdel Aziz Abdallah Salem Bey,Abdel Aziz Abdallah Salem,abdel aziz abdalah salem,bey,AKFA C,director,840
P01540,1950,Abdel Aziz El Barkouki,Abdel Aziz El Barkouki,abdel aziz barkuki,,United Cold Storage,director,840
P01540,1950,Abdel Aziz El Barkouki,Abdel Aziz El Barkouki,abdel aziz barkuki,,United Cold Storage,general_manager,840
P00610,1950,S.E. Abdel Aziz Radwan Pacha,Abdel Aziz Radwan,abdel aziz raduan,pasha,Société Cotonnière «Maarad»,president,840
P00610,1950,S.E. Abdel Aziz Radwan Pacha,Abdel Aziz Radwan,abdel aziz raduan,pasha,Société Cotonnière «Maarad»,director,840
P00611,1950,Abdel Fattah El Lozi Bey,Abdel Fattah El Lozi,abdel fatah lozi,bey,"Banque Misr, S.A.E",director,840
P00611,1950,Abdel Fattah El Lozi Bey,Abdel Fattah El Lozi,abdel fatah lozi,bey,Sté. Misr de Filature,director,840
P00611,1950,Abdel Fattah El Lozi Bey,Abdel Fattah El Lozi,abdel fatah lozi,bey,"Tissage, S.A.E",director,840
P00611,1950,Abdel Fattah El Lozi Bey,Abdel Fattah El Lozi,abdel fatah lozi,bey,Société Misr pour le Tissage de la Soie,managing_director,840
P01112,1950,Abdel Fattah Ragab,Abdel Fattah Ragab,abdel fatah ragab,,Egyptian Domestic ~Foreign Tracte Cy,director,840
P01541,1950,Abdel Fattah El Roby Eff,Abdel Fattah El Roby Eff,abdel fatah robi ef,,Sté. des Autobus Charkieh et Dakahlieh,director,840
P01542,1950,Abdel Fattah el Sayed Bey,Abdel Fattah el Sayed,abdel fatah saied,bey,Eg. Plastics & Electrical Industries et Sté Al Chark pour la Filature et Tissage,director,840
P01113,1950,Abdel Galil Abdel Dayem,Abdel Galil Abdel Dayem,abdel galil abdel daiem,,Sté. Al Chark Filature Tissage,director,840
P01543,1950,S.E. Abdel Galil el Emary Bey,Abdel Galil el Emary,abdel galil emari,bey,Sté. Al Chark pour la Filature et le Tissage,vice_president,840
P01543,1950,S.E. Abdel Galil el Emary Bey,Abdel Galil el Emary,abdel galil emari,bey,Sté. Al Chark pour la Filature et le Tissage,director,840
P01544,1950,S.E. Abdel Galil Abou Samra Pacha,Abdel Galil Abou Samra,abdel galil samra,pasha,S.A. Agricole et Industrielle d'Egypte,president,840
P01544,1950,S.E. Abdel Galil Abou Samra Pacha,Abdel Galil Abou Samra,abdel galil samra,pasha,Technique de la Sté. Agricole et Fermière «Fermag»,director,840
P01544,1950,S.E. Abdel Galil Abou Samra Pacha,Abdel Galil Abou Samra,abdel galil samra,pasha,Technique de la Sté. Agricole et Fermière «Fermag»,adviser,840
P01545,1950,Abdel Haî Khalil Bey,Abdel Haî Khalil,abdel hai khalil,bey,Société Misr de Filature,director,840
P01545,1950,Abdel Haî Khalil Bey,Abdel Haî Khalil,abdel hai khalil,bey,Tissage Fin en coton égyptien (usine Kafr El Dawar),director,840
P01545,1950,Abdel Haî Khalil Bey,Abdel Haî Khalil,abdel hai khalil,bey,"Banque Misr, de la Société Misr de Filature",director,840
P01545,1950,Abdel Haî Khalil Bey,Abdel Haî Khalil,abdel hai khalil,bey,"Tissage, S.A.E. (Méhalla el Kobra)",director,840
P01546,1950,S.E. Abdel Hamid Pacha Abdel Hakk,Abdel Hamid Pacha Abdel Hakk,abdel hamid pasha abdel hak,,Sté. Mi sr pour les Fourrages,president,840
P01546,1950,S.E. Abdel Hamid Pacha Abdel Hakk,Abdel Hamid Pacha Abdel Hakk,abdel hamid pasha abdel hak,,Banque Misr,director,840
P01546,1950,S.E. Abdel Hamid Pacha Abdel Hakk,Abdel Hamid Pacha Abdel Hakk,abdel hamid pasha abdel hak,,National Metal Industries,president,840
P01547,1950,Abdel Hamid Abdel Meguid el Abd,Abdel Hamid Abdel Meguid el Abd,abdel hamid abdel meguid abd,,Engineering & Trading & Enterprises,director,841
P00614,1950,Abdel Hamid El Bannan Bey,Abdel Hamid El Bannan,abdel hamid banan,bey,"Fiat Oriente, S.A.E. de la Société pour la vente des Produits Egyptiens, S.A.E",director,841
P00614,1950,Abdel Hamid El Bannan Bey,Abdel Hamid El Bannan,abdel hamid banan,bey,Société Mi sr des Tabacs et Cigarettes,director,841
P00614,1950,Abdel Hamid El Bannan Bey,Abdel Hamid El Bannan,abdel hamid banan,bey,Société Egyptienne pour le Tannage,director,841
P00614,1950,Abdel Hamid El Bannan Bey,Abdel Hamid El Bannan,abdel hamid banan,bey,"Industrie du Cuir, S.A.E",director,841
P00614,1950,Abdel Hamid El Bannan Bey,Abdel Hamid El Bannan,abdel hamid banan,bey,Société des Autobus de Charkieh et Dakahlieh,director,841
P00613,1950,Abd El-Hamid El-Chérif Bey,Abd El-Hamid El-Chérif,abd hamid sherif,bey,"-Dél~gué de The Chérif Cotton & Trading Co., S.A.E. (Négociants et Exportateurs de Coton et Graines de Coton, Importations-Exportations",manager,841
P00613,1950,Abd El-Hamid El-Chérif Bey,Abd El-Hamid El-Chérif,abd hamid sherif,bey,"-Dél~gué de The Chérif Cotton & Trading Co., S.A.E. (Négociants et Exportateurs de Coton et Graines de Coton, Importations-Exportations",director,841
P01548,1950,Représentations Shipping,Représentations Shipping,representations shiping,,"Egyptian Domestic & Foreign Trade Co., S.A.E",president,841
P01549,1950,Abdel Hamid Fahmy,Abdel Hamid Fahmy,abdel hamid fahmi,,Egyptian Engineering & Marine Co,director,841
P00615,1950,Abdel Hamid Fathi Bey,Abdel Hamid Fathi,abdel hamid fathi,bey,Dehydration Co. of Egypt,director,841
P01550,1950,Abdel Hamid Ibrahim,Abdel Hamid Ibrahim,abdel hamid ibraim,,Sté. des Industries du Bâtiment,director,841
P01551,1950,S.E. Abdel Hamid Kamal Bey Miralai,Abdel Hamid Kamal Bey Miralai,abdel hamid kamal bei miralai,,«Zama»,director,841
P01551,1950,S.E. Abdel Hamid Kamal Bey Miralai,Abdel Hamid Kamal Bey Miralai,abdel hamid kamal bei miralai,,«Zama»,manager,841
P01552,1950,Abdel Hamid Mahmoud Atallah,Abdel Hamid Mahmoud Atallah,abdel hamid mahmud atalah,,Sté. Eg. Maritime Commerciale,director,841
P01553,1950,Abdel Hamid el Seno~ssi Mtre,Abdel Hamid el Seno~ssi Mtre,abdel hamid senosi mtr,,Sté. Misr pour les Fourrages,director,841
P01554,1950,Abdel Hamid Serag el Dine Bey,Abdel Hamid Serag el Dine,abdel hamid serag din,bey,AK FAC,director,841
P01555,1950,S.E. Abdel Hamid Shawarby Bey,Abdel Hamid Shawarby,abdel hamid shauarbi,bey,Misrair,director,841
P01556,1950,S.E. Abdel Kawi Ahmed Pacha,Abdel Kawi Ahmed,abdel kaui ahmed,pasha,Sté. Indul' trielle et Commerciale de Matériaux de Constructions «AL NISR»,president,841
P01556,1950,S.E. Abdel Kawi Ahmed Pacha,Abdel Kawi Ahmed,abdel kaui ahmed,pasha,Transport & Engineering,president,841
P01556,1950,S.E. Abdel Kawi Ahmed Pacha,Abdel Kawi Ahmed,abdel kaui ahmed,pasha,Transport & Engineering,director,841
P01556,1950,S.E. Abdel Kawi Ahmed Pacha,Abdel Kawi Ahmed,abdel kaui ahmed,pasha,Menzaleh Canal (Shipping),president,841
P00618,1950,Abdel Kerim Raouf Bey,Abdel Kerim Raouf,abdel kerim rauf,bey,The Manu re Co. of Egypt (S.A.),president,841
P01557,1950,Abdel Khalek Saber Bey,Abdel Khalek Saber,abdel khalek saber,bey,Gerco,managing_director,841
P01557,1950,Abdel Khalek Saber Bey,Abdel Khalek Saber,abdel khalek saber,bey,Trading Corporation of Egypt,managing_director,841
P01558,1950,Abdel Latif Bey Ghorbal,Abdel Latif Bey Ghorbal,abdel latif bei ghorbal,,"Industrie Meunière d'Alexandrie, Cairo Agricultural Co. et Oriental Bond Stores",director,841
P01119,1950,Abdel Latif Moussa,Abdel Latif Moussa,abdel latif musa,,The Albert Mussa Agency & Stevedoring Co. S.A.E,delegate,841
P00619,1950,S.E. Abdel Maksud Ahmed Pacha,Abdel Maksud Ahmed,abdel maksud ahmed,pasha,"Société Misr pour la Filature et le Tissage, de la Société Misr d'Assurances, de la Société Misr pour le Tissage de la Soie, de la Société Misr de Navigation Maritime",president,842
P00619,1950,S.E. Abdel Maksud Ahmed Pacha,Abdel Maksud Ahmed,abdel maksud ahmed,pasha,"Société Misr pour la Filature et le Tissage, de la Société Misr d'Assurances, de la Société Misr pour le Tissage de la Soie, de la Société Misr de Navigation Maritime",vice_president,842
P00619,1950,S.E. Abdel Maksud Ahmed Pacha,Abdel Maksud Ahmed,abdel maksud ahmed,pasha,"Société Misr pour la Filature et le Tissage, de la Société Misr d'Assurances, de la Société Misr pour le Tissage de la Soie, de la Société Misr de Navigation Maritime",managing_director,842
P00619,1950,S.E. Abdel Maksud Ahmed Pacha,Abdel Maksud Ahmed,abdel maksud ahmed,pasha,Banque Misr,president,842
P00619,1950,S.E. Abdel Maksud Ahmed Pacha,Abdel Maksud Ahmed,abdel maksud ahmed,pasha,Banque Misr,vice_president,842
P00619,1950,S.E. Abdel Maksud Ahmed Pacha,Abdel Maksud Ahmed,abdel maksud ahmed,pasha,Banque Misr,managing_director,842
P00606,1950,Syrie-Liban,Syrie-Liban,siri liban,,"Beida Dyers, S.A.E",director,842
P01559,1950,Abdel Maksud Hamza,Abdel Maksud Hamza,abdel maksud hamza,,Industrial & Mechanical Supplies Co,director,842
P01560,1950,Abdel Malel{ Hamza Bey,Abdel Malel{ Hamza,abdel malel hamza,bey,«Al-Chark»,manager,842
P01560,1950,Abdel Malel{ Hamza Bey,Abdel Malel{ Hamza,abdel malel hamza,bey,Gouvernement aux Sucreries,auditor,842
P01560,1950,Abdel Malel{ Hamza Bey,Abdel Malel{ Hamza,abdel malel hamza,bey,"Upper Egypt Mining Cy., et Cairo Land & Financial Co",president,842
P01560,1950,Abdel Malel{ Hamza Bey,Abdel Malel{ Hamza,abdel malel hamza,bey,"Upper Egypt Mining Cy., et Cairo Land & Financial Co",director,842
P01560,1950,Abdel Malel{ Hamza Bey,Abdel Malel{ Hamza,abdel malel hamza,bey,Zagazig Cotton & Oil Cy,director,842
P01561,1950,Abdel Meguid Abdel Hakk,Abdel Meguid Abdel Hakk,abdel meguid abdel hak,,Sté. Misr pour les Fourrages,director,842
P01562,1950,S.E. Abdel Meguid Badr Pacha,Abdel Meguid Badr,abdel meguid badr,pasha,Transport & Engineering Co,director,842
P01563,1950,Abdel Meguid Ismail Barakat,Abdel Meguid Ismail Barakat,abdel meguid ismail barakat,,Cherif Cotton & Trading Co,vice_president,842
P01121,1950,Abdel Meguid Magued Bey,Abdel Meguid Magued,abdel meguid magued,bey,Société Foncière d'Egypte,director,842
P00621,1950,Abdel Meguid Radouan Bey,Abdel Meguid Radouan,abdel meguid raduan,bey,"Société Egyptienne pour le Développement et le Commerce des Légumes, Fruits et Fleurs",director,842
P01564,1950,Abdel Messih Georges B,Abdel Messih Georges B,abdel mesih georges,,Sté. Commerciale Belgo Egyptienne,director,842
P00524,1950,Abdel Moneim Abou Hussein,Abdel Moneim Abou Hussein,abdel moneim husein,,Egyptian Domestic & Foreign Trade Cy,director,842
P01565,1950,Abdel Moneim Khafagui,Abdel Moneim Khafagui,abdel moneim khafagui,,Sté. Misr pour les Fourrages,director,842
P01565,1950,Abdel Moneim Khafagui,Abdel Moneim Khafagui,abdel moneim khafagui,,Sté. Misr pour les Fourrages,general_manager,842
P01565,1950,Abdel Moneim Khafagui,Abdel Moneim Khafagui,abdel moneim khafagui,,Sté Autobus du Nord,director,842
P01123,1950,S.E. Abdel Rahman Aly Pacha,Abdel Rahman Aly,abdel rahman ali,pasha,Crédit Agricole d'Egypte,president,842
P01123,1950,S.E. Abdel Rahman Aly Pacha,Abdel Rahman Aly,abdel rahman ali,pasha,Crédit Agricole d'Egypte,director,842
P01124,1950,S.E. Abdel Rahman el Bialy Bey,Abdel Rahman el Bialy,abdel rahman biali,bey,Dél. Sté. Biens de Rapports à'Egypte,president,842
P01124,1950,S.E. Abdel Rahman el Bialy Bey,Abdel Rahman el Bialy,abdel rahman biali,bey,Dél. Sté. Biens de Rapports à'Egypte,director,842
P01124,1950,S.E. Abdel Rahman el Bialy Bey,Abdel Rahman el Bialy,abdel rahman biali,bey,Commercial Bank of Egypt,president,842
P01124,1950,S.E. Abdel Rahman el Bialy Bey,Abdel Rahman el Bialy,abdel rahman biali,bey,Dél. United,director,842
P01566,1950,Enterprises,Enterprises,enterprises,,"Jardins & Vignobles d'Egypte, Commercial Insurance Cy. of Egypt",director,842
P00166,1950,Abdel Rahman Fayed,Abdel Rahman Fayed,abdel rahman faied,,«.Koldair» Refrigeration & Air Conditioning Co. of Egypt,managing_director,842
P00167,1950,S.E. Abdel Rahman Hamada Pacha,Abdel Rahman Hamada,abdel rahman hamada,pasha,Sté. Misr pour la Filature et le,managing_director,842
P01567,1950,S.E. Abdel Rahman Loutfi Pacha,Abdel Rahman Loutfi,abdel rahman lutfi,pasha,Dél. Port-Said Engineering Works,director,843
P01568,1950,Abdel Rahman Nour Bey,Abdel Rahman Nour,abdel rahman nur,bey,Sté. Misr Industrie Pharmaceutique,director,843
P01569,1950,Abdel Rahman Nosseir Bey,Abdel Rahman Nosseir,abdel rahman noseir,bey,Eg. Works & Construction,director,843
P01570,1950,Abdel Raouf Alamy Bey,Abdel Raouf Alamy,abdel rauf alami,bey,Menzaleh Canal & Navigation et Menzaleh Canal ( Shipping),managing_director,843
P01571,1950,Abdel Raouf Zaki Bey,Abdel Raouf Zaki,abdel rauf zaki,bey,Salonica Cigarettes Co,director,843
P00623,1950,S.E. Abdel Razzak Aboul Kheir Pacha,Abdel Razzak Aboul Kheir,abdel razak abul kheir,pasha,Alexandria Cotton Trading Co,vice_president,843
P00623,1950,S.E. Abdel Razzak Aboul Kheir Pacha,Abdel Razzak Aboul Kheir,abdel razak abul kheir,pasha,EGYCO,director,843
P00623,1950,S.E. Abdel Razzak Aboul Kheir Pacha,Abdel Razzak Aboul Kheir,abdel razak abul kheir,pasha,Banque Belge et Internationale en Egypte,director,843
P00623,1950,S.E. Abdel Razzak Aboul Kheir Pacha,Abdel Razzak Aboul Kheir,abdel razak abul kheir,pasha,Société Egyptienne des Industries Textiles,director,843
P00623,1950,S.E. Abdel Razzak Aboul Kheir Pacha,Abdel Razzak Aboul Kheir,abdel razak abul kheir,pasha,"Sté Eg. des Etablissements Bolanachi-Distillerie, S.A.E",director,843
P00623,1950,S.E. Abdel Razzak Aboul Kheir Pacha,Abdel Razzak Aboul Kheir,abdel razak abul kheir,pasha,Matexa,director,843
P01125,1950,Abdel Razzak Aly Hamed,Abdel Razzak Aly Hamed,abdel razak ali hamed,,Sté. Al Chark pour la Filature et Tissage,director,843
P01126,1950,Abdel Rehim Helmi,Abdel Rehim Helmi,abdel reim helmi,,Marsa Matrouh Salt & Potash Cy,director,843
P01126,1950,Abdel Rehim Helmi,Abdel Rehim Helmi,abdel reim helmi,,"Cie d'Assurances Générales sur la vie, Branche d'Alexandrie. Abdel Salam el Gaya r, A dm. Rizerie Egyptienne Moderne",manager,843
P01572,1950,S.E. Abflel Salam El-Shazli Pacha,Abflel Salam El-Shazli,abflel salam shazli,pasha,Commercial Insur2.nce Cy,president,843
P01573,1950,Abdel Salam Mahmoud Bey,Abdel Salam Mahmoud,abdel salam mahmud,bey,Eg. Delta Light Rys,director,843
P01127,1950,Abdel Wahab Abd Rabbo,Abdel Wahab Abd Rabbo,abdel uab abd rabo,,Sté. Al Chark Filature Tissage,director,843
P01128,1950,S.E. Abdel Wahab Talaat Pacha,Abdel Wahab Talaat,abdel uab talat,pasha,Sté. Générale de Placement Financier et Industriel,president,844
P01128,1950,S.E. Abdel Wahab Talaat Pacha,Abdel Wahab Talaat,abdel uab talat,pasha,The National Cotton Cy,vice_president,844
P01574,1950,Abdou Mohamed El Tawil,Abdou Mohamed El Tawil,abdu moamed tauil,,Selected Textile Industries,director,844
P01574,1950,Abdou Mohamed El Tawil,Abdou Mohamed El Tawil,abdu moamed tauil,,-Dél. Union des Commerçants en Textile,director,844
P01574,1950,Abdou Mohamed El Tawil,Abdou Mohamed El Tawil,abdu moamed tauil,,Sté. ROLNY,director,844
P00625,1950,Aboul Ela Aly Mohayessin El Hag,Aboul Ela Aly Mohayessin El Hag,abul ela ali moaiesin hag,,Société des Omnibus de Fayoum,director,844
P00625,1950,Aboul Ela Aly Mohayessin El Hag,Aboul Ela Aly Mohayessin El Hag,abul ela ali moaiesin hag,,Société des Autobus de Charkieh,director,844
P00625,1950,Aboul Ela Aly Mohayessin El Hag,Aboul Ela Aly Mohayessin El Hag,abul ela ali moaiesin hag,,The Upper Bus Co. S.A.E,director,844
P01575,1950,Aboul Ela Hanafi Bey,Aboul Ela Hanafi,abul ela hanafi,bey,"Sté. Bolanachi, de la Sté Commerciale et Financière «Al Masria»",president,844
P01575,1950,Aboul Ela Hanafi Bey,Aboul Ela Hanafi,abul ela hanafi,bey,Egyptiàn Work & Construction,vice_president,844
P01575,1950,Aboul Ela Hanafi Bey,Aboul Ela Hanafi,abul ela hanafi,bey,«Nemco»,director,844
P01575,1950,Aboul Ela Hanafi Bey,Aboul Ela Hanafi,abul ela hanafi,bey,Sté. des Engrais Organiques,director,844
P00169,1950,Aboul Ela Mahmoud,Aboul Ela Mahmoud,abul ela mahmud,,Société Egyptienne pour le Tannage,director,844
P00169,1950,Aboul Ela Mahmoud,Aboul Ela Mahmoud,abul ela mahmud,,"Industrie du Cuir, S.A.E",director,844
P01576,1950,Aboul Fath Ahmed,Aboul Fath Ahmed,abul fath ahmed,,Sté. Eg. Divulgation,vice_president,844
P01577,1950,Misri»,Misri»,misri,,«Al Chark» Sté. d'Entreprises Générales,president,844
P01577,1950,Misri»,Misri»,misri,,Commercial Bank of Egypt~ de la Sté. Industrielle du Moyen-Orient,director,844
P00524,1950,Aboul Fath Hussein Bey,Aboul Fath Hussein,abul fath husein,bey,"Bottling Co. of Tantah, Electrical Development Co. of Egypt",vice_president,844
P00524,1950,Aboul Fath Hussein Bey,Aboul Fath Hussein,abul fath husein,bey,"Bottling Co. of Tantah, Electrical Development Co. of Egypt",director,844
P00524,1950,Aboul Fath Hussein Bey,Aboul Fath Hussein,abul fath husein,bey,Frosted Food & Cold Storage Cy,vice_president,844
P00524,1950,Aboul Fath Hussein Bey,Aboul Fath Hussein,abul fath husein,bey,Frosted Food & Cold Storage Cy,director,844
P01578,1950,Aboul Fath Mohamed,Aboul Fath Mohamed,abul fath moamed,,Sté. Eg. de Divulgation,director,844
P00627,1950,Aboul Wafa Dunkol El Hag,Aboul Wafa Dunkol El Hag,abul uafa dunkol hag,,The Upper Egypt Bus Co. S.A.E,director,844
P01579,1950,Abou Seif Radi Bey,Abou Seif Radi,seif radi,bey,Sté. Assurances «Al Chark»,director,844
P01580,1950,Aboussouan Jean,Aboussouan Jean,abusuan gean,,National Starch Co,director,844
P01581,1950,Aboussouan Reffie,Aboussouan Reffie,abusuan refi,,National Starch Co,managing_director,844
P01131,1950,Abram Joseph,Abram Joseph,abram gosef,,«Sibur»,director,844
P01582,1950,Acher Mtre. Sam,Acher Mtre. Sam,asher mtr sam,,-Dél. Astra et Halles Centrales d'Egypte,director,844
P01583,1950,Publique,Publique,publiku,,Crédit Alexandrin,vice_president,844
P01132,1950,Achour Ahmed Ahmed Dr,Achour Ahmed Ahmed Dr,ashur ahmed ahmed dr,,Misr Engineering Works & Transport Co,managing_director,844
P01133,1950,Acland Rt. Hon. Sir Francis Dyke,Acland Rt. Hon. Sir Francis Dyke,akland rt hon sir fransis dik,,Anglo-Egyptian Oilfields,director,844
P01584,1950,Adam Vladimir,Adam Vladimir,adam vladimir,,United Storage Navigation & Commercial Cy,director,844
P01585,1950,Adda Abramino F,Adda Abramino F,ada abramino,,"Eastern Export Co., S.A.E",president,844
P01585,1950,Adda Abramino F,Adda Abramino F,ada abramino,,Egyptian Flax & Textile Cy,director,844
P01585,1950,Adda Abramino F,Adda Abramino F,ada abramino,,S.A. Immeubles de l'Est,director,844
P00629,1950,Adda Me. Charles,Adda Me. Charles,ada m sharles,,The Egyptian Neon Lights Co. S.A.E,vice_president,844
P00629,1950,Adda Me. Charles,Adda Me. Charles,ada m sharles,,Astra et Halles Centrales d'Egypte,director,844
P00007,1950,Adda Fernand C.A,Adda Fernand C.A,ada fernand,,S.A. des Immeubles de l'E~t,director,845
P00007,1950,Adda Fernand C.A,Adda Fernand C.A,ada fernand,,Eastern Export Co,director,845
P00008,1950,Adda Joseph A,Adda Joseph A,ada gosef,,Eastern Export Co,director,845
P00008,1950,Adda Joseph A,Adda Joseph A,ada gosef,,Gharbieh Land Co,director,845
P00008,1950,Adda Joseph A,Adda Joseph A,ada gosef,,Egyptian Enterprise & Development Co,director,845
P00008,1950,Adda Joseph A,Adda Joseph A,ada gosef,,S.A.E. Carb a,director,845
P00008,1950,Adda Joseph A,Adda Joseph A,ada gosef,,S.A. Immeubles de l'Est,director,845
P00630,1950,Adda Me. René,Adda Me. René,ada m ren,,du· Conseil d'Administration de la S.A. des,member,845
P01586,1950,Adda Robert J,Adda Robert J,ada robert,,"Egyptian Flax & Textile Cy. et Eastern Export Cy."", S.A.E",director,845
P01135,1950,Adda Victor A,Adda Victor A,ada viktor,,S.A. des Immeubles de l'Est et Egyptian Flax & Textile Cy,president,845
P01135,1950,Adda Victor A,Adda Victor A,ada viktor,,Sté An on. du Béhéra,vice_president,845
P01135,1950,Adda Victor A,Adda Victor A,ada viktor,,Sté Egyptienne pour la Fabrication,president,845
P01135,1950,Adda Victor A,Adda Victor A,ada viktor,,Sté Egyptienne pour la Fabrication,managing_director,845
P01135,1950,Adda Victor A,Adda Victor A,ada viktor,,Exportation des Conserves,president,845
P01135,1950,Adda Victor A,Adda Victor A,ada viktor,,Exportation des Conserves,managing_director,845
P01135,1950,Adda Victor A,Adda Victor A,ada viktor,,Sté. Agricole et Fermière «Fermag»,director,845
P01587,1950,Adel Wahba Awad,Adel Wahba Awad,adel uahba auad,,Sté. Cotonnière d'Egypte,director,845
P01372,1950,Adel Rached,Adel Rached,adel rashed,,Centre commission Al Chark Trading Co,director,845
P00632,1950,A.dès Clément N,A.dès Clément N,des klement,,"Société Egyptienne de Tissage et Tricotage, S.A.E",director,845
P00632,1950,A.dès Clément N,A.dès Clément N,des klement,,"Alexandria Racing Club, S.A.E. et Egyptian Mining & Prospecting Co",director,845
P00633,1950,Adès Emile D,Adès Emile D,ades emil,,"The Alexandria Insurance Co., S.A.E",director,845
P00633,1950,Adès Emile D,Adès Emile D,ades emil,,"A lexandria Racing Club, S.A.E. q",director,845
P00633,1950,Adès Emile N,Adès Emile N,ades emil,,Usines Textiles «Al Kahira» S.A.E,vice_president,845
P00633,1950,Adès Emile N,Adès Emile N,ades emil,,Alexandria Racing,director,845
P00177,1950,Adès Gaston N,Adès Gaston N,ades gaston,,Société Egyptienne de Tissage et Tricotage. S.A.E,managing_director,845
P00636,1950,S.E. Dr. Afifi Hafez Pacha,Dr. Afifi Hafez,dr afifi hafez,pasha,"Société Misr pour la Filature et le Tissage, de la Société Misr pour la Rayonne, de la Société Misr pour le Tissage de la",president,845
P00636,1950,S.E. Dr. Afifi Hafez Pacha,Dr. Afifi Hafez,dr afifi hafez,pasha,"Société Misr pour la Filature et le Tissage, de la Société Misr pour la Rayonne, de la Société Misr pour le Tissage de la",managing_director,845
P01588,1950,Beyrouth,Beyrouth,beiruth,,Crédit Foncier Egyptien,director,845
P01589,1950,Afifi Mohamed Bey,Afifi Mohamed,afifi moamed,bey,Wattcoe,president,846
P01589,1950,Afifi Mohamed Bey,Afifi Mohamed,afifi moamed,bey,Wattcoe,managing_director,846
P01589,1950,Afifi Mohamed Bey,Afifi Mohamed,afifi moamed,bey,Grands Comptoirs d'Egypte,director,846
P01136,1950,Aghazarm J. Me,Aghazarm J. Me,aghazarm m,,United Storage Navigation & Commercial Co,director,846
P00011,1950,Aghion Gustave,Aghion Gustave,aghion gustav,,The Alexandria Insurance Co,director,846
P00011,1950,Aghion Gustave,Aghion Gustave,aghion gustav,,Grands Hôtels d'Egypte (Ex Nungovitch),director,846
P00011,1950,Aghion Gustave,Aghion Gustave,aghion gustav,,Sté d'Entreprises Urbaines et Rurales,director,846
P01590,1950,Aghion Henry,Aghion Henry,aghion henri,,Société Bolanachi-Distillerie et Sté Foncière Domaine Cheikh Fadl,director,846
P00010,1950,Aghion Max César,Aghion Max César,aghion max sesar,,Société F'ranco-Egyptienne d'Importation S.A.E,president,846
P00010,1950,Aghion Max César,Aghion Max César,aghion max sesar,,lateur de la Société Egyptienne d'Entreprises Urbaines et Rurales,president,846
P00010,1950,Aghion Max César,Aghion Max César,aghion max sesar,,S.A.E. d'Urbanisme «Hadaek el Ahram» (Pyramids Gardens),president,846
P01591,1950,Aghion Yvonne,Aghion Yvonne,aghion ivon,,Sté. Franco-Egyptienne d'Importation,director,846
P01137,1950,Agnew Andrew,Agnew Andrew,agneu andreu,,The Anglo-Egyptian OH- fields,director,846
P01592,1950,Ahmed Bey Ibrahim Atallah,Ahmed Bey Ibrahim Atallah,ahmed bei ibraim atalah,,"«Almina», S.A.E",president,846
P01593,1950,Ahmed Aziz El Barkould,Ahmed Aziz El Barkould,ahmed aziz barkuld,,United Cold Storage,director,846
P01138,1950,Ahmed Fahmy Hanafi Bey,Ahmed Fahmy Hanafi,ahmed fahmi hanafi,bey,United Storage Navigation & Commercial Cy,director,846
P01594,1950,Ahmed Abdel Ghaffar Bey,Ahmed Abdel Ghaffar,ahmed abdel ghafar,bey,Sté. «Usines Chourbagui»,director,846
P01595,1950,S.E. Ahmed Hamdi Pacha Lewa,Ahmed Hamdi Pacha Lewa,ahmed hamdi pasha leua,,Centrocommission Al Chark Trading Co,president,846
P01596,1950,S.E. Ahmed Hamdi Mahboub Pacha,Ahmed Hamdi Mahboub,ahmed hamdi mahbub,pasha,United Enterprises,president,846
P01597,1950,S.E. Ahmed Helmi Abdel Baki Pacha,Ahmed Helmi Abdel Baki,ahmed helmi abdel baki,pasha,"Egyptian Arab Bank, S.A.E",president,846
P01598,1950,S.E. Dr. Ahmed Hilmy Pacha,Dr. Ahmed Hilmy,dr ahmed hilmi,pasha,The Near East Pharmaceu- tical & Commercial Co. et Sté Eg. Financière pour le Commerce,president,846
P01598,1950,S.E. Dr. Ahmed Hilmy Pacha,Dr. Ahmed Hilmy,dr ahmed hilmi,pasha,Industrie,president,846
P01599,1950,Ahmed Hilmy Mahmoud Bey,Ahmed Hilmy Mahmoud,ahmed hilmi mahmud,bey,Egyptian Plastics & Electrical In- dustries,director,846
P01599,1950,Ahmed Hilmy Mahmoud Bey,Ahmed Hilmy Mahmoud,ahmed hilmi mahmud,bey,Grieve & Irwin Ltd,director,846
P01592,1950,Ahmed Ibrahim Atallah Bey,Ahmed Ibrahim Atallah,ahmed ibraim atalah,bey,Sté. des Salines de Port Said,director,846
P01599,1950,Ahmed Mahmoud Bey,Ahmed Mahmoud,ahmed mahmud,bey,Jardins et Vignobles d'Egypte,director,846
P01600,1950,Ahmed el Moghazi,Ahmed el Moghazi,ahmed moghazi,,l} Hôpital Fouad 1er,director,846
P01600,1950,Ahmed el Moghazi,Ahmed el Moghazi,ahmed moghazi,,l} Hôpital Fouad 1er,manager,846
P01600,1950,Ahmed el Moghazi,Ahmed el Moghazi,ahmed moghazi,,Building & Engineering Supplies,president,846
P01601,1950,Ahmed Mohamed Sid Ahmed,Ahmed Mohamed Sid Ahmed,ahmed moamed sid ahmed,,Dél. Alexandria Textile Trading Co,director,846
P01602,1950,Ahmed Racheed Abdallah Bey Dr,Ahmed Racheed Abdallah Bey Dr,ahmed rashed abdalah bei dr,,"F'ayoum Textile Cy., Sté. des Omnibus de Fayoum",director,846
P01603,1950,Ahmed Rouchdi El Gazzar Bey,Ahmed Rouchdi El Gazzar,ahmed rushdi gazar,bey,N ear East Commercial Co,director,847
P01604,1950,S.E. Ahmed Youssef el Gammal Bey,Ahmed Youssef el Gammal,ahmed iusef gamal,bey,Cie. Commerciale Cotonnière,vice_president,847
P01140,1950,Ahmed Youssef el Tawil,Ahmed Youssef el Tawil,ahmed iusef tauil,,El Tawil Spinning & Weaving Cy,president,847
P01605,1950,Aladin El Alaily Bey,Aladin El Alaily,aladin alaili,bey,Warehouses of Egy.pt,director,847
P01606,1950,Aladjem Raphael,Aladjem Raphael,aladgem rafael,,Dakahlieh Land Co,director,847
P01607,1950,Aldridge Léonard,Aldridge Léonard,aldridg leonard,,Carrier-Egypt,president,847
P01141,1950,Alexane Alphonse Bey,Alexane Alphonse,alexan alfons,bey,The Egyptian Construction& Engineering Cy,vice_president,847
P01142,1950,Alexane Emile,Alexane Emile,alexan emil,,Egyptian Co. for International Trade «ECIT»,director,847
P01142,1950,Alexane Emile,Alexane Emile,alexan emil,,«SEDEC»,director,847
P01142,1950,Alexane Emile,Alexane Emile,alexan emil,,Sté. Misr Industrie Pharmaceutique,director,847
P01143,1950,Alexane Farid,Alexane Farid,alexan farid,,Egyptian Co. for International Trade«ECIT»,director,847
P01608,1950,Allain André,Allain André,alain andr,,S.A. des Monts de Piété Egyptiens,director,847
P00018,1950,Allam Mohamed Bey,Allam Mohamed,alam moamed,bey,Crédit Hypothécaire Agricole d'Egypte,president,847
P00018,1950,Allam Mohamed Bey,Allam Mohamed,alam moamed,bey,Crédit Agricole d'Egypte,director,847
P01609,1950,Allan George W,Allan George W,alan georg,,Electrical Development Co,director,847
P00183,1950,Allemann Georges,Allemann Georges,aleman georges,,Sociétê Egyptienne de la Bourse Commerciale de Minet el Bassal,president,847
P00183,1950,Allemann Georges,Allemann Georges,aleman georges,,Alexandria Insurance,vice_president,847
P00183,1950,Allemann Georges,Allemann Georges,aleman georges,,Conseil d'Administration de la National Bank of Egypt,member,847
P00183,1950,Allemann Georges,Allemann Georges,aleman georges,,surveillance de la «HAMATA MINING» Company,council_member,847
P00640,1950,Almagià Vittorio,Almagià Vittorio,almagia vitorio,,Société Egyptienne d'Entreprises et Constructions (S.E.D.E.C.),managing_director,847
P00184,1950,Alphandary Robert,Alphandary Robert,alfandari robert,,"Peltours, S.A.E",managing_director,847
P00641,1950,Aly Ayoub Bey,Aly Ayoub,ali aiub,bey,Crédit Agricole d'Egypte,vice_president,847
P00641,1950,Aly Ayoub Bey,Aly Ayoub,ali aiub,bey,Crédit Agricole d'Egypte,director,847
P01610,1950,Aly Chouh:ri Khamis,Aly Chouh:ri Khamis,ali shuhri khamis,,The Alexandria Life Insurance Co,director,847
P01610,1950,Aly Chouh:ri Khamis,Aly Chouh:ri Khamis,ali shuhri khamis,,The Alexandria Engineering Works,director,847
P01611,1950,Aly Moafi,Aly Moafi,ali moafi,,Chemical Industries Development,director,847
P01612,1950,Aly Mohamed El Kerdani Bey D.H.P,Aly Mohamed El Kerdani Bey D.H.P,ali moamed kerdani bei,,Société Misr des Produits Pharmaceutiques,vice_president,847
P01612,1950,Aly Mohamed El Kerdani Bey D.H.P,Aly Mohamed El Kerdani Bey D.H.P,ali moamed kerdani bei,,Société Misr des Produits Pharmaceutiques,managing_director,847
P01613,1950,Amad Farid,Amad Farid,amad farid,,Electrical Development of Egypt,director,847
P01613,1950,Amad Farid,Amad Farid,amad farid,,«SE DEX» S.A.E,director,847
P01144,1950,Ambache S,Ambache S,ambash,,-Général de,managing_director,847
P00185,1950,Ambron Aldo,Ambron Aldo,ambron aldo,,"rUnion Alexandrine, Grand Officier de la Couronne d'Italie, Chevalier Saints Maurice et Lazare",vice_president,848
P00185,1950,Ambron Aldo,Ambron Aldo,ambron aldo,,Aàministration de la Société Egyptienne d'Entreprises Urbaines et Rurales,president,848
P00185,1950,Ambron Aldo,Ambron Aldo,ambron aldo,,Société Egyptienne d'Entreprises et Constructions (S.E.D.E.C.),president,848
P01614,1950,Ambrosetti Constantin,Ambrosetti Constantin,ambroseti konstantin,,Alexandria Glass & Porcelain Co,director,848
P01615,1950,Ameli G,Ameli G,ameli,,Sté. Publications Egyptiennes,managing_director,848
P01616,1950,Amine Aly,Amine Aly,amin ali,,Société Egyptienne de Divulgation,president,848
P01617,1950,S.E. Amine Anis Pacha,Amine Anis,amin anis,pasha,Sté. «Al Chark» pour la Filature et le Tissage,president,848
P00644,1950,Amine El Moghraby,Amine El Moghraby,amin moghrabi,,Société Coopérative Commerciale de Crédit,director,848
P01618,1950,Amine Moustapha Bey Co-Propriétaire Journal «Akhbar el Yom»,Amine Moustapha Bey Co-Propriétaire Journal «Akhbar el Yom»,amin mustafa bei ko proprietair gurnal akhbar iom,,Sté. Egyptienne de Divulgation,director,848
P01145,1950,S.S. le Nabil Amr Ibrahim,S.S. le Nabil Amr Ibrahim,l nabil amr ibraim,,Egyptian Co. for International Trade «ECIT»,president,848
P01619,1950,Anastassalds Constantin J,Anastassalds Constantin J,anastasalds konstantin,,Dél. United Egyptian Nile Transport Company,director,848
P01620,1950,Ancona Albert,Ancona Albert,ankona albert,,Egyptian Press Co,director,848
P01621,1950,Ancona Isaac,Ancona Isaac,ankona isak,,Sté. Bolanachi-Distillerie,director,848
P00647,1950,S.E. Andraus Elias Pacha,Andraus Elias,andraus elias,pasha,"Beida Dyers, S.A.E",director,848
P00647,1950,S.E. Andraus Elias Pacha,Andraus Elias,andraus elias,pasha,"Beida Dyers, S.A.E",managing_director,848
P00647,1950,S.E. Andraus Elias Pacha,Andraus Elias,andraus elias,pasha,Gouvernement à la Cie. du Canal de Suez,director,848
P00647,1950,S.E. Andraus Elias Pacha,Andraus Elias,andraus elias,pasha,Gouvernement à la Cie. du Canal de Suez,auditor,848
P01622,1950,Angelil Ernest,Angelil Ernest,angelil ernest,,The Angelil Trading Co,manager,848
P01623,1950,Angelil Fernand,Angelil Fernand,angelil fernand,,The Angelil Trading Co,manager,848
P01624,1950,Angelil Michel,Angelil Michel,angelil mishel,,Conseil Surveillance Angelil Trading Co,member,848
P01625,1950,Angelil Oscar,Angelil Oscar,angelil oskar,,The Angelil Trading Co,manager,848
P01626,1950,Antebi M. Mtre,Antebi M. Mtre,antebi mtr,,Textile Machinery Platt Bros. (Orient),director,848
P01627,1950,Antoun Neguib,Antoun Neguib,antun neguib,,- Dél. National Salt & Mining Co,director,848
P01628,1950,S.E. Anwar Ahmed Fouad Pacha,Anwar Ahmed Fouad,anuar ahmed fuad,pasha,"Alexandria Textile Co., Sté Eg. de Distillerie",director,848
P01628,1950,S.E. Anwar Ahmed Fouad Pacha,Anwar Ahmed Fouad,anuar ahmed fuad,pasha,Dél. Imprimerie Misr,president,848
P01628,1950,S.E. Anwar Ahmed Fouad Pacha,Anwar Ahmed Fouad,anuar ahmed fuad,pasha,Dél. Imprimerie Misr,director,848
P00650,1950,Appel Emmanuel M,Appel Emmanuel M,apel emanuel,,The Anglo-Egyptian Mining Co,president,848
P00650,1950,Appel Emmanuel M,Appel Emmanuel M,apel emanuel,,Dél. de The Smelting Co. (Egypt) S.A.E,president,848
P00650,1950,Appel Emmanuel M,Appel Emmanuel M,apel emanuel,,Dél. de The Smelting Co. (Egypt) S.A.E,director,848
P00650,1950,Appel Emmanuel M,Appel Emmanuel M,apel emanuel,,Anglo-Egyptian Chemical Industries,manager,848
P01629,1950,Arcache,Arcache,arkash,,Sté. Gle. de Placement Financier et Industriel,director,848
P01630,1950,Arcache Raymond,Arcache Raymond,arkash raimond,,"-Propriét~ire des «Fabriques ""de Glaces et Entrepôts Frigorifiques»",director,848
P01630,1950,Arcache Raymond,Arcache Raymond,arkash raimond,,"-Propriét~ire des «Fabriques ""de Glaces et Entrepôts Frigorifiques»",manager,848
P01631,1950,Archibald C. N,Archibald C. N,arshibald,,Egyptian Delta Land & Investment Co,director,849
P01632,1950,Ardizzone Andrea,Ardizzone Andrea,ardizon andrea,,Sté. des Industries du Bâtiment,director,849
P01633,1950,Arnaud Jules,Arnaud Jules,arnaud gules,,Fayoum Light Railways et Anglo Belgian Co. of Egypt,managing_director,849
P01633,1950,Arnaud Jules,Arnaud Jules,arnaud gules,,Cairo Land & Financial Cy,managing_director,849
P01148,1950,Assaf Victor,Assaf Victor,asaf viktor,,S.A.E. de Capitalisation «L'Epargne»,director,849
P01148,1950,Assaf Victor,Assaf Victor,asaf viktor,,S.A.E. de Capitalisation «L'Epargne»,general_manager,849
P01634,1950,Assem Ismail,Assem Ismail,asem ismail,,Beni Mazar Urbaine et Rurale,director,849
P01150,1950,Athénogènes Efthymios,Athénogènes Efthymios,athenogenes efthimios,,Studios Al Ahram et Carver Cotton Co,director,849
P01151,1950,Atta El Ayoubi Bey,Atta El Ayoubi,ata aiubi,bey,Banque Misr Syrie-Liban,director,849
P01635,1950,Atallah Georges B,Atallah Georges B,atalah georges,,Crédit d'Orient (Egypte),director,849
P01636,1950,Atallah Moufid Bey,Atallah Moufid,atalah mufid,bey,S.A.E. L'Epargne,director,849
P01637,1950,Audi Ibrahim R,Audi Ibrahim R,audi ibraim,,Sté. Industrielle du Moyen Orient,director,849
P01152,1950,Auterbe Henry,Auterbe Henry,auterb henri,,Union Vie de Paris,general_manager,849
P01152,1950,Auterbe Henry,Auterbe Henry,auterb henri,,National Insurance Co. of Egypt,director,849
P01638,1950,Autrand Louis,Autrand Louis,autrand luis,,Nouveaux Hôtels d'Egypte,liquidator,849
P01638,1950,Autrand Louis,Autrand Louis,autrand luis,,Nouveaux Hôtels d'Egypte,president,849
P01638,1950,Autrand Louis,Autrand Louis,autrand luis,,Banque Tepeghiosi & Co,director,849
P01638,1950,Autrand Louis,Autrand Louis,autrand luis,,Egyptian Rubber & Shoes Industry,director,849
P01154,1950,Avierino Homère,Avierino Homère,avierino homer,,Egyptian Rubber & Shoes Industry,director,849
P01154,1950,Avierino Homère,Avierino Homère,avierino homer,,Egyp- tian Sisal Manufacturing Cy,director,849
P01639,1950,Avramoussi Evangel,Avramoussi Evangel,avramusi evangel,,Studios Al Ahram,director,849
P01640,1950,Avril Marcel,Avril Marcel,avril marsel,,Sté. Industrielle du Moyen-Orient,director,849
P01641,1950,Awad Hassan Awad,Awad Hassan Awad,auad hasan auad,,Sté. Cotonnière d'Egypte,director,849
P01641,1950,Awad Hassan Awad,Awad Hassan Awad,auad hasan auad,,Sté. Cotonnière d'Egypte,manager,849
P01642,1950,Awad Mohamed Bey,Awad Mohamed,auad moamed,bey,Egyptian Plastics & Electrical Industries,director,849
P00654,1950,Awre Gilbert Christopher,Awre Gilbert Christopher,aur gilbert shristofer,,"Eastern Co., S.A.E",director,849
P01643,1950,Ayoub Charles Bey Me,Ayoub Charles Bey Me,aiub sharles bei m,,"Crédit Alexandrin, Alexandria Glass & Porcelain Factor",adviser,849
P01643,1950,Ayoub Charles Bey Me,Ayoub Charles Bey Me,aiub sharles bei m,,"Crédit Alexandrin, Alexandria Glass & Porcelain Factor",director,849
P00655,1950,Ayoub Georges Me,Ayoub Georges Me,aiub georges m,,The Egyptian Independent Oïl Co. S.A.E,managing_director,849
P00655,1950,Ayoub Georges Me,Ayoub Georges Me,aiub georges m,,"Sahel, S.A.E",director,849
P00655,1950,Ayoub Georges Me,Ayoub Georges Me,aiub georges m,,The Alexandria Dehydration & Commercial Cy (S.A.E. en formation) Sté Eg. Minoterie et Silos,director,849
P00656,1950,Ayres H.F,Ayres H.F,aires,,"The Na· tional Contracting Company of Egypt, S.A.E",managing_director,849
P01156,1950,Aziz Hassan Bey,Aziz Hassan,aziz hasan,bey,The North East Africa Trading Cy. S.A.E,managing_director,849
P01156,1950,Aziz Hassan Bey,Aziz Hassan,aziz hasan,bey,"The Egyptian Rice Mills, S.A.E",managing_director,849
P01156,1950,Aziz Hassan Bey,Aziz Hassan,aziz hasan,bey,"National Starch Co., S.A.E",director,849
P01157,1950,Azzam Chams el Dine Azzam,Azzam Chams el Dine Azzam,azam shams din azam,,"Société Commerciale Ex-lmport, S.A.E",president,850
P01157,1950,Azzam Chams el Dine Azzam,Azzam Chams el Dine Azzam,azam shams din azam,,Rizerie Egyptienne Moderne,director,850
P01644,1950,Azzuz Michel,Azzuz Michel,azuz mishel,,National Ginning Co. of Egypt,director,850
P01645,1950,Bachour Wadih,Bachour Wadih,bashur uadih,,"Chemical, Industrial & Trading Co",director,850
P01645,1950,Bachour Wadih,Bachour Wadih,bashur uadih,,Société Union Commerçants en Textiles et Alexandria Textile Trading Co,managing_director,850
P00002,1950,S.E. Badaoui,Badaoui,badaui,,"Sté Fouad 1er d'Economie Politique, de Statistique",president,850
P00002,1950,S.E. Badaoui,Badaoui,badaui,,Législation,president,850
P00002,1950,S.E. Badaoui,Badaoui,badaui,,Cairo-Heliopolis,director,850
P01646,1950,Badaoui Mohamed Kamel Bey,Badaoui Mohamed Kamel,badaui moamed kamel,bey,Alexandria Life Insurance Co,director,850
P01647,1950,Badr-El-Dine Ibrahim Bey Ingénieur,Badr-El-Dine Ibrahim Bey Ingénieur,badr din ibraim bei ingenieur,,"Khedivial Mail Line, S.A.E",director,850
P01647,1950,Badr-El-Dine Ibrahim Bey Ingénieur,Badr-El-Dine Ibrahim Bey Ingénieur,badr din ibraim bei ingenieur,,Société des Biens de Rapport d'Egypte,director,850
P01647,1950,Badr-El-Dine Ibrahim Bey Ingénieur,Badr-El-Dine Ibrahim Bey Ingénieur,badr din ibraim bei ingenieur,,the Egyptian Land & Buildings Co,director,850
P01647,1950,Badr-El-Dine Ibrahim Bey Ingénieur,Badr-El-Dine Ibrahim Bey Ingénieur,badr din ibraim bei ingenieur,,Comptoir Commercial Economique,director,850
P00659,1950,Baehler René,Baehler René,baehler ren,,The Electric Light & Power Supply Co,director,850
P00524,1950,Baba El Dine Hussein,Baba El Dine Hussein,baba din husein,,Frosted Food & Cold Storage Co,director,850
P00660,1950,Bahari Tewfik,Bahari Tewfik,bari teufik,,Sidi Salem Co,managing_director,850
P00660,1950,Bahari Tewfik,Bahari Tewfik,bari teufik,,Sidi Salem Co,general_manager,850
P01648,1950,Bahgat Badaotù Bey,Bahgat Badaotù,bahgat badaotu,bey,Cie. d'Assurances «Al Chark»,adviser,850
P01648,1950,Bahgat Badaotù Bey,Bahgat Badaotù,bahgat badaotu,bey,Cie. d'Assurances «Al Chark»,director,850
P01648,1950,Bahgat Badaotù Bey,Bahgat Badaotù,bahgat badaotu,bey,Crédit Foncier Egyptien,manager,850
P01160,1950,Bahgat el Derini,Bahgat el Derini,bahgat derini,,Journal «Al Misri» à Alexandrie,manager,850
P01160,1950,Bahgat el Derini,Bahgat el Derini,bahgat derini,,Commercial Bank of Egypt,manager,850
P01160,1950,Bahgat el Derini,Bahgat el Derini,bahgat derini,,pour Alexandrie de la Commercial Insurance Cy. of Egypt,general_manager,850
P00662,1950,Bahrawy Aly Dr,Bahrawy Aly Dr,bahraui ali dr,,"The Simon Arzt Stores, S.A.E",director,850
P01649,1950,Bahri Selim Bey,Bahri Selim,bahri selim,bey,-Dél. Near East Pharmaceutical & Commercial Co,vice_president,850
P01649,1950,Bahri Selim Bey,Bahri Selim,bahri selim,bey,-Dél. Near East Pharmaceutical & Commercial Co,director,850
P01650,1950,Bailey A. \V,Bailey A. \V,bailei v,,Société des Autobus de Béhéra,general_manager,850
P01650,1950,Bailey A. \V,Bailey A. \V,bailei v,,Société des Autobus de Béhéra,president,850
P01650,1950,Bailey A. \V,Bailey A. \V,bailei v,,"Gharbieh, S.A.E",general_manager,850
P01650,1950,Bailey A. \V,Bailey A. \V,bailei v,,"Gharbieh, S.A.E",president,850
P01650,1950,Bailey A. \V,Bailey A. \V,bailei v,,The United Bus Co,general_manager,850
P01650,1950,Bailey A. \V,Bailey A. \V,bailei v,,The United Bus Co,president,850
P00664,1950,Dr. Bak Richard,Bak Richard,bak rishard,,Société des Terrains de la Ville d'Alexandrie,managing_director,850
P01651,1950,Baker A. G,Baker A. G,baker,,Pieux-Vibro,managing_director,850
P01652,1950,Bakhaty Mahmoud Bey,Bakhaty Mahmoud,bakhati mahmud,bey,Sté. Eg. de Minoterie et Silos,adviser,850
P01652,1950,Bakhaty Mahmoud Bey,Bakhaty Mahmoud,bakhati mahmud,bey,Sté. Eg. de Minoterie et Silos,director,850
P01162,1950,Bali D,Bali D,bali,,Commercial & Agency Co. of Egypt Ltd,managing_director,851
P01162,1950,Bali D,Bali D,bali,,The Alexandria Manufacturing Co. Ltd,managing_director,851
P01162,1950,Bali D,Bali D,bali,,Sté. de Conserves Alimentaires,director,851
P01653,1950,BaiJian J. A,BaiJian J. A,baigian,,-Dire.cteur S.A.E. Carba,director,851
P01654,1950,Ballis Nicolas,Ballis Nicolas,balis nikolas,,Gharbieh Ginning Co,director,851
P00024,1950,Banoun Alfred,Banoun Alfred,banun alfred,,S.A. Immo- bilière du Domaine de Siouf,director,851
P01655,1950,Barakat Mohamed Bey,Barakat Mohamed,barakat moamed,bey,Banque Mosséri,director,851
P01656,1950,Barcilon Abramino,Barcilon Abramino,barsilon abramino,,Sté. de Crédit,director,851
P01656,1950,Barcilon Abramino,Barcilon Abramino,barsilon abramino,,Commerce,director,851
P01657,1950,BarcHon Henry,BarcHon Henry,barshon henri,,"Sté. Eg. de Tuyaux, Poteaux et Produits en ciment armé",managing_director,851
P01658,1950,Barcilon Léon,Barcilon Léon,barsilon leon,,Anglo-American Nile,managing_director,851
P01659,1950,Barcilon Jack Industriel,Barcilon Jack Industriel,barsilon gak industriel,,Sté. Anglo-American Nile Co,director,851
P01659,1950,Barcilon Jack Industriel,Barcilon Jack Industriel,barsilon gak industriel,,Sociétés,director,851
P01164,1950,Barda Jacques J,Barda Jacques J,barda gakues,,en nom de la Barda Cotton Cy,partner,851
P01164,1950,Barda Jacques J,Barda Jacques J,barda gakues,,Alexandria Pressing Co,managing_director,851
P01164,1950,Barda Jacques J,Barda Jacques J,barda gakues,,Alexandria Pressing Co,director,851
P01165,1950,Ba1·da Rémy J,Ba1·da Rémy J,bada remi,,en nom de Barda Cotton Cy,partner,851
P01165,1950,Ba1·da Rémy J,Ba1·da Rémy J,bada remi,,The Edrei & Co. Ltd,director,851
P01164,1950,Bardak Jacques,Bardak Jacques,bardak gakues,,Near East Pharmaceutical et Commercial Cy S.A.E,managing_director,851
P00667,1950,Barker H. A,Barker H. A,barker,,Maison Bark er & Co,partner,851
P00667,1950,Barker H. A,Barker H. A,barker,,The Alexandria Water Co,president,851
P00667,1950,Barker H. A,Barker H. A,barker,,The Alexandria Water Co,director,851
P00667,1950,Barker H. A,Barker H. A,barker,,Filature Nationale d'Egypte,president,851
P00667,1950,Barker H. A,Barker H. A,barker,,Filature Nationale d'Egypte,director,851
P00668,1950,Barki Edouard,Barki Edouard,barki eduard,,"Gérance Immobilière, S.A.E",director,851
P00399,1950,Baron Roland,Roland,roland,,Monts de Piété Egyptiens,director,851
P00670,1950,Barthe-Dejean Jules,Barthe-Dejean Jules,barth degean gules,,"Comptoir Auxiliaire d'Entreprises, S.A.E. """,president,851
P01660,1950,Barthe-Dejean Paul,Barthe-Dejean Paul,barth degean paul,,Comptoir Auxiliaire d'Entreprises,director,851
P01661,1950,Basile Georges,Basile Georges,basil georges,,Sté. Eg. des Industries Chimiques,director,851
P01662,1950,Basri Salomon,Basri Salomon,basri salomon,,Nouveaux Hôtels d'Egypte,director,851
P01661,1950,Bassili Georges,Bassili Georges,basili georges,,Bassili Pacha Timber Co,vice_president,851
P01661,1950,Bassili Georges,Bassili Georges,basili georges,,Bassili Pacha Timber Co,director,851
P01661,1950,Bassili Georges,Bassili Georges,basili georges,,Bassili Pacha Timber Co,delegate,851
P01663,1950,Bassili Mme. Marguerite,Bassili Mme. Marguerite,basili m marguerit,,Ba~sili Pacha Timber Co,president,851
P01664,1950,Bassili Nicolas Alexandre,Bassili Nicolas Alexandre,basili nikolas alexandr,,Delta Engineering Co,director,852
P01665,1950,Bassili Victor,Bassili Victor,basili viktor,,Warehouses of Egypt,director,852
P00671,1950,Bata Henri,Bata Henri,bata henri,,«Chaussures,president,852
P01666,1950,Bate Charles W. Clavell,Bate Charles W. Clavell,bat sharles klavel,,Egyptian Shipping Cy,director,852
P01169,1950,Bauerlé Gustave,Bauerlé Gustave,bauerl gustav,,National Metal Industries,managing_director,852
P01169,1950,Bauerlé Gustave,Bauerlé Gustave,bauerl gustav,,National Metal Industries,general_manager,852
P01170,1950,Bayram Mahmoud Bey,Bayram Mahmoud,bairam mahmud,bey,Société Immobilière de Boulac,director,852
P01170,1950,Bayram Mahmoud Bey,Bayram Mahmoud,bairam mahmud,bey,"Société Immobilière de Zamalek, S.A.E",director,852
P01171,1950,Baz Maroun,Baz Maroun,baz marun,,The Mediterranean Co. for General Trade (Egypt) Ltd,managing_director,852
P00205,1950,Beattie Thomas,Beattie Thomas,beati thomas,,"The Hinshelwood Paint and Oil Co. of Egypt, S.A.E",vice_president,852
P00206,1950,Bégué Emile,Bégué Emile,begu emil,,Alexandia & Ramleh Railways Co,director,852
P00206,1950,Bégué Emile,Bégué Emile,begu emil,,Alexandia & Ramleh Railways Co,adviser,852
P00206,1950,Bégué Emile,Bégué Emile,begu emil,,Sté Eg. des Industries Electriques et Mécaniques,director,852
P00206,1950,Bégué Emile,Bégué Emile,begu emil,,Sté Eg. des Industries Electriques et Mécaniques,adviser,852
P01172,1950,Behrend J. L,Behrend J. L,behrend,,Rosetta and Alexandria Rice Mills,director,852
P01172,1950,Behrend J. L,Behrend J. L,behrend,,British Oil & Cake Mills Ltd,director,852
P01667,1950,Beh.:hyt François,Beh.:hyt François,beh hit frankois,,Sté. Commerciale et Financière «Al Masria)),director,852
P01668,1950,Bekhyt Gabriel,Bekhyt Gabriel,bekhit gabriel,,Sté. Commerciale et Financière «Al Masria»,director,852
P00675,1950,Belilos Léon Jacques,Belilos Léon Jacques,belilos leon gakues,,Grands Hôtels d'Egypte et Sté Nationale de Textile Memphis,director,852
P00676,1950,Belilos Maurice Youssef,Belilos Maurice Youssef,belilos mauris iusef,,"Sté. Egyptienne d'Industries Chimiques, S.A.E",director,852
P00676,1950,Belilos Maurice Youssef,Belilos Maurice Youssef,belilos mauris iusef,,Dél. National Salt and Mining Co,director,852
P00678,1950,Belleni Parissi,Belleni Parissi,beleni parisi,,"Alexandria Racing Club, S.A.E",director,852
P00210,1950,Benachi Alexandre L,Benachi Alexandre L,benashi alexandr,,S.A. des Presses Libres,director,852
P01173,1950,Egyptiennes,Egyptiennes,egiptienes,,The Choremi Benachi Cotton Co,managing_director,852
P01173,1950,Egyptiennes,Egyptiennes,egiptienes,,"Société Cotonnière «Maarad», de la Société Egyptienne de la Bourse Commerciale de Minet El Bassai",director,852
P01173,1950,Egyptiennes,Egyptiennes,egiptienes,,The Alexandria Water Co. Ltd,director,852
P00211,1950,Benachi Lucas Ant,Benachi Lucas Ant,benashi lukas ant,,"Simon Arzt Stores, S.A.E",managing_director,852
P00211,1950,Benachi Lucas Ant,Benachi Lucas Ant,benashi lukas ant,,"Simon Arzt Stores, S.A.E",manager,852
P00680,1950,Benderli Henri,Benderli Henri,benderli henri,,"Simon Arzt Stores, S.A.E",managing_director,852
P00213,1950,Benderli Simon,Benderli Simon,benderli simon,,Simon Arzt Stores,president,852
P01669,1950,Benin Albert,Benin Albert,benin albert,,"Eastern Electric Co., S.A.E",director,852
P01670,1950,Ben Lassin Alexandre,Ben Lassin Alexandre,lasin alexandr,,"Rye, Evans& Co. (Sudan) Ltd",president,852
P01670,1950,Ben Lassin Alexandre,Ben Lassin Alexandre,lasin alexandr,,"Rye, Evans& Co. (Sudan) Ltd",managing_director,852
P01670,1950,Ben Lassin Alexandre,Ben Lassin Alexandre,lasin alexandr,,Orient Linen Industry,managing_director,852
P01670,1950,Ben Lassin Alexandre,Ben Lassin Alexandre,lasin alexandr,,Sté Nationale de Textile Memphis,director,852
P01671,1950,Bennett H.T,Bennett H.T,benet,,Marconi Radio Telegraph Co. of Egypt. ·,managing_director,853
P00681,1950,Benoist Baron Louis de,Benoist Baron Louis de,benoist baron luis,,Cie. Universelle du Canal Maritime de Suez,director,853
P00681,1950,Benoist Baron Louis de,Benoist Baron Louis de,benoist baron luis,,National Insurance Co. of Egypt,president,853
P00681,1950,Benoist Baron Louis de,Benoist Baron Louis de,benoist baron luis,,"Immobilia d'Egypte, S.A.E",vice_president,853
P00681,1950,Benoist Baron Louis de,Benoist Baron Louis de,benoist baron luis,,Société Générale des Sucreries,director,853
P00681,1950,Benoist Baron Louis de,Benoist Baron Louis de,benoist baron luis,,Raffinerie d'Egypte,director,853
P00681,1950,Benoist Baron Louis de,Benoist Baron Louis de,benoist baron luis,,S.A. des Eaux du Caire,director,853
P00215,1950,Besso Joseph M,Besso Joseph M,beso gosef,,"Usines Textiles «Al-Kahira», S.A.E",member,853
P00215,1950,Besso Joseph M,Besso Joseph M,beso gosef,,"Usines Textiles «Al-Kahira», S.A.E",president,853
P00215,1950,Besso Joseph M,Besso Joseph M,beso gosef,,"Usines Textiles «Al-Kahira», S.A.E",managing_director,853
P00215,1950,Besso Joseph M,Besso Joseph M,beso gosef,,«Commerciale» Cie. Nationale pour le Commerce,president,853
P00215,1950,Besso Joseph M,Besso Joseph M,beso gosef,,"Industrie, S.A.E",president,853
P00215,1950,Besso Joseph M,Besso Joseph M,beso gosef,,"Asia & Africa Trading Co., S.A.E",president,853
P00683,1950,Besso Sabino,Besso Sabino,beso sabino,,"Usines Textiles«Al-Kahira», S.A.E",director,853
P00683,1950,Besso Sabino,Besso Sabino,beso sabino,,Société Egyptienne pour l'industrie et le Commerce des Cotonnades«La Cotonnière» S.A.E,managing_director,853
P00683,1950,Besso Sabino,Besso Sabino,beso sabino,,Société The Middle East Industrial & Trading Co. (S.M. Besso & Co.),partner,853
P00683,1950,Besso Sabino,Besso Sabino,beso sabino,,Société The Middle East Industrial & Trading Co. (S.M. Besso & Co.),manager,853
P00683,1950,Besso Sabino,Besso Sabino,beso sabino,,Commanditaire de la Société Mena Milks,manager,853
P00683,1950,Besso Sabino,Besso Sabino,beso sabino,,Commanditaire de la Société Mena Milks,partner,853
P01672,1950,Products,Products,produkts,,Carver Cotton S.A.E,manager,853
P01672,1950,Products,Products,produkts,,Carver Cotton S.A.E,director,853
P01672,1950,Products,Products,produkts,,Carver Cotton S.A.E,vice_president,853
P01178,1950,Bethell Alexander Duke,Bethell Alexander Duke,bethel alexander duk,,Maison CORY BROS Co. Ltd. au Moyen-Orient,delegate,853
P01178,1950,Bethell Alexander Duke,Bethell Alexander Duke,bethel alexander duk,,"Upper Egypt Mining Co., S.A.E",delegate,853
P01178,1950,Bethell Alexander Duke,Bethell Alexander Duke,bethel alexander duk,,"Tractor & Engineering Cy., S.A.E",director,853
P00684,1950,Beyts G,Beyts G,beits,,"The Egyptian Aerated Water Company, Ltd",manager,853
P01673,1950,Bianchi,Bianchi,bianshi,,-Dél. Industrie du Froid,director,853
P01181,1950,Bianchi Philip N,Bianchi Philip N,bianshi filip,,"The Mercantile, Shipping and Coaling Co., Bianchi & Co., (Egypt) Ltd",managing_director,853
P01181,1950,Bianchi Philip N,Bianchi Philip N,bianshi filip,,The Mercantile Shipping & Coaling Co. Bianchi & Co. (Malta) Ltd,managing_director,853
P01181,1950,Bianchi Philip N,Bianchi Philip N,bianshi filip,,The Egyptian Star Navig~tion Co,managing_director,853
P01181,1950,Bianchi Philip N,Bianchi Philip N,bianshi filip,,Sté. Eg. d'Entreprises Urbaines et Rurales,vice_president,853
P01674,1950,Bibaoui Yaconb Bey,Bibaoui Yaconb,bibaui iakonb,bey,Sté. Bibaoui pour le Commerce des Cotons,president,853
P01675,1950,Bibaoui Joseph Yacoub,Bibaoui Joseph Yacoub,bibaui gosef iakub,,Sté. Bibaoui pour le Commerce des Cotons,director,853
P01676,1950,S.E. Bicharat Hanna Pacha,Bicharat Hanna,bisharat hana,pasha,United Cold Storage,director,854
P01677,1950,Bicharat Shibly Bey,Bicharat Shibly,bisharat shibli,bey,United Cold Storage,director,854
P01678,1950,Birley G. P,Birley G. P,birlei,,Near East Cleaning,director,854
P00027,1950,Blattner Henry C. D,Blattner Henry C. D,blatner henri,,en Egypte de la Sinaï Mining Co. Ltd,managing_director,854
P01679,1950,Blattner Reginald,Blattner Reginald,blatner reginald,,Eg. Sisal Manufacturing Cy,managing_director,854
P01680,1950,Bless Hans,Bless Hans,bles hans,,Adjoint Alexandria Cotton Trading,managing_director,854
P01182,1950,Bless Rodolphe,Bless Rodolphe,bles rodolf,,"Sté. des Autobus du Nord, S.A.E. et Egyptian Road Transport Co. S.A.E",managing_director,854
P01182,1950,Bless Rodolphe,Bless Rodolphe,bles rodolf,,Sté. Misr pour les Fourrages,director,854
P00687,1950,Boissonas Alphonse,Boissonas Alphonse,boisonas alfons,,Société Egyptienne de Teinture,director,854
P00687,1950,Boissonas Alphonse,Boissonas Alphonse,boisonas alfons,,Apprêt,director,854
P01681,1950,Bonafous A,Bonafous A,bonafus,,Dél. Sté. Egyptienne des Pétroles,director,854
P01185,1950,Bonett Georges P,Bonett Georges P,bonet georges,,Sté. Franco-Egyptienne de Soieries,director,854
P01185,1950,Bonett Georges P,Bonett Georges P,bonet georges,,Egyptian Engineering & Marine Cy,managing_director,854
P01682,1950,Bonvoisin Pierre,Bonvoisin Pierre,bonvoisin pier,,Banque Belge et Internationale en Egypte,president,854
P01683,1950,Borchard Jens,Borchard Jens,borshard gens,,S.A.E. Sahel,director,854
P00218,1950,Bordier Pierre,Bordier Pierre,bordier pier,,Crédit Immobilier Suisse-Egyptien,president,854
P01684,1950,Borrometi Alessandro,Borrometi Alessandro,borometi alesandro,,Manufacture Textiles Egyptiens Matexa,director,854
P01685,1950,Borsali Albert,Borsali Albert,borsali albert,,"Manufacture Egyptienne de Bon- neterie et Tricotage «El-Nil», S.A.E",director,854
P01686,1950,Borsali Ibrahim Khalil El,Borsali Ibrahim Khalil El,borsali ibraim khalil,,«Sté. Borsali pour le Commerce,president,854
P01686,1950,Borsali Ibrahim Khalil El,Borsali Ibrahim Khalil El,borsali ibraim khalil,,Industrie»,president,854
P01687,1950,Botton Isidore de,Botton Isidore de,boton isidor,,Rizerie Egyptienne Moderne,director,854
P01687,1950,Botton Isidore de,Botton Isidore de,boton isidor,,Rizerie Egyptienne Moderne,manager,854
P01687,1950,Botton Isidore de,Botton Isidore de,boton isidor,,Middle East Trading & Cotton Co,managing_director,854
P01688,1950,Botton Maurice de,Botton Maurice de,boton mauris,,Rizerie Egyptienne Moderne,director,854
P00691,1950,Bouchra Hanna Charles Bey,Bouchra Hanna Charles,bushra hana sharles,bey,Alexandria Glass & Porcelain Factory,president,854
P00691,1950,Bouchra Hanna Charles Bey,Bouchra Hanna Charles,bushra hana sharles,bey,SÔciété Anonyme Egyptienne de Construction «EGYCO»,director,854
P00691,1950,Bouchra Hanna Charles Bey,Bouchra Hanna Charles,bushra hana sharles,bey,Béni Mazar Urbaine et Rurale,director,854
P00691,1950,Bouchra Hanna Charles Bey,Bouchra Hanna Charles,bushra hana sharles,bey,National Bottling Co. of Egypt,director,854
P01187,1950,Boudet René,Boudet René,budet ren,,Sté. Eg. Minoterie et Silos et Sté. Crédit Alexandrin,managing_director,854
P01187,1950,Boudet René,Boudet René,budet ren,,Marsa-Matrouh Salt & Potash Cy,director,854
P01187,1950,Boudet René,Boudet René,budet ren,,Déléguê Gérance Immobilière,director,854
P00692,1950,Boulad Albert,Boulad Albert,bulad albert,,Sidi Salem Company,president,854
P01689,1950,Boulad Joseph,Boulad Joseph,bulad gosef,,Delta Engineering Cy,director,854
P00028,1950,Boulad Khalil,Boulad Khalil,bulad khalil,,Sté Immobilière de l'Avenue de la Reine Nazli,president,854
P00694,1950,Boulos Fouad,Boulos Fouad,bulos fuad,,Société des Autobus de Charkieh,director,854
P00694,1950,Boulos Fouad,Boulos Fouad,bulos fuad,,Dakahlieh,director,854
P00694,1950,Boulos Fouad,Boulos Fouad,bulos fuad,,The United Bus Co,director,854
P01690,1950,Boushra Dr. E,Boushra Dr. E,bushra dr,,AIRMEC,director,855
P00695,1950,Bouvier André,Bouvier André,buvier andr,,Société Egyptienne de Teinture,director,855
P00695,1950,Bouvier André,Bouvier André,buvier andr,,Apprêt,director,855
P00030,1950,Boyé Jean André,Boyé Jean André,boi gean andr,,Société Royale d'Economie Politique,council_member,855
P00030,1950,Boyé Jean André,Boyé Jean André,boi gean andr,,Société Royale de Papyrologie d'Egypte,council_member,855
P01691,1950,Brahamsha Albert,Brahamsha Albert,bramsha albert,,Ammoniac & Chemical Co,president,855
P01188,1950,Brahamsha Maurice,Brahamsha Maurice,bramsha mauris,,-Technique Ammoniac & Chemical Co,manager,855
P01188,1950,Brahamsha Maurice,Brahamsha Maurice,bramsha mauris,,Manufactures Fortunato-Salloum,president,855
P01692,1950,Brailey L.C,Brailey L.C,brailei,,Smelting Co . . (Egypt). S.A.E,managing_director,855
P01693,1950,Brancart Arnould,Brancart Arnould,brankart arnuld,,Sté. California Texas des Pétroles,director,855
P01693,1950,Brancart Arnould,Brancart Arnould,brankart arnuld,,Sté. California Texas des Pétroles,manager,855
P01694,1950,Brandenburg Edgard,Brandenburg Edgard,brandenburg edgard,,«Commerciale» Cie. Nationale pour le Commerce,managing_director,855
P01694,1950,Brandenburg Edgard,Brandenburg Edgard,brandenburg edgard,,Industrie. S.A.E,managing_director,855
P01695,1950,Brooks N. E,Brooks N. E,broks,,Platrières de Ballah,director,855
P01695,1950,Brooks N. E,Brooks N. E,broks,,Platrières de Ballah,delegate,855
P00698,1950,Brown T. E,Brown T. E,brun,,Egyptian Aerated Water Co. Ltd,director,855
P00698,1950,Brown T. E,Brown T. E,brun,,Egyptian Aerated Water Co. Ltd,general_manager,855
P01696,1950,Buhagiar Joseph,Buhagiar Joseph,buagiar gosef,,Trading Corp. of Egypt,director,855
P01190,1950,Burckhardt C. L,Burckhardt C. L,burkhardt,,Maison Reinhart & Co,partner,855
P01190,1950,Burckhardt C. L,Burckhardt C. L,burkhardt,,Maison Reinhart & Co,manager,855
P01190,1950,Burckhardt C. L,Burckhardt C. L,burkhardt,,Société Egyptienne de la Bourse Commerciale de Minet El Bassal,vice_president,855
P01190,1950,Burckhardt C. L,Burckhardt C. L,burkhardt,,National Metal Industries,vice_president,855
P01190,1950,Burckhardt C. L,Burckhardt C. L,burkhardt,,i on de la Société Générale de Pressage et Dépôts,director,855
P01190,1950,Burckhardt C. L,Burckhardt C. L,burkhardt,,"National Ginning Co. of Egypt, S.A.E., de The Electricity andlee Supply Co., de la Cairo Sand Bricks Co. S.A.E., de la Fluviale S.A.E",director,855
P01190,1950,Burckhardt C. L,Burckhardt C. L,burkhardt,,Surveillance de Hamata Mining Co,council_member,855
P01697,1950,Burgoyne George Frederick,Burgoyne George Frederick,burgoin georg frederik,,Nile Insurance Co,director,855
P01191,1950,Bustros Antoine M,Bustros Antoine M,bustros antoin,,"Chemical Industries Development, S.A.E",managing_director,855
P00231,1950,Buxton Robert V,Buxton Robert V,buxton robert,,Anglo-Egyptian Oilfields,director,855
P01698,1950,Caias Pantazis,Caias Pantazis,kaias pantazis,,Sté. Misr pour les Fourrages,director,855
P01698,1950,Caias Pantazis,Caias Pantazis,kaias pantazis,,The Sud an Oil Mills Ltd,director,855
P01698,1950,Caias Pantazis,Caias Pantazis,kaias pantazis,,Nile Commercial Co,director,855
P01699,1950,Calomiris Georges S,Calomiris Georges S,kalomiris georges,,Union des Hôteliers d'Egypte,vice_president,856
P01699,1950,Calomiris Georges S,Calomiris Georges S,kalomiris georges,,Tarification du Tourisme Egyptien,president,856
P01699,1950,Calomiris Georges S,Calomiris Georges S,kalomiris georges,,Tarification du Tourisme Egyptien,vice_president,856
P01699,1950,Calomiris Georges S,Calomiris Georges S,kalomiris georges,,Tarification du Tourisme Egyptien,liquidator,856
P01699,1950,Calomiris Georges S,Calomiris Georges S,kalomiris georges,,Industrie d'Egypte,president,856
P01699,1950,Calomiris Georges S,Calomiris Georges S,kalomiris georges,,Industrie d'Egypte,vice_president,856
P01699,1950,Calomiris Georges S,Calomiris Georges S,kalomiris georges,,Industrie d'Egypte,liquidator,856
P01699,1950,Calomiris Georges S,Calomiris Georges S,kalomiris georges,,Industrie d'Egypte,committee_member,856
P01700,1950,Cambas Alexandre,Cambas Alexandre,kambas alexandr,,Egyptian Motor Transport Co. et Selected Textile Industries Assoc. S.A.E,director,856
P01701,1950,Camerana Mr. le Comte Dr. Giancarlo,Camerana Mr. le Comte Dr. Giancarlo,kamerana mr l komt dr giankarlo,,SAIDE,vice_president,856
P01193,1950,Camiglieri Raoul,Camiglieri Raoul,kamiglieri raul,,The Egyptian Petroleum Storage Co. et The Albert Mussa Agency & Stevedoring Co. S.A.E,director,856
P01193,1950,Camiglieri Raoul,Camiglieri Raoul,kamiglieri raul,,Egyptian Bonded Warehouses Co. Ltd,general_manager,856
P01702,1950,Campbell The Hon. Cecil,Campbell The Hon. Cecil,kampbel th hon sesil,,National Bank of Egypt,president,856
P01702,1950,Campbell The Hon. Cecil,Campbell The Hon. Cecil,kampbel th hon sesil,,National Bank of Egypt,director,856
P00033,1950,Campos Benvenuto,Campos Benvenuto,kampos benvenuto,,"General Society for Banking, Trading and Land Enterprises, S.A.E",president,856
P00033,1950,Campos Benvenuto,Campos Benvenuto,kampos benvenuto,,Société Générale d'Electricité,managing_director,856
P00033,1950,Campos Benvenuto,Campos Benvenuto,kampos benvenuto,,Mécanique,managing_director,856
P00034,1950,Campos Giuseppe,Campos Giuseppe,kampos giusep,,"General Society for Banking, Trading & Land Enterprises, S.A.E",president,856
P00034,1950,Campos Giuseppe,Campos Giuseppe,kampos giusep,,"General Society for Banking, Trading & Land Enterprises, S.A.E",managing_director,856
P00238,1950,Campos Hans,Campos Hans,kampos hans,,General So~iety for,director,856
P01703,1950,Candilidis Constantin,Candilidis Constantin,kandilidis konstantin,,Dél. F1rosted Food & Cold Storage,director,856
P01704,1950,Capatos Elie,Capatos Elie,kapatos eli,,"Technique et ACministrateur Su,?pléant de Kafr el Zayat Cotton Co",adviser,856
P01705,1950,Caplain,Caplain,kaplain,,Constructions Modernes Al Chams,director,856
P01196,1950,Caraggia Anastase,Caraggia Anastase,karagia anastas,,Dehydration Cy. of Egypt,vice_president,856
P01566,1950,United Enterprises,United Enterprises,united enterprises,,«Al Mansur Construction Co. Ltd. Bagdad»,director,856
P01706,1950,Cartareggia Filippo,Cartareggia Filippo,kartaregia filipo,,"Egyptian Foreign Trade & Travel Research Organization, S.A.E. en formation",director,856
P01706,1950,Cartareggia Filippo,Cartareggia Filippo,kartaregia filipo,,Société Egyptienne d'Expansion Commerciale et Industrielle «Sedex» S A.E. en formation,director,856
P00240,1950,Carton de Wiart Edmond Baron K.B.E,Carton de Wiart Edmond Baron K.B.E,karton uiart edmond baron,,Banque Belge et Internationale en Egypte,director,856
P00036,1950,Carver F. E,Carver F. E,karver,,Carver Cotton Co,managing_director,856
P00036,1950,Carver H. B,Carver H. B,karver,,Société Générale de Pressage,president,857
P00036,1950,Carver H. B,Carver H. B,karver,,Dépôts,president,857
P01197,1950,Cassab Jacques,Cassab Jacques,kasab gakues,,Sidi Salem Co,director,857
P01198,1950,Cassar Paul,Cassar Paul,kasar paul,,The Amalgamated lee Factories & Cold,director,857
P01707,1950,Cassaveti Demetrius John,Cassaveti Demetrius John,kasaveti demetrius gohn,,Commercial Bank of the Near East,director,857
P00243,1950,Castro Charles V,Castro Charles V,kastro sharles,,The Engineering Co. of,managing_director,857
P01201,1950,Egypt,Egypt,egipt,,Trading Corp. of Egypt,director,857
P01200,1950,Castro Léon Me,Castro Léon Me,kastro leon m,,Société des Biens de Rapport d'Egypte,vice_president,857
P01200,1950,Castro Léon Me,Castro Léon Me,kastro leon m,,Société des Biens de Rapport d'Egypte,director,857
P01200,1950,Castro Léon Me,Castro Léon Me,kastro leon m,,The Egyptian Land & Building Co,vice_president,857
P01200,1950,Castro Léon Me,Castro Léon Me,kastro leon m,,The Egyptian Land & Building Co,director,857
P01708,1950,Castro S,Castro S,kastro,,Manufacture Nation. Couverture et Lainages,director,857
P00707,1950,Casulli Alexandre M,Casulli Alexandre M,kasuli alexandr,,The Gharbieh Ginning Co. (S.A.),director,857
P00245,1950,Casulli Michel S,Casulli Michel S,kasuli mishel,,The Gharbieh Ginning Co,president,857
P00245,1950,Casulli Michel S,Casulli Michel S,kasuli mishel,,Société Générale de Pressage,director,857
P00245,1950,Casulli Michel S,Casulli Michel S,kasuli mishel,,Dépôts,director,857
P00037,1950,Cattaui Aslan Bey,Cattaui Aslan,kataui aslan,bey,Union Foncière d'Egypte,managing_director,857
P00037,1950,Cattaui Aslan Bey,Cattaui Aslan,kataui aslan,bey,diverses Sociétés,director,857
P01709,1950,Cattaui Mtre. Joseph Ed,Cattaui Mtre. Joseph Ed,kataui mtr gosef ed,,Egyptian Copper Works,director,857
P00042,1950,Cattaui René Bey,Cattaui René,kataui ren,bey,Société Anonyme de Wadi Kom Ombo,vice_president,857
P00042,1950,Cattaui René Bey,Cattaui René,kataui ren,bey,Société Anonyme de Wadi Kom Ombo,managing_director,857
P00042,1950,Cattaui René Bey,Cattaui René,kataui ren,bey,Crédit Foncier Egyptien,director,857
P00042,1950,Cattaui René Bey,Cattaui René,kataui ren,bey,Société Générale des Sucreries,director,857
P00042,1950,Cattaui René Bey,Cattaui René,kataui ren,bey,Raffinerie d'Egypte,director,857
P00042,1950,Cattaui René Bey,Cattaui René,kataui ren,bey,Conseil de la Société Royale d'Agriculture,council_member,857
P01710,1950,Catzeflis Ed. Mtre,Catzeflis Ed. Mtre,katzeflis ed mtr,,Sté Eg. des Industries Textiles,president,857
P01710,1950,Catzeflis Ed. Mtre,Catzeflis Ed. Mtre,katzeflis ed mtr,,Sté Eg. des Industries Textiles,director,857
P00709,1950,Célier A,Célier A,selier,,Crédit Foncier Egyptien,director,857
P00710,1950,Ceysens Albert,Ceysens Albert,seisens albert,,Sucreries d'Egypte,general_manager,857
P00247,1950,S.E. Chaaraoui Hassan Pacha,Chaaraoui Hassan,sharaui hasan,pasha,"Société Egyptienne des Industries Chimiques, S.A.E",director,858
P01711,1950,Chaaraoui Mohamed Bey,Chaaraoui Mohamed,sharaui moamed,bey,Imprimerie Misr,director,858
P01202,1950,Chahine Khalil,Chahine Khalil,shain khalil,,S.A.E. de Capitalisation l'Epargne,director,858
P01712,1950,Chaker Ibrahim,Chaker Ibrahim,shaker ibraim,,Misr Engineering Works & Transport Co,director,858
P01713,1950,Tourist Development Association,Tourist Development Association,turist development asosiation,,S.A. des Wagons Lits Iran,director,858
P01713,1950,Tourist Development Association,Tourist Development Association,turist development asosiation,,"Société Viticole et Vinicole d'Egypte, Représentant de la Cie. Internationale des Wagons-Lits en Egypte, en Palestine, Syrie, Irak et Iran",president,858
P01714,1950,Chalhoub Joseph,Chalhoub Joseph,shalhub gosef,,Egyptian Stevedoring and Shipping Co,director,858
P00712,1950,Chalhoub Georges A,Chalhoub Georges A,shalhub georges,,Manufacture Egyptienne de Bonneterie et Tricotage «El Nil»,director,858
P00714,1950,Chalom Me. Charles,Chalom Me. Charles,shalom m sharles,,Union Foncière d'Egypte,director,858
P00714,1950,Chalom Me. Charles,Chalom Me. Charles,shalom m sharles,,Cairo Agricultural Co,director,858
P01715,1950,Chalom Moise,Chalom Moise,shalom mois,,«La Cotonnière»,director,858
P01203,1950,Chalom Rodolphe Bey Me,Chalom Rodolphe Bey Me,shalom rodolf bei m,,"«Fermag», Sté d'Alimentation Générale",director,858
P01716,1950,Chalom Victor,Chalom Victor,shalom viktor,,«La Cotonnière»,director,858
P01717,1950,Chami Sayed Hassan El,Chami Sayed Hassan El,shami saied hasan,,Egyptian Road Construction et Eg. Rice and Flour Mills,director,858
P00715,1950,Champier Jean,Champier Jean,shampier gean,,Société Egyptienne de Teinture,director,858
P00715,1950,Champier Jean,Champier Jean,shampier gean,,Apprêt,director,858
P01718,1950,Charara Medhat,Charara Medhat,sharara medhat,,Dehydration Co. of Egypt,director,858
P01204,1950,S.E. Charara Mohamed Pacha,Charara Mohamed,sharara moamed,pasha,Farghaly Cotton and Investment Cy,director,858
P01204,1950,S.E. Charara Mohamed Pacha,Charara Mohamed,sharara moamed,pasha,Misr Engineering Works & Transport Co,president,858
P01206,1950,Chedel A,Chedel A,shedel,,National Ginning Co,director,858
P01207,1950,Chedid Charles de Me,Chedid Charles de Me,shedid sharles m,,National Metal Industries,director,858
P01719,1950,Chérif El Dine Chérif,Chérif El Dine Chérif,sherif din sherif,,Sté. Eg. Maritime Commerciale,director,858
P01720,1950,Cherkesly Henri,Cherkesly Henri,sherkesli henri,,Imperial Trading Co,director,859
P01210,1950,Chevalier Jean,Chevalier Jean,shevalier gean,,Nil Paris,director,859
P01211,1950,Chikhani William,Chikhani William,shikhani uiliam,,Jardins et Vignobles d'Egypte,director,859
P01721,1950,Child C,Child C,shild,,Imperial Chemical Industries,director,859
P01722,1950,Chiniara Fouad,Chiniara Fouad,shiniara fuad,,Sté. Gle. Travaux Publics Bâtiments et Industries Connexes (SOTRAC),director,859
P00044,1950,Choremi E. S,Choremi E. S,shoremi,,Mediterranean Co. for General Trade (Egypt) S.A,president,859
P00250,1950,Choremi Georges J,Choremi Georges J,shoremi georges,,The Mediterranean Co. for General Trade (Egypt) S.A,director,859
P00250,1950,Choremi Georges J,Choremi Georges J,shoremi georges,,The Mediterranean Co. for General Trade (Egypt) S.A,president,859
P00717,1950,Choremi Jean A,Choremi Jean A,shoremi gean,,The .E gyptian Independent Oil Co. S.A.E,director,859
P01723,1950,Choremi Nicolas,Choremi Nicolas,shoremi nikolas,,Mediterranean Co. for General Tfade,director,859
P01724,1950,Choucri Hassan Adm-Dél. de Sté. «Al-Gaafaria»,Choucri Hassan Adm-Dél. de Sté. «Al-Gaafaria»,shukri hasan adm st al gafaria,,Eastern Electric Co,director,859
P01455,1950,Belgique,Belgique,belgiku,,Khassa Royale,manager,859
P01455,1950,Belgique,Belgique,belgiku,,Crédit Agricole et Coopératif d'Egypte,president,859
P01455,1950,Belgique,Belgique,belgiku,,Crédit Agricole et Coopératif d'Egypte,managing_director,859
P01455,1950,Belgique,Belgique,belgiku,,Crédit Hypothécaire Agricole d'Egypte,president,859
P01455,1950,Belgique,Belgique,belgiku,,Crédit Hypothécaire Agricole d'Egypte,managing_director,859
P01455,1950,Belgique,Belgique,belgiku,,Société Egyptienne de Filature et Tissage de Laine S.A.E,president,859
P01455,1950,Belgique,Belgique,belgiku,,Société Egyptienne de Constructions Modernes «Al Chams» S.A.E,director,859
P01455,1950,Belgique,Belgique,belgiku,,Société Misr pour le Tissage de la Soie S.A.E,managing_director,859
P01455,1950,Belgique,Belgique,belgiku,,Crédit Foncier Egyptien S.A.E,director,859
P01455,1950,Belgique,Belgique,belgiku,,Banque Misr S.A.E,director,859
P01455,1950,Belgique,Belgique,belgiku,,Sté. Misr pour la Filature et le Tissage S.A.E,director,859
P01455,1950,Belgique,Belgique,belgiku,,Sté Misr pour la Rayonne S.A.E,director,859
P01455,1950,Belgique,Belgique,belgiku,,Farghaly Cotton and Investment Cy. S.A.E,director,859
P01455,1950,Belgique,Belgique,belgiku,,Delta Trading Co. S.A.E,vice_president,859
P01455,1950,Belgique,Belgique,belgiku,,Sté. Générale de Pressage,director,859
P01455,1950,Belgique,Belgique,belgiku,,Dépôts S.A.E,director,859
P01455,1950,Belgique,Belgique,belgiku,,Technique de la Nitrate Corporation of Chile Ltd. (Egypt and Near East Branch),adviser,859
P01212,1950,Choucri Moustapha Bey,Choucri Moustapha,shukri mustafa,bey,Sté. Viticole & Vinicole d'Egypte,director,859
P01725,1950,Choueri Georges Elias,Choueri Georges Elias,shueri georges elias,,Sté. Autobus Routes Désert,director,859
P01726,1950,Christou Tommy,Christou Tommy,shristu tomi,,Sté. Industrielle et Commerciale Laitière Mand ara,director,860
P00721,1950,Cicurel Clément J,Cicurel Clément J,sikurel klement,,"Grands Magasins Cicurel, S.A.E",managing_director,860
P00721,1950,Cicurel Clément J,Cicurel Clément J,sikurel klement,,"«Le Scribe Egyptien», S.A.E",director,860
P00047,1950,Cicurel David,Cicurel David,sikurel david,,"A,dministration de l' Alexandria Pressing Co., S.A.E",council_member,860
P00047,1950,Cicurel David,Cicurel David,sikurel david,,The Alexandria Insurance Cy,director,860
P00047,1950,Cicurel David,Cicurel David,sikurel david,,Sté. SELAR,director,860
P01727,1950,Cicurel Elvira,Cicurel Elvira,sikurel elvira,,Grands,director,860
P01213,1950,Cicurel Guy,Cicurel Guy,sikurel gui,,"«Le Scribe Egyptien», S.A.E",director,860
P00722,1950,Cicurel Léon,Cicurel Léon,sikurel leon,,Maison d'Exportation de Coton Cicurel & Co,partner,860
P00722,1950,Cicurel Léon,Cicurel Léon,sikurel leon,,The Alexandria Pressing Co. S.A.E,director,860
P01214,1950,Cicurel René,Cicurel René,sikurel ren,,"«Le Scribe Egyptien», S.A.E",director,860
P01214,1950,Cicurel René,Cicurel René,sikurel ren,,Grands Magasins Cicurel,director,860
P01215,1950,Cicurel,Cicurel,sikurel,,"Grands Magasins Ci curel, S.A.E",managing_director,860
P01215,1950,Cicurel,Cicurel,sikurel,,"Grands Magasins Ci curel, S.A.E",president,860
P01215,1950,Cicurel,Cicurel,sikurel,,Société Egyptienne de Placements,director,860
P01215,1950,Cicurel,Cicurel,sikurel,,"Crédit, S.A.E",director,860
P00255,1950,Clark Henry,Clark Henry,klark henri,,Presses Libres Egyptiennes,director,860
P00724,1950,Cockinos Anastase,Cockinos Anastase,kokinos anastas,,"Société des Entrepri ses M. Cockinos, S.A.E",managing_director,860
P00724,1950,Cockinos Anastase,Cockinos Anastase,kokinos anastas,,« Wattcoe »,director,860
P01728,1950,Cockinos Christo,Cockinos Christo,kokinos shristo,,Sté Entreprises Cockinos,director,860
P00725,1950,Cockinos Miltiade,Cockinos Miltiade,kokinos miltiad,,"Société d'Entreprises M. Cockinos, S.A.E",president,860
P00257,1950,Coen Edouard,Coen Edouard,koen eduard,,Industrie Meunière d'Alexandrie,managing_director,860
P00258,1950,Coen James,Coen James,koen games,,Industrie Meunière d' Alexandrie,managing_director,860
P01729,1950,Coen Maurice Comm,Coen Maurice Comm,koen mauris kom,,Industrie Meunière d'Alexandrie,president,860
P01730,1950,Cogels,Cogels,kogels,,Caisse Hypothécaire d'Egypte,director,860
P00049,1950,Cohen Alfred N,Cohen Alfred N,koen alfred,,Société d'Avances Commerciales,president,860
P00049,1950,Cohen Alfred N,Cohen Alfred N,koen alfred,,Société d'Avances Commerciales,managing_director,860
P00261,1950,Cohen Aron,Cohen Aron,koen aron,,"Maison d'Ameublement B. Pontremoli, S.A.E. et Maison de la Petite Reine",director,860
P01217,1950,Cohen Daniel,Cohen Daniel,koen daniel,,Egyptian Cotton & Trading Cy et Sté Commerciale d'Egypte,director,860
P01217,1950,Cohen Daniel,Cohen Daniel,koen daniel,,Conseil de Surveillance « Moharrem Press »,member,860
P01218,1950,Cohen Fernand,Cohen Fernand,koen fernand,,Egyptian Cotton & Trading Cy,director,860
P00263,1950,Cohen,Cohen,koen,,Sté Egypt. Minoterie & Silos,director,860
P01220,1950,Cohen Maurice,Cohen Maurice,koen mauris,,Grands Magasins Chemla,managing_director,860
P00727,1950,Cohen Sir Robert Waley,Cohen Sir Robert Waley,koen sir robert ualei,,Anglo-Egyptian OH- fields,president,861
P01731,1950,Cohen Victor H,Cohen Victor H,koen viktor,,Maison Petite Reine,president,861
P01731,1950,Cohen Victor H,Cohen Victor H,koen viktor,,Maison Petite Reine,managing_director,861
P01221,1950,Cohenca Jacques,Cohenca Jacques,koenka gakues,,Etablissements Giacomo Cohenca Fils,director,861
P01732,1950,Coilin R,Coilin R,koilin,,Sté d'Entreprises Commerciales en Egypte,director,861
P00435,1950,Cole,Cole,kol,,The Aboukir Cy,director,861
P00435,1950,Cole,Cole,kol,,Land Agency of Egypt,president,861
P01733,1950,Coles,Coles,koles,,Simon Arzt Stores,director,861
P00267,1950,Constant Benjamin,Constant Benjamin,konstant bengamin,,Near,president,861
P00729,1950,Constant Halford,Constant Halford,konstant halford,,Near East,director,861
P01734,1950,Constantinidis Ant. G,Constantinidis Ant. G,konstantinidis ant,,S.A. des Immeubles d'Egypte,director,861
P01735,1950,Constantinidis Macky,Constantinidis Macky,konstantinidis maki,,"Gharbieh Ginning Co., S.A",managing_director,861
P01736,1950,Prince Conti Giovanni Ginoni,Conti Giovanni Ginoni,konti giovani ginoni,,Alexandria Glass & Por- celain Factory,vice_president,861
P01737,1950,Conty Louis,Conty Louis,konti luis,,Sté Egyptienne des Pétroles,director,861
P01738,1950,Cooper,Cooper,koper,,Ford Motor Co. (Egypt),president,861
P01739,1950,Cooper F.S. Thornhill,Cooper F.S. Thornhill,koper thornhil,,Dél. Ford Motor Co. (Egypt),director,861
P01740,1950,Couannier Pierre Henry,Couannier Pierre Henry,kuanier pier henri,,National Insurance Cy. of Egypt,manager,861
P01740,1950,Couannier Pierre Henry,Couannier Pierre Henry,kuanier pier henri,,National Insurance Cy. of Egypt,director,861
P01741,1950,Cosbar Basile,Cosbar Basile,kosbar basil,,Union des Commerçants en Textiles,director,861
P00272,1950,Cossery Edouard Bey,Cossery Edouard,koseri eduard,bey,"Société Egyptienne pour l'Exploitation des Mines et Carrières, S.A.E",director,861
P01742,1950,Cottas Nicolas,Cottas Nicolas,kotas nikolas,,Mineral Waters & Wines and Spirits,director,861
P01743,1950,Cousin,Cousin,kusin,,Sté Eg. d'Electricité,director,861
P01744,1950,Cozzika Costi,Cozzika Costi,kozika kosti,,"National Plastics Co., Cotton Broker, Alexandrie et Le Caire",director,861
P01745,1950,Cozzika,Cozzika,kozika,,United Egyptian Nile Transport,director,861
P01745,1950,Cozzika,Cozzika,kozika,,National Insurance Co. of Egypt,director,861
P01745,1950,Cozzika,Cozzika,kozika,,"The Alexandria Racing Club, S. A. E",director,861
P01745,1950,Cozzika,Cozzika,kozika,,Sté Nationale des Matières Plastiques,director,861
P01745,1950,Cozzika,Cozzika,kozika,,"Sté Nationale du Papier, S.A.E",vice_president,861
P01745,1950,Cozzika,Cozzika,kozika,,Egyptian Co. for International Trade« ECIT »,director,861
P01745,1950,Cozzika,Cozzika,kozika,,Egyptian Aircraft Engineering Co,director,861
P00734,1950,Cozzika Théodore Th,Cozzika Théodore Th,kozika theodor th,,"The Alexandria Racing Club, S.A.E",director,861
P01746,1950,Crawford,Crawford,krauford,,National Bank of Egypt et Crédit Agricole et Coo,director,861
P01747,1950,Culberston William,Culberston William,kulberston uiliam,,Alexandria Cotton Trading Co,director,861
P00277,1950,Curiel Maurice E,Curiel Maurice E,kuriel mauris,,Tractor & Engineer- ing Cy,managing_director,861
P01748,1950,Curmi Edward,Curmi Edward,kurmi eduard,,Cherif Cotton & Trading Co,director,861
P01749,1950,Curmi Richard,Curmi Richard,kurmi rishard,,Fabrique des Produits Chimiques,director,861
P01750,1950,Curwen Christofer A.F,Curwen Christofer A.F,kuruen shristofer,,et Secrétaire de la Sté Edrei& Co. Ltd,director,861
P00737,1950,Dabbah Maurice,Dabbah Maurice,dabah mauris,,The Cairo Suburban Building Land Co,member,862
P00737,1950,Dabbah Maurice,Dabbah Maurice,dabah mauris,,Gharbieh Land Co,member,862
P00737,1950,Dabbah Maurice,Dabbah Maurice,dabah mauris,,Koubbeh Gardens,liquidator,862
P01751,1950,Dale Major G,Dale Major G,dal magor,,Egyptian Delta Land & Invest- ment Co,director,862
P01751,1950,Dale Major G,Dale Major G,dal magor,,Egyptian Delta Land & Invest- ment Co,general_manager,862
P01752,1950,Dale Henry,Dale Henry,dal henri,,Imperial Trading Co,president,862
P01753,1950,Dansey C.M,Dansey C.M,dansei,,Smelting Co,director,862
P01754,1950,Daramalli Ahmed Bey,Daramalli Ahmed,daramali ahmed,bey,Egyptian Mining & Prospecting Co,director,862
P01755,1950,Darwiche Iskandar,Darwiche Iskandar,daruish iskandar,,Lotus Navigation Co,director,862
P01756,1950,Davezac Guy,Davezac Guy,davezak gui,,"Société Immobilière d'Alexandrie, S.A.F",manager,862
P01756,1950,Davezac Guy,Davezac Guy,davezak gui,,"Société Immobilière d'Alexandrie, S.A.F",president,862
P00739,1950,Davies Thomas E.H,Davies Thomas E.H,davies thomas,,Choremi Benachi Cotton Co,director,862
P00279,1950,Davis T. A,Davis T. A,davis,,Société Générale de Pressage,manager,862
P00279,1950,Davis T. A,Davis T. A,davis,,Société Générale de Pressage,president,862
P00279,1950,Davis T. A,Davis T. A,davis,,Société Générale de Pressage,director,862
P00279,1950,Davis T. A,Davis T. A,davis,,Dépôts,manager,862
P00279,1950,Davis T. A,Davis T. A,davis,,Dépôts,president,862
P00279,1950,Davis T. A,Davis T. A,davis,,Dépôts,director,862
P01228,1950,Delacave Paul,Delacave Paul,delakav paul,,Cairo Heliopolis,managing_director,862
P01228,1950,Delacave Paul,Delacave Paul,delakav paul,,Egyptian Hotels,managing_director,862
P01228,1950,Delacave Paul,Delacave Paul,delakav paul,,Sté Egypt. d'Electricité,director,862
P00741,1950,Delany Arthur S,Delany Arthur S,delani arthur,,The Marconi Radio Tele- graph Co. of Egypt,president,862
P01757,1950,Delbourgo Daniel E,Delbourgo Daniel E,delburgo daniel,,Carver Cotton Co,director,862
P01758,1950,Delemer Jean,Delemer Jean,delemer gean,,Orient Linen Industry,director,862
P01759,1950,Delenda Mtre. Albert,Delenda Mtre. Albert,delenda mtr albert,,Dehydration Co. of Egypt,director,862
P00284,1950,Dellaporta Byron G,Dellaporta Byron G,delaporta biron,,Alexandria Commercial Co. S.A,president,862
P00284,1950,Dellaporta Byron G,Dellaporta Byron G,delaporta biron,,Alexandria Commercial Co. S.A,managing_director,862
P00284,1950,Dellaporta Byron G,Dellaporta Byron G,delaporta biron,,S.A. Immobilière des Terrains Guizeh-Rodah,president,862
P00284,1950,Dellaporta Byron G,Dellaporta Byron G,delaporta biron,,S.A. Immobilière des Terrains Guizeh-Rodah,managing_director,862
P00284,1950,Dellaporta Byron G,Dellaporta Byron G,delaporta biron,,Sté. Eg. d'Egrenage,president,862
P00284,1950,Dellaporta Byron G,Dellaporta Byron G,delaporta biron,,Entrepôts,president,862
P00284,1950,Dellaporta Byron G,Dellaporta Byron G,delaporta biron,,Alexandria Insurance Co. S.A.E,vice_president,862
P00284,1950,Dellaporta Byron G,Dellaporta Byron G,delaporta biron,,Abou Zaabal & Kafr Zayat Fertilizer and Chemical Cy(AKFAC),vice_president,862
P00284,1950,Dellaporta Byron G,Dellaporta Byron G,delaporta biron,,S.A. des Presses Libres Egyptiennes,director,862
P00284,1950,Dellaporta Byron G,Dellaporta Byron G,delaporta biron,,A lexandria Life Insurance Co. S.A.E,director,862
P01760,1950,Dello Strologo Georges,Dello Strologo Georges,delo strologo georges,,Conseil de Surveillance Angelil Trading Co,president,862
P01760,1950,Dello Strologo Georges,Dello Strologo Georges,delo strologo georges,,Drossos Co. Ltd,president,862
P01240,1950,Agronomique de Paris,Agronomique de Paris,agronomiku paris,,S.A. du Béhéra,director,862
P01240,1950,Agronomique de Paris,Agronomique de Paris,agronomiku paris,,Land Bank of Egypt,managing_director,862
P01761,1950,Demonts Madame Laure,Demonts Madame Laure,demonts madam laur,,Bassili Pacha Timber Co,director,863
P01762,1950,Demonts Roger,Demonts Roger,demonts roger,,Bassili Pacha Timber Co,director,863
P01763,1950,Denham M,Denham M,denham,,et Secrétaire Sinai Mining Co,director,863
P01764,1950,Dermarkar Mathieu,Dermarkar Mathieu,dermarkar mathieu,,Nile Works,director,863
P01765,1950,Dervieu Jean,Dervieu Jean,dervieu gean,,Monts de Piété Egyptiens,director,863
P01231,1950,Diab Emile,Diab Emile,diab emil,,Building & Engineering Supplies Co,president,863
P01231,1950,Diab Emile,Diab Emile,diab emil,,Alexandria and Khartoum Trading Corp,director,863
P01766,1950,Diab Nicolas,Diab Nicolas,diab nikolas,,Building & Engineering Supplies Co. S. A. E,managing_director,863
P01766,1950,Diab Nicolas,Diab Nicolas,diab nikolas,,"The Industrial & Mechanical Supplies Co., S.A.E",director,863
P00750,1950,Diacono Hector V,Diacono Hector V,diakono hektor,,"The United Storage Navigati,on & Commercial Cy",general_manager,863
P00750,1950,Diacono Hector V,Diacono Hector V,diakono hektor,,"The United Storage Navigati,on & Commercial Cy",director,863
P01119,1950,Dicby Moussa Bey,Dicby Moussa,dikbi musa,bey,Anglo-Belgian Co,director,863
P01119,1950,Dicby Moussa Bey,Dicby Moussa,dikbi musa,bey,The Egyp- tian Finance Cy,director,863
P01230,1950,Dib Georges,Dib Georges,dib georges,,Commercial & Estates Co. of Egypt,director,863
P01230,1950,Dib Georges,Dib Georges,dib georges,,Commercial & Estates Co. of Egypt,manager,863
P01767,1950,Dilaveri Alexandre,Dilaveri Alexandre,dilaveri alexandr,,Electrical Development Co,director,863
P01768,1950,Dilaveri Antoine,Dilaveri Antoine,dilaveri antoin,,Mineral Waters & Wines and Spirits,director,863
P00752,1950,Dimopoulo C,Dimopoulo C,dimopulo,,The Consolidated Landed In- terests (Egypt),managing_director,863
P00752,1950,Dimopoulo C,Dimopoulo C,dimopulo,,United Storage Navigation & Commercial Cy,director,863
P00752,1950,Dimopoulo D,Dimopoulo D,dimopulo,,The United Egyptian Nile Transport Co,managing_director,863
P00752,1950,Dimopoulo D,Dimopoulo D,dimopulo,,United Storage Navigation& Commercial Cy,director,863
P01769,1950,Djanikian Boghos,Djanikian Boghos,dganikian boghos,,Industrial & Mechanical Supplies Co,managing_director,863
P01233,1950,Djeddah Elie N,Djeddah Elie N,dgedah eli,,Egyptian Salt & Soda Cy Ltd,director,863
P01770,1950,Djeddaoui Hassan,Djeddaoui Hassan,dgedaui hasan,,Cigarettes Nestor Gianaclis & Unitas Trading Co,director,863
P01770,1950,Djeddaoui Hassan,Djeddaoui Hassan,dgedaui hasan,,Unitas Trading & Financial Co,president,863
P00753,1950,Doligez Marcel Auguste Joseph,Doligez Marcel Auguste Joseph,doligez marsel august gosef,,Société Egyptienne de Teinture,director,864
P00753,1950,Doligez Marcel Auguste Joseph,Doligez Marcel Auguste Joseph,doligez marsel august gosef,,Apprêt,director,864
P00754,1950,Dorra Haim,Dorra Haim,dora haim,,Société pour l'Industrie de Bonneterie,director,864
P00754,1950,Dorra Haim,Dorra Haim,dora haim,,"Société Misr pour l'Industrie Pharmaceutique, S.A.E",director,864
P00754,1950,Dorra Haim,Dorra Haim,dora haim,,Sté Eg. de l'Industrie de Bonneterie,director,864
P01771,1950,Doss Emile Tewfili:,Doss Emile Tewfili:,dos emil teufili,,Sté Hinshelwood Paint & Oil Cy of Egypt,president,864
P01771,1950,Doss Emile Tewfili:,Doss Emile Tewfili:,dos emil teufili,,Sté The Clothing & Equipment Cy of Egypt,director,864
P00758,1950,Doss Mtre Wahib Bey,Doss Mtre Wahib,dos mtr uaib,bey,The Egyptian Land & Buildings Co,president,864
P00758,1950,Doss Mtre Wahib Bey,Doss Mtre Wahib,dos mtr uaib,bey,Commercial Bank of Egypt,vice_president,864
P00758,1950,Doss Mtre Wahib Bey,Doss Mtre Wahib,dos mtr uaib,bey,Commercial Insurance Cy of Egypt,vice_president,864
P00758,1950,Doss Mtre Wahib Bey,Doss Mtre Wahib,dos mtr uaib,bey,Société Mi sr pour le Lin,director,864
P01772,1950,Dreyfus Richard,Dreyfus Richard,dreifus rishard,,Banque Mosseri,director,864
P01773,1950,Dnbied Pierre Neuchâtel,Dnbied Pierre Neuchâtel,dnbied pier neushatel,,dela Société Egyptienne de,director,864
P01774,1950,Dubray Alexandre,Dubray Alexandre,dubrai alexandr,,Sté. Immobilière de Zamalek,president,864
P01775,1950,Dubray Joseph,Dubray Joseph,dubrai gosef,,Sté Immobilière de Zamalek,vice_president,864
P01237,1950,Dudler Joseph,Dudler Joseph,dudler gosef,,Upper Egypt Mining Cy,managing_director,864
P00759,1950,Dukes Eric. M.A,Dukes Eric. M.A,dukes erik,,S.A. Immobilière des Terrains Ghizeh & Rodah,vice_president,864
P00759,1950,Dukes Eric. M.A,Dukes Eric. M.A,dukes erik,,Sté Orientale de Publicité,director,864
P00759,1950,Dukes Eric. M.A,Dukes Eric. M.A,dukes erik,,Sté des Produits Centrifugés en Ciment,director,864
P01239,1950,Edrei Elie,Edrei Elie,edrei eli,,"«Edrei & Co., Ltd. »",president,864
P01776,1950,Edrei Max,Edrei Max,edrei max,,The Egyptian Land & Buildings Co,director,864
P01776,1950,Edrei Max,Edrei Max,edrei max,,Surveillance de la Manufacture Nationale de Couvertures et Lainages (A. Saltiel & Co.),council_member,864
P01777,1950,Eiche Roger,Eiche Roger,eish roger,,Sté de Publications Egyptiennes,director,865
P01778,1950,Eid Jean,Eid Jean,eid gean,,Sté Agricole et Fermière FERMAG et Sté An. Agricole et Industrielle d'Egypte,director,865
P00764,1950,Eid Raymond,Eid Raymond,eid raimond,,-Contrôleur en Egypte de la S.A. des Monts de Piété Egyptiens,director,865
P00764,1950,Eid Raymond,Eid Raymond,eid raimond,,Crédit d'Orient,vice_president,865
P00764,1950,Eid Raymond,Eid Raymond,eid raimond,,Caisse Hypothécaire d'Egypte,director,865
P00764,1950,Eid Raymond,Eid Raymond,eid raimond,,Transport & Engineering Cy,director,865
P01508,1950,Eid,Eid,eid,,Fish and Produce Assoc,director,865
P00765,1950,El Chaféi Abdel Salam,El Chaféi Abdel Salam,shafei abdel salam,,Sté Foncière d'Egypte,director,865
P00765,1950,El Chaféi Abdel Salam,El Chaféi Abdel Salam,shafei abdel salam,,Sté Foncière d'Egypte,president,865
P00765,1950,El Chaféi Abdel Salam,El Chaféi Abdel Salam,shafei abdel salam,,Sté Foncière d'Egypte,managing_director,865
P00765,1950,El Chaféi Abdel Salam,El Chaféi Abdel Salam,shafei abdel salam,,Sté Foncière d'Egypte,vice_president,865
P01779,1950,Elefthérion Gabriel,Elefthérion Gabriel,eleftherion gabriel,,Société Misr pour le Lin,managing_director,865
P01780,1950,Elia Bondi,Elia Bondi,elia bondi,,Sté Gle Pressage et Dépôts et Sté Cotonnière d'Egypte,director,865
P01243,1950,Eliakim Albert,Eliakim Albert,eliakim albert,,Nile Brewery,director,865
P01781,1950,S.E. El Masri Habib F'acha,El Masri Habib F'acha,masri habib asha,,The Union Cotton Cy of Alexandria,director,865
P01781,1950,S.E. El Masri Habib F'acha,El Masri Habib F'acha,masri habib asha,,Banque Zilkha,director,865
P00770,1950,El-Menzalaoui Moustafa Me,El-Menzalaoui Moustafa Me,menzalaui mustafa m,,Sté Egyptienne pour la Fabrication,director,865
P00770,1950,El-Menzalaoui Moustafa Me,El-Menzalaoui Moustafa Me,menzalaui mustafa m,,Exportation des Conserves,director,865
P00770,1950,El-Menzalaoui Moustafa Me,El-Menzalaoui Moustafa Me,menzalaui mustafa m,,"Sté Agricole et Urbaine « Le Fayoum ». Elo ui, Aziz, Ingénieur Diplômé de l) Ecole Royale Polytechnique de Guizeh) Le Caire",director,865
P00770,1950,El-Menzalaoui Moustafa Me,El-Menzalaoui Moustafa Me,menzalaui mustafa m,,"Société de Ciment Portland de Hélouan, S.A.E",director,865
P00770,1950,El-Menzalaoui Moustafa Me,El-Menzalaoui Moustafa Me,menzalaui mustafa m,,"Carrier-Egypt, S.A.E",director,865
P00770,1950,El-Menzalaoui Moustafa Me,El-Menzalaoui Moustafa Me,menzalaui mustafa m,,Standard Oil Co. of Egypt,director,865
P00770,1950,El-Menzalaoui Moustafa Me,El-Menzalaoui Moustafa Me,menzalaui mustafa m,,"Misr Concrete Development Co., .S.A.E",director,865
P01782,1950,HEL » S.A.E,HEL » S.A.E,hel,,Egyptian Aircraft Engineering Company ( S.A.E.),managing_director,865
P01783,1950,Elstein S,Elstein S,elstein,,-Dél. Les Grands Comptoirs d'Egypte,director,865
P00304,1950,El Toukhy Hassan Ahmed,El Toukhy Hassan Ahmed,tukhi hasan ahmed,,"Toukhy's Co. for Sundries & Toys, S.A.E",president,865
P00304,1950,El Toukhy Hassan Ahmed,El Toukhy Hassan Ahmed,tukhi hasan ahmed,,"Toukhy's Co. for Sundries & Toys, S.A.E",managing_director,865
P01246,1950,Dr. Eman André,Eman André,eman andr,,Société Générale de Placement Financier et Industriel,director,866
P00776,1950,Empain Baron Edouard,Empain Baron Edouard,empain baron eduard,,Immobilière Masr El Guédida,president,866
P00776,1950,Empain Baron Edouard,Empain Baron Edouard,empain baron eduard,,The Cairo Electric Railways and Heliopolis Oases Co,president,866
P00776,1950,Empain Baron Edouard,Empain Baron Edouard,empain baron eduard,,The African Enterprise& Development Cy et Egyptian Hotels Ltd,president,866
P00776,1950,Empain Baron Edouard,Empain Baron Edouard,empain baron eduard,,Société Egyptienne d'Electricité,vice_president,866
P00776,1950,Empain Baron Edouard,Empain Baron Edouard,empain baron eduard,,S.A. des Tramways du Caire,vice_president,866
P00776,1950,Empain Baron Edouard,Empain Baron Edouard,empain baron eduard,,"Sté Belge Electro-rail, etc",president,866
P00309,1950,Empain Baron Louis,Empain Baron Louis,empain baron luis,,nombreu ses Sociétés belges et étrangères,director,866
P00310,1950,Empedocles Gregory,Empedocles Gregory,empedokles gregori,,Commercial Bank of The Near East,director,866
P01784,1950,Enan Ahmed,Enan Ahmed,enan ahmed,,Sté Misr pour l'Industrie Pharmaceutique,manager,866
P01784,1950,Enan Ahmed,Enan Ahmed,enan ahmed,,Sté Misr pour l'Industrie Pharmaceutique,director,866
P01784,1950,Enan Ahmed,Enan Ahmed,enan ahmed,,autres Sociétés. r,manager,866
P01784,1950,Enan Ahmed,Enan Ahmed,enan ahmed,,autres Sociétés. r,director,866
P01785,1950,S.E. Enan Pacha Hussein Mahmoud,Enan Pacha Hussein Mahmoud,enan pasha husein mahmud,,«AKFAC»,president,866
P01785,1950,S.E. Enan Pacha Hussein Mahmoud,Enan Pacha Hussein Mahmoud,enan pasha husein mahmud,,«AKFAC»,director,866
P01785,1950,S.E. Enan Pacha Hussein Mahmoud,Enan Pacha Hussein Mahmoud,enan pasha husein mahmud,,United Egyptian Nile Transport,president,866
P01785,1950,S.E. Enan Pacha Hussein Mahmoud,Enan Pacha Hussein Mahmoud,enan pasha husein mahmud,,United Egyptian Nile Transport,director,866
P01785,1950,S.E. Enan Pacha Hussein Mahmoud,Enan Pacha Hussein Mahmoud,enan pasha husein mahmud,,Sté Presses Libres Egyptiennes,vice_president,866
P01785,1950,S.E. Enan Pacha Hussein Mahmoud,Enan Pacha Hussein Mahmoud,enan pasha husein mahmud,,Sté Nationale du Papier,director,866
P01785,1950,S.E. Enan Pacha Hussein Mahmoud,Enan Pacha Hussein Mahmoud,enan pasha husein mahmud,,-Dél. de l' Alexandria Portland Cement Co,director,866
P00311,1950,S.E. Enan Saleh Pacha,Enan Saleh,enan saleh,pasha,Sté du Ciment Portland Hélouan,president,866
P00311,1950,S.E. Enan Saleh Pacha,Enan Saleh,enan saleh,pasha,Sté « Egyptian Cement Products »,president,866
P00311,1950,S.E. Enan Saleh Pacha,Enan Saleh,enan saleh,pasha,Alexandria Portland Cement Co,vice_president,866
P00311,1950,S.E. Enan Saleh Pacha,Enan Saleh,enan saleh,pasha,Sté Misr Produits Pharmaceutiques,director,866
P00311,1950,S.E. Enan Saleh Pacha,Enan Saleh,enan saleh,pasha,Filature Misr de Kafr El Dawar,director,866
P00311,1950,S.E. Enan Saleh Pacha,Enan Saleh,enan saleh,pasha,Sté Sinaï Mining Co,president,866
P00778,1950,Epaulard P,Epaulard P,epaulard,,Agence du Crédit Lyonnais au Caire,manager,866
P01786,1950,Erdoes Koleman,Erdoes Koleman,erdoes koleman,,Dél. Cie Commerciale Cotonnière,director,866
P00313,1950,Erfan Mohamed Bey,Erfan Mohamed,erfan moamed,bey,Cairo Suburban Building Lands,director,866
P01787,1950,Escher W,Escher W,esher,,Sté Générale Pressage et Dépôts,director,866
P00779,1950,Estabrook Edward Lewis,Estabrook Edward Lewis,estabrok eduard leuis,,The St~ndard Oil Co. of Egypt S.A,director,866
P01249,1950,Eugenides Eugène,Eugenides Eugène,eugenides eugen,,General Navigation Cy of Egypt,vice_president,866
P00783,1950,Ezri Raymond,Ezri Raymond,ezri raimond,,Dakahlieh Land Co,director,866
P00783,1950,Ezri Raymond,Ezri Raymond,ezri raimond,,Sté,director,866
P01788,1950,Travaux Publics,Travaux Publics,travaux publiks,,Officielprès l' Alexandria Water Cy Ltd,director,866
P00784,1950,S.E. Fahmy Gallini Pacha,Fahmy Gallini,fahmi galini,pasha,Crédit Agricole,director,867
P00784,1950,S.E. Fahmy Gallini Pacha,Fahmy Gallini,fahmi galini,pasha,Crédit Hypothécaire Egyptien,director,867
P00784,1950,S.E. Fahmy Gallini Pacha,Fahmy Gallini,fahmi galini,pasha,Société du Croissant Rouge,vice_president,867
P00784,1950,S.E. Fahmy Gallini Pacha,Fahmy Gallini,fahmi galini,pasha,Société Copte de Bienfaisance,member,867
P00056,1950,S.E. Fakhry Mahmoud Pacha,Fakhry Mahmoud,fakhri mahmud,pasha,The Cairo Electric Railways & Heliopolis Oases Co,vice_president,867
P00056,1950,S.E. Fakhry Mahmoud Pacha,Fakhry Mahmoud,fakhri mahmud,pasha,S.A. des Eaux du Caire,director,867
P00056,1950,S.E. Fakhry Mahmoud Pacha,Fakhry Mahmoud,fakhri mahmud,pasha,Cie du Canal de Suez,director,867
P00785,1950,Fanner William Rogers,Fanner William Rogers,faner uiliam rogers,,Imperial Chemical Industries(Egypt) S.A,president,867
P00785,1950,Fanner William Rogers,Fanner William Rogers,faner uiliam rogers,,The General Accident Fire & Life Assurance Corporation Ltd,president,867
P00785,1950,Fanner William Rogers,Fanner William Rogers,faner uiliam rogers,,"The Standard Oil Company of Egypt S.A., Carrier-Egypt S.A.E",director,867
P01789,1950,Farah Dr. Antoine,Farah Dr. Antoine,farah dr antoin,,Nile Works,director,867
P01790,1950,Farahat Vita,Farahat Vita,farat vita,,"S.E. de Tuyaux, Poteaux et Produits en Ciment Armé",director,867
P01790,1950,Farahat Vita,Farahat Vita,farat vita,,Banque Mosseri,director,867
P01791,1950,Farès,Farès,fares,,Sté Egypt. des Industries Chimiques,director,867
P01792,1950,Farès Henry,Farès Henry,fares henri,,"The Bassili Pacha Timber Cy., de la Sté Orientale Cinéma",director,867
P01792,1950,Farès Henry,Farès Henry,fares henri,,Sté des Industries Modernes du Bâtiment,director,867
P01250,1950,Farès Youssef,Farès Youssef,fares iusef,,S.A.E. suivantes,council_member,867
P01250,1950,Farès Youssef,Farès Youssef,fares iusef,,S.A.E. suivantes,president,867
P01250,1950,Farès Youssef,Farès Youssef,fares iusef,,"et A dm. Dél. Sté Orientale du Cinéma, S.A.E",president,867
P01250,1950,Farès Youssef,Farès Youssef,fares iusef,,"Sté des Industries Modernes du Bâtiment, S.A.E",president,867
P01250,1950,Farès Youssef,Farès Youssef,fares iusef,,S.A.E. suivantes,member,867
P01793,1950,S.E. Farid Bey El Masri,Farid Bey El Masri,farid bei masri,,United Enterprises,director,867
P01252,1950,Farghaly Abdel Aziz Ahmed,Farghaly Abdel Aziz Ahmed,farghali abdel aziz ahmed,,Dél. Farghaly Cotton & Investment Cy,director,867
P01252,1950,Farghaly Abdel Aziz Ahmed,Farghaly Abdel Aziz Ahmed,farghali abdel aziz ahmed,,Gabbary Land Co,director,867
P01794,1950,Farghaly Aly Ahmed,Farghaly Aly Ahmed,farghali ali ahmed,,Sté An. des Presses Libres Egyptiennes,director,868
P01794,1950,Farghaly Aly Ahmed,Farghaly Aly Ahmed,farghali ali ahmed,,Farghaly Cotton and Investment Cy,delegate,868
P01794,1950,Farghaly Aly Ahmed,Farghaly Aly Ahmed,farghali ali ahmed,,Upper Egypt Ginning Co,director,868
P01794,1950,Farghaly Aly Ahmed,Farghaly Aly Ahmed,farghali ali ahmed,,Associated Cotton Ginners of Egypt (Anglaise),director,868
P01795,1950,Fathalla Bey El Borini,Fathalla Bey El Borini,fathala bei borini,,F'abrique des Produits Chimiques,director,868
P01796,1950,Fathi Mansour El Kekhia Mtre,Fathi Mansour El Kekhia Mtre,fathi mansur kekhia mtr,,Pinto Cotton Co. et,director,868
P00788,1950,Fauqueux Arthur,Fauqueux Arthur,faukueux arthur,,"Comptoir Auxiliaire d'Entreprises, S.A.E",director,868
P01797,1950,Feith,Feith,feith,,S.A. Bières Bomonti & Pyramides,director,868
P01253,1950,Feldman I. R. Bey,Feldman I. R.,feldman,bey,"National Theaters Cy, S.A.E",director,868
P00057,1950,Fenderl Hugo,Fenderl Hugo,fenderl hugo,,"Compagnie Commerciale Cotonnière, S.A.E. (Ex-Fenderl & Co.)",vice_president,868
P01798,1950,Ferrier H. J. L,Ferrier H. J. L,ferier,,Near East Pharmaceutical & Commercial Co,director,868
P01798,1950,Ferrier H. J. L,Ferrier H. J. L,ferier,,Crédit Immobilier Suisse-Egyptien,manager,868
P00329,1950,Feyerlick Jacques,Feyerlick Jacques,feierlik gakues,,Caisse Hypothécaire d'Egypte,director,868
P01799,1950,Fils Henri,Fils Henri,fils henri,,"Comptoir Auxiliaire d'Entreprises, S.A.E",director,868
P00058,1950,Finney Harold E,Finney Harold E,finei harold,,"Alexandria Commercial Co., S.A.E., de la S.A. des Presses Libres Egyptiennes, de la S.A. des Terrains de Guizeh-Rodah",director,868
P00058,1950,Finney Harold E,Finney Harold E,finei harold,,Société d'Egrenage,director,868
P00058,1950,Finney Harold E,Finney Harold E,finei harold,,Entrepôts,director,868
P01800,1950,Flower Edmund W,Flower Edmund W,fluer edmund,,Universal Motor Company,president,868
P01800,1950,Flower Edmund W,Flower Edmund W,fluer edmund,,Universal Motor Company,director,868
P01800,1950,Flower Edmund W,Flower Edmund W,fluer edmund,,Cairo Motor Company,president,868
P01800,1950,Flower Edmund W,Flower Edmund W,fluer edmund,,Cairo Motor Company,director,868
P01801,1950,Foa Egizio,Foa Egizio,foa egizio,,Indo-Egyptiana S.A.E,managing_director,868
P01801,1950,Foa Egizio,Foa Egizio,foa egizio,,Indo-Egyptiana S.A.E,director,868
P01802,1950,Fornier Albert,Fornier Albert,fornier albert,,Egyptian Cotton Ginners & Exporters,managing_director,868
P01803,1950,Foscolo Ugo,Foscolo Ugo,foskolo ugo,,Banco Italo- Egiziano,director,868
P01803,1950,Foscolo Ugo,Foscolo Ugo,foskolo ugo,,Banco Italo- Egiziano,vice_president,868
P01804,1950,S.E. Fouad El Gammal Bey,Fouad El Gammal,fuad gamal,bey,The Aboukir Co. Ltd,general_manager,868
P00793,1950,Franck Alfred,Franck Alfred,frank alfred,,"The Cairo Electric Railways and Heliopolis Oases Co., S.A",director,869
P01805,1950,Friedrich Rolf,Friedrich Rolf,friedrish rolf,,The Cairo Sand Bricks Co,managing_director,869
P01805,1950,Friedrich Rolf,Friedrich Rolf,friedrish rolf,,Crédit Immobilier Suisse-Egyptien,director,869
P01805,1950,Friedrich Rolf,Friedrich Rolf,friedrish rolf,,« Société d'Industriels Hollandais »,delegate,869
P00435,1950,Fryett Roland Théodore Lt. Col,Fryett Roland Théodore Lt. Col,friet roland theodor lt kol,,Dél. Egyptian Markets,director,869
P00063,1950,Fumaroli,Fumaroli,fumaroli,,"Gérance Immobilière, S.A.E",president,869
P00063,1950,Fumaroli,Fumaroli,fumaroli,,Société du Crédit Alexandrin,president,869
P00524,1950,Galal Bey Hussein,Galal Bey Hussein,galal bei husein,,Associated Industries,president,869
P00524,1950,Galal Bey Hussein,Galal Bey Hussein,galal bei husein,,The Union Cotton Cy of Alexandria,director,869
P01806,1950,Fayoum »,Fayoum »,faium,,"Chambre de l'Industrie Huilière, Secrétaire Général des Pools des Egreneurs",adviser,869
P01258,1950,Galal Moustapha Bey,Galal Moustapha,galal mustafa,bey,Etablissements Bamco,director,869
P01259,1950,Galanté Raymond,Galanté Raymond,galant raimond,,Helwan Land Co,director,869
P01260,1950,Galanté Robert,Galanté Robert,galant robert,,Helwan Land Co,director,869
P01807,1950,Gamal El Dine El Abd,Gamal El Dine El Abd,gamal din abd,,Usines Textiles Al Kahira,director,869
P01808,1950,Gamper,Gamper,gamper,,Banque Belge et Internationale en Egypte,director,869
P01809,1950,Gantès,Gantès,gantes,,Société Eg. de Constructions Modernes « Al Chams »,director,869
P00331,1950,Garboua Emile,Garboua Emile,garbua emil,,Sté Franco-Egyptienne de Crédit,director,869
P00798,1950,Garboua Maurice,Garboua Maurice,garbua mauris,,Technique de The Dakahlieh Land Co,president,869
P00798,1950,Garboua Maurice,Garboua Maurice,garbua mauris,,Technique de The Dakahlieh Land Co,manager,869
P01810,1950,Gardner John A. F,Gardner John A. F,gardner gohn,,Clothing & Equipment Co. of Egypt,president,869
P01810,1950,Gardner John A. F,Gardner John A. F,gardner gohn,,Clothing & Equipment Co. of Egypt,managing_director,869
P01811,1950,Gargour Me. G,Gargour Me. G,gargur m,,Ford Motor Co. (Egypt),director,869
P00067,1950,Gasche Linus,Gasche Linus,gash linus,,Filature Nationale d'Egypte,president,869
P00067,1950,Gasche Linus,Gasche Linus,gash linus,,Fédération Egyptienne des Industries en Egypte,vice_president,869
P00067,1950,Gasche Linus,Gasche Linus,gash linus,,Banque Belge et Internationale en Egypte,director,869
P00067,1950,Gasche Linus,Gasche Linus,gash linus,,"Faculté de Chimie Industrielle, Université Farouk 1er",director,869
P00800,1950,Gasche Robert,Gasche Robert,gash robert,,"Filature Nationale d'Egypte, S.A.E",managing_director,870
P00800,1950,Gasche Robert,Gasche Robert,gash robert,,"Société Egyptienne des Industries Textiles, S.A",managing_director,870
P01812,1950,Gattegno Silvio,Gattegno Silvio,gategno silvio,,S.A. des Drogueries d'Egypte,director,870
P01813,1950,Gautier Victor,Gautier Victor,gautier viktor,,Crédit Immobilier Suisse-Egyptien,director,870
P01814,1950,Gazai Joseph G,Gazai Joseph G,gazai gosef,,El Gazai Import& Trading Co,president,870
P01814,1950,Gazai Joseph G,Gazai Joseph G,gazai gosef,,El Gazai Import& Trading Co,managing_director,870
P01815,1950,Gazis Georges,Gazis Georges,gazis georges,,Sté «The Egyptian Insurance & Commercial Agency (EICA) (Tsekis & Fils),partner,870
P01815,1950,Gazis Georges,Gazis Georges,gazis georges,,Sté «The Egyptian Insurance & Commercial Agency (EICA) (Tsekis & Fils),manager,870
P01816,1950,Gawhari Mohamed Bey,Gawhari Mohamed,gauari moamed,bey,Fayoum Light Rys,director,870
P01817,1950,Geahel Michel,Geahel Michel,geael mishel,,National Starch Co,director,870
P01263,1950,Geahel Pierre,Geahel Pierre,geael pier,,The North East Africa Trading Cy,director,870
P01818,1950,Genissedis Spiro G,Genissedis Spiro G,genisedis spiro,,Egyptian Mo- tor Transport Co,president,870
P01818,1950,Genissedis Spiro G,Genissedis Spiro G,genisedis spiro,,Egyptian Mo- tor Transport Co,managing_director,870
P01818,1950,Genissedis Spiro G,Genissedis Spiro G,genisedis spiro,,S.S. Genisserlis & Co,managing_director,870
P01819,1950,Georgitsis Spiro,Georgitsis Spiro,georgitsis spiro,,Egyptian Motor Transport,director,870
P01820,1950,Geredini Me. Sami,Geredini Me. Sami,geredini m sami,,Dar El Hilal et Egyptian Press,director,870
P01821,1950,S.E. Ghaleb Kamel Osman Pacha,Ghaleb Kamel Osman,ghaleb kamel osman,pasha,Egyptian Finance Co,president,870
P01264,1950,Ghandour Hachem,Ghandour Hachem,ghandur hashem,,Oriental Bond Stores,director,870
P01822,1950,Gharbo Hassan Aly,Gharbo Hassan Aly,gharbo hasan ali,,Sté Immobilière d'Alexandrie S. A. F,director,870
P01823,1950,Ghazi Moustapha Mohamed,Ghazi Moustapha Mohamed,ghazi mustafa moamed,,"Toukhy's Co. for Sundries & Toys, S.A.E",director,870
P01824,1950,Gheriani Dr. Moustapha Ghaleb El,Gheriani Dr. Moustapha Ghaleb El,gheriani dr mustafa ghaleb,,Chemical Industries Development,director,870
P01824,1950,Gheriani Dr. Moustapha Ghaleb El,Gheriani Dr. Moustapha Ghaleb El,gheriani dr mustafa ghaleb,,Chemical Industries Development,general_manager,870
P01825,1950,GUes Bey R.H,GUes Bey R.H,gues bei,,Société Anonyme Egyptienne Financière et Immobilière (Cairo),managing_director,870
P01825,1950,GUes Bey R.H,GUes Bey R.H,gues bei,,Sté Nationale de Textile Memphis (Alexandrie),director,870
P00354,1950,Ginsberg Richard,Ginsberg Richard,ginsberg rishard,,S.A.E. Peltours,director,870
P01826,1950,Giovannoni Charles,Giovannoni Charles,giovanoni sharles,,J os y Film,director,870
P01827,1950,S.E. Girgis Pacha Fouad Ibrahim,Girgis Pacha Fouad Ibrahim,girgis pasha fuad ibraim,,Egyptian Stevedoring Co. & Shipping,president,870
P01827,1950,S.E. Girgis Pacha Fouad Ibrahim,Girgis Pacha Fouad Ibrahim,girgis pasha fuad ibraim,,Egyptian Stevedoring Co. & Shipping,managing_director,870
P01827,1950,S.E. Girgis Pacha Fouad Ibrahim,Girgis Pacha Fouad Ibrahim,girgis pasha fuad ibraim,,"National Salt & Mining Co., de la Sahel, S.A.E",president,870
P01827,1950,S.E. Girgis Pacha Fouad Ibrahim,Girgis Pacha Fouad Ibrahim,girgis pasha fuad ibraim,,Sté Nationale de Textile Memphis,vice_president,870
P01827,1950,S.E. Girgis Pacha Fouad Ibrahim,Girgis Pacha Fouad Ibrahim,girgis pasha fuad ibraim,,Dél. Moulins Al Mahmoudieh,director,870
P01828,1950,Gmur Albert,Gmur Albert,gmur albert,,Alexandria Portland Cement Co,director,870
P00069,1950,Goar Edwin N. J,Goar Edwin N. J,goar eduin,,Communauté Israélite d'Alexandrie,president,870
P00069,1950,Goar Edwin N. J,Goar Edwin N. J,goar eduin,,The Alexandria Insurance Co,director,870
P00803,1950,Godber Frederick,Godber Frederick,godber frederik,,Anglo-Egyptian Oilfields,director,871
P01829,1950,Goemans Lucien F,Goemans Lucien F,goemans lusien,,Adjoint United Enterprises S.A.E,managing_director,871
P01829,1950,Goemans Lucien F,Goemans Lucien F,goemans lusien,,Egyptian Land & Building,director,871
P01266,1950,Goldstein Charles,Goldstein Charles,goldstein sharles,,Adjoint de la « Nemco »,managing_director,871
P01267,1950,Goldstein-Gantes Ignace Me,Goldstein-Gantes Ignace Me,goldstein gantes ignas m,,Import & Export Bank of Egypt,director,871
P01267,1950,Goldstein-Gantes Ignace Me,Goldstein-Gantes Ignace Me,goldstein gantes ignas m,,« EFTRO »,director,871
P01268,1950,Goodwin E.A.H,Goodwin E.A.H,goduin,,Anglo-Egyptian Soap & Edible Products,president,871
P01830,1950,Goradesky Léon dit Liebel,Goradesky Léon dit Liebel,goradeski leon dit liebel,,"Dél. Sté Commerciale Ex-Import, S.A.E",director,871
P01830,1950,Goradesky Léon dit Liebel,Goradesky Léon dit Liebel,goradeski leon dit liebel,,"Rizerie Egyptienne Moderne, S.A.E",managing_director,871
P01271,1950,Grad Isaac,Grad Isaac,grad isak,,General Chemical Industries «C. I. C .. »,director,871
P01271,1950,Grad Isaac,Grad Isaac,grad isak,,Egyptian Sisal Manufacturing Co. et « Al Gaafa- ria »,director,871
P01831,1950,Grandgeorge René,Grandgeorge René,grandgeorg ren,,Alexandria Glass & Porcelain Fac·tory,director,871
P01832,1950,Granguillot Georges P,Granguillot Georges P,granguilot georges,,Sté des Terrains de la Ville d'Alexandrie,director,871
P01833,1950,Grassi Ing. Stanislao,Grassi Ing. Stanislao,grasi ing stanislao,,Technique Salonica Cigarettes Company,director,871
P01834,1950,Grassi Dott. Ugo,Grassi Dott. Ugo,grasi dot ugo,,Salonica Cigarettes Cy,managing_director,871
P01835,1950,Grazia Jacques,Grazia Jacques,grazia gakues,,Cairo Heliopolis,director,871
P01836,1950,Green G,Green G,gren,,Nestor Gianaclis and Agricultural Cy,director,871
P01837,1950,Green Joshua,Green Joshua,gren goshua,,en nom de la Maison Greens Commercial Agen ci es ( J. Green & Co.),manager,871
P01837,1950,Green Joshua,Green Joshua,gren goshua,,en nom de la Maison Greens Commercial Agen ci es ( J. Green & Co.),partner,871
P00806,1950,Grego Oscar,Grego Oscar,grego oskar,,"Banco Italo Egiziano et Industrie Fibres Textiles, S.A.E",director,871
P01838,1950,Greiss Alphonse,Greiss Alphonse,greis alfons,,Helwan Portland Cement Co,director,871
P00807,1950,Grieve R,Grieve R,griev,,Grive & Irwin Ltd,managing_director,871
P00807,1950,Grieve R,Grieve R,griev,,The Near East Cleaning Co. Ltd,managing_director,871
P00807,1950,Grieve R,Grieve R,griev,,"Egyptian Plastics & Electrical Industries, S.A.E",director,871
P00350,1950,Groppi J,Groppi J,gropi,,Industrie du Froid,president,871
P01273,1950,Grunberg Jos. Julien,Grunberg Jos. Julien,grunberg gos gulien,,Etablissements Bamco,managing_director,871
P01273,1950,Grunberg Jos. Julien,Grunberg Jos. Julien,grunberg gos gulien,,National Bottling Co. of Egypt,managing_director,871
P01273,1950,Grunberg Jos. Julien,Grunberg Jos. Julien,grunberg gos gulien,,Alexandria National Bottling Co,director,871
P01839,1950,Guergaoui Philippe,Guergaoui Philippe,guergaui filip,,Commercial & Engineering Co. of Egypt & Middle East,managing_director,871
P01840,1950,Guerin Pierre,Guerin Pierre,guerin pier,,Dél. Crédit d'Orient,director,871
P01274,1950,Gueziri Dr. Moukhtar Zaki El,Gueziri Dr. Moukhtar Zaki El,gueziri dr mukhtar zaki,,Industrie Meunière d'Alexandrie,director,872
P01841,1950,Guirguis Barsoum,Guirguis Barsoum,guirguis barsum,,Sté Autobus Routes Désert,director,872
P00352,1950,Guirguis Elias,Guirguis Elias,guirguis elias,,Société des Autobus de Béhéra,director,872
P00352,1950,Guirguis Elias,Guirguis Elias,guirguis elias,,Gharbieh,director,872
P01276,1950,Guirguis Nassif Eff,Guirguis Nassif Eff,guirguis nasif ef,,Société des Omnibus de Fayoum,director,872
P01842,1950,Gurdjian A,Gurdjian A,gurdgian,,Dél. Sté d'Entreprises Commerciales en Egypte,president,872
P01842,1950,Gurdjian A,Gurdjian A,gurdgian,,Dél. Sté d'Entreprises Commerciales en Egypte,director,872
P01277,1950,Guttmann Isaac,Guttmann Isaac,gutman isak,,Zeitoun Canning & Fc,director,872
P01278,1950,Gygi Dr. Hans,Gygi Dr. Hans,gigi dr hans,,S.E. de Ciment Portland,director,872
P01843,1950,S.E. Habachy Pacha Sir Saba,Habachy Pacha Sir Saba,habashi pasha sir saba,,Banco Italo-Egiziano,president,872
P01843,1950,S.E. Habachy Pacha Sir Saba,Habachy Pacha Sir Saba,habashi pasha sir saba,,Etablissements Industriels pour la Soie et le Coton,president,872
P01844,1950,Habib Fouad,Habib Fouad,habib fuad,,Hadaek El Ahram,director,872
P01845,1950,S.E. Habib Hassan Bey,Habib Hassan,habib hasan,bey,Sté. Eg. de Fabrication et Exportation des Conserves. Licencié en droit en 1809. Nichan El Nil 5e. Classe,director,872
P01846,1950,S.E. Habib El Masri Pacha,Habib El Masri,habib masri,pasha,Union Cotton Co. of Alexandria et Banque Mosseri,director,872
P01847,1950,Haddad Joseph,Haddad Joseph,hadad gosef,,Delta Engineering Cy,director,872
P01848,1950,Hafez Chehayeb,Hafez Chehayeb,hafez sheaieb,,Gabbari Land Co,director,872
P01849,1950,Hafez Hafez Sakr,Hafez Hafez Sakr,hafez hafez sakr,,Alexandria Textile Trading Co,director,872
P01850,1950,S.E. Hafez Hassan Pacha,Hafez Hassan,hafez hasan,pasha,Sté «La Commerciale»,president,872
P01849,1950,Hafez Sakr,Hafez Sakr,hafez sakr,,Alexandria Textile Trading Co,president,872
P01280,1950,Haggag Zakaria,Haggag Zakaria,hagag zakaria,,Egyptian Cotton & Trading Co,director,872
P00810,1950,Haim Henri,Haim Henri,haim henri,,Société Orientale de Publicité,managing_director,872
P00810,1950,Haim Henri,Haim Henri,haim henri,,Société Orientale de Publicité,general_manager,872
P01281,1950,Hakim Youssef,Hakim Youssef,hakim iusef,,« Koldair »,director,872
P01851,1950,Halbouni Hisham,Halbouni Hisham,halbuni hisham,,Smelting Co. (Egypt) S.A.E,director,872
P01852,1950,Hale Herbed Zucker,Hale Herbed Zucker,hal herbed zuker,,S.A.E. Scialli,president,872
P01853,1950,S.S. Halim,S.S. Halim,halim,,Ad m. Hadaek El Ahram,president,873
P01854,1950,Halim Eff,Halim Eff,halim ef,,Société des Autobus de Charkieh et Dakahlieh,director,873
P01854,1950,Halim Eff,Halim Eff,halim ef,,Sté des Omnibus de Fayoum,director,873
P01854,1950,Halim Eff,Halim Eff,halim ef,,"The Upper Egypt Bus Co., S.A.E",director,873
P01855,1950,Hallet Robert,Hallet Robert,halet robert,,Banque Belge Alexandrie,manager,873
P00813,1950,Halter Hans,Halter Hans,halter hans,,United Cold Storage,manager,873
P00813,1950,Halter Hans,Halter Hans,halter hans,,United Cold Storage,director,873
P01856,1950,Hamaoui' Félix Mtre,Hamaoui' Félix Mtre,hamaui felix mtr,,Hadaek El Ahram,director,873
P01284,1950,Hamed El Alaily Bey,Hamed El Alaily,hamed alaili,bey,Fayoum Textile Co,director,873
P01285,1950,Hamed El Lozy Bey,Hamed El Lozy,hamed lozi,bey,The Eastern Electric Cy,vice_president,873
P01857,1950,Hamilton A,Hamilton A,hamilton,,Carrier-Egypt,director,873
P01286,1950,Hammad Mohamed Wassef,Hammad Mohamed Wassef,hamad moamed uasef,,The Oriental Bond Stores,president,873
P01286,1950,Hammad Mohamed Wassef,Hammad Mohamed Wassef,hamad moamed uasef,,The Oriental Bond Stores,managing_director,873
P01287,1950,Hammad Adel Mohamed,Hammad Adel Mohamed,hamad adel moamed,,Exchange Trading Co. «Hammad » S.A.E,president,873
P01287,1950,Hammad Adel Mohamed,Hammad Adel Mohamed,hamad adel moamed,,Lotus Navigation Cy,director,873
P01287,1950,Hammad Adel Mohamed,Hammad Adel Mohamed,hamad adel moamed,,Lotus Navigation Cy,managing_director,873
P01858,1950,Hammad Shawkat,Hammad Shawkat,hamad shaukat,,Egyptian Shipping Cy,director,873
P01858,1950,Hammad Shawkat,Hammad Shawkat,hamad shaukat,,S. A. E. L'Union Arabe,director,873
P01859,1950,Hamza Abbas Dr,Hamza Abbas Dr,hamza abas dr,,Chemical Industries Development,director,873
P01860,1950,Hamza Hassan,Hamza Hassan,hamza hasan,,Pyramids In- dustrial & Trading Co,director,873
P01861,1950,Hanan Albert,Hanan Albert,hanan albert,,Clothing & Equipment Co,director,873
P01862,1950,Haneuse Louis,Haneuse Louis,haneus luis,,-Dél. de la «Bolanachi»,director,873
P01863,1950,Hankey Hon. Baron,Hankey Hon. Baron,hankei hon baron,,Nile Insurance Co,vice_president,873
P01864,1950,Hanna Charles Bey,Hanna Charles,hana sharles,bey,Sté Commerciale d'Egypte,director,873
P01865,1950,Hanna Donald Judde,Hanna Donald Judde,hana donald gud,,Sté. Texas Egyptienne des Pétroles,director,873
P00358,1950,Hanna Mina,Hanna Mina,hana mina,,Trading & Industrial Corp. S.A.E,director,873
P01866,1950,Harari Edgard,Harari Edgard,harari edgard,,"«Le Scribe Egyptien », S.A.E",director,873
P01289,1950,Harari Ernest Me,Harari Ernest Me,harari ernest m,,Alexandria Spinning & Weaving Co,managing_director,873
P01289,1950,Harari Ernest Me,Harari Ernest Me,harari ernest m,,Egyptian Delta Land & Investment Co,director,873
P01290,1950,Harari Marc,Harari Marc,harari mark,,"« Le Scribe Egyptien », S.A.E",managing_director,873
P01290,1950,Harari Marc,Harari Marc,harari mark,,"« Le Scribe Egyptien », S.A.E",president,873
P01291,1950,Harari Raymond,Harari Raymond,harari raimond,,"«Le Scribe Egyptien», S.A.E",managing_director,873
P00820,1950,Hargreaves Clive R,Hargreaves Clive R,hargreaves kliv,,Société Egyptienne des In- dustries Textiles,director,874
P00820,1950,Hargreaves Clive R,Hargreaves Clive R,hargreaves kliv,,Filature Nationale d'Egypte,director,874
P01292,1950,Hassan Abdalla Bey,Hassan Abdalla,hasan abdala,bey,"«Al Chark», Sté d'Entreprises Générales",director,874
P01051,1950,S.E. El Lewa Hassan Pacha Abdel Wahab Sénateur,El Lewa Hassan Pacha Abdel Wahab Sénateur,leua hasan pasha abdel uab senateur,,Commercial Bank of Egypt,director,874
P01867,1950,Hassan Aboul Séoud Dr,Hassan Aboul Séoud Dr,hasan abul seud dr,,Chemical Industries Development,director,874
P01868,1950,Hassan Aly Allouba Bey,Hassan Aly Allouba,hasan ali aluba,bey,Sté Misr d'Assurances,managing_director,874
P01869,1950,S.E. Sir Hassan Fahmy Rifaat Pacha,Sir Hassan Fahmy Rifaat,sir hasan fahmi rifat,pasha,S.A.E. Financière et Immobilière,director,874
P01870,1950,S.E. Hassan Fayek Pacha,Hassan Fayek,hasan faiek,pasha,S.A. du Béhéra et Alexandria Portland Cement Co,director,874
P01293,1950,Hassan Fouad Bey,Hassan Fouad,hasan fuad,bey,Jardins et Vignobles d'Egypte,president,874
P01293,1950,Hassan Fouad Bey,Hassan Fouad,hasan fuad,bey,Jardins et Vignobles d'Egypte,director,874
P01293,1950,Hassan Fouad Bey,Hassan Fouad,hasan fuad,bey,Surveillance« Moharrem Press »,council_member,874
P01871,1950,S.E. Hassan Kamel El Chichini Pacha,Hassan Kamel El Chichini,hasan kamel shishini,pasha,Crédit Agricole d'Egypte,president,874
P01871,1950,S.E. Hassan Kamel El Chichini Pacha,Hassan Kamel El Chichini,hasan kamel shishini,pasha,Crédit Agricole d'Egypte,managing_director,874
P00827,1950,S.E. Hassan Moukhtar Rasmi Pacha,Hassan Moukhtar Rasmi,hasan mukhtar rasmi,pasha,Sté Misr Filature et Tissage,managing_director,874
P00827,1950,S.E. Hassan Moukhtar Rasmi Pacha,Hassan Moukhtar Rasmi,hasan mukhtar rasmi,pasha,Banque Misr,director,874
P00827,1950,S.E. Hassan Moukhtar Rasmi Pacha,Hassan Moukhtar Rasmi,hasan mukhtar rasmi,pasha,Banque Industrielle,director,874
P00827,1950,S.E. Hassan Moukhtar Rasmi Pacha,Hassan Moukhtar Rasmi,hasan mukhtar rasmi,pasha,Pyramids Industrial & Trading Company,president,874
P01119,1950,Hassan Moussa,Hassan Moussa,hasan musa,,"Sté Misr Transports & Na- vigation. Hassan Bey El N ahas, A dm. Transport & Engineering",managing_director,874
P01872,1950,Hassan Sadek El Nokrachy Bey,Hassan Sadek El Nokrachy,hasan sadek nokrashi,bey,<<La Fluviale»,director,874
P01873,1950,S.E. Hassan El Sayed Badraoui Pacha,Hassan El Sayed Badraoui,hasan saied badraui,pasha,Sté Nationale du Papier,director,874
P01294,1950,Hassler Richard,Hassler Richard,hasler rishard,,National Metal Industries,director,874
P01295,1950,Hawa Georges,Hawa Georges,haua georges,,Carrier Egypt,director,874
P00815,1950,Hazan Victor,Hazan Victor,hazan viktor,,Sidi Salem Co,director,874
P00815,1950,Hazan Victor,Hazan Victor,hazan viktor,,Union Foncière d'Egypte,director,874
P00815,1950,Hazan Victor,Hazan Victor,hazan viktor,,"Compagnie Immobilière d'Egypte, S.A.E. (en liquidation)",director,874
P01296,1950,Heatheves H. B,Heatheves H. B,heatheves,,Anglo-Egyptian Oilfields,director,874
P01297,1950,S.E. Hefni Mahmoud Pacha Ancien Ministre,Hefni Mahmoud Pacha Ancien Ministre,hefni mahmud pasha ansien ministr,,Sté Usines Chourbagui,president,874
P00832,1950,Helier Edouard de,Helier Edouard de,helier eduard,,Sté,director,874
P00834,1950,Hemsi Robert J,Hemsi Robert J,hemsi robert,,S.A. des Magasins E-,managing_director,874
P01874,1950,Henein Georges,Henein Georges,henein georges,,Cigarettes Nestor Gianaclis,director,875
P01299,1950,Herman Max M,Herman Max M,herman max,,Egyptian Independent Oil Co. S. A. E,director,875
P01875,1950,Herrling Frederic,Herrling Frederic,herling frederik,,Upper Egypt Ginning et Gharbieh Ginning Co,director,875
P00524,1950,S.E. Heykal Mohamed Hussein Pacha,Heykal Mohamed Hussein,heikal moamed husein,pasha,Fayoum Textile' Cy et Egyptian Delta Light Rys,president,875
P01300,1950,Heyndricks Pierre,Heyndricks Pierre,heindriks pier,,Sté. Egyptienne des Emballages Economiques,director,875
P01300,1950,Heyndricks Pierre,Heyndricks Pierre,heindriks pier,,Cie Française de Mono-Service,president,875
P01876,1950,Hilal Leonidas Gamil,Hilal Leonidas Gamil,hilal leonidas gamil,,The Sheffield Smelting Co. (Egypt) S.A,director,875
P00836,1950,Hirsch Siegmund,Hirsch Siegmund,hirsh siegmund,,"The Egyptian Copper Works, S.A.E",managing_director,875
P01877,1950,Hislop D. K,Hislop D. K,hislop,,Upper Egypt Hotels Co,director,875
P00838,1950,Hoerni Robert,Hoerni Robert,hoerni robert,,Crédit Immobilier Suisse-Egyptien,director,875
P00839,1950,Hollings,Hollings,holings,,The Sinaï Mining Co. Ltd,president,875
P01302,1950,Homsy Edgard,Homsy Edgard,homsi edgard,,"«Karnak» Cotton Spinning, Weaving& Dyeing Cy",director,875
P01303,1950,Homsy Riskallah,Homsy Riskallah,homsi riskalah,,Zeitoun Canning & Food Cy,president,875
P01303,1950,Homsy Riskallah,Homsy Riskallah,homsi riskalah,,Union Foncière d'Egypte,director,875
P01303,1950,Homsy Riskallah,Homsy Riskallah,homsi riskalah,,Auberges d'Egypte,director,875
P01303,1950,Homsy Riskallah,Homsy Riskallah,homsi riskalah,,Soc. Egyptienne de Constructions Modernes « Al Chams »,managing_director,875
P01303,1950,Homsy Riskallah,Homsy Riskallah,homsi riskalah,,"Karnak, Cotton Spinning, Weaving & Dyeing Co",director,875
P01878,1950,Hornstein Clément,Hornstein Clément,hornstein klement,,«SEDEX» S.A.E,director,875
P01879,1950,Hourwitz A. lng,Hourwitz A. lng,huruitz lng,,Sté Générale d'Electricité et Mécanique,director,875
P01880,1950,Hossni,Hossni,hosni,,"Société Egyptienne d'Entreprises et Constructions ( S.E.D.E.C.), S.A.E",director,875
P01880,1950,Hossni,Hossni,hosni,,"Salon i ca Cigarettes Co., S. A. E",director,875
P01880,1950,Hossni,Hossni,hosni,,"«Delta» Stà Agricola Edile Egiziana, S.A.E",director,875
P00842,1950,Hovaghimian A,Hovaghimian A,hovaghimian,,S.A.E. des Anciens Etablissements Hovaghimian,director,875
P00843,1950,Hubert Oscar,Hubert Oscar,hubert oskar,,Administration de la Société Angnyme Egyptienne de Constructions « Egyco »,council_member,875
P01881,1950,Huri Robert,Huri Robert,huri robert,,Alexandria Insurance Cy,director,875
P01882,1950,Hussein El Essely Bey,Hussein El Essely,husein eseli,bey,Sté Eg. Fabrication et Exportation Conserves,director,875
P00524,1950,S.E. Fahmy Hussein Bey,Fahmy Hussein,fahmi husein,bey,Sté Eg. de Filature et Tissage de Laine,director,876
P01883,1950,S.E. Hussein Ilhamy Pacha,Hussein Ilhamy,husein ilhami,pasha,Cherif Cotton & Trading Co,president,876
P01883,1950,S.E. Hussein Ilhamy Pacha,Hussein Ilhamy,husein ilhami,pasha,Egyptian Aircraft Engineering Co,vice_president,876
P01883,1950,S.E. Hussein Ilhamy Pacha,Hussein Ilhamy,husein ilhami,pasha,National Bottling Co. of Egypt,director,876
P01884,1950,Hussein Kamal Bey,Hussein Kamal,husein kamal,bey,Egyptian General Omnibus,director,876
P00845,1950,Hussein Said Bey,Hussein Said,husein said,bey,«EFTRO»,president,876
P00845,1950,Hussein Said Bey,Hussein Said,husein said,bey,"Société Egyptienne de Tuyaux, Poteaux et Produits en Ciment Armé (Système Siegwart)",director,876
P00845,1950,Hussein Said Bey,Hussein Said,husein said,bey,Sté Eg. des Conserves Alimentaires,president,876
P00845,1950,Hussein Said Bey,Hussein Said,husein said,bey,S.A.E. de Constructions (Egyco),director,876
P01307,1950,Hussein Samy Bey,Hussein Samy,husein sami,bey,Middle East Trading K Cotton Co,president,876
P01885,1950,Hussein Zaki El Ibrachi,Hussein Zaki El Ibrachi,husein zaki ibrashi,,Sté Nationale d'Energie Electrique,director,876
P01886,1950,Dr. Ibrahim Bayoumi Madlmur,Ibrahim Bayoumi Madlmur,ibraim baiumi madlmur,,Sté de Ciment Portland Tourah,director,876
P01308,1950,S.E. Ibrahim Fahmy Pacha,Ibrahim Fahmy,ibraim fahmi,pasha,Sté Foncière d'Egypte,director,876
P01887,1950,Ibrahim Bey Fouad Sid Ahmad,Ibrahim Bey Fouad Sid Ahmad,ibraim bei fuad sid ahmad,,Sté Imm. Domaine de Siouf,director,876
P01888,1950,Ibrahim Hilal Bey,Ibrahim Hilal,ibraim hilal,bey,Sisal Manufacturing Co,director,876
P01889,1950,Ibrahim Hamdi Seif El Nasr,Ibrahim Hamdi Seif El Nasr,ibraim hamdi seif nasr,,Nile Brewery,director,876
P01890,1950,Ibrahim Rouchdy Kamha Bey,Ibrahim Rouchdy Kamha,ibraim rushdi kamha,bey,Hadaek Al Ahram,director,876
P01309,1950,Imam Wakid,Imam Wakid,imam uakid,,«Zama.»,director,876
P00848,1950,Irwin F.J.R,Irwin F.J.R,iruin,,Grieve & Irwin Ltd,president,876
P00848,1950,Irwin F.J.R,Irwin F.J.R,iruin,,The Near East Cleaning Cy Ltd,president,876
P00848,1950,Irwin F.J.R,Irwin F.J.R,iruin,,The Merchants & Manufacturers Insurance Co. Ltd. London,director,876
P01891,1950,Isherwood Percy,Isherwood Percy,isheruod persi,,Sté Eg. Financière pour le Commerce,director,876
P01891,1950,Isherwood Percy,Isherwood Percy,isheruod persi,,"Industrie, S.A.E",director,876
P01891,1950,Isherwood Percy,Isherwood Percy,isheruod persi,,"Lancashire Egyptian Co. Ltd., (Manchester)",director,876
P00850,1950,Iskandar Said Eff,Iskandar Said Eff,iskandar said ef,,"The Upper Egypt Bus, S.A.E",director,876
P00851,1950,S.E. Islam Aly,Islam Aly,islam ali,,Fabrique Islam Pacha,president,876
P00851,1950,S.E. Islam Aly,Islam Aly,islam ali,,Société Coopérative Commerciale de Crédit,director,876
P00851,1950,S.E. Islam Aly,Islam Aly,islam ali,,Société pour la vente des Produits,director,876
P01892,1950,Ismail El Baroudy,Ismail El Baroudy,ismail barudi,,Société des Autobus de Béhéra,director,876
P01892,1950,Ismail El Baroudy,Ismail El Baroudy,ismail barudi,,Gharbieh,director,876
P00853,1950,Ismalun René,Ismalun René,ismalun ren,,Egyptian Petroleum Storage,president,877
P00853,1950,Ismalun René,Ismalun René,ismalun ren,,Société «Pharos»,president,877
P00853,1950,Ismalun René,Ismalun René,ismalun ren,,Egyptian Bonded Warehouses Co. Ltd,vice_president,877
P00853,1950,Ismalun René,Ismalun René,ismalun ren,,The Land Bank of Egypt,vice_president,877
P00853,1950,Ismalun René,Ismalun René,ismalun ren,,S.A. des Bières Bomonti et Pyramides,director,877
P00853,1950,Ismalun René,Ismalun René,ismalun ren,,New Egyptian Co,director,877
P00853,1950,Ismalun René,Ismalun René,ismalun ren,,S.A. du Béhéra,director,877
P00853,1950,Ismalun René,Ismalun René,ismalun ren,,The Aboukir Cy,director,877
P00853,1950,Ismalun René,Ismalun René,ismalun ren,,Sté Belge-Egyptienne de l'Ezbékieh,director,877
P00853,1950,Ismalun René,Ismalun René,ismalun ren,,Sté. Nationale de Textile Memphis,director,877
P01893,1950,Israel Léon,Israel Léon,israel leon,,Incorporated Industries,managing_director,877
P01894,1950,Israel Ovadia,Israel Ovadia,israel ovadia,,Rizerie Egyptienne Moderne,director,877
P01310,1950,Israel Raymond,Israel Raymond,israel raimond,,Sté Commerciale Ex-Import,director,877
P01895,1950,Israel Victor,Israel Victor,israel viktor,,Alex. & Ramleh Ry Co. et Alexandria Transport & Industrial Cy,director,877
P01896,1950,Justice,Justice,gustis,,Oriental Bond Stores,president,877
P01897,1950,Izzel Dine Omar,Izzel Dine Omar,izel din omar,,Sté Orientale Cinéma,director,877
P01312,1950,Jackson W,Jackson W,gakson,,The Upper Egypt Hotels,director,877
P00081,1950,Jacobs Emile,Jacobs Emile,gakobs emil,,Caisse Hypothécaire d'Egypte,president,877
P00081,1950,Jacobs Emile,Jacobs Emile,gakobs emil,,Caisse Hypothécaire d'Egypte,managing_director,877
P00081,1950,Jacobs Emile,Jacobs Emile,gakobs emil,,S.A. des Monts de Piété Egyptiens,director,877
P01898,1950,Jacoel Sam,Jacoel Sam,gakoel sam,,Egyptian Rubber and Shoes Industry,managing_director,877
P00854,1950,Jacot-Descombes J. G,Jacot-Descombes J. G,gakot deskombes,,Alex. Water Co,vice_president,877
P00854,1950,Jacot-Descombes J. G,Jacot-Descombes J. G,gakot deskombes,,The Electricity & lee Supply Co,managing_director,877
P00854,1950,Jacot-Descombes J. G,Jacot-Descombes J. G,gakot deskombes,,Surveillance de la Hamata Mining Cy,director,877
P00854,1950,Jacot-Descombes J. G,Jacot-Descombes J. G,gakot deskombes,,Surveillance de la Hamata Mining Cy,president,877
P01313,1950,Jameson J. A,Jameson J. A,gameson,,Anglo-Egyptian Oilfields,director,878
P01899,1950,Jancovitch Jack,Jancovitch Jack,gankovitsh gak,,S.A. des Drogueries d'Egypte,director,878
P01899,1950,Jancovitch Jack,Jancovitch Jack,gankovitsh gak,,Near East Finance Co,director,878
P01900,1950,Jardine Robert,Jardine Robert,gardin robert,,"The Sheffield Smelting Co. (Egypt), S.A",director,878
P01901,1950,S.E. Jays Georges Naldrett Pacha,Jays Georges Naldrett,gais georges naldret,pasha,Commercial Bank of Egypt,director,878
P01902,1950,Jensens N. M,Jensens N. M,gensens,,Alexandria Porland Cement Co. et Helwan Portland Cernent Co,director,878
P01316,1950,Jones Archibald Probart,Jones Archibald Probart,gones arshibald probart,,"Salvage & Marine Cy of Egypt, S.A.E",director,878
P01903,1950,Jullien L,Jullien L,gulien,,Provident Ass. of Egypt,director,878
P01904,1950,S.E. Kafraoui Pacha Dr. Abbas El,Kafraoui Pacha Dr. Abbas El,kafraui pasha dr abas,,Conseil d'Ad m. Chemical Industries Development,president,878
P01905,1950,Kahla Raymond,Kahla Raymond,kahla raimond,,Egyptian Delta Land & Invest. Co,director,878
P01317,1950,Kamal El Dîne El Chérif,Kamal El Dîne El Chérif,kamal din sherif,,Egyptian Domestic & Foreign Trade Cy,director,878
P01906,1950,Kamal Imam,Kamal Imam,kamal imam,,Frosted Food & Cold Storage Co,director,878
P01907,1950,Kamel El Abd,Kamel El Abd,kamel abd,,Dél. Egyptian Arab Bank,director,878
P01908,1950,Kamel Bey Habib,Kamel Bey Habib,kamel bei habib,,"Nile Brewery, S.A.E",director,878
P01909,1950,Kamel Hussein Wassef,Kamel Hussein Wassef,kamel husein uasef,,Sté. Orientale Cinéma,director,878
P00858,1950,S.E. Kamel Ibrahim Bey,Kamel Ibrahim,kamel ibraim,bey,Société Co-opérative des Pétroles,vice_president,878
P00858,1950,S.E. Kamel Ibrahim Bey,Kamel Ibrahim,kamel ibraim,bey,Banque Misr,director,878
P01910,1950,S.E. Kamel Osman Pacha Ghaleb,Kamel Osman Pacha Ghaleb,kamel osman pasha ghaleb,,Egyptian Finance Co,president,878
P01911,1950,Karam Georges T,Karam Georges T,karam georges,,Commercial & Estates Co. of Egypt,vice_president,878
P01912,1950,Karam Théodore,Karam Théodore,karam theodor,,Commercial and Estates Co. of Egypt,president,878
P01913,1950,Karkegi Michel,Karkegi Michel,karkegi mishel,,Sté. Franco-Egyptienne d'Importation,director,879
P01914,1950,Karkegi Nicolas,Karkegi Nicolas,karkegi nikolas,,Sté. Franco-Egyptienne d'Importation,director,879
P01914,1950,Karkegi Nicolas,Karkegi Nicolas,karkegi nikolas,,S.A.E. d'Urbanisme Hadaek El Ahram,director,879
P00859,1950,Kelebdjian Hagop,Kelebdjian Hagop,kelebdgian hagop,,S.A.E. des Anciens Etablissements Hovaghimian,director,879
P01915,1950,Keown-Boyd Str Alexander W . . K.B.E,Keown-Boyd Str Alexander W . . K.B.E,keun boid str alexander,,Sté. An. Eg. Financière& Immobilière,president,879
P01915,1950,Keown-Boyd Str Alexander W . . K.B.E,Keown-Boyd Str Alexander W . . K.B.E,keun boid str alexander,,Sté. d'Alexandrie pour le Commerce en Bois,vice_president,879
P01915,1950,Keown-Boyd Str Alexander W . . K.B.E,Keown-Boyd Str Alexander W . . K.B.E,keun boid str alexander,,Egyptian Jute Co,vice_president,879
P01915,1950,Keown-Boyd Str Alexander W . . K.B.E,Keown-Boyd Str Alexander W . . K.B.E,keun boid str alexander,,Farghaly Cotton & Investment Co,director,879
P01915,1950,Keown-Boyd Str Alexander W . . K.B.E,Keown-Boyd Str Alexander W . . K.B.E,keun boid str alexander,,"Sté. Eg. de Tuyaux, Poteaux et Produits en Ciment Armé (Système Siegwart)",director,879
P01915,1950,Keown-Boyd Str Alexander W . . K.B.E,Keown-Boyd Str Alexander W . . K.B.E,keun boid str alexander,,Banque Mosséri S.A.E,director,879
P01915,1950,Keown-Boyd Str Alexander W . . K.B.E,Keown-Boyd Str Alexander W . . K.B.E,keun boid str alexander,,à la Fédération Egyptienne des Industries,adviser,879
P01320,1950,Kettaneh Charles,Kettaneh Charles,ketaneh sharles,,The North East Africa Trading Cy S.A.E. et National Starch Cy,director,879
P01321,1950,Kettaneh Désiré,Kettaneh Désiré,ketaneh desir,,The North East Africa Trading Cy. S.A.E. et National Starch Cy,director,879
P01916,1950,Kfoury Alfred,Kfoury Alfred,kfuri alfred,,The Alexandria & Khartoum Trading Corp,director,879
P01917,1950,Kfoury Elie,Kfoury Elie,kfuri eli,,Fayoum Light Railways Co,director,879
P00863,1950,Kfoury Henry Philippe,Kfoury Henry Philippe,kfuri henri filip,,Egyptian Delta Light Rys,director,879
P01918,1950,Kfoury Jean,Kfoury Jean,kfuri gean,,Fayoum Textile Cy,director,879
P00861,1950,Kfoury Joseph,Kfoury Joseph,kfuri gosef,,Sté. des Biens de Rapport d'Egypte,vice_president,879
P00861,1950,Kfoury Joseph,Kfoury Joseph,kfuri gosef,,Société des Omnibus de Fayoum,director,879
P00861,1950,Kfoury Joseph,Kfoury Joseph,kfuri gosef,,Sté. des Autobus de la Basse Egypte,director,879
P00861,1950,Kfoury Joseph,Kfoury Joseph,kfuri gosef,,Fayoum Light Rys. Co,managing_director,879
P00861,1950,Kfoury Joseph,Kfoury Joseph,kfuri gosef,,Société Anonyme des Chemins de Fer de la Basse-Egypte,managing_director,879
P00861,1950,Kfoury Joseph,Kfoury Joseph,kfuri gosef,,Egyptian Delta Light Rys,director,879
P00861,1950,Kfoury Joseph,Kfoury Joseph,kfuri gosef,,Fayoum Textile Cy,managing_director,879
P00862,1950,Kfoury Michel,Kfoury Michel,kfuri mishel,,Société des Omnibus de Fayoum,director,879
P01919,1950,Kfoury Philippe Zaher,Kfoury Philippe Zaher,kfuri filip zaer,,Société des Autobus de la Basse-Egypte,vice_president,879
P01919,1950,Kfoury Philippe Zaher,Kfoury Philippe Zaher,kfuri filip zaer,,Société des Autobus de la Basse-Egypte,director,879
P01919,1950,Kfoury Philippe Zaher,Kfoury Philippe Zaher,kfuri filip zaer,,Egyptian Delta Light Rys,managing_director,879
P01920,1950,Kfoury Robert,Kfoury Robert,kfuri robert,,Sté. Autobus Routes Désert,director,879
P01921,1950,S.E. Khachaba Sayed Mohamed Pacha Député,Khachaba Sayed Mohamed Pacha Député,khashaba saied moamed pasha deput,,Société Misr pour l'Egrenage du Coton,director,879
P01921,1950,S.E. Khachaba Sayed Mohamed Pacha Député,Khachaba Sayed Mohamed Pacha Député,khashaba saied moamed pasha deput,,Société Misr de Transport,director,879
P01921,1950,S.E. Khachaba Sayed Mohamed Pacha Député,Khachaba Sayed Mohamed Pacha Député,khashaba saied moamed pasha deput,,Navigation,director,879
P01921,1950,S.E. Khachaba Sayed Mohamed Pacha Député,Khachaba Sayed Mohamed Pacha Député,khashaba saied moamed pasha deput,,Société Misr de Filature,director,879
P01921,1950,S.E. Khachaba Sayed Mohamed Pacha Député,Khachaba Sayed Mohamed Pacha Député,khashaba saied moamed pasha deput,,"Tissage, S.A.E",director,879
P01921,1950,S.E. Khachaba Sayed Mohamed Pacha Député,Khachaba Sayed Mohamed Pacha Député,khashaba saied moamed pasha deput,,Société Misr pour les Pêcheries,director,879
P01921,1950,S.E. Khachaba Sayed Mohamed Pacha Député,Khachaba Sayed Mohamed Pacha Député,khashaba saied moamed pasha deput,,Société Foncière d'Egypte,director,879
P01921,1950,S.E. Khachaba Sayed Mohamed Pacha Député,Khachaba Sayed Mohamed Pacha Député,khashaba saied moamed pasha deput,,"Société Egyptienne pour le Développement et le Commerce des Légumes, Fruits et Fleurs",president,879
P00865,1950,Khalil Aly El Gazzar Bey,Khalil Aly El Gazzar,khalil ali gazar,bey,Société Misr pour l'Egrenage du Coton,director,880
P00865,1950,Khalil Aly El Gazzar Bey,Khalil Aly El Gazzar,khalil ali gazar,bey,"Banque Misr, de la Société Mi sr pour le Tissage de Coton à Kafr el Dawar",director,880
P01922,1950,S.E. Kbairy Bey Ahmed,Kbairy Bey Ahmed,kbairi bei ahmed,,Indo-Egyptiana et S.A.E. Scialli,director,880
P01323,1950,S.E. Khairy Mahmoud Pacha,Khairy Mahmoud,khairi mahmud,pasha,Chemical Industries Cy. «C.I.C.>>,president,880
P01323,1950,S.E. Khairy Mahmoud Pacha,Khairy Mahmoud,khairi mahmud,pasha,<<Food Products»,president,880
P01323,1950,S.E. Khairy Mahmoud Pacha,Khairy Mahmoud,khairi mahmud,pasha,S.A. Immobili Ri unit i et Upper Egypt Ginning,director,880
P00385,1950,S.E. Khalil Mohamed Mahmoud Bey,Khalil Mohamed Mahmoud,khalil moamed mahmud,bey,Société Générale des Sucreries,president,880
P00385,1950,S.E. Khalil Mohamed Mahmoud Bey,Khalil Mohamed Mahmoud,khalil moamed mahmud,bey,Société Générale des Sucreries,director,880
P00385,1950,S.E. Khalil Mohamed Mahmoud Bey,Khalil Mohamed Mahmoud,khalil moamed mahmud,bey,Raffinerie d'Egypte,president,880
P00385,1950,S.E. Khalil Mohamed Mahmoud Bey,Khalil Mohamed Mahmoud,khalil moamed mahmud,bey,Raffinerie d'Egypte,director,880
P00385,1950,S.E. Khalil Mohamed Mahmoud Bey,Khalil Mohamed Mahmoud,khalil moamed mahmud,bey,"Egyptian Bonded Warehouses Co., Ltd",president,880
P00385,1950,S.E. Khalil Mohamed Mahmoud Bey,Khalil Mohamed Mahmoud,khalil moamed mahmud,bey,"Tractor and Engineering Co., S.A.E",president,880
P00385,1950,S.E. Khalil Mohamed Mahmoud Bey,Khalil Mohamed Mahmoud,khalil moamed mahmud,bey,"«Al Chark» (L'Orient), Cie. d'Assurances sur la Vie S.A.E",director,880
P00385,1950,S.E. Khalil Mohamed Mahmoud Bey,Khalil Mohamed Mahmoud,khalil moamed mahmud,bey,Banque Misr,director,880
P00385,1950,S.E. Khalil Mohamed Mahmoud Bey,Khalil Mohamed Mahmoud,khalil moamed mahmud,bey,Crédit Foncier Egyptien,director,880
P00385,1950,S.E. Khalil Mohamed Mahmoud Bey,Khalil Mohamed Mahmoud,khalil moamed mahmud,bey,Société Financière & Industrielle,director,880
P00385,1950,S.E. Khalil Mohamed Mahmoud Bey,Khalil Mohamed Mahmoud,khalil moamed mahmud,bey,Filature Misr Kafr,director,880
P01923,1950,Khalil Mohamed Tewfik Bey,Khalil Mohamed Tewfik,khalil moamed teufik,bey,"Banque Misr, Airmec., Commercial& Engineering Cy. of Egypt & Middle East Cy",director,880
P01324,1950,Khattab Mohamed Bey,Khattab Mohamed,khatab moamed,bey,Chemical Industries Cy. «C.I.C.»,managing_director,880
P01324,1950,Khattab Mohamed Bey,Khattab Mohamed,khatab moamed,bey,Zeitoun Canning Co,director,880
P01324,1950,Khattab Mohamed Bey,Khattab Mohamed,khatab moamed,bey,Egyptian Copper Works,president,880
P01324,1950,Khattab Mohamed Bey,Khattab Mohamed,khatab moamed,bey,Egyptian Copper Works,director,880
P00866,1950,Kher Georges J,Kher Georges J,kher georges,,-Général de la S.A. Agricole et Industrielle d'Egypte,managing_director,880
P00866,1950,Kher Georges M,Kher Georges M,kher georges,,Crédit Foncier d'Orient,director,880
P01924,1950,Khorshed Ahmed Khairy Ahmed,Khorshed Ahmed Khairy Ahmed,khorshed ahmed khairi ahmed,,Engineering & Trading Entreprises,director,880
P01925,1950,Khorshed Hussein Ahmed,Khorshed Hussein Ahmed,khorshed husein ahmed,,Engineering of Trading Entreprises,director,880
P01926,1950,Khorshed Omar Seif El Dine,Khorshed Omar Seif El Dine,khorshed omar seif din,,Dél. Engineering & Trading Entreprises,director,880
P00867,1950,Kirkman Robert,Kirkman Robert,kirkman robert,,The Hinshel- wood Paint & Oil Co. of Egypt. S.A.E,director,880
P00868,1950,Klaesi R,Klaesi R,klaesi,,Surveillance de la Hamata Mining Co,council_member,880
P01927,1950,Klat Elie,Klat Elie,klat eli,,Delta Trading Co,director,880
P00088,1950,Klat Jules Bey,Klat Jules,klat gules,bey,The Associated Cotton Ginners,president,880
P00088,1950,Klat Jules Bey,Klat Jules,klat gules,bey,Gharbieh Land Cy,president,880
P00088,1950,Klat Jules Bey,Klat Jules,klat gules,bey,Gharbieh Land Cy,council_member,880
P00088,1950,Klat Jules Bey,Klat Jules,klat gules,bey,Gharbieh Land Cy,adviser,880
P00088,1950,Klat Jules Bey,Klat Jules,klat gules,bey,Gharbieh Land Cy,member,880
P00088,1950,Klat Jules Bey,Klat Jules,klat gules,bey,S.A. Pharos,vice_president,880
P00088,1950,Klat Jules Bey,Klat Jules,klat gules,bey,The Egyptian Enterprise & Development Cy,vice_president,880
P00088,1950,Klat Jules Bey,Klat Jules,klat gules,bey,The Egyptian Bonded Warehouses,director,880
P00088,1950,Klat Jules Bey,Klat Jules,klat gules,bey,S.A. du Béhéra,director,880
P00088,1950,Klat Jules Bey,Klat Jules,klat gules,bey,S.A. Wadi-Kom-Ombo,director,880
P00088,1950,Klat Jules Bey,Klat Jules,klat gules,bey,The New Egyptian Co,director,880
P00088,1950,Klat Jules Bey,Klat Jules,klat gules,bey,S.A. d'Entreprises Urbaines et Rurales,director,880
P01928,1950,Klat Ramez,Klat Ramez,klat ramez,,Sté. Misr Rayonne,director,881
P01929,1950,Koleas Nicolas,Koleas Nicolas,koleas nikolas,,Egyptian Cotton Ginners and Exporters,director,881
P00871,1950,Kouhi N,Kouhi N,kui,,"General Motors N ear East, S.A.E",director,881
P00872,1950,Krischewsky Henry,Krischewsky Henry,krisheuski henri,,Banque Mosseri. S.A.E,managing_director,881
P00872,1950,Krischewsky Henry,Krischewsky Henry,krisheuski henri,,Société Egyptienne de Tissage et Tricotage,managing_director,881
P00872,1950,Krischewsky Henry,Krischewsky Henry,krisheuski henri,,S.A.E. Financière et Immobilière,director,881
P00872,1950,Krischewsky Henry,Krischewsky Henry,krisheuski henri,,Sté,director,881
P01930,1950,Krustalia Michel,Krustalia Michel,krustalia mishel,,Industrie Fibres Textiles,director,881
P00873,1950,Kupper H,Kupper H,kuper,,Société Générale de Pressage,director,881
P00873,1950,Kupper H,Kupper H,kuper,,Dépôts,director,881
P00873,1950,Kupper H,Kupper H,kuper,,Surveillance de la Hamata Mining Co,council_member,881
P01931,1950,Kyriakides,Kyriakides,kiriakides,,Egyptian Independent Oil Co,director,881
P01932,1950,Kyriazis Apostolo,Kyriazis Apostolo,kiriazis apostolo,,Anglo Egyptian Mining,managing_director,881
P01933,1950,Labib Atallab Dr,Labib Atallab Dr,labib atalab dr,,Fayoum Textile Cy,director,881
P01330,1950,S.E. Lackany Sanny Bey,Lackany Sanny,lakani sani,bey,à la Cairo Electric Rys & Heliopolis Oases Co,adviser,881
P01330,1950,S.E. Lackany Sanny Bey,Lackany Sanny,lakani sani,bey,Banque Zilkha,director,881
P01331,1950,Lagnado Joseph S,Lagnado Joseph S,lagnado gosef,,Béni Mazar Urbaine et Rurale,director,881
P01332,1950,Lagoudakis Eustache,Lagoudakis Eustache,lagudakis eustash,,Banque de Commerce N. Tepeghiosi & Co,president,881
P01934,1950,Lah~rrère L,Lah~rrère L,lahrer,,S.A. des Tramways du Caire,general_manager,881
P01934,1950,Lah~rrère L,Lah~rrère L,lahrer,,Société «The Egyptian General Omnibus Co.»,managing_director,881
P01935,1950,Lambiotte O. Ellsworth,Lambiotte O. Ellsworth,lambiot elsuorth,,Banque Belge et Internationale en Egypte,managing_director,881
P01935,1950,Lambiotte O. Ellsworth,Lambiotte O. Ellsworth,lambiot elsuorth,,Egyptian Salt & Soda Company Ltd,director,881
P01935,1950,Lambiotte O. Ellsworth,Lambiotte O. Ellsworth,lambiot elsuorth,,Sud an Soap F'actory Ltd,director,881
P01935,1950,Lambiotte O. Ellsworth,Lambiotte O. Ellsworth,lambiot elsuorth,,S.A. des Tramways du Caire,director,881
P01936,1950,Lancaster '\V. A,Lancaster '\V. A,lankaster v,,"Delta Trading Co., S.A.E",president,881
P01936,1950,Lancaster '\V. A,Lancaster '\V. A,lankaster v,,Delta Engineering Co. S.A.E,president,881
P01936,1950,Lancaster '\V. A,Lancaster '\V. A,lankaster v,,S.A. du Béhéra,director,881
P01936,1950,Lancaster '\V. A,Lancaster '\V. A,lankaster v,,Sté. Métallurgie Egyptienne,director,881
P01937,1950,Lancker Robert de,Lancker Robert de,lanker robert,,The African Enterprise & Development Cy,director,882
P01938,1950,Landert Hans Ulrich,Landert Hans Ulrich,landert hans ulrish,,Sté Indust. et Commerciale Laitière Man- dara,director,882
P01939,1950,Landert Jean,Landert Jean,landert gean,,Sté Industrielle et Commerciale Laitière Mandara,director,882
P01940,1950,Lappas Aristide,Lappas Aristide,lapas aristid,,Société d'Alimentation Générale,director,882
P01334,1950,Lappas Christodule,Lappas Christodule,lapas shristodul,,Incorporated Industries,director,882
P00392,1950,Lappas Georges,Lappas Georges,lapas georges,,Banque de Commerce N. Tepeghiosi & Co,director,882
P01941,1950,Lappas Grégoire,Lappas Grégoire,lapas gregoir,,Dél. F'rosted Food & Cold Storage Co. S.A.E,director,882
P00091,1950,Lascaris Mario A,Lascaris Mario A,laskaris mario,,Banque d'Athènes en Egypte,president,882
P00091,1950,Lascaris Mario A,Lascaris Mario A,laskaris mario,,The Gabbari Land Company,president,882
P00091,1950,Lascaris Mario A,Lascaris Mario A,laskaris mario,,The Alexandria Transport & Industrial Cy,vice_president,882
P00091,1950,Lascaris Mario A,Lascaris Mario A,laskaris mario,,S.A.E. d'Assurances «Al Chark». Crédit Agricole et Coopératif,member,882
P01942,1950,Lavison Mr. le Comte,Lavison Mr. le Comte,lavison mr l komt,,Egyptian Mining & Prospecting Co,director,882
P01943,1950,Lazarevitch Tod01·,Lazarevitch Tod01·,lazarevitsh tod,,Dél. Fabrique des Produits Chimiques,director,882
P00879,1950,Lebnan Bakhos,Lebnan Bakhos,lebnan bakhos,,Union Foncière d'Egypte,director,882
P00879,1950,Lebnan Bakhos,Lebnan Bakhos,lebnan bakhos,,Sté Agricole et Fermière «Fermag»,director,882
P00880,1950,Lebon Marcel,Lebon Marcel,lebon marsel,,"Cie. d'Eclairage par le Gaz, Lebon et Cie",president,882
P01944,1950,Lebovich Maurice,Lebovich Maurice,lebovish mauris,,Clothing & Equipment Cy. of Egypt,managing_director,882
P00396,1950,Lee Lee Roger Malcolm,Lee Lee Roger Malcolm,l l roger malkolm,,Société Egyptienne des Industries Textiles. S.A.E,director,882
P00397,1950,Lees Sir William Clare,Lees Sir William Clare,les sir uiliam klar,,Société Egyptienne des Industries Textiles,director,882
P00881,1950,Lefrère Lucien,Lefrère Lucien,lefrer lusien,,Crédit Lyonnais (Le Caire),director,882
P00881,1950,Lefrère Lucien,Lefrère Lucien,lefrer lusien,,Crédit Lyonnais (Le Caire),manager,882
P00881,1950,Lefrère Lucien,Lefrère Lucien,lefrer lusien,,Syndicat des Obligataires dé la Société Générale des Sucreries,director,882
P00881,1950,Lefrère Lucien,Lefrère Lucien,lefrer lusien,,Raffinerie d'Egypte,director,882
P00882,1950,Leheta Ibrahim Bey,Leheta Ibrahim,leta ibraim,bey,"The Amalgamated lee Fac- tories and Cold Stores, S.A.E. et Simon Arzt Stores",director,882
P01945,1950,Lemoine Gilbert,Lemoine Gilbert,lemoin gilbert,,Alexandria Glass & Porcelain Factory,director,882
P01946,1950,Levi Emilio,Levi Emilio,levi emilio,,Alexandria Textile Co,director,882
P01947,1950,Levi Gino,Levi Gino,levi gino,,Alexandria Textile Co,director,882
P00400,1950,Levi 1. G,Levi 1. G,levi,,Statistique Egyptienne,general_manager,883
P00401,1950,Levi Nellos A,Levi Nellos A,levi nelos,,Usines Textiles Al-Kahira,director,883
P00885,1950,Levi Rolf,Levi Rolf,levi rolf,,Trading Industrial Corp. S.A.E,director,883
P01948,1950,Levy Isaac,Levy Isaac,levi isak,,Etablissements Industriels pour la Soie et le Coton,director,883
P01337,1950,Levy Joseph M,Levy Joseph M,levi gosef,,The Alexandria Spinning & Weaving Co,president,883
P00400,1950,Levi,Levi,levi,,The Alexandria Spinning & Weaving Co,vice_president,883
P01949,1950,Levy Sion,Levy Sion,levi sion,,Union des Commerçants en Textiles,director,883
P00093,1950,Lian Alfred,Lian Alfred,lian alfred,,"Egyptian Salt and Soda Cy. Ltd., de la Société Financière & Industrielle d'Egypte",president,883
P00093,1950,Lian Alfred,Lian Alfred,lian alfred,,United Egyptian Salt,president,883
P00093,1950,Lian Alfred,Lian Alfred,lian alfred,,S.A. des Immeubles d'Egypte,vice_president,883
P00093,1950,Lian Alfred,Lian Alfred,lian alfred,,The Alexandria Navigation Co,director,883
P00093,1950,Lian Alfred,Lian Alfred,lian alfred,,"Teinturerie Franco-Egyptienne, S.A.E",director,883
P00093,1950,Lian Alfred,Lian Alfred,lian alfred,,Alexandria Insurance Co,director,883
P01950,1950,Lienardy Georges,Lienardy Georges,lienardi georges,,"Gevaert-Orient, S.A.E",director,883
P01339,1950,Lifschitz Paul,Lifschitz Paul,lifshitz paul,,Fayoum Textile et Studios «Al Ahram»,director,883
P01340,1950,Lisbona Mayer,Lisbona Mayer,lisbona maier,,Egyptian Rice Mills,managing_director,883
P01340,1950,Lisbona Mayer,Lisbona Mayer,lisbona maier,,The N ear East Produce Trading Cy,managing_director,883
P01951,1950,Lind Marcel,Lind Marcel,lind marsel,,"Sté. Immobilière d'Alexandrie, S.A.F",manager,883
P01951,1950,Lind Marcel,Lind Marcel,lind marsel,,"Sté. Immobilière d'Alexandrie, S.A.F",managing_director,883
P01341,1950,Liverant Joseph,Liverant Joseph,liverant gosef,,"«Al Chark», Sté. d'Entreprises Générales",director,883
P01952,1950,Lombard Georges,Lombard Georges,lombard georges,,Crédit Immobilier Suisse-Egyptien,director,883
P00889,1950,Lombardo Cesare,Lombardo Cesare,lombardo sesar,,"Société des Autobus du Nord, de la Sté. des Autobus du Caire",director,883
P00889,1950,Lombardo Cesare,Lombardo Cesare,lombardo sesar,,Sté. des Autobus d'Alexandrie,director,883
P00889,1950,Lombardo Cesare,Lombardo Cesare,lombardo sesar,,Egyptian Road Transports Cy,director,883
P01342,1950,Lopez Ercole J,Lopez Ercole J,lopez erkol,,"The Egyptian Independent Oil Co., S.A.E",managing_director,883
P01953,1950,S.S. Loutfallah,S.S. Loutfallah,lutfalah,,The Cairo Agricultural Co. S.A.E,vice_president,883
P01954,1950,Loutfi Faiz Ahmed,Loutfi Faiz Ahmed,lutfi faiz ahmed,,Sté. Commerciale et Financière «Al Masria»,director,883
P01955,1950,Loutfi Nasser,Loutfi Nasser,lutfi naser,,"Gevaert Orient, S.A.E",director,883
P00095,1950,Lowe A. J,Lowe A. J,lu,,S.A.E. Carba,president,884
P00095,1950,Lowe A. J,Lowe A. J,lu,,Alexandria Engineering Works,president,884
P00095,1950,Lowe A. J,Lowe A. J,lu,,Filature Nationale d'Egypte,director,884
P00095,1950,Lowe A. J,Lowe A. J,lu,,Sté. des Produits Centrifugés en Ciment,director,884
P00095,1950,Lowe A. J,Lowe A. J,lu,,"Egyptian Copper Works, S.A.E",director,884
P00893,1950,Lozy Taher El Bey,Lozy Taher El,lozi taer,bey,National Bank of Egypt,director,884
P00893,1950,Lozy Taher El Bey,Lozy Taher El,lozi taer,bey,Sté. Autobus du Nord,president,884
P00893,1950,Lozy Taher El Bey,Lozy Taher El,lozi taer,bey,Egyptian Road Transport Company S.A.E,president,884
P00893,1950,Lozy Taher El Bey,Lozy Taher El,lozi taer,bey,Abu Zaabal& Kafr el Zayat Fertiliser and Chemical Cy. «Akfac»,director,884
P00893,1950,Lozy Taher El Bey,Lozy Taher El,lozi taer,bey,Eg. Delta Land & Investment Co,vice_president,884
P00894,1950,Luce Pierre,Luce Pierre,lus pier,,Cairo Sand Bricks Co. S.A.E,manager,884
P01956,1950,Luchsinger~ J,Luchsinger~ J,lushsinger,,Sté Cotonnière d'Egypte,director,884
P01956,1950,Luchsinger~ J,Luchsinger~ J,lushsinger,,Sté Cotonnière d'Egypte,manager,884
P01957,1950,Ludvigsen Axel,Ludvigsen Axel,ludvigsen axel,,American Eastern Trading & Shipping Company,vice_president,884
P00412,1950,Lumbroso J,Lumbroso J,lumbroso,,The Alexandria Exchange Co. Ltd,president,884
P00412,1950,Lumbroso M,Lumbroso M,lumbroso,,Alexandria Exchange Co,director,884
P01343,1950,Lynch F. C,Lynch F. C,linsh,,General Motors Near East,managing_director,884
P01958,1950,Mac Coy R.T,Mac Coy R.T,mak koi,,Sté California Texas Pétroles,director,884
P00896,1950,Mac Culloch Norman G,Mac Culloch Norman G,mak kulosh norman,,Société Egyptienne des Industries Textiles,director,884
P00897,1950,Mac Cullock Joseph Paul,Mac Cullock Joseph Paul,mak kulok gosef paul,,"Société California Egyptienne des Pétroles, S.A.E",director,884
P01959,1950,MacEwen \Villiam G,MacEwen \Villiam G,maseuen viliam,,"The Nile Ginning Company, S.A.E",managing_director,884
P01960,1950,Mac Gill H.A.H,Mac Gill H.A.H,mak gil,,Textile Machinery Platt Bros,director,884
P01961,1950,Mackay D. R,Mackay D. R,makai,,Imperial Chemical Industries,vice_president,884
P01961,1950,Mackay D. R,Mackay D. R,makai,,Imperial Chemical Industries,managing_director,884
P01961,1950,Mackay D. R,Mackay D. R,makai,,Egyptian Copper Works,director,884
P01345,1950,Mackenzie W,Mackenzie W,makenzi,,"Maison Peel & Co. Ltd., Egyptian Engineering Stores",director,884
P01345,1950,Mackenzie W,Mackenzie W,makenzi,,Minieh Ginning Co. Ltd,director,884
P01962,1950,Président de «Fluviale»,Président de «Fluviale»,president fluvial,,Nile Insurance Co,director,884
P01963,1950,Madkour Gomaa Bey,Madkour Gomaa,madkur goma,bey,Rizerie Egyptienne Moderne,director,884
P01964,1950,Madkour Dr. Ibrahim Bayoumi,Madkour Dr. Ibrahim Bayoumi,madkur dr ibraim baiumi,,Banque Belge et Sté Eg. Ciment Portland Tourah,director,884
P00898,1950,Maggiar André,Maggiar André,magiar andr,,S.A. des Monts de Piété Egyptiens,president,884
P00898,1950,Maggiar André,Maggiar André,magiar andr,,S.A. des Monts de Piété Egyptiens,managing_director,884
P01965,1950,Maggiar Georges,Maggiar Georges,magiar georges,,S.A. des Monts de Piété Egyptiens,director,884
P01966,1950,S.E. Maher,Maher,maer,,Banque Misr et Crédit Foncier Egyptien,director,884
P00900,1950,S.E. Mahfouz Rachouan Pacha,Mahfouz Rachouan,mahfuz rashuan,pasha,Sté. Autqbus Routes du Désert et Sté. des Omnibus de Fayoum,president,885
P00900,1950,S.E. Mahfouz Rachouan Pacha,Mahfouz Rachouan,mahfuz rashuan,pasha,National Petroleum Co. of Egypt,president,885
P00900,1950,S.E. Mahfouz Rachouan Pacha,Mahfouz Rachouan,mahfuz rashuan,pasha,Cie. Générale des Pétroles ( COGEP),director,885
P01967,1950,Mahieu Dr. Maurice,Mahieu Dr. Maurice,maieu dr mauris,,Chemical Industries Development,director,885
P00901,1950,Mahmoud Aly Allouba Bey,Mahmoud Aly Allouba,mahmud ali aluba,bey,Société Industrielle et Commerciale d'Egypte (S.I.C.O.),director,885
P01968,1950,Mahmoud El Attal Bey,Mahmoud El Attal,mahmud atal,bey,Egyptian Jute Co,general_manager,885
P01968,1950,Mahmoud El Attal Bey,Mahmoud El Attal,mahmud atal,bey,Egyptian Jute Co,director,885
P01969,1950,Mahmoud Bakhaty Me,Mahmoud Bakhaty Me,mahmud bakhati m,,Minoterie & Silos,director,885
P01970,1950,S.E. Mahmoud Chaker Mohamed Pacha,Mahmoud Chaker Mohamed,mahmud shaker moamed,pasha,"Koldair, de SE DEC",president,885
P01970,1950,S.E. Mahmoud Chaker Mohamed Pacha,Mahmoud Chaker Mohamed,mahmud shaker moamed,pasha,Egyptian Mining & Prospecting Co. et Studio Al Ahram,president,885
P01970,1950,S.E. Mahmoud Chaker Mohamed Pacha,Mahmoud Chaker Mohamed,mahmud shaker moamed,pasha,Sté Sucreries d'Egypte,director,885
P01970,1950,S.E. Mahmoud Chaker Mohamed Pacha,Mahmoud Chaker Mohamed,mahmud shaker moamed,pasha,Egyptian Domestic & Foreign Trade Company,director,885
P01971,1950,Mahmoud Fahmy Hussein Me,Mahmoud Fahmy Hussein Me,mahmud fahmi husein m,,Near East Pharmaceutical & Commercial Co,director,885
P01972,1950,S.E. Mahmoud Fadel Sélim Bey,Mahmoud Fadel Sélim,mahmud fadel selim,bey,Transport & Engineering Co,director,885
P01973,1950,S.E. Mahmoud Hassan Pacha,Mahmoud Hassan,mahmud hasan,pasha,Alexandria Cotton Trading,vice_president,885
P01973,1950,S.E. Mahmoud Hassan Pacha,Mahmoud Hassan,mahmud hasan,pasha,surveillance du Coca-Cola (Alex.),president,885
P01974,1950,Dr. Mahmoud el Shishini Bey,Mahmoud el Shishini,mahmud shishini,bey,Marconi Radio Telegraph Co,director,885
P01975,1950,Mahmoud el Tahry,Mahmoud el Tahry,mahmud tahri,,«Koldair»,managing_director,885
P01966,1950,Mahmoud Maher Bey,Mahmoud Maher,mahmud maer,bey,National Electro Medical & Chemical Cy. ( N emco),managing_director,885
P01976,1950,Mahmoud Hassanein Makhlouf Mtre,Mahmoud Hassanein Makhlouf Mtre,mahmud hasanein makhluf mtr,,Etablissements Bamco,director,885
P01349,1950,Mahmoud Mohasseb Bey,Mahmoud Mohasseb,mahmud moaseb,bey,Sté. - Biens de Rapport d'Egypte,director,885
P01349,1950,Mahmoud Mohasseb Bey,Mahmoud Mohasseb,mahmud moaseb,bey,Upper Egypt Hotels,director,885
P01977,1950,S.E. Mahmoud Sabet Pacha,Mahmoud Sabet,mahmud sabet,pasha,Studios Al Ahram,director,885
P01978,1950,Mahmoud Sabry Mahboub Bey,Mahmoud Sabry Mahboub,mahmud sabri mahbub,bey,Eastern Automobile Supplies & Transport Co,director,885
P01979,1950,S.E. Mahmoud Samy Pacha,Mahmoud Samy,mahmud sami,pasha,Sté. Générale de Placement Financier et Industriel,director,885
P01980,1950,S.E. Mahmond Tewfik Ilefnaoui Pacha,Mahmond Tewfik Ilefnaoui,mahmond teufik ilefnaui,pasha,Société Foncière d'Egypte,director,885
P01981,1950,Mahmoud Bey El Toayar,Mahmoud Bey El Toayar,mahmud bei toaiar,,S.A.E. «L'Epargne>>,director,885
P00903,1950,Maksud Emile,Maksud Emile,maksud emil,,"The Egyptian Engineering Stores, ~.A.E",director,885
P01982,1950,Maksud Henri Mtre,Maksud Henri Mtre,maksud henri mtr,,"Sté. Immobilière d'Alexandrie, S.A.E",vice_president,886
P01983,1950,Maksud René A,Maksud René A,maksud ren,,Sté. Eg. Entreprises Urbaines et Rurales,director,886
P01351,1950,Malcolm Major,Malcolm Major,malkolm magor,,The Misr Shipping Co. S.A.E,director,886
P01984,1950,XA»,XA»,xa,,S.E. de Filature et Tissage de Laine,director,886
P00216,1950,Malone Peter,Malone Peter,malon peter,,"The Hinshel- wood Paint & Oil Co. of Egypt, S.A.E",president,886
P01985,1950,Mamane Albert,Mamane Albert,maman albert,,Selected Textile Industries Ass,director,886
P01986,1950,Manouk Joseph,Manouk Joseph,manuk gosef,,Sté. Immobilière de Zamalek,director,886
P01987,1950,Mansour Badrawi Bey,Mansour Badrawi,mansur badraui,bey,Aboukir Cy. Ltd,director,886
P01353,1950,Mansour Gamal el Dine,Mansour Gamal el Dine,mansur gamal din,,Sté. Mi.sr pour la Rayonne,director,886
P01354,1950,Mansour Mansour,Mansour Mansour,mansur mansur,,Société Bolanachi,director,886
P01988,1950,Mansour Sabry Bey,Mansour Sabry,mansur sabri,bey,"The Cotton Spinning, Weaving & Dyeing«Karnak»",director,886
P01989,1950,Maraghi Bey Hassan Rachad El,Maraghi Bey Hassan Rachad El,maraghi bei hasan rashad,,-Dél. Sté. Autobus Caire,director,886
P01990,1950,Marcarian Aram Drentz,Marcarian Aram Drentz,markarian aram drentz,,Cherif Cotton & Trading Co,managing_director,886
P01991,1950,Miralai T. A. Marcou Bey,Miralai T. A. Marcou,miralai marku,bey,Bolanachi,director,886
P01356,1950,Maret Baron Guy de,Maret Baron Guy de,maret baron gui,,Gharbieh Land Cy,director,886
P01357,1950,Marii Sayed Bey,Marii Sayed,mari saied,bey,AKFAC,director,886
P01992,1950,Marryat Brigadier,Marryat Brigadier,mariat brigadier,,United Bus Co,director,886
P00911,1950,Martin G. A,Martin G. A,martin,,S.A. des Bières Bomonti et Pyramides,director,886
P00911,1950,Martin R. C,Martin R. C,martin,,Egyptian Finance Co,director,886
P00912,1950,Martz Dr. Ernst,Martz Dr. Ernst,martz dr ernst,,Sté. Eg. de Ciment Portland Tourah,president,886
P01993,1950,Mathias E.L.A. O.B.E,Mathias E.L.A. O.B.E,mathias,,Marconi Radio Telegraph Co. of Egypt,managing_director,886
P01360,1950,Mathieu A,Mathieu A,mathieu,,Platières de Ballah,director,886
P00428,1950,Matossian Joseph O,Matossian Joseph O,matosian gosef,,"Eastern Co., S.A.E",vice_president,886
P00428,1950,Matossian Joseph O,Matossian Joseph O,matosian gosef,,Alex. Glass & Porcelain Factory,director,886
P00429,1950,Matossian Vincent O,Matossian Vincent O,matosian vinsent,,Sté. de Bienfaisance Arménienne-Catholique d'Alexandrie,president,887
P00429,1950,Matossian Vincent O,Matossian Vincent O,matosian vinsent,,Patriarcal Arménien Catholique d'Alexandrie,vice_president,887
P01994,1950,Matouk Bichara,Matouk Bichara,matuk bishara,,Dél. Near East Finance S.A.E,president,887
P01994,1950,Matouk Bichara,Matouk Bichara,matuk bishara,,Dél. Near East Finance S.A.E,director,887
P01994,1950,Matouk Bichara,Matouk Bichara,matuk bishara,,"Sté. Viticole et Vinicole d'Egypte, S.A.E",director,887
P01995,1950,Matouk Fouad,Matouk Fouad,matuk fuad,,Near East Finance S.A.E .. Mattalon,director,887
P01995,1950,Matouk Fouad,Matouk Fouad,matuk fuad,,Rosetta & Alexandria Rice Mills Co,director,887
P00432,1950,Mavro Mike,Mavro Mike,mavro mik,,Usines Textiles Al Kahira,vice_president,887
P00432,1950,Mavro Mike,Mavro Mike,mavro mik,,Société Egyptienne Financière pour le Commerce,director,887
P00432,1950,Mavro Mike,Mavro Mike,mavro mik,,Industrie,director,887
P00432,1950,Mavro Mike,Mavro Mike,mavro mik,,«Commerciale»,director,887
P00432,1950,Mavro Mike,Mavro Mike,mavro mik,,"-Dél. de ASTRA, etc",director,887
P01996,1950,Mavros,Mavros,mavros,,Sté Egyptienne Maritime ~Commerciale,director,887
P00913,1950,Mawas Maurice,Mawas Maurice,mauas mauris,,S.A.E. «Chaussures Bata»,director,887
P00914,1950,Mawas Zaki,Mawas Zaki,mauas zaki,,Société,director,887
P01997,1950,Maxwell Robert H,Maxwell Robert H,maxuel robert,,Egyptian Aircraft Engineering Co,director,887
P01998,1950,S.E. Mazloum Hassan Pacha ·,Mazloum Hassan Pacha ·,mazlum hasan pasha,,Postes Egyptiennes,general_manager,887
P01998,1950,S.E. Mazloum Hassan Pacha ·,Mazloum Hassan Pacha ·,mazlum hasan pasha,,Société Egyptienne de Tissage et Tricotage,president,887
P01998,1950,S.E. Mazloum Hassan Pacha ·,Mazloum Hassan Pacha ·,mazlum hasan pasha,,Union Foncière d'Egypte,president,887
P01998,1950,S.E. Mazloum Hassan Pacha ·,Mazloum Hassan Pacha ·,mazlum hasan pasha,,Banque Belge et Internationale en Egypte,vice_president,887
P01998,1950,S.E. Mazloum Hassan Pacha ·,Mazloum Hassan Pacha ·,mazlum hasan pasha,,Crédit Agricole d'Egypte,director,887
P01998,1950,S.E. Mazloum Hassan Pacha ·,Mazloum Hassan Pacha ·,mazlum hasan pasha,,Sté Egyptienne de Constructions Modernes «Al Chams»,director,887
P01998,1950,S.E. Mazloum Hassan Pacha ·,Mazloum Hassan Pacha ·,mazlum hasan pasha,,Société Générale des Sucreries,director,887
P01998,1950,S.E. Mazloum Hassan Pacha ·,Mazloum Hassan Pacha ·,mazlum hasan pasha,,Raffinerie d'Egypte,director,887
P01998,1950,S.E. Mazloum Hassan Pacha ·,Mazloum Hassan Pacha ·,mazlum hasan pasha,,Khedivial Mail Line Co. S.A.E,director,887
P01999,1950,Mazloum Mahmoud Aly,Mazloum Mahmoud Aly,mazlum mahmud ali,,"Cairo Agricultural Co., Egyptian F1inance Co",director,887
P02000,1950,Mazloum Mohamed Aly,Mazloum Mohamed Aly,mazlum moamed ali,,Egyptian Delta Land & Investment Co,director,887
P02001,1950,Mboria Dr. Lefter,Mboria Dr. Lefter,mboria dr lefter,,Dé}. Studio Al Ahram,director,887
P00916,1950,Menaché Albert,Menaché Albert,menash albert,,Etablissements Industriels pour la Soie et le Coton,director,887
P01365,1950,Menaché Maurice C,Menaché Maurice C,menash mauris,,Bénf Mazar Urbaine et Ru- rale,director,887
P01365,1950,Menaché Maurice M,Menaché Maurice M,menash mauris,,Raison Sociale Menaché Cousins,managing_director,887
P01365,1950,Menaché Maurice M,Menaché Maurice M,menash mauris,,"General Engineering and Refrigeration Co., GERCO S.A.E",director,887
P01365,1950,Menaché Maurice M,Menaché Maurice M,menash mauris,,Béni Mazar Urbaine & Rurale,director,887
P02002,1950,Menasce Robert de,Menasce Robert de,menas robert,,Sté. de Crédit,managing_director,888
P02002,1950,Menasce Robert de,Menasce Robert de,menas robert,,Commerce,managing_director,888
P02003,1950,Mendoza Clément,Mendoza Clément,mendoza klement,,S.A. du Béhéra,director,888
P02004,1950,Sir Merret Herbert J. P,Merret Herbert J. P,meret herbert,,Tractor & Engineering Co,director,888
P02005,1950,Mertens Jean,Mertens Jean,mertens gean,,S.A. Belgo-Egyptienne,director,888
P02006,1950,Mesureur Paul,Mesureur Paul,mesureur paul,,African Enterprise & Development Co,director,888
P01366,1950,Metaxas Ménélas,Metaxas Ménélas,metaxas menelas,,Comité de Surveillance de The E- gyptian Delta Rice Mills Co. (N. Yamodis & Co.),president,888
P02007,1950,Metwalli Youssef,Metwalli Youssef,metuali iusef,,Centrocommission Al Chark Trading Co,director,888
P02008,1950,Metzger AJbert,Metzger AJbert,metzger agbert,,Egyptian Hotels,director,888
P01368,1950,Meyvis Louis,Meyvis Louis,meivis luis,,Comptoir Belga,managing_director,888
P01368,1950,Meyvis Louis,Meyvis Louis,meivis luis,,Comptoir Belga,manager,888
P02009,1950,Michailidis Michel Stavro,Michailidis Michel Stavro,mishailidis mishel stavro,,S.A.E. «Marbre,director,888
P02010,1950,Michailidis Paul Stavro,Michailidis Paul Stavro,mishailidis paul stavro,,S.A.E. «Marbres et Couleurs»,director,888
P02011,1950,Mieli Charles,Mieli Charles,mieli sharles,,"Tuyaux, Poteaux. 'Miel i, Marcello, Ad m. Salonica Cigarettes Cy",director,888
P00441,1950,Mills A. E,Mills A. E,mils,,Société Générale de Pressage,managing_director,888
P00441,1950,Mills A. E,Mills A. E,mils,,Dépôts,managing_director,888
P00441,1950,Mills A. E,Mills A. E,mils,,Port-Said Salt Association Ltd,director,888
P00441,1950,Mills F,Mills F,mils,,Textile Machinery Platt Bros,director,888
P00101,1950,Minost Emile,Minost Emile,minost emil,,Crédit Foncier Egyptien et Cie. Canal de Suez,general_manager,888
P00101,1950,Minost Emile,Minost Emile,minost emil,,Crédit Foncier Egyptien et Cie. Canal de Suez,director,888
P02012,1950,Mirshak Antoine,Mirshak Antoine,mirshak antoin,,Nile Works Co,director,888
P02013,1950,Mirshali Camille,Mirshali Camille,mirshali kamil,,Nile Works Co,director,888
P02014,1950,Misitano Ing. Lorenzo,Misitano Ing. Lorenzo,misitano ing lorenzo,,S.A.E. Constructions <<Egyco»,director,888
P00442,1950,Misrahi Albert,Misrahi Albert,misrai albert,,Socifté de Mé-,director,888
P02015,1950,Misrahi Behor S,Misrahi Behor S,misrai beor,,"Egyptian Flax & Textile Co., S.A.E. et S.A. des Immeubles de l'Est",director,888
P02016,1950,Misrahi Bondi,Misrahi Bondi,misrai bondi,,«Airmec» et Commercial & Engineering Co. of Egypt & Middl~ East,director,888
P02017,1950,Misrahi Clément Me,Misrahi Clément Me,misrai klement m,,Dél. Albert Mussa Agency & Stevedoring Co,director,888
P00443,1950,Misrahi Isaac J,Misrahi Isaac J,misrai isak,,Sun Life Insurance Co. of Canada,manager,888
P00443,1950,Misrahi Isaac J,Misrahi Isaac J,misrai isak,,"The Hinshelwood ~aint & Oil Co. of Egypt, S.A.E",director,888
P00443,1950,Misrahi Isaac J,Misrahi Isaac J,misrai isak,,"Maison Petite Reine, S.A.E",director,888
P00443,1950,Misrahi Isaac J,Misrahi Isaac J,misrai isak,,"Financial Bureau (Egypt) Ltd., Dakahlieh Land Co",director,888
P02018,1950,Mitarachi ManoU,Mitarachi ManoU,mitarashi manu,,Egyptian Cotton Ginners & Exporters,managing_director,888
P02018,1950,Mitarachi ManoU,Mitarachi ManoU,mitarashi manu,,Egyptian Cotton Ginners & Exporters,general_manager,888
P00924,1950,Mitchell Gaston,Mitchell Gaston,mitshel gaston,,Usines Le- bon et Cie. en Egypte. ·,general_manager,889
P01370,1950,Moberly Charles Henry Doward,Moberly Charles Henry Doward,moberli sharles henri duard,,Commercial Bank of the N ear East,director,889
P02019,1950,Modai Raphael,Modai Raphael,modai rafael,,Sté. Eg. · pour la Fabrication,director,889
P02019,1950,Modai Raphael,Modai Raphael,modai rafael,,Exportation des Conserves,director,889
P02019,1950,Modai Raphael,Modai Raphael,modai rafael,,Sté. Anonyme « Egyptian Flax & Textile Cy. »,director,889
P01371,1950,S.E. Moghazi Mohamed Abd Rabbou Pacha,Moghazi Mohamed Abd Rabbou,moghazi moamed abd rabu,pasha,Sté. Cotonnière «Maarad»,director,889
P02020,1950,Mohamed Abdel Aziz Taalat Harb Bey,Mohamed Abdel Aziz Taalat Harb,moamed abdel aziz talat harb,bey,Société Misr pour l'Industrie et le Commerce des Huiles,managing_director,889
P02020,1950,Mohamed Abdel Aziz Taalat Harb Bey,Mohamed Abdel Aziz Taalat Harb,moamed abdel aziz talat harb,bey,Société Misr pour l'Industrie et le Commerce des Huiles,general_manager,889
P02020,1950,Mohamed Abdel Aziz Taalat Harb Bey,Mohamed Abdel Aziz Taalat Harb,moamed abdel aziz talat harb,bey,Société Agricole et Urbaine «Le Fayoum»,president,889
P02020,1950,Mohamed Abdel Aziz Taalat Harb Bey,Mohamed Abdel Aziz Taalat Harb,moamed abdel aziz talat harb,bey,Société Agricole et Urbaine «Le Fayoum»,managing_director,889
P02020,1950,Mohamed Abdel Aziz Taalat Harb Bey,Mohamed Abdel Aziz Taalat Harb,moamed abdel aziz talat harb,bey,Sté Misr pour les Fourrages,director,889
P02020,1950,Mohamed Abdel Aziz Taalat Harb Bey,Mohamed Abdel Aziz Taalat Harb,moamed abdel aziz talat harb,bey,Sté Eg. des Emballages Economiques,vice_president,889
P02020,1950,Mohamed Abdel Aziz Taalat Harb Bey,Mohamed Abdel Aziz Taalat Harb,moamed abdel aziz talat harb,bey,The Anglo-American Nile Co,director,889
P02020,1950,Mohamed Abdel Aziz Taalat Harb Bey,Mohamed Abdel Aziz Taalat Harb,moamed abdel aziz talat harb,bey,Société de Collectivité Financière,director,889
P02020,1950,Mohamed Abdel Aziz Taalat Harb Bey,Mohamed Abdel Aziz Taalat Harb,moamed abdel aziz talat harb,bey,Sté. Coopérative des Pétroles,director,889
P02020,1950,Mohamed Abdel Aziz Taalat Harb Bey,Mohamed Abdel Aziz Taalat Harb,moamed abdel aziz talat harb,bey,Coopérative d'Héliopolis,managing_director,889
P02020,1950,Mohamed Abdel Aziz Taalat Harb Bey,Mohamed Abdel Aziz Taalat Harb,moamed abdel aziz talat harb,bey,et Trésorier de l'Union des Coopératives de la Ville du Caire,director,889
P02020,1950,Mohamed Abdel Aziz Taalat Harb Bey,Mohamed Abdel Aziz Taalat Harb,moamed abdel aziz talat harb,bey,Coopérative Centrale de la Ville du Caire,director,889
P02020,1950,Mohamed Abdel Aziz Taalat Harb Bey,Mohamed Abdel Aziz Taalat Harb,moamed abdel aziz talat harb,bey,Chambre de l'Industrie Huilière Egyptienne,president,889
P02020,1950,Mohamed Abdel Aziz Taalat Harb Bey,Mohamed Abdel Aziz Taalat Harb,moamed abdel aziz talat harb,bey,Chambre de l'Industrie Savonnière Egyptienne,member,889
P02020,1950,Mohamed Abdel Aziz Taalat Harb Bey,Mohamed Abdel Aziz Taalat Harb,moamed abdel aziz talat harb,bey,Chambre de l'Industrie Touristique Egyptienne,member,889
P02020,1950,Mohamed Abdel Aziz Taalat Harb Bey,Mohamed Abdel Aziz Taalat Harb,moamed abdel aziz talat harb,bey,Fédération Egyptienne des Industries,member,889
P02020,1950,Mohamed Abdel Aziz Taalat Harb Bey,Mohamed Abdel Aziz Taalat Harb,moamed abdel aziz talat harb,bey,Oeuvre Fouad 1er,president,889
P02020,1950,Mohamed Abdel Aziz Taalat Harb Bey,Mohamed Abdel Aziz Taalat Harb,moamed abdel aziz talat harb,bey,Oeuvre de la Princesse Fadia,president,889
P02020,1950,Mohamed Abdel Aziz Taalat Harb Bey,Mohamed Abdel Aziz Taalat Harb,moamed abdel aziz talat harb,bey,Oeuvre de la Princesse Fawzia,president,889
P02020,1950,Mohamed Abdel Aziz Taalat Harb Bey,Mohamed Abdel Aziz Taalat Harb,moamed abdel aziz talat harb,bey,"Bibliothèque Princesse Férial, Sécrétaire général de l'Oeuvre de la Princesse Férial",president,889
P02020,1950,Mohamed Abdel Aziz Taalat Harb Bey,Mohamed Abdel Aziz Taalat Harb,moamed abdel aziz talat harb,bey,"Hôpital Férial, Trésorier de l'Union Egyptienne pour la Protection de l'Enfance",director,889
P02021,1950,S.E. Mohamed Abdel Khalek Hassouna Pacha Ancien Ministre,Mohamed Abdel Khalek Hassouna Pacha Ancien Ministre,moamed abdel khalek hasuna pasha ansien ministr,,"S.A. Imm. Terrains Guizeh et Rodah, de la Sico",director,889
P02022,1950,Mohamed Abdel Khalek Saber Bey,Mohamed Abdel Khalek Saber,moamed abdel khalek saber,bey,Egyptian Delta Light Rys,director,889
P01374,1950,Mohamed Abdel Moneim El Dib Bey,Mohamed Abdel Moneim El Dib,moamed abdel moneim dib,bey,Sté. Misr d'Assurances,director,889
P01374,1950,Mohamed Abdel Moneim El Dib Bey,Mohamed Abdel Moneim El Dib,moamed abdel moneim dib,bey,Société Misr de Tabacs et Cigarettes,director,889
P01374,1950,Mohamed Abdel Moneim El Dib Bey,Mohamed Abdel Moneim El Dib,moamed abdel moneim dib,bey,Sté. Nationale du Papier,director,889
P02023,1950,Mohamed Adel Rifaat,Mohamed Adel Rifaat,moamed adel rifat,,United Cold Storage,director,889
P01376,1950,S.E. Mohamed Aly Namazi Pacha,Mohamed Aly Namazi,moamed ali namazi,pasha,Crédit d'Orient S.A.E. A dm. du Anglo Belgian,president,889
P02024,1950,Mohamed Aly Rifaat Dr,Mohamed Aly Rifaat Dr,moamed ali rifat dr,,National Petroleum Co. of Egypt,director,890
P01377,1950,Mohamed Amine Chohayeb Bey,Mohamed Amine Chohayeb,moamed amin shoaieb,bey,Banque Mi sr d'Alexandrie,president,890
P01377,1950,Mohamed Amine Chohayeb Bey,Mohamed Amine Chohayeb,moamed amin shoaieb,bey,Banque Mi sr d'Alexandrie,manager,890
P01377,1950,Mohamed Amine Chohayeb Bey,Mohamed Amine Chohayeb,moamed amin shoaieb,bey,Land Bank of Egypt,director,890
P02025,1950,S.E. Mohamed Chafei El Labbane Bey,Mohamed Chafei El Labbane,moamed shafei laban,bey,Commercial Bank of Egypt,adviser,890
P02025,1950,S.E. Mohamed Chafei El Labbane Bey,Mohamed Chafei El Labbane,moamed shafei laban,bey,Commercial Bank of Egypt,manager,890
P02025,1950,S.E. Mohamed Chafei El Labbane Bey,Mohamed Chafei El Labbane,moamed shafei laban,bey,Commercial Bank of Egypt,managing_director,890
P02025,1950,S.E. Mohamed Chafei El Labbane Bey,Mohamed Chafei El Labbane,moamed shafei laban,bey,-Contrôleur Général de la Commercial Insurance Cy. of Egypt. S.A.E,director,890
P02025,1950,S.E. Mohamed Chafei El Labbane Bey,Mohamed Chafei El Labbane,moamed shafei laban,bey,"Société des Biens de Rapport d'Egypte, S.A.E",managing_director,890
P02025,1950,S.E. Mohamed Chafei El Labbane Bey,Mohamed Chafei El Labbane,moamed shafei laban,bey,Jardins et Vignobles d'Egypte,director,890
P01378,1950,Mohamed Chafik,Mohamed Chafik,moamed shafik,,Electric Light & Power Supply Co,director,890
P02026,1950,Mohamed Chafik Gabr,Mohamed Chafik Gabr,moamed shafik gabr,,Nile Brewery,director,890
P00524,1950,S.E. Mohamed Fahmy Hussein Pacha,Mohamed Fahmy Hussein,moamed fahmi husein,pasha,Alexandria Insurance Co,director,890
P02027,1950,Mohamed Fabmy Soliman Bey,Mohamed Fabmy Soliman,moamed fabmi soliman,bey,Misr Engineering Works and Egyptian Works and Constructions,director,890
P01379,1950,Mohamed Fathy Sabry Bey,Mohamed Fathy Sabry,moamed fathi sabri,bey,Société des Autobus de Charkieh et Dakahlieh,director,890
P01379,1950,Mohamed Fathy Sabry Bey,Mohamed Fathy Sabry,moamed fathi sabri,bey,The Upper Egypt Bus Co,director,890
P01379,1950,Mohamed Fathy Sabry Bey,Mohamed Fathy Sabry,moamed fathi sabri,bey,Sté. des Omnibus de Fayoum,director,890
P02028,1950,Mohamed Fouad Loutfi Bey,Mohamed Fouad Loutfi,moamed fuad lutfi,bey,Crédit Agricole d'Egypte,director,890
P01381,1950,S.E. Mohamed Hachem Pacha Dr,Mohamed Hachem Pacha Dr,moamed hashem pasha dr,,"«Karnak», Cotton",director,890
P01382,1950,Mohamed Bey Hamada,Mohamed Bey Hamada,moamed bei hamada,,"National Starch Co., S.A.E",managing_director,890
P01382,1950,Mohamed Bey Hamada,Mohamed Bey Hamada,moamed bei hamada,,"North Africa Trading Co., S.A.E",managing_director,890
P01382,1950,Mohamed Bey Hamada,Mohamed Bey Hamada,moamed bei hamada,,Eastern Electric Cy,director,890
P02029,1950,S.E. Mohamed Hassan El Abd Pacha,Mohamed Hassan El Abd,moamed hasan abd,pasha,Société Mi sr des Mines et Carrières,director,890
P02030,1950,S.E. Mohamed Hassan el Achmaoui Pacha,Mohamed Hassan el Achmaoui,moamed hasan ashmaui,pasha,National Salt & Mining Co,director,890
P02031,1950,Mohamed Hosni Naguib Bey,Mohamed Hosni Naguib,moamed hosni naguib,bey,Sté. Misr pour le Théâtre et le Cinéma,director,890
P02032,1950,Mohamed Hussein el Gammal Bey,Mohamed Hussein el Gammal,moamed husein gamal,bey,Sté Misr Rayonne,managing_director,891
P02032,1950,Mohamed Hussein el Gammal Bey,Mohamed Hussein el Gammal,moamed husein gamal,bey,"Sté. Misr Filature et Tissage Fin en Coton Egyptien de Kafr el Dawar, de la Beida Dyers",managing_director,891
P02032,1950,Mohamed Hussein el Gammal Bey,Mohamed Hussein el Gammal,moamed husein gamal,bey,"Sté. Misr Filature et Tissage Fin en Coton Egyptien de Kafr el Dawar, de la Beida Dyers",general_manager,891
P02033,1950,Mohamed Ibrahim Elwan,Mohamed Ibrahim Elwan,moamed ibraim eluan,,Menzaleh Canal & Navigation Co. et Menzaleh Shipping,director,891
P02034,1950,Mohamed Izzet Bey,Mohamed Izzet,moamed izet,bey,Eg. Cy. for International Trade «Ecit» et Astra & Halles Centrales d'Egypte,director,891
P02035,1950,Mohamed Kamal Ibrahim,Mohamed Kamal Ibrahim,moamed kamal ibraim,,Sté Usines el Chourbagui,director,891
P02036,1950,Mohamed Kamal El Kheshen Bey,Mohamed Kamal El Kheshen,moamed kamal kheshen,bey,United Enterprises,director,891
P00927,1950,Mohamed Loutfi Mahmoud Bey,Mohamed Loutfi Mahmoud,moamed lutfi mahmud,bey,Société Egyptienne pour le Tannage,council_member,891
P00927,1950,Mohamed Loutfi Mahmoud Bey,Mohamed Loutfi Mahmoud,moamed lutfi mahmud,bey,Industrie du Cuir S.A.E,council_member,891
P02037,1950,S.E. Mohamed Mohamed Bidair Pacha,Mohamed Mohamed Bidair,moamed moamed bidair,pasha,Sté. Générale Pressage et Dépôts,director,891
P01386,1950,Mohamed Mohamed Kira,Mohamed Mohamed Kira,moamed moamed kira,,Rizerie Egyptienne Moderne et Middle East Trading & Cotton Co,director,891
P02038,1950,Mohamed Mokhtar el Chérif,Mohamed Mokhtar el Chérif,moamed mokhtar sherif,,Egyptian Domestic & Foreign Trade Cy,director,891
P02039,1950,Méhamed Mounir el Chourbagui,Méhamed Mounir el Chourbagui,meamed munir shurbagui,,Sté. Usines Chourbagui,director,891
P01390,1950,S.E. Mohamed Neguib Salem Pacha,Mohamed Neguib Salem,moamed neguib salem,pasha,Immobilière Masr el Guédida,vice_president,891
P02040,1950,S.E. Mohamed Raafat Bey,Mohamed Raafat,moamed rafat,bey,Officiel de The Alexandria Water Co,director,891
P01372,1950,Mohamed Rached Bey,Mohamed Rached,moamed rashed,bey,Upper Egypt Ginning,director,891
P02041,1950,Mohamed Ragheb Bey,Mohamed Ragheb,moamed ragheb,bey,Daira Sultan Hussein,manager,891
P02041,1950,Mohamed Ragheb Bey,Mohamed Ragheb,moamed ragheb,bey,Pinto Cotton Co. S.A.E,managing_director,891
P02041,1950,Mohamed Ragheb Bey,Mohamed Ragheb,moamed ragheb,bey,"Misr Navigation Co. de M.L. Franco & Co. (S. Pinto & Co. Succrs), de la Société Orientale de Navigation, de Food Products, S.A.E",director,891
P02042,1950,S.E. Dr. :Mohamed Sabry Chohayeb Pacha,Dr. :Mohamed Sabry Chohayeb,dr moamed sabri shoaieb,pasha,S.A. Pieux Vibro,president,891
P01354,1950,S.E. Dr. Mohamed Sabry Mansour Bey,Dr. Mohamed Sabry Mansour,dr moamed sabri mansur,bey,Sté«Al Chams» S.A.E,general_manager,891
P02043,1950,S.E. Mohamed Said Loutfi Pacha,Mohamed Said Loutfi,moamed said lutfi,pasha,Marconi Radio Telegraph Co. of Egypt,president,891
P02043,1950,S.E. Mohamed Said Loutfi Pacha,Mohamed Said Loutfi,moamed said lutfi,pasha,Marconi Radio Telegraph Co. of Egypt,managing_director,891
P02043,1950,S.E. Mohamed Said Loutfi Pacha,Mohamed Said Loutfi,moamed said lutfi,pasha,Marconi Radio Telegraph Co. of Egypt,director,891
P01387,1950,Mohamed Sakr Bey,Mohamed Sakr,moamed sakr,bey,Transport & Engineering Cy,director,891
P01388,1950,Mohamed Salah el Dine Bey,Mohamed Salah el Dine,moamed salah din,bey,Transport and Engineering Cy,director,891
P01388,1950,Mohamed Salah el Dine Bey,Mohamed Salah el Dine,moamed salah din,bey,"Usines El Chorbagui, S.A.E",director,891
P01390,1950,Mohamed Salem Salem,Mohamed Salem Salem,moamed salem salem,,Société des Au.tobus de Charkieh et Dakahlieh,director,892
P01390,1950,Mohamed Salem Salem,Mohamed Salem Salem,moamed salem salem,,The Upper Bus Co,director,892
P01119,1950,Mohamed Sameh Moussa Bey,Mohamed Sameh Moussa,moamed sameh musa,bey,Transport & Engineering Cy,director,892
P02044,1950,Mohamed Sayed Yassine Bey,Mohamed Sayed Yassine,moamed saied iasin,bey,Misr Engineering Works& Transport Co,director,892
P02044,1950,Mohamed Sayed Yassine Bey,Mohamed Sayed Yassine,moamed saied iasin,bey,Sté. Misr pour la Rayonne,director,892
P02045,1950,Mohamed Seif el Dine el Chourbagui,Mohamed Seif el Dine el Chourbagui,moamed seif din shurbagui,,Usines el Chourbagui,director,892
P01391,1950,Mohamed Sobhl el Chorbagui,Mohamed Sobhl el Chorbagui,moamed sobhl shorbagui,,-Dél. des Usines,vice_president,892
P01391,1950,Mohamed Sobhl el Chorbagui,Mohamed Sobhl el Chorbagui,moamed sobhl shorbagui,,-Dél. des Usines,director,892
P02046,1950,Mohamed Talaat Awni,Mohamed Talaat Awni,moamed talat auni,,Centrocommission Al Chark Trading Co,director,892
P00524,1950,Mohamed Younes el Hussein,Mohamed Younes el Hussein,moamed iunes husein,,Dél. Egyptian Arab Bank,director,892
P01392,1950,Mohamed Youssef El Abd Bey,Mohamed Youssef El Abd,moamed iusef abd,bey,«Nemco»,director,892
P02047,1950,Mohamed Youssef Ghorab,Mohamed Youssef Ghorab,moamed iusef ghorab,,Sté. Misr pour les Fourrages,director,892
P02048,1950,S.E. Mohamed Zald Kamal Pacha,Mohamed Zald Kamal,moamed zald kamal,pasha,Société des Omnibus de Fayoum,director,892
P01394,1950,Mohsin Shawki,Mohsin Shawki,mohsin shauki,,Frosted Food & Cold Storage Cy,director,892
P01394,1950,Mohsin Shawki,Mohsin Shawki,mohsin shauki,,Dél. United Cold Storage Cy,director,892
P00933,1950,Monchicourt André G,Monchicourt André G,monshikurt andr,,S.A. des Monts de Piété Egyptiens,managing_director,892
P00933,1950,Monchicourt André P,Monchicourt André P,monshikurt andr,,Adjoint Monts de Piété Egyptiens,managing_director,892
P01396,1950,Moore Léon,Moore Léon,mor leon,,Eastern Cy,director,892
P02049,1950,Moraitinis G,Moraitinis G,moraitinis,,The Associated Cotton Ginners of Egypt Ltd,director,892
P02050,1950,Morgenstern Albert,Morgenstern Albert,morgenstern albert,,«Nemco»,director,892
P01397,1950,Morpurgo Georges,Morpurgo Georges,morpurgo georges,,Commercial & Agency Cy. of Egypt Ltd,managing_director,892
P01397,1950,Morpurgo Georges,Morpurgo Georges,morpurgo georges,,Alexandria Manufacturing Cy,managing_director,892
P01397,1950,Morpurgo Georges,Morpurgo Georges,morpurgo georges,,Egyptian Chemical & Drug Industries Ltd,director,892
P01397,1950,Morpurgo Georges,Morpurgo Georges,morpurgo georges,,Société Egyptienne de Conserves Alimentaires,director,892
P01398,1950,Morpurgo Gustave,Morpurgo Gustave,morpurgo gustav,,"Pinto Cotton Co., S.A.E",director,892
P01398,1950,Morpurgo Gustave,Morpurgo Gustave,morpurgo gustav,,Surveillance de la M. L. Franco & Co. - S. Pinto & Co. Succrs,council_member,892
P00936,1950,Mosseri Albert Vita,Mosseri Albert Vita,moseri albert vita,,«Josy,director,892
P00458,1950,Film»,Film»,film,,Maison de Banque J. N. Mosseri Figli & Co,partner,892
P00940,1950,Mosseri E. Humbert J,Mosseri E. Humbert J,moseri humbert,,Consulat du Portugal au Caire,manager,892
P00937,1950,Mosseri Félix N,Mosseri Félix N,moseri felix,,"The Tractor& Engineering Company, S.A.E",managing_director,892
P00937,1950,Mosseri Félix N,Mosseri Félix N,moseri felix,,"The Egyptian Copper Works, S.A.E",director,892
P00938,1950,Mosseri Guido J,Mosseri Guido J,moseri guido,,Banque J. N. Mosseri Figli & Co,partner,893
P00938,1950,Mosseri Guido J,Mosseri Guido J,moseri guido,,Banque J. N. Mosseri Figli & Co,manager,893
P00938,1950,Mosseri Guido J,Mosseri Guido J,moseri guido,,Cairo Land and Financial Co. S.A.E,director,893
P00938,1950,Mosseri Guido J,Mosseri Guido J,moseri guido,,The Anglo-Belgian Co. of Egypt Ltd,president,893
P00938,1950,Mosseri Guido J,Mosseri Guido J,moseri guido,,The Anglo-Egyptian Land Allotment Co,director,893
P00938,1950,Mosseri Guido J,Mosseri Guido J,moseri guido,,The Fayoum Light Railways Co,director,893
P00938,1950,Mosseri Guido J,Mosseri Guido J,moseri guido,,S.A. Astra et Halles Centrales,director,893
P00939,1950,Mosseri Henry S. Victor,Mosseri Henry S. Victor,moseri henri viktor,,Fédération Internationale des Techniciens Agronomes,director,893
P00939,1950,Mosseri Henry S. Victor,Mosseri Henry S. Victor,moseri henri viktor,,Anglo-Egyptian Land Allotment Co,managing_director,893
P00939,1950,Mosseri Henry S. Victor,Mosseri Henry S. Victor,moseri henri viktor,,The Gharbieh Land Co,director,893
P00939,1950,Mosseri Henry S. Victor,Mosseri Henry S. Victor,moseri henri viktor,,The Tractor and Engineering Co,director,893
P00939,1950,Mosseri Henry S. Victor,Mosseri Henry S. Victor,moseri henri viktor,,S.A. de Wadi-Kom Ombo,director,893
P00939,1950,Mosseri Henry S. Victor,Mosseri Henry S. Victor,moseri henri viktor,,The Anglo-Belgian Co,director,893
P00939,1950,Mosseri Henry S. Victor,Mosseri Henry S. Victor,moseri henri viktor,,The Egyptian Copper Works,director,893
P00939,1950,Mosseri Henry S. Victor,Mosseri Henry S. Victor,moseri henri viktor,,Société Foncière du Domaine de Cheikh Fadl,director,893
P00462,1950,Mosseri Joseph Vita,Mosseri Joseph Vita,moseri gosef vita,,Sociétés,director,893
P00107,1950,Mosseri Maurice N,Mosseri Maurice N,moseri mauris,,Grands Hôtels d'Egypte,president,893
P00107,1950,Mosseri Maurice N,Mosseri Maurice N,moseri mauris,,Grands Hôtels d'Egypte,managing_director,893
P00107,1950,Mosseri Maurice N,Mosseri Maurice N,moseri mauris,,Syndicat des Obligataires de la Société Générale des Sucreries,president,893
P00107,1950,Mosseri Maurice N,Mosseri Maurice N,moseri mauris,,Raffinerie d'Egypte,president,893
P00107,1950,Mosseri Maurice N,Mosseri Maurice N,moseri mauris,,Société Egyptienne des Industries Electriques et Mécaniques,president,893
P00107,1950,Mosseri Maurice N,Mosseri Maurice N,moseri mauris,,Anglo Egyptian Land Allotment Co,vice_president,893
P00107,1950,Mosseri Maurice N,Mosseri Maurice N,moseri mauris,,Société Egyptienne de Tissage et Tricotage,director,893
P00107,1950,Mosseri Maurice N,Mosseri Maurice N,moseri mauris,,Immobilia d'Egypte,director,893
P00107,1950,Mosseri Maurice N,Mosseri Maurice N,moseri mauris,,Gabbary Land Co,director,893
P00107,1950,Mosseri Maurice N,Mosseri Maurice N,moseri mauris,,N atipnal Insurance Co. of Egypt,director,893
P02051,1950,Moukhtar Bey El Gammal,Moukhtar Bey El Gammal,mukhtar bei gamal,,Sté de Minoterie et Silos,director,893
P02052,1950,Moulin André,Moulin André,mulin andr,,Monts de Piété Egyptiens,director,893
P02011,1950,Mouly Charles,Mouly Charles,muli sharles,,Maison de la Petite Reine,director,893
P02053,1950,Mounir Zaki,Mounir Zaki,munir zaki,,Immobilière Masr el Guedida,director,893
P01119,1950,Mourad Moussa,Mourad Moussa,murad musa,,Sté Al Wadi pour les métaux et les Bijoux,president,893
P00944,1950,Moursi Ahmed Awad,Moursi Ahmed Awad,mursi ahmed auad,,So- ciété d'Entreprises M. Cockinos S.A.E,director,893
P02054,1950,Moussa Abdel Latif,Moussa Abdel Latif,musa abdel latif,,Albert Mussa Agency and Stevedoring Co,director,893
P02055,1950,Moussa Sameh,Moussa Sameh,musa sameh,,Immobilière Masr el Guedida,director,893
P02056,1950,Moussalli Maurice,Moussalli Maurice,musali mauris,,Imperial Tradin~ Co,director,893
P02057,1950,Moustapha el Chourbagui Bey,Moustapha el Chourbagui,mustafa shurbagui,bey,Nemco,director,893
P02058,1950,Moustapha el Menzaloui,Moustapha el Menzaloui,mustafa menzalui,,Sté Eg. de Fabrication et Exportation de Conserves,director,893
P02059,1950,Moustapha Hussein Fahmy,Moustapha Hussein Fahmy,mustafa husein fahmi,,Industrial & Mechanical Supplies Co,director,893
P02060,1950,Moustapha Sami Dr,Moustapha Sami Dr,mustafa sami dr,,Dél. Egyptian Arab Bank,director,893
P02061,1950,Muhlberg Jacques,Muhlberg Jacques,muhlberg gakues,,Anglo Egyptian Land Allotment,manager,894
P02061,1950,Muhlberg Jacques,Muhlberg Jacques,muhlberg gakues,,Egyptian Finance et Simon Arzt Stores,director,894
P00945,1950,Muller E,Muller E,muler,,Sté Viticole et Vinicole d'Egypte,director,894
P02062,1950,Muntz Allan,Muntz Allan,muntz alan,,"Misr Airwork, S.A.E",director,894
P00949,1950,Mussa Albert,Mussa Albert,musa albert,,Sté. Cotonnière d'Egypte,president,894
P00949,1950,Mussa Albert,Mussa Albert,musa albert,,Sté. Cotonnière d'Egypte,managing_director,894
P00950,1950,Mustaki Armand,Mustaki Armand,mustaki armand,,Banque d'Athènes S.A,director,894
P00950,1950,Mustaki Armand,Mustaki Armand,mustaki armand,,"Industrie Meunière d'Alexandrie, S.A.E",director,894
P00950,1950,Mustaki Armand,Mustaki Armand,mustaki armand,,Société Egyptienne d'Entreprises Urbaines et Rurales,director,894
P02063,1950,Mustaki William,Mustaki William,mustaki uiliam,,Alexandria Cotton Trading Company S.A.E,managing_director,894
P02063,1950,Mustaki William,Mustaki William,mustaki uiliam,,Société Egyptienne Financière pour le Commerce,managing_director,894
P02063,1950,Mustaki William,Mustaki William,mustaki uiliam,,Industrie S.A.E,managing_director,894
P02063,1950,Mustaki William,Mustaki William,mustaki uiliam,,Compagnie Commerciale Cotonnière S.A.E,director,894
P02063,1950,Mustaki William,Mustaki William,mustaki uiliam,,Alexandria Pressing Cy. S.A.E,director,894
P02063,1950,Mustaki William,Mustaki William,mustaki uiliam,,Lancashire Egyptian Cy. Ltd. (Manchester),director,894
P02064,1950,S.E. Nabih Mohamed Kamel Pacha,Nabih Mohamed Kamel,nabih moamed kamel,pasha,Kafr el Zayat Land Cy,president,894
P02064,1950,S.E. Nabih Mohamed Kamel Pacha,Nabih Mohamed Kamel,nabih moamed kamel,pasha,Kafr el Zayat Land Cy,director,894
P02064,1950,S.E. Nabih Mohamed Kamel Pacha,Nabih Mohamed Kamel,nabih moamed kamel,pasha,Khedivial Mail Line,director,894
P02064,1950,S.E. Nabih Mohamed Kamel Pacha,Nabih Mohamed Kamel,nabih moamed kamel,pasha,Société Egyptienne de Placements,managing_director,894
P02064,1950,S.E. Nabih Mohamed Kamel Pacha,Nabih Mohamed Kamel,nabih moamed kamel,pasha,Crédit,managing_director,894
P02064,1950,S.E. Nabih Mohamed Kamel Pacha,Nabih Mohamed Kamel,nabih moamed kamel,pasha,"Société Générale Immobilière. N acamuli, Georges, A dm. Sté de Placements",managing_director,894
P02064,1950,S.E. Nabih Mohamed Kamel Pacha,Nabih Mohamed Kamel,nabih moamed kamel,pasha,Crédit et Sté. Générale Immobilière,managing_director,894
P00953,1950,S.E. Nachaat Hassan Pacha,Nachaat Hassan,nashat hasan,pasha,"Dél. de la Société Nationale du Papier, S.A.E",president,894
P00953,1950,S.E. Nachaat Hassan Pacha,Nachaat Hassan,nashat hasan,pasha,"Dél. de la Société Nationale du Papier, S.A.E",director,894
P00953,1950,S.E. Nachaat Hassan Pacha,Nachaat Hassan,nashat hasan,pasha,Société Nationale de Matières Plastiques S.A.E,president,894
P00953,1950,S.E. Nachaat Hassan Pacha,Nachaat Hassan,nashat hasan,pasha,National Insurance S.A.E,director,894
P00953,1950,S.E. Nachaat Hassan Pacha,Nachaat Hassan,nashat hasan,pasha,"Orient Linen Industry, S.A.E",director,894
P00953,1950,S.E. Nachaat Hassan Pacha,Nachaat Hassan,nashat hasan,pasha,Sté. Nationale d'Energie Electrique,director,894
P00471,1950,Nachati Youssef Dr,Nachati Youssef Dr,nashati iusef dr,,"Société Egyp- tienne des Industries Chimiques, S.A.E",managing_director,894
P02065,1950,Nada Mtre. Marcel,Nada Mtre. Marcel,nada mtr marsel,,Lotus Navigation Co,director,894
P02066,1950,Naggar Fathallah,Naggar Fathallah,nagar fathalah,,Sté. Immobilière de Zamalek,director,894
P02067,1950,Naggar Gaston Me,Naggar Gaston Me,nagar gaston m,,Koldair,director,894
P02068,1950,Naggar Jacques,Naggar Jacques,nagar gakues,,Banque Suarès,president,894
P02068,1950,Naggar Jacques,Naggar Jacques,nagar gakues,,Banque Suarès,managing_director,894
P02069,1950,Nabas Albert Chaker,Nabas Albert Chaker,nabas albert shaker,,Sté Immobilière de Zamalek,director,895
P00472,1950,Nabas Michel,Nabas Michel,nabas mishel,,"Société Franco-Egyptienne de Soieries, S.A.E",president,895
P00473,1950,Nabas Robert,Nabas Robert,nabas robert,,"Société Franco-Egyptienne de Soieries, S.A.E",director,895
P02070,1950,Nabas Youssef Bey Dr,Nabas Youssef Bey Dr,nabas iusef bei dr,,Grands Magasins Chemla,director,895
P02070,1950,Nabas Youssef Bey Dr,Nabas Youssef Bey Dr,nabas iusef bei dr,,Sidi Salem Co,director,895
P00474,1950,Nahman Armand V,Nahman Armand V,nahman armand,,Garbieh Ginning Co. S.A.E,director,895
P00474,1950,Nahman Armand V,Nahman Armand V,nahman armand,,Alexandria Pressing Co,director,895
P00474,1950,Nahman Armand V,Nahman Armand V,nahman armand,,The Upper Egypt Ginning Co,director,895
P00474,1950,Nahman Armand V,Nahman Armand V,nahman armand,,Société des Terres Rares d'Egypte,director,895
P00474,1950,Nahman Armand V,Nahman Armand V,nahman armand,,Société Misr «la Fluviale» S.A.E,director,895
P00954,1950,Nahman Raphael,Nahman Raphael,nahman rafael,,Société Générale d'Electricité,director,895
P00954,1950,Nahman Raphael,Nahman Raphael,nahman rafael,,"Mécanique, de la Rosetta & Alexandria Rice Mill s",director,895
P02071,1950,Nasr Max Anis,Nasr Max Anis,nasr max anis,,Eastern Export Cy,director,895
P02071,1950,Nasr Max Anis,Nasr Max Anis,nasr max anis,,Eastern Export Cy,managing_director,895
P02072,1950,Neguib Iskandar Dr,Neguib Iskandar Dr,neguib iskandar dr,,Zeitoun Canning & Food Cy,director,895
P02073,1950,Neguib Salha Bey,Neguib Salha,neguib salha,bey,Misr Engineering Works & Transport Co. et Pyramids Industrial & Trading Co,director,895
P00956,1950,Nelson Georges,Nelson Georges,nelson georges,,"The Hinshel- wo~d Paint & Oil Co. of Egypt, S.A.E",director,895
P02074,1950,Nemetallah Dr,Nemetallah Dr,nemetalah dr,,Chemical Industries Development,director,895
P00957,1950,Neuville Paul,Neuville Paul,neuvil paul,,Surveillance de la Sté. des Plâtres d'Albâtre,council_member,895
P00479,1950,Nichols D,Nichols D,nishols,,Société des Autobus du Béhéra,director,895
P00479,1950,Nichols D,Nichols D,nishols,,Gharbieh,director,895
P02075,1950,Noun Edouat·d Me,Noun Edouat·d Me,nun eduatd m,,Sté. Industrielle du Moyen-Orient,vice_president,895
P00115,1950,S.E. Nubar Arakel Pacha,Nubar Arakel,nubar arakel,pasha,S.A. des Eaux du Caire,director,895
P00115,1950,S.E. Nubar Arakel Pacha,Nubar Arakel,nubar arakel,pasha,The Cairo Electric Railw ays and Helio polis Oases Co,director,895
P00115,1950,S.E. Nubar Arakel Pacha,Nubar Arakel,nubar arakel,pasha,Cie. Frigorifique d'Egypte,director,895
P02076,1950,Nyegaard Anton,Nyegaard Anton,niegard anton,,"Helwan Portland Cement Cy., S.A.E",managing_director,895
P02077,1950,Oettinger W,Oettinger W,oetinger,,"Responsable de «Hamata Mining Cy.», (W. Oettinger & Co.)",partner,895
P02077,1950,Oettinger W,Oettinger W,oetinger,,"Responsable de «Hamata Mining Cy.», (W. Oettinger & Co.)",manager,895
P02078,1950,Olgiati Pierre,Olgiati Pierre,olgiati pier,,Nationale-Vie de Paris,president,896
P02078,1950,Olgiati Pierre,Olgiati Pierre,olgiati pier,,Nationale-Vie de Paris,general_manager,896
P02079,1950,S.E. Onsy Mohamed Pacha,Onsy Mohamed,onsi moamed,pasha,«Grands,president,896
P02080,1950,Magasins Chemla»,Magasins Chemla»,magasins shemla,,Kafr el Zayat Cotton Co,vice_president,896
P02080,1950,Magasins Chemla»,Magasins Chemla»,magasins shemla,,Kafr el Zayat Cotton Co,director,896
P02081,1950,Orriss P. G,Orriss P. G,oris,,-Dél. Fish and Produce A.ssoc,director,896
P02082,1950,Owens A. L,Owens A. L,uens,,Standard Oil Cy. p,manager,896
P00959,1950,Pace Me. Umberto,Pace Me. Umberto,pas m umberto,,"National Botling Co. of Egypt, Etablissements Banco",director,896
P02083,1950,Papachristou Stefano,Papachristou Stefano,papashristu stefano,,Selected Textile Industries,managing_director,896
P02084,1950,Papadopoulo Paul Yanni,Papadopoulo Paul Yanni,papadopulo paul iani,,Sté des Engrais Organiques,director,896
P02085,1950,Papastratos Epaminondas,Papastratos Epaminondas,papastratos epaminondas,,Cigarettes Nestor Gianaclis,director,896
P02086,1950,Papayannopoulo Riga,Papayannopoulo Riga,papaianopulo riga,,N ear East Cotton Export Co,director,896
P02087,1950,Papaya lnopoulo X,Papaya lnopoulo X,papaia lnopulo,,Near East Cotton Export Co,director,896
P02088,1950,Papazian Aram Sarkis,Papazian Aram Sarkis,papazian aram sarkis,,National Petroleum Co. of Egypt,director,896
P02089,1950,Papazian Torcom Sarkis,Papazian Torcom Sarkis,papazian torkom sarkis,,National Petroleum Co. of Egypt,managing_director,896
P02090,1950,Pardo Maître 1,Pardo Maître 1,pardo maitr,,-Dél. Les Grands Comptoirs d'Egypte,director,896
P02091,1950,Parein Victor,Parein Victor,parein viktor,,"Gevaert-Orient, S.A.E",director,896
P02092,1950,Pastroudis Athanase,Pastroudis Athanase,pastrudis athanas,,Hadaek el Ahram,director,896
P02093,1950,Pathy Alexandre,Pathy Alexandre,pathi alexandr,,Bottling Co. of Tantah,director,896
P00964,1950,Pathy Georges,Pathy Georges,pathi georges,,Société des Autobus du Caire,director,896
P00964,1950,Pathy Georges,Pathy Georges,pathi georges,,General Navigation Co. of Egypt,managing_director,896
P00964,1950,Pathy Georges,Pathy Georges,pathi georges,,Coca-Cola Bottling Co. of Alexandria,manager,896
P00964,1950,Pathy Georges,Pathy Georges,pathi georges,,-Dél. Bottling Co of Tantah,director,896
P00491,1950,Pathy Ladislas,Pathy Ladislas,pathi ladislas,,Alexandria Navigation Cy. S.A.E,managing_director,896
P00491,1950,Pathy Ladislas,Pathy Ladislas,pathi ladislas,,Alexandria Navigation Company (London) Ltd,managing_director,896
P00491,1950,Pathy Ladislas,Pathy Ladislas,pathi ladislas,,"Société Industrielle et Commerciale d'Egypte ( SICO), S.A.E",managing_director,896
P00491,1950,Pathy Ladislas,Pathy Ladislas,pathi ladislas,,Sté Misr de Navigation Maritime,director,896
P00491,1950,Pathy Ladislas,Pathy Ladislas,pathi ladislas,,Alexandria Insurance Co.· S.A.E,director,896
P00491,1950,Pathy Ladislas,Pathy Ladislas,pathi ladislas,,Egyptian Road Transport,director,896
P00965,1950,Pavlica Dusan,Pavlica Dusan,pavlika dusan,,Fa- brique de Produits Chimiques,managing_director,897
P01411,1950,Paxton Lloyd,Paxton Lloyd,paxton loid,,The Standard Oil Co. of Egypt,director,897
P02094,1950,Peccei Dr. Aurelio,Peccei Dr. Aurelio,peksei dr aurelio,,SAIDE,director,897
P02095,1950,Peel Sir E. T,Peel Sir E. T,pel sir,,Société Générale de Pressage,director,897
P02095,1950,Peel Sir E. T,Peel Sir E. T,pel sir,,Dépôts,director,897
P02095,1950,Peel Sir E. T,Peel Sir E. T,pel sir,,Mini eh Ginning Cy. Ltd,director,897
P00116,1950,Pegna E,Pegna E,pegna,,Egyptian Bonded Warehouses Co,director,897
P00116,1950,Pegna E,Pegna E,pegna,,Société Pharos,director,897
P00116,1950,Pegna E,Pegna E,pegna,,The Egyptian Petroleum Storage,director,897
P02096,1950,Pegna Tullio,Pegna Tullio,pegna tulio,,Alexandria Central Buildings,director,897
P01412,1950,Peillon Paul,Peillon Paul,peilon paul,,Salvage & Marine Cy. of Egypt. S.A.E,director,897
P02097,1950,Perier Gilbert,Perier Gilbert,perier gilbert,,S.A. Belge-Egyptienne,director,897
P02098,1950,Peter Louis lng,Peter Louis lng,peter luis lng,,S.A.E. de Constructions «Egyco»,director,897
P02099,1950,Philippides Dimitri,Philippides Dimitri,filipides dimitri,,Kafr el Zayat Land Co,director,897
P02100,1950,Pialopoulo Simon M,Pialopoulo Simon M,pialopulo simon,,Selected Textile Industries Assoc. S.A.E,president,897
P02100,1950,Pialopoulo Simon M,Pialopoulo Simon M,pialopulo simon,,Selected Textile Industries Assoc. S.A.E,managing_director,897
P01416,1950,Picciotto Fernand de,Picciotto Fernand de,piksioto fernand,,«Etablissements In- dustriels pour la Soie et le Coton»,managing_director,897
P01417,1950,Picciotto Henri de,Picciotto Henri de,piksioto henri,,«Sibur» et Clothing & Equipment Co,director,897
P01418,1950,Picciotto Joseph,Picciotto Joseph,piksioto gosef,,El Tawil Spinning & Weaving Cy,director,897
P01419,1950,Picoiotto Léon,Picoiotto Léon,pikoioto leon,,Etablissements Giacomo Cohenca Fils,director,897
P00973,1950,Pierrakos Nicolas,Pierrakos Nicolas,pierakos nikolas,,Société Viticole et· Vinicole d'Egypte S.A.E,vice_president,897
P00973,1950,Pierrakos Nicolas,Pierrakos Nicolas,pierakos nikolas,,Société Viticole et· Vinicole d'Egypte S.A.E,managing_director,897
P00973,1950,Pierrakos Nicolas,Pierrakos Nicolas,pierakos nikolas,,«Nestor Gianaclis (Agricultural & Commercial) Limited,president,897
P02101,1950,Pilavachi Mme. Catherine,Pilavachi Mme. Catherine,pilavashi m katherin,,e d'Honneur de la Crown Brewery,president,897
P02102,1950,Pinckard William Henderson,Pinckard William Henderson,pinkard uiliam henderson,,Sté. Texas Egyptienne des Pétroles,president,897
P02102,1950,Pinckard William Henderson,Pinckard William Henderson,pinkard uiliam henderson,,Sté. California Texas des Pétroles,president,897
P00495,1950,Pinto Attilio,Pinto Attilio,pinto atilio,,"Pinto Cotton Co., Industrie Fibres Textiles",director,897
P01422,1950,Pinto Bruno B. Corn. Liverpool,Pinto Bruno B. Corn. Liverpool,pinto bruno korn liverpol,,Pinto Cotton Co. S.A.E,director,897
P01422,1950,Pinto Bruno B. Corn. Liverpool,Pinto Bruno B. Corn. Liverpool,pinto bruno korn liverpol,,"S.A. Immobili Riuniti, S.A.E",director,897
P01422,1950,Pinto Bruno B. Corn. Liverpool,Pinto Bruno B. Corn. Liverpool,pinto bruno korn liverpol,,"Industrie Fibres Textiles, S.A.E",director,897
P01422,1950,Pinto Bruno B. Corn. Liverpool,Pinto Bruno B. Corn. Liverpool,pinto bruno korn liverpol,,"M.L. Franco & Co., (S. Pinto & Co. Succrs.)",general_manager,897
P01422,1950,Pinto Bruno B. Corn. Liverpool,Pinto Bruno B. Corn. Liverpool,pinto bruno korn liverpol,,"Pinto & Co., Caire et Alexandrie",general_manager,897
P00119,1950,Pinto Silvio,Pinto Silvio,pinto silvio,,"S.A. Immobili Riu ni ti, S.A.E",president,897
P00119,1950,Pinto Silvio,Pinto Silvio,pinto silvio,,Pinto Cotton Co. S.A.E,vice_president,897
P00119,1950,Pinto Silvio,Pinto Silvio,pinto silvio,,Industrie Fibres Textiles,vice_president,897
P00119,1950,Pinto Silvio,Pinto Silvio,pinto silvio,,Industrie Fibres Textiles,managing_director,897
P00119,1950,Pinto Silvio,Pinto Silvio,pinto silvio,,Sté. en commandite par actions M.L. F'ranco and Co. (S. Pinto & Co. Suce.),manager,897
P00119,1950,Pinto Silvio,Pinto Silvio,pinto silvio,,Upper Egypt Ginning,director,897
P00496,1950,Pinto,Pinto,pinto,,Pinto Cotton Co. S.A.E,director,898
P00496,1950,Pinto,Pinto,pinto,,"Société Anonyme des Immeubles Réunis, S.A.E",director,898
P00496,1950,Pinto,Pinto,pinto,,The Upper Egypt Ginning Co~ S.A.E,managing_director,898
P00496,1950,Pinto,Pinto,pinto,,Maü,manager,898
P02103,1950,Podesta,Podesta,podesta,,"Sté. Franco-Egyptienne d'Importation, S.A.E",managing_director,898
P01478,1950,Polack Edwin Mtre. Avocat Conseil,Polack Edwin Mtre. Avocat Conseil,polak eduin mtr avokat konseil,,Conseil Surveillance de The Angelil Trading Co,member,898
P01427,1950,Politi Elie 1,Politi Elie 1,politi eli,,Commercial Bank of Egypt S.A.E,managing_director,898
P01427,1950,Politi Elie 1,Politi Elie 1,politi eli,,Commerciàl Insurance Co of Egypt ( S.A.E.),managing_director,898
P01427,1950,Politi Elie 1,Politi Elie 1,politi eli,,"The Egyptian Land and Buildings Co., S.A.E. et Sté. Biens de Rapport d'Egypte",managing_director,898
P01427,1950,Politi Elie 1,Politi Elie 1,politi eli,,Jardins et Vignobles d'Egypte,director,898
P01427,1950,Politi Elie 1,Politi Elie 1,politi eli,,«L'Informateur des Actions»,director,898
P01428,1950,Pollet Pierre,Pollet Pierre,polet pier,,"Société Egyptienne de Filature et Tissage de la Laine, S.A.E",director,898
P00498,1950,Pollet Raymond,Pollet Raymond,polet raimond,,"Société Egyptienne de Filature et Tissage de Laine, S.A.E",managing_director,898
P00979,1950,Pollet Robert,Pollet Robert,polet robert,,"Société Egyptienne de Filature et Tissage de Laine, S.A.E",managing_director,898
P01428,1950,Pollet-Thiriez Pierre,Pollet-Thiriez Pierre,polet thiriez pier,,"So- ciété Egyptienne de Filature et Tissage de Laine, S.A.E",director,898
P02104,1950,Polvara Luigi,Polvara Luigi,polvara luigi,,"Teinturerie Franco-Egyptienne, S.A.E",director,898
P01430,1950,Portos Emile,Portos Emile,portos emil,,Maison V. Toriel & Co,manager,898
P00983,1950,Pringo Stephane,Pringo Stephane,pringo stefan,,The Egyptian Mining and Prospecting Co,director,898
P01432,1950,Psacharopoulo Georges,Psacharopoulo Georges,psasharopulo georges,,The Sudan Soap Factory Ltd,managing_director,898
P01432,1950,Psacharopoulo Georges,Psacharopoulo Georges,psasharopulo georges,,The Sudan Soap Factory Ltd,director,898
P02105,1950,Khartoum,Khartoum,khartum,,Chambre de l'Industrie Huilière,vice_president,898
P02105,1950,Khartoum,Khartoum,khartum,,Chambre de l'Industrie Huilière,president,898
P01433,1950,Psaltis A. M,Psaltis A. M,psaltis,,Union des Agriculteurs d'Egypte,director,898
P02106,1950,Pulli Bey Antoine,Pulli Bey Antoine,puli bei antoin,,Alexandria National Bottling Co. et National Bottling Co. of Egypt,director,898
P02107,1950,Pupikofer Me. Maxime,Pupikofer Me. Maxime,pupikofer m maxim,,Delta Trading Co. S.A.E,manager,899
P02107,1950,Pupikofer Me. Maxime,Pupikofer Me. Maxime,pupikofer m maxim,,Delta Trading Co. S.A.E,director,899
P02107,1950,Pupikofer Me. Maxime,Pupikofer Me. Maxime,pupikofer m maxim,,Sté. Métallurgie Egyptienne,director,899
P02107,1950,Pupikofer Me. Maxime,Pupikofer Me. Maxime,pupikofer m maxim,,Delta Engineering Co. S.A.E,director,899
P02107,1950,Pupikofer Me. Maxime,Pupikofer Me. Maxime,pupikofer m maxim,,United Nile Engineering Co. S.A.E,director,899
P02108,1950,Rabbath Georges,Rabbath Georges,rabath georges,,«La Fluviale»,director,899
P02108,1950,Rabbath Georges,Rabbath Georges,rabath georges,,S.A. du Béhéra. ·,director,899
P02108,1950,Rabbath Georges,Rabbath Georges,rabath georges,,S.A. du Béhéra. ·,general_manager,899
P01435,1950,Rabbath Henri,Rabbath Henri,rabath henri,,Sté Métallurgie Egyptienne et S.A. du Béhéra,president,899
P01435,1950,Rabbath Henri,Rabbath Henri,rabath henri,,Sté. Nationale de Transport et Tourisme Karnak,managing_director,899
P01435,1950,Rabbath Henri,Rabbath Henri,rabath henri,,Sté. Nationale de Transport et Tourisme Karnak,director,899
P02109,1950,Rachad Adel,Rachad Adel,rashad adel,,Sté. d'Alimentation Générale,director,899
P01372,1950,Rached,Rached,rashed,,Sté Orientale Cinéma,director,899
P00446,1950,Rachid,Rachid,rashid,,Egyptian Shipping,director,899
P00986,1950,Rachid Moustafa Bey,Rachid Moustafa,rashid mustafa,bey,Société pour la Vente des Produits Egyptiens S.A.E,director,899
P02110,1950,S.E. Radi Abou Seü Radi Bey,Radi Abou Seü Radi,radi seu radi,bey,Sté. Egyptienne d'Electricité et Sté. Ass. «Al Chark»,adviser,899
P02110,1950,S.E. Radi Abou Seü Radi Bey,Radi Abou Seü Radi,radi seu radi,bey,Sté. Egyptienne d'Electricité et Sté. Ass. «Al Chark»,director,899
P00987,1950,Raemy Bernard de,Raemy Bernard de,raemi bernard,,Cairo Sand Bricks,director,899
P01119,1950,Rafih Abdel Aziz Moussa,Rafih Abdel Aziz Moussa,rafih abdel aziz musa,,Selected Textile Industries Ass,director,899
P00988,1950,Raftopoulos A. S,Raftopoulos A. S,raftopulos,,"Sté. «Cigarettes Nestor Gianaclis, S.A.E.»",managing_director,899
P00988,1950,Raftopoulos A. S,Raftopoulos A. S,raftopulos,,Unitas Trading & Financial Co. S.A.E,managing_director,899
P02111,1950,Ragheb Ahmed Bey,Ragheb Ahmed,ragheb ahmed,bey,Sté. Misr Transport et Navigation,director,899
P00503,1950,Ragheb Hanna Bey,Ragheb Hanna,ragheb hana,bey,National Contracting Co. of Egypt,director,899
P00503,1950,Ragheb Hanna Bey,Ragheb Hanna,ragheb hana,bey,"The Egyptian Independent Oil Co., S.A.E",director,899
P02112,1950,S.E. Ragheb Samy Pacha,Ragheb Samy,ragheb sami,pasha,<<Engineering & Trading Enterprises,president,899
P02113,1950,Ralli Alec,Ralli Alec,rali alek,,Dél. Eg. Cotton Ginners & Exporters,director,899
P02114,1950,S.E. Ramadan Mohamed Hafez Pacha,Ramadan Mohamed Hafez,ramadan moamed hafez,pasha,Sté. Egyptienne Financière pour le Commerce,president,899
P02114,1950,S.E. Ramadan Mohamed Hafez Pacha,Ramadan Mohamed Hafez,ramadan moamed hafez,pasha,Sté. Egyptienne Financière pour le Commerce,vice_president,899
P02114,1950,S.E. Ramadan Mohamed Hafez Pacha,Ramadan Mohamed Hafez,ramadan moamed hafez,pasha,Industrie,president,899
P02114,1950,S.E. Ramadan Mohamed Hafez Pacha,Ramadan Mohamed Hafez,ramadan moamed hafez,pasha,Industrie,vice_president,899
P02114,1950,S.E. Ramadan Mohamed Hafez Pacha,Ramadan Mohamed Hafez,ramadan moamed hafez,pasha,Gerco,director,899
P02115,1950,Raminger A,Raminger A,raminger,,Cie. du Gaz Lebon et Cie,manager,899
P02115,1950,Raminger A,Raminger A,raminger,,Etablis-,director,899
P00505,1950,Ramlot Paul,Ramlot Paul,ramlot paul,,"Banque Belge et Internationale en Egypte, S.A.E",director,900
P02116,1950,S.E. Ramzi Ismail Pacha,Ramzi Ismail,ramzi ismail,pasha,Egyptian Cotton Ginners & Exporters,director,900
P02117,1950,Ranger Jan Joseph,Ranger Jan Joseph,ranger gan gosef,,Sté. Nationale de Textile MEMPHIS,director,900
P02118,1950,Rason Dr. M. P. Olivetti,Rason Dr. M. P. Olivetti,rason dr oliveti,,"SEDEC, et Alexandria Glass & Porcelain Factory",director,900
P02119,1950,Rathle André,Rathle André,rathl andr,,Sté. Eg. Maritime Commerciale,director,900
P00123,1950,Raybaud Max,Raybaud Max,raibaud max,,Crown-Brewery,director,900
P01437,1950,Rees William Edward,Rees William Edward,res uiliam eduard,,Behrend Commercial Cy,director,900
P01119,1950,Refih Abdel Aziz Moussa,Refih Abdel Aziz Moussa,refih abdel aziz musa,,Selected Textiles Industries,director,900
P02120,1950,Reid Miles Belfrage,Reid Miles Belfrage,reid miles belfrag,,Tractor & Engineering Co,director,900
P00990,1950,Reinhart,Reinhart,reinhart,,The National Ginning Co. of Egypt. S.A.E,president,900
P02121,1950,Renson Joseph,Renson Joseph,renson gosef,,Egyptian Hotels Ltd,managing_director,900
P01439,1950,Reynolds A,Reynolds A,reinolds,,The Imperial Chemical Industries,managing_director,900
P01439,1950,Reynolds A,Reynolds A,reinolds,,The United Egyptian Nile Transport Co,director,900
P02122,1950,Rezzos Jean,Rezzos Jean,rezos gean,,Banque Tepeghiosi,manager,900
P02122,1950,Rezzos Jean,Rezzos Jean,rezos gean,,Banque Tepeghiosi,partner,900
P02123,1950,Riaz Moustapha Bey,Riaz Moustapha,riaz mustafa,bey,-Direc. Général de la National Insurance Co. of Egypt (pour le Caire),director,900
P02123,1950,Riaz Moustapha Bey,Riaz Moustapha,riaz mustafa,bey,"Egyptian Engineering & Marine Co., Sté. Commerciale et Financière «Al Masria» S.A.E",director,900
P02124,1950,Ribot Georges,Ribot Georges,ribot georges,,Monts de Piétés Egyptiens,director,900
P00992,1950,Richard Edouard,Richard Edouard,rishard eduard,,"The Manure Co. of Egypt, S.A",director,900
P00993,1950,Richards G. P,Richards G. P,rishards,,Société Misr d'Assurances,director,900
P02125,1950,Richès André,Richès André,rishes andr,,Near East Commercial Corporation,managing_director,900
P01441,1950,Richès Gustave,Richès Gustave,rishes gustav,,"Comptoir Commercial Eco- nomique, S.A.E",managing_director,900
P01441,1950,Richès Gustave,Richès Gustave,rishes gustav,,The Nile Textile Cy. S.A.E,managing_director,900
P01441,1950,Richès Gustave,Richès Gustave,rishes gustav,,Commercial Insurance Cy. of Egypt,director,900
P01443,1950,Richès Victor,Richès Victor,rishes viktor,,The Union Cotton Cy. of Alexandria,director,900
P02126,1950,Rifaat Dr. Mohamed Aly,Rifaat Dr. Mohamed Aly,rifat dr moamed ali,,«AIRMEC» et Commercial & Engineering Cy. of Egypt and Middle East Co,president,900
P00995,1950,Riley E. C,Riley E. C,rilei,,"General Mo tors N ear East, S.A",director,900
P01444,1950,Rivelli Jean N,Rivelli Jean N,riveli gean,,"The Alexandria & Ramleh Buildings Co., Secrétaire de Sociétés Industrielles",manager,900
P01444,1950,Rivelli Jean N,Rivelli Jean N,riveli gean,,"The Alexandria & Ramleh Buildings Co., Secrétaire de Sociétés Industrielles",director,900
P02127,1950,Rivot Pierre,Rivot Pierre,rivot pier,,Etablissements Giacomo Cohenca et Sté Eg. d'Electricité,director,900
P01445,1950,Roberts Stanley P,Roberts Stanley P,roberts stanlei,,The Misr Shipping S.A.E,director,901
P01446,1950,Rodocanachi C,Rodocanachi C,rodokanashi,,Alexandria Exchange Cy,director,901
P01446,1950,Rodocanachi K. G,Rodocanachi K. G,rodokanashi,,Société Anonyme de Nettoyage et Pressage de Coton,director,901
P02128,1950,Rodosli Richard,Rodosli Richard,rodosli rishard,,National Bottling Co. of Egypt,director,901
P01447,1950,Rodriguez Eddie,Rodriguez Eddie,rodriguez edi,,Egyptian Engineering & Marine Cy,managing_director,901
P02129,1950,Rofé Charles Me,Rofé Charles Me,rof sharles m,,"Société Viticole et Vinicole d'Egypte, de Frosted Food & Cold Storage Cy",director,901
P01448,1950,Roger-Machart Ch,Roger-Machart Ch,roger mashart sh,,Crédit Foncier Egyptien,managing_director,901
P01448,1950,Roger-Machart Ch,Roger-Machart Ch,roger mashart sh,,S.A.E. d'Assurances Al Chark,director,901
P01448,1950,Roger-Machart Ch,Roger-Machart Ch,roger mashart sh,,Crédit Agricole d'Egypte,director,901
P02130,1950,Rolin Baron Daniel,Rolin Baron Daniel,rolin baron daniel,,The Egyptian Enterprise and Development Co,director,901
P02131,1950,Rolin Baron Jacques,Rolin Baron Jacques,rolin baron gakues,,Cairo Land & Financial Co,managing_director,901
P02131,1950,Rolin Baron Jacques,Rolin Baron Jacques,rolin baron gakues,,Egyptian Enterprise & Development Co,director,901
P02131,1950,Rolin Baron Jacques,Rolin Baron Jacques,rolin baron gakues,,S.A. Anc. Entreprises L. Rolin & Co,managing_director,901
P02131,1950,Rolin Baron Jacques,Rolin Baron Jacques,rolin baron gakues,,Electric Light & Power Supply,director,901
P02132,1950,Rolny Arnost,Rolny Arnost,rolni arnost,,Sté Rolny,vice_president,901
P01001,1950,Rolo Ibram,Rolo Ibram,rolo ibram,,"Alexandria Racing Club, S.A.E., Egyptian Engineering Stores",director,901
P01002,1950,Rolo Jacques R,Rolo Jacques R,rolo gakues,,"Garbieh Ginning Co., S.A",director,901
P00128,1950,Rolo Max,Rolo Max,rolo max,,"The Egyptian Engineering Stores ( Formerly Steinemann Mabardi & Co.), S.A.E",president,901
P00129,1950,Rolo Robert J,Rolo Robert J,rolo robert,,Communauté Israélite d) Alexandrie,president,901
P00129,1950,Rolo Robert J,Rolo Robert J,rolo robert,,Société Cotonnière Maarad,president,901
P00129,1950,Rolo Robert J,Rolo Robert J,rolo robert,,Banque Belge et Internationale en Egypte,director,901
P00129,1950,Rolo Robert J,Rolo Robert J,rolo robert,,New Egyptian Co,director,901
P00129,1950,Rolo Robert J,Rolo Robert J,rolo robert,,Orient Line n Industry,director,901
P00129,1950,Rolo Robert J,Rolo Robert J,rolo robert,,Société Belgo-Egyptienne de l'Ezbékieh,director,901
P00129,1950,Rolo Robert J,Rolo Robert J,rolo robert,,"S.A. des Fibres Textiles, S.A.E",director,901
P00129,1950,Rolo Robert J,Rolo Robert J,rolo robert,,National Contracting Co. of Egypt,director,901
P01004,1950,Rolo Simon E,Rolo Simon E,rolo simon,,Egyptian Mining & Prospecting Cy,director,901
P02133,1950,Rom Fran~ois,Rom Fran~ois,rom franois,,Cairo Suburban Building Land Co,president,901
P02133,1950,Rom Fran~ois,Rom Fran~ois,rom franois,,-Dél. de la Société Anonyme Belgo-Egyptienne,vice_president,901
P02133,1950,Rom Fran~ois,Rom Fran~ois,rom franois,,-Dél. de la Société Anonyme Belgo-Egyptienne,president,901
P02133,1950,Rom Fran~ois,Rom Fran~ois,rom franois,,-Dél. de la Société Anonyme Belgo-Egyptienne,director,901
P02134,1950,Romano Albert M,Romano Albert M,romano albert,,Carver Cotton Co,director,901
P01450,1950,Rosenberg M. M,Rosenberg M. M,rosenberg,,"Associated Industries, S.A.E",managing_director,901
P01451,1950,Rossano Charles,Rossano Charles,rosano sharles,,"S.A. de Nettoyage et Pressage de Coton, S.A.E",director,901
P01451,1950,Rossano Charles,Rossano Charles,rosano sharles,,Import & Export,director,901
P01452,1950,Rossano Fernand,Rossano Fernand,rosano fernand,,Egyptian Cotton & Trading Co,director,902
P01453,1950,Rossetto Victor,Rossetto Victor,roseto viktor,,Sociétés,director,902
P01007,1950,Rouchdy Ahmed Bey,Rouchdy Ahmed,rushdi ahmed,bey,Egyptian General Omnibus Co,director,902
P01007,1950,Rouchdy Ahmed Bey,Rouchdy Ahmed,rushdi ahmed,bey,dans la Sté. d'Entreprises Ahmed Abboud & Co,member,902
P01007,1950,Rouchdy Ahmed Bey,Rouchdy Ahmed,rushdi ahmed,bey,dans la Sté. d'Entreprises Ahmed Abboud & Co,partner,902
P01454,1950,Rouchdy Mohamed Bey,Rouchdy Mohamed,rushdi moamed,bey,Banque Misr,managing_director,902
P01454,1950,Rouchdy Mohamed Bey,Rouchdy Mohamed,rushdi moamed,bey,-Dél. Sté. Misr Théâtre et Cinéma,president,902
P01454,1950,Rouchdy Mohamed Bey,Rouchdy Mohamed,rushdi moamed,bey,-Dél. Sté. Misr Théâtre et Cinéma,director,902
P01454,1950,Rouchdy Mohamed Bey,Rouchdy Mohamed,rushdi moamed,bey,The Misr Concrete Development Co. et Sté. Misr Produits Pharmaceutiques S.A.E,president,902
P01454,1950,Rouchdy Mohamed Bey,Rouchdy Mohamed,rushdi moamed,bey,MISRAIR,managing_director,902
P01454,1950,Rouchdy Mohamed Bey,Rouchdy Mohamed,rushdi moamed,bey,MISRAIR,general_manager,902
P01454,1950,Rouchdy Mohamed Bey,Rouchdy Mohamed,rushdi moamed,bey,Société Egyptienne pour le Tannage,director,902
P01454,1950,Rouchdy Mohamed Bey,Rouchdy Mohamed,rushdi moamed,bey,Industrie du Cuir S.A.E,director,902
P01454,1950,Rouchdy Mohamed Bey,Rouchdy Mohamed,rushdi moamed,bey,Coopérative Commerciale de Crédit,director,902
P01454,1950,Rouchdy Mohamed Bey,Rouchdy Mohamed,rushdi moamed,bey,Crédit Agricole d'Egypte,director,902
P02135,1950,Russi W. F,Russi W. F,rusi,,Commercial & Agency Cy. of Egypt,director,902
P00130,1950,Rustom François P,Rustom François P,rustom frankois,,Société Egyptienne de Placements,president,902
P00130,1950,Rustom François P,Rustom François P,rustom frankois,,Crédit,president,902
P00130,1950,Rustom François P,Rustom François P,rustom frankois,,Sté. Générale Immobilière,president,902
P02136,1950,Rustom Paul,Rustom Paul,rustom paul,,Sté. Générale Immobilière,director,902
P02137,1950,Rutim~yer R. L,Rutim~yer R. L,rutimier,,Nile Ginning Co. S.A.E. (Minia),managing_director,902
P01456,1950,Rye Edward,Rye Edward,ri eduard,,Orient Linen Industry. s,director,902
P00520,1950,Saab Comte Aziz de,Saab Comte Aziz de,sab komt aziz,,The Gharbieh Land Co,director,902
P00520,1950,Saab Comte Aziz de,Saab Comte Aziz de,sab komt aziz,,The Associated Cotton Ginners of Egypt Ltd,director,902
P00521,1950,Saab Comte Sélim de,Saab Comte Sélim de,sab komt selim,,Union foncière d'Egypte,director,902
P02138,1950,Saad Alexandre C,Saad Alexandre C,sad alexandr,,Transport & Engineering Cy,director,902
P02138,1950,Saad Alexandre C,Saad Alexandre C,sad alexandr,,The New National Trading,director,902
P02139,1950,Saad Antoun,Saad Antoun,sad antun,,"Sté. des Engrais Organiques, S.A.E",director,902
P02140,1950,Saad el Labbane Bey Député,Saad el Labbane Bey Député,sad laban bei deput,,"Chemical, Industrial & Trading Cy",director,903
P02141,1950,Saad Wadie,Saad Wadie,sad uadi,,Transport & Engineering Cy,managing_director,903
P00522,1950,Sabri Yacoub Bey,Sabri Yacoub,sabri iakub,bey,Gharbieh Land Co,director,903
P00523,1950,S.E. Sabry Chérif Pacha,Sabry Chérif,sabri sherif,pasha,Sté. Eg. d'Engrais,president,903
P00523,1950,S.E. Sabry Chérif Pacha,Sabry Chérif,sabri sherif,pasha,Industries Chimiques,president,903
P00523,1950,S.E. Sabry Chérif Pacha,Sabry Chérif,sabri sherif,pasha,Nile Insurance Co,president,903
P00523,1950,S.E. Sabry Chérif Pacha,Sabry Chérif,sabri sherif,pasha,Farghaly Cotton & Investment Cy,vice_president,903
P00523,1950,S.E. Sabry Chérif Pacha,Sabry Chérif,sabri sherif,pasha,National Bank of Egypt,director,903
P00523,1950,S.E. Sabry Chérif Pacha,Sabry Chérif,sabri sherif,pasha,Cie. Universelle du Canal Maritime de Suez,director,903
P00523,1950,S.E. Sabry Chérif Pacha,Sabry Chérif,sabri sherif,pasha,Société Anonyme des Eaux du Caire,director,903
P00523,1950,S.E. Sabry Chérif Pacha,Sabry Chérif,sabri sherif,pasha,Compagnie Frigorifique d'Egypte,director,903
P00523,1950,S.E. Sabry Chérif Pacha,Sabry Chérif,sabri sherif,pasha,Société de Ciment Portland Tourah,director,903
P02142,1950,Sabry Fathi Bey,Sabry Fathi,sabri fathi,bey,Egyptian Rubber & Shoes Industries,managing_director,903
P00524,1950,S.E. Sabry Hussein Pacha,Sabry Hussein,sabri husein,pasha,"Société Egyptienne de Constructions, S.A.E. (Egyco)",president,903
P00524,1950,S.E. Sabry Hussein Pacha,Sabry Hussein,sabri husein,pasha,The Kafr El Zayat Cotton Co,president,903
P00524,1950,S.E. Sabry Hussein Pacha,Sabry Hussein,sabri husein,pasha,The North East Africa Trading Cy. S.A.E,president,903
P02143,1950,Vice-Président de The Khedivial Mail Line,Vice-Président de The Khedivial Mail Line,vis president th khedivial mail lin,,Marsa Matrouh Salt & Potash Cy,president,903
P02143,1950,Vice-Président de The Khedivial Mail Line,Vice-Président de The Khedivial Mail Line,vis president th khedivial mail lin,,Josy Filin,director,903
P01012,1950,Sachs Freddy,Sachs Freddy,sashs fredi,,Sté. de Crédit,vice_president,903
P01012,1950,Sachs Freddy,Sachs Freddy,sashs fredi,,Commerce et Moulins Al Mahmoudieh,vice_president,903
P01012,1950,Sachs Freddy,Sachs Freddy,sashs fredi,,"The Sheffield Smelting Co. (Egypt), S.A",director,903
P01012,1950,Sachs Freddy,Sachs Freddy,sashs fredi,,Société Franco-Egyptienne du Crédit S.A.E,director,903
P02144,1950,Saddik Aida,Saddik Aida,sadik aida,,"Sté, «SOTRAC»",director,903
P01459,1950,Saddik Hassan,Saddik Hassan,sadik hasan,,Sté. Commerciale et Financière «Al Masria»,director,903
P02145,1950,Officier Couronne Belge,Officier Couronne Belge,ofisier kuron belg,,Import & Export Bank of Egypt S.A.E,president,903
P02145,1950,Officier Couronne Belge,Officier Couronne Belge,ofisier kuron belg,,Import & Export Bank of Egypt S.A.E,managing_director,903
P02145,1950,Officier Couronne Belge,Officier Couronne Belge,ofisier kuron belg,,Clo.thing & Equipment Co,president,903
P02145,1950,Officier Couronne Belge,Officier Couronne Belge,ofisier kuron belg,,Egyptian Cotton & Trading Cy,vice_president,903
P02145,1950,Officier Couronne Belge,Officier Couronne Belge,ofisier kuron belg,,National Metal Industries,director,903
P02145,1950,Officier Couronne Belge,Officier Couronne Belge,ofisier kuron belg,,Misr Car and Engineering Co,director,903
P01051,1950,S.E. Sadek Wahba Pacha Sénateur,Sadek Wahba Pacha Sénateur,sadek uahba pasha senateur,,"Beida Dyers, S.A",vice_president,903
P01051,1950,S.E. Sadek Wahba Pacha Sénateur,Sadek Wahba Pacha Sénateur,sadek uahba pasha senateur,,The Egyptian Copper Works S.A.E,president,903
P01051,1950,S.E. Sadek Wahba Pacha Sénateur,Sadek Wahba Pacha Sénateur,sadek uahba pasha senateur,,Egyptian Shipping Cy,director,903
P01051,1950,S.E. Sadek Wahba Pacha Sénateur,Sadek Wahba Pacha Sénateur,sadek uahba pasha senateur,,Alexandria Transport Co,director,903
P01051,1950,S.E. Sadek Wahba Pacha Sénateur,Sadek Wahba Pacha Sénateur,sadek uahba pasha senateur,,Société Misr de Filature,director,903
P01051,1950,S.E. Sadek Wahba Pacha Sénateur,Sadek Wahba Pacha Sénateur,sadek uahba pasha senateur,,Tissage Fin en Coton Egyptien (Usines Kafr El Dawar),director,903
P01051,1950,S.E. Sadek Wahba Pacha Sénateur,Sadek Wahba Pacha Sénateur,sadek uahba pasha senateur,,National Bank of Egypt,director,903
P01051,1950,S.E. Sadek Wahba Pacha Sénateur,Sadek Wahba Pacha Sénateur,sadek uahba pasha senateur,,Société Misr pour le Théâtre et le Cinéma,director,903
P01051,1950,S.E. Sadek Wahba Pacha Sénateur,Sadek Wahba Pacha Sénateur,sadek uahba pasha senateur,,Société Misr de Filature,director,903
P01051,1950,S.E. Sadek Wahba Pacha Sénateur,Sadek Wahba Pacha Sénateur,sadek uahba pasha senateur,,Tissage S.A.E,director,903
P02146,1950,S.E. Sadek Mahmoud Younes Pacha,Sadek Mahmoud Younes,sadek mahmud iunes,pasha,Provident Ass. of Egypt,president,904
P00526,1950,S.E. Saddik Henein Pacha,Saddik Henein,sadik henein,pasha,S.A. des Eaux du Caire,managing_director,904
P00526,1950,S.E. Saddik Henein Pacha,Saddik Henein,sadik henein,pasha,Compagnie Frigorifique d'Egypte,managing_director,904
P00526,1950,S.E. Saddik Henein Pacha,Saddik Henein,sadik henein,pasha,National Bank of Egypt,director,904
P00526,1950,S.E. Saddik Henein Pacha,Saddik Henein,sadik henein,pasha,Société de Cigarettes Nestor Gianaclis,president,904
P02147,1950,S.E. Said Mahmoud Bey,Said Mahmoud,said mahmud,bey,Banque Belge et Egyptian Engineering Stores,director,904
P02148,1950,Saikali Fouad,Saikali Fouad,saikali fuad,,Nile Works Co,president,904
P01461,1950,Sakellarios Nicolas,Sakellarios Nicolas,sakelarios nikolas,,Jardins et Vignobles d'Egypte,director,904
P01462,1950,Salah el Dine El Chourbagui,Salah el Dine El Chourbagui,salah din shurbagui,,Sté. Al Chark pour la Filature et le Tissage,director,904
P02149,1950,Salama Marcel,Salama Marcel,salama marsel,,National Ginning Co. of Egypt,director,904
P01015,1950,Salama Marco,Salama Marco,salama marko,,Maison «Les Fils de Zaketto Salama & Co.»,manager,904
P01015,1950,Salama Marco,Salama Marco,salama marko,,"General Society for Banking, Trading and Land Enterprises. SAE",director,904
P01463,1950,Salama Max J,Salama Max J,salama max,,Behrend Commercial Cy,managing_director,904
P01463,1950,Salama Max J,Salama Max J,salama max,,Industrie Meunière d'Alexandrie,director,904
P00531,1950,Salama Salvatore,Salama Salvatore,salama salvator,,Rosetta & Alexandria Rice Mills,president,904
P00531,1950,Salama Salvatore,Salama Salvatore,salama salvator,,Rosetta & Alexandria Rice Mills,managing_director,904
P00531,1950,Salama Salvatore,Salama Salvatore,salama salvator,,Behrend Commercial Cy,president,904
P00531,1950,Salama Salvatore,Salama Salvatore,salama salvator,,Usines Réunies d'Egrenage,president,904
P00531,1950,Salama Salvatore,Salama Salvatore,salama salvator,,Huileries,president,904
P00531,1950,Salama Salvatore,Salama Salvatore,salama salvator,,Import & Export Bank of Egypt,vice_president,904
P00531,1950,Salama Salvatore,Salama Salvatore,salama salvator,,Société Egyptienne de la Bourse Commerciale de Minet El Bassal,director,904
P00531,1950,Salama Salvatore,Salama Salvatore,salama salvator,,Société Egyptienne de Conserves alimentaires,president,904
P00531,1950,Salama Salvatore,Salama Salvatore,salama salvator,,Anglo-Egyptian Soap & Edible Products,director,904
P02150,1950,Salem Albert,Salem Albert,salem albert,,S.A. des Drogueries d'Egypte,managing_director,904
P01464,1950,Salem Maurice O,Salem Maurice O,salem mauris,,Soc. d'Avances Commerciales,director,904
P01464,1950,Salem Maurice O,Salem Maurice O,salem mauris,,Grands Magasins Chemla,director,904
P00533,1950,Salem Ovadia,Salem Ovadia,salem ovadia,,Gr. Mag. Chemla,vice_president,904
P00533,1950,Salem Ovadia,Salem Ovadia,salem ovadia,,Société d'Avances Commerciales,managing_director,904
P00533,1950,Salem Ovadia,Salem Ovadia,salem ovadia,,S.A. des Drogueries d'Egypte,director,904
P00533,1950,Salem Ovadia,Salem Ovadia,salem ovadia,,·Société Misr pour le Lin,director,904
P00533,1950,Salem Ovadia,Salem Ovadia,salem ovadia,,Société Misr pour les Huiles,director,904
P00533,1950,Salem Ovadia,Salem Ovadia,salem ovadia,,Sid i Salem,director,904
P00533,1950,Salem Ovadia,Salem Ovadia,salem ovadia,,Sté. Industrielle du Moyen-Orient,director,904
P02151,1950,Salfati Cesare,Salfati Cesare,salfati sesar,,-Dél. Egyptian Flax & Textile Cy,director,904
P02151,1950,Salfati Cesare,Salfati Cesare,salfati sesar,,S.A. Immeubles de l'Est,director,904
P02152,1950,Salib Hanna El Agami,Salib Hanna El Agami,salib hana agami,,Banque Suarès,director,904
P02153,1950,Salloum Armando,Salloum Armando,salum armando,,Dél. Manufacture des Textiles Egyptiens «Matexa»,director,905
P02154,1950,Salloum Orlando,Salloum Orlando,salum orlando,,Dél. Manufacture des Textiles Egyptiens «Matexa»,director,905
P02155,1950,Salmona Mayer,Salmona Mayer,salmona maier,,Anglo Continental Cotton Co,director,905
P00134,1950,Salvago Constantin M,Salvago Constantin M,salvago konstantin,,Communauté Hellénique d'Alexandrie,vice_president,905
P00134,1950,Salvago Constantin M,Salvago Constantin M,salvago konstantin,,Société Anonyme de Nettoyage et Pressage de Coton,vice_president,905
P02156,1950,Samaan EJnile Michel,Samaan EJnile Michel,saman egnil mishel,,Dar el Hilal,director,905
P02157,1950,Samakiah Mohamed Kamel,Samakiah Mohamed Kamel,samakiah moamed kamel,,Sté Arabe Filature et Tissage,director,905
P02158,1950,Samakiah Mohamed Khairy,Samakiah Mohamed Khairy,samakiah moamed khairi,,Sté. Arabe Filature et Tissage,director,905
P02159,1950,Samakiah,Samakiah,samakiah,,Société Arabe de Filature,president,905
P02159,1950,Samakiah,Samakiah,samakiah,,Tissage,president,905
P01119,1950,Sameh Moussa,Sameh Moussa,sameh musa,,Egyptian Engineering and Marine Co,director,905
P02160,1950,Sami Fanons Bey,Sami Fanons,sami fanons,bey,Sté. Misr pour les Fourrages,director,905
P01465,1950,Sami Off,Sami Off,sami of,,Sté. Al Chark Filature,director,905
P01465,1950,Sami Off,Sami Off,sami of,,Tissage,director,905
P00435,1950,Samson Col. A.O,Samson Col. A.O,samson kol,,S.A. Nettoyage et Pressage Coton,managing_director,905
P02161,1950,Sandalian Stepan Aram,Sandalian Stepan Aram,sandalian stepan aram,,"Sté. des Industries du Bâtiment, S.A.E",director,905
P02162,1950,Sarantides Alex. A,Sarantides Alex. A,sarantides alex,,S.A. Presses Libres Egyptiennes,director,905
P01468,1950,Sariyanni Demosthène A,Sariyanni Demosthène A,sariani demosthen,,Choremi Benachi Cotton Cy,director,905
P01469,1950,Sarofim Shalaby Bey,Sarofim Shalaby,sarofim shalabi,bey,Import and Export Bank of Egypt,director,905
P01469,1950,Sarofim Shalaby Bey,Sarofim Shalaby,sarofim shalabi,bey,solidairement responsable de la <<Société Générale Egyptienne pour le Commerce,partner,905
P01469,1950,Sarofim Shalaby Bey,Sarofim Shalaby,sarofim shalabi,bey,Industrie» (Shalaby Saro- fim & Co.). ',partner,905
P01791,1950,Sarofim Farès Bey,Sarofim Farès,sarofim fares,bey,Trading Corp. of Egypt,director,905
P02163,1950,Sarris G. G,Sarris G. G,saris,,Sté. Cotonnière d'Egypte,director,905
P02163,1950,Sarris G. G,Sarris G. G,saris,,Sté. Cotonnière d'Egypte,manager,905
P02164,1950,Sarruf Néguib Bey,Sarruf Néguib,saruf neguib,bey,Salvage and Marine Cy. of,director,905
P02165,1950,Sassoli,Sassoli,sasoli,,SAIDE,director,905
P02166,1950,Sasson Maurice,Sasson Maurice,sason mauris,,Anglo Continental Cotton Cy,managing_director,905
P01018,1950,Savon G. L,Savon G. L,savon,,United Egyptian Salt Ltd,managing_director,905
P01018,1950,Savon G. L,Savon G. L,savon,,United Egyptian Salt Ltd,director,905
P01018,1950,Savon G. L,Savon G. L,savon,,"«Almina», S.A.E.»",director,905
P00536,1950,Saxby Ch. H,Saxby Ch. H,saxbi sh,,"Société des Autobus du Nord, S.A.E. de la Société des Omnibus de Fayoum",director,906
P00536,1950,Saxby Ch. H,Saxby Ch. H,saxbi sh,,Société des Autobus du Caire,director,906
P02167,1950,Sayed El Lozy Bey,Sayed El Lozy,saied lozi,bey,Eastern Electric Co,president,906
P02167,1950,Sayed El Lozy Bey,Sayed El Lozy,saied lozi,bey,Eastern Electric Co,managing_director,906
P02167,1950,Sayed El Lozy Bey,Sayed El Lozy,saied lozi,bey,Sté. Misr pour )e Tissage de la Soie,managing_director,906
P02167,1950,Sayed El Lozy Bey,Sayed El Lozy,saied lozi,bey,Société Misr pour la Rayonne,director,906
P02168,1950,S.E. El Sayed Mohamed Badraoui Pacha Député,El Sayed Mohamed Badraoui Pacha Député,saied moamed badraui pasha deput,,"Société Nationale du Papier, S.A.E",director,906
P02168,1950,S.E. El Sayed Mohamed Badraoui Pacha Député,El Sayed Mohamed Badraoui Pacha Député,saied moamed badraui pasha deput,,Sté. Nationale d~s Matières Plastiques,director,906
P01472,1950,Scamvouyeras Panayotti,Scamvouyeras Panayotti,skamvuieras panaioti,,Jardins et Vignobles d'Egypte,director,906
P01473,1950,Schaechter H,Schaechter H,shaeshter,,Chemical Industries Develop- ment,director,906
P01473,1950,Schaechter H,Schaechter H,shaeshter,,Chemical Industries Develop- ment,general_manager,906
P02169,1950,Schaller Roger,Schaller Roger,shaler roger,,"Adjoint «La Nationale» Crédit et Réassurances, Paris",manager,906
P02170,1950,Scharff Walter,Scharff Walter,sharf ualter,,«Moharrem Press»,president,906
P02170,1950,Scharff Walter,Scharff Walter,sharf ualter,,«Moharrem Press»,managing_director,906
P02170,1950,Scharff Walter,Scharff Walter,sharf ualter,,«Moharrem Press»,manager,906
P02170,1950,Scharff Walter,Scharff Walter,sharf ualter,,Société Nationale du Papier,director,906
P01021,1950,Schasca O,Schasca O,shaska,,Banque de Commerce N. Tepeghiosi & Co,manager,906
P02171,1950,Schehada Albert,Schehada Albert,sheada albert,,Sté. Générale de Travaux,managing_director,906
P02172,1950,Schehada Fouad,Schehada Fouad,sheada fuad,,Sté. Générale de,president,906
P02172,1950,Schehada Fouad,Schehada Fouad,sheada fuad,,Sté. Générale de,managing_director,906
P02173,1950,Schemeil Raymond Me,Schemeil Raymond Me,shemeil raimond m,,S.A. du Béhéra,director,906
P02173,1950,Schemeil Raymond Me,Schemeil Raymond Me,shemeil raimond m,,Delta Trading Co,director,906
P02173,1950,Schemeil Raymond Me,Schemeil Raymond Me,shemeil raimond m,,"Ahram, S.A.E",director,906
P02173,1950,Schemeil Raymond Me,Schemeil Raymond Me,shemeil raimond m,,S.A.E. de Métallurgie,director,906
P02173,1950,Schemeil Raymond Me,Schemeil Raymond Me,shemeil raimond m,,Gérance Immobilière,director,906
P01022,1950,Schmidheiny Ernst,Schmidheiny Ernst,shmidheini ernst,,S.E. de Ciment Porland Tourah,director,906
P01023,1950,Schmidheiny Max,Schmidheiny Max,shmidheini max,,Société Egyptienne de Ciment Portland Tourah,managing_director,906
P01476,1950,Schoenman Juljan,Schoenman Juljan,shoenman gulgan,,S.A.E. Moulins «Al Mahmou- dieh»,director,906
P01477,1950,Schoùten Fernand,Schoùten Fernand,shuten fernand,,"Gevaert-Orient, S.A.E",director,906
P02174,1950,Schuller Edouard,Schuller Edouard,shuler eduard,,Manure Co. of Egypt,director,906
P01025,1950,Scott Frank Douglas,Scott Frank Douglas,skot frank duglas,,Sté Egyptienne des Bois et Matériaux «SEBEM»,director,906
P02175,1950,Scovil W. G,Scovil W. G,skovil,,Nestor Gianaclis Agricultural & Commercial Cy,director,906
P02176,1950,Sebahi Abdel Hamid,Sebahi Abdel Hamid,sebai abdel hamid,,Sté Industrielle «Spahi» de Filés et Textiles,director,906
P02177,1950,Sebahi Loutfi,Sebahi Loutfi,sebai lutfi,,-Dél. Sté. Industrielle «Spahi» de Filés et Textiles,director,907
P02178,1950,Sebahi Moustapha,Sebahi Moustapha,sebai mustafa,,Sté. Industrielle «Spahi» de Filés et Textiles,president,907
P02179,1950,Sebahi Taher,Sebahi Taher,sebai taer,,Sté. Industrielle «Spahi» de Filés et Textile s,vice_president,907
P01026,1950,S.E. Seddik Ahmed Pacha,Seddik Ahmed,sedik ahmed,pasha,fOffice des Territoires Occupés ou Contrôlés)· Grand Officier de la Couronne de Belgique,general_manager,907
P01026,1950,S.E. Seddik Ahmed Pacha,Seddik Ahmed,sedik ahmed,pasha,The Egyptian Engineering & Marine Cy,president,907
P01026,1950,S.E. Seddik Ahmed Pacha,Seddik Ahmed,sedik ahmed,pasha,The Electric Light & Power Supply Cy,president,907
P01026,1950,S.E. Seddik Ahmed Pacha,Seddik Ahmed,sedik ahmed,pasha,Egyptian Shipping Co,managing_director,907
P01026,1950,S.E. Seddik Ahmed Pacha,Seddik Ahmed,sedik ahmed,pasha,Airmec,director,907
P01026,1950,S.E. Seddik Ahmed Pacha,Seddik Ahmed,sedik ahmed,pasha,Josy Film,director,907
P01479,1950,Sedky Aziz Bey,Sedky Aziz,sedki aziz,bey,Etab. Giacomo Cohen ca,director,907
P02180,1950,S.E. Sednaoui Joseph Pacha,Sednaoui Joseph,sednaui gosef,pasha,Orient Linen Industry Partner de la Maison S. & S. Sednaoui Ltd,director,907
P01481,1950,Sekaly Achille Bey,Sekaly Achille,sekali ashil,bey,Egyptian Sisal Manufacturing Cy,managing_director,907
P01481,1950,Sekaly Achille Bey,Sekaly Achille,sekali ashil,bey,Egyptian Rubber & Shoes Industry,director,907
P01481,1950,Sekaly Achille Bey,Sekaly Achille,sekali ashil,bey,Nouveaux Hôtels d'Egypte,director,907
P02181,1950,Sélhq Ahmed Bey,Sélhq Ahmed,selhk ahmed,bey,"au Ministère des Finances, Ancien Alternate Governor for International Bank for Reconstruction and Development",general_manager,907
P02181,1950,Sélhq Ahmed Bey,Sélhq Ahmed,selhk ahmed,bey,Secrétaire Général Banque Belge,director,907
P02181,1950,Sélhq Ahmed Bey,Sélhq Ahmed,selhk ahmed,bey,"Filature Nationale, Sté. Immobilière Masr el Guedida, Chemlar Banque Industrielle",director,907
P01028,1950,Sellas André,Sellas André,selas andr,,Gharbieh Gin- / ning Co,director,907
P02182,1950,Senaity Maître Adly El,Senaity Maître Adly El,senaiti maitr adli,,Alexandria Textile Co,director,907
P02183,1950,Setton A. C,Setton A. C,seton,,Electric Light & Power Supply,director,907
P01482,1950,Setton César J,Setton César J,seton sesar,,Fish and Produce Assoc. of Egypt,president,907
P01482,1950,Setton César J,Setton César J,seton sesar,,GERCO,director,907
P01482,1950,Setton César J,Setton César J,seton sesar,,Sté. Agr. et Urbaine «Le Fayoum»,director,907
P02184,1950,Servaye Léon,Servaye Léon,servai leon,,S.A. des Tramways du' Caire,managing_director,907
P02184,1950,Servaye Léon,Servaye Léon,servai leon,,Société Egyptienne d'Electricité,director,907
P01483,1950,Sevastopulo Ambroise,Sevastopulo Ambroise,sevastopulo ambrois,,Nat. Ins. Co. of Egypt (Ace. Inc. et Risques Divers),managing_director,907
P02185,1950,Shafferman David,Shafferman David,shaferman david,,Eg-yptian Plastics & Electrical Industries,president,907
P02185,1950,Shafferman David,Shafferman David,shaferman david,,Eg-yptian Plastics & Electrical Industries,managing_director,907
P02186,1950,Shafferman Harry,Shafferman Harry,shaferman hari,,Egyptian Plastics and Electrical Industries,vice_president,907
P02186,1950,Shafferman Harry,Shafferman Harry,shaferman hari,,Egyptian Plastics and Electrical Industries,managing_director,907
P00545,1950,Shamà Me. André,Shamà Me. André,shama m andr,,Dél. de la Sté. Imm. Domaine de Siouf,director,908
P00545,1950,Shamà Me. André,Shamà Me. André,shama m andr,,"General Society for Banking, Trading & Land Enterprises S.A.E",director,908
P00545,1950,Shamà Me. André,Shamà Me. André,shama m andr,,Société Générale d'Electricité,director,908
P00545,1950,Shamà Me. André,Shamà Me. André,shama m andr,,Mécanique,director,908
P01484,1950,S.E. Shamsy Aly Pacha,Shamsy Aly,shamsi ali,pasha,National Bank of Egypt,president,908
P01484,1950,S.E. Shamsy Aly Pacha,Shamsy Aly,shamsi ali,pasha,S.A. des Eaux du Caire,president,908
P01484,1950,S.E. Shamsy Aly Pacha,Shamsy Aly,shamsi ali,pasha,Compagnie Frigorifique d'Egypte,president,908
P01484,1950,S.E. Shamsy Aly Pacha,Shamsy Aly,shamsi ali,pasha,Société Egyptienne de Ciment Porland Tourah,director,908
P02187,1950,Sharples Frank,Sharples Frank,sharples frank,,Sté Misr Rayonne,director,908
P02188,1950,Sheid F,Sheid F,sheid,,Sté. Entreprises Commerciales en Egypte,director,908
P01853,1950,Shenouda Halim,Shenouda Halim,shenuda halim,,Chemical Industries ( C.I.C.),director,908
P02189,1950,Sheridan André,Sheridan André,sheridan andr,,S.A. Chemins de Fer Basse-Egypte,director,908
P01033,1950,Sheriff Robert,Sheriff Robert,sherif robert,,The United Bus Co,director,908
P02190,1950,S.E. Sherine Fouad Pacha,Sherine Fouad,sherin fuad,pasha,"Egyptian Arab Bank, S.A.E",director,908
P02191,1950,Shoucair Frédéric,Shoucair Frédéric,shukair frederik,,S.A.E. «Al Ahram»,director,908
P02192,1950,Sicouri Louis,Sicouri Louis,sikuri luis,,Sté. Gle. Pressage et Dépôts,president,908
P02192,1950,Sicouri Louis,Sicouri Louis,sikuri luis,,Sté. Gle. Pressage et Dépôts,director,908
P02193,1950,Sicouri Sam,Sicouri Sam,sikuri sam,,Anglo-Contipental Cotton Co,director,908
P01479,1950,Sidki Aziz Bey,Sidki Aziz,sidki aziz,bey,Sté. Eg. Emballages Economiques,director,908
P01034,1950,S.E. Simaika Wassef Pacha,Simaika Wassef,simaika uasef,pasha,Alexandria Navigation Co,director,908
P01034,1950,S.E. Simaika Wassef Pacha,Simaika Wassef,simaika uasef,pasha,"Textile de Choubrah, S.A.E",director,908
P01034,1950,S.E. Simaika Wassef Pacha,Simaika Wassef,simaika uasef,pasha,S.A. des Anciens Etablissements D.C.M. Brooks,director,908
P02194,1950,Simha,Simha,simha,,Grands Mag. Chemla,managing_director,908
P02194,1950,Simha,Simha,simha,,Grands Mag. Chemla,manager,908
P00548,1950,Sinadino Aug. Th,Sinadino Aug. Th,sinadino aug th,,"Maison Choremi, Benachi Cotton Co",president,908
P00548,1950,Sinadino Aug. Th,Sinadino Aug. Th,sinadino aug th,,Gabbary Land Co,vice_president,908
P00548,1950,Sinadino Aug. Th,Sinadino Aug. Th,sinadino aug th,,Sté. An. des Presses Libres Egyptiennes,director,908
P00548,1950,Sinadino Aug. Th,Sinadino Aug. Th,sinadino aug th,,Banque d'Athènes,director,908
P01485,1950,Sinigaglia Carlo,Sinigaglia Carlo,sinigaglia karlo,,S.A. des Immeubles d'Egypte,director,908
P01485,1950,Sinigaglia Carlo,Sinigaglia Carlo,sinigaglia karlo,,S.A. des Chemins de Fer Keneh-Assouan et S.A. Chemins de Fer Basse-Egypte,director,908
P00524,1950,S.E. Sirry Hussein Pacha,Sirry Hussein,siri husein,pasha,«Gerco»,president,908
P00524,1950,S.E. Sirry Hussein Pacha,Sirry Hussein,siri husein,pasha,«Gerco»,director,908
P00524,1950,S.E. Sirry Hussein Pacha,Sirry Hussein,siri husein,pasha,Sté. «Al Chams» S.A.E,president,908
P00524,1950,S.E. Sirry Hussein Pacha,Sirry Hussein,siri husein,pasha,Sté. «Al Chams» S.A.E,director,908
P02195,1950,Skakal Vlastimil,Skakal Vlastimil,skakal vlastimil,,Centro-Commission Al Chark Trading Co,director,908
P02196,1950,Smelhaus Zdenek,Smelhaus Zdenek,smelhaus zdenek,,Centro Commission Al Chark Trading Co,director,908
P02197,1950,Smouha Wing Commander Edward R,Smouha Wing Commander Edward R,smua uing komander eduard,,Carver Cotton Co,director,908
P02198,1950,Smouha Ellis H. Mtre,Smouha Ellis H. Mtre,smua elis mtr,,Carver Cotton Co,vice_president,908
P01040,1950,Smouha Joseph,Smouha Joseph,smua gosef,,Beida,director,908
P01489,1950,S.S. le Nabil Soliman Daoud,S.S. le Nabil Soliman Daoud,l nabil soliman daud,,MISRAIR,vice_president,908
P01489,1950,S.S. le Nabil Soliman Daoud,S.S. le Nabil Soliman Daoud,l nabil soliman daud,,Sté. Agricole «Le Fayoum»,president,908
P02199,1950,Soliman Bey Osman,Soliman Bey Osman,soliman bei osman,,Egyptian Markets,director,909
P01042,1950,Sorbara Salvator,Sorbara Salvator,sorbara salvator,,"Société Immobilière de Zamalek, S.A.E",director,909
P02200,1950,Souki Philip D,Souki Philip D,suki filip,,Associated Industries,managing_director,909
P02201,1950,Sourour Hassan Me . Député de Manchieh,Sourour Hassan Me . Député de Manchieh,surur hasan m deput manshieh,,The Egyptian Independent Oil Co. S.A.E,director,909
P02202,1950,Soussa Albert,Soussa Albert,susa albert,,"Sociétés, Industriel",director,909
P02203,1950,Soussa F. G,Soussa F. G,susa,,Sté. Commerciale Belgo-Egyptienne,director,909
P02204,1950,Soussi Léon,Soussi Léon,susi leon,,Universal Modern Office Equipment Co. (L. Soussi & Co.),managing_director,909
P02205,1950,Spathis Ulisse,Spathis Ulisse,spathis ulis,,"Mineral Water & Wines and Spirits. S.E. Sir C.W. Spinks (Pacha),, Major General (El Ferik) K.B.E",director,909
P02205,1950,Spathis Ulisse,Spathis Ulisse,spathis ulis,,Egyptian Works & Constructions,president,909
P02205,1950,Spathis Ulisse,Spathis Ulisse,spathis ulis,,S.A.E. des Chaussures Bata,president,909
P02205,1950,Spathis Ulisse,Spathis Ulisse,spathis ulis,,The Egyptian Copper Works S.A.E,director,909
P02206,1950,Spiridis Spiro,Spiridis Spiro,spiridis spiro,,«Crown Brewery» S.A.B,managing_director,909
P02207,1950,Spiteri Mario S,Spiteri Mario S,spiteri mario,,American Eastern Trading and Shipping Co. S.A.E,vice_president,909
P02207,1950,Spiteri Mario S,Spiteri Mario S,spiteri mario,,The Egyptian Stevedoring & Shipping Go. S.A.E,vice_president,909
P02208,1950,Stagni Giovanni,Stagni Giovanni,stagni giovani,,Dél. Alexandria Timber Trading Co,director,909
P02208,1950,Stagni Giovanni,Stagni Giovanni,stagni giovani,,Banco Italo-Egiziano,director,909
P01044,1950,Stiassny Ewald,Stiassny Ewald,stiasni euald,,S.A.E. «Chaussures Bata»,director,909
P00561,1950,Stoffel Arrigo,Stoffel Arrigo,stofel arigo,,Banco Italo-Egiziano. ·,manager,909
P00561,1950,Stoffel Arrigo,Stoffel Arrigo,stofel arigo,,Banco Italo-Egiziano. ·,vice_president,909
P02209,1950,Strens Louis de,Strens Louis de,strens luis,,Sté. An. Agricole et Industrielle,director,909
P02210,1950,Suarès Carlo,Suarès Carlo,suares karlo,,Banque Suarès,managing_director,909
P00144,1950,Sultan Dr. Fouad Bey,Sultan Dr. Fouad,sultan dr fuad,bey,"Banque du Crédit Agricole d'Egypte, S.A.E",president,909
P00144,1950,Sultan Dr. Fouad Bey,Sultan Dr. Fouad,sultan dr fuad,bey,"Banque du Crédit Agricole d'Egypte, S.A.E",director,909
P00144,1950,Sultan Dr. Fouad Bey,Sultan Dr. Fouad,sultan dr fuad,bey,"Banque du Crédit Hypothécaire Agricole d'Egypte, S.A.E",president,909
P00144,1950,Sultan Dr. Fouad Bey,Sultan Dr. Fouad,sultan dr fuad,bey,"Banque du Crédit Hypothécaire Agricole d'Egypte, S.A.E",director,909
P00144,1950,Sultan Dr. Fouad Bey,Sultan Dr. Fouad,sultan dr fuad,bey,Rosetta & Alexandria Rice Mills,president,909
P00144,1950,Sultan Dr. Fouad Bey,Sultan Dr. Fouad,sultan dr fuad,bey,Rosetta & Alexandria Rice Mills,director,909
P00144,1950,Sultan Dr. Fouad Bey,Sultan Dr. Fouad,sultan dr fuad,bey,"Société Egyptienne pour le Développement et le Commerce des Légumes, Fruits et Fleurs",president,909
P00144,1950,Sultan Dr. Fouad Bey,Sultan Dr. Fouad,sultan dr fuad,bey,"Société Egyptienne pour le Développement et le Commerce des Légumes, Fruits et Fleurs",director,909
P00144,1950,Sultan Dr. Fouad Bey,Sultan Dr. Fouad,sultan dr fuad,bey,"Société Hongro-Egyptienne pour le Commerce, S.A",president,909
P00144,1950,Sultan Dr. Fouad Bey,Sultan Dr. Fouad,sultan dr fuad,bey,"Société Hongro-Egyptienne pour le Commerce, S.A",director,909
P00144,1950,Sultan Dr. Fouad Bey,Sultan Dr. Fouad,sultan dr fuad,bey,Béni-Mazar Urbaine et Rurale,director,909
P01048,1950,Sultan Mohamed Bey,Sultan Mohamed,sultan moamed,bey,Etablissements Industriels pour la Soie et le Coton,president,909
P01049,1950,Sursock Nicolas Alexandre,Sursock Nicolas Alexandre,sursok nikolas alexandr,,S.A. des Immeubles d'Egypte,president,910
P01049,1950,Sursock Nicolas Alexandre,Sursock Nicolas Alexandre,sursok nikolas alexandr,,Alexandria Water Co,director,910
P02211,1950,Sursock Victor Bey,Sursock Victor,sursok viktor,bey,Cairo Agricultural Cy,director,910
P00146,1950,Sursock Vladimir,Sursock Vladimir,sursok vladimir,,Kafr El Zayat Cotton Co,vice_president,910
P00146,1950,Sursock Vladimir,Sursock Vladimir,sursok vladimir,,Abou Zaabal and Kafr el Zayat Fertiliser & Chemical Cy. (AKFAC),vice_president,910
P02212,1950,S.E. Susu Pacha Major Général Dr. Basile J,Susu Pacha Major Général Dr. Basile J,susu pasha magor general dr basil,,Chemical Industries Development,vice_president,910
P02213,1950,Syllaidis Byron D,Syllaidis Byron D,silaidis biron,,WATTCOE,managing_director,910
P02214,1950,Tabit Khalil Bey,Tabit Khalil,tabit khalil,bey,Manufacture Egyptienne de Bonneterie et Tricotage El-Nil S.A.E,president,910
P01493,1950,Tagher Albert Bey Me,Tagher Albert Bey Me,tagher albert bei m,,Upper Egypt Mining Co,director,910
P01494,1950,Tagher François,Tagher François,tagher frankois,,«Etablissements Industriels pour la Soie et le Coton»,managing_director,910
P01494,1950,Tagher François,Tagher François,tagher frankois,,«Al Chark» Sté. d'Entreprises Générales,director,910
P02215,1950,Tagher Homère,Tagher Homère,tagher homer,,Etablissements Industriels Soie et Coton,director,910
P00566,1950,Tagher Oscar,Tagher Oscar,tagher oskar,,Société Califor,vice_president,910
P00566,1950,Tagher Oscar,Tagher Oscar,tagher oskar,,The Amalgamated lee Factories & Cold Stores,vice_president,910
P00566,1950,Tagher Oscar,Tagher Oscar,tagher oskar,,Société Texas Egyptienne des Pétroles,vice_president,910
P00566,1950,Tagher Oscar,Tagher Oscar,tagher oskar,,Ford Motor Co. (Egypt) S.A.E,director,910
P00566,1950,Tagher Oscar,Tagher Oscar,tagher oskar,,Aboukir Co,director,910
P00566,1950,Tagher Oscar,Tagher Oscar,tagher oskar,,The Albert Mussa Agency & Stevedoring Co,director,910
P00566,1950,Tagher Oscar,Tagher Oscar,tagher oskar,,The Alexandria Engineering Works,director,910
P00566,1950,Tagher Oscar,Tagher Oscar,tagher oskar,,Société Industrielle et Commerciale Laitière « Mandara»,director,910
P00566,1950,Tagher Oscar,Tagher Oscar,tagher oskar,,The General Navigation Co. of Egypt,director,910
P02216,1950,Tagher,Tagher,tagher,,Sociétés,director,910
P02217,1950,S.E. Taher Mahmoud Hamdi Pacha,Taher Mahmoud Hamdi,taer mahmud hamdi,pasha,Egyptian Rubber & Shoes Industry,president,911
P02217,1950,S.E. Taher Mahmoud Hamdi Pacha,Taher Mahmoud Hamdi,taer mahmud hamdi,pasha,Etablissements Industriels pour la Soie et le Coton,director,911
P02217,1950,S.E. Taher Mahmoud Hamdi Pacha,Taher Mahmoud Hamdi,taer mahmud hamdi,pasha,Nouveaux Hôtels d'Egypte,director,911
P02217,1950,S.E. Taher Mahmoud Hamdi Pacha,Taher Mahmoud Hamdi,taer mahmud hamdi,pasha,"Société Royale d'Agriculture, de la Société Royale des Etudes Historiques, Comité National des Sports du Cercle Royal d'Escrime, du Club El-Fouroussia, des Fédérations Egyptiennes Equestres",manager,911
P02217,1950,S.E. Taher Mahmoud Hamdi Pacha,Taher Mahmoud Hamdi,taer mahmud hamdi,pasha,"Société Royale d'Agriculture, de la Société Royale des Etudes Historiques, Comité National des Sports du Cercle Royal d'Escrime, du Club El-Fouroussia, des Fédérations Egyptiennes Equestres",president,911
P02217,1950,S.E. Taher Mahmoud Hamdi Pacha,Taher Mahmoud Hamdi,taer mahmud hamdi,pasha,Escrime,manager,911
P02217,1950,S.E. Taher Mahmoud Hamdi Pacha,Taher Mahmoud Hamdi,taer mahmud hamdi,pasha,Escrime,president,911
P02217,1950,S.E. Taher Mahmoud Hamdi Pacha,Taher Mahmoud Hamdi,taer mahmud hamdi,pasha,Diverses Oeuvres Sociales,president,911
P02217,1950,S.E. Taher Mahmoud Hamdi Pacha,Taher Mahmoud Hamdi,taer mahmud hamdi,pasha,SAI DE,director,911
P02217,1950,S.E. Taher Mahmoud Hamdi Pacha,Taher Mahmoud Hamdi,taer mahmud hamdi,pasha,Egyptian Aircraft Engineering Co,president,911
P02218,1950,Tahio Ahmed Labib,Tahio Ahmed Labib,taio ahmed labib,,Egyptian Stevedoring & Shipping Co,director,911
P02218,1950,Tahio Ahmed Labib,Tahio Ahmed Labib,taio ahmed labib,,Egyptian Stevedoring & Shipping Co,general_manager,911
P01499,1950,Takla Berti Kamel Bey,Takla Berti Kamel,takla berti kamel,bey,«Food Products» S.A.E,director,911
P02219,1950,Takla Bichara,Takla Bichara,takla bishara,,"Al Ahram, S.A.E",director,911
P02220,1950,Tambay Joseph,Tambay Joseph,tambai gosef,,Egyptian Enterprise and Development Cy,director,911
P02220,1950,Tambay Joseph,Tambay Joseph,tambai gosef,,Egyptian Enterprise and Development Cy,general_manager,911
P02221,1950,Tancred C.H. Capt,Tancred C.H. Capt,tankred kapt,,Egyptian General Omnibus,director,911
P02222,1950,Tanielian Berge,Tanielian Berge,tanielian berg,,Selected Textile Industries,vice_president,911
P02222,1950,Tanielian Berge,Tanielian Berge,tanielian berg,,Union des Commerçants en Textiles,managing_director,911
P01051,1950,S.E. Tarraf Aly Pacha Sénateur,Tarraf Aly Pacha Sénateur,taraf ali pasha senateur,,Platrières de Ballah,president,911
P01051,1950,S.E. Tarraf Aly Pacha Sénateur,Tarraf Aly Pacha Sénateur,taraf ali pasha senateur,,Dél. S.A. des Tramways du Caire,director,911
P01051,1950,S.E. Tarraf Aly Pacha Sénateur,Tarraf Aly Pacha Sénateur,taraf ali pasha senateur,,The Gabbary Petroleum Co,director,911
P01051,1950,S.E. Tarraf Aly Pacha Sénateur,Tarraf Aly Pacha Sénateur,taraf ali pasha senateur,,Textile Machinery Plat t Eros,president,911
P01051,1950,S.E. Tarraf Aly Pacha Sénateur,Tarraf Aly Pacha Sénateur,taraf ali pasha senateur,,Egyptian General Omnibus Co,director,911
P01051,1950,S.E. Tarraf Aly Pacha Sénateur,Tarraf Aly Pacha Sénateur,taraf ali pasha senateur,,Egyptian General Omnibus Co,vice_president,911
P01502,1950,Tawil Pierre,Tawil Pierre,tauil pier,,Capitalisation Egyptienne S.A.E,director,911
P01502,1950,Tawil Pierre,Tawil Pierre,tauil pier,,The Upper Egypt Hotels Co. Ltd,director,911
P01502,1950,Tawil Pierre,Tawil Pierre,tauil pier,,The Pyramids Gardens,director,911
P01053,1950,Taylor Ewart John,Taylor Ewart John,tailor euart gohn,,Eastern Co. S.A.E,president,911
P01054,1950,Tepeghiosi Nicolas,Tepeghiosi Nicolas,tepeghiosi nikolas,,Banque de Commerce N. Tepeghio.si& Co,manager,911
P01054,1950,Tepeghiosi Nicolas,Tepeghiosi Nicolas,tepeghiosi nikolas,,The Upper Egypt Hotels Co,director,911
P02223,1950,Terni Auguste,Terni Auguste,terni august,,Sté Autobus d'Alexandrie,director,911
P02224,1950,Tewfik Amine Bey,Tewfik Amine,teufik amin,bey,Sté Nationale de Textile Memphis,director,911
P01503,1950,Théodorakis A. D,Théodorakis A. D,theodorakis,,The Associated Cotton Ginners of Egypt Ltd,director,911
P02225,1950,Thibault Jacques,Thibault Jacques,thibault gakues,,S.A.E. Scialli,director,911
P01504,1950,Thomaidis Constantin B,Thomaidis Constantin B,thomaidis konstantin,,Sté. Egyptienne des Bois et Matériaux (SEBEM) et Sté pour l'Industrie,director,911
P01504,1950,Thomaidis Constantin B,Thomaidis Constantin B,thomaidis konstantin,,Agriculture<<Al Gaafaria»,director,911
P01505,1950,Thomaidis Ivan Evangelo B,Thomaidis Ivan Evangelo B,thomaidis ivan evangelo,,Sté. Egyptiennedss Bois et Matériaux (SEBEM),managing_director,912
P01505,1950,Thomaidis Ivan Evangelo B,Thomaidis Ivan Evangelo B,thomaidis ivan evangelo,,Sté pour l'Industrie,director,912
P01505,1950,Thomaidis Ivan Evangelo B,Thomaidis Ivan Evangelo B,thomaidis ivan evangelo,,Agriculture «Al Gaafaria»,director,912
P02226,1950,Thomoglou Nicolas,Thomoglou Nicolas,thomoglu nikolas,,Anglo-Egyptian Mining et Egyptian Plastics(Shaffermann),director,912
P01738,1950,Thornhill Cooper F.S,Thornhill Cooper F.S,thornhil koper,,Ford Motor Co. (Egypt) S.A.E,managing_director,912
P01056,1950,Tilche Joseph,Tilche Joseph,tilsh gosef,,Sté. de Crédit,president,912
P01056,1950,Tilche Joseph,Tilche Joseph,tilsh gosef,,Commerce,president,912
P01056,1950,Tilche Joseph,Tilche Joseph,tilsh gosef,,S.A.E. Moulins «Al-Mahmoudieh»,managing_director,912
P01056,1950,Tilche Joseph,Tilche Joseph,tilsh gosef,,«Fluviale» S.A.E,director,912
P02227,1950,Topalian H. D,Topalian H. D,topalian,,Sté. Commerciale d'Egypte,vice_president,912
P02227,1950,Topalian H. D,Topalian H. D,topalian,,Sté. Commerciale d'Egypte,managing_director,912
P02227,1950,Topalian H. D,Topalian H. D,topalian,,Moharrem-Press,manager,912
P02227,1950,Topalian H. D,Topalian H. D,topalian,,Sté Nationale de Textile «Memphis» S.A.E,director,912
P02228,1950,Topalian Nerses,Topalian Nerses,topalian nerses,,Sté. Nationale de Textile Memphis,director,912
P02228,1950,Topalian Nerses,Topalian Nerses,topalian nerses,,Sté. Nationale de Textile Memphis,managing_director,912
P02229,1950,Torazzi Dr. Cesare,Torazzi Dr. Cesare,torazi dr sesar,,SAIDE,director,912
P01057,1950,Toriel André,Toriel André,toriel andr,,Usines Réunies d'Egrenage,president,912
P01057,1950,Toriel André,Toriel André,toriel andr,,Usines Réunies d'Egrenage,managing_director,912
P01057,1950,Toriel André,Toriel André,toriel andr,,Usines Réunies d'Egrenage,director,912
P01057,1950,Toriel André,Toriel André,toriel andr,,Huileries,president,912
P01057,1950,Toriel André,Toriel André,toriel andr,,Huileries,managing_director,912
P01057,1950,Toriel André,Toriel André,toriel andr,,Huileries,director,912
P01057,1950,Toriel André,Toriel André,toriel andr,,Import and Export Bk. of Egypt,president,912
P01057,1950,Toriel André,Toriel André,toriel andr,,Import and Export Bk. of Egypt,managing_director,912
P01057,1950,Toriel André,Toriel André,toriel andr,,Import and Export Bk. of Egypt,director,912
P01507,1950,Toriel Elliot,Toriel Elliot,toriel eliot,,Etablissements «Bamco»,director,912
P01058,1950,Toriel Henri,Toriel Henri,toriel henri,,The Union Cotton Company of Alexandria,vice_president,912
P01058,1950,Toriel Henri,Toriel Henri,toriel henri,,Usines Réunies d'Egrenage,director,912
P01058,1950,Toriel Henri,Toriel Henri,toriel henri,,Huileries,director,912
P02230,1950,Toriel René,Toriel René,toriel ren,,The Union Cotton Cy. of Alexandria,vice_president,912
P01059,1950,Toriel Victor,Toriel Victor,toriel viktor,,Société Franco-Egyptienne de Crédit,president,912
P01059,1950,Toriel Victor,Toriel Victor,toriel viktor,,Société Franco-Egyptienne de Crédit,managing_director,912
P01059,1950,Toriel Victor,Toriel Victor,toriel viktor,,Usines Réunies d'Egrenage,vice_president,912
P01059,1950,Toriel Victor,Toriel Victor,toriel viktor,,Huileries,vice_president,912
P01059,1950,Toriel Victor,Toriel Victor,toriel viktor,,Dakahlieh Land Co,managing_director,912
P01059,1950,Toriel Victor,Toriel Victor,toriel viktor,,Alexandria Pressing Co,director,912
P01059,1950,Toriel Victor,Toriel Victor,toriel viktor,,V. Toriel & Co. et V. E. Toriel. (lm.-Exp.),manager,912
P01508,1950,Totah Ibrahim Eid,Totah Ibrahim Eid,totah ibraim eid,,El Tawil Spinning and Weaving Company,vice_president,912
P02231,1950,Totah Raphael,Totah Raphael,totah rafael,,Fabrique du Riz de la National Starch Cy,director,912
P02231,1950,Totah Raphael,Totah Raphael,totah rafael,,Fabrique du Riz de la National Starch Cy,manager,912
P01508,1950,Totah Youssef Eid,Totah Youssef Eid,totah iusef eid,,El Tawil Spinning & Weaving Cy,director,912
P02232,1950,Toutounji Elie,Toutounji Elie,tutungi eli,,El Gazai Import et Trading Co,director,912
P02233,1950,Toutounji Georges,Toutounji Georges,tutungi georges,,-Dél. Sudan Import & Export Cy,director,912
P01510,1950,Toutounji Joseph,Toutounji Joseph,tutungi gosef,,The Bottled Gas. Co,president,912
P01510,1950,Toutounji Joseph,Toutounji Joseph,tutungi gosef,,Sudan Import& Export Co,president,912
P02234,1950,Toutounji Sami,Toutounji Sami,tutungi sami,,Sudan Import & Export Cy,director,912
P02234,1950,Toutounji Sami,Toutounji Sami,tutungi sami,,Sudan Import & Export Cy,general_manager,912
P02235,1950,Trachana N,Trachana N,trashana,,Menzaleh Canal & Navigation Cy,director,912
P02236,1950,Trembley,Trembley,tremblei,,Société Egyptienne de Ciment Portland Tourah,director,912
P02236,1950,Trembley,Trembley,tremblei,,The,president,912
P02237,1950,Tripos André,Tripos André,tripos andr,,Sté. «The Egyptian Insurance & Commercial Agency (EICA)» «Tsekis & Co.»,partner,913
P02237,1950,Tripos André,Tripos André,tripos andr,,Sté. «The Egyptian Insurance & Commercial Agency (EICA)» «Tsekis & Co.»,manager,913
P01512,1950,Triulzi E. W,Triulzi E. W,triulzi,,"General Mo tors· N ear East, S.A",director,913
P01062,1950,Tsekis Charles,Tsekis Charles,tsekis sharles,,Sté. «The Egyptian Insurance & Commercial Agency (EICA) «Tsekis & Co.»,partner,913
P01062,1950,Tsekis Charles,Tsekis Charles,tsekis sharles,,Sté. «The Egyptian Insurance & Commercial Agency (EICA) «Tsekis & Co.»,manager,913
P01062,1950,Tsekis Charles,Tsekis Charles,tsekis sharles,,"Société Industrielle et Commerciale d'Egypte (S.I.C.O.), S.A.E",manager,913
P01062,1950,Tsekis Charles,Tsekis Charles,tsekis sharles,,Sté. «L. Pathy & Co.». u,manager,913
P01064,1950,Urban H,Urban H,urban,,Sté. Eg. d'Electricité,vice_president,913
P02238,1950,Vaena Isaac J,Vaena Isaac J,vaena isak,,Rizerie Egyptienne Moderne,managing_director,913
P01066,1950,Vallet Jean,Vallet Jean,valet gean,,Société Egyptienne de Teinturerie,director,913
P01066,1950,Vallet Jean,Vallet Jean,valet gean,,Apprêt,director,913
P02239,1950,Valticos Michel Me,Valticos Michel Me,valtikos mishel m,,Sidi Salem Cy,director,913
P01067,1950,Van Damme L,Van Damme L,dam,,-D~recteur de la Banque Belge et Internationale en Egypte,director,913
P01067,1950,Van Damme L,Van Damme L,dam,,Crédit Foncier Egyptien,director,913
P01068,1950,Van Den Bosch Paul,Van Den Bosch Paul,den bosh paul,,Caisse Hypothécaire d'Egypte,managing_director,913
P01068,1950,Van Den Bosch Paul,Van Den Bosch Paul,den bosh paul,,Crédit Foncier d'Orient «Egypte»,director,913
P02240,1950,Vaucher Georges,Vaucher Georges,vausher georges,,Hadaek El Abram,director,913
P01069,1950,Vickery J. C,Vickery J. C,vikeri,,The Amalgamated lee Factories &,director,913
P01513,1950,Vidon Aslan,Vidon Aslan,vidon aslan,,«Sibur»,director,913
P01513,1950,Vidon Aslan,Vidon Aslan,vidon aslan,,«Al Chark» Sté. d'Entreprises Générales,vice_president,913
P01513,1950,Vidon Aslan,Vidon Aslan,vidon aslan,,Electrical Development Co. of Egypt,director,913
P01514,1950,Vidon Joseph,Vidon Joseph,vidon gosef,,"Al Chark, Société d'Entreprises Générales",managing_director,913
P01070,1950,Vincendon Jacques,Vincendon Jacques,vinsendon gakues,,S.A. des Immeubles d'Egypte et Secrétaire Général d.e la Land Bank of Egypt,director,913
P01071,1950,Vincenot Marcel,Vincenot Marcel,vinsenot marsel,,Crédit Foncier Egyptien,president,913
P01071,1950,Vincenot Marcel,Vincenot Marcel,vinsenot marsel,,Crédit Foncier Egyptien,managing_director,913
P01071,1950,Vincenot Marcel,Vincenot Marcel,vinsenot marsel,,Compagnie d'Assurances «Al Chark»,president,913
P01071,1950,Vincenot Marcel,Vincenot Marcel,vinsenot marsel,,Compagnie d'Assurances «Al Chark»,managing_director,913
P01071,1950,Vincenot Marcel,Vincenot Marcel,vinsenot marsel,,National Bank of Egypt,director,913
P01071,1950,Vincenot Marcel,Vincenot Marcel,vinsenot marsel,,Sté Immobilière Masr el Guedida,vice_president,913
P02241,1950,Visvikis P,Visvikis P,visvikis,,et Secrétaire du Conseil d'Administration de la Near East Cotton Export Co,general_manager,913
P01072,1950,Vitale Comm. Aldo,Vitale Comm. Aldo,vital kom aldo,,Salonica Cigarettes Co,director,913
P01073,1950,Vivante Alfred,Vivante Alfred,vivant alfred,,S.A.E. Industrie Fibres Textiles,director,913
P01074,1950,Vivante Sabino Mtre,Vivante Sabino Mtre,vivant sabino mtr,,Sté. Eg. d'Entreprises Urbaines et Rurales,director,914
P02242,1950,Vlabovitch Elie,Vlabovitch Elie,vlabovitsh eli,,Fabrique des Produits Chimiques,director,914
P02243,1950,Vocht Félix de,Vocht Félix de,vosht felix,,Crédit d'Orient (Egypte),director,914
P02244,1950,Vraila Demètre,Vraila Demètre,vraila demetr,,Banque de,director,914
P02245,1950,Wagner,Wagner,uagner,,Sté. Eg. de Ciment Portland Tourah,president,914
P02245,1950,Wagner,Wagner,uagner,,Sté. Eg. de Ciment Portland Tourah,managing_director,914
P02245,1950,Wagner,Wagner,uagner,,Sté. Eg. de Ciment Portland Tourah,director,914
P01078,1950,Wahba E. H,Wahba E. H,uahba,,General Mo- tor N ear East S.A,director,914
P02246,1950,Wakil Mtre. G,Wakil Mtre. G,uakil mtr,,Sté. Eg. des Industries Chimiques,president,914
P02247,1950,Wasfy Dr. Albert,Wasfy Dr. Albert,uasfi dr albert,,Sté. Publications Egyptiennes,director,914
P01516,1950,Watouri Joseph,Watouri Joseph,uaturi gosef,,Nile Textile Co,managing_director,914
P01516,1950,Watouri Joseph,Watouri Joseph,uaturi gosef,,Comptoir Commercial Economique,director,914
P01081,1950,Weissenberg Harold,Weissenberg Harold,ueisenberg harold,,"The Amalgamated lee Factories & Cold Stores, S.A.E",president,914
P01517,1950,Wibaut P,Wibaut P,uibaut,,"Sté Chemins de Fer,Basse-Egypte",vice_president,914
P01517,1950,Wibaut P,Wibaut P,uibaut,,The Egyptian General Omnibus Co. S.A.E,director,914
P00216,1950,Wilkinson Peter,Wilkinson Peter,uilkinson peter,,The North East Africa Trading Cy. S.A.E,managing_director,914
P02248,1950,Wilshaw Sir Edward,Wilshaw Sir Edward,uilshau sir eduard,,Marconi Radio Telegraph Co. of Egypt,director,914
P00719,1950,Wissa Choukry G. Bey,Wissa Choukry G.,uisa shukri,bey,"Alexandria Racing Club, S.A.E., de l'Egyptian Mining & Prospecting Co. S.A.E",director,914
P02249,1950,Wissa Fahmy Bey,Wissa Fahmy,uisa fahmi,bey,Near East Produce Trading Cy,director,914
P02250,1950,Wissa Léon Bey,Wissa Léon,uisa leon,bey,Sté Nationale de Textile Memphis,director,914
P02251,1950,Wissa Zaki Bey,Wissa Zaki,uisa zaki,bey,Société Misr d'Assurances,director,914
P02251,1950,Wissa Zaki Bey,Wissa Zaki,uisa zaki,bey,Sté. Agricole et Urbaine «Le Fayoum»,director,914
P01085,1950,Wistenetzki Oscar,Wistenetzki Oscar,uistenetzki oskar,,"The Nile Ginning Co. S.A.E. Wittert Van Hoogland Jonkheer O.A.E.E.L., Chevalier de l)Ordre Sou-",director,914
P01087,1950,Woodhead W. G,Woodhead W. G,uodhead,,The Egypttian Aerated Water Co. Ltd. et Menzaleh Canal & Navigation Cy,director,915
P02252,1950,Woollam,Woollam,uolam,,AKFAC,director,915
P02253,1950,Wynne A. C,Wynne A. C,uin,,Near East Cleaning Co. Ltd et Grieve & Irwin Ltd. x,director,915
P02254,1950,Yamodis Antoine N,Yamodis Antoine N,iamodis antoin,,Surveillance de The Egyptian Delta Rice Mills Co. (N. Yiamodis and Co.),council_member,915
P00598,1950,Yamodis Nicolas,Yamodis Nicolas,iamodis nikolas,,Surveillance de The Egyptian Delta Rice Mills Co. (N. Yamodis and Co.),managing_director,915
P00598,1950,Yamodis Nicolas,Yamodis Nicolas,iamodis nikolas,,Surveillance de The Egyptian Delta Rice Mills Co. (N. Yamodis and Co.),council_member,915
P02255,1950,Yansouni Jean,Yansouni Jean,iansuni gean,,Amerioan Eastern Trading and Engineering Co,director,915
P01519,1950,Yassine Mohamed Sayed Bey,Yassine Mohamed Sayed,iasin moamed saied,bey,Société Misr Rayonne,director,915
P02256,1950,Yassa Louis Bey,Yassa Louis,iasa luis,bey,Egyptian Jute Co,director,915
P01520,1950,Yassine Serag El Dîne Bey Propriétaire Foncier,Yassine Serag El Dîne Bey Propriétaire Foncier,iasin serag din bei proprietair fonsier,,Mena Milk Products (Yassine Serag El Dîne & Co.),partner,915
P01520,1950,Yassine Serag El Dîne Bey Propriétaire Foncier,Yassine Serag El Dîne Bey Propriétaire Foncier,iasin serag din bei proprietair fonsier,,Mena Milk Products (Yassine Serag El Dîne & Co.),manager,915
P01520,1950,Yassine Serag El Dîne Bey Propriétaire Foncier,Yassine Serag El Dîne Bey Propriétaire Foncier,iasin serag din bei proprietair fonsier,,Mena Milk Products (Yassine Serag El Dîne & Co.),director,915
P01520,1950,Yassine Serag El Dîne Bey Propriétaire Foncier,Yassine Serag El Dîne Bey Propriétaire Foncier,iasin serag din bei proprietair fonsier,,"Cotonnière, S.A.E., Commanditaire de The Middle East Industrial and Trading Co",partner,915
P01520,1950,Yassine Serag El Dîne Bey Propriétaire Foncier,Yassine Serag El Dîne Bey Propriétaire Foncier,iasin serag din bei proprietair fonsier,,"Cotonnière, S.A.E., Commanditaire de The Middle East Industrial and Trading Co",manager,915
P01520,1950,Yassine Serag El Dîne Bey Propriétaire Foncier,Yassine Serag El Dîne Bey Propriétaire Foncier,iasin serag din bei proprietair fonsier,,"Cotonnière, S.A.E., Commanditaire de The Middle East Industrial and Trading Co",director,915
P01092,1950,Yazbeck R,Yazbeck R,iazbek,,Comptoir Auxiliaire d'Entreprises,director,915
P00601,1950,S.E. Yehia Aly Emin Pacha,Yehia Aly Emin,ieia ali emin,pasha,Fédération Egyptienne des Industries,vice_president,915
P00601,1950,S.E. Yehia Aly Emin Pacha,Yehia Aly Emin,ieia ali emin,pasha,"Rotary International, Chicago",director,915
P00601,1950,S.E. Yehia Aly Emin Pacha,Yehia Aly Emin,ieia ali emin,pasha,Banque,director,915
P02257,1950,Yehia el Alaily Bey Dr,Yehia el Alaily Bey Dr,ieia alaili bei dr,,S.A. Wadi Kom Ombo,director,916
P02257,1950,Yehia el Alaily Bey Dr,Yehia el Alaily Bey Dr,ieia alaili bei dr,,S.A. Wadi Kom Ombo,general_manager,916
P02257,1950,Yehia el Alaily Bey Dr,Yehia el Alaily Bey Dr,ieia alaili bei dr,,Egyptian Engineering Stores,director,916
P02258,1950,Yousri Soliman Bey,Yousri Soliman,iusri soliman,bey,Sté. Industrie Fibres Textiles,adviser,916
P02258,1950,Yousri Soliman Bey,Yousri Soliman,iusri soliman,bey,Sté. Industrie Fibres Textiles,director,916
P02259,1950,Youssef Bahgat Bey,Youssef Bahgat,iusef bahgat,bey,Jimprimerie Mi.sr,director,916
P02259,1950,Youssef Bahgat Bey,Youssef Bahgat,iusef bahgat,bey,Jimprimerie Mi.sr,general_manager,916
P02260,1950,Youssef El Abd Bey,Youssef El Abd,iusef abd,bey,NEMCO,director,916
P02261,1950,Youssef Ahmed El Tawil,Youssef Ahmed El Tawil,iusef ahmed tauil,,El Tawil Spinning & Weaving Co. z,director,916
P01521,1950,Zabal Wadih,Zabal Wadih,zabal uadih,,"Manufacture Egyptienne de Bonneterie et Tricotage «El Nil», S.A.E",managing_director,916
P01097,1950,Zaccar Joseph E,Zaccar Joseph E,zakar gosef,,Usines Textiles «Al Kahira»,director,916
P02262,1950,Zaghikian Marcel,Zaghikian Marcel,zaghikian marsel,,C. Sender & Co. Ltd,director,916
P02263,1950,Zaidan Emile Bey,Zaidan Emile,zaidan emil,bey,Dar el Hilal et Egyptian Press,president,916
P02264,1950,Zaidan Mohamed,Zaidan Mohamed,zaidan moamed,,Sté Autobus Routes Désert,director,916
P02265,1950,Me. Zananiri Fernand,Me. Zananiri Fernand,m zananiri fernand,,Transport & Engineering,director,916
P02265,1950,Me. Zananiri Fernand,Me. Zananiri Fernand,m zananiri fernand,,"Near East Finance, S.A.E. Near East Pharmaceutical & Commercial Co",director,916
P02266,1950,S.E. Zananiri Georges Pacha,Zananiri Georges,zananiri georges,pasha,Sté. An. Eg. de Capitalisation L'Epargne,president,916
P02266,1950,S.E. Zananiri Georges Pacha,Zananiri Georges,zananiri georges,pasha,Crédit Immobilier Suisse-Egyptien,director,916
P02266,1950,S.E. Zananiri Georges Pacha,Zananiri Georges,zananiri georges,pasha,Surveillance de la Société d'Assurances sur la vie «La,committee_member,916
P01525,1950,Zarbhanelian Mardig,Zarbhanelian Mardig,zarbhanelian mardig,,Jardins et Vignobles d'Egypte,vice_president,916
P01525,1950,Zarbhanelian Mardig,Zarbhanelian Mardig,zarbhanelian mardig,,Sté. Nationale de Textile «Memphis»,director,916
P01524,1950,Zarmati L. M,Zarmati L. M,zarmati,,Plâtrières de Ballah,director,916
P02267,1950,Zarmati Victor,Zarmati Victor,zarmati viktor,,Aboukir Cy,director,916
P02268,1950,Zarpanely Pierre,Zarpanely Pierre,zarpaneli pier,,Sté. Biens de Rapport d'Egypte,director,916
P02269,1950,Zeitouni César Raphael Ezra,Zeitouni César Raphael Ezra,zeituni sesar rafael ezra,,Selected Textile Industries,director,916
P02270,1950,Zervudachi Paul,Zervudachi Paul,zervudashi paul,,Alexandria Glass & Porcelain Factory,director,917
P02271,1950,Zilkha Abdulla K,Zilkha Abdulla K,zilkha abdula,,"Banque Zilkha, S.A.E",director,917
P01527,1950,Zilkha K. A,Zilkha K. A,zilkha,,Banque Zilkha S.A.E,president,917
P01528,1950,Zilkha Maurice,Zilkha Maurice,zilkha mauris,,Banque Zilkha S.A.E,managing_director,917
P01528,1950,Zilkha Maurice,Zilkha Maurice,zilkha mauris,,Near East Produce Trading Co. S.A.E,director,917
P02272,1950,S.E. Zulficar Farid Bey,Zulficar Farid,zulfikar farid,bey,Electrical Development Co. of Egypt,director,917
P01529,1950,S.E. Zulficar Samir Bey,Zulficar Samir,zulfikar samir,bey,«Al Chark» Sté. Entreprises Générales,director,917
P02273,1950,S.E. Zulficar Yussouf Pacha,Zulficar Yussouf,zulfikar iusuf,pasha,"The Alexandria Cotton Trading Co., de la Land Bank of Egypt",president,917
P02273,1950,S.E. Zulficar Yussouf Pacha,Zulficar Yussouf,zulfikar iusuf,pasha,National Bank of Egypt,vice_president,917
P02273,1950,S.E. Zulficar Yussouf Pacha,Zulficar Yussouf,zulfikar iusuf,pasha,National Bank of Egypt,director,917
P02273,1950,S.E. Zulficar Yussouf Pacha,Zulficar Yussouf,zulfikar iusuf,pasha,Sté. Nationale du Papier,vice_president,917
P02273,1950,S.E. Zulficar Yussouf Pacha,Zulficar Yussouf,zulfikar iusuf,pasha,Sté. Nationale du Papier,director,917
P02273,1950,S.E. Zulficar Yussouf Pacha,Zulficar Yussouf,zulfikar iusuf,pasha,The Alexandria & Khartoum Trading Corporation,vice_president,917
P02273,1950,S.E. Zulficar Yussouf Pacha,Zulficar Yussouf,zulfikar iusuf,pasha,The Alexandria & Khartoum Trading Corporation,director,917
