person_id,label,name_key,highest_rank,n_mentions,years_present,n_waves,name_variants
P00001,Abdel Hadi Mohamed,abdel hadi moamed,bey,2,1932,1,Abdel Hadi Mohamed
P00002,Badaoui,abdel hamid badaui,pasha,5,1932;1938;1950,3,Abdel Hamid Badaoui | Badaoui
P00003,Abaza,abdel hamid bei abaza,,10,1932;1947,2,Abaza | Abdel Hamid Bey Abaza
P00004,Abdy Richard,abdi rishard,,4,1932,1,Abdy Richard
P00005,Adda Abram,ada abram,bey,2,1932,1,Adda Abram
P00006,Adda César V,ada sesar,,2,1932,1,Adda César V
P00007,Adda Fernand C.A,ada fernand,,5,1932;1947;1950,3,Adda Fernand C | Adda Fernand C.A
P00008,Adda Joseph A,ada gosef,,26,1932;1938;1942;1947;1950,5,Adda A. Joseph | Adda Joseph 1\ | Adda Joseph A
P00009,Adly Yeghen,adli ieghen,pasha,2,1932,1,Adly Yeghen
P00010,Aghion Max César,aghion sesar,,8,1932;1942;1947;1950,4,Aghion César | Aghion Max César
P00011,Aghion Gustave,aghion gustav,,11,1932;1942;1947;1950,4,Aghion Gustave | Aghion Gustav·e
P00012,Aghion Is. Jacques,aghion is gakues,,2,1932,1,Aghion Is. Jacques
P00013,Aghion Maurice,aghion mauris,,2,1932,1,Aghion Maurice
P00014,Ahmed Midhat Yeghen,ahmed midhat ieghen,pasha,2,1932,1,Ahmed Midhat Yeghen
P00015,Abboud,ahmed pasha abud,,10,1932;1950,2,Abboud | Ahmed Pacha Abboud
P00016,Egypt,dredging ko egipt,,18,1932;1942;1947;1950,4,Carrier-Egypt | Dredging Co Egypt | Egypt | Egypte
P00017,Ahmed Pacha Abdel Wahab,ahmed pasha abdel uab,,1,1932,1,Ahmed Pacha Abdel Wahab
P00018,Alby Albert,albi albert,,1,1932,1,Alby Albert
P00019,Allam Mohamed,alam moamed,pasha,8,1932;1938;1942;1947;1950,5,Allam Mohamed
P00020,Aly Bey Emine Yehia,ali bei emin ieia,,1,1932,1,Aly Bey Emine Yehia
P00021,Alexandria Pressing Cy,alexandria presing si,,2,1932,1,Alexandria Pressing Cy
P00022,Arcache Antoine,arkash antoin,bey,1,1932,1,Arcache Antoine
P00023,Arcoudaris P,arkudaris,,2,1932,1,Arcoudaris P
P00024,Bacos Lebnan,bakos lebnan,,1,1932,1,Bacos Lebnan
P00025,Baehler Charles Commandeur Medjidié,baehler sharles komandeur medgidi,,9,1932,1,Baehler Charles Commandeur Medjidié
P00026,Banoun Alfred,banun alfred,,3,1932;1947;1950,3,Banoun Alfred
P00027,Barker Henry Kniglll Bachelor,barker henri knigl bashelor,,7,1932,1,Barker Henry Kniglll Bachelor
P00028,Biagi Dr. Enrico,biagi dr enriko,,2,1932,1,Biagi Dr. Enrico
P00029,Blattner C. D. Henry,blatner henri,,3,1932;1947;1950,3,Blattner C. D. Henry | Blattner Henry C. D | Blattner Henry C. O
P00030,Boulad Khalil,bulad khalil,,4,1932;1947;1950,3,Boulad Khalil
P00031,Bourre Edouard,bur eduard,,3,1932,1,Bourre Edouard
P00032,Boyé Jean André,boi gean andr,,11,1932;1938;1942;1947;1950,5,Boyé Jean André
P00033,Brereton H. K,brereton,,2,1932,1,Brereton H. K
P00034,Campos A,kampos,,1,1932,1,Campos A
P00035,Campos Benvenuto,kampos benvenuto,,10,1932;1938;1942;1947;1950,5,Campos Benvenuto
P00036,Campos Giuseppe,kampos giusep,,10,1932;1938;1942;1947;1950,5,Campos Giuseppe
P00037,Cantoni Charles,kantoni sharles,,1,1932,1,Cantoni Charles
P00038,Carver H. B,karver,,16,1932;1938;1942;1947;1950,5,Carver F. E | Carver F.E | Carver H. B | Carv·er H.B
P00039,Cattaui Aslan,kataui bei aslan,bey,13,1932;1938;1942;1947;1950,5,Cattaui Aslan | Cattaui Bey Aslan J
P00040,Cattaui Edgard de,kataui edgard,,2,1932,1,Cattaui Edgard de
P00041,Cattaui Elie J,kataui eli,,2,1932,1,Cattaui Elie J
P00042,Cattaui E:mile,kataui emil,,3,1932;1938;1942,3,Catlaui Emile | Cattaui E:mile | Cattaui Emile
P00043,Cattaui Joseph A.,kataui pasha gosef,pasha,16,1932;1938,2,Cattaui Joseph A. | Cattaui Pacha Joseph A
P00044,Cattaui René,kataui ren,bey,20,1932;1938;1942;1947;1950,5,Cattaui René
P00045,Chafik Pacha Mohamed,shafik pasha moamed,,2,1932,1,Chafik Pacha Mohamed
P00046,Constantin Jean Choremi Assocjé de la Y.Iaison Choremi,konstantin gean shoremi asokg la iaison shoremi,,5,1932;1947;1950,3,Choremi E. S | Choremi E.S | Constantin Jean Choremi Assocjé de la Y.Iaison Choremi
P00047,Choucry Mahmoud Pacha Ancien :\Iinistrc,shukri mahmud pasha ansien inistrk,,6,1932,1,Choucry Mahmoud Pacha Ancien :\Iinistrc
P00048,Christomanos A. Max,shristomanos max,,8,1932;1938,2,Christomanos A. Max | Christomanos Max
P00049,Cicurel David,sikurel david,,6,1932;1938;1942;1947,4,CicUl'el David | Cicurel David
P00050,Cicurel Joseph,sikurel gosef,,1,1932,1,Cicurel Joseph
P00051,Cohen Alfred N,koen alfred,,10,1932;1942;1947;1950,4,Cohen Alfred N | Cohen N. Alfred
P00052,Edward Cook C.S.I,eduard kok,,1,1932,1,Edward Cook C.S.I
P00053,Cook John Lt.-Col. A. Gt. D.S.O,kok gohn lt kol gt,,1,1932,1,Cook John Lt.-Col. A. Gt. D.S.O
P00054,G. Corsi,korsi,,1,1932,1,G. Corsi
P00055,Diacono Robert M.B.E,diakono robert,,1,1932,1,Diacono Robert M.B.E
P00056,Emine Yehia,emin ieia,pasha,6,1932,1,Emine Yehia
P00057,Empain François,empain frankois,,4,1932,1,Empain François
P00058,Fakhry Mahmoud,fakhri pasha mahmud,pasha,6,1932;1947;1950,3,Fakhry Mahmoud | Fakhry Pacha Mahmoud
P00059,Fenderl Hugo,fenderl hugo,,4,1932;1942;1950,3,Fenderl Hugo
P00060,Finney Harold E,finei harold,,8,1932;1938;1947;1950,4,Finney Harold | Finney Harold E
P00061,Finney Oswald J,finei osuald,,20,1932;1938,2,Finney Oswald | Finney Oswald J
P00062,Fitzgerard Francis C. R. E,fitzgerard fransis,,4,1932;1938,2,Fitzgei·ald Francis | Fitzgerard Francis C. R. E
P00063,Foster G. C,foster,,2,1932;1938,2,Foster G. C
P00064,Friend Astley P,friend astlei,,2,1932,1,Friend Astley P
P00065,Fumaroli J,fumaroli,,10,1932;1938;1942;1947;1950,5,Fumaroli | Fumaroli J
P00066,Galal Fahim,galal faim,bey,1,1932,1,Galal Fahim
P00067,Gallini Fahmi,galini fahmi,pasha,1,1932,1,Gallini Fahmi
P00068,GarofaiiO Douca,garofaio duka,,1,1932,1,GarofaiiO Douca
P00069,Gasche Linus,gash linus,,21,1932;1938;1942;1947;1950,5,Gasche Linus
P00070,Gianotti Vittorio,gianoti vitorio,,4,1932,1,Gianotti Vittorio
P00071,Goar Edwin N. J,goar eduin,,6,1932;1938;1942;1950,4,Goal' Edwin N. J | Goar Edwin N. J | Goar Edwin N.J
P00072,Comm. Grassi Carlo,kom grasi karlo,,1,1932,1,Comm. Grassi Carlo
P00073,Grimprel Maurice,grimprel mauris,,5,1932,1,Grimprel Maurice
P00074,Hassan Said,hasan said,pasha,2,1932,1,Hassan Said
P00075,Hault,hault,,2,1932,1,Hault
P00076,Hecht Van Der L,hesht der,,2,1932,1,Hecht Van Der L
P00077,Henein Sadik,henein sadik,pasha,1,1932,1,Henein Sadik
P00078,Nationale>>,national,,1,1932,1,Nationale>>
P00079,Home John,hom gohn,,3,1932,1,Home John
P00080,Home F. J,hom,,1,1932,1,Home F. J
P00081,Homsby Bertram,homsbi bertram,,3,1932,1,Homsby Bertram
P00082,Ithier Gaston,ithier gaston,,3,1932,1,Ithier Gaston
P00083,Jacobs Emile,gakobs emil,,10,1932;1942;1947;1950,4,Jacobs Emile
P00084,Jacot J. G. Descombes Ing,gakot deskombes ing,,3,1932,1,Jacot J. G. Descombes Ing
P00085,Jullien Léopold Ingénieur Agricole,gulien leopold ingenieur agrikol,,3,1932,1,Jullien Léopold Ingénieur Agricole
P00086,Karam Edouard,karam eduard,,10,1932;1942,2,Karam Edouard
P00087,Kerihuel V. J,keriuel,,2,1932,1,Kerihuel V. J
P00088,Kitroeff Alex. Th,kitroef alex th,,1,1932,1,Kitroeff Alex. Th
P00089,Klat Bey Dimitri,klat bei dimitri,,1,1932,1,Klat Bey Dimitri
P00090,Klat Jules,klat gules,bey,33,1932;1938;1942;1947;1950,5,Klat Jules | Klat J·ules
P00091,Labruyère René Julien,labruier ren gulien,,4,1932;1938,2,Labruyère René Julien | Labruyèœ René Julien
P00092,Lagonico S,lagoniko,,5,1932;1938,2,Lagonico S
P00093,Lascaris Mario,laskaris mario,,13,1932;1938;1942;1950,4,Lascaris Mario | Lascaris Mario A
P00094,Levi Guido,levi guido,,10,1932;1938;1947,3,Levi Guido
P00095,Lian Alfred,lian alfred,,20,1932;1942;1947;1950,4,Lian Alfred
P00096,Lindemann Hugo,lindeman hugo,,9,1932,1,Lindemann Hugo
P00097,Lowe A. J,lu,,18,1932;1938;1942;1947;1950,5,Lowe | Lowe A. J | Lowe A.J
P00098,Lozi Bey Abd el Fattah el,lozi bei abd fatah,,1,1932,1,Lozi Bey Abd el Fattah el
P00099,Lumbroso Jean,lumbroso gean,,2,1932,1,Lumbroso Jean
P00100,Marcovitch Jacques,markovitsh gakues,,1,1932,1,Marcovitch Jacques
P00101,Mazloum Hassan,mazlum hasan,pasha,34,1932;1938;1942;1947,4,Mazloum Hassan
P00102,Menasce Baron Félix de,menas baron felix,,5,1932,1,Menasce Baron Félix de
P00103,Minost Emile,minost emil,,8,1932;1938;1950,3,Minost Emile
P00104,Mohamed Mahmoud Bey Khalil Avocat,moamed mahmud bei khalil avokat,,3,1932,1,Mohamed Mahmoud Bey Khalil Avocat
P00105,Monnerat E. Ing,monerat ing,,4,1932,1,Monnerat E. Ing
P00106,Morin Jean,morin gean,,3,1932;1938,2,Mo1·in Jean | Morin Jean
P00107,Mosséri Elie N,moseri eli,,25,1932;1938,2,Mosseri Elie N | Mosséri Elie N
P00108,Mosseri Joseph,moseri gosef,,1,1932,1,Mosseri Joseph
P00109,Mosseri Maurice N,moseri mauris,,36,1932;1938;1942;1947;1950,5,Mosseri Maurice | Mosseri Maurice N | Mosséri Maurice N
P00110,Mosseri J. Nessim,moseri nesim,,1,1932,1,Mosseri J. Nessim
P00111,Nakhla Pacha El Motei Ancien Magistrat,nakhla pasha motei ansien magistrat,,1,1932,1,Nakhla Pacha El Motei Ancien Magistrat
P00112,Naeff Emile,naef emil,,2,1932,1,Naeff Emile
P00113,Naggiar F. Victor,nagiar viktor,,1,1932,1,Naggiar F. Victor
P00114,Nahman Enrico,nahman enriko,,2,1932,1,Nahman Enrico
P00115,Nathan J. Edward,nathan eduard,,4,1932;1938,2,Nathan Edward | Nathan J. Edward
P00116,Naus Henry,naus bei henri,bey,37,1932;1938,2,Naus Bey Henri C.B.E | Naus Henry
P00117,Nubar Arakel,nubar arakel,pasha,11,1932;1938;1947;1950,4,Nuba1· Arakel | Nubar Arakel
P00118,Pegna E,pegna,,10,1932;1942;1947;1950,4,Pegna E
P00119,Perrott C.H,perot,,2,1932,1,Perrott C.H
P00120,Pilavachi C,pilavashi,,4,1932,1,Pilavachi C
P00121,Pinto Silvio,pinto kav silvio,,16,1932;1938;1942;1947;1950,5,Pinto Cav. Silvio | Pinto Comm. Silvio | Pinto Silvio
P00122,Piot Bey J.B,piot bei,,3,1932,1,Piot Bey J.B
P00123,Polnauer L,polnauer,,3,1932,1,Polnauer L
P00124,Ràbbath Sélim,rabat selim,,6,1932;1938;1942,3,Rabbat Sélim | Rabbath Sélim | Ràbbath Sélim
P00125,Raybaud Max,raibaud max,,5,1932;1938;1942;1947;1950,5,Raybaud Max
P00126,Reinhart Alfred,reinhart alfred,,5,1932,1,Reinhart Alfred
P00127,Richmond T.S,rishmond,,7,1932,1,Richmond T.S
P00128,Riquez Cav. Uff. Giuseppe,rikuez kav uf giusep,,4,1932,1,Riquez Cav. Uff. Giuseppe
P00129,Rolin Léon,rolin leon,,3,1932,1,Rolin Léon
P00130,Rolo Max,rolo max,,5,1932;1942;1947;1950,4,Rolo Max
P00131,Rolo Robert J,rolo robert,,19,1932;1947;1950,3,Rolo Robert J | Rolo Robert S. C.B.E | Roto Robert J
P00132,Rom François,rom frankois,,12,1932;1942;1947;1950,4,Rom François | Rustom François P
P00133,Rowlatt Sir F.T. K.B.E,rulat sir,,2,1932,1,Rowlatt Sir F.T. K.B.E
P00134,Safouat Pacha Mohamed,safuat pasha moamed,,1,1932,1,Safouat Pacha Mohamed
P00135,Salvago Micliel,salvago mikliel,,5,1932,1,Salvago Micliel
P00136,Salvago Constantin M,salvag konstantin,,21,1932;1938;1947;1950,4,Salvag-o Constantin | Salvago Constantin M
P00137,Lionello Scelsi,lionelo selsi,,3,1932,1,Lionello Scelsi
P00138,Shamà Elie F,shama eli,,2,1932;1947,2,Shamà Elie F
P00139,Sidi Vitali,sidi vitali,,3,1932;1938,2,Sidi Vitali
P00140,Spetseropoulo G. D,spetseropulo,,3,1932;1938,2,Spetseropoulo D | Spetseropoulo G. D | Spetseropoulo G.D
P00141,Strologo G. D,strologo,,7,1932;1938,2,Strologo G. D | Strologo R. C | Strologo R.C
P00142,Suarès Alfred,suares alfred,,1,1932,1,Suarès Alfred
P00143,Suarès Fernand,suares fernand,,1,1932,1,Suarès Fernand
P00144,Suarès Jacques,suares gakues,,3,1932;1938,2,Suarès Jacques
P00145,Léon Suarès,leon suares,,2,1932,1,Léon Suarès
P00146,Sultan Dr. Fouad,sultan fuad,bey,35,1932;1938;1942;1947;1950,5,Sultan Dr. Fouad | Sultan Fouad
P00147,Sursock Nicolas A,sursok nikolas,,4,1932;1938,2,Smsock Nicolas A | Sursock Nicolas A
P00148,Sursock Vladimir,sursok vladimir,,7,1932;1947;1950,3,Sursock Vladimir
P00149,Talaat Harb,talat harb,pasha,6,1932,1,Talaat Harb
P00150,Takla G.,takla,pasha,10,1932;1938;1942,3,Takla G.
P00151,Toriel Elie,toriel eli,,2,1932,1,Toriel Elie
P00152,Toriel Raphael,toriel rafael,,11,1932;1942,2,Toriel Raphael
P00153,Trembley Ernest,tremblei ernest,,9,1932;1942;1947,3,Trembley Ernest
P00154,Vais Ezio,vals ezio,,5,1932;1938;1942,3,Vais Ezio | Vals Ezio
P00155,Vannucci Comm. Gr·isante,vanuksi kom grisant,,13,1932;1938;1942;1947,4,Vannucci Comm. Grisante | Vannucci Comm. Gr·isante | Vannucci Comtm. Grisante | Vannucci Grisante
P00156,Vincenot,vinsenot,,5,1932;1938,2,Vincenot | Vincenot M
P00157,Watson C. J,uatson,,1,1932,1,Watson C. J
P00158,Wellhoff Salomon,uelhof salomon,,14,1932;1938;1942,3,Wcllhofï Salomon | Wellhoff Salomon
P00159,Williamson John,uiliamson gohn,,1,1932,1,Williamson John
P00160,Wood Smith K.B,uod smith,,1,1932,1,Wood Smith K.B
P00161,Zarifi Th,zarifi th,,1,1932,1,Zarifi Th
P00162,Zerbini Dimitri J,zerbini dimitri,,1,1932,1,Zerbini Dimitri J
P00163,Sir Ziwer Ahmed,sir ziuer ahmed,pasha,1,1932,1,Sir Ziwer Ahmed
P00164,Abaza Abele! Ilamid,abaza abel ilamid,bey,1,1938,1,Abaza Abele! Ilamid
P00165,Abaza Fouad,abaza fuad,pasha,12,1938;1950,2,Abaza Fouad
P00166,Abboud Ahmed,abud ahmed,pasha,11,1938;1947,2,Abboud Ahmed | Abboud Mohamed Ahmed
P00167,Abele! Rahim Hussein Me,abel raim husein m,,2,1938;1942,2,Abdel Rahim Hussein Me | Abele! Rahim Hussein Me
P00168,Abdel Rahman Fayed,abdel rahman faied,,3,1938;1947;1950,3,Abdel Rahman Fayed
P00169,Abdel Rahman Hamada,abklel rahman hamada,pasha,15,1938;1947;1950,3,Abclel Rahman Hamada. | Abdel Rahman Hamada
P00170,Abdel Rahman Rida,abdel rahman rida,pasha,2,1938,1,Abdel Rahman Rida
P00171,Aboul Ela Mahmoud,abul ela mahmud,,5,1938;1947;1950,3,Aboul Ela Mahmoud | About Ela Mahmoud
P00172,Aboul Ela Meheissen El llag,abul ela meisen lag,,1,1938,1,Aboul Ela Meheissen El llag
P00173,Acher Abl'amino S,asher abl amino,,2,1938,1,Acher Abl'amino S
P00174,Adela Césal' V,adela sesal,,1,1938,1,Adela Césal' V
P00175,Adda Femand C.A,ada femand,,1,1938,1,Adda Femand C.A
P00176,Adda Hené i\le,ada hen il,,1,1938,1,Adda Hené i\le
P00177,Adda Victot· A,ada viktot,,2,1938,1,Adda Victot· A
P00178,Adès Elie N,ades eli,,1,1938,1,Adès Elie N
P00179,Adès Gaston N,ades gaston,,4,1938;1942;1947;1950,4,Adès Gaston N
P00180,Adès Uaphaël,ades uafael,,1,1938,1,Adès Uaphaël
P00181,Aghiou,aghiu,,1,1938,1,Aghiou
P00182,Agnew Anch·ew,agneu ansheu,,2,1938,1,Agnew Anch·ew
P00183,Allain Maurice,alain mauris,,1,1938,1,Allain Maurice
P00184,Allard Josse-Louis Baron,alard gos luis baron,,1,1938,1,Allard Josse-Louis Baron
P00185,Allemann Georges,aleman georges,,18,1938;1942;1947;1950,4,Allemann Georges
P00186,Alphandary Robert,alfandari robert,,4,1938;1947;1950,3,Alphandary Robert
P00187,Ambron Aldo,ambron aldo,,8,1938;1947;1950,3,Ambron Aldo
P00188,Amiel Raphaël,amiel rafael,,1,1938,1,Amiel Raphaël
P00189,Amin Samy,amin sami,pasha,1,1938,1,Amin Samy
P00190,Ancll'il t Col. Maurice,ankl il kol mauris,,3,1938,1,Ancll'il t Col. Maurice
P00191,Angeloglou Jean L,angeloglu gean,,1,1938,1,Angeloglou Jean L
P00192,Armstrong AHred,armstrong ahred,,1,1938,1,Armstrong AHred
P00193,At·msh·ong Lord,atmshong lord,,1,1938,1,At·msh·ong Lord
P00194,At·slan Abclalla,atslan abklala,bey,2,1938,1,At·slan Abclalla
P00195,Alla,ala,,3,1938,1,Alla
P00196,Audebeau Charles,audebeau sharles,bey,1,1938,1,Audebeau Charles
P00197,Auet· Conrad,auet konrad,,2,1938;1947,2,Auer Conrad | Auet· Conrad
P00198,Awad Elias,auad elias,pasha,1,1938,1,Awad Elias
P00199,Awre Gilbm·t Chl'istophet·,aur gilbmt shl istofet,,1,1938,1,Awre Gilbm·t Chl'istophet·
P00200,Axeh·ood Matt M,axeod mat,,2,1938;1942,2,Axeh·ood Matt M | Axelrood Matt M
P00201,Bahad Tewfik,bad teufik,,2,1938,1,Bahad Tewfik
P00202,Barl{aï Ben Zion,barlai zion,,1,1938,1,Barl{aï Ben Zion
P00203,"Bal""lœr A. H",baloer,,1,1938,1,"Bal""lœr A. H"
P00204,Bat·ker,batker,,9,1938,1,Bat·ker
P00205,Barld Edouard,barld eduard,,1,1938,1,Barld Edouard
P00206,Ballino Elliott,balino eliot,,1,1938,1,Ballino Elliott
P00207,Beattie Thomas,beatik thomas,,3,1938;1947;1950,3,Beattic Thomas | Beattie Thomas
P00208,Bégué Emile,begu emil,,8,1938;1942;1947;1950,4,Begué Emile | Bégué Emile
P00209,Bchl'Cnd J. L,bshl knd,,2,1938,1,Bchl'Cnd J. L
P00210,Bella Alfl'cd,bela alfl kd,,1,1938,1,Bella Alfl'cd
P00211,Ben Asher Moïse,asher mois,,1,1938,1,Ben Asher Moïse
P00212,Benachi Alexandre L,benashi alexandr,,2,1938;1950,2,Benachi Alexandre L
P00213,Benachi Lucas Ant,benashi lukas ant,,3,1938;1950,2,Benachi Lucas Ant
P00214,Bendedi,bendedi,,1,1938,1,Bendedi
P00215,Benderli Simon,bendel li simon,,5,1938;1942;1947;1950,4,Bendel'li Simon | Benderli Simon
P00216,Benoist B:uon Louis de,benoist buon luis,,3,1938,1,Benoist B:uon Louis de
P00217,Besso Joseph M,beso gosef,,8,1938;1950,2,Besso Joseph M
P00218,Usines Textiles Al-Kallira,usines textiles kalira,,3,1938,1,Usines Textiles Al-Kallira
P00219,BoHon Halph Peter,bon half peter,,1,1938,1,BoHon Halph Peter
P00220,Bomonti Cm't,bomonti km,,1,1938,1,Bomonti Cm't
P00221,Bordier Pierre,bordiet pier,,4,1938;1942;1947;1950,4,Bordier Pierre | Bordiet· Pierre
P00222,Bosiano Constantin,bosiano konstantin,,1,1938,1,Bosiano Constantin
P00223,Bouchra Hanna Chal'les,bushra hana shal les,,2,1938,1,Bouchra Hanna Chal'les
P00224,Boulle Léon,bul leon,,2,1938,1,Boulle Léon
P00225,Bolll're Edouard,bol r eduard,,3,1938,1,Bolll're Edouard
P00226,Boyer P,boier,,2,1938,1,Boyer P
P00227,Bmndt El'llsl,bmndt lsl,,1,1938,1,Bmndt El'llsl
P00228,Brereton II. R,brereton i,,2,1938,1,Brereton II. R
P00229,Bridson IL,bridson il,,1,1938,1,Bridson IL
P00230,Bt·mmer :Frédéric,btmer frederik,,1,1938,1,Bt·mmer :Frédéric
P00231,Buchlea Constantin Dr,bushlea konstantin dr,,3,1938;1942,2,Buchlea Constantin Dr
P00232,Hungenet· Alexand1·e,hungenet alexand,,2,1938,1,Hungenet· Alexand1·e
P00233,Burlet Charles de,burlet sharles,,2,1938;1942,2,Burlet Charles de
P00234,Buxton Robert V,buxton robert,,5,1938;1947;1950,3,Buxton Robert V
P00235,Cadéménos Stavros Me,kademenos stavros m,,1,1938,1,Cadéménos Stavros Me
P00236,Caias Pantazi,kaias pantazi,,2,1938;1942,2,Caias Pantazi
P00237,Calambokidis A,kalambokidis,,1,1938,1,Calambokidis A
P00238,Callens Auguste,kalens august,,4,1938;1942;1947,3,Callens Auguste
P00239,Campbell The Hon,kampbel th hon,,1,1938,1,Campbell The Hon
P00240,Campos Amedgo,kampos amedgo,,1,1938,1,Campos Amedgo
P00241,Campos Hans,kampos hans,,4,1938;1942;1947;1950,4,Campos Hans
P00242,Ca1·ter Robm1,kater robm,,1,1938,1,Ca1·ter Robm1
P00243,Carton de Wiart Edmond Baron,katon uiart edmond baron,,4,1938;1942;1947;1950,4,Ca1·ton de Wiart Edmond Baron | Carton de Wiart Edmond Baron | Carton de Wiart Edmond Baron K.B.E
P00244,Cassavetti Demetl'ious John,kasaveti demetl ius gohn,,1,1938,1,Cassavetti Demetl'ious John
P00245,Castelletti,kasteleti,,1,1938,1,Castelletti
P00246,Castro Charles V,kastro sharles,,3,1938;1947;1950,3,Castro Charles V
P00247,Casulli Jean N,kasuli gean,,1,1938,1,Casulli Jean N
P00248,Casulli Michel S,kasuli mishel,,9,1938;1947;1950,3,Casulli Michel S
P00249,Cattaui Hector de,kataui hektor,,1,1938,1,Cattaui Hector de
P00250,Chaaraoui Hassan,sharaui hasan,pasha,3,1938;1947;1950,3,Chaaraoui Hassan
P00251,Chalom C,shalom,,2,1938,1,Chalom C
P00252,Chale Charles Geoîh·ey,shal sharles geoiei,,1,1938,1,Chale Charles Geoîh·ey
P00253,Choremi Georges J,shoremi georges,,5,1938;1942;1947;1950,4,Choremi Georges J
P00254,Choucri Mahmoud,shukri mahmud,pasha,8,1938,1,Choucri Mahmoud
P00255,Cicurel Elvira Mme,sikurel elvira m,,1,1938,1,Cicurel Elvira Mme
P00256,CicUl'cl J'oseph,sikul kl osef,,2,1938,1,CicUl'cl J'oseph
P00257,Clark G. H,klark,,1,1938,1,Clark G. H
P00258,Clark Henry,klarl henri,,3,1938;1947;1950,3,Clark Henry | Clarl< Henry
P00259,Coconi Jean D,kokoni gean,,1,1938,1,Coconi Jean D
P00260,Coen Edouard,koen eduard,,4,1938;1942;1947;1950,4,Coen Edouard
P00261,Coen James,koen games,,4,1938;1942;1947;1950,4,Coen James
P00262,Coen Maul'izio,koen maul izio,,1,1938,1,Coen Maul'izio
P00263,Cogels Baron Jean,kogels baron gean,,2,1938;1947,2,Cogels Baron Jean
P00264,Cohen Aron,koen aron,,4,1938;1942;1947;1950,4,Cohen Aaron | Cohen Aron
P00265,Cohen Alîred N,koen alired,,2,1938,1,Cohen Alîred N
P00266,Cohen,koen,,3,1938;1942;1950,3,Cohen
P00267,Cohen Victot·,koen viktot,,1,1938,1,Cohen Victot·
P00268,Cohenca Monis,koenka monis,,3,1938;1942,2,Cohenca Monis
P00269,Collier Henry Dewat·d,kolier henri deuatd,,1,1938,1,Collier Henry Dewat·d
P00270,Constant Benjamin,konstant bengamin,,2,1938;1950,2,Constant Benjamin
P00271,Constant,konstant,,1,1938,1,Constant
P00272,Constantinescu Michel Ingénicut·,konstantinesku mishel ingenikut,,1,1938,1,Constantinescu Michel Ingénicut·
P00273,Constantinidis Emile,konstantinidis emil,,1,1938,1,Constantinidis Emile
P00274,Conti Ettore,konti etor,,1,1938,1,Conti Ettore
P00275,Cossery Edouard,koseri eduard,bey,4,1938;1942;1947;1950,4,Cossery Edouard
P00276,CI·ame1·-Robm·ts F. W,siam robmts,,1,1938,1,CI·ame1·-Robm·ts F. W
P00277,Crespi Silvio,krespi silvio,,1,1938,1,Crespi Silvio
P00278,Critchley T.A.F,kritshlei,,4,1938,1,Critchley T.A.F
P00279,Curie! Elie M,kuri eli,,1,1938,1,Curie! Elie M
P00280,Curie! Maurice E,kuri mauris,,4,1938;1947;1950,3,Curie! Maurice E | Curiel Maurice E
P00281,Dabbah Maut·icc,dabah mautik,,2,1938,1,Dabbah Maut·icc
P00282,Davis T. A,davis,,8,1938;1950,2,Davis T. A | Davis T.A
P00283,Delany,delani,,2,1938,1,Delany
P00284,Dclaquis René,dklakuis ren,,1,1938,1,Dclaquis René
P00285,Deleuze C,deleuz,,1,1938,1,Deleuze C
P00286,Dcliyanni Basile,dkliani basil,,1,1938,1,Dcliyanni Basile
P00287,Dellaporta Byron G,dklaporta biron,,16,1938;1942;1950,3,Dcllaporta Byron G | Dellaporta Byron G
P00288,Det·vieu P,detvieu,,1,1938,1,Det·vieu P
P00289,Destrée René,deslt ren,,4,1938;1947,2,Deslt'ée René | Destrée René
P00290,Diacono Ileclot· V,diakono ileklot,,2,1938,1,Diacono Ileclot· V
P00291,Diucono R. O,diukono,,2,1938,1,Diucono R. O
P00292,Dierman Piel'l'c,dierman piel,,1,1938,1,Dierman Piel'l'c
P00293,Dol'l'a Jacques,dol gakues,,1,1938,1,Dol'l'a Jacques
P00294,Dubanc Joseph Me,dubank gosef m,,1,1938,1,Dubanc Joseph Me
P00295,Dubied Pierre,dubied pier,,3,1938;1942;1947,3,Dubied Pierre
P00296,Dulœs Et·ic,duloes etik,,1,1938,1,Dulœs Et·ic
P00297,EHiatoun Mohamcd,eiatun moamkd,pasha,1,1938,1,EHiatoun Mohamcd
P00298,Eicl Raymond,eikl raimond,,1,1938,1,Eicl Raymond
P00299,Eliasco J. C,eliasko,,3,1938,1,Eliasco C. J | Eliasco J. C
P00300,Le Caire,l kair,,10,1938;1947;1950,3,Banque Misr Siège du Caire | Caire | Le Caire
P00301,Eloui Mme Elisabeth,elui m elisabeth,,1,1938,1,Eloui Mme Elisabeth
P00302,Général de la Misr Airwork,general la misr airuork,,1,1938,1,Général de la Misr Airwork
P00303,El Sayed Abdel Rahman,saied abdel rahman,bey,1,1938,1,El Sayed Abdel Rahman
P00304,El-Toukhy Abdel Baki Taha,tukhi abdel baki ta,,1,1938,1,El-Toukhy Abdel Baki Taha
P00305,El-Toul hy Abdel Fattah Taha,tul hi abdel fatah ta,,1,1938,1,El-Toul hy Abdel Fattah Taha
P00306,EI-Toukhy El Sayed Ahmed,ei tukhi saied ahmed,,1,1938,1,EI-Toukhy El Sayed Ahmed
P00307,EI-Tould1y Hassan Ahmed,ei tuldi hasan ahmed,,2,1938,1,EI-Tould1y Hassan Ahmed
P00308,EI-Toukhy Mohamed Ahmed,ei tukhi moamed ahmed,,1,1938,1,EI-Toukhy Mohamed Ahmed
P00309,El-Toul hy Taha Ahmed,tul hi ta ahmed,,1,1938,1,El-Toul hy Taha Ahmed
P00310,El Zayat,zaiat,,1,1938,1,El Zayat
P00311,Empain M. le Bar-on Jean,empain l bar on gean,,2,1938,1,Empain M. le Bar-on Jean
P00312,Empain Baron Louis,empain l baron luis,,3,1938;1947;1950,3,Empain Baron Louis | Empain M. le Baron Louis
P00313,Empedocles Gregory,empedokles gregori,,2,1938;1950,2,Empedocles Gregory
P00314,Epaulat·d P,epaulatd,,2,1938,1,Epaulat·d P
P00315,Erfan Mohamed,fan moamed,bey,3,1938;1947;1950,3,El'fan Mohamed | Erfan Mohamed
P00316,El'l'era Isaac,era isak,,3,1938;1942,2,El'l'era Isaac | Errera Isaac
P00317,Bassal,basal,,1,1938,1,Bassal
P00318,El Borollos,borolos,,2,1938,1,El Borollos
P00319,Eslabt•ool{ Edward Lewis,eslabtol eduard leuis,,1,1938,1,Eslabt•ool{ Edward Lewis
P00320,Eugenicli E,eugenikli,,1,1938,1,Eugenicli E
P00321,Eves II. B. Heath,eves i heath,,1,1938,1,Eves II. B. Heath
P00322,Exbrayal,exbraial,,3,1938,1,Exbrayal
P00323,Ezri Emmanuel,ezri emanuel,,2,1938,1,Ezri Emmanuel
P00324,Fahmi Gallini l~acha,fahmi galini lasha,,2,1938,1,Fahmi Gallini l~acha
P00325,Faklll'i Mahmoud,fakl mahmud,pasha,1,1938,1,Faklll'i Mahmoud
P00326,Fannc•· William Rogm·s,fank uiliam rogms,,1,1938,1,Fannc•· William Rogm·s
P00327,Fa•·ahat Vila,fat vila,,1,1938,1,Fa•·ahat Vila
P00328,Fat·ghaly,fatghali,,4,1938,1,Fat·ghaly
P00329,Fcndcl'l Hugo,fkndkl hugo,,1,1938,1,Fcndcl'l Hugo
P00330,Fcn·o J. H,fkno,,1,1938,1,Fcn·o J. H
P00331,"Feyel""ick Jacques",feielik gakues,,3,1938;1947;1950,3,"Feyel""ick Jacques | Feyerick Jacques | Feyerlick Jacques"
P00332,F1·asm· William,fasm uiliam,,1,1938,1,F1·asm· William
P00333,Garboua Emile,gabua emil,,3,1938;1942;1950,3,Ga1·boua Emile | Garboua Emile
P00334,Ga•·nou•· Gab!'icl,ganu gab ikl,,1,1938,1,Ga•·nou•· Gab!'icl
P00335,Gclal'Ciin Jacques,gklal sin gakues,,1,1938,1,Gclal'Ciin Jacques
P00336,Gr·ego Oscal',grego oskal,,1,1938,1,Gr·ego Oscal'
P00337,Gautier Charles,gautier sharles,,2,1938;1947,2,Gautier Charles
P00338,Geisenberget· Piene,geisenberget pien,,1,1938,1,Geisenberget· Piene
P00339,Ghali Youssef Boutros,ghali iusef butros,bey,1,1938,1,Ghali Youssef Boutros
P00340,Ghazi Mahrous Mohamed,ghazi mahtus moamed,,3,1938;1942;1947,3,Ghazi Mahrous Mohamed | Ghazi Maht·ous Mohamed
P00341,Ghazi Moustapha Ramet,ghazi mustafa ramet,,5,1938,1,Ghazi Moustapha Ramet
P00342,Godbcr· Fr·cdcricl<,godbkr frkdkrikl,,1,1938,1,Godbcr· Fr·cdcricl<
P00343,Golding Chal'lcs Mc,golding shal lks mk,,1,1938,1,Golding Chal'lcs Mc
P00344,Goulène G,gulen,,1,1938,1,Goulène G
P00345,Grassi Gr. Uff. Carlo,grasi gr uf karlo,,2,1938,1,Grassi Gr. Uff. Carlo
P00346,Grassi. Stanislas,grasi stanislas,,1,1938,1,Grassi. Stanislas
P00347,Gt·assi Ugo Oott,gtasi ugo ot,,1,1938,1,Gt·assi Ugo Oott
P00348,Gt·asso Oscar· Rag,gtaso oskar rag,,2,1938;1942,2,Grasso Oscar Rag | Gt·asso Oscar· Rag
P00349,Gt·eenhalgh Thomas,gtenhalgh thomas,,1,1938,1,Gt·eenhalgh Thomas
P00350,Gt·egusci G,gtegusi,,1,1938,1,Gt·egusci G
P00351,Gdmpt·el Maui'Ïce,gdmptel maui is,,4,1938,1,Gdmpt·el Maui'Ïce
P00352,Groppi J,gropi,,7,1938;1942;1947;1950,4,Groppi A | Groppi J
P00353,Gueziri Ot·,gueziri ot,,1,1938,1,Gueziri Ot·
P00354,Guirguis Elias,guitguis elias,,6,1938;1942;1947;1950,4,Guirguis Elias | Guit·guis Elias
P00355,Guirguis NassH EH,guirguis nash eh,,1,1938,1,Guirguis NassH EH
P00356,Ginsberg Richard,guisberg rishard,,3,1938;1947;1950,3,Ginsberg Richard | Guisberg Richar·d
P00357,Hahnlose•· 0•·. Emile,hahnlos emil,,3,1938,1,Hahnlose•· 0•·. Emile
P00358,Halim Mot·aan EH,halim motan eh,,2,1938,1,Halim Mot·aan EH
P00359,Hanan Victot,hanan viktot,,3,1938,1,Hanan Victot
P00360,Hanna Mina,hana mina,,3,1938;1947;1950,3,Hanna Mina
P00361,Sir Harat•i Victot·,sir harati viktot,pasha,4,1938,1,Sir Harat•i Victot·
P00362,Harb Mohamed Talaat,harb moamed talat,pasha,9,1938,1,Harb Mohamed Talaat
P00363,Jlare Commander F. T,glar komander,,1,1938,1,Jlare Commander F. T
P00364,Ilarmant Eugène,ilarmant eugen,,1,1938,1,Ilarmant Eugène
P00365,Hasda A,hasda,,2,1938,1,Hasda A
P00366,Misr Concrete Developmcnt Cy,misr konkret developmknt si,,1,1938,1,Misr Concrete Developmcnt Cy
P00367,Société Egyptienne des Industries Chimiques,sosiet egiptien des industries shimikues,,1,1938,1,Société Egyptienne des Industries Chimiques
P00368,Ilegener Th. M,ilegener th,,1,1938,1,Ilegener Th. M
P00369,Helier Edouard de~,helier eduard d,,1,1938,1,Helier Edouard de~
P00370,Henkart Raoul,henkart raul,,1,1938,1,Henkart Raoul
P00371,Ililal Léonidas Gamil,ililal leonidas gamil,,1,1938,1,Ililal Léonidas Gamil
P00372,Ililali Ahmecl Naguib,ililali ahmekl naguib,bey,1,1938,1,Ililali Ahmecl Naguib
P00373,Ilit·sh Siegmund,ilitsh siegmund,,1,1938,1,Ilit·sh Siegmund
P00374,Jlochart Mam·ice,gloshart mamis,,1,1938,1,Jlochart Mam·ice
P00375,Hoet·ni Robm·t,hoetni robmt,,1,1938,1,Hoet·ni Robm·t
P00376,Home Sit· John Ba1·t,hom sit gohn bat,,4,1938,1,Home Sit· John Ba1·t
P00377,Horne F. J,horn,,5,1938;1942;1947,3,Horne | Horne F. J
P00378,Société Egyptienne de Constructions,sosiet egiptien konstruktions,,7,1938,1,Société Egyptienne de Constructions
P00379,Izzet Abdullah,izet abdulah,,4,1938,1,Izzet Abdullah
P00380,Jacot-Descombcs J.G,gakot deskombks,,1,1938,1,Jacot-Descombcs J.G
P00381,K:-u·am Edouanl,k uam eduanl,,3,1938,1,K:-u·am Edouanl
P00382,Kennedy Geor·ge Er·nest,kenedi georg ernest,,2,1938;1942,2,Kennedy George Ernest | Kennedy Geor·ge Er·nest
P00383,J Jmil'i Hassan,gmil hasan,bey,1,1938,1,J Jmil'i Hassan
P00384,IHoul'i Joseph,iul gosef,,1,1938,1,IHoul'i Joseph
P00385,Kfomi Philippe,kfomi filip,,1,1938,1,Kfomi Philippe
P00386,Kfomi Michel,kfomi mishel,,1,1938,1,Kfomi Michel
P00387,Khalil Mohamed Mahmoud,khalil moamekl mahmud,bey,36,1938;1942;1947;1950,4,Khalil Mohamecl Mahmoud | Khalil Mohamed Mahmoud
P00388,Kii'J{man Robert,ki gman robert,,1,1938,1,Kii'J{man Robert
P00389,Koch Gaspat·,kosh gaspat,,1,1938,1,Koch Gaspat·
P00390,Portland Tourah,portland turah,,2,1938,1,Portland Tourah
P00391,Lagoudalds Constantin J,lagudalds konstantin,,2,1938,1,Lagoudalds Constantin J
P00392,LaheiTèt·c L,laeitetk,,2,1938,1,LaheiTèt·c L
P00393,Lambert Florent Casimir,lambert florent kasimir,,1,1938,1,Lambert Florent Casimir
P00394,Lancker Fr. De,lanker fr,,1,1938,1,Lancker Fr. De
P00395,Lappas Georges,lapas georges,,3,1938;1947;1950,3,Lappas Georges
P00396,Larsen Gunnat·,larsen gunat,,1,1938,1,Larsen Gunnat·
P00397,Lebon Mat•cel,lebon matsel,,2,1938,1,Lebon Mat•cel
P00398,Lecluse Valère,leklus valer,,1,1938,1,Lecluse Valère
P00399,Lee Lee Roger Malcolm,l l roger malkolm,,3,1938;1947;1950,3,Lee Lee Roger Malcolm
P00400,Lees Sir William Clare,les sir uiliam klar,,2,1938;1950,2,Lees Sir William Clare
P00401,Lemarquis J,lemarkuis,,3,1938;1942,2,Lemarquis J
P00402,Leten Roland,leten roland,,3,1938;1947;1950,3,Leten Roland | Roland
P00403,Levi 1. G,levi,,10,1938;1942;1950,3,Levi | Levi 1. G
P00404,Levi Nellos A,levi nelos,,2,1938;1950,2,Levi Nellos A
P00405,Levi RoU,levi ru,,1,1938,1,Levi RoU
P00406,Lhomme L,lhom,,2,1938,1,Lhomme L
P00407,Lloyd John Evans,loid gohn evans,,3,1938;1942,2,Lloyd John Evans
P00408,Lloyd John E,loid gohn,,3,1938;1947,2,Lloyd John | Lloyd John E
P00409,Lomba•·cl Albert,lombakl albert,,1,1938,1,Lomba•·cl Albert
P00410,Lombat·do Cesat·e,lombatdo sesat,,1,1938,1,Lombat·do Cesat·e
P00411,Lombardo Hugo,lombardo hugo,,6,1938;1942,2,Lombardo Hugo
P00412,Losco Bernat•d,losko bernatd,,1,1938,1,Losco Bernat•d
P00413,Lozy Tahet· El,lozi taet,bey,2,1938,1,Lozy Tahet· El
P00414,Luce,lus,,2,1938,1,Luce
P00415,Lumbroso J,lumbroso,,7,1938;1942;1947;1950,4,Lumbroso | Lumbroso J | Lumbroso M
P00416,Luml l'oso M,luml oso,,1,1938,1,Luml l'oso M
P00417,MacCuloch Norman G,makulosh norman,,1,1938,1,MacCuloch Norman G
P00418,Mac Ewen William G,mak euen uiliam,,3,1938;1942;1947,3,Mac Ewen William G
P00419,Maggiar Anch·é 0,magiar ansh,,1,1938,1,Maggiar Anch·é 0
P00420,Maher DL·. Ahmed,maer dl ahmed,,2,1938,1,Maher DL·. Ahmed
P00421,Mahfouz Hassan,mahfuz hasan,,1,1938,1,Mahfouz Hassan
P00422,Mahmoud Zald,mahmud zald,bey,1,1938,1,Mahmoud Zald
P00423,Maksucl Emile,maksukl emil,,1,1938,1,Maksucl Emile
P00424,Malatesta Me Tt·istan,malatesta m tistan,,1,1938,1,Malatesta Me Tt·istan
P00425,Mallet Charles,malet sharles,,1,1938,1,Mallet Charles
P00426,Malone Peter,malon peter,,3,1938;1942;1950,3,Malone Peter
P00427,Mai·chal H,maishal,,1,1938,1,Mai·chal H
P00428,Et:yptienne des Pétroles COGEP,etiptien des petroles kogep,,3,1938,1,Et:yptienne des Pétroles COGEP
P00429,Ciment Portland Tourah,siment portland turah,,1,1938,1,Ciment Portland Tourah
P00430,MasUl'el Andr·é Follet,masul andr folet,,2,1938,1,MasUl'el Andr·é Follet
P00431,Matalon William,matalon uiliam,,4,1938;1947,2,Matalon William | Matalon ·william
P00432,Matecf Matey R,matekf matei,,1,1938,1,Matecf Matey R
P00433,Matossian Joseph O,matosian gosef,,4,1938;1947;1950,3,Matossian Joseph O
P00434,Matossian Vincent O,matosian vinsent,,4,1938;1947;1950,3,Matossian Vincent | Matossian Vincent O
P00435,Matsa Constantin A,matsa konstantin,,1,1938,1,Matsa Constantin A
P00436,Maughfling J,maughfling,,1,1938,1,Maughfling J
P00437,Mavro Mike,mavro mik,,11,1938;1947;1950,3,Mavro Mike | Mavro Miké
P00438,Mazin L. A. Ing,mazin ing,,1,1938,1,Mazin L. A. Ing
P00439,Medici Del Vascello Le Marquis Luigi,medisi vaselo l markuis luigi,,1,1938,1,Medici Del Vascello Le Marquis Luigi
P00440,Peel Col. E. T,mel kali luigi kol,,8,1938;1947;1950,3,Cole | Cole T. R | Fryett Roland Théodore Lt. Col | Mel'Calli Luigi Col | Peel Col. E. T | Samson Col. A.O
P00441,Messiqua Marcel,mesikua marsel,,9,1938;1942;1947,3,Messiqua Marcel
P00442,Metwalli Mohamed,metuali moamed,bey,4,1938;1947,2,Metwalli Mohamed
P00443,Michell F. W,mishel,,1,1938,1,Michell F. W
P00444,Michriki Youssef,mishriki iusef,bey,1,1938,1,Michriki Youssef
P00445,Millet· A,milet,,2,1938,1,Millet· A
P00446,Mills A. E,mils,,8,1938;1947;1950,3,Mills A. E | Mills A.E | Mills F
P00447,Misrahi Albert,misrai albert,,10,1938;1942;1947;1950,4,Misrahi Albert
P00448,Misrahi Isaac J,misrai isak,,7,1938;1950,2,Misrahi Isaac J
P00449,Mitarachi Th,mitarashi th,,6,1938;1942,2,Mitarachi Th
P00450,Mobel'ly Cha1·le~ Hem·y Dowarcl,mobel li shal hemi duarkl,,1,1938,1,Mobel'ly Cha1·le~ Hem·y Dowarcl
P00451,Mohamccl Abbas Rachid,moamkl abas rashid,,2,1938;1950,2,Mohamccl Abbas Rachid | Rachid
P00452,Mohamcd Fouad,moamkd fuad,,2,1938,1,Mohamcd Fouad
P00453,Monchicourt Ancll'é P,monshikurt ankl,,1,1938,1,Monchicourt Ancll'é P
P00454,Monnerat E,monerat,,4,1938;1942,2,Monnerat E
P00455,Montaner,montaner,,1,1938,1,Montaner
P00456,Morch O. V,morsh,,1,1938,1,Morch O. V
P00457,MOI·dan James,moidan games,,1,1938,1,MOI·dan James
P00458,Moreau E,moreau,,3,1938;1942,2,Moreau E
P00459,Moriatti Georues,moriati georues,,1,1938,1,Moriatti Georues
P00460,M01·pm·go Gustavo,mpmgo gustavo,,1,1938,1,M01·pm·go Gustavo
P00461,Morton James Het·bei·t,morton games hetbeit,,1,1938,1,Morton James Het·bei·t
P00462,Mossél'i AlbCI't Vita,mosel albsi vita,,1,1938,1,Mossél'i AlbCI't Vita
P00463,Film,film,,3,1938;1942;1950,3,Film | Film»
P00464,Portland Tourab,portland turab,,2,1938,1,Portland Tourab
P00465,Mosséri FéHx N,moseri fehx,,1,1938,1,Mosséri FéHx N
P00466,Mossél'i,mosel,,3,1938,1,Mossél'i
P00467,Mosseri Joseph Vita,moseri gosef vita,,7,1938;1942;1947;1950,4,Mosseri Joseph Vita | Mosséri Joseph Vita
P00468,Egyptienne de Tuyaux,egiptien tuiaux,,4,1938,1,Egyptienne de Tuyaux
P00469,Moucbly Cécile,mukbli sesil,,1,1938,1,Moucbly Cécile
P00470,Moucbly Max,mukbli max,,1,1938,1,Moucbly Max
P00471,Mou1·atiadi C. M,muatiadi,,4,1938,1,Mou1·atiadi C. M
P00472,Mullet Georges,mulet georges,,6,1938,1,Mullet Georges
P00473,MUI·at E,muiat,,1,1938,1,MUI·at E
P00474,Nacamuli Albcl'l,nakamuli albkl,,1,1938,1,Nacamuli Albcl'l
P00475,Nacamuli Isaac E. Comm,nakamuli isak kom,,2,1938,1,Nacamuli Isaac E. Comm
P00476,Nachaty Youssef Dr,nashati iusef dr,,2,1938;1950,2,Nachati Youssef Dr | Nachaty Youssef Dr
P00477,Nahas Michel,nas mishel,,3,1938;1947;1950,3,Nabas Michel | Nahas Michel
P00478,Nahas Robert,nas robert,,3,1938;1947;1950,3,Nabas Robert | Nahas Robert
P00479,Nahman Armand V,nahman armand,,6,1938;1950,2,Nahman Armand V
P00480,Nahmias Salomon,nahmias salomon,,1,1938,1,Nahmias Salomon
P00481,Napier Sir ' Joseph W. L,napier sir gosef,,1,1938,1,Napier Sir ' Joseph W. L
P00482,Nelson George,nelson georg,,1,1938,1,Nelson George
P00483,Neuflize Baron de,neufliz baron,,3,1938,1,Neuflize Baron de
P00484,Nichols D,nishols,,7,1938;1942;1947;1950,4,Nichols D | Ni·chols D
P00485,NicoloU Assen,nikolu asen,,1,1938,1,NicoloU Assen
P00486,NicoloH Ivan,nikoloh ivan,,1,1938,1,NicoloH Ivan
P00487,Nogara G1·. Cord. Ing. Bei·nardino,nogara g kord ing beinardino,,1,1938,1,Nogara G1·. Cord. Ing. Bei·nardino
P00488,Nubar Zarch,nubar zarsh,bey,2,1938,1,Nubar Zarch
P00489,Nyegaa1·d A,niegad,,1,1938,1,Nyegaa1·d A
P00490,Orsi Carlo,orsi karlo,,1,1938,1,Orsi Carlo
P00491,Pace UmbCI·to Mc,pas umbsito mk,,1,1938,1,Pace UmbCI·to Mc
P00492,Passardi Renato Ha!J,pasardi renato hag,,1,1938,1,Passardi Renato Ha!J
P00493,Pathy Polnaue1· EI·nst,pathi polnau einst,,1,1938,1,Pathy Polnaue1· EI·nst
P00494,J>athy Polnaucr· Georges,gathi polnaukr georges,,3,1938,1,J>athy Polnaucr· Georges
P00495,Palhy Polnaucr Ladislas,palhi polnaukr ladislas,,1,1938,1,Palhy Polnaucr Ladislas
P00496,Commerce,komers,,4,1938,1,Commerce
P00497,Pclcl' Louis Comm. ln!J,pklkl luis kom lng,,1,1938,1,Pclcl' Louis Comm. ln!J
P00498,Pilavachi Constantin G,pilavashi konstantin,,3,1938,1,Pilavachi Constantin G
P00499,Pinto Cav. Attilio,pinto kav atilio,,7,1938;1950,2,Pinto Attilio | Pinto Cav. Attilio
P00500,Pinto,pinto,,5,1938;1950,2,Pinto
P00501,Pinto Cav. Ezio,pinto kav ezio,,7,1938;1947,2,Pinto Cav. Ezio | Pinto Ezio
P00502,Egypt Ginning Co,egipt gining ko,,5,1938,1,Egypt Ginning Co
P00503,Pollet Raymond,polet raimond,,3,1938;1947;1950,3,Pollet Raymond
P00504,Pollet Robe1·t,polet robet,,2,1938,1,Pollet Robe1·t
P00505,"Pontremoli Maul""ice B",pontremoli maulis,,1,1938,1,"Pontremoli Maul""ice B"
P00506,Pontremoli Rachel Mme. Vve. B,pontremoli rashel m v,,2,1938;1942,2,Pontremoli Rachel Mme. Vve | Pontremoli Rachel Mme. Vve. B
P00507,Raemy Bemai'CI de,raemi bemai si,,2,1938,1,Raemy Bemai'CI de
P00508,Ragheb Hanna,ragheb hana,bey,5,1938;1942;1947;1950,4,Ragheb Hanna
P00509,Ralli Alexandre,rali alexandr,,2,1938;1942,2,Ralli Alexandre
P00510,Ramlot Paul,ramlot paul,,3,1938;1947;1950,3,Ramlot Paul
P00511,Razeti Aldo,razeti aldo,,1,1938,1,Razeti Aldo
P00512,Reinha1·t P. J1·,reinhat g,,1,1938,1,Reinha1·t P. J1·
P00513,Remaugé,remaug,,1,1938,1,Remaugé
P00514,Richès Jacques,rishes gakues,,1,1938,1,Richès Jacques
P00515,Land Co,land ko,,8,1938;1950,2,Land & Buildings Co | Land Co
P00516,Hodocanachi Th,hodokanashi th,,1,1938,1,Hodocanachi Th
P00517,Holin Léon,holin leon,,7,1938,1,Holin Léon
P00518,Holo,holo,,1,1938,1,Holo
P00519,Uolo Max,uolo max,,1,1938,1,Uolo Max
P00520,Hom Fl'ançois,hom fl ankois,,5,1938,1,Hom Fl'ançois
P00521,ArLz Stores,arlz stores,,1,1938,1,ArLz Stores
P00522,Houchdy Mohamed,hushdi moamed,bey,1,1938,1,Houchdy Mohamed
P00523,Howlall Sir F. T,hulal sir,,1,1938,1,Howlall Sir F. T
P00524,Hui'ïini Dott. Rag. Tito,hui ini dot rag tito,,4,1938,1,Hui'ïini Dott. Rag. Tito
P00525,Rutimeycr R. L,rutimeikr,,1,1938,1,Rutimeycr R. L
P00526,Saab Comte Aziz de,siah komt aziz,,3,1938;1950,2,Saab Comte Aziz de | Siiah Comte Aziz de
P00527,Saab Comte Sélim de,sab koml selim,,3,1938;1947;1950,3,Saab Comle Sélim de _ | Saab Comte Sélim de
P00528,Sabri Yacoub,sari iakub,bey,3,1938;1947;1950,3,Sa_!:>ri Yacoub | Sabri Yacoub
P00529,Sabry Chérif,sabri sherif,pasha,17,1938;1947;1950,3,Sabry Chérif
P00530,Sabry Hussein,sabri husein,pasha,48,1938;1942;1947;1950,4,Abdel Moneim Abou Hussein | Aboul Fath Hussein | Baba El Dine Hussein | Fahmy Hussein | Galal Bey Hussein | Heykal Mohamed Hussein | Hussein | Mohamed Fahmy Hussein | Mohamed Younes el Hussein | Sabry Hussein | Sabr·y Hussein | Sirry Hussein
P00531,Sachs Ft·eddy,sashs ftedi,,1,1938,1,Sachs Ft·eddy
P00532,Sadik Henein,sadil henein,pasha,17,1938;1942;1947;1950,4,Saddik Henein | Sadik Henein | Sadil< Henein
P00533,SaiwaL Mohamed I>acha,saiual moamed iasha,,1,1938,1,SaiwaL Mohamed I>acha
P00534,Said Khachaba,said khashaba,pasha,1,1938,1,Said Khachaba
P00535,Salama Joseph M,salama gosef,,4,1938;1947,2,Salama Joseph | Salama Joseph M
P00536,Salama Mat•co,salama matko,,2,1938,1,Salama Mat•co
P00537,Salama Salvatore,salama salvator,,29,1938;1942;1947;1950,4,Salama Salvatore
P00538,Salem Comm. Emmanuel,salem kom emanuel,,1,1938,1,Salem Comm. Emmanuel
P00539,Salem Ovadia,salem ovadia,,18,1938;1947;1950,3,Salem Ovadia
P00540,Salvago Michel C,salvago mishel,,40,1938;1942;1947,3,Salvago Michel C
P00541,Samel Mamice,samel mamis,,3,1938,1,Samel Mamice
P00542,Saxby Ch. W,saxbi sh,,4,1938;1950,2,Saxby Ch. H | Saxby Ch. W
P00543,Sayet· Sidney,saiet sidnei,,1,1938,1,Sayet· Sidney
P00544,Scclsi Gr. UH. Lconcllo,sklsi gr uh lkonklo,,1,1938,1,Scclsi Gr. UH. Lconcllo
P00545,Schnsca O,shnska,,1,1938,1,Schnsca O
P00546,Schellcnbet·g Hans,shelknbetg hans,,1,1938,1,Schellcnbet·g Hans
P00547,Scoccimam Silvio N,skoksimam silvio,,1,1938,1,Scoccimam Silvio N
P00548,Scdclil{ Ahmed,skdklil ahmed,bey,2,1938,1,Scdclil{ Ahmed
P00549,Sellas,selas,,1,1938,1,Sellas
P00550,Seoucl,seukl,,1,1938,1,Seoucl
P00551,Shamà Me. André,shama andr,,8,1938;1947;1950,3,Shamà André :\1e | Shamà Me. André
P00552,Slu~~à El!c F,slua elk,,1,1938,1,Slu~~à El!c F
P00553,S~mon,smon,,1,1938,1,S~mon
P00554,Sinadino Aug. Th,sinadino aug th,,5,1938;1950,2,Sinadino Aug. Th
P00555,Singleton Alex. Joseph Nichols,singleton alex gosef nishols,,1,1938,1,Singleton Alex. Joseph Nichols
P00556,Small Walter Madison,smal ualter madison,,1,1938,1,Small Walter Madison
P00557,Smith K. B. Woodd,smith uod,,1,1938,1,Smith K. B. Woodd
P00558,Sofio F,sofio,,2,1938;1947,2,Sofio F | Sofio S
P00559,Soliman Abdel Hamid,soliman abdel hamid,pasha,2,1938,1,Soliman Abdel Hamid
P00560,Soliman Skender,soliman skender,,1,1938,1,Soliman Skender
P00561,Spetscropoulo D,spetskropulo,,1,1938,1,Spetscropoulo D
P00562,Spiliotaki A,spiliotaki,,1,1938,1,Spiliotaki A
P00563,SpiniŒ Pacha Major Général El Férik Sir C. W,spinio pasha magor general ferik sir,,2,1938,1,SpiniŒ Pacha Major Général El Férik Sir C. W
P00564,Stathatos Antoine,stathatos antoin,,1,1938,1,Stathatos Antoine
P00565,Stephanou A,stefanu,,1,1938,1,Stephanou A
P00566,Stevens T. F,stevens,,3,1938,1,Stevens T. F
P00567,Stoffel Arrigo,stofel kom arigo,,3,1938;1950,2,Stoffel Arrigo | Stoffel Comm. Arrigo
P00568,Sti·ange Abner Franl{,stiang abner franl,,2,1938,1,Sti·ange Abner Franl{
P00569,Suarès Gustave,suares gustav,,1,1938,1,Suarès Gustave
P00570,Suarès Léon,suares leon,,2,1938;1942,2,Suarès Léon
P00571,Sm·sock Wladimlr·,smsok uladimlr,,2,1938,1,Sm·sock Wladimlr·
P00572,Tagher Oscar,tagher oskar,,21,1938;1947;1950,3,Tagher Oscar | Tagher Oscar·
P00573,Tagher Philippe Me,tagher filip m,,1,1938,1,Tagher Philippe Me
P00574,Taher Mohamed,taer moamed,pasha,16,1938;1942;1947,3,Taher Mohamed
P00575,Tanrt·ed C. II,tanrted i,,1,1938,1,Tanrt·ed C. II
P00576,Tepeghiosi 1\'ieolas,tepeghiosi ieolas,,1,1938,1,Tepeghiosi 1\'ieolas
P00577,Tel'llynl R,tel linl,,1,1938,1,Tel'llynl R
P00578,Theunis Col. Georges,theunis kol georges,,1,1938,1,Theunis Col. Georges
P00579,Thir·icz PierTe Pollet,thirikz piert polet,,1,1938,1,Thir·icz PierTe Pollet
P00580,Thui\CI' Geor·ges Léonard,thuisi georges leonard,,1,1938,1,Thui\CI' Geor·ges Léonard
P00581,Land Cy,land si,,7,1938,1,Land Cy
P00582,Toulow1ji J,tulugi,,5,1938,1,Toulow1ji J
P00583,Tl·ehal<i Antoine,tleali antoin,,1,1938,1,Tl·ehal<i Antoine
P00584,Trembley Ernesl,tremblei ernesl,,1,1938,1,Trembley Ernesl
P00585,Tomal1,tomal,,1,1938,1,Tomal1
P00586,Tuby Félix,tubi felix,bey,1,1938,1,Tuby Félix
P00587,TulUe James Henry,tulu games henri,,1,1938,1,TulUe James Henry
P00588,Urban Il,urban il,,1,1938,1,Urban Il
P00589,Vais Alessandro,vais alesandro,,1,1938,1,Vais Alessandro
P00590,ValpCt·ga Conte Em·ico San Marlino,valpktga kont emiko san marlino,,1,1938,1,ValpCt·ga Conte Em·ico San Marlino
P00591,Venino Comte Pier· Gaetano,venino komt pier gaetano,,1,1938,1,Venino Comte Pier· Gaetano
P00592,Vcroi Gr. Uff. Giuseppe Pieti·o,vkroi gr uf giusep pietio,,1,1938,1,Vcroi Gr. Uff. Giuseppe Pieti·o
P00593,Vitali Gr·. Uff. Avv. Vittorio Cal'lo,vitali gr uf av vitorio kal lo,,1,1938,1,Vitali Gr·. Uff. Avv. Vittorio Cal'lo
P00594,Vivante AHl 'Cd,vivant ahl kd,,1,1938,1,Vivante AHl 'Cd
P00595,Vogué Mat•quis de,vogu matkuis,,2,1938,1,Vogué Mat•quis de
P00596,Vraila Nicolas,vraila nikolas,,1,1938,1,Vraila Nicolas
P00597,Waeckei·Iin Comm. Osca1·,uaekein kom oska,,2,1938,1,Waeckei·Iin Comm. Osca1·
P00598,Wcdcmeycr Ruppel'l Golclinn,ukdkmeikr rupel golklin,,2,1938,1,Wcdcmeycr Ruppel'l Golclinn
P00599,Wemer W. II,uemer i,,2,1938,1,Wemer W. II
P00600,Williams R. E,uiliams,,4,1938;1942,2,Williams R. E
P00601,Wissa Fahmy Hanna,uisa fahmi hana,bey,4,1938;1942,2,Wissa Fahmy Hanna
P00602,Carrières,karieres,,1,1938,1,Carrières
P00603,Wyle1· E,uil,,2,1938,1,Wyle1· E
P00604,Yamodis Nicolas,iamodis nikolas,,5,1938;1947;1950,3,Yamodis Nicolas
P00605,Yamodis Ph. Captain,iamodis f kaptain,,1,1938,1,Yamodis Ph. Captain
P00606,Yeghen Ahmecl Miclhat,ieghen ahmekl miklhat,pasha,3,1938,1,Yeghen Ahmecl Miclhat
P00607,Yehia Aly Emine,ieia ali emin,pasha,14,1938;1950,2,Yehia Aly Emin | Yehia Aly Emine
P00608,Yol<ana Davis,iolana davis,,2,1938;1947,2,Yokana Davis | Yol<ana Davis
P00609,Zananil'i GcOt·ges l'acha,zananil gkotges asha,,1,1938,1,Zananil'i GcOt·ges l'acha
P00610,ZarHi ThéotiOI'C,zarhi theotioi,,1,1938,1,ZarHi ThéotiOI'C
P00611,Zaycd,zaikd,,1,1938,1,Zaycd
P00612,Syrie-Liban,liban,,2,1938;1950,2,Liban | Syrie-Liban
P00613,France,frans,,1,1938,1,France
P00614,Abaza Abdel Hamid,abaza abdel hamid,bey,1,1942,1,Abaza Abdel Hamid
P00615,Abdel Fattah El Lozi,abdel fatah lozi,bey,9,1942;1947;1950,3,Abdel Fattah El Lozi
P00616,Abdel Malek Hamza Bey Avocat,abdel malek hamza bei avokat,,2,1942,1,Abdel Malek Hamza Bey Avocat
P00617,Abdel Razzak Aboul Kheir,abdel razak abul kheir,pasha,11,1942;1950,2,Abdel Razzak Aboul Kheir
P00618,Aboui-Fath,abui fath,,1,1942,1,Aboui-Fath
P00619,Acher Abramino S,asher abramino,,2,1942,1,Acher Abramino S
P00620,Adda Achille,ada ashil,,2,1942;1947,2,Adda Achille
P00621,Adès Emile N,ades emil,,9,1942;1947;1950,3,Adès Emile D | Adès Emile N
P00622,Afifi Atta,afifi ata,bey,15,1942;1947,2,Afifi Atta
P00623,Dr. Afifi Hafez,dr afifi hafez,pasha,13,1942;1947;1950,3,Dr. Afifi Hafez
P00624,T•tan~jorda1nie,tangordani,,1,1942,1,T•tan~jorda1nie
P00625,Alexander A,alexander,,1,1942,1,Alexander A
P00626,Andraus Elias,andraus elias,pasha,9,1942;1947;1950,3,Andraus Elias
P00627,Antebi Me. Moise,antebi m mois,,1,1942,1,Antebi Me. Moise
P00628,Arslan Abdallah Bey Sénatf•·tu,arslan abdalah bei senatftu,,2,1942,1,Arslan Abdallah Bey Sénatf•·tu
P00629,Baehler René,baehler ren,,3,1942;1947;1950,3,Baehler René
P00630,Bahari Tewfik,bari teufik,,9,1942;1947;1950,3,Bahari Tewfik
P00631,Bahnass Soultan Mahmoud,bahnas sultan mahmud,bey,1,1942,1,Bahnass Soultan Mahmoud
P00632,Simon Arzt Stores,simon arzt stores,,3,1942,1,Simon Arzt Stores
P00633,Bak Richard,bak rishard,,3,1942;1947;1950,3,Bak Richard
P00634,Barki Edouard,barki eduard,,2,1942;1950,2,Barki Edouard
P00635,Bata Henri,bata henri,,3,1942;1947;1950,3,Bata Henri | Batà Henri
P00636,Battino,batino,,1,1942,1,Battino
P00637,Belilos Maurice Youssef,belilos mauris iusef,,4,1942;1947;1950,3,Belilos Maurice Youssef
P00638,Bella Alfred,bela alfred,,6,1942;1947,2,Bella Alfred
P00639,Benderli Henri,benderli henri,,3,1942;1947;1950,3,Benderli Henri
P00640,Benoist Baron Louis de,benoist baron luis,,7,1942;1950,2,Benoist Baron Louis de
P00641,Usines Textiles «Al-Kahiran,usines textiles al kairan,,1,1942,1,Usines Textiles «Al-Kahiran
P00642,Besso Sabino,beso sabino,,10,1942;1947;1950,3,Besso Sabino
P00643,Blakey George A,blakei georg,,1,1942,1,Blakey George A
P00644,Boels Jean,boels gean,,1,1942,1,Boels Jean
P00645,Bonafous Alfred,bonafus alfred,,3,1942,1,Bonafous Alfred
P00646,Bonenfant Cav. Luigi,bonenfant kav luigi,,1,1942,1,Bonenfant Cav. Luigi
P00647,Bouchra Hanna Charles,bushra hana sharles,bey,7,1942;1947;1950,3,Bouchra Hanna Charles
P00648,Nazli,nazli,,1,1942,1,Nazli
P00649,Bowring H,buring,,1,1942,1,Bowring H
P00650,Brunner Frederic,bruner frederik,,2,1942;1947,2,Brunner Frederic | Brunner Frédéric
P00651,Buccianti Ruggero E. lng,buksianti rugero lng,,1,1942,1,Buccianti Ruggero E. lng
P00652,El Bassa!,basa,,5,1942,1,El Bassa!
P00653,Campos Amerigo,kampos amerigo,,2,1942;1947,2,Campos Amerigo
P00654,Carter Robert,karter robert,,1,1942,1,Carter Robert
P00655,Cassar Paul,kasar paul,,3,1942;1947;1950,3,Cassar Paul
P00656,Castro Salvatore,kastro salvator,,1,1942,1,Castro Salvatore
P00657,Casulli,kasuli,,1,1942,1,Casulli
P00658,Celier A,selier,,2,1942;1950,2,Celier A | Célier A
P00659,Polaire de Suède,polai sued,,3,1942;1947,2,Polai1'e de Suède | Polaire de Suède
P00660,Champier Jean,shampier gean,,3,1942;1950,2,Champier Jean
P00661,Chate Charles Geoffrey,shat sharles geofrei,,1,1942,1,Chate Charles Geoffrey
P00662,Choremi Jean A,shoremi gean,,3,1942;1947;1950,3,Choremi Jean A
P00663,Chosal Baron J. Buffin de,shosal baron bufin,,2,1942;1947,2,Chosal Baron J. Buffin de
P00664,Choukri,shukri,bey,6,1942;1950,2,Choukri | Wissa Choukry G.
P00665,Cicurel Salvator,sikurel salvator,bey,1,1942,1,Cicurel Salvator
P00666,Cockinos Miltiade,kokinos miltiad,,3,1942;1947;1950,3,Cockinos Miltiade
P00667,Cogels,kogels,,2,1942;1950,2,Cogels
P00668,Cohen Sir Robert Waley,koen sir robert ualei,,3,1942;1947;1950,3,Cohen Si_r Robert Waley | Cohen Sir Robert Waley
P00669,Collier Henry Deward,kolier henri deuard,,1,1942,1,Collier Henry Deward
P00670,Constantinescu Michel,konstantinesku mishel,,1,1942,1,Constantinescu Michel
P00671,Cook C.E,kok,,1,1942,1,Cook C.E
P00672,Cornish J. E,kornish,,2,1942;1947,2,Cornish | Cornish J. E
P00673,Couldrey Oscar,kuldrei oskar,,1,1942,1,Couldrey Oscar
P00674,Cozzika Th. P,kozika th,,11,1942;1947;1950,3,Cozzika Th. P | Cozzika Théodore Th
P00675,Crawford John A,krauford gohn,,2,1942;1947,2,Crawford John A
P00676,Dabbah Maurice,dabah mauris,,6,1942;1947;1950,3,Dabbah Maurice
P00677,Delany Gerald,delani gerald,,3,1942;1947,2,Defany Gerald | Delany Gerald
P00678,Delia Vincent,delia vinsent,,16,1942;1947,2,Delia Vincent
P00679,Ders Antonin,ders antonin,,1,1942,1,Ders Antonin
P00680,Dervieu P,dervieu,,1,1942,1,Dervieu P
P00681,Dvac:ono Hector V,diakono hektor,,6,1942;1947;1950,3,Diacono Hector V | Dvac:ono Hector V
P00682,Dïmopoulo D,dimopulo,,14,1942;1947;1950,3,Dimopoulo C | Dimopoulo D | Dïmopoulo D
P00683,Doligez Marcel Auguste Joseph,doligez marsel august gosef,,3,1942;1950,2,Doligez Marcel Auguste Joseph
P00684,Dorra Haim,dora haim,,6,1942;1947;1950,3,Dorra Haim
P00685,Dorra Jacques,dora gakues,,2,1942;1947,2,Dorra Jacques
P00686,Doss Tewfik,dos teufik,pasha,15,1942;1947,2,Doss Emile Tewfik | Doss Tewfik
P00687,Totah Ibrahim Eid,eid,,5,1942;1947;1950,3,Eid | Totah Ibrahim Eid | Totah Youssef Eid
P00688,El Chichini Hassan 1Kamel .,shishini pasha hasan kamel,pasha,6,1942;1947,2,El Chichini Hassan 1Kamel . | El Chichini Pacha Hassan Kamel
P00689,Empain M. le Baron Jean,empain l baron gean,,5,1942,1,Empain M. le Baron Jean
P00690,Enan Saleh,enan saleh,pasha,8,1942;1947;1950,3,Enan Saleh
P00691,Epaulard P,epaulard,,4,1942;1947;1950,3,Epaulard P
P00692,Eugenidi E,eugenidi,,1,1942,1,Eugenidi E
P00693,Exbrayat J,exbraiat,,1,1942,1,Exbrayat J
P00694,Ezri Raymond,ezri raimond,,4,1942;1947;1950,3,Ezri Raymond
P00695,Fahmi Gallini,fahmi galini,pasha,8,1942;1947;1950,3,Fahmi Gallini | Fahmy Gallini
P00696,Fanner William Rogers,faner uiliam rogers,,5,1942;1947;1950,3,Fanner William Rogers
P00697,Farghaly Mohamed Ahmed,farghali moamed ahmed,pasha,11,1942;1947,2,Farghaly Mohamed Ahmed | Farghaly Mohamted Ahmed
P00698,Garboua Maurice,garbua mauris,,6,1942;1947;1950,3,Garboua Maurice
P00699,Gasche Robert,gash robert,,6,1942;1947;1950,3,Gasche Robert
P00700,Ghazi Moustapha Kamel,ghazi mustafa kamel,,1,1942,1,Ghazi Moustapha Kamel
P00701,Gorra Oswald,gora osuald,,1,1942,1,Gorra Oswald
P00702,Haerens R,haerens,,1,1942,1,Haerens R
P00703,Halter Hans,halter hans,,5,1942;1947;1950,3,Halter Hans
P00704,Harari Ralph A,harari ralf,,11,1942;1947,2,Harari Ralph A
P00705,Sir Harilri Victor,sir harilri viktor,pasha,2,1942,1,Sir Harilri Victor
P00706,Hargreaves Clive R,hargreaves kliv,,5,1942;1947;1950,3,Hargreaves Clive R
P00707,8ir Hassan Hafez,ir hasan hafez,pasha,2,1942,1,8ir Hassan Hafez
P00708,Hilty A,hilti,,1,1942,1,Hilty A
P00709,Hochart Maurice,hoshart mauris,,1,1942,1,Hochart Maurice
P00710,Hoerni Robert,hoerni robert,,3,1942;1947;1950,3,Hoerni Robert
P00711,Hollingsworth W.T.P,holingsuorth,,1,1942,1,Hollingsworth W.T.P
P00712,Hopkinson Frank,hopkinson frank,,3,1942;1947,2,Hopkinson Frank
P00713,Horthy,horthi,,1,1942,1,Horthy
P00714,Hussein Mahmoud Enan,husein mahmud enan,bey,1,1942,1,Hussein Mahmoud Enan
P00715,Innes W,ines,,1,1942,1,Innes W
P00716,Islam Aly,islam ali,,13,1942;1947;1950,3,Islam Aly
P00717,Jacot-Descombes J. G,gakot deskombes,,14,1942;1947;1950,3,Jacot-Descombes J. G
P00718,Jardine Robert,gardin robert,,2,1942;1950,2,Jardine Robert
P00719,Johnson J. H,gohnson,,1,1942,1,Johnson J. H
P00720,Jones,gones,,1,1942,1,Jones
P00721,Kame.l Ibrahim,kam ibraim,bey,7,1942;1947;1950,3,'Kamel Ibrahim | Kame.l Ibrahim | Kamel Ibrahim
P00722,St. John's College Oxford,st gohn koleg oxford,,2,1942,1,St. John's College Oxford
P00723,Kfoury Joseph,kfuri gosef,,12,1942;1950,2,Kfouri Joseph | Kfoury Joseph
P00724,Kfouri Michel,kfuri mishel,,2,1942;1950,2,Kfouri Michel | Kfoury Michel
P00725,Kfoury Philippe,kfuri filip,,4,1942;1947;1950,3,Kfouri Philippe | Kfoury Henry Philippe | Kfoury Philippe
P00726,Khachaba Sayed Mohamed,khashaba saied moamed,pasha,14,1942;1947,2,Khachaba Sayed Mohamed
P00727,Khalil Aly El Gazzar,khalil gazar,bey,3,1942;1950,2,Khalil Aly El Gazzar | Khalil El Gazzar
P00728,Kher Georges J,kher georges,,3,1942;1950,2,Kher Georges J | Kher Georges M
P00729,Lambiotte E,lambiot,,4,1942;1947,2,Lambiotte E
P00730,Landerer R,landerer,,2,1942;1947,2,Landerer R
P00731,Lefrère Lucien,lefrer lusien,,9,1942;1947;1950,3,Lefrère Lucien
P00732,Leport Henry,leport henri,,1,1942,1,Leport Henry
P00733,Levi Rolf,levi rolf,,2,1942;1950,2,Levi Rolf
P00734,Messrs. Davies,mesrs davies,,1,1942,1,Messrs. Davies
P00735,Lombard Albert,lombard albert,,2,1942;1947,2,Lombard Albert
P00736,Lombardo Cesare,lombardo sesar,,5,1942;1947;1950,3,Lombardo Cesare
P00737,Mac Culloch Norman G,mak kulosh norman,,3,1942;1947;1950,3,Mac Culloch Norman G
P00738,Mackenzie W,makenzi,,5,1942;1947;1950,3,Mackenzie | Mackenzie W
P00739,Maggiar G,magiar,,2,1942;1947,2,Maggiar G
P00740,Mahmoud Eff. Fahmy,mahmud ef fahmi,,1,1942,1,Mahmoud Eff. Fahmy
P00741,Maksud Emile,maksud emil,,2,1942;1950,2,Maksud Emile
P00742,Marcarian A. D,markarian,,1,1942,1,Marcarian A. D
P00743,GEP,gep,,1,1942,1,GEP
P00744,MBSsiqua B,mbsikua,,1,1942,1,MBSsiqua B
P00745,Metwalli,metuali,,1,1942,1,Metwalli
P00746,Moharrem Osman,moarem osman,pasha,2,1942;1947,2,Moharram Osman | Moharrem Osman
P00747,Monchicourt André G,monshikurt andr,,4,1942;1947;1950,3,Monchicourt André G | Monchicourt André P
P00748,Moriatti Georges,moriati georges,,1,1942,1,Moriatti Georges
P00749,Morpurgo Gustave,morpurgo gustav,,6,1942;1947;1950,3,Morpurgo Gustave
P00750,Mosseri Albert Vita,moseri albert vita,,4,1942;1947;1950,3,Mosseri Albert Vita
P00751,Mosseri Guido J,moseri guido,,10,1942;1950,2,Mosseri Guido | Mosseri Guido J
P00752,Mosseri Henri Victor,moseri henri viktor,,22,1942;1947;1950,3,Mosseri Henri Victor | Mosseri Henry S. Victor | Mosseri Henry Victor
P00753,Mosseri E. Humbert J,moseri humbert,,3,1942;1947;1950,3,Mosseri E. Humbert J
P00754,Mouratiadï C.M,muratiadi,,6,1942,1,Mouratiadï C.M
P00755,Muller E,muler,,4,1942;1947;1950,3,Muller E
P00756,Mullet,mulet,,4,1942,1,Mullet
P00757,Murat E,murat,,1,1942,1,Murat E
P00758,Mussa Albert,musa albert,,3,1942;1950,2,Mussa Albert
P00759,Mustaki Armand,mustaki armand,,10,1942;1947;1950,3,Mustaki Armand
P00760,Nacamuli Albert,nakamuli albert,,5,1942;1947,2,Nacamuli Albert
P00761,Nacamuli Isaac,nakamuli isak,,4,1942,1,Nacamuli Isaac
P00762,Nachaat Hassan,nashat hasan,pasha,7,1942;1950,2,Nachaat Hassan
P00763,Franco-Egyptienne de Soieries,franko egiptien soieries,,1,1942,1,Franco-Egyptienne de Soieries
P00764,Neuville Paul,neuvil paul,,3,1942;1947;1950,3,Neuville Paul
P00765,Nyegaard A,niegard,,1,1942,1,Nyegaard A
P00766,Papastratos E,papastratos,,1,1942,1,Papastratos E
P00767,Paskelier Joseph,paskelier gosef,,1,1942,1,Paskelier Joseph
P00768,Passardi Renato,pasardi renato,,1,1942,1,Passardi Renato
P00769,Pathy Georges,pathi polnauer georges,,5,1942;1950,2,Pathy Georges | Pathy Polnauer Georges
P00770,Pathy Polnauer Lé\dislas,pathi polnauer ledislas,,7,1942,1,Pathy Polnauer Lé\dislas
P00771,Philp E. L,filp,,2,1942;1947,2,Philp E. L | Philp E.L
P00772,Pierrakos Nicolas,pierakos nikolas,,8,1942;1947;1950,3,Pierrakos Nicolas
P00773,Pinto 1runo B. Comm,pinto runo kom,,1,1942,1,Pinto 1runo B. Comm
P00774,Pinto Prof. Dott. Cav·. Uff. Carlo,pinto prof dot kav uf karlo,,2,1942;1947,2,Pinto Prof. Dott. Cav. Uff. Carlo | Pinto Prof. Dott. Cav·. Uff. Carlo
P00775,Pinto Uberto,pinto uberto,,2,1942;1947,2,Pinto Uberto
P00776,Pollet Masurel André,polet masurel andr,,2,1942;1947,2,Pollet Masure! André | Pollet Masurel André
P00777,Pollet Robert,polet robert,,4,1942;1947;1950,3,Pollet Robert
P00778,Pollet Thiriez,polet thiriez,,2,1942,1,Pollet Thiriez
P00779,Rachid Mohamed Abbas,rashid moamed abas,,1,1942,1,Rachid Mohamed Abbas
P00780,Raemy,raemi,,2,1942,1,Raemy
P00781,Nestor GianacJis,nestor gianakgis,,1,1942,1,Nestor GianacJis
P00782,Remauge Adrien,remaug adrien,,2,1942;1947,2,Remauge Adrien | Remaugé Adrien
P00783,Richard Edouard,rishard eduard,,3,1942;1947;1950,3,Richard Edouard
P00784,Riley E. C,rilei,,3,1942;1947;1950,3,Riley E. C
P00785,Roberts Stanley P,roberts stanlei,,3,1942;1947;1950,3,Roberts Stanley P
P00786,Roche De la Rigodière,rosh la rigodier,,1,1942,1,Roche De la Rigodière
P00787,Rofé Charries,rof sharies,,1,1942,1,Rofé Charries
P00788,Rolin Daniel Baron,rolin daniel baron,,6,1942;1947,2,Rolin Daniel Baron
P00789,Rolin Léon Baron,rolin leon baron,,4,1942;1947,2,Rolin Léon Baron
P00790,Rolo Jacques R,rolo gakues,,4,1942;1947;1950,3,Rolo Jacques R
P00791,Sachs David,sashs david,,1,1942,1,Sachs David
P00792,Sadek Wahba,sadek uahba,pasha,8,1942,1,Sadek Wahba
P00793,Said Hassan,said hasan,pasha,6,1942;1947,2,Said Hassan
P00794,Schmidheiny Max,shmidheini max,,3,1942;1947;1950,3,Schmidheiny Max | Sehmidheiny Max
P00795,Scott Frank Douglas,skot frank duglas,,2,1942;1950,2,Scott Frank Douglas
P00796,Seoud Aly·,seud ali,,2,1942,1,Seoud Aly·
P00797,Serageldine Anis,serageldin anis,,7,1942;1947,2,Serageldine Anis
P00798,Sheridan J. P,sheridan,,1,1942,1,Sheridan J. P
P00799,Sheriff Robert,sherif robert,,3,1942;1947;1950,3,Sheriff Robert
P00800,Simaika Wassef,simaika uasef,pasha,9,1942;1947;1950,3,Simaika Wassef
P00801,Sims Marshall George,sims marshal georg,,4,1942;1947,2,Sims Marshall George
P00802,Sinadino Aug,sinadino aug,,4,1942,1,Sinadino Aug
P00803,Singleton Alex,singleton alex,,1,1942,1,Singleton Alex
P00804,Smyrniadis Polyvios,smirniadis polivios,,1,1942,1,Smyrniadis Polyvios
P00805,Sir C. W. Spinks,sir spinks,pasha,2,1942,1,Sir C. W. Spinks
P00806,Stiassny Ewald,stiasni euald,,2,1942;1950,2,Stiassny Ewald
P00807,Strange Abner Frank,strang abner frank,,1,1942,1,Strange Abner Frank
P00808,Ancien Ministre Ancien Sénateur,senateur,,30,1942;1947;1950,3,Ancien Ministre Ancien Sénateur | El Lewa Hassan Pacha Abdel Wahab Sénateur | Sadek Wahba Pacha Sénateur | Sénateur | Tarraf Aly Pacha Sénateur
P00809,Tilche Joseph,tilsh gosef,,15,1942;1947;1950,3,Tilche Joseph
P00810,Toriel,toriel,,1,1942,1,Toriel
P00811,Toriel Victor,toriel viktor,,18,1942;1947;1950,3,Toriel Victor
P00812,Toutounji,tutungi,,2,1942,1,Toutounji
P00813,Tsekis Charles,tsekis sharles,,8,1942;1947;1950,3,Tsekis Charles
P00814,Urban H,urban,,2,1942;1950,2,Urban H
P00815,Van Damme L,dam,,9,1942;1947;1950,3,Van Damme L
P00816,Van Den Bosch Paul,den bosh paul,,4,1942;1947;1950,3,Van Den Bosch Paul
P00817,Varvarian Garabed,varvarian garabed,,1,1942,1,Varvarian Garabed
P00818,Vincenot Marcel,vinsenot marsel,,12,1942;1947;1950,3,Vincenot Marcel
P00819,Vivante Alfred,vivant alfred,,2,1942;1950,2,Vivante Alfred
P00820,Vivante Sabino Mtre,vivant sabino mtr,,4,1942;1947;1950,3,Vivante Sabino Mtre
P00821,Vogt Stener H,vogt stener,,3,1942,1,Vogt Stener H
P00822,Vogue Marquis de,vogu markuis,,2,1942;1947,2,Vogue Marquis de | Vogüé Marquis de
P00823,Vollgraff J. C,volgraf,,1,1942,1,Vollgraff J. C
P00824,Wahba E. H,uahba,,3,1942;1947;1950,3,Wahba E. H
P00825,Walter Umberto,ualter umberto,,1,1942,1,Walter Umberto
P00826,Wedemeyer Ruppert Gôlding,uedemeier rupert golding,,3,1942;1947,2,Wedemeyer Ruppert Golding | Wedemeyer Ruppert Gôlding
P00827,Weissenberg Harold,ueisenberg harold,,3,1942;1947;1950,3,Weissenberg Harold
P00828,Werner W. H,uerner,,1,1942,1,Werner W. H
P00829,Wibaut P,uibaut,,4,1942;1947;1950,3,Wibaut P
P00830,Wild E. K,uild,,1,1942,1,Wild E. K
P00831,Wissa Fahm1y /Wissa,uisa,,3,1942;1947,2,Wissa | Wissa Fahm1y /Wissa
P00832,Wistenetzki Oscar,uistenetzki oskar,,2,1942;1950,2,Wistenetzki Oscar
P00833,Wyler E,uiler,,4,1942;1947,2,Wyler E
P00834,E'conomique,konomiku,,14,1942,1,E'conomique
P00835,Znbal Wa!:iie,znbal uai,,1,1942,1,Znbal Wa!:iie
P00836,Znccar Joseph E,znkar gosef,,8,1942;1950,2,Zaccar Joseph E | Znccar Joseph E
P00837,Zayed,zaied,,5,1942,1,Zayed
P00838,Franco-Egyptienne,franko egiptien,,2,1942,1,Franco-Egyptienne
P00839,Zude Emmanuel,zud emanuel,,1,1942,1,Zude Emmanuel
P00840,Zulfikar Ahmed,zulfikar ahmed,pasha,1,1942,1,Zulfikar Ahmed
P00841,Zulfikar,zulfikar,,1,1942,1,Zulfikar
P00842,Abaza Abdallah Fikrï,abaza abdalah fikri,bey,2,1947;1950,2,Abaza Abdallah Fikri | Abaza Abdallah Fikrï
P00843,Abbas Sid Ahmed,abas sid ahmed,pasha,2,1947;1950,2,Abbas Sid Ahmed
P00844,Abbas el Ghafei,abas ghafei,,1,1947,1,Abbas el Ghafei
P00845,Abdallah Kabbani,abdalah kabani,,4,1947;1950,2,Abdallah Kabbani
P00846,Abdel Aziz Radwan,abdel aziz raduan,pasha,4,1947;1950,2,Abdel Aziz Radwan
P00847,Abdel Fattah Ragab,abdel fatah ragab,,2,1947;1950,2,Abdel Fattah Ragab
P00848,Abdel Galil Abdel Dayem,abdel galil abdel daiem,,2,1947;1950,2,Abdel Galil Abdel Dayem
P00849,Abdel Haï 1Khalil Bey Député,abdel hai khalil bei deput,,4,1947,1,Abdel Haï 1Khalil Bey Député
P00850,Abdel Hamid Bey Abdel Hakk Ancien Ministre,abdel hamid bei abdel hak ansien ministr,,1,1947,1,Abdel Hamid Bey Abdel Hakk Ancien Ministre
P00851,Abdel Hamid El Bannan,abdel hamid banan,bey,12,1947;1950,2,Abdel Hamid El Bannan
P00852,Exportations Représentations,exportations representations,,1,1947,1,Exportations Représentations
P00853,Egyptienne S.A,egiptien,,1,1947,1,Egyptienne S.A
P00854,Abdel Hamid Hamdi,abdel hamid hamdi,bey,2,1947,1,Abdel Hamid Hamdi
P00855,Abdel Kerim Raout,abdel kerim raut,bey,1,1947,1,Abdel Kerim Raout
P00856,Abdel Latif Moussa,abdel latif musa,bey,11,1947;1950,2,Abdel Latif Moussa | Dicby Moussa | Hassan Moussa | Mohamed Sameh Moussa | Mourad Moussa | Mussa | Rafih Abdel Aziz Moussa | Refih Abdel Aziz Moussa | Sameh Moussa
P00857,Abdel Maksoud Ahmed,abdel maksud ahmed,pasha,12,1947;1950,2,Abdel Maksoud Ahmed | Abdel Maksud Ahmed
P00858,Abdel Malek Hamza Bey G.C. Roumanie,abdel malek hamza bei rumani,,7,1947,1,Abdel Malek Hamza Bey G.C. Roumanie
P00859,Abdel Meguid Magued,abdel meguid magued,bey,4,1947;1950,2,Abdel Meguid Magued
P00860,Abdel Meguid Radouan,abdel meguid raduan,bey,2,1947;1950,2,Abdel Meguid Radouan
P00861,Abdel Moneim Mohamed Achour Dr,abdel moneim moamed ashur dr,,1,1947,1,Abdel Moneim Mohamed Achour Dr
P00862,Abdel Rahman Aly,abdel rahman ali,pasha,3,1947;1950,2,Abdel Rahman Aly
P00863,Abdel Rahman el Bialy,abdel rahman biali,bey,6,1947;1950,2,Abdel Rahman el Bialy
P00864,Abdel Razzak Aly Hamed,abdel razak ali hamed,,2,1947;1950,2,Abdel Razzak Aly Hamed
P00865,Abdel Rehim Helmi,abdel reim helmi,,3,1947;1950,2,Abdel Rehim Helmi
P00866,Abdel Wahab Abd Rabbo,abdel uab abd rabo,,2,1947;1950,2,Abdel Wahab Abd Rabbo
P00867,Abdel Wahab Talaat,abdel uab talat,pasha,4,1947;1950,2,Abdel Wahab Talaat
P00868,About Ela Hanafi Dr,abut ela hanafi dr,,1,1947,1,About Ela Hanafi Dr
P00869,Aboul Ela Aly Mohayessin El Hag,abul ela ali moaiesin hag,,5,1947;1950,2,Aboul Ela Aly Mohayessin El Hag
P00870,About Fath Mahmoud,abut fath mahmud,,4,1947,1,About Fath Mahmoud
P00871,About 1Wafa Dunkol El Hag,abut uafa dunkol hag,,2,1947;1950,2,Aboul Wafa Dunkol El Hag | About 1Wafa Dunkol El Hag
P00872,Abram Joseph,abram gosef,,2,1947;1950,2,Abram Joseph
P00873,Achour Ahmed Ahmed Dr,ashur ahmed ahmed dr,,2,1947;1950,2,Achour Ahmed Ahmed Dr
P00874,Acland Rt. Hon. Sir Francis Dyke,akland rt hon sir fransis dik,,1,1947,1,Acland Rt. Hon. Sir Francis Dyke
P00875,The Egyptian Neon Lights Co,th egiptian neon lights ko,,1,1947,1,The Egyptian Neon Lights Co
P00876,Adda Victor A,ada viktor,,11,1947;1950,2,Adda Victor A
P00877,A.dès Clément N,ades klement,,3,1947;1950,2,A.dès Clément N | Adès Clément N
P00878,Adèe Raphael,ad rafael,,3,1947,1,Adèe Raphael
P00879,Aghazarm J. Me,aghazarm m,,2,1947;1950,2,Aghazarm J. Me
P00880,Agnew Andrew,agneu andreu,,2,1947;1950,2,Agnew Andrew
P00881,Ahmed Fahmy Hanafi,ahmed fahmi hanafi,bey,2,1947;1950,2,Ahmed Fahmy Hanafi
P00882,Ahmed Racheed Abdallah,ahmed rashed abdalah,bey,1,1947,1,Ahmed Racheed Abdallah
P00883,Ahmed Youssef el Tawil,ahmed iusef tauil,,2,1947;1950,2,Ahmed Youssef el Tawil
P00884,Alexane Alphonse,alexan alfons,bey,2,1947;1950,2,Alexane Alphonse
P00885,Alexane Emile,alexan emil,,4,1947;1950,2,Alexane Emile
P00886,Alexane Farid,alexan farid,,2,1947;1950,2,Alexane Farid
P00887,Almagià Vittorio,almagia vitorio,,2,1947;1950,2,Almagià Vittorio
P00888,Aly Ayoub,ali aiub,bey,3,1947;1950,2,Aly Ayoub
P00889,Ambache S,ambash,,4,1947;1950,2,Ambache S
P00890,S.S. le Nabil Amr Ibrahim,l nabil amr ibraim,,2,1947;1950,2,S.S. le Nabil Amr Ibrahim
P00891,Appel Emmanuel M,agilpel emanuel,,6,1947;1950,2,AJillpel Emmanuel M | Appel Emmanuel M
P00892,Arr~ailhe Raymond,arailh raimond,,2,1947,1,Arr~ailhe Raymond
P00893,Argy Edouard,argi eduard,,1,1947,1,Argy Edouard
P00894,Assaf Victor,asat viktor,,3,1947;1950,2,Assaf Victor | Assat Victor
P00895,Assem,asem,,1,1947,1,Assem
P00896,Athénogènes Efthymios,athenogenes efthimios,,2,1947;1950,2,Athénogènes Efthymios
P00897,Atta El Ayoubi,ata aiubi,bey,2,1947;1950,2,Atta El Ayoubi
P00898,Auterbe Henry,auterb henri,,3,1947;1950,2,Auterbe Henry | A·uterbe Henry
P00899,Avierino Achille,avierino ashil,,3,1947,1,Avierino Achille
P00900,Avierino Homère,avierino homer,,3,1947;1950,2,Avierino Homère
P00901,Awre Gilbert Christopher,aur gilbert shristofer,,2,1947;1950,2,Awre Gilbert Christopher
P00902,Etablissements Bolanachi-Distillerie,etablisements bolanashi distileri,,2,1947,1,Etablissements Bolanachi-Distillerie
P00903,Aziz Hassan,aziz hasan,bey,4,1947;1950,2,Aziz Hassan
P00904,Azzam Chams el Dine Azzam,auam shams din azam,,3,1947;1950,2,A:u:am Chams el Dine Azzam | Azzam Chams el Dine Azzam
P00905,Import,import,,1,1947,1,Import
P00906,Badaoui Abdel Hamid,badaui abdel hamid,pasha,4,1947,1,Badaoui Abdel Hamid
P00907,Badr-EI-Dïn Ibrahim,badr ei din ibraim,bey,7,1947,1,Badr-EI-Dïn Ibrahim
P00908,Bahgat el Derini,bahgat derini,,6,1947;1950,2,Bahgat el Derini
P00909,Bailey A. W,bailei,,3,1947,1,Bailey A. W
P00910,Bajada J. B,bagada,,1,1947,1,Bajada J. B
P00911,Bali D,bali,,5,1947;1950,2,Bali D
P00912,Barcïlon Jack,barsilon gak,,1,1947,1,Barcïlon Jack
P00913,Barda Jacques J,barda gakues,,10,1947;1950,2,Barda Jacques J | Bardak Jacques
P00914,Pressing Co,presing ko,,3,1947;1950,2,Pressing Co
P00915,Ba1·da Rémy J,barda remi,,3,1947;1950,2,Ba1·da Rémy J | Barda Rémy J
P00916,Barker H. A,barker,,7,1947;1950,2,Barker H. A
P00917,Barnard Rowland L,barnard ruland,,1,1947,1,Barnard Rowland L
P00918,Barron J.B,baron,,6,1947,1,Barron J.B
P00919,Barthe-Dejean Jules,barth degean gules,,2,1947;1950,2,Barthe-Dejean Jules
P00920,Bashi Saleh Eliahou,bashi saleh eliau,,1,1947,1,Bashi Saleh Eliahou
P00921,Basri Elie,basri eli,,1,1947,1,Basri Elie
P00922,Bauerlé Gustave,bauerl gustav,,3,1947;1950,2,Bauerlé Gustave
P00923,Bavin F. G,bavin,,2,1947,1,Bavin F. G
P00924,Bayram Mahmoud,bairam mahmud,bey,4,1947;1950,2,Bayram Mahmoud
P00925,Baz Maroun,baz marun,,2,1947;1950,2,Baz Maroun
P00926,Behrend,behrend,,5,1947;1950,2,Behrend | Behrend J. L
P00927,Belilos LQon Jacques,belilos lkon gakues,,2,1947;1950,2,Belilos LQon Jacques | Belilos Léon Jacques
P00928,Belleni Parissi,beleni parisi,,3,1947;1950,2,Belleni Parissi
P00929,Egyptiennes,egiptienes,,7,1947;1950,2,Egyptiennes
P00930,IBlenin Albert,iblenin albert,,5,1947,1,IBlenin Albert
P00931,IBlenoist Baron Louis de,iblenoist baron luis,,7,1947,1,IBlenoist Baron Louis de
P00932,Textile,textil,,1,1947,1,Textile
P00933,Textiles «Al-Kahiran S.A.E,textiles al kairan,,1,1947,1,Textiles «Al-Kahiran S.A.E
P00934,Cotonnades «La Cotonnière,kotonades la kotonier,,2,1947,1,Cotonnades «La Cotonnière
P00935,Factor ',faktor,,1,1947,1,Factor '
P00936,Bethell Alexander Duke,bethel alexander duk,,4,1947;1950,2,Bethell Alexander Duke
P00937,Nil B.A. Oxford UniveTSity F.R.G.S,nil oxford univetsiti,,4,1947,1,Nil B.A. Oxford UniveTSity F.R.G.S
P00938,Beyts G,beits,,2,1947;1950,2,Beyts G
P00939,Bialobos Joseph,bialobos gosef,,1,1947,1,Bialobos Joseph
P00940,Bianchi Philip N,bianshi filip,,7,1947;1950,2,Bianchi Philip N
P00941,Bless Rodolphe,bles rodolf,,3,1947;1950,2,Bless Rodolphe
P00942,Boissonas Alphonse,boisonas alfons,,3,1947;1950,2,Boissonas Alphonse
P00943,Bolanachi A,bolanashi,,1,1947,1,Bolanachi A
P00944,Bolanachi Emmanuel,bolanashi emanuel,,1,1947,1,Bolanachi Emmanuel
P00945,Bonett Georges P,bonet georges,,3,1947;1950,2,Bonett Georges P
P00946,Borsali Georges,borsali georges,,1,1947,1,Borsali Georges
P00947,Boudet René,budet ren,,4,1947;1950,2,Boudet René
P00948,Boulad Albert,bulad albert,,2,1947;1950,2,Boulad Albert
P00949,Boulos Fouad,bulos fuad,,6,1947;1950,2,Boulos Fouad
P00950,Bouvier André,buvier andr,,4,1947;1950,2,Bouvier André
P00951,Brakha Maurice,brakha mauris,,5,1947;1950,2,Brahamsha Maurice | Brakha Maurice
P00952,Brandenburg Edgar,brandenburg edgar,,2,1947,1,Brandenburg Edgar
P00953,Broatch R. W,broatsh,,1,1947,1,Broatch R. W
P00954,Brown T. E,brun,,3,1947;1950,2,Brown T. E
P00955,Burckhardt C. L,burkhardt,,21,1947;1950,2,Burckhardt C. L
P00956,Bustros Antoine M,bustros antoin,,2,1947;1950,2,Bustros Antoine M
P00957,Butterworth James,buteruorth games,,3,1947,1,Butterworth James
P00958,Propriétaire National Hotel Cairo,proprietair national hotel kairo,,3,1947,1,Propriétaire National Hotel Cairo
P00959,Petroleum Co. S.A.E,petroleum ko,,4,1947;1950,2,Petroleum Co | Petroleum Co. S.A.E
P00960,Camiglieri Raoul,kamiglieri raul,,4,1947;1950,2,Camiglieri Raoul
P00961,IOlatmpbell The Hon. Cecil,iolatmpbel th hon sesil,,3,1947,1,IOlatmpbell The Hon. Cecil
P00962,Campbell Major Macknight,kampbel magor maknight,,1,1947,1,Campbell Major Macknight
P00963,Caraggia Anastase,karagia anastas,,2,1947;1950,2,Caraggia Anastase
P00964,Cassab Jacques,kasab gakues,,2,1947;1950,2,Cassab Jacques
P00965,Cold Stores,kold stores,,1,1947,1,Cold Stores
P00966,Castro Léon Me,kastro leon m,,5,1947;1950,2,Castro Léon Me
P00967,Casulli Alexandre M,kasuli alexandr,,2,1947;1950,2,Casulli Alexandre M
P00968,Ceysens Albert,seisens albert,,2,1947;1950,2,Ceysens Albert
P00969,Chahine Khalil,shain khalil,,2,1947;1950,2,Chahine Khalil
P00970,Chalhoub Sélim A,shalhub selim,,1,1947,1,Chalhoub Sélim A
P00971,Chalom Me. Charles,shalom m sharles,,4,1947;1950,2,Chalom Me. Charles
P00972,Chalom Rodolphe Bey Me,shalom rodolf bei m,,3,1947;1950,2,Chalom Rodolphe Bey Me
P00973,Charara Mohamed,sharara moamed,pasha,4,1947;1950,2,Charara Mohamed
P00974,Chawarby Hamed,shauarbi hamed,pasha,4,1947,1,Chawarby Hamed
P00975,Chedel A,shedel,,2,1947;1950,2,Chedel A
P00976,Chedid Charles de Me,shedid sharles m,,2,1947;1950,2,Chedid Charles de Me
P00977,Chédid Max,shedid max,,1,1947,1,Chédid Max
P00978,Chesman John S,shesman gohn,,1,1947,1,Chesman John S
P00979,Chevalier Jean,shevalier gean,,2,1947;1950,2,Chevalier Jean
P00980,Chikhani ·William,shikhani uiliam,,2,1947;1950,2,Chikhani William | Chikhani ·William
P00981,Choucri Moustapha,shukri mustafa,bey,2,1947;1950,2,Choucri Moustapha | Choukri Moustafa
P00982,Cicurel Clément J,sikurel klement,,4,1947;1950,2,Cicurel Clément | Cicurel Clément J
P00983,Cicurel Guy,sikurel gui,,2,1947;1950,2,Cicurel Guy
P00984,Cicurel Léon,sikurel leon,,4,1947;1950,2,Cicurel Léon
P00985,Cicurel René,sikurel ren,,4,1947;1950,2,Cicurel René
P00986,Cicurel,grands magasins sikurel,,5,1947;1950,2,Cicurel | Grands Magasins Cicurel
P00987,Cockinos Anastase,kokinos anastas,,3,1947;1950,2,Cockinos Anastase
P00988,Coen Maurizio Comm,koen maurizio kom,,1,1947,1,Coen Maurizio Comm
P00989,Cohen Daniel,koet daniel,,3,1947;1950,2,Cohen Daniel | Cohet'i Daniel
P00990,Cohen Fernand,koen fernand,,2,1947;1950,2,Cohen Fernand
P00991,Cohen Isaac,koen isak,,1,1947,1,Cohen Isaac
P00992,Cohen Maurice,koen mauris,,2,1947;1950,2,Cohen Maurice
P00993,Cohenca Jacques,koenka gakues,,2,1947;1950,2,Cohenca Jacques
P00994,Contomichalos Gérassimo,kontomishalos gerasimo,,1,1947,1,Contomichalos Gérassimo
P00995,Constant Halford,konstant halford,,2,1947;1950,2,Constant Halford
P00996,Couannier Pierre,kuanier pier,,1,1947,1,Couannier Pierre
P00997,Crombé Georges,kromb georges,,2,1947,1,Crombé Georges
P00998,Curwen,kuruen,,1,1947,1,Curwen
P00999,Oavezac Guy,oavezak gui,,1,1947,1,Oavezac Guy
P01000,Mines,mines,,1,1947,1,Mines
P01001,Davies Thomas E. H,davies thomas,,7,1947;1950,2,Davies Thomas E. H | Davies Thomas E.H
P01002,Delacave Paul,delakav paul,,4,1947;1950,2,Delacave Paul | Delacav·e Paul
P01003,Delany Arthur S,delani arthur,,3,1947;1950,2,Delany Arthur S
P01004,Misr Shipping,misr shiping,,2,1947,1,Misr Shipping
P01005,Dib Georges,diab georges,,3,1947;1950,2,Diab Georges | Dib Georges
P01006,Diab Emile,diab emil,,5,1947;1950,2,Diab Emile
P01007,Dicny Moise,dikni mois,bey,1,1947,1,Dicny Moise
P01008,Djeddah Eli~ N,dgedah eli,,3,1947;1950,2,Djeddah Elie N | Djeddah Eli~ N
P01009,IDoligez Marcel Auguste Joseph,idoligez marsel august gosef,,2,1947,1,IDoligez Marcel Auguste Joseph
P01010,Dorra Albert,dora albert,,1,1947,1,Dorra Albert
P01011,Dorra Zaki,dora zaki,,1,1947,1,Dorra Zaki
P01012,Doss Mtre. Wahib,dos mtr uaib,bey,8,1947;1950,2,Doss Mtre Wahib | Doss Mtre. Wahib
P01013,Dreyfus René Gaston,dreifus ren gaston,,1,1947,1,Dreyfus René Gaston
P01014,Dudler Joseph,dudler gosef,,2,1947;1950,2,Dudler Joseph
P01015,Dukes Eric,dukes erik,,8,1947;1950,2,Dukes Eric | Dukes Eric. M.A
P01016,Dutard Jacques,dutard gakues,,1,1947,1,Dutard Jacques
P01017,Edrei Elie,edrei eli,,2,1947;1950,2,Edrei Elie
P01018,Artistes Français Paris,artistes frankais paris,,11,1947;1950,2,Agronomique de Paris | Artistes Français Paris | Paris
P01019,Eid Saleh,eid saleh,,1,1947,1,Eid Saleh
P01020,El Chaféi Abdel Salam,shafei abdel salam,,5,1947;1950,2,El Chaféi Abdel Salam
P01021,El Chami Mohamed Hassan,shami moamed hasan,bey,2,1947,1,El Chami Mohamed Hassan
P01022,Eliakim Albert,eliakim albert,,2,1947;1950,2,Eliakim Albert
P01023,El Masri Habib,masri habib,pasha,2,1947,1,El Masri Habib
P01024,El-Menzalaoui Moustafa Me,ei menzalaui mustafa m,,9,1947;1950,2,EI-Menzalaoui Moustafa Me | El-Menzalaoui Moustafa Me
P01025,Eloui Aziz,elui aziz,,1,1947,1,Eloui Aziz
P01026,Eloui Kamal,elui kamal,bey,4,1947,1,Eloui Kamal
P01027,El Toukhy Hassan Ahmed,tukhi hasan ahmed,,4,1947;1950,2,El Toukhy Hassan Ahmed
P01028,Eman André,eman andr,,2,1947;1950,2,Eman André
P01029,Empain Baron Edouard,empain baron eduard,,9,1947;1950,2,Empain Baron Edouard
P01030,Enan Hussein Pacha Ancien Ministre,enan husein pasha ansien ministr,,1,1947,1,Enan Hussein Pacha Ancien Ministre
P01031,National Plastics,national plastiks,,1,1947,1,National Plastics
P01032,Estabrook Edward Lewis,estabrok eduard leuis,,2,1947;1950,2,Estabrook Edward Lewis
P01033,Eugenides Eugène,eugenides eugen,,2,1947;1950,2,Eugenides Eugène
P01034,Ltd,ltd,,4,1947;1950,2,Assurance Society Ltd | Ltd
P01035,Farès Youssef,fares iusef,,6,1947;1950,2,Farès Youssef | Fa·rès Yusef
P01036,Orientale du Cinéma,oriental du sinema,,1,1947,1,Orientale du Cinéma
P01037,Farghaly Abdel Aziz Ahmed,farghali abdel aziz ahmed,,3,1947;1950,2,Farghaly Abdel Aziz Ahmed | Farghaly Abdel Aziz Ahmèd
P01038,Feldman 1. R.,feldman,bey,4,1947;1950,2,Feldman 1. R. | Feldman I. R.
P01039,Theatres Cy. S.A.E,theatres si,,1,1947,1,Theatres Cy. S.A.E
P01040,Fils P.A,fils,,1,1947,1,Fils P.A
P01041,Fischer Max,fisher max,,1,1947,1,Fischer Max
P01042,Flower Edmond 1W,fluer edmond u,,1,1947,1,Flower Edmond 1W
P01043,Franck Alfred,frank alfred,,2,1947;1950,2,Franck Alfred
P01044,Frank Victor,frank viktor,,3,1947,1,Frank Victor
P01045,Frey J.H,frei,,1,1947,1,Frey J.H
P01046,Immobilière,imobilier,,1,1947,1,Immobilière
P01047,Galal Moustapha,galal mustafa,bey,2,1947;1950,2,Galal Moustapha
P01048,Galanté Raymond,galant raimond,,2,1947;1950,2,Galanté Raymond
P01049,Galanté Robert,galant robert,,2,1947;1950,2,Galanté Robert
P01050,Gantès Edouard,gantes eduard,,1,1947,1,Gantès Edouard
P01051,Gatteg~ S,gateg,,1,1947,1,Gatteg~ S
P01052,Geahel Pierre,geael pier,,2,1947;1950,2,Geahel Pierre
P01053,Geisenberger Pierre,geisenberger pier,,1,1947,1,Geisenberger Pierre
P01054,Ghandour Hachem,ghandur hashem,,2,1947;1950,2,Ghandour Hachem
P01055,Godber Frederick,godber frederik,,2,1947;1950,2,Godber Frederick
P01056,Goar,goar,,3,1947,1,Goar
P01057,Goldstein Charles,goldstein sharles,,2,1947;1950,2,Goldstein Charles
P01058,Goldstein-Gantes Ignace Me,goldstein ignas m,,3,1947;1950,2,Goldstein Ignace Me | Goldstein-Gantes Ignace Me
P01059,Goodwin E.A.H,goduin,,2,1947;1950,2,Goodwin E.A.H
P01060,Goradesky Léon dit Lebel,goradeski leon dit lebel,,1,1947,1,Goradesky Léon dit Lebel
P01061,Goulakis C,gulakis,,1,1947,1,Goulakis C
P01062,Grad Isaac,grad isak,,3,1947;1950,2,Grad Isaac
P01063,Granguillot G. P,granguilot,,2,1947,1,Granguillot G. P
P01064,Grieve R,griev,,6,1947;1950,2,Grieve R
P01065,Grunberg Jos. Julien,grunberg gos gulien,,4,1947;1950,2,Grunberg Jos. Julien
P01066,Gueziri Dr. Moukhtar Zaki El,gueziri dr mukhtar zaki,,2,1947;1950,2,Gueziri Dr. Moukhtar Zaki El
P01067,Guirguis Fouad,guirguis fuad,pasha,2,1947,1,Guirguis Fouad
P01068,Guirguis Nassif Eff,guirguis nasif ef,,2,1947;1950,2,Guirguis Nassif Eff
P01069,Guttmann Isaac,gutman isak,,2,1947;1950,2,Guttmann Isaac
P01070,Gygi Dr. Hans,gigi dr hans,,2,1947;1950,2,Gygi Dr. Hans
P01071,Cour de Cassation,kur kasation,,1,1947,1,Cour de Cassation
P01072,Haggag Zakaria,hagag zakaria,,2,1947;1950,2,Haggag Zakaria
P01073,Haim Henri,haim henri,,3,1947;1950,2,Haim Henri
P01074,Hakim Youssef,hakim iusef,,2,1947;1950,2,Hakim Youssef
P01075,Halford R. F,halford,,1,1947,1,Halford R. F
P01076,Halfm Eff. Mo·rgan,halfm ef morgan,,3,1947,1,Halfm Eff. Mo·rgan
P01077,Hallet Jean,halet gean,,1,1947,1,Hallet Jean
P01078,Hamed el Alaily,hamed alaili,bey,2,1947;1950,2,Hamed El Alaily | Hamed el Alaily
P01079,Hamed El Lozy,hamed lozi,bey,2,1947;1950,2,Hamed El Lozy
P01080,Hammad Mohamed Wassef,hamad moamed uasef,,4,1947;1950,2,Hammad Mohamed Wassef
P01081,Hammad Adel Mohamed,hamad adel moamed,,4,1947;1950,2,Hammad Adel Mohamed
P01082,Hann A.C,han,,1,1947,1,Hann A.C
P01083,Harari Clément Me,harari klement m,,1,1947,1,Harari Clément Me
P01084,Harari Ernest Me,harari ernest m,,3,1947;1950,2,Harari Ernest Me
P01085,Harari Marc,harari mark,,4,1947;1950,2,Harari Marc
P01086,Harari Raymond,harari raimond,,2,1947;1950,2,Harari Raymond
P01087,Haselden E. F,haselden,,1,1947,1,Haselden E. F
P01088,Harmant Eugène,harmant eugen,,1,1947,1,Harmant Eugène
P01089,Hassan Abdalla,hasan abdala,bey,2,1947;1950,2,Hassan Abdalla
P01090,Hassan Fouad,hasan fuad,bey,4,1947;1950,2,Hassan Fouad
P01091,Hassan Moukhtar Rasmi,hasan mukhtar rasmi,pasha,11,1947;1950,2,Hassan Moukhtar Rasmi
P01092,Hassler Richard,hasler rishard,,2,1947;1950,2,Hassler Richard
P01093,Hawa Georges,haua georges,,2,1947;1950,2,Hawa Georges
P01094,Hazan Victor,hazan viktor,,6,1947;1950,2,Hazan Victor
P01095,Heatheves H. B,heatheves,,2,1947;1950,2,Heatheves H. B
P01096,Hefni Mahmoud Pacha Ancien Ministre,hefni mahmud pasha ansien ministr,,2,1947;1950,2,Hefni Mahmoud Pacha Ancien Ministre
P01097,Hemsi Joseph,hemsi gosef,bey,1,1947,1,Hemsi Joseph
P01098,Hemsi,hemsi,,2,1947,1,Hemsi
P01099,Herman Max M,herman max,,2,1947;1950,2,Herman Max M
P01100,Heyndrickx Pierre,heindrikx pier,,4,1947;1950,2,Heyndricks Pierre | Heyndrickx Pierre
P01101,Hirsch Siegmund,hirsh siegmund,,2,1947;1950,2,Hirsch Siegmund
P01102,IHollings J. S,iolings,,1,1947,1,IHollings J. S
P01103,Homsy Edgard,homsi edgard,,2,1947;1950,2,Homsy Edgard
P01104,Homsy Riskallah,homsi riskalah,,9,1947;1950,2,Homsy Riskallah
P01105,Homewood Georges,homeuod georges,,1,1947,1,Homewood Georges
P01106,Hugh-Jones LI. O.B.E,hugh gones li,,1,1947,1,Hugh-Jones LI. O.B.E
P01107,Hussein Fahmy,husein fahmi,bey,1,1947,1,Hussein Fahmy
P01108,Hussein Said,husein said,bey,5,1947;1950,2,Hussein Said
P01109,Hussein Samy,husein sami,bey,2,1947;1950,2,Hussein Samy
P01110,Ibrahim Fahmy,ibraim fahmi,pasha,2,1947;1950,2,Ibrahim Fahmy
P01111,Imam Wakid,imam uakid,,2,1947;1950,2,Imam Wakid
P01112,Irwin F.J.R,iruin,,10,1947;1950,2,Irwin F.J.R | Irwin I.E.M
P01113,Israel Raymond,israel raimond,,2,1947;1950,2,Israel Raymond
P01114,Ivens H.J.G,ivens,,1,1947,1,Ivens H.J.G
P01115,Jackson W,gakson,,2,1947;1950,2,Jackson W
P01116,Jameson J. A,gameson,,2,1947;1950,2,Jameson J. A
P01117,Jancovitch,gankovitsh,,2,1947,1,Jancovitch
P01118,Jarrosson,garoson,,1,1947,1,Jarrosson
P01119,Jones Archibald Probart,gones arshibald probart,,2,1947;1950,2,Jones Archibald Probart
P01120,Kamal el Dine el Chérif,kamal din sherif,,2,1947;1950,2,Kamal El Dîne El Chérif | Kamal el Dine el Chérif
P01121,H<amel Hussein Wassef,hamel husein uasef,,1,1947,1,H<amel Hussein Wassef
P01122,S.A.E. des Chaussures BATA Farghaly Cotton.& Investment Co,des shausures bata farghali koton investment ko,,1,1947,1,S.A.E. des Chaussures BATA Farghaly Cotton.& Investment Co
P01123,Delta Light Rys. Co,delta light ris ko,,1,1947,1,Delta Light Rys. Co
P01124,Kettaneh Charles,ketaneh sharles,,2,1947;1950,2,Kettaneh Charles
P01125,Kettaneh Désiré,ketaneh desir,,2,1947;1950,2,Kettaneh Désiré
P01126,IKfoury Michel,ikfuri mishel,,1,1947,1,IKfoury Michel
P01127,Khairy Mahmoud,khairi mahmud,pasha,4,1947;1950,2,Khairy Mahmoud
P01128,Khattab Mohamed,khatab moamed,bey,5,1947;1950,2,Khattab Mohamed
P01129,Kher,kher,,2,1947,1,Kher
P01130,Kirkman Robert,kirkman robert,,2,1947;1950,2,Kirkman Robert
P01131,Klaesi R,klaesi,,2,1947;1950,2,Klaesi R
P01132,IKnaider C. R,iknaider,,1,1947,1,IKnaider C. R
P01133,Kohorn Henri ·von,korn henri von,,1,1947,1,Kohorn Henri ·von
P01134,Krisc:hewsky Henry,krisheuski henri,,8,1947;1950,2,Krisc:hewsky Henry | Krischewsky Henry
P01135,Kupper H,kuper,,8,1947;1950,2,Kupper H
P01136,Labib Attallah,labib atalah,,1,1947,1,Labib Attallah
P01137,Labib Francis,labib fransis,,1,1947,1,Labib Francis
P01138,Lackany Sanny,lakani sani,bey,4,1947;1950,2,Lackany Sanny
P01139,Lagnado Joseph S,lagnado gosef,,2,1947;1950,2,Lagnado Joseph S
P01140,Lagoudakis Eustache,lagudakis eustash,,2,1947;1950,2,Lagoudakis Eustache
P01141,Laherrère L,laerer,,2,1947,1,Laherrère L
P01142,Lancaster,lankaster,,2,1947,1,Lancaster
P01143,Lappas Christodule,lapas shristodul,,2,1947;1950,2,Lappas Christodule
P01144,Lascaris,laskaris,,3,1947,1,Lascaris
P01145,Lebnan Bakhos,lebnan bakhos,,3,1947;1950,2,Lebnan Bakhos
P01146,Leheta Ibrahim,leta ibraim,bey,2,1947;1950,2,Leheta Ibrahim
P01147,Leten Paul,leten paul,,1,1947,1,Leten Paul
P01148,Levi Neflos A,levi neflos,,1,1947,1,Levi Neflos A
P01149,Lévy Joseph M,levi gosef,,2,1947;1950,2,Levy Joseph M | Lévy Joseph M
P01150,Lévy Maurice M,levi mauris,,1,1947,1,Lévy Maurice M
P01151,Lifschitz Paul,lifshitz paul,,2,1947;1950,2,Lifschitz Paul
P01152,Lisbona Mayer,lisbona maier,,3,1947;1950,2,Lisbona Mayer
P01153,Liverant Joseph,liverant gosef,,3,1947;1950,2,Liverant Joseph
P01154,Lopez Ercole J,lopez erkol,,3,1947;1950,2,Lopez Ercole J
P01155,Lozy Taher El,lozi taer,bey,8,1947;1950,2,Lozy Taher El
P01156,Luke D. C,luk,,1,1947,1,Luke D. C
P01157,Lynch F. C,linsh,,2,1947;1950,2,Lynch F. C
P01158,Maarouf Abd Rabbo,maruf abd rabo,,1,1947,1,Maarouf Abd Rabbo
P01159,Mac Cullock Joseph Paul,mak kulok gosef paul,,2,1947;1950,2,Mac Cullock Joseph Paul
P01160,Magar Alfred,magar alfred,,1,1947,1,Magar Alfred
P01161,Mahfouz Rachouan,mahfuz rashuan,pasha,4,1947;1950,2,Mahfouz Rachouan
P01162,Commandeur Couronne de Roumanie ChevalieT .Medjidieh,komandeur kuron rumani shevaliet medgidieh,,1,1947,1,Commandeur Couronne de Roumanie ChevalieT .Medjidieh
P01163,Mahmoud Aly Allouba,mahmud ali aluba,bey,2,1947;1950,2,Mahmoud Aly Allouba
P01164,Mahmoud Ghazali,mahmud ghazali,bey,1,1947,1,Mahmoud Ghazali
P01165,Mahmoud Mohasseb,mahmud moaseb,bey,3,1947;1950,2,Mahmoud Mohasseb
P01166,Mahmoud Tewfik Hefnaoui,mahmud teufik hefnaui,bey,1,1947,1,Mahmoud Tewfik Hefnaoui
P01167,Malcolm Major,malkolm magor,,2,1947;1950,2,Malcolm Major
P01168,Mailer J. A,mailer,,1,1947,1,Mailer J. A
P01169,Mansour Gamal el Dîne,mansur gamal din,,2,1947;1950,2,Mansour Gamal el Dine | Mansour Gamal el Dîne
P01170,Dr. Mohamed Sabry Mansour,mansur,bey,3,1947;1950,2,Dr. Mohamed Sabry Mansour | Mansour | Mansour Mansour
P01171,Marcus Adolphe,markus adolf,,1,1947,1,Marcus Adolphe
P01172,Maret Baron Guy de,maret baron gui,,2,1947;1950,2,Maret Baron Guy de
P01173,Marii Sayed,mari saied,bey,2,1947;1950,2,Marii Sayed
P01174,Martin R. C,martin,,3,1947;1950,2,Martin G. A | Martin R. C
P01175,Martz,martz,,1,1947,1,Martz
P01176,Massabky Maurice,masabki mauris,,1,1947,1,Massabky Maurice
P01177,Mathieu A,mathieu,,2,1947;1950,2,Mathieu A
P01178,Maunsell Brig. R. J,maunsel brig,,1,1947,1,Maunsell Brig. R. J
P01179,Mawas Maurice,mauas mauris,,2,1947;1950,2,Mawas Maurice
P01180,Mawas Zaki,mauas zaki,,2,1947;1950,2,Mawas Zaki
P01181,Mayer Moshé,maier mosh,,1,1947,1,Mayer Moshé
P01182,Mazin L. A,mazin,,1,1947,1,Mazin L. A
P01183,Meltz Léon,meltz leon,,1,1947,1,Meltz Léon
P01184,Menaché Albert,menash albert,,2,1947;1950,2,Menaché Albert
P01185,IMenaché Maurice C,imenash mauris,,1,1947,1,IMenaché Maurice C
P01186,Menaché Maurice M,menash mauris,,8,1947;1950,2,Menaché Maurice C | Menaché Maurice M
P01187,Messiqua B,mesikua,,1,1947,1,Messiqua B
P01188,Metaxas Ménélas,metaxas menelas,,2,1947;1950,2,Metaxas Ménélas
P01189,Metzger Albert,metzger albert,,1,1947,1,Metzger Albert
P01190,Meyvis Louis,meivis luis,,4,1947;1950,2,Meyvis Louis
P01191,Misrahi,misrai,,4,1947,1,Misrahi
P01192,Misrahi Léon,misrai leon,,3,1947,1,Misrahi Léon
P01193,Mitchell Gaston,mitshel gaston,,3,1947;1950,2,Mitchell Gaston
P01194,Moberly Charles Henry Doward,moberli sharles henri duard,,2,1947;1950,2,Moberly Charles Henry Doward
P01195,Moghazi Mohamed Abd Rabbou,moghazi moamed abd rabu,pasha,2,1947;1950,2,Moghazi Mohamed Abd Rabbou
P01196,Mohamed Abbas Rached,moamed abas rashed,bey,4,1947;1950,2,Adel Rached | Mohamed Abbas Rached | Mohamed Rached | Rached
P01197,Mohamed Abdel Malek Hamza,moamed abdel malek hamza,bey,1,1947,1,Mohamed Abdel Malek Hamza
P01198,Mohamed Abdel Moneim El Dib,moamed abdel moneim dib,bey,6,1947;1950,2,Mohamed Abdel Moneim El Dib
P01199,Mohamed Abdel Rahman Nosseir,moamed abdel rahman noseir,,2,1947,1,Mohamed Abdel Rahman Nosseir
P01200,Mohaf!led Aly Namazi,moafled ali namazi,pasha,2,1947;1950,2,Mohaf!led Aly Namazi | Mohamed Aly Namazi
P01201,Mohamed Amine Chohayeb,moamed amin shoaieb,bey,6,1947;1950,2,Mohamed Amine Chohayeb
P01202,Mohamed Chafik,moamed shafik,,2,1947;1950,2,Mohamed Chafik
P01203,Mohamed Fathy Sabry,moamed fathi sabri,bey,4,1947;1950,2,Mohamed Fathy Sabry
P01204,Mohamed Eff. Fouad Darwlche El Hag,moamed ef fuad darulsh hag,,2,1947,1,Mohamed Eff. Fouad Darwlche El Hag
P01205,Mohamed Hachem Pacha Dr,moamed hashem dr,,2,1947;1950,2,Mohamed Hachem Dr | Mohamed Hachem Pacha Dr
P01206,Mohamed Bey Hamada,moamed bei hamada,,5,1947;1950,2,Mohamed Bey Hamada
P01207,Mohamed Hassan El Abd Bey Député de Gamalieh,moamed hasan abd bei deput gamalieh,,1,1947,1,Mohamed Hassan El Abd Bey Député de Gamalieh
P01208,Mohamed 'Khattab,moamed khatab,bey,1,1947,1,Mohamed 'Khattab
P01209,Mohamed Loutfi M~hmoud,moamed lutfi mhmud,bey,2,1947,1,Mohamed Loutfi M~hmoud
P01210,Mohamed Mohamed 1Kira,moamed moamed kira,,2,1947;1950,2,Mohamed Mohamed 1Kira | Mohamed Mohamed Kira
P01211,Mohamed Sakr,moamed sakr,bey,2,1947;1950,2,Mohamed Sakr
P01212,Mohamed Salah el Dine,moamed salah din,bey,3,1947;1950,2,Mohamed Salah el Dine
P01213,Mohamed Salab el Dine el Chorbagui,moamed salab din shorbagui,,1,1947,1,Mohamed Salab el Dine el Chorbagui
P01214,Mohamed Salem Salem,moamed salem salem,pasha,5,1947;1950,2,Mohamed Neguib Salem | Mohamed Salem Salem
P01215,Mohamed Sobhi el Chorbagui,moamed sobhi shorbagui,,4,1947;1950,2,Mohamed Sobhi el Chorbagui | Mohamed Sobhl el Chorbagui
P01216,Mohamed Youssef El Abd,moamed iusef abd,bey,2,1947;1950,2,Mohamed Youssef El Abd
P01217,Mohamed Zeidan,moamed zeidan,,1,1947,1,Mohamed Zeidan
P01218,Mohsin Shawki,mohsen shauki,,3,1947;1950,2,Mohsen Shawki | Mohsin Shawki
P01219,Montant Gaston,montant gaston,,1,1947,1,Montant Gaston
P01220,Moore Léon,mor leon,,2,1947;1950,2,Moore Léon
P01221,Morpurgo Georges,morpurgo georges,,5,1947;1950,2,Morpurgo Georges
P01222,Mosseri GL1ido,moseri glido,,5,1947,1,Mosseri GL1ido
P01223,Mouchly Max,mushli max,,1,1947,1,Mouchly Max
P01224,Moursi Ahmed Awad,mursi ahmed auad,,2,1947;1950,2,Moursi Ahmed Awad
P01225,Muntz Alyan,muntz alian,,1,1947,1,Muntz Alyan
P01226,Murray Georges Maggibon,murai georges magibon,,1,1947,1,Murray Georges Maggibon
P01227,Cotton Trading Co,koton trading ko,,3,1947,1,Cotton Trading Co
P01228,Londres,londres,,1,1947,1,Londres
P01229,Classe,klas,,2,1947,1,Classe
P01230,Nlahman Raphael,nlahman rafael,,5,1947;1950,2,Nahman Raphael | Nlahman Raphael
P01231,Natar Nathan Raphael,natar nathan rafael,,1,1947,1,Natar Nathan Raphael
P01232,Négrin Edmond N,negrin edmond,,2,1947,1,Négrin Edmond N
P01233,Neison Georges,neison georges,,2,1947;1950,2,Neison Georges | Nelson Georges
P01234,No~n Edouard,non eduard,,1,1947,1,No~n Edouard
P01235,N~egaard A,negard,,1,1947,1,N~egaard A
P01236,Léopold de Belgique Croix de Guerre Yser,leopold belgiku kroix guer iser,,1,1947,1,Léopold de Belgique Croix de Guerre Yser
P01237,Pace,pas,,3,1947,1,Pace
P01238,JD'athy Ladislas,gd athi ladislas,,1,1947,1,JD'athy Ladislas
P01239,Company,kompani,,4,1947,1,Company
P01240,Pavlica Dussan,pavlika dusan,,2,1947;1950,2,Pavlica Dusan | Pavlica Dussan
P01241,Paxton Lloyd,paxton loid,,2,1947;1950,2,Paxton Lloyd
P01242,Peillon Paul,peilon paul,,2,1947;1950,2,Peillon Paul
P01243,Perez Joseph,perez gosef,,1,1947,1,Perez Joseph
P01244,Perkins William H,perkins uiliam,,2,1947,1,Perkins William H
P01245,Pezas Me. A,pezas m,,2,1947,1,Pezas Me. A
P01246,Picciotto David de,piksioto david,,1,1947,1,Picciotto David de
P01247,Picciotto Fernand de,piksioto fernand,,2,1947;1950,2,Picciotto Fernand de
P01248,Picciotto Henri,piksioto henri,,3,1947;1950,2,Picciotto Henri | Picciotto Henri de
P01249,Picciotto Joseph,piksioto gosef,,2,1947;1950,2,Picciotto Joseph
P01250,Picciotto Léon,piksioto leon,,2,1947;1950,2,Picciotto Léon | Picoiotto Léon
P01251,Picciotto Lucien,piksioto lusien,,2,1947,1,Picciotto Lucien
P01252,Pilavachi John,pilavashi gohn,,1,1947,1,Pilavachi John
P01253,Pinto Bruno B. Corn. Liverpool,pinto bruno kom liverpol,,6,1947;1950,2,Pinto Bruno B. Com. Liverpool | Pinto Bruno B. Corn. Liverpool
P01254,Ginning Co,gining ko,,2,1947,1,Ginning Co
P01255,Upper Egypt Oinning-Co,uper egipt oining ko,,1,1947,1,Upper Egypt Oinning-Co
P01256,Anonyme des Immeubles Réunis,anonim des imeubles reunis,,2,1947,1,Anonyme des Immeubles Réunis
P01257,Platt James,plat games,,2,1947,1,Platt James
P01258,Podesta Edward Major,podesta eduard magor,,1,1947,1,Podesta Edward Major
P01259,Politi Elie 1,politi eli,,6,1947;1950,2,Politi Elie 1
P01260,Pollet-Thiriez Pierre,polet thiriez pier,,3,1947;1950,2,Pollet Pierre | Pollet-Thiriez Pierre
P01261,Pontremoli Maurice B,pontremoli mauris,,1,1947,1,Pontremoli Maurice B
P01262,Pontremoli Rachel,pontremoli rashel,,1,1947,1,Pontremoli Rachel
P01263,Portos Emile,portos emil,,2,1947;1950,2,Portos Emile
P01264,Dringo Stephane,dringo stefan,,1,1947,1,Dringo Stephane
P01265,Psacharopoulo Georges,psasharopulo georges,,4,1947;1950,2,Psacharopoulo Georges
P01266,Psaltis A. M,psaltis,,3,1947;1950,2,Psaltis A. M
P01267,Rabbath Fernand,rabath fernand,,1,1947,1,Rabbath Fernand
P01268,Rabbath Henri,rabath henri,,5,1947;1950,2,Rabbath Henri | Rabbath Henry
P01269,Rachid Ibrahim,rashid ibraim,bey,4,1947,1,Rachid Ibrahim
P01270,Rachid Moustafa,rashid mustafa,bey,2,1947;1950,2,Rachid Moustafa
P01271,Raemy Bernard de,raemi bernard,,4,1947;1950,2,Raemy Bernard de
P01272,Raftopoulos A. S,raftopulos,,4,1947;1950,2,Raftopoulos A. S
P01273,Rpes William Edward,rpes uiliam eduard,,2,1947;1950,2,Rees William Edward | Rpes William Edward
P01274,Reichfeld André,reishfeld andr,,2,1947,1,Reichfeld André
P01275,Reynolds A,reinolds,,3,1947;1950,2,Reynolds A
P01276,Industries,industries,,1,1947,1,Industries
P01277,Riaz Mamdouh,riaz mamduh,,1,1947,1,Riaz Mamdouh
P01278,Richards G. P,rishards,,2,1947;1950,2,Richards G. P
P01279,Richès Gustave,rishes gustav,,4,1947;1950,2,Richès Gustave
P01280,Economique,ekonomiku,,1,1947,1,Economique
P01281,Richès Victor,rishes viktor,,2,1947;1950,2,Richès Victor
P01282,Rivelli Jean N,riveli gean,,4,1947;1950,2,Rivelli Jean N
P01283,Rodocanachi K. G,rodokanashi,,5,1947;1950,2,Rodocanachi C | Rodocanachi K. G
P01284,Rodriguez Eddie,rodriguez edi,,2,1947;1950,2,Rodriguez Eddie
P01285,Rofé Charles,rof sharles,,1,1947,1,Rofé Charles
P01286,Roger-Machart Ch,roger mashart sh,,6,1947;1950,2,Roger-Machart Ch
P01287,Rolin Louis Baron,rolin luis baron,,1,1947,1,Rolin Louis Baron
P01288,Rolo,rolo,,1,1947,1,Rolo
P01289,Rolo Simon E,rolo simon,,2,1947;1950,2,Rolo Simon E
P01290,Rosenberg M. M,rosenberg,,2,1947;1950,2,Rosenberg M. M
P01291,Rossano Charles,rosano sharles,,7,1947;1950,2,Rossano Charles
P01292,Rossano Fernand,rosano fernand,,2,1947;1950,2,Rossano Fernand
P01293,Rossetto Victor,roseto viktor,,2,1947;1950,2,Rossetto Victor
P01294,Rouchdy Ahmed,rushdi ahmed,bey,6,1947;1950,2,Rouchdy Ahmed
P01295,Rouchdy Mohamed,rushdi moamed,bey,17,1947;1950,2,Rouchdy Mohamed
P01296,Belgique,belgiku,,18,1947;1950,2,Belgique
P01297,Rutimeyer R. L,rutimeier,,1,1947,1,Rutimeyer R. L
P01298,Rye Edward,ri eduard,,2,1947;1950,2,Rye Edward
P01299,Saad Alexander,sad alexander,,2,1947,1,Saad Alexander
P01300,Saad el Labbane,sad laban,,1,1947,1,Saad el Labbane
P01301,Saad,sad,,1,1947,1,Saad
P01302,Sachs Freddy,sashs fredi,,4,1947;1950,2,Sachs Freddy
P01303,Saddik Hassan,sadek hasan,pasha,2,1947;1950,2,Saddik Hassan | Sadek Hassan
P01304,Grand Officier Couronne Belge,grand ofisier kuron belg,,8,1947,1,Grand Officier Couronne Belge
P01305,Copper Works,koper uorks,,11,1947,1,Copper Works
P01306,Sakellarios Nicolas,sakelarios nikolas,,2,1947;1950,2,Sakellarios Nicolas
P01307,Salah el Dîne El Chourbagui·,salah din shurbagui,,2,1947;1950,2,Salah el Dine El Chourbagui | Salah el Dîne El Chourbagui·
P01308,Salama Marco,salama marko,,4,1947;1950,2,Salama Marco
P01309,Salama Max J,salama max,,3,1947;1950,2,Salama Max J
P01310,Salem Maurice O,salem mauris,,4,1947;1950,2,Salem Maurice O
P01311,Sami Off,sami of,,3,1947;1950,2,Sami Off
P01312,Santarelli Michel,santareli mishel,,1,1947,1,Santarelli Michel
P01313,Saouaf Camille,sauaf kamil,,1,1947,1,Saouaf Camille
P01314,Sariyanni Demosthène A,sariani demosthen,,2,1947;1950,2,Sariyanni Demosthène A
P01315,Sarofim Shalaby,sarofim shalabi,bey,6,1947;1950,2,Sarofim Shalaby
P01316,Savon G. L,savon,,7,1947;1950,2,Savon G. L
P01317,Sayed El Lozy Eff,saied lozi ef,,2,1947,1,Sayed El Lozy Eff
P01318,El Sayed Mohamed Badraoui,saied moamed badraui,pasha,2,1947,1,El Sayed Mohamed Badraoui
P01319,Sayed Mohamed Badraoui Achour Pacha Député,saied moamed badraui ashur pasha deput,,2,1947,1,Sayed Mohamed Badraoui Achour Pacha Député
P01320,Scamvouyeras Panayotti,skamvuieras panaioti,,2,1947;1950,2,Scamvouyeras Panayotti
P01321,Schaechter H,shaeshter,,3,1947;1950,2,Schaechter H
P01322,Schasca O,shaska,,2,1947;1950,2,Schasca O
P01323,Sc:hellenberg Hans,shelenberg hans,,4,1947,1,Sc:hellenberg Hans
P01324,Schmidheiny Ernst,shmidheini ernst,,2,1947;1950,2,Schmidheiny Ernst
P01325,Schmidheiny Jacob,shmidheini gakob,,1,1947,1,Schmidheiny Jacob
P01326,Schoenman Juljan,shoenman gulgan,,2,1947;1950,2,Schoenman Juljan
P01327,Sc::houten Fernand,shuten fernand,,2,1947;1950,2,Sc::houten Fernand | Schoùten Fernand
P01328,Conseil,konseil,,3,1947;1950,2,Conseil | Polack Edwin Mtre. Avocat Conseil
P01329,Sedky Aziz,sedki aziz,bey,3,1947;1950,2,Sedky Aziz | Sidki Aziz
P01330,Sedky,sedki,,2,1947,1,Sedky
P01331,Sedky Kamel,sedki kamel,pasha,1,1947,1,Sedky Kamel
P01332,Sekaly Achille,sekali ashil,bey,6,1947;1950,2,Sekaly Achille
P01333,Sellas André,selas andr,,2,1947;1950,2,Sellas André
P01334,Setton César J,seton sesar,,5,1947;1950,2,Setton César | Setton César J
P01335,Sevastopulo Ambroise,sevastopulo ambrois,,3,1947;1950,2,Sevastopulo Ambroise
P01336,Shamsy Aly,shamsi ali,pasha,8,1947;1950,2,Shamsy Aly
P01337,Maison Choremi,maison shoremi,,3,1947,1,Maison Choremi
P01338,Sinigaglia Carlo,sinigaglia karlo,,4,1947;1950,2,Sinigaglia Carlo
P01339,Sirakian S. lng,sirakian lng,,1,1947,1,Sirakian S. lng
P01340,Cottop Spinning,kotop spining,,3,1947,1,Cottop Spinning
P01341,Sirry Mohamed,siri moamed,pasha,1,1947,1,Sirry Mohamed
P01342,Small Irving,smal irving,,1,1947,1,Small Irving
P01343,Smouha Joseph,smua gosef,,2,1947;1950,2,Smouha Joseph
P01344,S.S. le Nabil Soliman Daoud,l nabil soliman daud,,3,1947;1950,2,S.S. le Nabil Soliman Daoud
P01345,Sorbara Salvator,sorbara salvator,,2,1947;1950,2,Sorbara Salvator
P01346,The Egyptian Independent Oil Co,th egiptian independent oil ko,,1,1947,1,The Egyptian Independent Oil Co
P01347,Spetseropoulo Georges D,spetseropulo georges,,5,1947,1,Spetseropoulo Georges D
P01348,Strangman,strangman,,1,1947,1,Strangman
P01349,Sursocl\ Nicolas Alexandre,sursokl nikolas alexandr,,4,1947;1950,2,Sursock Nicolas Alexandre | Sursocl\ Nicolas Alexandre
P01350,Tagher Albert Bey Me,tagher albert bei m,,2,1947;1950,2,Tagher Albert Bey Me
P01351,Tagher François,tagher frankois,,3,1947;1950,2,Tagher François
P01352,Tagher Omar,tagher omar,,1,1947,1,Tagher Omar
P01353,Taher Hassan Hosnr,taer hasan hosnr,pasha,1,1947,1,Taher Hassan Hosnr
P01354,Taher Mahmoud Hamtdi,taer mahmud hamtdi,pasha,2,1947,1,Taher Mahmoud Hamtdi
P01355,Club El-Fouroussia,klub furusia,,1,1947,1,Club El-Fouroussia
P01356,Takla Berti Kamel,takla berti kamel,bey,2,1947;1950,2,Takla Berti Kamel
P01357,Tancred C. H,tankred,,1,1947,1,Tancred C. H
P01358,Tarraf Aly,taraf ali,pasha,1,1947,1,Tarraf Aly
P01359,Tawil Pierre,tauil pier,,6,1947;1950,2,Tawil Pierre
P01360,Tepeghiosi Nicolas,tepeghiosi nikolas,,4,1947;1950,2,Tepeghiosi Nicolas
P01361,Théodorakis A. O,theodorakis,,2,1947;1950,2,Théodorakis A. D | Théodorakis A. O
P01362,Thomaidis Constantin B,thomaidis konstantin,,3,1947;1950,2,Thomaidis Constantin B
P01363,Thomaidis Ivan Evangelo B,thomaidis ivan evangelo,,3,1947;1950,2,Thomaidis Ivan Evangelo B
P01364,Thomaidis Pandélis C,thomaidis pandelis,,1,1947,1,Thomaidis Pandélis C
P01365,Toriel Eliott,toriel eliot,,2,1947;1950,2,Toriel Eliott | Toriel Elliot
P01366,Toriel Henri,toriel henri,,6,1947;1950,2,Toriel Henri
P01367,Totah Youssef,totah iusef,,1,1947,1,Totah Youssef
P01368,Toutounji Joseph,tutungi gosef,,7,1947;1950,2,Toutounji Joseph
P01369,Trad Samaan,trad saman,,1,1947,1,Trad Samaan
P01370,Triulzi E. W,triulzi,,2,1947;1950,2,Triulzi E. W
P01371,Vallet Jean,valet gean,,4,1947;1950,2,Vallet Jean
P01372,Vickery J. C,vikeri,,2,1947;1950,2,Vickery | Vickery J. C
P01373,Vidon Aslan,vidon aslan,,5,1947;1950,2,Vidon Aslan
P01374,Vidon Joseph,vidon gosef,,2,1947;1950,2,Vidon Joseph
P01375,Vigneau André,vigneau andr,,1,1947,1,Vigneau André
P01376,Vïncendon Jacques,vinsendon gakues,,2,1947;1950,2,Vincendon Jacques | Vïncendon Jacques
P01377,Watouri Joseph,uaturi gosef,,3,1947;1950,2,Watouri Joseph | Wattouri Joseph
P01378,Wieland A. J,uieland,,1,1947,1,Wieland A. J
P01379,Wilkinson Peter,uilkinson peter,,2,1947;1950,2,Wilkinson Peter
P01380,Trading Cy,trading si,,1,1947,1,Trading Cy
P01381,Woodhead W. G,uodhead,,2,1947;1950,2,Woodhead W. G
P01382,Yamodis Ph,iamodis f,,1,1947,1,Yamodis Ph
P01383,Yassine Mohamed Sayed,iasin moamed saied,bey,2,1947;1950,2,Yassine Mohamed Sayed
P01384,Yassine Serag El Dîne Bey Propriétaire Foncier,iasin sirag din bei proprietair fonsier,,10,1947;1950,2,Yassine Serag El Dîne Bey Propriétaire Foncier | Yassine Sirag El Dîne Bey Propriétaire Foncier
P01385,Zabal Wadih,zabal uadih,,3,1947;1950,2,Zabal Wadih
P01386,Zaidan Georges,zaidan georges,,1,1947,1,Zaidan Georges
P01387,Zakaria Mahran,zakaria mahran,pasha,6,1947,1,Zakaria Mahran
P01388,Me. Zananiri,m zananiri,,1,1947,1,Me. Zananiri
P01389,Zarmati L. M,zarmati,,4,1947;1950,2,Zarmati L. M
P01390,Zarbhanelian Mardig,zarbhanelian mardig,,3,1947;1950,2,Zarbhanelian Mardig
P01391,Zerbini Dimitri J·ean,zerbini dimitri gean,,3,1947,1,Zerbini Dimitri J·ean
P01392,Zerbini S,zerbini,,1,1947,1,Zerbini S
P01393,Zilkha,zilkha,,3,1947;1950,2,Zilkha | Zilkha K. A
P01394,Egypte Alexandrie,egipt alexandri,,2,1947,1,Egypte Alexandrie
P01395,Zilkha Maurice,zilkha mauris,,3,1947;1950,2,Zilkha Maurice
P01396,Zulfikar Mohamed,zulfikar moamed,bey,1,1947,1,Zulfikar Mohamed
P01397,Zulfikar Samir,zulfikar samir,bey,2,1947;1950,2,Zulficar Samir | Zulfikar Samir
P01398,Zulficar Youssouf Pacha G.C.O. Nil,zulfikar iusuf pasha nil,,5,1947,1,Zulficar Youssouf Pacha G.C.O. Nil
P01399,Abaza Ahmed,abaza ahmed,bey,1,1950,1,Abaza Ahmed
P01400,Abaza Galal,abaza galal,bey,3,1950,1,Abaza Galal
P01401,Abaza Dr. Mahmoud,abaza dr mahmud,bey,1,1950,1,Abaza Dr. Mahmoud
P01402,Abaza Mohamed Fikri,abaza moamed fikri,bey,1,1950,1,Abaza Mohamed Fikri
P01403,Abaza Mohamed Aziz,abaza moamed aziz,pasha,4,1950,1,Abaza Mohamed Aziz
P01404,Abaza Mohamed Zaki,abaza moamed zaki,bey,1,1950,1,Abaza Mohamed Zaki
P01405,Abbas el Chafei,abas shafei,,4,1950,1,Abbas el Chafei
P01406,Abdallah Idris Ragheb,abdalah idris ragheb,bey,2,1950,1,Abdallah Idris Ragheb
P01407,Abdel Aziz Abdallah Salem,abdel aziz abdalah salem,bey,2,1950,1,Abdel Aziz Abdallah Salem
P01408,Abdel Aziz El Barkouki,abdel aziz barkuki,,2,1950,1,Abdel Aziz El Barkouki
P01409,Abdel Fattah El Roby Eff,abdel fatah robi ef,,1,1950,1,Abdel Fattah El Roby Eff
P01410,Abdel Fattah el Sayed,abdel fatah saied,bey,1,1950,1,Abdel Fattah el Sayed
P01411,Abdel Galil el Emary,abdel galil emari,bey,2,1950,1,Abdel Galil el Emary
P01412,Abdel Galil Abou Samra,abdel galil samra,pasha,3,1950,1,Abdel Galil Abou Samra
P01413,Abdel Haî Khalil,abdel hai khalil,bey,4,1950,1,Abdel Haî Khalil
P01414,Abdel Hamid Pacha Abdel Hakk,abdel hamid pasha abdel hak,,3,1950,1,Abdel Hamid Pacha Abdel Hakk
P01415,Abdel Hamid Abdel Meguid el Abd,abdel hamid abdel meguid abd,,1,1950,1,Abdel Hamid Abdel Meguid el Abd
P01416,Abd El-Hamid El-Chérif,abd hamid sherif,bey,1,1950,1,Abd El-Hamid El-Chérif
P01417,Représentations Shipping,representations shiping,,1,1950,1,Représentations Shipping
P01418,Abdel Hamid Fahmy,abdel hamid fahmi,,1,1950,1,Abdel Hamid Fahmy
P01419,Abdel Hamid Fathi,abdel hamid fathi,bey,1,1950,1,Abdel Hamid Fathi
P01420,Abdel Hamid Ibrahim,abdel hamid ibraim,,1,1950,1,Abdel Hamid Ibrahim
P01421,Abdel Hamid Kamal Bey Miralai,abdel hamid kamal bei miralai,,2,1950,1,Abdel Hamid Kamal Bey Miralai
P01422,Abdel Hamid Mahmoud Atallah,abdel hamid mahmud atalah,,1,1950,1,Abdel Hamid Mahmoud Atallah
P01423,Abdel Hamid el Seno~ssi Mtre,abdel hamid senosi mtr,,1,1950,1,Abdel Hamid el Seno~ssi Mtre
P01424,Abdel Hamid Serag el Dine,abdel hamid serag din,bey,1,1950,1,Abdel Hamid Serag el Dine
P01425,Abdel Hamid Shawarby,abdel hamid shauarbi,bey,1,1950,1,Abdel Hamid Shawarby
P01426,Abdel Kawi Ahmed,abdel kaui ahmed,pasha,4,1950,1,Abdel Kawi Ahmed
P01427,Abdel Kerim Raouf,abdel kerim rauf,bey,1,1950,1,Abdel Kerim Raouf
P01428,Abdel Khalek Saber,abdel khalek saber,bey,2,1950,1,Abdel Khalek Saber
P01429,Abdel Latif Bey Ghorbal,abdel latif bei ghorbal,,1,1950,1,Abdel Latif Bey Ghorbal
P01430,Abdel Maksud Hamza,abdel maksud hamza,,1,1950,1,Abdel Maksud Hamza
P01431,Abdel Malel{ Hamza,abdel malel hamza,bey,5,1950,1,Abdel Malel{ Hamza
P01432,Abdel Meguid Abdel Hakk,abdel meguid abdel hak,,1,1950,1,Abdel Meguid Abdel Hakk
P01433,Abdel Meguid Badr,abdel meguid badr,pasha,1,1950,1,Abdel Meguid Badr
P01434,Abdel Meguid Ismail Barakat,abdel meguid ismail barakat,,1,1950,1,Abdel Meguid Ismail Barakat
P01435,Abdel Messih Georges B,abdel mesih georges,,1,1950,1,Abdel Messih Georges B
P01436,Abdel Moneim Khafagui,abdel moneim khafagui,,3,1950,1,Abdel Moneim Khafagui
P01437,United Enterprises,enterprises,,2,1950,1,Enterprises | United Enterprises
P01438,Abdel Rahman Loutfi,abdel rahman lutfi,pasha,1,1950,1,Abdel Rahman Loutfi
P01439,Abdel Rahman Nour,abdel rahman nur,bey,1,1950,1,Abdel Rahman Nour
P01440,Abdel Rahman Nosseir,abdel rahman noseir,bey,1,1950,1,Abdel Rahman Nosseir
P01441,Abdel Raouf Alamy,abdel rauf alami,bey,1,1950,1,Abdel Raouf Alamy
P01442,Abdel Raouf Zaki,abdel rauf zaki,bey,1,1950,1,Abdel Raouf Zaki
P01443,Abflel Salam El-Shazli,abflel salam shazli,pasha,1,1950,1,Abflel Salam El-Shazli
P01444,Abdel Salam Mahmoud,abdel salam mahmud,bey,1,1950,1,Abdel Salam Mahmoud
P01445,Abdou Mohamed El Tawil,abdu moamed tauil,,3,1950,1,Abdou Mohamed El Tawil
P01446,Aboul Ela Hanafi,abul ela hanafi,bey,4,1950,1,Aboul Ela Hanafi
P01447,Aboul Fath Ahmed,abul fath ahmed,,1,1950,1,Aboul Fath Ahmed
P01448,Misri»,misri,,2,1950,1,Misri»
P01449,Aboul Fath Mohamed,abul fath moamed,,1,1950,1,Aboul Fath Mohamed
P01450,Abou Seif Radi,seif radi,bey,1,1950,1,Abou Seif Radi
P01451,Aboussouan Jean,abusuan gean,,1,1950,1,Aboussouan Jean
P01452,Aboussouan Reffie,abusuan refi,,1,1950,1,Aboussouan Reffie
P01453,Acher Mtre. Sam,asher mtr sam,,1,1950,1,Acher Mtre. Sam
P01454,Publique,publiku,,1,1950,1,Publique
P01455,Adam Vladimir,adam vladimir,,1,1950,1,Adam Vladimir
P01456,Adda Abramino F,ada abramino,,3,1950,1,Adda Abramino F
P01457,Adda Me. Charles,ada m sharles,,2,1950,1,Adda Me. Charles
P01458,Adda Me. René,ada m ren,,1,1950,1,Adda Me. René
P01459,Adda Robert J,ada robert,,1,1950,1,Adda Robert J
P01460,Adel Wahba Awad,adel uahba auad,,1,1950,1,Adel Wahba Awad
P01461,Beyrouth,beiruth,,1,1950,1,Beyrouth
P01462,Afifi Mohamed,afifi moamed,bey,3,1950,1,Afifi Mohamed
P01463,Aghion Henry,aghion henri,,1,1950,1,Aghion Henry
P01464,Aghion Yvonne,aghion ivon,,1,1950,1,Aghion Yvonne
P01465,Ahmed Bey Ibrahim Atallah,ahmed bei ibraim atalah,bey,2,1950,1,Ahmed Bey Ibrahim Atallah | Ahmed Ibrahim Atallah
P01466,Ahmed Aziz El Barkould,ahmed aziz barkuld,,1,1950,1,Ahmed Aziz El Barkould
P01467,Ahmed Abdel Ghaffar,ahmed abdel ghafar,bey,1,1950,1,Ahmed Abdel Ghaffar
P01468,Ahmed Hamdi Pacha Lewa,ahmed hamdi pasha leua,,1,1950,1,Ahmed Hamdi Pacha Lewa
P01469,Ahmed Hamdi Mahboub,ahmed hamdi mahbub,pasha,1,1950,1,Ahmed Hamdi Mahboub
P01470,Ahmed Helmi Abdel Baki,ahmed helmi abdel baki,pasha,1,1950,1,Ahmed Helmi Abdel Baki
P01471,Dr. Ahmed Hilmy,dr ahmed hilmi,pasha,2,1950,1,Dr. Ahmed Hilmy
P01472,Ahmed Hilmy Mahmoud,ahmed hilmi mahmud,bey,3,1950,1,Ahmed Hilmy Mahmoud | Ahmed Mahmoud
P01473,Ahmed el Moghazi,ahmed moghazi,,3,1950,1,Ahmed el Moghazi
P01474,Ahmed Mohamed Sid Ahmed,ahmed moamed sid ahmed,,1,1950,1,Ahmed Mohamed Sid Ahmed
P01475,Ahmed Racheed Abdallah Bey Dr,ahmed rashed abdalah bei dr,,1,1950,1,Ahmed Racheed Abdallah Bey Dr
P01476,Ahmed Rouchdi El Gazzar,ahmed rushdi gazar,bey,1,1950,1,Ahmed Rouchdi El Gazzar
P01477,Ahmed Youssef el Gammal,ahmed iusef gamal,bey,1,1950,1,Ahmed Youssef el Gammal
P01478,Aladin El Alaily,aladin alaili,bey,1,1950,1,Aladin El Alaily
P01479,Aladjem Raphael,aladgem rafael,,1,1950,1,Aladjem Raphael
P01480,Aldridge Léonard,aldridg leonard,,1,1950,1,Aldridge Léonard
P01481,Allain André,alain andr,,1,1950,1,Allain André
P01482,Allan George W,alan georg,,1,1950,1,Allan George W
P01483,Aly Chouh:ri Khamis,ali shuhri khamis,,2,1950,1,Aly Chouh:ri Khamis
P01484,Aly Moafi,ali moafi,,1,1950,1,Aly Moafi
P01485,Aly Mohamed El Kerdani Bey D.H.P,ali moamed kerdani bei,,2,1950,1,Aly Mohamed El Kerdani Bey D.H.P
P01486,Amad Farid,amad farid,,2,1950,1,Amad Farid
P01487,Ambrosetti Constantin,ambroseti konstantin,,1,1950,1,Ambrosetti Constantin
P01488,Ameli G,ameli,,1,1950,1,Ameli G
P01489,Amine Aly,amin ali,,1,1950,1,Amine Aly
P01490,Amine Anis,amin anis,pasha,1,1950,1,Amine Anis
P01491,Amine El Moghraby,amin moghrabi,,1,1950,1,Amine El Moghraby
P01492,Amine Moustapha Bey Co-Propriétaire Journal «Akhbar el Yom»,amin mustafa bei ko proprietair gurnal akhbar iom,,1,1950,1,Amine Moustapha Bey Co-Propriétaire Journal «Akhbar el Yom»
P01493,Anastassalds Constantin J,anastasalds konstantin,,1,1950,1,Anastassalds Constantin J
P01494,Ancona Albert,ankona albert,,1,1950,1,Ancona Albert
P01495,Ancona Isaac,ankona isak,,1,1950,1,Ancona Isaac
P01496,Angelil Ernest,angelil ernest,,1,1950,1,Angelil Ernest
P01497,Angelil Fernand,angelil fernand,,1,1950,1,Angelil Fernand
P01498,Angelil Michel,angelil mishel,,1,1950,1,Angelil Michel
P01499,Angelil Oscar,angelil oskar,,1,1950,1,Angelil Oscar
P01500,Antebi M. Mtre,antebi mtr,,1,1950,1,Antebi M. Mtre
P01501,Antoun Neguib,antun neguib,,1,1950,1,Antoun Neguib
P01502,Anwar Ahmed Fouad,anuar ahmed fuad,pasha,3,1950,1,Anwar Ahmed Fouad
P01503,Arcache,arkash,,1,1950,1,Arcache
P01504,Arcache Raymond,arkash raimond,,2,1950,1,Arcache Raymond
P01505,Archibald C. N,arshibald,,1,1950,1,Archibald C. N
P01506,Ardizzone Andrea,ardizon andrea,,1,1950,1,Ardizzone Andrea
P01507,Arnaud Jules,arnaud gules,,2,1950,1,Arnaud Jules
P01508,Assem Ismail,asem ismail,,1,1950,1,Assem Ismail
P01509,Atallah Georges B,atalah georges,,1,1950,1,Atallah Georges B
P01510,Atallah Moufid,atalah mufid,bey,1,1950,1,Atallah Moufid
P01511,Audi Ibrahim R,audi ibraim,,1,1950,1,Audi Ibrahim R
P01512,Autrand Louis,autrand luis,,4,1950,1,Autrand Louis
P01513,Avramoussi Evangel,avramusi evangel,,1,1950,1,Avramoussi Evangel
P01514,Avril Marcel,avril marsel,,1,1950,1,Avril Marcel
P01515,Awad Hassan Awad,auad hasan auad,,2,1950,1,Awad Hassan Awad
P01516,Awad Mohamed,auad moamed,bey,1,1950,1,Awad Mohamed
P01517,Ayoub Charles Bey Me,aiub sharles bei m,,2,1950,1,Ayoub Charles Bey Me
P01518,Ayoub Georges Me,aiub georges m,,3,1950,1,Ayoub Georges Me
P01519,Ayres H.F,aires,,1,1950,1,Ayres H.F
P01520,Azzuz Michel,azuz mishel,,1,1950,1,Azzuz Michel
P01521,Bachour Wadih,bashur uadih,,2,1950,1,Bachour Wadih
P01522,Badaoui Mohamed Kamel,badaui moamed kamel,bey,1,1950,1,Badaoui Mohamed Kamel
P01523,Badr-El-Dine Ibrahim Bey Ingénieur,badr din ibraim bei ingenieur,,4,1950,1,Badr-El-Dine Ibrahim Bey Ingénieur
P01524,Bahgat Badaotù,bahgat badaotu,bey,3,1950,1,Bahgat Badaotù
P01525,Bahrawy Aly Dr,bahraui ali dr,,1,1950,1,Bahrawy Aly Dr
P01526,Bahri Selim,bahri selim,bey,2,1950,1,Bahri Selim
P01527,Bailey A. \V,bailei v,,6,1950,1,Bailey A. \V
P01528,Baker A. G,baker,,1,1950,1,Baker A. G
P01529,Bakhaty Mahmoud,bakhati mahmud,bey,2,1950,1,Bakhaty Mahmoud
P01530,BaiJian J. A,baigian,,1,1950,1,BaiJian J. A
P01531,Ballis Nicolas,balis nikolas,,1,1950,1,Ballis Nicolas
P01532,Barakat Mohamed,barakat moamed,bey,1,1950,1,Barakat Mohamed
P01533,Barcilon Abramino,barsilon abramino,,2,1950,1,Barcilon Abramino
P01534,BarcHon Henry,barshon henri,,1,1950,1,BarcHon Henry
P01535,Barcilon Léon,barsilon leon,,1,1950,1,Barcilon Léon
P01536,Barcilon Jack Industriel,barsilon gak industriel,,2,1950,1,Barcilon Jack Industriel
P01537,New Egyptian Co,neu egiptian ko,,2,1950,1,New Egyptian Co
P01538,Barthe-Dejean Paul,barth degean paul,,1,1950,1,Barthe-Dejean Paul
P01539,Bassili Georges,basil georges,,4,1950,1,Basile Georges | Bassili Georges
P01540,Basri Salomon,basri salomon,,1,1950,1,Basri Salomon
P01541,Bassili Mme. Marguerite,basili m marguerit,,1,1950,1,Bassili Mme. Marguerite
P01542,Bassili Nicolas Alexandre,basili nikolas alexandr,,1,1950,1,Bassili Nicolas Alexandre
P01543,Bassili Victor,basili viktor,,1,1950,1,Bassili Victor
P01544,Bate Charles W. Clavell,bat sharles klavel,,1,1950,1,Bate Charles W. Clavell
P01545,Beh.:hyt François,beh hit frankois,,1,1950,1,Beh.:hyt François
P01546,Bekhyt Gabriel,bekhit gabriel,,1,1950,1,Bekhyt Gabriel
P01547,Benin Albert,benin albert,,1,1950,1,Benin Albert
P01548,Ben Lassin Alexandre,lasin alexandr,,4,1950,1,Ben Lassin Alexandre
P01549,Bennett H.T,benet,,1,1950,1,Bennett H.T
P01550,Products,produkts,,3,1950,1,Products
P01551,Mining Co,mining ko,,1,1950,1,Mining Co
P01552,Bianchi,bianshi,,1,1950,1,Bianchi
P01553,Bibaoui Yaconb,bibaui iakonb,bey,1,1950,1,Bibaoui Yaconb
P01554,Bibaoui Joseph Yacoub,bibaui gosef iakub,,1,1950,1,Bibaoui Joseph Yacoub
P01555,Bicharat Hanna,bisharat hana,pasha,1,1950,1,Bicharat Hanna
P01556,Bicharat Shibly,bisharat shibli,bey,1,1950,1,Bicharat Shibly
P01557,Birley G. P,birlei,,1,1950,1,Birley G. P
P01558,Blattner Reginald,blatner reginald,,1,1950,1,Blattner Reginald
P01559,Bless Hans,bles hans,,1,1950,1,Bless Hans
P01560,Bonafous A,bonafus,,1,1950,1,Bonafous A
P01561,Bonvoisin Pierre,bonvoisin pier,,1,1950,1,Bonvoisin Pierre
P01562,Borchard Jens,borshard gens,,1,1950,1,Borchard Jens
P01563,Borrometi Alessandro,borometi alesandro,,1,1950,1,Borrometi Alessandro
P01564,Borsali Albert,borsali albert,,1,1950,1,Borsali Albert
P01565,Borsali Ibrahim Khalil El,borsali ibraim khalil,,2,1950,1,Borsali Ibrahim Khalil El
P01566,Botton Isidore de,boton isidor,,3,1950,1,Botton Isidore de
P01567,Botton Maurice de,boton mauris,,1,1950,1,Botton Maurice de
P01568,Boulad Joseph,bulad gosef,,1,1950,1,Boulad Joseph
P01569,Boushra Dr. E,bushra dr,,1,1950,1,Boushra Dr. E
P01570,Brahamsha Albert,bramsha albert,,1,1950,1,Brahamsha Albert
P01571,Brailey L.C,brailei,,1,1950,1,Brailey L.C
P01572,Brancart Arnould,brankart arnuld,,2,1950,1,Brancart Arnould
P01573,Brandenburg Edgard,brandenburg edgard,,2,1950,1,Brandenburg Edgard
P01574,Brooks N. E,broks,,2,1950,1,Brooks N. E
P01575,Buhagiar Joseph,buagiar gosef,,1,1950,1,Buhagiar Joseph
P01576,Burgoyne George Frederick,burgoin georg frederik,,1,1950,1,Burgoyne George Frederick
P01577,Caias Pantazis,kaias pantazis,,3,1950,1,Caias Pantazis
P01578,National Hotel Cairo,national hotel kairo,,3,1950,1,National Hotel Cairo
P01579,Cambas Alexandre,kambas alexandr,,1,1950,1,Cambas Alexandre
P01580,Camerana Mr. le Comte Dr. Giancarlo,kamerana mr l komt dr giankarlo,,1,1950,1,Camerana Mr. le Comte Dr. Giancarlo
P01581,Campbell The Hon. Cecil,kampbel th hon sesil,,1,1950,1,Campbell The Hon. Cecil
P01582,Candilidis Constantin,kandilidis konstantin,,1,1950,1,Candilidis Constantin
P01583,Capatos Elie,kapatos eli,,1,1950,1,Capatos Elie
P01584,Caplain,kaplain,,1,1950,1,Caplain
P01585,Cartareggia Filippo,kartaregia filipo,,2,1950,1,Cartareggia Filippo
P01586,Cassaveti Demetrius John,kasaveti demetrius gohn,,1,1950,1,Cassaveti Demetrius John
P01587,Castro S,kastro,,1,1950,1,Castro S
P01588,Cattaui Mtre. Joseph Ed,kataui mtr gosef ed,,1,1950,1,Cattaui Mtre. Joseph Ed
P01589,Catzeflis Ed. Mtre,katzeflis ed mtr,,2,1950,1,Catzeflis Ed. Mtre
P01590,Chaaraoui Mohamed,sharaui moamed,bey,1,1950,1,Chaaraoui Mohamed
P01591,Chaker Ibrahim,shaker ibraim,,1,1950,1,Chaker Ibrahim
P01592,Tourist Development Association,turist development asosiation,,2,1950,1,Tourist Development Association
P01593,Chalhoub Joseph,shalhub gosef,,1,1950,1,Chalhoub Joseph
P01594,Chalhoub Georges A,shalhub georges,,1,1950,1,Chalhoub Georges A
P01595,Chalom Moise,shalom mois,,1,1950,1,Chalom Moise
P01596,Chalom Victor,shalom viktor,,1,1950,1,Chalom Victor
P01597,Chami Sayed Hassan El,shami saied hasan,,1,1950,1,Chami Sayed Hassan El
P01598,Charara Medhat,sharara medhat,,1,1950,1,Charara Medhat
P01599,Chérif El Dine Chérif,sherif din sherif,,1,1950,1,Chérif El Dine Chérif
P01600,Cherkesly Henri,sherkesli henri,,1,1950,1,Cherkesly Henri
P01601,Child C,shild,,1,1950,1,Child C
P01602,Chiniara Fouad,shiniara fuad,,1,1950,1,Chiniara Fouad
P01603,Choremi Nicolas,shoremi nikolas,,1,1950,1,Choremi Nicolas
P01604,Choucri Hassan Adm-Dél. de Sté. «Al-Gaafaria»,shukri hasan adm st al gafaria,,1,1950,1,Choucri Hassan Adm-Dél. de Sté. «Al-Gaafaria»
P01605,Choueri Georges Elias,shueri georges elias,,1,1950,1,Choueri Georges Elias
P01606,Christou Tommy,shristu tomi,,1,1950,1,Christou Tommy
P01607,Cicurel Elvira,sikurel elvira,,1,1950,1,Cicurel Elvira
P01608,Cockinos Christo,kokinos shristo,,1,1950,1,Cockinos Christo
P01609,Coen Maurice Comm,koen mauris kom,,1,1950,1,Coen Maurice Comm
P01610,Cohen Victor H,koen viktor,,2,1950,1,Cohen Victor H
P01611,Coilin R,koilin,,1,1950,1,Coilin R
P01612,Coles,koles,,1,1950,1,Coles
P01613,Constantinidis Ant. G,konstantinidis ant,,1,1950,1,Constantinidis Ant. G
P01614,Constantinidis Macky,konstantinidis maki,,1,1950,1,Constantinidis Macky
P01615,Conti Giovanni Ginoni,konti giovani ginoni,,1,1950,1,Conti Giovanni Ginoni
P01616,Conty Louis,konti luis,,1,1950,1,Conty Louis
P01617,Thornhill Cooper F.S,koper,,2,1950,1,Cooper | Thornhill Cooper F.S
P01618,Cooper F.S. Thornhill,koper thornhil,,1,1950,1,Cooper F.S. Thornhill
P01619,Couannier Pierre Henry,kuanier pier henri,,2,1950,1,Couannier Pierre Henry
P01620,Cosbar Basile,kosbar basil,,1,1950,1,Cosbar Basile
P01621,Cottas Nicolas,kotas nikolas,,1,1950,1,Cottas Nicolas
P01622,Cousin,kusin,,1,1950,1,Cousin
P01623,Cozzika,kozika,,7,1950,1,Cozzika
P01624,Crawford,krauford,,1,1950,1,Crawford
P01625,Culberston William,kulberston uiliam,,1,1950,1,Culberston William
P01626,Curmi Edward,kurmi eduard,,1,1950,1,Curmi Edward
P01627,Curmi Richard,kurmi rishard,,1,1950,1,Curmi Richard
P01628,Curwen Christofer A.F,kuruen shristofer,,1,1950,1,Curwen Christofer A.F
P01629,Dale Major G,dal magor,,2,1950,1,Dale Major G
P01630,Dale Henry,dal henri,,1,1950,1,Dale Henry
P01631,Dansey C.M,dansei,,1,1950,1,Dansey C.M
P01632,Daramalli Ahmed,daramali ahmed,bey,1,1950,1,Daramalli Ahmed
P01633,Darwiche Iskandar,daruish iskandar,,1,1950,1,Darwiche Iskandar
P01634,Davezac Guy,davezak gui,,2,1950,1,Davezac Guy
P01635,Delbourgo Daniel E,delburgo daniel,,1,1950,1,Delbourgo Daniel E
P01636,Delemer Jean,delemer gean,,1,1950,1,Delemer Jean
P01637,Delenda Mtre. Albert,delenda mtr albert,,1,1950,1,Delenda Mtre. Albert
P01638,Dello Strologo Georges,delo strologo georges,,2,1950,1,Dello Strologo Georges
P01639,Demonts Madame Laure,demonts madam laur,,1,1950,1,Demonts Madame Laure
P01640,Demonts Roger,demonts roger,,1,1950,1,Demonts Roger
P01641,Denham M,denham,,1,1950,1,Denham M
P01642,Dermarkar Mathieu,dermarkar mathieu,,1,1950,1,Dermarkar Mathieu
P01643,Dervieu Jean,dervieu gean,,1,1950,1,Dervieu Jean
P01644,Diab Nicolas,diab nikolas,,2,1950,1,Diab Nicolas
P01645,Dilaveri Alexandre,dilaveri alexandr,,1,1950,1,Dilaveri Alexandre
P01646,Dilaveri Antoine,dilaveri antoin,,1,1950,1,Dilaveri Antoine
P01647,Djanikian Boghos,dganikian boghos,,1,1950,1,Djanikian Boghos
P01648,Djeddaoui Hassan,dgedaui hasan,,2,1950,1,Djeddaoui Hassan
P01649,Doss Emile Tewfili:,dos emil teufili,,2,1950,1,Doss Emile Tewfili:
P01650,Dreyfus Richard,dreifus rishard,,1,1950,1,Dreyfus Richard
P01651,Dnbied Pierre Neuchâtel,dnbied pier neushatel,,1,1950,1,Dnbied Pierre Neuchâtel
P01652,Dubray Alexandre,dubrai alexandr,,1,1950,1,Dubray Alexandre
P01653,Dubray Joseph,dubrai gosef,,1,1950,1,Dubray Joseph
P01654,Edrei Max,edrei max,,2,1950,1,Edrei Max
P01655,Eiche Roger,eish roger,,1,1950,1,Eiche Roger
P01656,Eid Jean,eid gean,,1,1950,1,Eid Jean
P01657,Eid Raymond,eid raimond,,4,1950,1,Eid Raymond
P01658,Elefthérion Gabriel,eleftherion gabriel,,2,1950,1,Elefthérion Gabriel
P01659,El Zayat Fertilizer Co,zaiat fertilizer ko,,1,1950,1,El Zayat Fertilizer Co
P01660,Elia Bondi,elia bondi,,1,1950,1,Elia Bondi
P01661,El Masri Habib F'acha,masri habib asha,,2,1950,1,El Masri Habib F'acha
P01662,HEL » S.A.E,hel,,1,1950,1,HEL » S.A.E
P01663,Elstein S,elstein,,1,1950,1,Elstein S
P01664,Enan Ahmed,enan ahmed,,4,1950,1,Enan Ahmed
P01665,Enan Pacha Hussein Mahmoud,enan pasha husein mahmud,,7,1950,1,Enan Pacha Hussein Mahmoud
P01666,Erdoes Koleman,erdoes koleman,,1,1950,1,Erdoes Koleman
P01667,Escher W,esher,,1,1950,1,Escher W
P01668,Travaux Publics,travaux publiks,,1,1950,1,Travaux Publics
P01669,Farah Dr. Antoine,farah dr antoin,,1,1950,1,Farah Dr. Antoine
P01670,Farahat Vita,farat vita,,2,1950,1,Farahat Vita
P01671,Sarofim Farès,fares,bey,2,1950,1,Farès | Sarofim Farès
P01672,Farès Henry,fares henri,,2,1950,1,Farès Henry
P01673,Farid Bey El Masri,farid bei masri,,1,1950,1,Farid Bey El Masri
P01674,Farghaly Aly Ahmed,farghali ali ahmed,,4,1950,1,Farghaly Aly Ahmed
P01675,Fathalla Bey El Borini,fathala bei borini,,1,1950,1,Fathalla Bey El Borini
P01676,Fathi Mansour El Kekhia Mtre,fathi mansur kekhia mtr,,1,1950,1,Fathi Mansour El Kekhia Mtre
P01677,Fauqueux Arthur,faukueux arthur,,1,1950,1,Fauqueux Arthur
P01678,Feith,feith,,1,1950,1,Feith
P01679,Ferrier H. J. L,ferier,,2,1950,1,Ferrier H. J. L
P01680,Fils Henri,fils henri,,1,1950,1,Fils Henri
P01681,Flower Edmund W,fluer edmund,,4,1950,1,Flower Edmund W
P01682,Foa Egizio,foa egizio,,2,1950,1,Foa Egizio
P01683,Fornier Albert,fornier albert,,1,1950,1,Fornier Albert
P01684,Foscolo Ugo,foskolo ugo,,2,1950,1,Foscolo Ugo
P01685,Fouad El Gammal,fuad gamal,bey,1,1950,1,Fouad El Gammal
P01686,Friedrich Rolf,friedrish rolf,,3,1950,1,Friedrich Rolf
P01687,Fayoum »,faium,,1,1950,1,Fayoum »
P01688,Gamal El Dine El Abd,gamal din abd,,1,1950,1,Gamal El Dine El Abd
P01689,Gamper,gamper,,1,1950,1,Gamper
P01690,Gantès,gantes,,1,1950,1,Gantès
P01691,Gardner John A. F,gardner gohn,,2,1950,1,Gardner John A. F
P01692,Gargour Me. G,gargur m,,1,1950,1,Gargour Me. G
P01693,Gattegno Silvio,gategno silvio,,1,1950,1,Gattegno Silvio
P01694,Gautier Victor,gautier viktor,,1,1950,1,Gautier Victor
P01695,Gazai Joseph G,gazai gosef,,2,1950,1,Gazai Joseph G
P01696,Gazis Georges,gazis georges,,2,1950,1,Gazis Georges
P01697,Gawhari Mohamed,gauari moamed,bey,1,1950,1,Gawhari Mohamed
P01698,Geahel Michel,geael mishel,,1,1950,1,Geahel Michel
P01699,Genissedis Spiro G,genisedis spiro,,3,1950,1,Genissedis Spiro G
P01700,Georgitsis Spiro,georgitsis spiro,,1,1950,1,Georgitsis Spiro
P01701,Geredini Me. Sami,geredini m sami,,1,1950,1,Geredini Me. Sami
P01702,Ghaleb Kamel Osman,ghaleb kamel osman,pasha,1,1950,1,Ghaleb Kamel Osman
P01703,Gharbo Hassan Aly,gharbo hasan ali,,1,1950,1,Gharbo Hassan Aly
P01704,Ghazi Moustapha Mohamed,ghazi mustafa moamed,,1,1950,1,Ghazi Moustapha Mohamed
P01705,Gheriani Dr. Moustapha Ghaleb El,gheriani dr mustafa ghaleb,,2,1950,1,Gheriani Dr. Moustapha Ghaleb El
P01706,GUes Bey R.H,gues bei,,2,1950,1,GUes Bey R.H
P01707,Giovannoni Charles,giovanoni sharles,,1,1950,1,Giovannoni Charles
P01708,Girgis Pacha Fouad Ibrahim,girgis pasha fuad ibraim,,5,1950,1,Girgis Pacha Fouad Ibrahim
P01709,Gmur Albert,gmur albert,,1,1950,1,Gmur Albert
P01710,Goemans Lucien F,goemans lusien,,2,1950,1,Goemans Lucien F
P01711,Goradesky Léon dit Liebel,goradeski leon dit liebel,,2,1950,1,Goradesky Léon dit Liebel
P01712,Grandgeorge René,grandgeorg ren,,1,1950,1,Grandgeorge René
P01713,Granguillot Georges P,granguilot georges,,1,1950,1,Granguillot Georges P
P01714,Grassi Ing. Stanislao,grasi ing stanislao,,1,1950,1,Grassi Ing. Stanislao
P01715,Grassi Dott. Ugo,grasi dot ugo,,1,1950,1,Grassi Dott. Ugo
P01716,Grazia Jacques,grazia gakues,,1,1950,1,Grazia Jacques
P01717,Green G,gren,,1,1950,1,Green G
P01718,Green Joshua,gren goshua,,2,1950,1,Green Joshua
P01719,Grego Oscar,grego oskar,,1,1950,1,Grego Oscar
P01720,Greiss Alphonse,greis alfons,,1,1950,1,Greiss Alphonse
P01721,Guergaoui Philippe,guergaui filip,,1,1950,1,Guergaoui Philippe
P01722,Guerin Pierre,guerin pier,,1,1950,1,Guerin Pierre
P01723,Guirguis Barsoum,guirguis barsum,,1,1950,1,Guirguis Barsoum
P01724,Gurdjian A,gurdgian,,2,1950,1,Gurdjian A
P01725,Habachy Pacha Sir Saba,habashi pasha sir saba,,2,1950,1,Habachy Pacha Sir Saba
P01726,Habib Fouad,habib fuad,,1,1950,1,Habib Fouad
P01727,Habib Hassan,habib hasan,bey,1,1950,1,Habib Hassan
P01728,Habib El Masri,habib masri,pasha,1,1950,1,Habib El Masri
P01729,Haddad Joseph,hadad gosef,,1,1950,1,Haddad Joseph
P01730,Hafez Chehayeb,hafez sheaieb,,1,1950,1,Hafez Chehayeb
P01731,Hafez Hafez Sakr,hafez hafez sakr,,2,1950,1,Hafez Hafez Sakr | Hafez Sakr
P01732,Hafez Hassan,hafez hasan,pasha,1,1950,1,Hafez Hassan
P01733,Halbouni Hisham,halbuni hisham,,1,1950,1,Halbouni Hisham
P01734,Hale Herbed Zucker,hal herbed zuker,,1,1950,1,Hale Herbed Zucker
P01735,Shenouda Halim,halim,,2,1950,1,S.S. Halim | Shenouda Halim
P01736,Halim Eff,halim ef,,3,1950,1,Halim Eff
P01737,Hallet Robert,halet robert,,1,1950,1,Hallet Robert
P01738,Hamaoui' Félix Mtre,hamaui felix mtr,,1,1950,1,Hamaoui' Félix Mtre
P01739,Hamilton A,hamilton,,1,1950,1,Hamilton A
P01740,Hammad Shawkat,hamad shaukat,,2,1950,1,Hammad Shawkat
P01741,Hamza Abbas Dr,hamza abas dr,,1,1950,1,Hamza Abbas Dr
P01742,Hamza Hassan,hamza hasan,,1,1950,1,Hamza Hassan
P01743,Hanan Albert,hanan albert,,1,1950,1,Hanan Albert
P01744,Haneuse Louis,haneus luis,,1,1950,1,Haneuse Louis
P01745,Hankey Hon. Baron,hankei hon baron,,1,1950,1,Hankey Hon. Baron
P01746,Hanna Charles,hana sharles,bey,1,1950,1,Hanna Charles
P01747,Hanna Donald Judde,hana donald gud,,1,1950,1,Hanna Donald Judde
P01748,Harari Edgard,harari edgard,,1,1950,1,Harari Edgard
P01749,Hassan Aboul Séoud Dr,hasan abul seud dr,,1,1950,1,Hassan Aboul Séoud Dr
P01750,Hassan Aly Allouba,hasan ali aluba,bey,1,1950,1,Hassan Aly Allouba
P01751,Sir Hassan Fahmy Rifaat,sir hasan fahmi rifat,pasha,1,1950,1,Sir Hassan Fahmy Rifaat
P01752,Hassan Fayek,hasan faiek,pasha,1,1950,1,Hassan Fayek
P01753,Hassan Kamel El Chichini,hasan kamel shishini,pasha,2,1950,1,Hassan Kamel El Chichini
P01754,Hassan Sadek El Nokrachy,hasan sadek nokrashi,bey,1,1950,1,Hassan Sadek El Nokrachy
P01755,Hassan El Sayed Badraoui,hasan saied badraui,pasha,1,1950,1,Hassan El Sayed Badraoui
P01756,Helier Edouard de,helier eduard,,1,1950,1,Helier Edouard de
P01757,Hemsi Robert J,hemsi robert,,1,1950,1,Hemsi Robert J
P01758,Henein Georges,henein georges,,1,1950,1,Henein Georges
P01759,Herrling Frederic,herling frederik,,1,1950,1,Herrling Frederic
P01760,Hilal Leonidas Gamil,hilal leonidas gamil,,1,1950,1,Hilal Leonidas Gamil
P01761,Hislop D. K,hislop,,1,1950,1,Hislop D. K
P01762,Hollings,holings,,1,1950,1,Hollings
P01763,Hornstein Clément,hornstein klement,,1,1950,1,Hornstein Clément
P01764,Hourwitz A. lng,huruitz lng,,1,1950,1,Hourwitz A. lng
P01765,Hossni,hosni,,3,1950,1,Hossni
P01766,Hovaghimian A,hovaghimian,,1,1950,1,Hovaghimian A
P01767,Hubert Oscar,hubert oskar,,1,1950,1,Hubert Oscar
P01768,Huri Robert,huri robert,,1,1950,1,Huri Robert
P01769,Hussein El Essely,husein eseli,bey,1,1950,1,Hussein El Essely
P01770,Hussein Ilhamy,husein ilhami,pasha,3,1950,1,Hussein Ilhamy
P01771,Hussein Kamal,husein kamal,bey,1,1950,1,Hussein Kamal
P01772,Hussein Zaki El Ibrachi,husein zaki ibrashi,,1,1950,1,Hussein Zaki El Ibrachi
P01773,Ibrahim Bayoumi Madlmur,ibraim baiumi madlmur,,1,1950,1,Ibrahim Bayoumi Madlmur
P01774,Ibrahim Bey Fouad Sid Ahmad,ibraim bei fuad sid ahmad,,1,1950,1,Ibrahim Bey Fouad Sid Ahmad
P01775,Ibrahim Hilal,ibraim hilal,bey,1,1950,1,Ibrahim Hilal
P01776,Ibrahim Hamdi Seif El Nasr,ibraim hamdi seif nasr,,1,1950,1,Ibrahim Hamdi Seif El Nasr
P01777,Ibrahim Rouchdy Kamha,ibraim rushdi kamha,bey,1,1950,1,Ibrahim Rouchdy Kamha
P01778,Isherwood Percy,isheruod persi,,3,1950,1,Isherwood Percy
P01779,Iskandar Said Eff,iskandar said ef,,1,1950,1,Iskandar Said Eff
P01780,Ismail El Baroudy,ismail barudi,,2,1950,1,Ismail El Baroudy
P01781,Ismalun René,ismalun ren,,10,1950,1,Ismalun René
P01782,Israel Léon,israel leon,,1,1950,1,Israel Léon
P01783,Israel Ovadia,israel ovadia,,1,1950,1,Israel Ovadia
P01784,Israel Victor,israel viktor,,1,1950,1,Israel Victor
P01785,Justice,gustis,,1,1950,1,Justice
P01786,Izzel Dine Omar,izel din omar,,1,1950,1,Izzel Dine Omar
P01787,Jacoel Sam,gakoel sam,,1,1950,1,Jacoel Sam
P01788,Jancovitch Jack,gankovitsh gak,,2,1950,1,Jancovitch Jack
P01789,Jays Georges Naldrett,gais georges naldret,pasha,1,1950,1,Jays Georges Naldrett
P01790,Jensens N. M,gensens,,1,1950,1,Jensens N. M
P01791,Jullien L,gulien,,1,1950,1,Jullien L
P01792,Kafraoui Pacha Dr. Abbas El,kafraui pasha dr abas,,1,1950,1,Kafraoui Pacha Dr. Abbas El
P01793,Kahla Raymond,kahla raimond,,1,1950,1,Kahla Raymond
P01794,Kamal Imam,kamal imam,,1,1950,1,Kamal Imam
P01795,Kamel El Abd,kamel abd,,1,1950,1,Kamel El Abd
P01796,Kamel Bey Habib,kamel bei habib,,1,1950,1,Kamel Bey Habib
P01797,Kamel Hussein Wassef,kamel husein uasef,,1,1950,1,Kamel Hussein Wassef
P01798,Kamel Osman Pacha Ghaleb,kamel osman pasha ghaleb,,1,1950,1,Kamel Osman Pacha Ghaleb
P01799,Karam Georges T,karam georges,,1,1950,1,Karam Georges T
P01800,Karam Théodore,karam theodor,,1,1950,1,Karam Théodore
P01801,Karkegi Michel,karkegi mishel,,1,1950,1,Karkegi Michel
P01802,Karkegi Nicolas,karkegi nikolas,,2,1950,1,Karkegi Nicolas
P01803,Kelebdjian Hagop,kelebdgian hagop,,1,1950,1,Kelebdjian Hagop
P01804,Keown-Boyd Str Alexander W . . K.B.E,keun boid str alexander,,7,1950,1,Keown-Boyd Str Alexander W . . K.B.E
P01805,Kfoury Alfred,kfuri alfred,,1,1950,1,Kfoury Alfred
P01806,Kfoury Elie,kfuri eli,,1,1950,1,Kfoury Elie
P01807,Kfoury Jean,kfuri gean,,1,1950,1,Kfoury Jean
P01808,Kfoury Philippe Zaher,kfuri filip zaer,,3,1950,1,Kfoury Philippe Zaher
P01809,Kfoury Robert,kfuri robert,,1,1950,1,Kfoury Robert
P01810,Khachaba Sayed Mohamed Pacha Député,khashaba saied moamed pasha deput,,7,1950,1,Khachaba Sayed Mohamed Pacha Député
P01811,Kbairy Bey Ahmed,kbairi bei ahmed,,1,1950,1,Kbairy Bey Ahmed
P01812,Khalil Mohamed Tewfik,khalil moamed teufik,bey,1,1950,1,Khalil Mohamed Tewfik
P01813,Khorshed Ahmed Khairy Ahmed,khorshed ahmed khairi ahmed,,1,1950,1,Khorshed Ahmed Khairy Ahmed
P01814,Khorshed Hussein Ahmed,khorshed husein ahmed,,1,1950,1,Khorshed Hussein Ahmed
P01815,Khorshed Omar Seif El Dine,khorshed omar seif din,,1,1950,1,Khorshed Omar Seif El Dine
P01816,Klat Elie,klat eli,,1,1950,1,Klat Elie
P01817,Klat Ramez,klat ramez,,1,1950,1,Klat Ramez
P01818,Koleas Nicolas,koleas nikolas,,1,1950,1,Koleas Nicolas
P01819,Kouhi N,kui,,1,1950,1,Kouhi N
P01820,Krustalia Michel,krustalia mishel,,1,1950,1,Krustalia Michel
P01821,Kyriakides,kiriakides,,1,1950,1,Kyriakides
P01822,Kyriazis Apostolo,kiriazis apostolo,,1,1950,1,Kyriazis Apostolo
P01823,Labib Atallab Dr,labib atalab dr,,1,1950,1,Labib Atallab Dr
P01824,Lah~rrère L,lahrer,,2,1950,1,Lah~rrère L
P01825,Lambiotte O. Ellsworth,lambiot elsuorth,,4,1950,1,Lambiotte O. Ellsworth
P01826,Lancaster '\V. A,lankaster v,,1,1950,1,Lancaster '\V. A
P01827,Trading Co,trading ko,,2,1950,1,Trading Co
P01828,Lancker Robert de,lanker robert,,1,1950,1,Lancker Robert de
P01829,Landert Hans Ulrich,landert hans ulrish,,1,1950,1,Landert Hans Ulrich
P01830,Landert Jean,landert gean,,1,1950,1,Landert Jean
P01831,Lappas Aristide,lapas aristid,,1,1950,1,Lappas Aristide
P01832,Lappas Grégoire,lapas gregoir,,1,1950,1,Lappas Grégoire
P01833,Lavison Mr. le Comte,lavison mr l komt,,1,1950,1,Lavison Mr. le Comte
P01834,Lazarevitch Tod01·,lazarevitsh tod,,1,1950,1,Lazarevitch Tod01·
P01835,Lebon Marcel,lebon marsel,,1,1950,1,Lebon Marcel
P01836,Lebovich Maurice,lebovish mauris,,1,1950,1,Lebovich Maurice
P01837,Lemoine Gilbert,lemoin gilbert,,1,1950,1,Lemoine Gilbert
P01838,Levi Emilio,levi emilio,,1,1950,1,Levi Emilio
P01839,Levi Gino,levi gino,,1,1950,1,Levi Gino
P01840,Levy Isaac,levi isak,,1,1950,1,Levy Isaac
P01841,Levy Sion,levi sion,,1,1950,1,Levy Sion
P01842,Lienardy Georges,lienardi georges,,1,1950,1,Lienardy Georges
P01843,Lind Marcel,lind marsel,,2,1950,1,Lind Marcel
P01844,Lombard Georges,lombard georges,,1,1950,1,Lombard Georges
P01845,S.S. Loutfallah,lutfalah,,1,1950,1,S.S. Loutfallah
P01846,Loutfi Faiz Ahmed,lutfi faiz ahmed,,1,1950,1,Loutfi Faiz Ahmed
P01847,Loutfi Nasser,lutfi naser,,1,1950,1,Loutfi Nasser
P01848,Luce Pierre,lus pier,,1,1950,1,Luce Pierre
P01849,Luchsinger~ J,lushsinger,,2,1950,1,Luchsinger~ J
P01850,Ludvigsen Axel,ludvigsen axel,,1,1950,1,Ludvigsen Axel
P01851,Mac Coy R.T,mak koi,,1,1950,1,Mac Coy R.T
P01852,MacEwen \Villiam G,maseuen viliam,,1,1950,1,MacEwen \Villiam G
P01853,Mac Gill H.A.H,mak gil,,1,1950,1,Mac Gill H.A.H
P01854,Mackay D. R,makai,,3,1950,1,Mackay D. R
P01855,Président de «Fluviale»,president fluvial,,1,1950,1,Président de «Fluviale»
P01856,Madkour Gomaa,madkur goma,bey,1,1950,1,Madkour Gomaa
P01857,Madkour Dr. Ibrahim Bayoumi,madkur dr ibraim baiumi,,1,1950,1,Madkour Dr. Ibrahim Bayoumi
P01858,Maggiar André,magiar andr,,2,1950,1,Maggiar André
P01859,Maggiar Georges,magiar georges,,1,1950,1,Maggiar Georges
P01860,Mahmoud Maher,maer,bey,2,1950,1,Maher | Mahmoud Maher
P01861,Mahieu Dr. Maurice,maieu dr mauris,,1,1950,1,Mahieu Dr. Maurice
P01862,Mahmoud El Attal,mahmud atal,bey,2,1950,1,Mahmoud El Attal
P01863,Mahmoud Bakhaty Me,mahmud bakhati m,,1,1950,1,Mahmoud Bakhaty Me
P01864,Mahmoud Chaker Mohamed,mahmud shaker moamed,pasha,4,1950,1,Mahmoud Chaker Mohamed
P01865,Mahmoud Fahmy Hussein Me,mahmud fahmi husein m,,1,1950,1,Mahmoud Fahmy Hussein Me
P01866,Mahmoud Fadel Sélim,mahmud fadel selim,bey,1,1950,1,Mahmoud Fadel Sélim
P01867,Mahmoud Hassan,mahmud hasan,pasha,2,1950,1,Mahmoud Hassan
P01868,Mahmoud el Shishini,mahmud shishini,bey,1,1950,1,Mahmoud el Shishini
P01869,Mahmoud el Tahry,mahmud tahri,,1,1950,1,Mahmoud el Tahry
P01870,Mahmoud Hassanein Makhlouf Mtre,mahmud hasanein makhluf mtr,,1,1950,1,Mahmoud Hassanein Makhlouf Mtre
P01871,Mahmoud Sabet,mahmud sabet,pasha,1,1950,1,Mahmoud Sabet
P01872,Mahmoud Sabry Mahboub,mahmud sabri mahbub,bey,1,1950,1,Mahmoud Sabry Mahboub
P01873,Mahmoud Samy,mahmud sami,pasha,1,1950,1,Mahmoud Samy
P01874,Mahmond Tewfik Ilefnaoui,mahmond teufik ilefnaui,pasha,1,1950,1,Mahmond Tewfik Ilefnaoui
P01875,Mahmoud Bey El Toayar,mahmud bei toaiar,,1,1950,1,Mahmoud Bey El Toayar
P01876,Maksud Henri Mtre,maksud henri mtr,,1,1950,1,Maksud Henri Mtre
P01877,Maksud René A,maksud ren,,1,1950,1,Maksud René A
P01878,XA»,xa,,1,1950,1,XA»
P01879,Mamane Albert,maman albert,,1,1950,1,Mamane Albert
P01880,Manouk Joseph,manuk gosef,,1,1950,1,Manouk Joseph
P01881,Mansour Badrawi,mansur badraui,bey,1,1950,1,Mansour Badrawi
P01882,Mansour Sabry,mansur sabri,bey,1,1950,1,Mansour Sabry
P01883,Maraghi Bey Hassan Rachad El,maraghi bei hasan rashad,,1,1950,1,Maraghi Bey Hassan Rachad El
P01884,Marcarian Aram Drentz,markarian aram drentz,,1,1950,1,Marcarian Aram Drentz
P01885,Miralai T. A. Marcou,miralai marku,bey,1,1950,1,Miralai T. A. Marcou
P01886,Marryat Brigadier,mariat brigadier,,1,1950,1,Marryat Brigadier
P01887,Martz Dr. Ernst,martz dr ernst,,1,1950,1,Martz Dr. Ernst
P01888,Mathias E.L.A. O.B.E,mathias,,1,1950,1,Mathias E.L.A. O.B.E
P01889,Matouk Bichara,matuk bishara,,3,1950,1,Matouk Bichara
P01890,Matouk Fouad,matuk fuad,,2,1950,1,Matouk Fouad
P01891,Mavros,mavros,,1,1950,1,Mavros
P01892,Maxwell Robert H,maxuel robert,,1,1950,1,Maxwell Robert H
P01893,Mazloum Hassan Pacha ·,mazlum hasan pasha,,9,1950,1,Mazloum Hassan Pacha ·
P01894,Mazloum Mahmoud Aly,mazlum mahmud ali,,1,1950,1,Mazloum Mahmoud Aly
P01895,Mazloum Mohamed Aly,mazlum moamed ali,,1,1950,1,Mazloum Mohamed Aly
P01896,Mboria Dr. Lefter,mboria dr lefter,,1,1950,1,Mboria Dr. Lefter
P01897,Menasce Robert de,menas robert,,2,1950,1,Menasce Robert de
P01898,Mendoza Clément,mendoza klement,,1,1950,1,Mendoza Clément
P01899,Merret Herbert J. P,meret herbert,,1,1950,1,Merret Herbert J. P
P01900,Mertens Jean,mertens gean,,1,1950,1,Mertens Jean
P01901,Mesureur Paul,mesureur paul,,1,1950,1,Mesureur Paul
P01902,Metwalli Youssef,metuali iusef,,1,1950,1,Metwalli Youssef
P01903,Metzger AJbert,metzger agbert,,1,1950,1,Metzger AJbert
P01904,Michailidis Michel Stavro,mishailidis mishel stavro,,1,1950,1,Michailidis Michel Stavro
P01905,Michailidis Paul Stavro,mishailidis paul stavro,,1,1950,1,Michailidis Paul Stavro
P01906,Mieli Charles,mieli sharles,,2,1950,1,Mieli Charles | Mouly Charles
P01907,Mirshak Antoine,mirshak antoin,,1,1950,1,Mirshak Antoine
P01908,Mirshali Camille,mirshali kamil,,1,1950,1,Mirshali Camille
P01909,Misitano Ing. Lorenzo,misitano ing lorenzo,,1,1950,1,Misitano Ing. Lorenzo
P01910,Misrahi Behor S,misrai beor,,1,1950,1,Misrahi Behor S
P01911,Misrahi Bondi,misrai bondi,,1,1950,1,Misrahi Bondi
P01912,Misrahi Clément Me,misrai klement m,,1,1950,1,Misrahi Clément Me
P01913,Mitarachi ManoU,mitarashi manu,,2,1950,1,Mitarachi ManoU
P01914,Modai Raphael,modai rafael,,3,1950,1,Modai Raphael
P01915,Mohamed Abdel Aziz Taalat Harb,moamed abdel aziz talat harb,bey,5,1950,1,Mohamed Abdel Aziz Taalat Harb
P01916,Enterprise & Development Co,enterpris development ko,,17,1950,1,Enterprise & Development Co
P01917,Mohamed Abdel Khalek Hassouna Pacha Ancien Ministre,moamed abdel khalek hasuna pasha ansien ministr,,1,1950,1,Mohamed Abdel Khalek Hassouna Pacha Ancien Ministre
P01918,Mohamed Abdel Khalek Saber,moamed abdel khalek saber,bey,1,1950,1,Mohamed Abdel Khalek Saber
P01919,Mohamed Adel Rifaat,moamed adel rifat,,1,1950,1,Mohamed Adel Rifaat
P01920,Mohamed Aly Rifaat Dr,moamed ali rifat dr,,1,1950,1,Mohamed Aly Rifaat Dr
P01921,Mohamed Chafei El Labbane,moamed shafei laban,bey,6,1950,1,Mohamed Chafei El Labbane
P01922,Mohamed Chafik Gabr,moamed shafik gabr,,1,1950,1,Mohamed Chafik Gabr
P01923,Mohamed Fabmy Soliman,moamed fabmi soliman,bey,1,1950,1,Mohamed Fabmy Soliman
P01924,Mohamed Fouad Loutfi,moamed fuad lutfi,bey,2,1950,1,Mohamed Fouad Loutfi
P01925,Mohamed Hassan El Abd,moamed hasan abd,pasha,1,1950,1,Mohamed Hassan El Abd
P01926,Mohamed Hassan el Achmaoui,moamed hasan ashmaui,pasha,1,1950,1,Mohamed Hassan el Achmaoui
P01927,Mohamed Hosni Naguib,moamed hosni naguib,bey,1,1950,1,Mohamed Hosni Naguib
P01928,Mohamed Hussein el Gammal,moamed husein gamal,bey,3,1950,1,Mohamed Hussein el Gammal
P01929,Mohamed Ibrahim Elwan,moamed ibraim eluan,,1,1950,1,Mohamed Ibrahim Elwan
P01930,Mohamed Izzet,moamed izet,bey,1,1950,1,Mohamed Izzet
P01931,Mohamed Kamal Ibrahim,moamed kamal ibraim,,1,1950,1,Mohamed Kamal Ibrahim
P01932,Mohamed Kamal El Kheshen,moamed kamal kheshen,bey,1,1950,1,Mohamed Kamal El Kheshen
P01933,Mohamed Loutfi Mahmoud,moamed lutfi mahmud,bey,2,1950,1,Mohamed Loutfi Mahmoud
P01934,Mohamed Mohamed Bidair,moamed moamed bidair,pasha,1,1950,1,Mohamed Mohamed Bidair
P01935,Mohamed Mokhtar el Chérif,moamed mokhtar sherif,,1,1950,1,Mohamed Mokhtar el Chérif
P01936,Méhamed Mounir el Chourbagui,meamed munir shurbagui,,1,1950,1,Méhamed Mounir el Chourbagui
P01937,Mohamed Raafat,moamed rafat,bey,1,1950,1,Mohamed Raafat
P01938,Mohamed Ragheb,moamed ragheb,bey,3,1950,1,Mohamed Ragheb
P01939,Dr. :Mohamed Sabry Chohayeb,dr moamed sabri shoaieb,pasha,1,1950,1,Dr. :Mohamed Sabry Chohayeb
P01940,Mohamed Said Loutfi,moamed said lutfi,pasha,3,1950,1,Mohamed Said Loutfi
P01941,Mohamed Sayed Yassine,moamed saied iasin,bey,2,1950,1,Mohamed Sayed Yassine
P01942,Mohamed Seif el Dine el Chourbagui,moamed seif din shurbagui,,1,1950,1,Mohamed Seif el Dine el Chourbagui
P01943,Mohamed Talaat Awni,moamed talat auni,,1,1950,1,Mohamed Talaat Awni
P01944,Mohamed Youssef Ghorab,moamed iusef ghorab,,1,1950,1,Mohamed Youssef Ghorab
P01945,Mohamed Zald Kamal,moamed zald kamal,pasha,1,1950,1,Mohamed Zald Kamal
P01946,Moraitinis G,moraitinis,,1,1950,1,Moraitinis G
P01947,Morgenstern Albert,morgenstern albert,,1,1950,1,Morgenstern Albert
P01948,Mosseri Félix N,moseri felix,,2,1950,1,Mosseri Félix N
P01949,Moukhtar Bey El Gammal,mukhtar bei gamal,,1,1950,1,Moukhtar Bey El Gammal
P01950,Moulin André,mulin andr,,1,1950,1,Moulin André
P01951,Mounir Zaki,munir zaki,,1,1950,1,Mounir Zaki
P01952,Moussa Abdel Latif,musa abdel latif,,1,1950,1,Moussa Abdel Latif
P01953,Moussa Sameh,musa sameh,,1,1950,1,Moussa Sameh
P01954,Moussalli Maurice,musali mauris,,1,1950,1,Moussalli Maurice
P01955,Moustapha el Chourbagui,mustafa shurbagui,bey,1,1950,1,Moustapha el Chourbagui
P01956,Moustapha el Menzaloui,mustafa menzalui,,1,1950,1,Moustapha el Menzaloui
P01957,Moustapha Hussein Fahmy,mustafa husein fahmi,,1,1950,1,Moustapha Hussein Fahmy
P01958,Moustapha Sami Dr,mustafa sami dr,,1,1950,1,Moustapha Sami Dr
P01959,Muhlberg Jacques,muhlberg gakues,,2,1950,1,Muhlberg Jacques
P01960,Muntz Allan,muntz alan,,1,1950,1,Muntz Allan
P01961,Mustaki William,mustaki uiliam,,6,1950,1,Mustaki William
P01962,Nabih Mohamed Kamel,nabih moamed kamel,pasha,7,1950,1,Nabih Mohamed Kamel
P01963,Nada Mtre. Marcel,nada mtr marsel,,1,1950,1,Nada Mtre. Marcel
P01964,Naggar Fathallah,nagar fathalah,,1,1950,1,Naggar Fathallah
P01965,Naggar Gaston Me,nagar gaston m,,1,1950,1,Naggar Gaston Me
P01966,Naggar Jacques,nagar gakues,,2,1950,1,Naggar Jacques
P01967,Nabas Albert Chaker,nabas albert shaker,,1,1950,1,Nabas Albert Chaker
P01968,Nabas Youssef Bey Dr,nabas iusef bei dr,,2,1950,1,Nabas Youssef Bey Dr
P01969,Nasr Max Anis,nasr max anis,,2,1950,1,Nasr Max Anis
P01970,Neguib Iskandar Dr,neguib iskandar dr,,1,1950,1,Neguib Iskandar Dr
P01971,Neguib Salha,neguib salha,bey,1,1950,1,Neguib Salha
P01972,Nemetallah Dr,nemetalah dr,,1,1950,1,Nemetallah Dr
P01973,Noun Edouat·d Me,nun eduatd m,,1,1950,1,Noun Edouat·d Me
P01974,Nyegaard Anton,niegard anton,,1,1950,1,Nyegaard Anton
P01975,Oettinger W,oetinger,,2,1950,1,Oettinger W
P01976,Olgiati Pierre,olgiati pier,,2,1950,1,Olgiati Pierre
P01977,Magasins Chemla»,magasins shemla,,1,1950,1,Magasins Chemla»
P01978,Orriss P. G,oris,,1,1950,1,Orriss P. G
P01979,Owens A. L,uens,,1,1950,1,Owens A. L
P01980,Pace Me. Umberto,pas m umberto,,1,1950,1,Pace Me. Umberto
P01981,Papachristou Stefano,papashristu stefano,,1,1950,1,Papachristou Stefano
P01982,Papadopoulo Paul Yanni,papadopulo paul iani,,1,1950,1,Papadopoulo Paul Yanni
P01983,Papastratos Epaminondas,papastratos epaminondas,,1,1950,1,Papastratos Epaminondas
P01984,Papayannopoulo Riga,papaianopulo riga,,1,1950,1,Papayannopoulo Riga
P01985,Papaya lnopoulo X,papaia lnopulo,,1,1950,1,Papaya lnopoulo X
P01986,Papazian Aram Sarkis,papazian aram sarkis,,1,1950,1,Papazian Aram Sarkis
P01987,Papazian Torcom Sarkis,papazian torkom sarkis,,1,1950,1,Papazian Torcom Sarkis
P01988,Pardo Maître 1,pardo maitr,,1,1950,1,Pardo Maître 1
P01989,Parein Victor,parein viktor,,1,1950,1,Parein Victor
P01990,Pastroudis Athanase,pastrudis athanas,,1,1950,1,Pastroudis Athanase
P01991,Pathy Alexandre,pathi alexandr,,1,1950,1,Pathy Alexandre
P01992,Pathy Ladislas,pathi ladislas,,6,1950,1,Pathy Ladislas
P01993,Peccei Dr. Aurelio,peksei dr aurelio,,1,1950,1,Peccei Dr. Aurelio
P01994,Peel Sir E. T,pel sir,,3,1950,1,Peel Sir E. T
P01995,Pegna Tullio,pegna tulio,,1,1950,1,Pegna Tullio
P01996,Perier Gilbert,perier gilbert,,1,1950,1,Perier Gilbert
P01997,Peter Louis lng,peter luis lng,,1,1950,1,Peter Louis lng
P01998,Philippides Dimitri,filipides dimitri,,1,1950,1,Philippides Dimitri
P01999,Pialopoulo Simon M,pialopulo simon,,2,1950,1,Pialopoulo Simon M
P02000,Pilavachi Mme. Catherine,pilavashi m katherin,,1,1950,1,Pilavachi Mme. Catherine
P02001,Pinckard William Henderson,pinkard uiliam henderson,,2,1950,1,Pinckard William Henderson
P02002,Textiles,textiles,,2,1950,1,Textiles
P02003,Podesta,podesta,,1,1950,1,Podesta
P02004,Polvara Luigi,polvara luigi,,1,1950,1,Polvara Luigi
P02005,Pringo Stephane,pringo stefan,,1,1950,1,Pringo Stephane
P02006,Khartoum,khartum,,2,1950,1,Khartoum
P02007,Pulli Bey Antoine,puli bei antoin,,1,1950,1,Pulli Bey Antoine
P02008,Pupikofer Me. Maxime,pupikofer m maxim,,5,1950,1,Pupikofer Me. Maxime
P02009,Rabbath Georges,rabath georges,,3,1950,1,Rabbath Georges
P02010,Rachad Adel,rashad adel,,1,1950,1,Rachad Adel
P02011,Radi Abou Seü Radi,radi seu radi,bey,2,1950,1,Radi Abou Seü Radi
P02012,Ragheb Ahmed,ragheb ahmed,bey,1,1950,1,Ragheb Ahmed
P02013,Ragheb Samy,ragheb sami,pasha,1,1950,1,Ragheb Samy
P02014,Ralli Alec,rali alek,,1,1950,1,Ralli Alec
P02015,Ramadan Mohamed Hafez,ramadan moamed hafez,pasha,5,1950,1,Ramadan Mohamed Hafez
P02016,Raminger A,raminger,,2,1950,1,Raminger A
P02017,Ramzi Ismail,ramzi ismail,pasha,1,1950,1,Ramzi Ismail
P02018,Ranger Jan Joseph,ranger gan gosef,,1,1950,1,Ranger Jan Joseph
P02019,Rason Dr. M. P. Olivetti,rason dr oliveti,,1,1950,1,Rason Dr. M. P. Olivetti
P02020,Rathle André,rathl andr,,1,1950,1,Rathle André
P02021,Reid Miles Belfrage,reid miles belfrag,,1,1950,1,Reid Miles Belfrage
P02022,Reinhart,reinhart,,1,1950,1,Reinhart
P02023,Renson Joseph,renson gosef,,1,1950,1,Renson Joseph
P02024,Rezzos Jean,rezos gean,,2,1950,1,Rezzos Jean
P02025,Riaz Moustapha,riaz mustafa,bey,2,1950,1,Riaz Moustapha
P02026,Ribot Georges,ribot georges,,1,1950,1,Ribot Georges
P02027,Richès André,rishes andr,,1,1950,1,Richès André
P02028,Rifaat Dr. Mohamed Aly,rifat dr moamed ali,,1,1950,1,Rifaat Dr. Mohamed Aly
P02029,Rivot Pierre,rivot pier,,1,1950,1,Rivot Pierre
P02030,Rodosli Richard,rodosli rishard,,1,1950,1,Rodosli Richard
P02031,Rofé Charles Me,rof sharles m,,1,1950,1,Rofé Charles Me
P02032,Rolin Baron Daniel,rolin baron daniel,,1,1950,1,Rolin Baron Daniel
P02033,Rolin Baron Jacques,rolin baron gakues,,4,1950,1,Rolin Baron Jacques
P02034,Rolny Arnost,rolni arnost,,1,1950,1,Rolny Arnost
P02035,Rolo Ibram,rolo ibram,,1,1950,1,Rolo Ibram
P02036,Upper Egypt Ginning Co,uper egipt gining ko,,6,1950,1,Upper Egypt Ginning Co
P02037,Rom Fran~ois,rom franois,,1,1950,1,Rom Fran~ois
P02038,Président Gharbieh Land Cy,president gharbieh land si,,2,1950,1,Président Gharbieh Land Cy
P02039,Romano Albert M,romano albert,,1,1950,1,Romano Albert M
P02040,Russi W. F,rusi,,1,1950,1,Russi W. F
P02041,Rustom Paul,rustom paul,,1,1950,1,Rustom Paul
P02042,Rutim~yer R. L,rutimier,,1,1950,1,Rutim~yer R. L
P02043,Saad Alexandre C,sad alexandr,,2,1950,1,Saad Alexandre C
P02044,Saad Antoun,sad antun,,1,1950,1,Saad Antoun
P02045,Saad el Labbane Bey Député,sad laban bei deput,,1,1950,1,Saad el Labbane Bey Député
P02046,Saad Wadie,sad uadi,,1,1950,1,Saad Wadie
P02047,Sabry Fathi,sabri fathi,bey,1,1950,1,Sabry Fathi
P02048,Vice-Président de The Khedivial Mail Line,vis president th khedivial mail lin,,2,1950,1,Vice-Président de The Khedivial Mail Line
P02049,Saddik Aida,sadik aida,,1,1950,1,Saddik Aida
P02050,Officier Couronne Belge,ofisier kuron belg,,6,1950,1,Officier Couronne Belge
P02051,Sadek Mahmoud Younes,sadek mahmud iunes,pasha,1,1950,1,Sadek Mahmoud Younes
P02052,Said Mahmoud,said mahmud,bey,1,1950,1,Said Mahmoud
P02053,Saikali Fouad,saikali fuad,,1,1950,1,Saikali Fouad
P02054,Salama Marcel,salama marsel,,1,1950,1,Salama Marcel
P02055,Salem Albert,salem albert,,1,1950,1,Salem Albert
P02056,Salfati Cesare,salfati sesar,,2,1950,1,Salfati Cesare
P02057,Salib Hanna El Agami,salib hana agami,,1,1950,1,Salib Hanna El Agami
P02058,Salloum Armando,salum armando,,1,1950,1,Salloum Armando
P02059,Salloum Orlando,salum orlando,,1,1950,1,Salloum Orlando
P02060,Salmona Mayer,salmona maier,,1,1950,1,Salmona Mayer
P02061,Samaan EJnile Michel,saman egnil mishel,,1,1950,1,Samaan EJnile Michel
P02062,Samakiah Mohamed Kamel,samakiah moamed kamel,,1,1950,1,Samakiah Mohamed Kamel
P02063,Samakiah Mohamed Khairy,samakiah moamed khairi,,1,1950,1,Samakiah Mohamed Khairy
P02064,Samakiah,samakiah,,2,1950,1,Samakiah
P02065,Sami Fanons,sami fanons,bey,1,1950,1,Sami Fanons
P02066,Sandalian Stepan Aram,sandalian stepan aram,,1,1950,1,Sandalian Stepan Aram
P02067,Sarantides Alex. A,sarantides alex,,1,1950,1,Sarantides Alex. A
P02068,Sarris G. G,saris,,2,1950,1,Sarris G. G
P02069,Sarruf Néguib,saruf neguib,bey,1,1950,1,Sarruf Néguib
P02070,Sassoli,sasoli,,1,1950,1,Sassoli
P02071,Sasson Maurice,sason mauris,,1,1950,1,Sasson Maurice
P02072,Sayed El Lozy,saied lozi,bey,4,1950,1,Sayed El Lozy
P02073,El Sayed Mohamed Badraoui Pacha Député,saied moamed badraui pasha deput,,2,1950,1,El Sayed Mohamed Badraoui Pacha Député
P02074,Schaller Roger,shaler roger,,1,1950,1,Schaller Roger
P02075,Scharff Walter,sharf ualter,,4,1950,1,Scharff Walter
P02076,Schehada Albert,sheada albert,,1,1950,1,Schehada Albert
P02077,Schehada Fouad,sheada fuad,,2,1950,1,Schehada Fouad
P02078,Schemeil Raymond Me,shemeil raimond m,,5,1950,1,Schemeil Raymond Me
P02079,Schuller Edouard,shuler eduard,,1,1950,1,Schuller Edouard
P02080,Scovil W. G,skovil,,1,1950,1,Scovil W. G
P02081,Sebahi Abdel Hamid,sebai abdel hamid,,1,1950,1,Sebahi Abdel Hamid
P02082,Sebahi Loutfi,sebai lutfi,,1,1950,1,Sebahi Loutfi
P02083,Sebahi Moustapha,sebai mustafa,,1,1950,1,Sebahi Moustapha
P02084,Sebahi Taher,sebai taer,,1,1950,1,Sebahi Taher
P02085,Seddik Ahmed,sedik ahmed,pasha,6,1950,1,Seddik Ahmed
P02086,Sednaoui Joseph,sednaui gosef,pasha,1,1950,1,Sednaoui Joseph
P02087,Sélhq Ahmed,selhk ahmed,bey,3,1950,1,Sélhq Ahmed
P02088,Senaity Maître Adly El,senaiti maitr adli,,1,1950,1,Senaity Maître Adly El
P02089,Setton A. C,seton,,1,1950,1,Setton A. C
P02090,Servaye Léon,servai leon,,2,1950,1,Servaye Léon
P02091,Shafferman David,shaferman david,,2,1950,1,Shafferman David
P02092,Shafferman Harry,shaferman hari,,2,1950,1,Shafferman Harry
P02093,Sharples Frank,sharples frank,,1,1950,1,Sharples Frank
P02094,Sheid F,sheid,,1,1950,1,Sheid F
P02095,Sheridan André,sheridan andr,,1,1950,1,Sheridan André
P02096,Sherine Fouad,sherin fuad,pasha,1,1950,1,Sherine Fouad
P02097,Shoucair Frédéric,shukair frederik,,1,1950,1,Shoucair Frédéric
P02098,Sicouri Louis,sikuri luis,,2,1950,1,Sicouri Louis
P02099,Sicouri Sam,sikuri sam,,1,1950,1,Sicouri Sam
P02100,Simha,simha,,2,1950,1,Simha
P02101,Skakal Vlastimil,skakal vlastimil,,1,1950,1,Skakal Vlastimil
P02102,Smelhaus Zdenek,smelhaus zdenek,,1,1950,1,Smelhaus Zdenek
P02103,Smouha Wing Commander Edward R,smua uing komander eduard,,1,1950,1,Smouha Wing Commander Edward R
P02104,Smouha Ellis H. Mtre,smua elis mtr,,1,1950,1,Smouha Ellis H. Mtre
P02105,Soliman Bey Osman,soliman bei osman,,1,1950,1,Soliman Bey Osman
P02106,Souki Philip D,suki filip,,1,1950,1,Souki Philip D
P02107,Sourour Hassan Me . Député de Manchieh,surur hasan m deput manshieh,,1,1950,1,Sourour Hassan Me . Député de Manchieh
P02108,Soussa Albert,susa albert,,1,1950,1,Soussa Albert
P02109,Soussa F. G,susa,,1,1950,1,Soussa F. G
P02110,Soussi Léon,susi leon,,1,1950,1,Soussi Léon
P02111,Spathis Ulisse,spathis ulis,,4,1950,1,Spathis Ulisse
P02112,Spiridis Spiro,spiridis spiro,,1,1950,1,Spiridis Spiro
P02113,Spiteri Mario S,spiteri mario,,2,1950,1,Spiteri Mario S
P02114,Stagni Giovanni,stagni giovani,,2,1950,1,Stagni Giovanni
P02115,Strens Louis de,strens luis,,1,1950,1,Strens Louis de
P02116,Suarès Carlo,suares karlo,,1,1950,1,Suarès Carlo
P02117,Sultan Mohamed,sultan moamed,bey,1,1950,1,Sultan Mohamed
P02118,Sursock Victor,sursok viktor,bey,1,1950,1,Sursock Victor
P02119,Susu Pacha Major Général Dr. Basile J,susu pasha magor general dr basil,,1,1950,1,Susu Pacha Major Général Dr. Basile J
P02120,Syllaidis Byron D,silaidis biron,,1,1950,1,Syllaidis Byron D
P02121,Tabit Khalil,tabit khalil,bey,1,1950,1,Tabit Khalil
P02122,Tagher Homère,tagher homer,,1,1950,1,Tagher Homère
P02123,Tagher,tagher,,1,1950,1,Tagher
P02124,Taher Mahmoud Hamdi,taer mahmud hamdi,pasha,10,1950,1,Taher Mahmoud Hamdi
P02125,Tahio Ahmed Labib,taio ahmed labib,,2,1950,1,Tahio Ahmed Labib
P02126,Takla Bichara,takla bishara,,1,1950,1,Takla Bichara
P02127,Tambay Joseph,tambai gosef,,2,1950,1,Tambay Joseph
P02128,Tancred C.H. Capt,tankred kapt,,1,1950,1,Tancred C.H. Capt
P02129,Tanielian Berge,tanielian berg,,2,1950,1,Tanielian Berge
P02130,Taylor Ewart John,tailor euart gohn,,1,1950,1,Taylor Ewart John
P02131,Terni Auguste,terni august,,1,1950,1,Terni Auguste
P02132,Tewfik Amine,teufik amin,bey,1,1950,1,Tewfik Amine
P02133,Thibault Jacques,thibault gakues,,1,1950,1,Thibault Jacques
P02134,Thomoglou Nicolas,thomoglu nikolas,,1,1950,1,Thomoglou Nicolas
P02135,Topalian H. D,topalian,,4,1950,1,Topalian H. D
P02136,Topalian Nerses,topalian nerses,,2,1950,1,Topalian Nerses
P02137,Torazzi Dr. Cesare,torazi dr sesar,,1,1950,1,Torazzi Dr. Cesare
P02138,Toriel André,toriel andr,,9,1950,1,Toriel André
P02139,Toriel René,toriel ren,,1,1950,1,Toriel René
P02140,Totah Raphael,totah rafael,,2,1950,1,Totah Raphael
P02141,Toutounji Elie,tutungi eli,,1,1950,1,Toutounji Elie
P02142,Toutounji Georges,tutungi georges,,1,1950,1,Toutounji Georges
P02143,Toutounji Sami,tutungi sami,,2,1950,1,Toutounji Sami
P02144,Trachana N,trashana,,1,1950,1,Trachana N
P02145,Trembley,tremblei,,2,1950,1,Trembley
P02146,Tripos André,tripos andr,,2,1950,1,Tripos André
P02147,Vaena Isaac J,vaena isak,,1,1950,1,Vaena Isaac J
P02148,Valticos Michel Me,valtikos mishel m,,1,1950,1,Valticos Michel Me
P02149,Vaucher Georges,vausher georges,,1,1950,1,Vaucher Georges
P02150,Visvikis P,visvikis,,1,1950,1,Visvikis P
P02151,Vitale Comm. Aldo,vital kom aldo,,1,1950,1,Vitale Comm. Aldo
P02152,Vlabovitch Elie,vlabovitsh eli,,1,1950,1,Vlabovitch Elie
P02153,Vocht Félix de,vosht felix,,1,1950,1,Vocht Félix de
P02154,Vraila Demètre,vraila demetr,,1,1950,1,Vraila Demètre
P02155,Wagner,uagner,,3,1950,1,Wagner
P02156,Wakil Mtre. G,uakil mtr,,1,1950,1,Wakil Mtre. G
P02157,Wasfy Dr. Albert,uasfi dr albert,,1,1950,1,Wasfy Dr. Albert
P02158,Wilshaw Sir Edward,uilshau sir eduard,,1,1950,1,Wilshaw Sir Edward
P02159,Wissa Fahmy,uisa fahmi,bey,1,1950,1,Wissa Fahmy
P02160,Wissa Léon,uisa leon,bey,1,1950,1,Wissa Léon
P02161,Wissa Zaki,uisa zaki,bey,2,1950,1,Wissa Zaki
P02162,Woollam,uolam,,1,1950,1,Woollam
P02163,Wynne A. C,uin,,1,1950,1,Wynne A. C
P02164,Yamodis Antoine N,iamodis antoin,,1,1950,1,Yamodis Antoine N
P02165,Yansouni Jean,iansuni gean,,1,1950,1,Yansouni Jean
P02166,Yassa Louis,iasa luis,bey,1,1950,1,Yassa Louis
P02167,Yazbeck R,iazbek,,1,1950,1,Yazbeck R
P02168,Yehia el Alaily Bey Dr,ieia alaili bei dr,,3,1950,1,Yehia el Alaily Bey Dr
P02169,Yousri Soliman,iusri soliman,bey,2,1950,1,Yousri Soliman
P02170,Youssef Bahgat,iusef bahgat,bey,2,1950,1,Youssef Bahgat
P02171,Youssef El Abd,iusef abd,bey,1,1950,1,Youssef El Abd
P02172,Youssef Ahmed El Tawil,iusef ahmed tauil,,1,1950,1,Youssef Ahmed El Tawil
P02173,Zaghikian Marcel,zaghikian marsel,,1,1950,1,Zaghikian Marcel
P02174,Zaidan Emile,zaidan emil,bey,1,1950,1,Zaidan Emile
P02175,Zaidan Mohamed,zaidan moamed,,1,1950,1,Zaidan Mohamed
P02176,Me. Zananiri Fernand,m zananiri fernand,,2,1950,1,Me. Zananiri Fernand
P02177,Zananiri Georges,zananiri georges,pasha,3,1950,1,Zananiri Georges
P02178,Zarmati Victor,zarmati viktor,,1,1950,1,Zarmati Victor
P02179,Zarpanely Pierre,zarpaneli pier,,1,1950,1,Zarpanely Pierre
P02180,Zeitouni César Raphael Ezra,zeituni sesar rafael ezra,,1,1950,1,Zeitouni César Raphael Ezra
P02181,Sudan Oil Mills Ltd. Khartoum Sudan,sudan oil mils ltd khartum sudan,,1,1950,1,Sudan Oil Mills Ltd. Khartoum Sudan
P02182,Zervudachi Paul,zervudashi paul,,1,1950,1,Zervudachi Paul
P02183,Zilkha Abdulla K,zilkha abdula,,1,1950,1,Zilkha Abdulla K
P02184,Zulficar Farid,zulfikar farid,bey,1,1950,1,Zulficar Farid
P02185,Zulficar Yussouf,zulfikar iusuf,pasha,7,1950,1,Zulficar Yussouf
